date,gross_return,turnover,names_without_target,net_return_1bp,net_return_5bp,net_return_10bp,net_return_20bp,offset
2006-01-04,0.004663532047792141,0.9999999999999986,4,0.004463532047792141,0.0036635320477921424,0.0026635320477921436,0.0006635320477921466,0
2006-02-02,0.019312094460793246,1.814239228409515,4,0.018949246615111343,0.01749785523238373,0.015683616003974214,0.012055137547155186,0
2006-03-03,0.0048800770912674615,1.779740138291331,6,0.004524129063609195,0.0031003369529761307,0.0013205968146847995,-0.0022388834618978625,0
2006-03-31,0.021308872979474043,1.884411312015762,4,0.02093199071707089,0.01942446166745828,0.017540050355442517,0.013771227731410995,0
2006-05-01,0.03820541650796005,1.843483455949302,3,0.03783671981677019,0.03636193305201075,0.03451844959606144,0.030831482684162838,0
2006-05-30,0.0071153512748782025,1.8051867894221392,5,0.006754313916993775,0.005310164485456063,0.003504977696033924,-0.00010539588281035465,0
2006-06-27,0.011462017329298507,1.7621532983489707,8,0.011109586669628713,0.009699864030949535,0.007937710732600564,0.0044134041359026235,0
2006-07-26,0.002444845199914511,1.8033181467021688,1,0.002084181570574077,0.0006415270532123421,-0.0011617910934898267,-0.004768427386894165,0
2006-08-23,-0.02005171940861999,1.8797278999254028,2,-0.02042766498860507,-0.021931447308545394,-0.023811175208470797,-0.027570631008321602,0
2006-09-21,-0.005065237657014513,1.9122050430052466,1,-0.005447678665615563,-0.0069774427000197595,-0.008889647743025007,-0.0127140578290355,0
2006-10-19,-0.01161108847559689,1.894920698157662,7,-0.011990072615228423,-0.013506009173754552,-0.015400929871912215,-0.01919077126822754,0
2006-11-16,0.022424406342035193,1.8747757492741206,6,0.02204945119218037,0.020549630592761072,0.01867485484348695,0.01492530334493871,0
2006-12-15,-0.0008083691795822443,1.7856230895075906,5,-0.0011654937974837625,-0.002593992269089835,-0.004379615358597426,-0.007950861537612607,0
2007-01-18,-0.009619500489613743,1.849609357388216,7,-0.009989422361091387,-0.01146910984700196,-0.013318719204390175,-0.017017937919166608,0
2007-02-15,-0.0030676935685584085,1.9450289714275797,0,-0.0034566993628439243,-0.005012722539985988,-0.006957751511413568,-0.010847809454268727,0
2007-03-16,-0.016188344433770745,1.7729657518201363,11,-0.016542937584134772,-0.01796131018559088,-0.01973427593741102,-0.02328020744105129,0
2007-04-16,-0.0057239636940686215,1.9575063800544028,5,-0.006115464970079502,-0.007681470074123025,-0.009638976454177427,-0.013553989214286234,0
2007-05-14,0.005876384628665861,1.8201697013838953,7,0.005512350688389082,0.0040562149272819654,0.00223604522589807,-0.0014042941768697206,0
2007-06-12,0.013814187446912537,1.7850015210080865,9,0.01345718714271092,0.01202918592590445,0.010244184404896363,0.006674181362880191,0
2007-07-11,0.022828960230769895,1.825042998898309,8,0.02246395163099023,0.021003917231871585,0.019178874232973278,0.015528788235176658,0
2007-08-08,-0.012290355734559184,1.7864533500304427,5,-0.012647646404565272,-0.014076809084589626,-0.01586326243462007,-0.019436169134680954,0
2007-09-06,-0.006865090735507923,1.8468214796394327,6,-0.0072344550314358096,-0.008711912215147355,-0.010558733694786788,-0.014252376654065653,0
2007-10-04,0.022402080856795924,1.9266209999207256,6,0.022016756656811777,0.020475459856875197,0.01854883885695447,0.014695596857113021,0
2007-11-01,0.018370869558031355,1.8055709603586036,8,0.018009755365959633,0.01656529859767275,0.014759727637314148,0.01114858571659694,0
2007-11-30,-0.012608658751536864,1.7825627191189923,5,-0.012965171295360662,-0.014391221470655857,-0.01617378418977485,-0.019738909628012835,0
2007-12-31,0.011694033696481483,1.8791726491635323,5,0.011318199166648777,0.009814861047317951,0.007935688398154419,0.004177343099827354,0
2008-01-30,0.025816312525748817,1.7445310583721718,1,0.025467406314074383,0.024071781467376645,0.022327250409004473,0.01883818829226013,0
2008-02-28,0.017081390808324985,1.8324568574808562,3,0.016714899436828815,0.015248933950844128,0.013416477093363273,0.009751563378401561,0
2008-03-28,-0.003950845740487241,1.8193869812980032,4,-0.004314723136746842,-0.005770232721785244,-0.007589619703083247,-0.011228393665679254,0
2008-04-25,-0.015292271881198596,1.922910121271075,4,-0.01567685390545281,-0.017215182002469673,-0.019138092123740746,-0.022983912366282895,0
2008-05-23,0.04269668282390685,1.8520794098421474,4,0.042326266941938424,0.040844603414064706,0.03899252400422256,0.03528836518453826,0
2008-06-23,0.031066266178470317,1.8692241987437936,3,0.03069242133872156,0.029197041979726522,0.02732781778098273,0.023589369383495144,0
2008-07-22,-0.03022383109500438,1.7783306499003755,4,-0.030579497224984455,-0.03200216174490476,-0.03378049239480513,-0.037337153694605885,0
2008-08-19,0.0045366164481915995,1.9187425623131618,5,0.004152867935728968,0.002617873885878438,0.0006991313235652761,-0.0031383538010610473,0
2008-09-17,0.03555070746460282,1.7802910532048102,5,0.03519464925396186,0.03377041641139801,0.031990125358193205,0.02842954325178358,0
2008-10-15,0.013380949476436718,1.5545374702223091,4,0.013070041982392255,0.011826412006214409,0.0102718745359921,0.007162799595547481,0
2008-11-12,0.003598067598357963,1.7303788122942434,2,0.0032519918358991143,0.0018676887860637195,0.00013730997376947603,-0.003323447650819011,0
2008-12-11,-0.01646241515445349,1.8782920303934059,2,-0.01683807356053217,-0.018340707184846896,-0.0202189992152403,-0.023975583276027113,0
2009-01-12,0.03298647023418454,1.9325938631263542,3,0.032599951461559265,0.031053876371058182,0.029121282507931827,0.02525609478167912,0
2009-02-10,-0.022969594506616675,1.8093937689029822,1,-0.02333147326039727,-0.024778988275519657,-0.02658838204442264,-0.030207169582228605,0
2009-03-11,0.048777663347996464,1.753248646130205,4,0.04842701361877042,0.04702441470186626,0.045271166055736056,0.04176466876347564,0
2009-04-08,0.04882958759335565,2.009007290211578,0,0.04842778613531334,0.04682058030314407,0.044811573012932496,0.04079355843250934,0
2009-05-07,-0.015293888546751505,1.9923893281366145,0,-0.015692366412378828,-0.01728627787488812,-0.019278667203024735,-0.023263445859297963,0
2009-06-05,-0.004118839577592752,1.9422127379467773,1,-0.004507282125182107,-0.006061052315539529,-0.008003265053486306,-0.011887690529379862,0
2009-07-06,-0.04538024934565228,1.7835785738285521,2,-0.045736965060417994,-0.04716382791948084,-0.048947406493309385,-0.05251456364096649,0
2009-08-03,-0.02237489668035403,2.0066362205725325,1,-0.022776223924468535,-0.02438153290092656,-0.02638816912149909,-0.030401441562644158,0
2009-08-31,-0.041344872130623385,1.8924172306949245,3,-0.04172335557676237,-0.04323728936131831,-0.045129706592013236,-0.04891454105340308,0
2009-09-29,-0.0017282017219091806,1.9625741220402402,3,-0.002120716546317229,-0.003690775843949421,-0.005653349965989661,-0.009578498210070141,0
2009-10-27,-0.00013233963534590087,1.8352809404732437,6,-0.0004993958234405496,-0.0019676205758191448,-0.0038029015162923886,-0.007473463397238877,0
2009-11-24,0.001984181868191786,1.8795316272087534,3,0.0016082755427500354,0.00010465024098303254,-0.001774881386225721,-0.005533944640643228,0
2009-12-23,-0.0031693899981318258,1.9914158802908335,2,-0.0035676731741899927,-0.005160805878422659,-0.007152221758713493,-0.01113505351929516,0
2010-01-25,-0.008333447900767753,1.892715278734879,2,-0.008711990956514728,-0.010226163179502631,-0.01211887845823751,-0.015904309015707267,0
2010-02-23,0.010906319849303164,1.8911499874750075,4,0.010528089851808161,0.009015169861828156,0.007124019874353149,0.0033417198994031335,0
2010-03-23,-0.006542072723676777,1.9067328472203908,1,-0.006923419293120855,-0.008448805570897168,-0.010355538418117559,-0.01416900411255834,0
2010-04-21,-0.0026413628541002883,1.879068446124632,5,-0.0030171765433252146,-0.0045204313002249205,-0.006399499746349553,-0.010157636638598817,0
2010-05-19,0.012295902183465969,1.7789488724374596,2,0.011940112408978477,0.01051695331102851,0.00873800443859105,0.005180106693716131,0
2010-06-17,-0.003782656281922661,1.8009418492110973,3,-0.0041428446517648805,-0.005583598131133759,-0.007384539980344856,-0.010986423678767052,0
2010-07-16,-0.010901100185910305,1.7907057030580207,7,-0.01125924132652191,-0.012691805888968326,-0.014482511592026346,-0.018063922998142388,0
2010-08-13,0.0038732024103475243,1.8679743136358868,1,0.0034996075476203467,0.0020052280967116374,0.00013725378307575045,-0.0035986948441960234,0
2010-09-13,0.02205170563989648,1.8754057851510004,4,0.02167662448286628,0.02017629985474548,0.01830089406959448,0.014550082499292478,0
2010-10-11,0.030517380949674672,1.862943869161307,2,0.03014479217584241,0.028654437080513365,0.02679149321135206,0.023065605473029445,0
2010-11-08,-0.00016023692252246843,1.8681609515454147,7,-0.0005338691128315514,-0.002028397874067883,-0.003896558825613298,-0.007632880728704127,0
2010-12-07,-0.0007415920362899514,1.9129318362888188,2,-0.0011241784035477152,-0.0026545238725787703,-0.004567455708867589,-0.008393319381445228,0
2011-01-05,0.0072887497214408365,1.8827807608567397,3,0.006912193569269489,0.005405968960584097,0.003523188199727357,-0.00024237332198612238,0
2011-02-03,-0.0023093599730033007,1.7975366723105246,5,-0.0026688673074654057,-0.0041068966453138255,-0.00590443331762435,-0.009499506662245399,0
2011-03-04,-2.628683137068116e-05,1.9117532216331112,2,-0.00040863747569730343,-0.0019380400530037926,-0.0038497932746369037,-0.0076732997179031264,0
2011-04-01,0.008661079986808665,1.8517844910120151,5,0.008290723088606261,0.006809295495796649,0.004957511004784634,0.0012539420227606042,0
2011-05-02,0.006987802604769269,1.8694648307824582,2,0.0066139096386127775,0.005118337773986811,0.0032488729432043526,-0.0004900567183605637,0
2011-05-31,-0.008055174072153337,1.8261304175101767,7,-0.008420400155655372,-0.009881304489663513,-0.01170743490717369,-0.015359695742194044,0
2011-06-28,-0.0257251240823478,1.8637916072305274,4,-0.026097882403793907,-0.027588915689578327,-0.029452707296808857,-0.03318029051126991,0
2011-07-27,-0.021140345347319837,1.8271568948052204,2,-0.02150577672628088,-0.022967502242125057,-0.02479465913693028,-0.02844897292654072,0
2011-08-24,0.02359431630258207,1.7440923778204194,5,0.023245497827017986,0.02185022392476165,0.02010613154694123,0.016617946791300395,0
2011-09-22,0.003834740050552681,1.754356343291122,4,0.0034838687818944565,0.002080383707261559,0.0003260273639704371,-0.003182685322611807,0
2011-10-20,0.005542896866468166,1.9189010019104245,2,0.0051591166660860804,0.003623995864557741,0.0017050948626473167,-0.0021327071411735322,0
2011-11-17,-0.014737541109660324,1.891550033606732,4,-0.015115851116381671,-0.016629091143267057,-0.018520641176873787,-0.022303741244087252,0
2011-12-16,-0.008928549157708647,1.8725413588158653,1,-0.009303057429471821,-0.010801090516524513,-0.012673631875340378,-0.01641871459297211,0
2012-01-18,-0.005917472751744089,1.9486697008855058,5,-0.00630720669192119,-0.007866142452629595,-0.0098148121535151,-0.013712151555286113,0
2012-02-15,-0.007099784273557786,1.8956354531613666,6,-0.00747891136419006,-0.008995419726719153,-0.01089105517988052,-0.014682326086203252,0
2012-03-15,0.001028857384651684,1.8945230869932765,2,0.0006499527672530287,-0.0008656657023415927,-0.0027601887893348694,-0.006549234963321423,0
2012-04-13,-0.011959174789753406,1.8193250571130708,5,-0.01232303980117602,-0.013778499846866478,-0.015597824903979547,-0.01923647501820569,0
2012-05-11,0.009027541895546585,1.8938172794519137,1,0.008648778439656201,0.007133724616094671,0.005239907336642757,0.0014522727777389298,0
2012-06-11,0.01003726155648365,1.7841534225315658,2,0.009680430871977336,0.008253108133952084,0.006468954711420518,0.002900647866357386,0
2012-07-10,-0.002491943162781743,1.9032216394710664,1,-0.0028725874906759563,-0.004395164802252809,-0.006298386441723876,-0.010104829720666009,0
2012-08-07,0.02589156088553858,1.8246304527546675,3,0.025526634794987648,0.024066930432783913,0.022242299980029245,0.01859303907451991,0
2012-09-05,0.013965139645809498,1.873655330360809,0,0.013590408579737336,0.012091484315448688,0.01021782898508788,0.006470518324366261,0
2012-10-03,0.01681841391690882,1.8302317147951552,2,0.01645236757394979,0.014988182202113665,0.01315795048731851,0.0094974870577282,0
2012-11-02,0.00025696103223142705,1.7648614416194421,3,-9.601125609246138e-05,-0.0015079004093880152,-0.003272761851007457,-0.006802484734246342,0
2012-12-03,-0.013653438133710187,1.8606707325611507,8,-0.014025572280222418,-0.015514108866271338,-0.01737477959883249,-0.02109612106395479,0
2013-01-02,-0.01854899996140337,1.9612437997094418,3,-0.01894124872134526,-0.020510243761112813,-0.022471487560822255,-0.02639397516024114,0
2013-01-31,-0.005431471939324366,1.843703583360395,5,-0.005800212655996445,-0.007275175522684761,-0.009118879106045155,-0.012806286272765945,0
2013-03-01,0.01526031472167343,1.9240071295461803,2,0.014875513295764194,0.013336307592127249,0.01141230046258107,0.0075642862034887084,0
2013-04-01,-0.01039058125525002,1.8572273031391449,3,-0.01076202671587785,-0.012247808558389165,-0.01410503586152831,-0.0178194904678066,0
2013-04-29,0.005228730255647791,1.8630032336555777,0,0.004856129608916676,0.0033657270219922134,0.0015027237883366356,-0.00222328267897452,0
2013-05-28,0.002880909638320253,1.8882549863567268,4,0.0025032586410489075,0.0009926546519635263,-0.0008956003343932005,-0.0046721103071066545,0
2013-06-25,-0.004308566008675196,1.7956637268056064,6,-0.004667698754036317,-0.006104229735480802,-0.007899893462286409,-0.011491220915897622,0
2013-07-24,0.0056960359077946245,1.9054691047694046,1,0.005314942086840743,0.0037905668030252197,0.0018850976982558152,-0.001925840511282994,0
2013-08-21,-0.0315178685394218,1.8410320730135579,2,-0.03188607495402451,-0.03335890061243536,-0.035199932685448916,-0.038881996831476036,0
2013-09-19,0.0012654128237096546,1.9565116900022075,7,0.0008741104857092131,-0.0006910988662925529,-0.00264761055629476,-0.006560633936299175,0
2013-10-17,-0.0005709433091885844,1.8406643358547403,6,-0.0009390761763595325,-0.002411607645043325,-0.004252271980898065,-0.007933600652607547,0
2013-11-14,0.007384735809085076,1.8749548573219696,5,0.007009744837620682,0.005509780951763106,0.003634826094441136,-0.00011508362020280338,0
2013-12-13,-0.03401760766245576,1.8215024959208848,3,-0.03438190816163994,-0.035839110158376646,-0.03766061265429753,-0.0413036176461393,0
2014-01-14,-0.011563710821943858,1.9631779900770845,4,-0.011956346419959275,-0.013526888812020943,-0.015490066802098027,-0.019416422782252196,0
2014-02-12,0.0010860026899316066,1.8154509435024335,2,0.0007229125012311199,-0.000729448253570827,-0.0025448991970732607,-0.006175801084078128,0
2014-03-13,0.013159976366277717,1.9009032103914956,2,0.012779795724199417,0.011259073155886222,0.009358169945494725,0.005556363524711734,0
2014-04-10,0.033385787373494076,1.8335169971570926,2,0.033019083974062655,0.03155227037633698,0.02971875337917989,0.026051719384865706,0
2014-05-09,0.017030959042411045,1.8352220666864951,2,0.016663914629073746,0.01519573697572455,0.013360514909038055,0.009690070775665065,0
2014-06-09,-0.011739818255791377,1.8954937482407754,3,-0.012118917005439532,-0.013635312004032151,-0.015530805752272928,-0.01932179324875448,0
2014-07-08,-0.0032094661474312124,1.8858997212441326,2,-0.003586646091680039,-0.005095365868675345,-0.006981265589919478,-0.010753065032407742,0
2014-08-05,-0.007680325451805772,1.7751973106302827,3,-0.008035364913931827,-0.009455522762436054,-0.011230720073066337,-0.014781114694326903,0
2014-09-03,0.0038354135948555444,1.94385973631286,0,0.003446641647592972,0.0018915538585426842,-5.2305877770175875e-05,-0.003940025350395896,0
2014-10-01,-0.01029248713191089,1.7623359214033953,1,-0.01064495431619157,-0.012054823053314285,-0.013817158974717681,-0.01734183081752447,0
2014-10-29,0.011285165376553377,1.8365854341289956,5,0.010917848289727578,0.009448579942424382,0.007611994508295385,0.003938823640037395,0
2014-11-26,-0.00883852722168518,1.9680829713160137,7,-0.009232143815948382,-0.010806610193001193,-0.012774693164317206,-0.016710859106949236,0
2014-12-26,0.01333016256765572,1.9117729393224856,3,0.012947807979791224,0.011418389628333235,0.00950661668901075,0.005683070810365778,0
2015-01-27,2.194010256262194e-05,1.836282366447445,5,-0.0003453163707268671,-0.0018143422638848233,-0.0036506246303322685,-0.007323189363227158,0
2015-02-25,0.005329762015982573,1.9450251122667876,1,0.004940756993529216,0.0033847369037157855,0.0014397117914489977,-0.0024503384330845776,0
2015-03-25,-0.005532517279943484,1.8757442972492049,2,-0.005907666139393325,-0.007408261577192689,-0.009284005874441894,-0.013035494468940305,0
2015-04-23,0.011992254994161745,1.859548666649731,6,0.0116203452608318,0.010132706327512014,0.008273157660862283,0.004554060327562821,0
2015-05-21,0.003329077824416462,1.8485947292400395,3,0.002959358878568454,0.0014804830951764224,-0.0003681116340636171,-0.004065301092543696,0
2015-06-19,0.007830323795318407,1.8727050261470275,5,0.007455782790089001,0.005957618769171379,0.004084913743024351,0.0003395036907302964,0
2015-07-20,0.008467109139039137,1.8128233106504148,1,0.008104544476909054,0.006654285828388722,0.004841462517738307,0.0012158158964374775,0
2015-08-17,0.0032284950088923405,1.886199972745554,2,0.0028512550143432298,0.0013422950361467864,-0.0005439049365987677,-0.004316304882089876,0
2015-09-15,-0.006242840499374993,1.7585549198546857,4,-0.00659455148334593,-0.008001395419229678,-0.009759950339084365,-0.013277060178793737,0
2015-10-13,-0.027155695035185674,1.7997471009440316,3,-0.02751564445537448,-0.028955442136129706,-0.030755189237073738,-0.0343546834389618,0
2015-11-10,0.014179128341624696,1.9070088237762126,2,0.013797726576869455,0.012272119517848484,0.010365110694072272,0.006551093046519846,0
2015-12-09,-0.004758519143777646,1.8538806716314735,3,-0.005129295278103941,-0.00661239981540912,-0.008466280487040593,-0.012174041830303541,0
2016-01-08,-0.0034267558570646338,1.7669846564847902,2,-0.003780152788361592,-0.005193740513549424,-0.006960725170034214,-0.010494694483003796,0
2016-02-08,0.02227448380783911,1.8189026755772153,0,0.021910703272723667,0.020455581132261893,0.01863667845668468,0.014998873105530247,0
2016-03-08,-0.01036464832535951,2.004557796101753,2,-0.010765559884579862,-0.012369206121461264,-0.014373763917563016,-0.018382879509766525,0
2016-04-06,-0.01960528188559527,1.9041239186307408,4,-0.019986106669321418,-0.02150940580422601,-0.023413529722856753,-0.027221777560118232,0
2016-05-04,-0.0044298220859225,1.8058555798203808,2,-0.004790993201886576,-0.006235677665742881,-0.00804153324556326,-0.011653244405204023,0
2016-06-02,-0.00622178943612165,1.9356128352887532,3,-0.006608912003179401,-0.008157402271410404,-0.010093015106699157,-0.013964240777276662,0
2016-06-30,-0.003420948826922499,1.8609728547984177,5,-0.0037931433978821826,-0.005281921681720916,-0.0071428945365193345,-0.01086484024611617,0
2016-07-29,-0.0120942552795609,1.9478857111652488,8,-0.01248383242179395,-0.014042140990726149,-0.015990026701891397,-0.019885798124221896,0
2016-08-26,0.008653011116566101,1.926030524111842,10,0.008267805011743732,0.006726980592454259,0.004800950068342417,0.0009488890201187327,0
2016-09-26,-0.0033634364362498757,1.800566980771851,3,-0.003723549832404246,-0.0051640034170217265,-0.006964570397793577,-0.01056570435933728,0
2016-10-24,0.040154885756567525,1.8290363913084124,2,0.039789078478305845,0.03832584936525911,0.0364968129739507,0.03283874019133388,0
2016-11-21,0.020651637264722505,1.8621090677363248,6,0.02027921545117524,0.01878952819698618,0.016927419129249856,0.013203200993777205,0
2016-12-20,-0.0009046288319199597,1.8471740732769302,3,-0.0012740636465753458,-0.00275180290519689,-0.00459897697847382,-0.00829332512502768,0
2017-01-20,0.007481098260150083,1.8685285355544765,5,0.007107392553039188,0.005612569724595607,0.00374404118904113,6.9841179321768546e-06,0
2017-02-17,0.010191940751534028,1.9035759888961519,4,0.009811225553754797,0.008288364762637876,0.006384788773741724,0.0025776367959494204,0
2017-03-20,-0.01673526582654971,1.8909970402200247,5,-0.017113465234593714,-0.018626262866769733,-0.02051725990698976,-0.024299253987429808,0
2017-04-18,-0.006517986798228834,1.8672045186187518,3,-0.006891427701952584,-0.008385191316847585,-0.010252395835466338,-0.013986804872703842,0
2017-05-16,-0.011742229831166929,1.858159184660833,4,-0.012113861668099095,-0.013600389015827762,-0.015458548200488594,-0.01917486656981026,0
2017-06-14,0.0028375257005516996,1.8771467428528816,5,0.002462096351981123,0.0009603789576988178,-0.0009167677851540639,-0.004671061270859827,0
2017-07-13,0.012673972610383891,1.8696272420334241,5,0.012300047161977207,0.010804345368350468,0.008934718126317043,0.005195463642250195,0
2017-08-10,0.0016165530909818967,1.8607503989426981,1,0.001244403011193357,-0.0002441973079608014,-0.0021049477069034995,-0.005826448504788896,0
2017-09-08,0.003592877175739958,1.918004632470954,7,0.0032092762492457673,0.001674872543269004,-0.00024313208920195015,-0.004079141354143858,0
2017-10-06,0.018625385868487762,1.9331767173962808,2,0.018238750525008507,0.016692209151091483,0.0147590324336952,0.010892678998902639,0
2017-11-03,0.012639235572047108,1.7988462551928888,7,0.01227946632100853,0.010840389316854219,0.009041543061661331,0.005443850551275553,0
2017-12-04,0.0013494364061506804,1.9226423848565368,2,0.0009649079291793731,-0.0005732059787058564,-0.002495848363562393,-0.006341133133275467,0
2018-01-03,-0.017252076901466504,1.8623016850359015,2,-0.017624537238473684,-0.019114378586502404,-0.020976680271538307,-0.02470128364161011,0
2018-02-01,-0.021508157973268844,1.808539271754389,6,-0.02186986582761972,-0.02331669724502323,-0.025125236516777623,-0.028742315060286402,0
2018-03-02,-0.017105745656331394,1.9258138699554392,3,-0.017490908430322482,-0.019031559526286834,-0.020957373396242273,-0.024809001136153152,0
2018-04-02,-0.016899397596237688,1.8417960021968114,1,-0.01726775679667705,-0.0187411935984345,-0.02058298960063131,-0.024266581605024935,0
2018-04-30,0.01687561958823722,1.8496494887630108,2,0.016505689690484618,0.01502597009947421,0.013176320610711199,0.009477021633185177,0
2018-05-29,-0.0011154398352181735,1.8982753074853695,6,-0.0014950948967152474,-0.003013715142703543,-0.004911990450188913,-0.008708541065159652,0
2018-06-26,0.03389158219355069,1.8958733694813616,5,0.03351240751965442,0.03199570882406933,0.03009983545458797,0.026308088715625247,0
2018-07-25,0.016482927440762844,1.7501361564945601,1,0.01613290020946393,0.014732791284268285,0.012982655127773725,0.009482382814784604,0
2018-08-22,0.0033446534840321784,1.8776731583747734,4,0.0029691188523572236,0.001466980325657405,-0.0004106928327173684,-0.004166039149466915,0
2018-09-20,0.013742581943731532,1.85879700016727,1,0.013370822543698079,0.011883784943564263,0.010024987943396992,0.0063073939430624525,0
2018-10-18,0.041522137783737194,1.7827219390718734,4,0.04116559339592282,0.039739415844665324,0.03795669390559345,0.0343912500274497,0
2018-11-15,-0.005279048481068324,1.7933442676218185,3,-0.005637717334592687,-0.007072392748690142,-0.00886573701631196,-0.012452425551555598,0
2018-12-17,0.004826897348817736,1.8137034226712603,4,0.0044641566642834845,0.003013193926146476,0.0011994905034752156,-0.002427916341867305,0
2019-01-16,-0.0144105331981731,1.882896478720159,3,-0.014787112493917131,-0.01629342967689326,-0.018176326155613418,-0.021942119113053736,0
2019-02-14,-0.0032803774910651847,1.924655752166097,3,-0.0036653086414984042,-0.005205033243231282,-0.007129688995397379,-0.010979000499729573,0
2019-03-15,0.008982227910941594,1.8978768844275606,5,0.008602652534056081,0.007084351026514033,0.005186474142086473,0.001390720373231351,0
2019-04-12,0.014079303879265422,1.8521919079418436,0,0.013708865497677053,0.01222711197132358,0.010374920063381735,0.006670536247498048,0
2019-05-13,0.004417170956391505,1.776702302760651,0,0.0040618304958393745,0.002640468653630854,0.0008637663508702029,-0.002689638254651099,0
2019-06-11,0.0071479891915023665,1.8728454173911693,4,0.006773420108024133,0.005275143774111197,0.003402298356720028,-0.00034339247806231075,0
2019-07-10,0.0206265530074669,1.8749522513393062,5,0.02025156255719904,0.018751600756127595,0.01687664850478829,0.013126744002109676,0
2019-08-07,0.01605837666330378,1.803680645403466,0,0.015697640534223085,0.014254696017900314,0.012451015372496847,0.008843654081689915,0
2019-09-05,0.015111172333779914,1.878221975293391,4,0.014735527938721236,0.013232950358486524,0.011354728383193131,0.0075982844326063495,0
2019-10-03,0.015247311936775827,1.778433720325741,6,0.014891625192710678,0.013468878216450085,0.011690444496124344,0.008133577055472862,0
2019-10-31,-0.03167898219944832,1.8870861410182753,3,-0.032056399427651976,-0.0335660683404666,-0.03545315448148487,-0.03922732676352142,0
2019-11-29,-0.0035293281880988603,1.9742382419435658,2,-0.003924175836487574,-0.005503566430042427,-0.007477804671985992,-0.011426281155873123,0
2019-12-30,-0.013977575423357069,1.877833794254742,7,-0.014353142182208017,-0.01585540921761181,-0.017733243011866552,-0.021488910600376037,0
2020-01-29,0.024676477800929887,1.8705037368067887,2,0.024302377053568528,0.0228059740641231,0.02093547032731631,0.017194462853702734,0
2020-02-27,-0.03312424166461455,1.769523038840285,2,-0.03347814627238261,-0.03489376470345484,-0.03666328774229512,-0.04020233381997569,0
2020-03-26,-0.10296619668711791,1.6480760591255528,4,-0.10329581189894302,-0.10461427274624346,-0.10626234880536901,-0.10955850092362013,0
2020-04-24,-0.01505589220144609,2.034558240586295,0,-0.01546280384956335,-0.017090450442032386,-0.01912500868261868,-0.023194125163791268,0
2020-05-22,-0.0026012449471682357,1.983402415105518,4,-0.0029979254301893393,-0.004584647362273753,-0.0065680497773792715,-0.010534854607590308,0
2020-06-22,-0.05380625800962987,1.9515227995132474,0,-0.054196562569532515,-0.05575778080914311,-0.057709303608656365,-0.06161234920768286,0
2020-07-21,0.0074059343117539615,1.961689967828075,1,0.007013596318188347,0.005444244343925887,0.0034825543760978114,-0.0004408255595583386,0
2020-08-18,0.004031611075382037,1.8625445370282652,1,0.0036591021679763837,0.002169066538353771,0.00030652200132550616,-0.0034185670727310243,0
2020-09-16,-0.04748210617000443,1.7702231661945889,2,-0.04783615080324335,-0.04925232933619902,-0.05102255250239361,-0.054562998834782786,0
2020-10-14,-0.001409815872780003,1.9653558806732763,1,-0.0018028870489146583,-0.0033751717534532795,-0.005340527634126555,-0.009271239395473108,0
2020-11-11,-0.03867719490795387,1.8562899290232655,1,-0.03904845289375852,-0.040533484836977135,-0.0423897747660004,-0.04610235462404693,0
2020-12-10,0.009782157049758764,2.030269339106158,1,0.009376103181937533,0.007751887710652607,0.0057216183715464485,0.0016610796933341325,0
2021-01-11,-0.06937605356935901,1.8977422874254832,2,-0.06975560202684411,-0.07127379585678449,-0.07317153814420997,-0.07696702271906095,0
2021-02-09,-0.04097615583201745,2.115305184909669,1,-0.04139921686899938,-0.04309146101692712,-0.045206766201836786,-0.04943737657165612,0
2021-03-10,0.04011245674652791,1.879823668464104,1,0.039736492012835085,0.0382326330780638,0.0363528094095997,0.03259316207267149,0
2021-04-08,0.021362958190272417,1.7603807166985634,4,0.021010882046932706,0.019602577473573853,0.01784219675687529,0.014321435323478163,0
2021-05-06,-0.011151647625315363,1.8189899291974103,3,-0.011515445611154845,-0.012970637554512773,-0.014789627483710183,-0.018427607342105003,0
2021-06-04,-0.013287097151305934,1.8872427292183374,5,-0.013664545697149602,-0.015174339880524272,-0.01706158260974261,-0.020836068068179284,0
2021-07-02,0.02729696529124155,1.8852609109852816,3,0.026919913109044496,0.02541170438025627,0.023526443469270988,0.019755921647300424,0
2021-08-02,-0.004694603328721665,1.7308159330812611,1,-0.005040766515337917,-0.0064254192618029265,-0.008156235194884186,-0.01161786706104671,0
2021-08-30,0.015454520793719369,1.8623817132872675,4,0.015082044451061916,0.013592139080432102,0.011729757367144834,0.008004993940570299,0
2021-09-28,0.056422737968810296,1.8311074842219133,2,0.05605651647196591,0.054591630484588385,0.05276052300036647,0.049098308031922645,0
2021-10-26,0.0530984396296444,1.8363732965069708,6,0.05273116497034301,0.05126206633313743,0.04942569303663046,0.04575294644361652,0
2021-11-23,-0.006813893918796417,1.786876581871225,2,-0.007171269235170662,-0.008600770500667642,-0.010387647082538868,-0.013961400246281317,0
2021-12-22,0.0261081773041064,1.7885376514236921,3,0.02575046977382166,0.024319639652682707,0.022531102001259014,0.018954026698411633,0
2022-01-21,0.016043138982281914,1.6989897437300643,4,0.015703341033535902,0.014344149238551849,0.012645159494821786,0.009247180007361657,0
2022-02-18,0.006556791616319302,1.841479162159606,6,0.006188495783887381,0.004715312454159696,0.00287383329200009,-0.0008091250323191222,0
2022-03-21,-0.0017779505575585479,1.8877933229853132,2,-0.0021555092221556106,-0.003665743880543861,-0.005553537203529174,-0.0093291238494998,0
2022-04-19,-0.010780773477176861,1.8427648252549422,3,-0.01114932644222785,-0.012623538302431804,-0.014466303127686746,-0.018151832778196632,0
2022-05-17,-0.004491411901823369,1.760422222415364,2,-0.004843496346306442,-0.006251834124238733,-0.008012256346654097,-0.011533100791484827,0
2022-06-15,-0.030546033210881035,1.8302636538896822,2,-0.030912085941658972,-0.03237629686477072,-0.034206560518660396,-0.037867087826439765,0
2022-07-15,-0.021710367694126913,1.9274398738994556,2,-0.022095855668906806,-0.02363780756802637,-0.025565247441925825,-0.029420127189724737,0
2022-08-12,-0.006831894192456006,2.0584848395764896,4,-0.007243591160371304,-0.008890379032032495,-0.010948863871608986,-0.015065833550761965,0
2022-09-12,-0.011548660294374307,1.8063014050660908,4,-0.011909920575387525,-0.013354961699440398,-0.015161263104506488,-0.01877386591463867,0
2022-10-10,0.01666285494822802,1.732582133411462,3,0.01631633852154573,0.01493027281481656,0.013197690681405097,0.009732526414582172,0
2022-11-07,0.026745913531886715,1.9096696873156656,5,0.026363979594423582,0.02483624384457105,0.022926574157255384,0.019107234782624053,0
2022-12-06,0.017467229114270264,1.8484704649384374,12,0.017097535021282577,0.015618758649331826,0.01377028818439339,0.010073347254516515,0
2023-01-05,-0.020753529067259986,1.853852462923056,6,-0.021124299559844597,-0.022607381530183043,-0.024461233993106096,-0.02816893891895221,0
2023-02-03,0.0023603485686987465,1.986454383056817,7,0.001963057692087383,0.0003738941856419294,-0.0016125601974148877,-0.005585468963528522,0
2023-03-06,-0.009795826091399073,1.8536634175417577,3,-0.010166558774907424,-0.011649489508940831,-0.013503152926482588,-0.017210479761566103,0
2023-04-03,-0.0011124733650357984,1.8453721940406693,3,-0.0014815478038439321,-0.002957845559076468,-0.0048032177531171375,-0.008493962141198476,0
2023-05-02,0.0055571927068122935,1.7646829490005431,2,0.005204256117012185,0.0037925097578117503,0.002027826808811207,-0.001501539089189879,0
2023-05-31,0.018503960541310614,1.855923448375516,5,0.018132775851635512,0.016648037092935098,0.014792113644559582,0.01108026674780855,0
2023-06-29,0.015655886044561532,1.8908385842695605,3,0.01527771832770762,0.013765047460291972,0.011874208876022412,0.00809253170748329,0
2023-07-28,0.0031266650871128437,1.8464598214672525,3,0.002757373122819393,0.0012802052656455912,-0.0005662545558216612,-0.004259174198756166,0
2023-08-25,-0.003036263058909835,1.7942645676894413,3,-0.0033951159724477232,-0.004830527626599276,-0.006624792194288718,-0.0102133213296676,0
2023-09-25,-0.007036052907444292,1.8264447159114006,3,-0.007401341850626571,-0.008862497623355692,-0.010688942339267093,-0.014341831771089894,0
2023-10-23,0.0017501040855265018,1.796916852331331,5,0.0013907207150602357,-4.6812766804829294e-05,-0.0018437296191361604,-0.005437563323798822,0
2023-11-20,-0.030488131514909905,1.9264073939621462,2,-0.030873412993702335,-0.032414538908872054,-0.0343409463028342,-0.03819376109075849,0
2006-01-05,0.00995258215007759,0.9999999999999987,2,0.00975258215007759,0.008952582150077592,0.007952582150077592,0.005952582150077596,1
2006-02-03,0.003929861474460435,1.8512695870523588,6,0.0035596075570499632,0.002078591887408076,0.00022732230035571758,-0.003475216873749,1
2006-03-06,0.00033273386222501197,1.8300231257673023,7,-3.327076292844851e-05,-0.0014972892635422902,-0.0033273123893095926,-0.006987358640844197,1
2006-04-03,0.02647554558363057,1.9070479182537605,0,0.02609413599997982,0.02456849766537681,0.02266144974712305,0.018847353910615528,1
2006-05-02,0.037788628193693795,1.8209946305241678,3,0.03742442926758896,0.03596763356316963,0.03414663893264546,0.030504649671597123,1
2006-05-31,0.016765875130390188,1.7348235393737519,6,0.016418910422515438,0.015031051591016436,0.013296228051642683,0.009826580972895179,1
2006-06-28,0.0023742131608629497,1.7530152497182467,5,0.0020236101109193,0.0006211979111447029,-0.001131817338573544,-0.004637847838010038,1
2006-07-27,0.014040581404387634,1.8367283022980696,1,0.01367323574392802,0.012203853102089565,0.010367124799791495,0.006693668195195356,1
2006-08-24,-0.02945908035869494,1.89572137052632,2,-0.029838224632800205,-0.03135480172922126,-0.03325052309974758,-0.03704196584080022,1
2006-09-22,0.01605022602574125,1.9161812672720415,1,0.01566698977228684,0.01413404475846921,0.012217863491197167,0.008385500956653084,1
2006-10-20,-0.0018027545365059913,1.8683837906570324,5,-0.0021764312946373978,-0.0036711383271630237,-0.005539522117820056,-0.00927628969913412,1
2006-11-17,0.02563423561408034,1.8595643371760886,7,0.02526232274664512,0.02377467127690425,0.021915106939728164,0.018195978265375987,1
2006-12-18,0.005407747488203503,1.874853850324505,8,0.005032776718138602,0.003532893637878998,0.001658039787554493,-0.002091667913094517,1
2007-01-19,-0.01866179402541095,1.858875637902385,14,-0.01903356915299143,-0.020520669663313337,-0.02237954530121572,-0.02609729657702049,1
2007-02-16,0.010821056132666927,1.886815455524125,3,0.010443693041562101,0.008934240677142801,0.007047425221618677,0.003273794310570427,1
2007-03-19,-0.013948431896078707,1.805273653225178,4,-0.014309486626723742,-0.015753705549303883,-0.017558979202529062,-0.02116952650897942,1
2007-04-17,0.01400336353785311,1.8655267714243113,4,0.013630258183568248,0.0121378367664288,0.010272309995004489,0.006541256452155865,1
2007-05-15,-0.011261343808642094,1.8758578578608716,6,-0.011636515380214268,-0.013137201666502965,-0.015013059524363838,-0.01876477524008558,1
2007-06-13,0.015895341985647852,1.882337055783257,9,0.0155188745744912,0.014013004929864594,0.012130667874081338,0.008365993762514824,1
2007-07-12,0.018253024638609214,1.7954338479952443,8,0.017893937869010165,0.01645759079061397,0.014662156942618725,0.011071289246628237,1
2007-08-09,-0.028301588535219753,1.7681809302261189,9,-0.02865522472126498,-0.030069769465445872,-0.03183795039567199,-0.03537431225612423,1
2007-09-07,-0.010297314737636645,1.9175134163743321,4,-0.010680817420911511,-0.012214828154010976,-0.014132341570385308,-0.017967368403133975,1
2007-10-05,0.044250187144465145,1.9043036762516914,4,0.04386932640921481,0.042345883468213455,0.040441579791961765,0.03663297243945838,1
2007-11-02,0.011239264230239297,1.7552896366361481,7,0.010888206302912068,0.009483974593603148,0.007728684956967,0.004218105683694704,1
2007-12-03,-0.02077772993729818,1.7537582969225698,9,-0.021128481596682694,-0.02253148823422075,-0.024285246531143317,-0.02779276312498846,1
2008-01-02,0.010766533423400396,1.863844029620229,7,0.010393764617476351,0.008902689393780167,0.0070388453641599385,0.0033111573049194806,1
2008-01-31,0.02798792146082297,1.7850923102427245,4,0.027630902998774423,0.026202829150580243,0.02441773684033752,0.020847552219852072,1
2008-02-29,-0.001041191896135805,1.7629550297477645,3,-0.001393782902085358,-0.00280414692588357,-0.004567101955631334,-0.008093012015126863,1
2008-03-31,0.004002351581063871,1.8542477447681456,3,0.003631502032110242,0.0021481038362957255,0.0002938560915275797,-0.0034146393980087116,1
2008-04-28,-0.00944393552934297,1.88769078595122,2,-0.009821473686533213,-0.01133162631529419,-0.01321931710124541,-0.01699469867314785,1
2008-05-27,0.00902116475957073,1.8551547959426982,6,0.00865013380038219,0.007166009963628031,0.005310855167685332,0.0016005455757999365,1
2008-06-24,-0.013299831017135784,1.751776051546679,3,-0.01365018622744512,-0.015051607068682462,-0.01680338312022914,-0.0203069352233225,1
2008-07-23,0.006961850283716667,1.785563400425586,5,0.0066047376036315495,0.0051762868832910805,0.0033907234828654946,-0.0001804033179856777,1
2008-08-20,-0.02109213111182577,1.8613507396957827,5,-0.021464401259764926,-0.022953481851521552,-0.024814832591217337,-0.028537534070608904,1
2008-09-18,0.0257323427385519,1.875170060827343,4,0.02535730872638643,0.023857172677724556,0.021982002616897214,0.018231662495242527,1
2008-10-16,0.004309398565586856,1.6056711705538766,4,0.00398826433147608,0.002703727395032979,0.0010980562244791024,-0.002113286116628651,1
2008-11-13,0.004841847447595353,1.8023398244459203,3,0.004481379482706169,0.0030395076231494325,0.0012371677987035121,-0.0023675118501883287,1
2008-12-12,-0.016116387982237336,1.7979403073719495,1,-0.016475976043711725,-0.017914328289609285,-0.019712268596981233,-0.023308149211725134,1
2009-01-13,-0.02190496314792403,1.8823759375263474,3,-0.0222814383354293,-0.023787339085450377,-0.025669715022976724,-0.02943446689802942,1
2009-02-11,0.008941324622134537,1.8101579111362227,1,0.008579293039907293,0.0071311667109983145,0.005321008799862092,0.0017006929775896457,1
2009-03-12,0.021788728269376192,1.7588858279749382,3,0.021436951103781205,0.020029842441401255,0.018270956613426315,0.01475318495747644,1
2009-04-09,0.03787531050336275,1.9986917988609596,1,0.037475572143590555,0.03587661870450179,0.03387792690564083,0.02988054330791891,1
2009-05-08,-0.05402697237197107,1.9496066698457137,0,-0.05441689370594022,-0.055976579041816785,-0.0579261857116625,-0.061825399051353924,1
2009-06-08,0.005531849571419815,1.8418404701472357,1,0.005163481477390368,0.0036900091012725795,0.0018481686311253437,-0.0018355123091691279,1
2009-07-07,0.03128817171425252,1.7352512663422492,1,0.030941121460984072,0.02955292044791027,0.027817669181568024,0.024347166648883527,1
2009-08-04,0.006279956368102619,1.9945271559768576,1,0.005881050936907248,0.004285429212125762,0.002290902056148904,-0.001698152255804811,1
2009-09-01,-0.01259644115695686,1.8943813338299846,5,-0.012975317423722857,-0.014490822490786846,-0.01638520382461683,-0.020173966492276797,1
2009-09-30,0.01642294863910082,1.91075543899286,6,0.01604079755130225,0.014512193200107961,0.0126014377611151,0.008779926883129379,1
2009-10-28,-0.019766384494287352,1.8062035528154188,6,-0.020127625204850435,-0.02157258804710277,-0.02337879159991819,-0.026991198705549026,1
2009-11-25,-0.028047780441194377,1.9066148210773481,4,-0.02842910340540985,-0.029954395262271727,-0.03186101008334907,-0.03567423972550377,1
2009-12-24,-0.004298457686514807,1.9234288879900905,3,-0.004683143464112825,-0.006221886574504898,-0.008145315462494989,-0.011992173238475169,1
2010-01-26,0.0030887656618493473,1.876395278081579,4,0.0027134866062330314,0.0012123703837677684,-0.0006640248943138105,-0.004416815450476968,1
2010-02-24,0.00728567713015574,1.931249368413982,5,0.006899427256472944,0.005354427761741758,0.0034231783933277764,-0.0004393203435001875,1
2010-03-24,0.007586362992498779,1.8845929411167741,3,0.007209444404275424,0.005701770051382005,0.0038171771102652303,4.799122803168191e-05,1
2010-04-22,-0.01261278812505325,1.854601869233496,4,-0.01298370849889995,-0.014467389994286747,-0.016321991863520242,-0.020031195601987236,1
2010-05-20,0.01708727293694313,1.7628627163186559,4,0.0167347003936794,0.015324410220624475,0.01356154750430582,0.010035822071668508,1
2010-06-18,-0.015246094180583772,1.8574136547974527,3,-0.015617576911543262,-0.017103507835381223,-0.018960921490178678,-0.022675748799773583,1
2010-07-19,-0.02403091188403952,1.8109551518195475,6,-0.02439310291440343,-0.025841867035859067,-0.027652822187678616,-0.03127473249131771,1
2010-08-16,0.006331601510268435,1.8593081771818627,0,0.005959739874832063,0.004472293333086573,0.0026129851559047097,-0.0011056311984590159,1
2010-09-14,0.029323002455066253,1.8589261275661002,7,0.028951217229553034,0.027464076327500152,0.025605150199934052,0.02188729794480185,1
2010-10-12,0.013291663458050213,1.8880229805810635,2,0.012914058861934,0.011403640477469149,0.009515617496888085,0.005739571535725958,1
2010-11-09,-0.005054479567123179,1.7909831915826018,6,-0.005412676205439699,-0.006845462758705781,-0.008636445950288382,-0.012218412333453586,1
2010-12-08,-0.003705948557405204,1.894743653774563,2,-0.004084897288160117,-0.005600692211179767,-0.00749543586495433,-0.011284923172503456,1
2011-01-06,0.025192782366438397,1.810353438824225,3,0.024830711678673553,0.023382428927614173,0.02157207548878995,0.017951368611141497,1
2011-02-04,-0.0034827801968120038,1.7806757142284455,9,-0.0038389153396576926,-0.005263455911040449,-0.007044131625268894,-0.010605483053725787,1
2011-03-07,0.002266382899504145,1.9067320804033048,5,0.001885036483423484,0.0003596508191008403,-0.0015470812613024645,-0.005360545422109075,1
2011-04-04,0.003342560709494602,1.876439660333697,5,0.0029672727774278625,0.0014661210491609049,-0.0004103186111727923,-0.004163197931840187,1
2011-05-03,-0.0049565330863951184,1.8311424278161144,4,-0.0053227615719583414,-0.006787675514211233,-0.008618817942027348,-0.012281102797659576,1
2011-06-01,0.008356902759679612,1.8293785280626045,4,0.00799102705406709,0.0065275242316170075,0.004698145703554403,0.001039388647429194,1
2011-06-29,0.005016172627542111,1.9023407640991277,2,0.004635704474722286,0.003113831863442984,0.001211491099343856,-0.0025931904288543995,1
2011-07-28,-0.0143887683068711,1.8504433345959064,2,-0.01475885697379028,-0.016239211641467004,-0.01808965497606291,-0.021790541645254725,1
2011-08-25,0.0014932409180929479,1.7257747739971105,4,0.0011480859632935258,-0.0002325338559041627,-0.0019583086299012733,-0.005409858177895494,1
2011-09-23,0.03851386342566014,1.8372260430903298,1,0.03814641821704207,0.036676637382569814,0.03483941133947948,0.031164959253298822,1
2011-10-21,-0.022439626546319792,1.8353701024468612,1,-0.022806700566809165,-0.02427499664876665,-0.026110366751213514,-0.029781106956107237,1
2011-11-18,-0.02118919471296081,1.890242502201563,2,-0.021567243213401123,-0.023079437215162372,-0.024969679717363937,-0.02875016472176706,1
2011-12-19,-0.028974103865222044,1.893262920247924,2,-0.029352756449271628,-0.030867366785469967,-0.03276062970571789,-0.03654715554621374,1
2012-01-19,-0.011489571733691107,2.0608643037293586,4,-0.011901744594436978,-0.013550436037420465,-0.015611300341149823,-0.01973302894860854,1
2012-02-16,0.009908287705642144,1.959857333107187,4,0.009516316239020706,0.007948430372534957,0.00598857303942777,0.0020688583732133958,1
2012-03-16,-0.006355545835890904,1.8817680752343187,3,-0.0067318994509377676,-0.008237313911125223,-0.010119081986359541,-0.01388261813682818,1
2012-04-16,0.015672814067831862,1.770248959938657,3,0.01531876427584413,0.013902565107893205,0.012132316147954549,0.008591818228077234,1
2012-05-14,0.014063510537443922,1.7053044005680733,1,0.013722449657330308,0.01235820613687585,0.010652901736307775,0.0072422929351716285,1
2012-06-12,0.00690955206521887,1.7576717880993036,6,0.006558017707599009,0.005151880277119566,0.0033942084890202623,-0.00012113508717834492,1
2012-07-11,0.03375622554107986,1.9103279022077029,1,0.03337415996063832,0.03184589763887216,0.029935569736664457,0.026114913932249052,1
2012-08-08,0.015769248976988,1.8484708919224504,1,0.01539955479860351,0.01392077808506555,0.0120723071931431,0.008375365409298199,1
2012-09-06,0.006061358401627383,1.9130763005907687,2,0.005678743141509229,0.004148282101036614,0.002235205800445845,-0.0015909468007356924,1
2012-10-04,-0.005008885729458508,1.8534414207568788,2,-0.005379574013609884,-0.006862327150215387,-0.008715768570972265,-0.012422651412486024,1
2012-11-05,-0.00905532039982787,1.89559230459461,3,-0.009434438860746793,-0.01095091270442248,-0.01284650500901709,-0.01663768961820631,1
2012-12-04,0.0038435952442706146,1.8384494418702684,7,0.003475905355896561,0.002005145802400346,0.0001666963605300776,-0.0035102025232104594,1
2013-01-03,-0.01544976640925033,1.934789133340826,5,-0.015836724235918496,-0.017384555542591155,-0.019319344675931983,-0.023188922942613634,1
2013-02-01,-0.018231250447741612,1.8915874938547252,3,-0.018609567946512556,-0.020122837941596337,-0.02201442543545106,-0.025797600423160514,1
2013-03-04,0.004491114546795389,1.8947921559146768,0,0.004112156115612454,0.0025963223908807126,0.0007015302349660359,-0.0030880540768633176,1
2013-04-02,-0.025862041334723265,1.8371017444426325,2,-0.02622946168361179,-0.0276991430791659,-0.029536244823608532,-0.0332104483124938,1
2013-04-30,0.0025638171202702017,1.8736897717024639,0,0.002189079165929709,0.0006901273485677378,-0.001183562423134726,-0.004930941966539653,1
2013-05-29,-0.006650249060230182,1.8400450775879196,5,-0.007018258075747766,-0.008490294137818101,-0.010330339215406022,-0.014010429370581862,1
2013-06-26,-0.011124336510704845,1.815176200317573,4,-0.01148737175076836,-0.012939512711022418,-0.014754688911339991,-0.018385041311975138,1
2013-07-25,0.011553961376148824,1.9245347449353616,3,0.011169054427161752,0.009629426631213462,0.0077048918862781006,0.0038558223964073775,1
2013-08-22,-0.012949624674604976,1.8318484571478602,2,-0.013315994366034548,-0.014781473131752836,-0.016613321588900696,-0.020277018503196416,1
2013-09-20,0.013735455194726829,1.9152377802518346,9,0.013352407638676463,0.011820217414474993,0.00990497963422316,0.00607450407371949,1
2013-10-18,0.019208207285404944,1.8237339000175836,5,0.01884346050540143,0.017384473385387362,0.015560739485369776,0.01191327168533461,1
2013-11-15,-0.007110437099560805,1.824825102211325,2,-0.00747540212000307,-0.00893526220177213,-0.010760087303983455,-0.014409737508406104,1
2013-12-16,-0.007943722700823521,1.8838582364221057,3,-0.008320494348107943,-0.009827580937245627,-0.011711439173667734,-0.015479155646511944,1
2014-01-15,0.003855078353680333,1.9008955866517596,4,0.003474899236349981,0.001954182767028573,5.32871803768137e-05,-0.0037485039929267055,1
2014-02-13,-0.0046782149050996575,1.8469197584466093,3,-0.0050475988567889795,-0.006525134663546267,-0.008372054421992877,-0.012065893938886095,1
2014-03-14,0.0016807043608026949,1.8804519681371497,2,0.0013046139671752648,-0.00019974760733445476,-0.0020801995754716044,-0.005841103511745904,1
2014-04-11,-0.0011896131904307035,1.8257814428812793,3,-0.0015547694790069594,-0.003015394633311983,-0.004841176076193262,-0.00849273896195582,1
2014-05-12,-0.005910380037773446,1.8061979158067014,2,-0.006271619620934786,-0.007716577953580147,-0.009522775869386848,-0.013135171701000252,1
2014-06-10,-0.005013347445505943,1.878571913535986,4,-0.005389061828213141,-0.00689191935904193,-0.008770491272577915,-0.012527635099649888,1
2014-07-09,0.021012678832717114,1.8640028762745704,3,0.0206398782574622,0.019148675956442544,0.017284673080167973,0.013556667327618833,1
2014-08-06,-0.020351603692533558,1.7644883573712782,0,-0.020704501364007814,-0.022116092049904834,-0.023880580407276114,-0.02740955712201867,1
2014-09-04,-0.002384424524821608,1.969041420551798,2,-0.0027782328089319677,-0.004353465945373406,-0.006322507365925205,-0.0102605902070288,1
2014-10-02,-0.010576298289312813,1.8338306252282655,1,-0.010943064414358467,-0.012410128914541078,-0.014243959539769344,-0.017911620790225874,1
2014-10-30,0.014235583547665739,1.8590701732554409,2,0.013863769513014651,0.012376513374410298,0.010517443201154856,0.006799302854643975,1
2014-11-28,-0.022799130459895244,1.8648412002588226,5,-0.02317209869994701,-0.024663971660154067,-0.02652881286041289,-0.030258495260930534,1
2014-12-29,0.01907023616789744,1.8898507545124679,3,0.018692266016994946,0.01718038541338497,0.015290534658872503,0.011510833149847568,1
2015-01-28,-0.005025157628057643,1.8322465902836382,7,-0.005391606946114371,-0.006857404218341281,-0.008689650808624919,-0.012354143989192195,1
2015-02-26,-0.0017622275611550624,1.9594260266155183,2,-0.0021541127664781662,-0.0037216535877705806,-0.005681079614386099,-0.009599931667617134,1
2015-03-26,4.82615246716902e-05,1.867898504997611,1,-0.000325318176327832,-0.0018196369803259208,-0.003687535485323532,-0.007423332495318753,1
2015-04-24,0.008895072087538267,1.9004767404494032,7,0.008514976739448387,0.006994595347088864,0.005094118606639461,0.0012931651257406538,1
2015-05-22,-0.008356721985247468,1.8346448249592138,2,-0.00872365095023931,-0.010191366810206682,-0.012026011635165895,-0.015695301285084323,1
2015-06-22,-0.002445047190880256,1.9039849719219044,5,-0.002825844185264637,-0.004349032162802161,-0.006253017134724065,-0.010060987078567873,1
2015-07-21,0.0019148489453441242,1.8449531701934496,5,0.0015458583113054343,6.989577515067449e-05,-0.0017750573950427752,-0.005464963735429674,1
2015-08-18,-0.01285226465332906,1.8819836338683165,0,-0.013228661380102723,-0.014734248287197375,-0.01661623192106569,-0.020380199188802326,1
2015-09-16,0.033581013684009814,1.8422887936859338,3,0.03321255592527263,0.03173872489032388,0.029896436096637946,0.02621185850926608,1
2015-10-14,-0.030474398714217855,1.7854043953028698,3,-0.03083147959327843,-0.03225980310952072,-0.034045207504823594,-0.037616016295429336,1
2015-11-11,-0.0004506260850638395,1.8867550114757734,4,-0.0008279770873589942,-0.002337381096539613,-0.004224136108015386,-0.007997646130966932,1
2015-12-10,-0.005984172371965943,1.8389168636767736,3,-0.006351955744701297,-0.007823089235642715,-0.009662006099319491,-0.013339839826673038,1
2016-01-11,0.023009450811657565,1.7307238190091405,2,0.022663306047855738,0.021278726992648423,0.019548003173639285,0.016086555535621,1
2016-02-09,0.021753261952087023,1.7404838943687515,1,0.021405165173213274,0.020012778057718273,0.01827229416334952,0.014791326374612017,1
2016-03-09,-0.017316630010356004,2.0357804859812334,4,-0.01772378610755225,-0.019352410496337236,-0.02138819098231847,-0.025459751954280938,1
2016-04-07,-0.03193929998571406,1.9021598656359868,6,-0.03231973195884126,-0.03384145985135005,-0.03574361971698604,-0.03954793944825801,1
2016-05-05,0.01372042913005795,1.9104437275435708,1,0.013338340384549235,0.011809985402514378,0.009899541674970808,0.006078654219883666,1
2016-06-03,-0.006077716196375714,1.8862226417351335,2,-0.00645496072472274,-0.007963938838110848,-0.009850161479845982,-0.01362260676331625,1
2016-07-01,-0.023153838323538102,1.8839247397091219,4,-0.023530623271479926,-0.025037763063247225,-0.026921687802956347,-0.030689537282374592,1
2016-08-01,-0.030987831686663785,1.9025928185860121,5,-0.03136835025038099,-0.032890424505249795,-0.03479301732383581,-0.038598202961007834,1
2016-08-29,-0.010311360953953987,1.9641572053457574,8,-0.010704192395023139,-0.012275518159299744,-0.014239675364645502,-0.01816798977533702,1
2016-09-27,0.004884057012026641,1.8352979588154266,3,0.004516997420263556,0.003048759053211214,0.0012134610943957875,-0.0024571348232350658,1
2016-10-25,0.032381364747137674,1.8310594884898208,4,0.03201515284943971,0.030550305258647853,0.028719245770158032,0.02505712679317839,1
2016-11-22,-0.0039062028040352447,1.8727790082043843,8,-0.004280758605676121,-0.005778981812239629,-0.007651760820444014,-0.011397318836852782,1
2016-12-21,-0.0012273789982897808,1.8450680578587535,1,-0.0015963926098615316,-0.0030724470561485345,-0.004917515114007288,-0.008607651229724794,1
2017-01-23,-0.006916639865755543,1.8418013864940268,2,-0.0072850001430543486,-0.00875844125224957,-0.010600242638743597,-0.01428384541173165,1
2017-02-21,0.014804119149332738,1.8821687823350512,2,0.014427685392865729,0.012921950366997687,0.011039781584662636,0.007275444019992533,1
2017-03-21,-0.011428201532038933,1.795505457948335,4,-0.0117873026236286,-0.013223706989987268,-0.015019212447935602,-0.018610223363832272,1
2017-04-19,0.02985135480812659,1.836840664046121,5,0.029483986675317365,0.02801451414408047,0.026177673480034348,0.022503992151942105,1
2017-05-17,-0.006129504446006247,1.784499387219049,4,-0.006486404323450056,-0.007914003833225295,-0.009698503220444344,-0.013267501994882443,1
2017-06-15,0.02343943167978163,1.9235466852247816,4,0.023054722342736676,0.02151588499455685,0.019592338309332068,0.015745244938882505,1
2017-07-14,-0.00335022332340978,1.8346079864207294,5,-0.003717144920693926,-0.005184831309830509,-0.007019439296251239,-0.010688655269092698,1
2017-08-11,0.00989548835351688,1.8127006895957178,0,0.009532948215597737,0.008082787663921162,0.006270086974325444,0.002644685595134008,1
2017-09-11,0.004367949620651741,1.8909489532434045,5,0.00398975983000306,0.002477000667408337,0.0005860517141649322,-0.0031958461923218768,1
2017-10-09,-0.010734261598877037,1.896157870697858,4,-0.011113493173016608,-0.012630419469574895,-0.014526577340272753,-0.018318893081668466,1
2017-11-06,-0.013272383388945415,1.849642447124247,4,-0.013642311878370264,-0.015122025836069662,-0.016971668283193908,-0.020670953177442403,1
2017-12-05,-0.00019150973500560583,1.9245358839491802,4,-0.0005764169117954418,-0.002116045618954786,-0.004040581502903966,-0.007889653270802327,1
2018-01-04,-0.001561018615076962,1.8395357708827962,2,-0.0019289257692535213,-0.003400554385959758,-0.005240090156842554,-0.008919161698608147,1
2018-02-02,-0.017508813436380263,1.815306216939781,4,-0.01787187467976822,-0.019324119653320045,-0.021139425870259826,-0.02477003830413939,1
2018-03-05,0.010848230870028543,1.9371798860111094,4,0.01046079489282632,0.008911050984017434,0.006973871098006324,0.0030995113259841053,1
2018-04-03,-0.007942472666855582,1.8698598811254796,3,-0.008316444643080678,-0.009812332547981062,-0.011682192429106541,-0.0154219121913575,1
2018-05-01,-0.012777402074928447,1.852721790147414,5,-0.01314794643295793,-0.014630123865075862,-0.016482845655223274,-0.020188289235518103,1
2018-05-30,0.01002852334217847,1.9518621920784647,4,0.009638150903762778,0.008076661150100006,0.006124798958021541,0.002221074573864612,1
2018-06-27,0.0001931044454692886,1.8052642988351042,5,-0.00016794841429773225,-0.0016121598533658157,-0.00341742415220092,-0.007027952749871128,1
2018-07-26,-0.010264218134964422,1.815590871312152,2,-0.010627336309226852,-0.012079809006276573,-0.013895399877588727,-0.01752658162021303,1
2018-08-23,0.006054287773494011,1.9289696379519519,2,0.005668493845903621,0.0041253181355420596,0.0021963484975901074,-0.0016615907783137963,1
2018-09-21,-0.0014497326776719923,1.8953670407344925,5,-0.0018288060858188907,-0.003345099718406485,-0.0052404667591409776,-0.009031200840609963,1
2018-10-19,0.03671440652572901,1.7378623192450646,3,0.036366834061879995,0.03497654420648394,0.03323868188723888,0.02976295724874875,1
2018-11-16,0.008977661774295832,1.8314837691830987,6,0.008611365020459212,0.007146178005112733,0.005314694235929634,0.0016517266975634368,1
2018-12-18,0.004017203440151066,1.7521036924022397,5,0.0036667827016706183,0.0022650997477488264,0.0005129960553465866,-0.002991211329457893,1
2019-01-17,0.009248428224594596,1.9301040824476827,7,0.00886240740810506,0.007318324142146913,0.005388220059699231,0.0015280118948038648,1
2019-02-15,-0.005750712762903648,1.9241519092146269,4,-0.0061355431447465735,-0.007674864672118275,-0.009599016581332902,-0.013447320399762156,1
2019-03-18,0.004210256089547801,1.903491496665241,3,0.003829557790214753,0.00230676459288256,0.00040327309621731927,-0.003403709897113163,1
2019-04-15,-0.02347953613369841,1.9087836739602289,1,-0.023861292868490456,-0.025388319807658637,-0.027297103481618866,-0.031114670829539323,1
2019-05-14,-0.01177803495779519,1.8356551460714656,2,-0.012145165987009484,-0.013613690103866656,-0.015449345249938122,-0.019120655542081054,1
2019-06-12,4.9677514027477625e-05,1.8445554065544179,2,-0.00031923356728340594,-0.0017948778925269402,-0.003639433299081358,-0.007328544112190194,1
2019-07-11,-0.019787299797351162,1.879526798633685,4,-0.0201632051570779,-0.02166682659598485,-0.02354635339461853,-0.027305406991885904,1
2019-08-08,0.015642725326416,1.8509621974099737,1,0.015272532886934007,0.013791763129006028,0.011940800931596053,0.008238876536776105,1
2019-09-06,-0.002749393412885424,1.8626628892465102,6,-0.003121925990734726,-0.004612056302131934,-0.006474719191378445,-0.010200044969871466,1
2019-10-04,-0.00760208433767865,1.8514095493524105,3,-0.007972366247549132,-0.00945349388703106,-0.01130490343638347,-0.015007722535088293,1
2019-11-01,-0.027473765913755974,1.8671374596735528,2,-0.027847193405690685,-0.02934090337342953,-0.03120804083310308,-0.03494231575245019,1
2019-12-02,-0.0016180654544398695,1.9300002430425212,6,-0.002004065503048374,-0.003548065697482391,-0.005478065940524912,-0.009338066426609955,1
2019-12-31,0.008458579112707183,1.831664110831147,5,0.008092246290540953,0.0066269150018760355,0.004795250891044888,0.0011319226693825941,1
2020-01-30,0.010444537209972656,1.8344275755403585,2,0.010077651694864584,0.008610109634432298,0.006775682058891939,0.003106826907811222,1
2020-02-28,-0.023107695251561634,1.78867643760182,0,-0.023465430539081997,-0.024896371689163452,-0.026685048126765275,-0.030262401001968912,1
2020-03-27,-0.06412163552049631,1.6101428782698626,3,-0.06444366409615028,-0.06573177839876618,-0.06734192127703603,-0.07056220703357576,1
2020-04-27,-0.0038687565300305217,2.038105823036909,1,-0.004276377694637903,-0.005906862353067431,-0.00794496817610434,-0.012021179822178159,1
2020-05-26,0.0018063405293924557,1.9504724051147162,1,0.0014162460483695123,-0.00014413187572226058,-0.002094604280836977,-0.005995549091066409,1
2020-06-23,0.021314200629165482,1.8962480013019813,2,0.020934951028905087,0.0194179526278635,0.01752170462656152,0.013729208623957555,1
2020-07-22,0.029643679524319573,1.8534632581807797,3,0.029272986872683416,0.027790216266138795,0.025936753007958013,0.022229826491596452,1
2020-08-19,0.04294625087055625,1.8606416357652176,2,0.04257412254340321,0.041085609234791036,0.039224967599025815,0.03550368432749538,1
2020-09-17,-0.012614767180754327,1.7985702914712558,4,-0.012974481239048579,-0.014413337472225583,-0.01621190776369684,-0.019809048346639352,1
2020-10-15,0.005170519334385966,1.946182343414597,1,0.004781282865703047,0.0032243369909713687,0.0012781546475567718,-0.0026142100392724226,1
2020-11-12,0.0007466975273366628,1.8650306599804118,2,0.00037369139534058037,-0.001118333132643749,-0.002983363792624161,-0.006713425112584985,1
2020-12-11,-0.04395259050832615,1.9907135566165493,2,-0.04435073321964946,-0.0459433040649427,-0.04793401762155925,-0.05191544473479235,1
2021-01-12,-0.04729838203828901,2.039866755384666,2,-0.04770635538936594,-0.04933824879367368,-0.05137811554905834,-0.055457849059827674,1
2021-02-10,-0.020895898431461928,2.0502844236821893,2,-0.021305955316198368,-0.022946182855144118,-0.024996467278826307,-0.029097036126190686,1
2021-03-11,0.03653840867344579,1.8979050702143085,2,0.036158827659402926,0.034640503603231475,0.03274259853301717,0.028946788392588553,1
2021-04-09,0.004463132492303207,1.7595161277336775,2,0.004111229266756471,0.002703616364569529,0.0009441002368358515,-0.0025749320186315037,1
2021-05-07,0.021514039712911475,1.8465089531368144,4,0.021144737922284114,0.019667530759774662,0.017821021806637846,0.014128003900364217,1
2021-06-07,-0.012647734070492602,1.8672281994785453,5,-0.013021179710388311,-0.014514962269971147,-0.016382190469449692,-0.020116646868406782,1
2021-07-06,0.019928111189353264,1.8612250110467516,5,0.019555866187143913,0.018066886178306513,0.01620566116725976,0.012483211145166258,1
2021-08-03,-0.033746538537057384,1.7781350096552762,2,-0.03410216553898844,-0.03552467354671266,-0.03730280855636794,-0.04085907857567849,1
2021-08-31,-0.005788883118498811,1.883093945199739,2,-0.006165501907538759,-0.007671977063698551,-0.00955507100889829,-0.013321258899297767,1
2021-09-29,0.025029526422116064,1.840087848661033,3,0.024661508852383857,0.02318943857345503,0.021349350724794,0.01766917502747193,1
2021-10-27,0.04246822951942747,1.8151603002533319,5,0.042105197459376804,0.04065306921917414,0.038837908918920805,0.03520758831841414,1
2021-11-24,0.004340506137700456,1.8033772785737736,4,0.003979830681985702,0.0025371288591266826,0.0007337515805529086,-0.002873002976594639,1
2021-12-23,0.006713746567339068,1.8225853478307674,1,0.0063492294977729145,0.0048911612195083,0.0030685758716775327,-0.0005765948239840023,1
2022-01-24,0.03470240479990602,1.709760131247127,4,0.0343604527736566,0.032992644668658894,0.03128288453741177,0.027863364274917514,1
2022-02-22,-0.021383693461928657,1.8041261387557446,5,-0.021744518689679807,-0.023187819600684403,-0.024991945739440146,-0.028600198016951635,1
2022-03-22,0.017213206366407746,2.0032238059659746,2,0.016812561605214552,0.015209982560441771,0.013206758754475797,0.009200311142543847,1
2022-04-20,0.008602459555515887,1.8363775768947717,2,0.008235184040136932,0.006766081978621115,0.004929704401726343,0.0012569492479367998,1
2022-05-18,0.00510294597189485,1.7443779399125843,3,0.004754070383912333,0.003358568031982266,0.001614190092069682,-0.0018745657877554866,1
2022-06-16,0.0027613898848549666,1.8186704301939276,2,0.002397655798816181,0.0009427194546610389,-0.0008759509755328888,-0.004513291835920744,1
2022-07-18,-0.007608923167896717,1.9468415420497884,5,-0.007998291476306674,-0.009555764709946506,-0.011502606251996294,-0.01539628933609587,1
2022-08-15,0.0011750968983427054,2.0568332224424197,3,0.0007637302538542214,-0.0008817363240997142,-0.002938569546542134,-0.007052235991426973,1
2022-09-13,0.024852620485823602,1.796358023947225,2,0.024493348881034157,0.02305626246187638,0.02125990443792915,0.017667188390034703,1
2022-10-11,0.012894619978484881,1.7655506097975244,2,0.012541509856525376,0.011129069368687357,0.009363518758889832,0.005832417539294784,1
2022-11-08,0.014224960857690054,1.8632014286517824,6,0.013852320571959698,0.012361759429038272,0.01049855800038649,0.006772155143082925,1
2022-12-07,0.0256135110363992,1.8841712310934147,5,0.025236676790180518,0.023729339805305786,0.021845168574212374,0.018076826112025542,1
2023-01-06,0.011289566918225155,1.8360070020531198,6,0.01092236551781453,0.009453559916172034,0.007617552914118916,0.003945538910012676,1
2023-02-06,-7.336950839560014e-06,1.9511064413772357,5,-0.00039755823911500715,-0.0019584433922167957,-0.0039095498335940315,-0.007811762716348503,1
2023-03-07,-0.02778741529350181,1.7950987771902767,4,-0.028146435048939863,-0.029582514070692085,-0.03137761284788236,-0.03496781040226292,1
2023-04-04,0.011176182132810932,1.8644819250495057,4,0.01080328574780103,0.009311700207761427,0.00744721828271192,0.003718254432612909,1
2023-05-03,-0.0007891307296186887,1.8132682416454853,4,-0.0011517843779477858,-0.002602398971264174,-0.004415667212909659,-0.00804220369620063,1
2023-06-01,0.00041102631219770393,1.8600973173354598,4,3.9006848730611954e-05,-0.0014490710051377558,-0.0033091683224732156,-0.007029362957144136,1
2023-06-30,0.03263072793404878,1.932632585430695,1,0.032244201416962645,0.030698095348618087,0.02876546276318739,0.024900197592326,1
2023-07-31,0.0065660874413767546,1.8623001936821593,3,0.006193627402640322,0.004703787247694595,0.0028414870540124358,-0.000883113333351883,1
2023-08-28,0.006904493380837846,1.7804721713932814,5,0.00654839894655919,0.005124021209444564,0.003343549038051283,-0.00021739530473527998,1
2023-09-26,-0.010881322530146065,1.7483787010446667,3,-0.011230998270354998,-0.012629701231190732,-0.014378079932235398,-0.017874837334324732,1
2023-10-24,0.024350771005491798,1.8109450173619115,7,0.023988582002019417,0.022539825988129886,0.020728880970767975,0.01710699093604415,1
2023-11-21,-0.017818186804303464,1.863537779186338,1,-0.018190894360140732,-0.019681724583489803,-0.02154526236267614,-0.025272337921048816,1
2006-01-06,0.003422335132863554,0.9999999999999982,2,0.003222335132863554,0.0024223351328635555,0.0014223351328635572,-0.0005776648671364393,2
2006-02-06,-0.003449292631232672,1.8653075504483334,5,-0.003822354141322339,-0.005314600181681005,-0.007179907732129339,-0.010910522833026006,2
2006-03-07,0.002964399374222805,1.7988648604213129,5,0.0026046264021385426,0.0011655345138014922,-0.0006333303466198206,-0.004231060067462446,2
2006-04-04,0.018255838936876077,1.9140678823537618,3,0.017873025360405324,0.016341771054522315,0.014427703172168554,0.01059956740746103,2
2006-05-03,0.03249527137707798,1.8223322786130123,4,0.03213080492135538,0.03067293909846497,0.028850606819851955,0.02520594226262593,2
2006-06-01,0.013591273094509191,1.7464154652351176,4,0.013241990001462168,0.011844857629274074,0.010098442164038955,0.006605611233568721,2
2006-06-29,0.021743477710992932,1.7677784433244337,9,0.021389922022328044,0.019975699267668498,0.018207920824344064,0.014672363937695197,2
2006-07-28,0.014363195474217307,1.812877683991865,1,0.014000619937418933,0.012550317790225442,0.010737440106233577,0.007111684738249847,2
2006-08-25,-0.001705564522437387,1.876597964203296,3,-0.0020808841152780465,-0.0035821624866406833,-0.005458760450843979,-0.00921195637925057,2
2006-09-25,0.013594981135266505,1.89387795751081,1,0.013216205543764343,0.011701103177755695,0.009807225220244886,0.0060194693052232654,2
2006-10-23,-0.0005247550270331774,1.884279630178537,4,-0.0009016109530688848,-0.0024090346572117143,-0.004293314287390252,-0.008061873547747326,2
2006-11-20,0.02147865849940508,1.866893145692066,6,0.02110527987026667,0.019611765353713013,0.01774487220802095,0.014011085916636816,2
2006-12-19,-0.0020799623925819577,1.8544079039742045,8,-0.0024508439733767987,-0.003934370296556162,-0.005788778200530366,-0.009497594008478775,2
2007-01-22,-0.019932429006449506,1.8243232744566986,14,-0.020297293661340844,-0.021756752280906205,-0.0235810755553629,-0.0272297221042763,2
2007-02-20,-0.0018029546792416398,1.9081314088958035,2,-0.0021845809610208005,-0.0037110860881374432,-0.005619217497033247,-0.009435480314824853,2
2007-03-20,0.00995591509611707,1.8095032804969469,4,0.00959401444001768,0.008146411815620123,0.006336908535123176,0.0027179019741292824,2
2007-04-18,0.01129795763500877,1.8409680447578465,3,0.010929764026057201,0.009456989590250924,0.0076160215454930775,0.003934085455977385,2
2007-05-16,0.003578427819101389,1.902171901987553,6,0.0031979934387038784,0.001676255917113836,-0.000225915984873717,-0.004030259788848823,2
2007-06-14,0.003530848985892507,1.8571053132886328,5,0.0031594279232347805,0.0016737436726038742,-0.00018336164068475866,-0.0038975722672620243,2
2007-07-13,-0.009554248949373158,1.8382514946562654,6,-0.009921899248304411,-0.011392500444029422,-0.013230751938685689,-0.01690725492799822,2
2007-08-10,-0.01852292582080527,1.816881518072392,4,-0.01888630212441975,-0.020339807338877663,-0.022156688856950053,-0.02579045189309484,2
2007-09-10,-0.012978674651200674,1.8765379143706828,6,-0.01335398223407481,-0.014855212565571357,-0.01673175047994204,-0.020484826308683406,2
2007-10-08,0.006622514560637626,1.8857613736768946,7,0.006245362285902247,0.004736753186960731,0.0028509918132838367,-0.0009205309340699526,2
2007-11-05,0.01810531354820726,1.8019499808653898,5,0.01774492355203418,0.01630336356734187,0.01450141358647648,0.010897513624745699,2
2007-12-04,0.016541077665413854,1.785435311449599,6,0.016183990603123935,0.014755642353964255,0.012970207042514656,0.009399336419615458,2
2008-01-03,0.0023328414510262957,1.823877556861713,5,0.0019680659396539534,0.0005089638941645827,-0.0013149136626971303,-0.004962668776420556,2
2008-02-01,0.042449746205241744,1.8366435123932208,2,0.0420824175027631,0.04061310269284852,0.0387764591804553,0.03510317215566886,2
2008-03-03,0.018058879093035437,1.7691622669444063,4,0.017705046639646557,0.01628971682609103,0.014520554559146625,0.010982230025257812,2
2008-04-01,0.012272875572804907,1.8450435241671368,3,0.011903866867971478,0.01042783204863777,0.008582788524470633,0.00489270147613636,2
2008-04-29,0.007133260918165696,1.839187895357273,5,0.006765423339094242,0.005294073022808423,0.0034548851274511503,-0.0002234906632633954,2
2008-05-28,-0.030232615918374162,1.8398582367568068,2,-0.030600587565725524,-0.03207247415513097,-0.033912332391887776,-0.03759204886540139,2
2008-06-25,-0.037689177231856864,1.8529148161306943,3,-0.038059760195083,-0.03954209204798756,-0.041395006864118254,-0.045100836496379644,2
2008-07-24,0.019159064162229938,1.8554814211009774,9,0.018787967878009744,0.01730358274112896,0.015448101320027982,0.011737138477826028,2
2008-08-21,0.0075710065105963585,1.8910214851133096,4,0.007192802213573697,0.005679985025483049,0.003788963540369739,6.920570143119885e-06,2
2008-09-19,0.060793606813495514,1.9213784265279665,5,0.06040933112818992,0.05887222838696755,0.05695084996043958,0.053108093107383646,2
2008-10-17,0.004188796888291016,1.5585478515588858,4,0.003877087317979239,0.0026302490367321302,0.0010717011851732444,-0.0020453945179445274,2
2008-11-14,-0.012188582200136093,1.6799855180832644,2,-0.012524579303752746,-0.013868567718219357,-0.015548553236302623,-0.01890852427246915,2
2008-12-15,-0.007709155849997571,1.8411518420430613,6,-0.008077386218406183,-0.009550307692040632,-0.011391459534083694,-0.015073763218169816,2
2009-01-14,0.024768575434500537,1.8398911207083335,3,0.024400597210358872,0.022928684313792205,0.02108879319308387,0.017409010951667202,2
2009-02-12,0.00933660825883991,1.8222431420034497,1,0.008972159630439219,0.007514365116836459,0.00569212197483301,0.0020476356908261106,2
2009-03-13,0.04114537772438384,1.7373864259098082,3,0.04079790043920188,0.039407991298474034,0.037670604872564226,0.03419583202074461,2
2009-04-13,0.016861748708029655,1.9495948963198884,1,0.016471829728765677,0.014912153811709766,0.012962558915389878,0.009063369122750102,2
2009-05-11,-0.03413349104380776,1.925272940628417,0,-0.03451854563193344,-0.03605876398443617,-0.03798403692506459,-0.04183458280632143,2
2009-06-09,0.036467353283404946,1.9898449960139784,2,0.03606938428420215,0.03447750828739097,0.03248766329137699,0.02850797329934903,2
2009-07-08,-0.00545927785513947,1.7391682671902498,1,-0.00580711150857752,-0.00719844612232972,-0.00893761438951997,-0.012415950923900469,2
2009-08-05,-0.0006751973217662842,2.07759261662867,3,-0.0010907158450920182,-0.002752789938394954,-0.0048303825550236245,-0.008985567788280965,2
2009-09-02,-0.028071281563211075,1.8660344501476913,1,-0.028444488453240612,-0.029937316013358767,-0.031803350463506457,-0.03553541936380184,2
2009-10-01,0.039223133622065684,1.9324728830294207,4,0.0388366390454598,0.037290660739036266,0.03535818785600684,0.031493242089948,2
2009-10-29,0.008850957052436319,1.8461716257229441,4,0.00848172272729173,0.007004785426713374,0.0051586138009904305,0.0014662705495445422,2
2009-11-27,-0.0325486316687506,1.8837864089392744,2,-0.03292538895053845,-0.034432418077689875,-0.036316204486629144,-0.0400837773045077,2
2009-12-28,-0.00783971428928757,1.9152641394719405,3,-0.00822276711718196,-0.009754978428759511,-0.011670242568231452,-0.015500770847175334,2
2010-01-27,0.009120246133439333,1.8328569050742243,3,0.008753674752424489,0.007287389228365108,0.005454532323290884,0.0017888185131424358,2
2010-02-25,-0.013810347774902285,1.8336329708350554,4,-0.014177074369069297,-0.01564398074573734,-0.017477613716572395,-0.021144879658242507,2
2010-03-25,-0.006053307351202631,1.931106748358544,4,-0.00643952870087434,-0.007984414099561176,-0.00991552084791972,-0.013777734344636808,2
2010-04-23,0.00486642398278265,1.9142179996049717,4,0.004483580382861656,0.0029522059831776784,0.0010379879835727066,-0.0027904480156372372,2
2010-05-21,0.019866625844372036,1.7786796795592295,3,0.01951088990846019,0.018087946164812806,0.016309266485253576,0.01275190712613512,2
2010-06-21,-0.011455542829489778,1.8485499373271734,4,-0.011825252816955213,-0.013304092766816952,-0.015152642704144126,-0.01884974257879847,2
2010-07-20,-0.039880963089771314,1.8265997226459745,6,-0.04024628303430051,-0.04170756281241729,-0.043534162535063266,-0.04718736198035521,2
2010-08-17,0.024808972477713697,1.8412254912133974,3,0.024440727379471016,0.0229677469865003,0.021126521495286904,0.017444070512860108,2
2010-09-15,0.012033829155407792,1.853355450287162,7,0.011663158065350359,0.01018047370512063,0.008327118254833468,0.004620407354259144,2
2010-10-13,0.005601835075243253,1.8933251422961999,2,0.005223170046784013,0.003708509932947053,0.001815184790650853,-0.001971465493941547,2
2010-11-10,-0.01810466568897262,1.8814387920414593,5,-0.01848095344738091,-0.01998610448101408,-0.02186754327305554,-0.02563042085713846,2
2010-12-09,0.011151252590255735,1.9302019683011098,2,0.010765212196595514,0.009221050621954625,0.007290848653653516,0.0034304447170512963,2
2011-01-07,0.0038842916752808575,1.8744215852620005,2,0.0035094073582284573,0.002009870090018857,0.00013544850475685636,-0.0036133946657671448,2
2011-02-07,0.0047584460533885604,1.8975946748721508,6,0.00437892711841413,0.0028608513785164094,0.0009632567036442588,-0.002831932646100043,2
2011-03-08,0.01997955726421045,1.822327868052284,4,0.019615091690599995,0.018157229396158166,0.016334901528105884,0.012690245792001315,2
2011-04-05,-0.0183251922011286,1.8044530384634625,4,-0.018686082808821294,-0.020129645239592063,-0.021934098278055526,-0.02554300435498245,2
2011-05-04,0.005167384194598998,1.8865706265048336,4,0.004790070069298031,0.003280813568094164,0.0013942429415893308,-0.0023788983114203365,2
2011-06-02,0.0059780119996839035,1.856986574015953,4,0.005606614684880713,0.004121025425667951,0.0022640388516519975,-0.0014499342963799084,2
2011-06-30,0.012161079871538782,1.8675562988383125,2,0.01178756861177112,0.01029352357270047,0.008425967273862156,0.0046908546761855316,2
2011-07-29,-0.0198814267902789,1.7598125839465462,2,-0.02023338930706821,-0.021641239374225445,-0.023401051958171992,-0.026920677126065082,2
2011-08-26,0.025878656429813934,1.7945804888158827,2,0.025519740332050758,0.02408407594099805,0.02228949545218217,0.018700334474550405,2
2011-09-26,-0.008030331897123892,1.7713556222007592,2,-0.008384603021564045,-0.009801687519324651,-0.011573043141525411,-0.015115754385926928,2
2011-10-24,0.0004907368194612908,1.9276507281482176,2,0.00010520667383164727,-0.0014369139086869269,-0.0033645646368351445,-0.00721986609313158,2
2011-11-21,-0.006563067729932638,1.83039466898139,7,-0.006929146663728916,-0.008393462398914028,-0.010223857067895418,-0.013884646405858198,2
2011-12-20,0.0165948496399356,1.8969419030789871,2,0.016215461259319802,0.014697907736856612,0.012800965833777624,0.009007082027619651,2
2012-01-20,0.018199709946186974,1.8187338693427944,6,0.017835963172318416,0.01638097607684418,0.014562242207501385,0.010924774468815797,2
2012-02-17,0.010867854496950621,1.8950028389944664,2,0.010488853929151727,0.008972851657956155,0.007077848818961688,0.0032878431409727555,2
2012-03-19,-0.008030649036928818,1.8872511617694736,1,-0.008408099269282713,-0.009917900198698293,-0.011805151360467767,-0.015579653684006713,2
2012-04-17,0.0053765928421241,1.7390759136948353,3,0.005028777659385133,0.0036375169284292644,0.0018984410147344292,-0.0015797108126552415,2
2012-05-15,0.012849427576169938,1.7703986294588852,0,0.01249534785027816,0.011079028946711053,0.009308630317252167,0.005767833058334397,2
2012-06-13,-0.005544298722440545,1.7934012194505595,5,-0.0059029789663306576,-0.007337699941891105,-0.009131101161341665,-0.012717903600242783,2
2012-07-12,0.017356287325118912,1.8660870924611794,1,0.016983069906626676,0.015490200232657732,0.013624113140196552,0.009891938955274194,2
2012-08-09,-0.005420540759530382,1.8774480932939788,1,-0.005796030378189178,-0.007297988852824361,-0.009175436946118339,-0.012930333132706296,2
2012-09-07,0.023820000881392862,1.9687540833203294,1,0.023426250064728798,0.021851246798072533,0.019882492714752203,0.015944984548111545,2
2012-10-05,0.0036438793478700414,1.8091790626087056,2,0.0032820435353483,0.0018347002852613357,2.5521222652629977e-05,-0.0035928369025647815,2
2012-11-06,0.000634801482057819,1.8096086031269882,3,0.0002728797614324213,-0.0011748071210691694,-0.0029844157241961577,-0.006603632930450134,2
2012-12-05,-0.0052491237946924625,1.8544920854593876,3,-0.00562002221178434,-0.0071036158801518505,-0.008958107965611238,-0.012667092136530014,2
2013-01-04,-0.0025242609967908694,1.9517754123918583,4,-0.002914616079269241,-0.004476036409182728,-0.006427811821574586,-0.010331362646358302,2
2013-02-04,-0.003480547957605555,1.8553487491660619,3,-0.003851617707438767,-0.005335896706771617,-0.007191245455937679,-0.010901942954269802,2
2013-03-05,0.0022341701017397435,1.885691295821122,2,0.0018570318425755192,0.0003484788059186215,-0.0015372124899025006,-0.005308595081544744,2
2013-04-03,0.002381311691475637,1.8608035202453552,4,0.0020091509874265658,0.0005205081712302815,-0.0013402953490150738,-0.0050619023895057845,2
2013-05-01,0.0017810012124403786,1.8410812401705163,0,0.0014127849644062754,-6.0080027730137747e-05,-0.001901161267900654,-0.005583323748241687,2
2013-05-30,-0.010844852010278691,1.9544791150620409,3,-0.0112357478332911,-0.012799331125340731,-0.014753810240402773,-0.018662768470526857,2
2013-06-27,0.004788727697380781,1.8910726730371858,4,0.004410513162773344,0.0028976550243435956,0.0010065823513064095,-0.002775562994767962,2
2013-07-26,-0.01188861868107739,1.8727386482389188,2,-0.012263166410725175,-0.013761357329316309,-0.01563409597755523,-0.019379573274033064,2
2013-08-23,-0.0011919861252538415,1.8641148540601065,2,-0.0015648090960658629,-0.003056100979313948,-0.004920215833374054,-0.008648445541494267,2
2013-09-23,0.0038980042304768356,1.889689578323277,7,0.0035200663148121803,0.0020083146521535583,0.00011862507383028154,-0.0036607540828162725,2
2013-10-21,0.011341842342149253,1.9014469744284421,5,0.010961552947263564,0.009440395367720811,0.0075389483932923685,0.003736054444435484,2
2013-11-18,0.003246867219191445,1.8482297614461303,4,0.0028772212669022188,0.0013986374577453146,-0.00044959230370081576,-0.0041460518265930765,2
2013-12-17,-0.02133950277711257,1.8988720215841044,4,-0.02171927718142939,-0.023238374798696674,-0.025137246820280776,-0.028934990863448987,2
2014-01-16,0.015423528807369918,1.8982586998796143,4,0.015043877067393996,0.013525270107490304,0.01162701140761069,0.007830494007851461,2
2014-02-14,-0.0066231781646865825,1.784864361685315,1,-0.006980151037023646,-0.008408042526371898,-0.010192906888057213,-0.013762635611427843,2
2014-03-17,0.0199850280813159,1.9034493684670397,3,0.01960433820762249,0.01808157871284886,0.01617812934438182,0.012371230607447742,2
2014-04-14,0.0410238080609002,1.761908026641453,3,0.04067142645557191,0.03926190003425875,0.0374999920076173,0.033976175954334394,2
2014-05-13,0.0063145951315332636,1.7873395392302054,2,0.005957127223687223,0.004527255592303058,0.0027399160530728528,-0.000834763025387558,2
2014-06-11,-0.006781992421106035,1.8619786559729639,2,-0.007154388152300628,-0.008643971077079,-0.010505949733051963,-0.01422990704499789,2
2014-07-10,0.014660478882516856,1.8612850888286745,2,0.014288221864751122,0.012799193793688182,0.010937908704859507,0.007215338527202158,2
2014-08-07,-0.011988877483350096,1.8510977929236698,0,-0.01235909704193483,-0.013839975276273765,-0.015691073069197436,-0.019393268655044774,2
2014-09-05,-0.015822072593220344,1.947652951932427,3,-0.01621160318360683,-0.01776972554515277,-0.019717378497085197,-0.023612684400950053,2
2014-10-03,-0.03738892805263921,1.7859255653120583,1,-0.03774611316570162,-0.03917485361795127,-0.040960779183263324,-0.04453263031388744,2
2014-10-31,0.014300502205276686,1.935339696575618,3,0.013913434265961562,0.012365162508701068,0.01042982281212545,0.006559143418974214,2
2014-12-01,-0.03561129597013357,1.8725079365754125,5,-0.03598579755744866,-0.03748380390670898,-0.0393563118432844,-0.043101327716435225,2
2014-12-30,0.004518278584481576,1.9208730207218774,4,0.0041341039803372,0.0025974055637596983,0.000676532543037821,-0.0031652134984059338,2
2015-01-29,0.013439802752911323,1.8764760581595883,6,0.013064507541279404,0.011563326694751734,0.009686850636592146,0.00593389852027297,2
2015-02-27,-0.006085131739303385,1.9159209778124526,2,-0.006468315934865875,-0.008001052717115837,-0.009916973694928291,-0.013748815650553196,2
2015-03-27,-0.017065655245740677,1.8919145736914909,2,-0.017444038160478976,-0.01895756981943217,-0.02084948439312366,-0.02463331354050664,2
2015-04-27,-0.004431223249397687,1.8747922910412917,7,-0.004806181707605946,-0.006306015540438979,-0.008180807831480272,-0.011930392413562856,2
2015-05-26,0.003329117554031763,1.8537773545947938,3,0.0029583620831128044,0.0014753401994369692,-0.00037843715515782465,-0.004085991864347412,2
2015-06-23,-0.006484352294044959,1.921116949133146,3,-0.006868575683871588,-0.008405469243178105,-0.01032658619231125,-0.014168820090577544,2
2015-07-22,0.03563923601790625,1.853868022558975,5,0.03526846241339446,0.033785367995347274,0.0319314999727883,0.02822376392767035,2
2015-08-19,-0.004673104327859523,1.835315082320908,0,-0.005040167344323705,-0.006508419410180431,-0.00834373449250134,-0.012014364657143155,2
2015-09-17,0.011514234448688664,1.795977013570126,6,0.01115503904597464,0.009718257435118538,0.007922280421548411,0.00433032639440816,2
2015-10-15,0.009338666400631699,1.8372045625069855,6,0.008971225488130301,0.007501461838124713,0.005664257275617727,0.0019898481506037567,2
2015-11-12,-0.01181345199833063,1.8329095800110684,4,-0.012180033914332845,-0.0136463615783417,-0.015479271158352768,-0.019145090318374906,2
2015-12-11,-0.0017383130473961712,1.8822031573150064,6,-0.0021147536788591725,-0.0036205162047111775,-0.005502719362026185,-0.009267125676656197,2
2016-01-12,-0.015060568805993213,1.799726564388428,7,-0.015420514118870899,-0.01686029537038164,-0.01866002193477007,-0.022259475063546925,2
2016-02-10,0.02566452790813653,1.7664380769064076,2,0.02531124029275525,0.023898089831230124,0.022131651754323717,0.0185987756005109,2
2016-03-10,-0.015101970897284444,1.9983852686430494,3,-0.015501647951013053,-0.017100356165927495,-0.01909874143457054,-0.023095511971856643,2
2016-04-08,-0.01022581018645088,1.8831044987546197,4,-0.010602431086201803,-0.012108914685205498,-0.01399201918396012,-0.017758228181469358,2
2016-05-06,-0.005157867068381698,1.823211429286064,1,-0.005522509354238911,-0.006981078497667762,-0.008804289926953826,-0.012450712785525954,2
2016-06-06,-0.024439075432785527,1.929287150263755,2,-0.024824932862838277,-0.026368362583049282,-0.028297649733313036,-0.032156224033840546,2
2016-07-05,-0.009772870727281856,1.8317581437903876,6,-0.010139222356039933,-0.011604628871072243,-0.013436387014862631,-0.017099903302443407,2
2016-08-02,-0.04561699217620442,1.9118939271614617,4,-0.04599937096163671,-0.047528886103365885,-0.04944078003052735,-0.05326456788485027,2
2016-08-30,-0.022660369334948728,1.9827620653218212,5,-0.023056921748013093,-0.024643131400270548,-0.02662589346559237,-0.030591417596236015,2
2016-09-28,-0.00116346807525142,1.859109602419097,3,-0.0015352899957352395,-0.003022577677670517,-0.004881687280089614,-0.008599906484927809,2
2016-10-26,0.016582848084169603,1.743617441413701,1,0.016234124595886863,0.014839230642755902,0.0130956132013422,0.009608378318514799,2
2016-11-23,0.0006653275883467171,1.898654938024455,6,0.00028559660074182607,-0.001233327349677738,-0.003131982287702193,-0.006929292163751103,2
2016-12-22,0.011480345664030686,1.8643046203438594,1,0.011107484739961914,0.009616041043686827,0.007751736423342967,0.004023127182655248,2
2017-01-24,0.005297301405441122,1.821728436413034,4,0.004932955718158515,0.0034755729690280875,0.0016538445326150534,-0.0019896123402110147,2
2017-02-22,-0.002497341563995135,1.9191138028839907,5,-0.002881164324571933,-0.004416455366879126,-0.006335569169763116,-0.010173796775531098,2
2017-03-22,0.0030039049564251586,1.8159845339631262,3,0.0026407080496325336,0.0011879204224620324,-0.0006280641115010937,-0.004260033179427346,2
2017-04-20,0.004597054448301408,1.8330495431238498,7,0.004230444539676638,0.002764004905177558,0.000930955362053708,-0.002735143724193992,2
2017-05-18,0.00892313328565769,1.8590146777579706,2,0.008551330350106096,0.00706411860789972,0.005205103930141749,0.0014870745746258076,2
2017-06-16,0.015868354827026903,1.9185892934096695,4,0.01548463696834497,0.013949765533617233,0.012031176240207563,0.008193997653388223,2
2017-07-17,-0.0033240302942219822,1.928184065526112,3,-0.0037096671073272047,-0.005252214359748094,-0.007180398425274206,-0.01103676655632643,2
2017-08-14,0.019514785214250936,1.838972002316333,0,0.01914699081378767,0.017675813211934604,0.01583684120961827,0.012158897204985603,2
2017-09-12,-0.00605683052717714,1.8835999672306605,5,-0.006433550520623272,-0.0079404304944078,-0.009824030461638461,-0.01359123039609978,2
2017-10-10,-0.04207177239039063,1.9330231298980196,3,-0.04245837701637024,-0.04400479552028865,-0.04593781865018667,-0.04980386490998271,2
2017-11-07,-0.015369831263505693,1.8094537629506355,5,-0.01573172201609582,-0.01717928502645633,-0.018988738789406965,-0.022607646315308236,2
2017-12-06,-0.03180994053231914,1.918314285559543,0,-0.03219360338943105,-0.03372825481787869,-0.035646569103438226,-0.03948319767455731,2
2018-01-05,-0.006030683369909504,1.927289690097419,6,-0.006416141307928988,-0.007957973060006923,-0.009885262750104342,-0.01373984213029918,2
2018-02-05,-0.014151552852693497,1.7897193099334368,4,-0.014509496714680185,-0.015941272162626932,-0.01773099147256037,-0.021310430092427245,2
2018-03-06,0.005365050135434316,1.9412625018295515,4,0.004976797635068406,0.0034237876336047648,0.0014825251317752133,-0.0023999998718838896,2
2018-04-04,-0.02014945659367958,1.8145725941007693,1,-0.020512371112499733,-0.02196402918778035,-0.02377860178188112,-0.027407746970082657,2
2018-05-02,-0.0014462059563870831,1.815280723141012,2,-0.0018092621010152856,-0.0032614866795280953,-0.0050767674026691075,-0.008707328848951132,2
2018-05-31,0.00952395885987529,1.9112338011825276,3,0.009141712099638785,0.007612725058692762,0.005701491257510235,0.001879023655145179,2
2018-06-28,0.004815687390645004,1.8568746134522987,4,0.004444312467954545,0.0029588127771927055,0.0011019381637404069,-0.0026118110631641904,2
2018-07-27,0.0046872825735444126,1.8505315536370963,2,0.004317176262816994,0.0028367510199073164,0.00098621946627022,-0.0027148436410039728,2
2018-08-24,0.012215374639887616,1.9303953662876692,2,0.011829295566630083,0.010284979273599948,0.008354583907312278,0.00449379317473694,2
2018-09-24,-0.009715002973858801,1.8679399119967468,4,-0.01008859095625815,-0.011582942885855547,-0.013450882797852295,-0.017186762621845788,2
2018-10-22,0.033638054313528815,1.798417808809249,2,0.03327837075176696,0.03183963650471956,0.030041218695910317,0.02644438307829182,2
2018-11-19,0.01159551641923213,1.7965342861023081,3,0.011236209562011669,0.009798982133129823,0.008002447847027513,0.004409379274822898,2
2018-12-19,0.005961385650318651,1.7939478370932436,5,0.0056025960829000025,0.0041674378132254076,0.0023734899761321637,-0.0012144056980543235,2
2019-01-18,0.004125188883402126,1.9489990350945487,7,0.003735389076383216,0.002176189848307577,0.0002271908132130281,-0.0036708072569760697,2
2019-02-19,-0.007599210787574922,1.8964943308427014,2,-0.007978509653743462,-0.009495705118417623,-0.011392199449260326,-0.015185188110945727,2
2019-03-19,-0.000633001673013145,1.8780443472342347,2,-0.001008610542459992,-0.0025110460202473796,-0.004389090367481615,-0.008145179061950085,2
2019-04-16,0.005559436536862772,1.8779331545189024,0,0.005183849905958992,0.0036815033823438697,0.0018035702278249672,-0.0019522960812128377,2
2019-05-15,-0.010735916987008392,1.8034128057138659,2,-0.011096599548151165,-0.012539329792722258,-0.014342742598436124,-0.017949568209863855,2
2019-06-13,-0.007913568473693892,1.7920763750688922,3,-0.00827198374870767,-0.009705644848762785,-0.011497721223831678,-0.015081873973969461,2
2019-07-12,-0.0038843999947881062,1.8832299868640754,3,-0.004261045992160921,-0.005767629981652181,-0.007650859968516257,-0.011417319942244408,2
2019-08-09,-0.0039205043845509605,1.8087187595017458,1,-0.004282248136451309,-0.005729223144052706,-0.007537941903554452,-0.011155379422557943,2
2019-09-09,0.001908290405923862,1.9153792091061494,3,0.0015252145641026322,-7.088803182287535e-06,-0.001922468012288437,-0.005753226430500736,2
2019-10-07,-0.014323988319132189,1.768667674985094,3,-0.014677721854129208,-0.016092655994117282,-0.017861323669102376,-0.021398659019072563,2
2019-11-04,-0.004763032507770382,1.895428179147161,4,-0.005142118143599814,-0.0066584606869175425,-0.008553888866064703,-0.012344745224359025,2
2019-12-03,-0.01701829682024536,1.8779773023512747,3,-0.017393892280715615,-0.018896274122596635,-0.02077425142494791,-0.024530206029650458,2
2020-01-02,-0.011836127698700792,1.88971375927192,4,-0.012214070450555175,-0.013725841457972711,-0.015615555217244632,-0.01939498273578847,2
2020-01-31,-0.000374090640646918,1.7991286247025697,3,-0.0007339163655874319,-0.0021732192653494877,-0.0039723478900520574,-0.007570605139457197,2
2020-03-02,0.05334039358658266,1.778848519607147,1,0.05298462388266123,0.05156154506697551,0.04978269654736836,0.04622499950815407,2
2020-03-30,0.004090695805413733,1.5756689998372344,2,0.0037755620054462863,0.002515026805576499,0.0009393578057392644,-0.0022119801939352044,2
2020-04-28,0.029695585300865742,1.929424220639679,1,0.029309700456737805,0.027766161080226063,0.025836736859586384,0.021977888418307025,2
2020-05-27,-0.017190084550818465,1.9058117545304032,5,-0.017571246901724544,-0.01909589630534887,-0.021001708059879273,-0.024813331568940077,2
2020-06-24,-0.021486183867806784,1.87853626051726,3,-0.021861891119910236,-0.023364720128324044,-0.025243256388841305,-0.029000328909875823,2
2020-07-23,0.016051143808173806,1.9365023559165924,2,0.015663843336990488,0.014114641452257213,0.01217813909634062,0.008305134384507437,2
2020-08-20,0.012371751005977273,1.8670137383690666,1,0.01199834825830346,0.010504737267608207,0.008637723529239139,0.004903696052501006,2
2020-09-18,0.0020784258692177465,1.8119355569543725,6,0.001716038757826872,0.0002664903122633739,-0.0015454452446909987,-0.005169316358599744,2
2020-10-16,0.023991981854918736,1.919988574012384,1,0.023607984140116257,0.022071993280906352,0.020152004706893968,0.0163120275588692,2
2020-11-13,-0.0012738325012199908,1.866971513587667,3,-0.001647226803937524,-0.0031408040148076578,-0.005007775528395325,-0.008741718555570658,2
2020-12-14,-0.03832760167253531,1.959080553160112,1,-0.03871941778316733,-0.04028668222569542,-0.042245762778855535,-0.046163923885175755,2
2021-01-13,-0.08024486323450736,2.0533563297941986,5,-0.0806555345004662,-0.08229821956430156,-0.08435157589409575,-0.08845828855368415,2
2021-02-11,-0.045656866755443205,2.087729469100407,1,-0.046074412649263284,-0.04774459622454361,-0.04983232569364402,-0.05400778463184483,2
2021-03-12,0.024567725084423963,1.9398413240831305,3,0.024179756819607337,0.022627883760340833,0.0206880424362577,0.01680835978809144,2
2021-04-12,0.044133385467924856,1.7373544743732419,4,0.04378591457305021,0.04239603099355162,0.04065867651917837,0.03718396757043189,2
2021-05-10,-0.016264839170777746,1.758900133065841,5,-0.016616619197390915,-0.018023739303843586,-0.019782639436909426,-0.02330043970304111,2
2021-06-08,-0.012017840263536314,2.002825229117027,3,-0.01241840530935972,-0.014020665492653342,-0.016023490721770367,-0.02002914118000442,2
2021-07-07,0.05081302676114963,1.8591508703977486,5,0.050441196587070074,0.048953875890751876,0.04709472502035413,0.04337642327955863,2
2021-08-04,-0.02117008821307396,1.7634654789116002,2,-0.021522781308856282,-0.02293355369198556,-0.02469701917089716,-0.028223950128720362,2
2021-09-01,0.003265773705653775,1.9128790440199899,3,0.0028831978968497773,0.0013528946616337852,-0.0005599843823862046,-0.004385742470426184,2
2021-09-30,0.02260871554472112,1.8004160674208818,2,0.022248632331236945,0.02080829947730024,0.019007883409879356,0.015407051275037593,2
2021-10-28,0.017709585827469416,1.8123364404753965,7,0.017347118539374335,0.01589724938699402,0.014084912946518622,0.01046024006556783,2
2021-11-26,0.0013681293604520214,1.8303007535120408,2,0.0010020692097496133,-0.0004621713930600196,-0.0022924721465720603,-0.005953073653596142,2
2021-12-27,-0.03546779332967059,1.8290159658496552,1,-0.035833596522840516,-0.03729680929552024,-0.0391258252613699,-0.04278385719306921,2
2022-01-25,-0.006214591596935411,1.7748641336512165,1,-0.006569564423665655,-0.007989455730586627,-0.009764319864237845,-0.013314048131540277,2
2022-02-23,0.02202643824451382,1.7816389227091045,5,0.021670110459972,0.020244799321804716,0.018463160399095613,0.014899882553677402,2
2022-03-23,0.03633136978824096,1.892900224020057,3,0.03595278974343695,0.034438469564220905,0.03254556934020085,0.028759768892160732,2
2022-04-21,-0.013002075193664812,1.7659179681374846,3,-0.01335525878729231,-0.014767993161802296,-0.01653391112993978,-0.02006574706621475,2
2022-05-19,0.023562430093472943,1.8102511342805117,1,0.02320037986661684,0.02175217895919243,0.01994192782491192,0.016321425556350896,2
2022-06-17,0.008895202188532337,1.7915183796291072,2,0.008536898512606516,0.0071036838089032295,0.005312165429274122,0.0017291286700159081,2
2022-07-19,0.030720947395805828,1.9257215769572997,4,0.030335803080414368,0.028795225818848528,0.026869504241891228,0.02301806108797663,2
2022-08-16,0.01770034969203448,1.945070226829448,2,0.01731133564666859,0.01575527946520503,0.013810209238375584,0.009920068784716688,2
2022-09-14,0.04498062568920993,1.7821147368190147,3,0.04462420274184613,0.04319851095239091,0.0414163962155719,0.03785216674193387,2
2022-10-12,0.02749865189863063,1.7634579257743097,2,0.02714596031347577,0.02573519397285632,0.023971736047082012,0.02044482019553339,2
2022-11-09,0.03321118483198464,1.8197736961831363,7,0.03284723009274801,0.0313914111358015,0.029571637439618367,0.025932090047252093,2
2022-12-08,0.026073785469439975,1.9133428537259027,8,0.025691116898694796,0.02416044261571407,0.02224709976198817,0.018420414054536365,2
2023-01-09,-0.005546163827015182,1.861133882240729,6,-0.005918390603463328,-0.007407297709255911,-0.00926843159149664,-0.012990699355978099,2
2023-02-07,-0.00357085621764215,1.9565875482906274,6,-0.003962173727300275,-0.005527443765932777,-0.007484031314223405,-0.01139720641080466,2
2023-03-08,-0.011219423752637505,1.7906573343833236,4,-0.01157755521951417,-0.01301008108702083,-0.014800738421404152,-0.0183820530901708,2
2023-04-05,0.01959624069749074,1.8385476319531655,3,0.019228531171100106,0.017757693065537573,0.015919145433584407,0.012242050169678078,2
2023-05-04,0.05536249133696259,1.8335923500140316,1,0.05499577286695978,0.053528898986948556,0.05169530663693453,0.04802812193690646,2
2023-06-02,0.03862179189193972,1.8763957602105024,3,0.03824651273989762,0.03674539613172922,0.034869000371518716,0.03111620885109771,2
2023-07-03,0.00277403182344083,1.8110294070338553,1,0.002411825942034059,0.0009630024164069746,-0.0008480269906268809,-0.004470085804694592,2
2023-08-01,0.007029642196349248,1.8573195964785432,4,0.006658178277053539,0.005172322599870704,0.003315003003392161,-0.0003996361895649255,2
2023-08-29,-0.005577978554062645,1.8453935720065378,5,-0.005947057268463952,-0.007423372126069182,-0.00926876569807572,-0.012959552842088795,2
2023-09-27,0.006761897097691829,1.7620877479871992,3,0.0064094795480943885,0.004999809349704629,0.00323772160171743,-0.0002864538942569687,2
2023-10-25,0.02908153585732279,1.784184764275457,7,0.0287246989044677,0.027297351093047335,0.025513166328771878,0.02194479680022096,2
2023-11-22,-0.03268770556273949,1.8725984875340969,1,-0.03306222526024631,-0.03456030405027359,-0.03643290253780768,-0.040178099512875876,2
2006-01-09,0.01017553550484187,0.9999999999999983,2,0.009975535504841869,0.009175535504841872,0.008175535504841873,0.006175535504841876,3
2006-02-07,-0.013605026681681454,1.8795989046817296,4,-0.0139809464626178,-0.015484625586363184,-0.017364224491044914,-0.02112342230040837,3
2006-03-08,0.016588917709913917,1.8741143024362379,6,0.01621409484942667,0.014714803407477679,0.012840689105041441,0.009092460500168965,3
2006-04-05,0.013513464938669121,1.920611691960873,3,0.013129342600276947,0.011592853246708248,0.009672241554747375,0.005831018170825629,3
2006-05-04,0.026045745190749314,1.8320755045597694,3,0.02567933008983736,0.024213669686189546,0.022381594181629775,0.018717443172510236,3
2006-06-02,-0.002560257145218666,1.8164274460103835,2,-0.002923542634420743,-0.00437668459122905,-0.006193112037239433,-0.0098259669292602,3
2006-06-30,-0.007468782163312183,1.7869544337289087,6,-0.007826173050057965,-0.009255736597041092,-0.011042691030770001,-0.01461659989822782,3
2006-07-31,0.013876793562333747,1.828281426216498,1,0.013511137277090447,0.01204851213611725,0.010220230709900751,0.006563667857467755,3
2006-08-28,-0.019477669309175515,1.8406552180994988,1,-0.019845800352795415,-0.021318324527275015,-0.023158979745374512,-0.02684029018157351,3
2006-09-26,0.01477629834420499,1.885402083584785,2,0.014399217927488033,0.012890896260620205,0.011005494177035419,0.00723469000986585,3
2006-10-24,-0.010029439779930406,1.8897932676386542,5,-0.010407398433458137,-0.011919233047569061,-0.013809026315207714,-0.017588612850485023,3
2006-11-21,0.009175056959669334,1.9171113455310116,5,0.008791634690563132,0.007257945614138323,0.005340834268607311,0.0015066115775452882,3
2006-12-20,-0.010382747727587916,1.8554623912446349,6,-0.010753840205836843,-0.01223821011883255,-0.014093672510077187,-0.017804597292566456,3
2007-01-23,0.0011890238301701334,1.809354512493445,10,0.0008271529276714444,-0.0006203306823233117,-0.0024296851948167565,-0.006048394219803647,3
2007-02-21,-0.003296937535882187,1.9080008649718918,3,-0.0036785377088765655,-0.005204938400854078,-0.007112939265825971,-0.010928940995769755,3
2007-03-21,0.008433722308670762,1.842912864313128,7,0.008065139735808136,0.006590809444357634,0.004747896580044505,0.0010620708514182493,3
2007-04-19,0.0036342098107477946,1.861432202788726,5,0.0032619233701900495,0.0017727776079590686,-8.86545948296574e-05,-0.0038115190004071094,3
2007-05-17,-0.004263169762640608,1.8829992699188027,4,-0.004639769616624368,-0.00614616903255941,-0.008029168302478212,-0.011795166842315819,3
2007-06-15,0.004480883938930556,1.8982163651084643,8,0.0041012406659088636,0.0025826675738220917,0.0006844512087136275,-0.0031119815215033013,3
2007-07-16,-0.009419727857209527,1.8641766787376226,3,-0.00979256319295705,-0.011283904535947149,-0.013148081214684772,-0.016876434572160016,3
2007-08-13,-0.001554470404570043,1.829502157744921,6,-0.0019203708361190271,-0.003383972562314964,-0.005213474720059885,-0.008872479035549727,3
2007-09-11,-0.02820132291174063,1.869915147938128,9,-0.028575305941328254,-0.030071238059678755,-0.03194115320761688,-0.03568098350349314,3
2007-10-09,0.007757466101976721,1.8937649420098566,7,0.00737871311357475,0.005863701159966864,0.003969936217957007,0.00018240633393729402,3
2007-11-06,0.010372215462653517,1.8214476556969474,8,0.010007925931514127,0.00855076780695657,0.006729320151259622,0.0030864248398657273,3
2007-12-05,0.017479302940594514,1.839827027859018,4,0.01711133753502271,0.015639475912735495,0.013799648884876479,0.010119994829158442,3
2008-01-04,0.02193922518223123,1.7384808988949942,7,0.02159152900245223,0.020200744283336236,0.018462263384441242,0.014985301586651253,3
2008-02-04,0.04204163331557606,1.825670396084478,3,0.04167649923635917,0.04021596291949158,0.0383902925234071,0.03473895173123815,3
2008-03-04,0.005200528056758835,1.7015395587259796,1,0.004860220145013639,0.003498988498032855,0.0017974489393068754,-0.001605630178145084,3
2008-04-02,-0.001183473301653953,1.8516841752245632,4,-0.0015538101366988654,-0.003035157476878516,-0.004886841652103079,-0.008590210002552206,3
2008-04-30,0.0029345454933947645,1.847577576802902,2,0.002565029978034184,0.0010869679165918626,-0.0007606096602110392,-0.004455764813816843,3
2008-05-29,-0.033324485295930364,1.8297136603499393,3,-0.03369042802800035,-0.0351541989562803,-0.03698391261663024,-0.040643339937330124,3
2008-06-26,-0.028626498540078284,1.7657244813892672,2,-0.028979643436356138,-0.030392223021467553,-0.03215794750285682,-0.035689396465635355,3
2008-07-25,-0.004627581864390529,1.8549816867319082,3,-0.004998578201736911,-0.006482563551122438,-0.008337545237854346,-0.012047508611318161,3
2008-08-22,-0.009512014058592333,1.9150150666758938,2,-0.009895017071927512,-0.011427029125268228,-0.013342044191944121,-0.01717207432529591,3
2008-09-22,0.044880718065857035,1.8561690039961305,2,0.04450948426505781,0.04302454906186091,0.04116838005786477,0.03745604204987251,3
2008-10-20,0.041659995528424316,1.6196750456610678,1,0.0413360605192921,0.04004032048276325,0.03842064543710218,0.035181295345780045,3
2008-11-17,-0.04054390703660505,1.6736861169095865,5,-0.04087864425998697,-0.042217593153514636,-0.04389127927042422,-0.0472386515042434,3
2008-12-16,-0.0006236370195139942,1.9421705623722867,3,-0.0010120711319884517,-0.002565807581886281,-0.004507978144258568,-0.008392319269003141,3
2009-01-15,0.01673354590906106,1.7289586503234111,3,0.016387754178996378,0.015004587258737651,0.01327562860841424,0.009817711307767417,3
2009-02-13,0.033473976707526214,1.7577801349104198,1,0.03312242068054413,0.0317161965726158,0.029958416437705374,0.026442856167884533,3
2009-03-16,0.010175696583150253,1.693636559200652,3,0.009836969271310123,0.008482060023949602,0.006788423464748949,0.0034011503463476454,3
2009-04-14,0.024665718476921637,2.07672679259782,1,0.02425037311840207,0.022588991684323816,0.020512264891725997,0.016358811306530358,3
2009-05-12,-0.006177225005104713,1.9322207045849966,0,-0.006563669146021712,-0.00810944570968971,-0.010041666414274706,-0.013906107823444699,3
2009-06-10,0.006453455280311871,1.9049682051817085,3,0.0060724616392755296,0.004548487075130163,0.002643518869948454,-0.001166417540414963,3
2009-07-09,0.02443135455350523,1.7717386032414666,2,0.024077006832856938,0.022659615950263765,0.020887877347022295,0.017344400140539364,3
2009-08-06,0.0190020641183036,1.9622229545508265,1,0.018609619527393432,0.017039841163752772,0.015077618209201945,0.011153172300100293,3
2009-09-03,-0.031515983698205456,1.8596573558592435,2,-0.03188791516937731,-0.0333756410540647,-0.03523529840992394,-0.03895461312164243,3
2009-10-02,0.013732462139732593,1.8923491043413163,4,0.01335399231886433,0.011840113035391276,0.00994776393104996,0.006163065722367327,3
2009-10-30,0.015407347973916519,1.8198924048843597,1,0.015043369492939647,0.013587455569032158,0.0117675631641478,0.00812777835437908,3
2009-11-30,-0.011543180656431076,1.8823245905965573,3,-0.011919645574550388,-0.013425505247027633,-0.01530782983762419,-0.019072479018817305,3
2009-12-29,-0.01490593179785098,1.8499043020725232,2,-0.015275912658265485,-0.016755836099923503,-0.018605740401996026,-0.022305549006141075,3
2010-01-28,-0.0005437960833542416,1.826610930371634,4,-0.0009091182694285684,-0.0023704070137258756,-0.00419701794409751,-0.007850239804840778,3
2010-02-26,-0.011480700707415952,1.8895432491990316,3,-0.011858609357255759,-0.013370243956614984,-0.015259787205814015,-0.01903887370421208,3
2010-03-26,0.03425416573172282,1.9125743307843917,6,0.03387165086556594,0.032341591400938424,0.030429017070154035,0.02660386840858525,3
2010-04-26,-0.0038520380025229527,1.8631384026711755,2,-0.004224665683057188,-0.005715176405194128,-0.007578314807865303,-0.011304591613207654,3
2010-05-24,-0.0037685644616472632,1.6983883854408761,3,-0.004108242138735439,-0.00546695284708814,-0.0071653412325290156,-0.010562118003410767,3
2010-06-22,-0.006186945639715636,1.84496937966682,3,-0.006555939515648999,-0.008031915019382456,-0.009876884399049275,-0.013566823158382917,3
2010-07-21,-0.023149454120541278,1.8170048896561344,6,-0.023512855098472504,-0.024966459010197412,-0.026783463899853546,-0.030417473679165814,3
2010-08-18,0.012763077879281354,1.9088719407928696,4,0.01238130349112278,0.010854205938488484,0.008945333997695615,0.005127590116109876,3
2010-09-16,0.004599677951943764,1.8950367774257828,5,0.0042206705964586075,0.0027046411745179815,0.0008096043970921983,-0.0029804691577593675,3
2010-10-14,0.01310219451064314,1.8930666004245642,4,0.012723581190558227,0.011209127910218575,0.00931606130979401,0.0055299281089448826,3
2010-11-11,-0.030270018003366414,1.8614011950531746,6,-0.030642298242377047,-0.03213141919841959,-0.03399282039347276,-0.037715622783579116,3
2010-12-10,0.008747835323399272,1.8607325585745347,3,0.008375688811684365,0.006887102764824737,0.005026370206250202,0.001304905089101133,3
2011-01-10,-0.0013329692399986224,1.840980578466784,2,-0.0017011653556919793,-0.0031739498184654063,-0.005014930396932191,-0.008696891553865759,3
2011-02-08,-0.0042493334598818,1.8620603241631326,7,-0.0046217455247144264,-0.006111393784044933,-0.007973454108208065,-0.01169757475653433,3
2011-03-09,0.004551949067584246,1.8617917877752717,1,0.004179590710029191,0.002690157279808974,0.0008283654920337026,-0.0028952180835168408,3
2011-04-06,0.021637336415054102,1.7788989267848707,5,0.021281556629697128,0.01985843748826923,0.01807953856148436,0.01452174070791462,3
2011-05-05,0.016814765096595914,1.8527923128458292,1,0.016444206634026747,0.014961972783750084,0.013109180470904255,0.009403595845212597,3
2011-06-03,0.003940903943719373,1.827968867728642,5,0.003575310170173645,0.0021129350759907313,0.0002849662082620892,-0.003370971527195195,3
2011-07-01,-0.006738579026549754,1.8876488954891673,2,-0.007116108805647588,-0.008626227922038921,-0.010513876817528089,-0.014289174608506424,3
2011-08-01,0.022404960521997763,1.795143723813062,4,0.02204593177723515,0.020609816798184702,0.018814673074371638,0.015224385626745513,3
2011-08-29,0.016592018063229835,1.7379059242959438,5,0.016244436878370645,0.014854112138933891,0.013116206214637946,0.009640394366046058,3
2011-09-27,0.004753161471852745,1.7192655830059522,4,0.0044093083552515545,0.0030338958888467926,0.0013146303058408403,-0.0021239008601710643,3
2011-10-25,0.01050780259122151,1.8448760239439546,0,0.010138827386432719,0.008662926567277554,0.0068180505433336,0.0031282984954456913,3
2011-11-22,-0.018089144319486074,1.7887801295592256,5,-0.01844690034539792,-0.0198779244490453,-0.021666704578604527,-0.025244264837722977,3
2011-12-21,0.0027774094017986232,1.9033962359670114,2,0.002396730154605221,0.0008740131658316118,-0.0010293830701353997,-0.004836175542069422,3
2012-01-23,-0.00771942078964371,1.9257020383306247,6,-0.008104561197309835,-0.009645122827974334,-0.011570824866304959,-0.015422228942966208,3
2012-02-21,-0.0042531535226731166,1.9013177130478802,4,-0.004633417065282692,-0.0061544712357209964,-0.008055788948768877,-0.011858424374864639,3
2012-03-20,-0.0019445700917032332,1.8488865825881746,2,-0.002314347408220868,-0.003793456674291408,-0.005642343256879583,-0.009340116422055931,3
2012-04-18,-0.00781743596284281,1.8197338588314338,4,-0.008181382734609097,-0.009637169821674244,-0.011456903680505677,-0.015096371398168544,3
2012-05-16,-7.562252507966715e-05,1.8593394651888195,1,-0.00044749041811743107,-0.0019349619902684868,-0.0037943014554573063,-0.007512980385834945,3
2012-06-14,-0.001730315145470052,1.8463237906456642,5,-0.002099579903599185,-0.0035766389361157162,-0.00542296272676138,-0.009115610308052708,3
2012-07-13,0.013728460098864342,1.8495776416617329,3,0.013358544570531995,0.01187888245720261,0.010029304815540875,0.00633014953221741,3
2012-08-10,0.008577829543635604,1.8348183950518624,1,0.008210865864625232,0.006743011148583741,0.004908192753531879,0.0012385559634281538,3
2012-09-10,0.003335011022482485,1.9213290607708053,4,0.002950745210328324,0.0014136819617116799,-0.0005076470990591254,-0.004350305220600736,3
2012-10-08,0.007680883748011694,1.8498074703873122,1,0.007310922253934231,0.005831076277624381,0.003981268807237069,0.00028165386646244496,3
2012-11-07,0.0020610478107509563,1.7904505658400527,2,0.0017029576975829458,0.00027059724491090365,-0.001519853320929149,-0.005100754452609255,3
2012-12-06,0.004631358965194245,1.8661782256020258,5,0.00425812332007384,0.0027651807395922194,0.0008990025139901936,-0.002833353937213858,3
2013-01-07,0.0075711311238451946,1.9344514881879649,3,0.007184240826207601,0.0056366796356572295,0.0037022281474692648,-0.000166674828906665,3
2013-02-05,-0.013357505303132719,1.8641159218406669,4,-0.013730328487500852,-0.015221621224973387,-0.017085737146814054,-0.020813968990495386,3
2013-03-06,-0.0009347788439432072,1.9513871794181559,1,-0.0013250562798268384,-0.002886166023361363,-0.0048375532027795185,-0.008740327561615831,3
2013-04-04,-0.003401347307214645,1.7604756895198046,2,-0.003753442445118606,-0.00516182299673445,-0.006922298686254254,-0.010443250065293863,3
2013-05-02,0.02156357915542246,1.8193164399897206,1,0.021199715867424515,0.01974426271543274,0.017924946275443016,0.014286313395463577,3
2013-05-31,0.002912708207842817,1.959471267808622,2,0.0025208139542810927,0.0009532369400341951,-0.001006234327774427,-0.0049251768633916705,3
2013-06-28,0.0029815824038793956,1.8852163168146638,3,0.002604539140516463,0.0010963660870647318,-0.000788850229749932,-0.00455928286337926,3
2013-07-29,-0.003589015868952361,1.9055214186202496,4,-0.003970120152676411,-0.0054945372875726105,-0.00740005870619286,-0.01121110154343336,3
2013-08-26,0.000909591677167431,1.7914061129073982,1,0.0005513104545859514,-0.0008818144357399672,-0.0026732205486473654,-0.006256032774462162,3
2013-09-24,0.013803635124451983,1.8503166092237548,7,0.013433571802607232,0.011953318515228229,0.010103001906004473,0.006402368687556964,3
2013-10-22,-0.0008690748660214858,1.9061838423810766,6,-0.0012503116344977012,-0.0027752587084025624,-0.004681442550783639,-0.008493810235545792,3
2013-11-19,0.00045848952090837196,1.8917751656817599,4,8.013448777201997e-05,-0.0014332856447733877,-0.0033250608104551478,-0.007108611141818667,3
2013-12-18,0.0004890458760085395,1.8622993915706985,3,0.0001165859976943998,-0.001373253515562159,-0.0032355529071328576,-0.006960151690274255,3
2014-01-17,-0.011994315428805639,1.9584339719179324,4,-0.012386002223189226,-0.013952749400723571,-0.015911183372641503,-0.019828051316477368,3
2014-02-18,0.0012904583073696484,1.8736758336670172,2,0.0009157231406362449,-0.0005832175262973688,-0.002456893359964386,-0.00620424502729842,3
2014-03-18,0.00849830951268829,1.8547449390126913,1,0.008127360524885751,0.006643564573675599,0.004788819634662907,0.0010793297566375247,3
2014-04-15,0.023878648340456728,1.7259541728547296,3,0.023533457505885782,0.022152694167602,0.02042673999474727,0.01697483164903781,3
2014-05-14,0.014107163144242383,1.8596080743987764,1,0.013735241529362627,0.012247555069843607,0.01038794699544483,0.006668730846647277,3
2014-06-12,-0.016851350620357832,1.8972684935272461,1,-0.01723080431906328,-0.01874861911388508,-0.020645887607412323,-0.02444042459446682,3
2014-07-11,0.018295571774258133,1.866307363214946,2,0.017922310301615143,0.016429264411043188,0.014562957047828241,0.010830342321398349,3
2014-08-08,-0.008608526900341848,1.828847889858251,0,-0.008974296478313498,-0.010437374790200099,-0.01226622268005835,-0.015923918459774852,3
2014-09-08,0.0183077483209999,1.9009887538409809,3,0.017927550570231703,0.016406759567158917,0.014505770813317937,0.010703793305635975,3
2014-10-06,-0.013179941279409652,1.7919918417351357,3,-0.01353833964775668,-0.014971933121144788,-0.016763924962879925,-0.020347908646350193,3
2014-11-03,0.0478915049555799,1.8746582057432637,2,0.04751657331443125,0.04601684674983664,0.04414218854409337,0.040392872132606845,3
2014-12-02,-0.0236553960605725,1.8580394121898904,4,-0.02402700394301048,-0.025513435472762393,-0.02737147488495228,-0.031087553709332062,3
2014-12-31,0.013639535873405731,1.8838962065087512,4,0.01326275663210398,0.01175563966689698,0.009871743460388228,0.006103951047370726,3
2015-01-30,0.011787532972970883,1.7856731088481628,4,0.01143039835120125,0.01000185986412272,0.008216186755274557,0.004644840537578231,3
2015-03-02,-0.00022511178605755879,1.9582480831157467,4,-0.0006167614026807082,-0.0021833598691733055,-0.004141607952289052,-0.008058104118520546,3
2015-03-30,-0.006358802161799206,1.8616353320064725,2,-0.006731129228200501,-0.00822043749380568,-0.010082072825812152,-0.013805343489825097,3
2015-04-28,0.013282668127810671,1.822415145110355,6,0.0129181850987886,0.011460252982700316,0.00963783783758996,0.005993007547369251,3
2015-05-27,0.003859599468419779,1.859597904186002,3,0.0034876798875825787,0.0020000015642337773,0.000140403660047775,-0.003578792148324229,3
2015-06-24,0.00340074258304599,1.8033507310903927,2,0.0030400724368279115,0.0015973918519555973,-0.00020595887913479535,-0.0038126603413155807,3
2015-07-23,0.020883035867985424,1.8243058270534716,4,0.02051817470257473,0.01905873004093195,0.017234424213878483,0.013585812559771537,3
2015-08-20,-0.02264526792064026,1.8221696946338415,1,-0.023009701859567026,-0.0244674376152741,-0.026289607309907943,-0.029933946699175623,3
2015-09-18,-0.010898556561193928,1.8662408659513545,6,-0.0112718047343842,-0.012764797427145282,-0.014631038293096638,-0.018363520024999348,3
2015-10-16,-0.01583293399962335,1.8996732404822707,4,-0.016212868647719803,-0.01773260724010562,-0.01963228048058789,-0.023431626961552432,3
2015-11-13,0.0042505369826810364,1.841683800088966,1,0.0038822002226632435,0.0024088531825920707,0.0005671693825031045,-0.0031161982176748275,3
2015-12-14,-0.007261405075757512,1.8157556136319992,4,-0.007624556198483912,-0.009077160689389512,-0.01089291630302151,-0.01452442753028551,3
2016-01-13,-0.02828377849971216,1.7720969000881466,7,-0.02863819787972979,-0.030055875399800307,-0.03182797229988845,-0.035372166100064745,3
2016-02-11,-0.019216366414953775,1.861583325742917,1,-0.019588683080102358,-0.02107794974069669,-0.02293953306643961,-0.026662699717925443,3
2016-03-11,-0.008384326743507564,2.052186138246424,3,-0.008794763971156848,-0.010436512881753988,-0.012488699020000412,-0.01659307129649326,3
2016-04-11,0.0006023652113762659,1.8527476401465142,5,0.00023181568334696302,-0.0012503824287702484,-0.0031031300689167624,-0.006808625349209791,3
2016-05-09,-0.00014390381574819547,1.8471505806663364,2,-0.0005133339318814628,-0.001991054396414532,-0.0038382049770808685,-0.0075325061384135415,3
2016-06-07,-0.007903014276305739,1.9463623264825831,3,-0.008292286741602255,-0.009849376602788323,-0.011795738929270905,-0.01568846358223607,3
2016-07-06,-0.02947309266814837,1.8073325013262187,3,-0.029834559168413613,-0.03128042516947459,-0.033087757670800806,-0.03670242267345324,3
2016-08-03,-0.027000103223919575,1.9143076654968498,5,-0.027382964757018943,-0.028914410889416424,-0.030828718554913273,-0.03465733388590697,3
2016-08-31,-0.019374126914307885,1.9293606775932455,7,-0.019759999049826536,-0.02130348759190113,-0.023232848269494375,-0.027091569624680865,3
2016-09-29,-0.005443619776125743,1.878541578178678,1,-0.005819328091761479,-0.0073221613543044215,-0.0092007029324831,-0.012957786088840455,3
2016-10-27,-0.02212036272235665,1.8241435832341089,3,-0.022485191439003474,-0.02394450630559076,-0.02576864988882487,-0.029416937055293087,3
2016-11-25,-0.008834001213695462,1.9978260568821185,8,-0.009233566425071886,-0.01083182727057758,-0.012829653327459698,-0.016825305441223938,3
2016-12-23,-0.011197992378732436,1.850561616373723,3,-0.01156810470200718,-0.01304855399510616,-0.014899115611479882,-0.01860023884422733,3
2017-01-25,0.0046736410953499815,1.8972912925168077,4,0.00429418283684662,0.0027763498028331736,0.0008790585103163658,-0.00291552407471725,3
2017-02-23,-0.009632052958999021,1.8771961834706605,4,-0.010007492195693152,-0.011509249142469681,-0.013386445325940343,-0.017140837692881664,3
2017-03-23,0.012298770048044215,1.8552906343850863,3,0.011927711921167197,0.010443479413659128,0.008588188779274041,0.004877607510503869,3
2017-04-21,0.007621371627979696,1.8086139407491333,4,0.007259648839829869,0.005812757687230562,0.0040041437464814296,0.00038691586498316305,3
2017-05-19,-0.0023945245949670672,1.82957283778644,3,-0.002760439162524355,-0.004224097432753507,-0.006053670270539947,-0.009712815946112827,3
2017-06-19,-0.0029672023677139617,1.8877424540699843,2,-0.0033447508585279584,-0.004854944821783946,-0.006742687275853931,-0.0105181721839939,3
2017-07-18,0.02113991663167752,1.8656478943098747,2,0.020766787052815545,0.019274268737367647,0.017408620843057773,0.013677325054438022,3
2017-08-15,0.009050543185564187,1.7073418403056582,2,0.008709074817503056,0.007343201345258529,0.00563585950495287,0.002221175824341554,3
2017-09-13,-0.00501015231882681,1.8756674224659116,8,-0.005385285803319992,-0.006885819741292721,-0.008761487163758633,-0.012512822008690456,3
2017-10-11,-0.010313787836750007,1.8693844437197886,2,-0.010687664725493965,-0.012183172280469796,-0.014052556724189584,-0.01779132561162916,3
2017-11-08,0.004498235165165395,1.8087290213109593,4,0.004136489360903203,0.0026895061438544357,0.0008807771225434764,-0.0027366809200784423,3
2017-12-07,0.003734530233267369,1.8767412342049818,2,0.003359181986426373,0.0018577889990623873,-1.8952235142594663e-05,-0.0037724347035525585,3
2018-01-08,-0.02364050967114563,1.8782303698020826,3,-0.024016155745106047,-0.025518740040947712,-0.027396970410749795,-0.03115343115035396,3
2018-02-06,0.0008909165568499729,1.8215791655989166,5,0.0005266007237301896,-0.0009306626087489439,-0.002752241774347861,-0.0063954001055456944,3
2018-03-07,-0.000973733486027458,1.8706146302361335,5,-0.0013478564120746848,-0.0028443481162635917,-0.004714962746499725,-0.008456192006971992,3
2018-04-05,-0.008339094913752764,1.8292402025509613,2,-0.008704942954262957,-0.010168335116303726,-0.011997575318854687,-0.015656055723956612,3
2018-05-03,-0.023296312166037152,1.8215849644088615,1,-0.023660629158918926,-0.025117897130446015,-0.026939482094854875,-0.0305826520236726,3
2018-06-01,0.0033618884388363084,1.9312799199377173,3,0.0029756324548487647,0.001430608518898591,-0.0005006714010391262,-0.004363231240914561,3
2018-06-29,0.015780241332784148,1.826118051764611,3,0.015415017722431226,0.013954123281019536,0.012128005229254927,0.008475769125725705,3
2018-07-30,0.01529601293436813,1.828362483940152,3,0.0149303404375801,0.013467650450427977,0.011639287966487825,0.007982562998607522,3
2018-08-27,0.012627561940946158,1.8555395675955275,1,0.012256454027427054,0.01077202237335063,0.008916482805755103,0.005205403670564049,3
2018-09-25,-0.02159192440136694,1.8223121816737262,7,-0.021956386837701687,-0.02341423658304067,-0.025236548764714394,-0.028881173128061845,3
2018-10-23,0.04769086637554024,1.711948363222541,6,0.047348476702895735,0.0459789180123177,0.04426696964909516,0.040843072922650075,3
2018-11-20,0.030973537415046604,1.7819618241123694,3,0.03061714505022413,0.029191575590934233,0.027409613766821866,0.023845690118597128,3
2018-12-20,0.03645989557760625,1.786502957249911,5,0.03610259498615626,0.03467339262035633,0.032886889663106426,0.029313883748606603,3
2019-01-22,0.00777817283127095,1.9300174881835646,3,0.007392169333634237,0.005848155343087386,0.003918137854903822,5.810287853669216e-05,3
2019-02-20,-0.00187926422667784,1.8795466744800835,5,-0.002255173561573857,-0.0037588109011579235,-0.005638357575638007,-0.009397450924598174,3
2019-03-20,0.01871533285093976,1.8704194091686885,5,0.018341248969106022,0.01684491344177107,0.014974494032602384,0.011233655214265007,3
2019-04-17,0.005642121880037299,1.854550690364052,0,0.005271211741964489,0.0037875711896732467,0.0019330204993091948,-0.0017760808814189094,3
2019-05-16,0.005164252313788937,1.8690924169872818,2,0.004790433830391481,0.0032951598968016553,0.0014260674798143732,-0.0023121173541601906,3
2019-06-14,0.004895628588773927,1.8931680140430798,2,0.004516994985965311,0.0030024605747308473,0.0011092925606877675,-0.002677043467398392,3
2019-07-15,0.013589087280342953,1.859672988675997,4,0.013217152682607754,0.011729414291666957,0.00986974130299096,0.006150395325638965,3
2019-08-12,-0.015610917670786803,1.7900862884640811,0,-0.01596893492847962,-0.017401003959250885,-0.019191090247714964,-0.02277126282464313,3
2019-09-10,0.017527959255179342,1.9491099953205675,4,0.017138137256115227,0.015578849259858774,0.013629739264538207,0.009731519273897073,3
2019-10-08,-0.013137209507715911,1.7823620426499915,3,-0.01349368191624591,-0.014919571550365903,-0.016701933593015895,-0.020266657678315876,3
2019-11-05,-0.03135396394970476,1.9250391482623113,3,-0.03173897177935722,-0.033279003097967066,-0.03520404224622938,-0.039054120542754006,3
2019-12-04,-0.007675979519863588,1.9241022529133283,4,-0.008060799970446253,-0.009600081772776917,-0.011524184025690245,-0.0153723885315169,3
2020-01-03,0.0035978162186026457,1.8943858463765444,4,0.003218939049327337,0.0017034303722261012,-0.00019095547415044333,-0.003979727166903532,3
2020-02-03,-0.02603993605358401,1.7884361653585168,2,-0.02639762328665571,-0.027828372218942524,-0.029616808384301044,-0.033193680715018076,3
2020-03-03,-0.0027050702321444915,1.7740237560185794,2,-0.0030598749833482073,-0.004479093988163071,-0.006253117744181651,-0.00980116525621881,3
2020-03-31,0.016060830800168076,1.6471495423605378,1,0.015731400891695967,0.014413681257807539,0.012766531715447,0.009472232630725923,3
2020-04-29,-0.025004338059980247,1.974914162623459,0,-0.025399320892504938,-0.026979252222603705,-0.028954166385227166,-0.03290399471047408,3
2020-05-28,-0.016220940037113104,1.8669009169828905,2,-0.016594320220509683,-0.018087840954095994,-0.019954741871078884,-0.023688543705044668,3
2020-06-25,0.018955711811816486,1.9013393702129455,3,0.018575443937773897,0.01705437244160354,0.015153033071390595,0.011350354330964704,3
2020-07-24,0.052142401628176654,1.8404244858202254,3,0.05177431673101261,0.05030197714235643,0.048461552656536205,0.044780703684895756,3
2020-08-21,0.006774924575436483,1.8126603847637597,2,0.006412392498483731,0.004962264190672723,0.0031496038059089636,-0.00047571696361855577,3
2020-09-21,0.03995208107748372,1.8391979709713575,5,0.03958424148328945,0.03811288310651236,0.03627368513554101,0.03259528919359829,3
2020-10-19,0.013244054704942838,1.8676961099378828,2,0.012870515482955262,0.011376358595004955,0.009508662485067073,0.005773270265191307,3
2020-11-16,0.012917012848389284,1.9452663446335283,3,0.012527959579462579,0.010971746503755757,0.009026480159122227,0.005135947469855171,3
2020-12-15,-0.06170770957114726,1.9284234774030011,3,-0.06209339426662786,-0.06363613304855026,-0.06556455652595326,-0.06942140348075926,3
2021-01-14,-0.02285509905803498,2.034998954367952,5,-0.02326209884890857,-0.024890098012402932,-0.026925096966770885,-0.030995094875506786,3
2021-02-12,-0.010492466519889911,2.0054735333712013,0,-0.010893561226564152,-0.012497940053261113,-0.014503413586632314,-0.018514360653374716,3
2021-03-15,0.036691350330063904,1.909444595535113,2,0.03630946141095688,0.034781905734528794,0.032872461138993676,0.029053571947923452,3
2021-04-13,-0.022529651739911533,1.7681948937394958,3,-0.02288329071865943,-0.02429784663365103,-0.026066041527390525,-0.029602431314869518,3
2021-05-11,0.0009713607911330789,1.8313141946325187,4,0.0006050979522065751,-0.0008599534034994399,-0.0026912675981319587,-0.006353895987396996,3
2021-06-09,-0.020265318855596008,1.948003033561382,3,-0.020654919462308286,-0.02221332188915739,-0.02416132492271877,-0.028057330989841537,3
2021-07-08,0.04168551300399513,1.866735880774142,3,0.0413121658278403,0.03981877712322099,0.037952041242446846,0.03421856948089856,3
2021-08-05,-0.00164905071647531,1.7693400484387163,1,-0.0020029187261630535,-0.0034183907649140265,-0.005187730813352743,-0.008726410910230175,3
2021-09-02,0.0034891010697123857,1.873199014599273,2,0.003114461266792531,0.0016159020551131126,-0.0002572969594861604,-0.0040036949886847065,3
2021-10-01,0.0076005465413871405,1.7233679413911094,2,0.007255872953108918,0.005877178599996031,0.0041538106586049214,0.0007070747758227032,3
2021-10-29,0.012680778759825935,1.846940538211283,4,0.012311390652183679,0.010833838221614652,0.00898689768340337,0.0052930166069808035,3
2021-11-29,0.05141861938019819,1.8578646443436226,4,0.051047046451329466,0.04956075473585457,0.04770289009151095,0.0439871608028237,3
2021-12-28,-0.06526231250171143,1.7891891956419779,1,-0.06562015034083982,-0.0670515016973534,-0.06884069089299538,-0.07241906928427934,3
2022-01-26,-0.0072403916496476175,1.786449309506356,2,-0.0075976815115488885,-0.009026840959153973,-0.01081329026866033,-0.014386188887673042,3
2022-02-24,0.014139008624044847,1.886797570787014,3,0.013761649109887444,0.012252211053257833,0.010365413482470819,0.006591818340896791,3
2022-03-24,0.028284525997061515,1.8796294984157296,2,0.027908600097378368,0.026404896498645785,0.024525267000230055,0.020766008003398596,3
2022-04-22,-0.013983710580748019,1.7593100612095371,3,-0.014335572592989926,-0.015743020641957556,-0.017502330703167094,-0.02102095082558617,3
2022-05-20,0.026940853695148252,1.7689803613644823,1,0.026587057622875356,0.02517187333378377,0.023402892972419286,0.019864932249690322,3
2022-06-21,-0.024353291495705393,1.8391702061867208,2,-0.024721125536942737,-0.026192461701892114,-0.028031631908078836,-0.03170997232045228,3
2022-07-20,-0.017095704013187395,1.963312307725761,3,-0.017488366474732547,-0.019059016320913155,-0.02102232862863892,-0.024948953244090438,3
2022-08-17,0.005751968815842816,1.9554993528125058,1,0.0053608689452803145,0.00379646946303031,0.0018409701102178044,-0.002070028595407207,3
2022-09-15,0.05448643162607117,1.8153092203796792,3,0.05412336978199523,0.05267112240569149,0.05085581318531181,0.04722519474455245,3
2022-10-13,0.040697601832610605,1.7255613435829442,1,0.04035248956389401,0.03897204048902766,0.03724647914544472,0.03379535645827883,3
2022-11-10,0.011141939463423635,1.861355383903548,10,0.010769668386642926,0.009280584079520086,0.007419228695616538,0.003696517927809443,3
2022-12-09,-0.001304048391651994,1.8462420173388363,7,-0.0016732967951197612,-0.0031502904089908304,-0.004996532426329667,-0.008689016461007339,3
2023-01-10,0.0207252865370305,1.8762613921694948,4,0.0203500342585966,0.018849025144861004,0.016972763752691508,0.013220240968352519,3
2023-02-08,0.04452056886846653,1.927694715339683,4,0.0441350299253986,0.04259287415312685,0.04066517943778716,0.036809790007107795,3
2023-03-09,-0.013452603173348576,1.7507324204222066,3,-0.013802749657433017,-0.015203335593770783,-0.01695406801419299,-0.0204555328550374,3
2023-04-06,0.018017056263897012,1.882176270320597,2,0.017640621009832894,0.016134879993576413,0.014252703723255818,0.010488351182614623,3
2023-05-05,0.03382941371467514,1.8361786541325391,3,0.03346217798384863,0.0319932350605426,0.030157056406410063,0.026484699098144986,3
2023-06-05,0.03126746832171225,1.7897226389197174,5,0.030909523793928303,0.02947774568279253,0.02768802304387281,0.024108577766033378,3
2023-07-05,0.021091938646929105,1.7920197496337593,3,0.020733534697002353,0.019299918897295345,0.017507899147661585,0.013923859648394068,3
2023-08-02,0.01195360951169507,1.863958091596381,2,0.011580817893375794,0.01008965142009869,0.008225693328502308,0.004497777145309546,3
2023-08-30,-0.0006711204550684481,1.8440551557604645,3,-0.001039931486220541,-0.0025151756108289123,-0.0043592307665893774,-0.008047341078110306,3
2023-09-28,0.013081331789007495,1.7563790490718802,3,0.012730055979193118,0.011324952739935614,0.009568573690863735,0.006055815592719974,3
2023-10-26,0.03749101748278491,1.7265687918419759,7,0.037145703724416515,0.03576444869094293,0.03403787989910096,0.030584742315417007,3
2023-11-24,-0.03548512364424419,1.945564068024951,3,-0.035874236457849186,-0.037430687712269144,-0.039376251780294094,-0.043267379916343995,3
2006-01-10,0.0036721380075281926,0.9999999999999983,1,0.003472138007528193,0.0026721380075281943,0.001672138007528196,-0.00032786199247180053,4
2006-02-08,-0.006061571965778904,1.8344503580630307,4,-0.00642846203739151,-0.007896022323841935,-0.009730472681904965,-0.013399373398031027,4
2006-03-09,0.014045037698205334,1.8044859927698593,5,0.013684140499651361,0.012240551705435474,0.010436065712665615,0.006827093727125896,4
2006-04-06,0.014527907371167425,1.8874943347383628,2,0.014150408504219752,0.01264041303642906,0.010752918701690699,0.006977930032213973,4
2006-05-05,-0.008595066193320384,1.8098168221348108,7,-0.008957029557747347,-0.010404883015455195,-0.012214699837590007,-0.015834333481859628,4
2006-06-05,-0.009235742257536107,1.8300838383486433,6,-0.009601759025205835,-0.01106582609588475,-0.012895909934233393,-0.01655607761093068,4
2006-07-03,-0.005861820513928641,1.8668640948848878,4,-0.006235193332905619,-0.007728684608813529,-0.009595548703698418,-0.013329276893468193,4
2006-08-01,-0.009746951305695115,1.8244227594547682,2,-0.01011183585758607,-0.011571374065149884,-0.013395796824604652,-0.017044642343514188,4
2006-08-29,-0.030089508996965917,1.8477793849542832,2,-0.030459064873956773,-0.0319372883819202,-0.03378506776687448,-0.03748062653678305,4
2006-09-27,-0.014241523011043752,1.8599005695174777,4,-0.014613503124947247,-0.016101423580561228,-0.017961324150078707,-0.021681125289113663,4
2006-10-25,-0.005333259213223046,1.9051241883669243,5,-0.005714284050896431,-0.007238383401589971,-0.009143507589956894,-0.012953755966690742,4
2006-11-22,0.0003846353867181784,1.909867961020915,4,2.661794513995387e-06,-0.0015252325743027367,-0.003435100535323652,-0.007254836457365482,4
2006-12-21,-0.0069500246529803685,1.8318432875408497,9,-0.0073163933104885386,-0.008781867940521219,-0.010613711228062067,-0.014277397803143767,4
2007-01-24,0.0018581213337267224,1.8485333853045778,11,0.0014884146566658068,9.58794842214456e-06,-0.0018389454368824333,-0.005536012207491589,4
2007-02-22,-0.0036104873959411444,1.8926420950110947,0,-0.003989015814943363,-0.00550312949095224,-0.007395771585963334,-0.011181055775985525,4
2007-03-22,0.0036884136356637584,1.849814070561043,12,0.0033184508215515496,0.0018385995651027153,-1.1214505458327813e-05,-0.003710842646580414,4
2007-04-20,-0.004513889044426589,1.8855331283435297,2,-0.004890995670095296,-0.0063994221727701195,-0.008284955301113648,-0.012056021557800708,4
2007-05-18,0.0016067513094185598,1.8985504989400148,4,0.0012270412096305567,-0.0002917991895214551,-0.00219034968846147,-0.005987450686341499,4
2007-06-18,0.015441746433166646,1.8458882352395343,7,0.01507256878611874,0.013595858197927111,0.011749969962687578,0.008058193492208508,4
2007-07-17,0.0033409819465649547,1.8151393263943971,6,0.002977954081286075,0.0015258426201705576,-0.0002892967062238395,-0.003919575359012634,4
2007-08-14,-0.02006978381223368,1.7708860718274804,6,-0.020423961026599175,-0.02184066988406116,-0.023611555955888642,-0.0271533280995436,4
2007-09-12,-0.016405825241878058,1.8698437162521369,7,-0.016779793985128487,-0.018275668958130195,-0.020145512674382332,-0.023885200106886606,4
2007-10-10,0.004217936559727954,1.93643758713975,9,0.0038306490423000044,0.0022814989725882043,0.00034506138544845464,-0.003527813788831045,4
2007-11-07,-0.00727443264646681,1.8044109728829727,6,-0.007635314841043404,-0.009078843619349783,-0.010883254592232754,-0.0144920765379987,4
2007-12-06,0.01749120734371482,1.808374913137989,5,0.017129532361087222,0.01568283243057683,0.013874457517438842,0.010257707691162863,4
2008-01-07,0.04857459275454722,1.7675050651239654,3,0.04822109174152243,0.04680708768942326,0.045039582624299294,0.04150457249405136,4
2008-02-05,0.019436404752224214,1.7748456866308127,2,0.019081435614898053,0.017661559065593403,0.015886713378962587,0.012337022005700964,4
2008-03-05,0.0014371224123089568,1.8035436628196957,3,0.0010764136797450177,-0.0003664212505107389,-0.0021699649133304346,-0.005777052238969826,4
2008-04-03,0.0042896038447872605,1.8815069983800083,3,0.003913302445111259,0.0024080968464072518,0.0005265898480272435,-0.0032364241487327734,4
2008-05-01,-0.012240145041075913,1.8438581445453965,3,-0.012608916669984992,-0.01408400318562131,-0.015927861330166704,-0.019615577619257498,4
2008-05-30,0.008178086316709595,1.8335598916595468,4,0.007811374338377686,0.006344526425050049,0.004510966533390502,0.0008438467500714083,4
2008-06-27,0.0014396670816100548,1.7797465747855752,1,0.0010837177666529398,-0.00034007949317552046,-0.002119826067961096,-0.005679319217532246,4
2008-07-28,0.0039025563736644056,1.8705817461140994,1,0.0035284400244415858,0.002031974627550306,0.0001613928814362068,-0.003579770610791992,4
2008-08-25,0.018344603579035123,1.888525730464182,6,0.017966898432942288,0.016456077848570942,0.014567552118106758,0.010790500657178395,4
2008-09-23,-0.03564200585449868,1.7997111045769663,5,-0.03600194807541407,-0.037441716959075645,-0.03924142806365261,-0.04284085027280654,4
2008-10-21,0.062457902293223476,1.661494148052737,3,0.06212560346361293,0.06079640814517074,0.059134913997118004,0.055811925701012524,4
2008-11-18,-0.023054957740516236,1.6647539514899794,3,-0.023387908530814232,-0.024719711692006215,-0.026384465643496197,-0.029713973546476154,4
2008-12-17,-0.010839590291930618,1.9340965464794595,1,-0.01122640960122651,-0.012773686838410077,-0.014707783384889537,-0.018575976477848456,4
2009-01-16,-0.055837183395181046,1.7131500672826696,2,-0.05617981340863758,-0.057550333462463715,-0.059263483529746384,-0.06268978366431173,4
2009-02-17,0.004956799963767017,1.7972208324680519,0,0.004597355797273407,0.0031595791312989652,0.0013623582988309133,-0.0022320833661051906,4
2009-03-17,0.020112702680693817,1.7876465427458197,2,0.019755173372144653,0.018325056137947996,0.01653740959520218,0.012962116509710537,4
2009-04-15,0.01991194647429164,1.9635011744168835,0,0.019519246239408265,0.017948445299874757,0.015984944125457874,0.012057941776624106,4
2009-05-13,-0.01509205667939801,1.8333413786773773,0,-0.015458724955133485,-0.016925398058075386,-0.018758739436752766,-0.02242542219410752,4
2009-06-11,0.01616930783781574,1.9436228286484936,2,0.015780583272086042,0.014225685009167247,0.012282062180518754,0.008394816523221767,4
2009-07-10,0.010876578037542547,1.772873749833561,4,0.010522003287575835,0.009103704287708986,0.007330830537875425,0.0037850830382083027,4
2009-08-07,0.011550765823509862,2.0315806073444613,2,0.01114444970204097,0.009519185216165401,0.007487604608820939,0.003424443394132016,4
2009-09-04,-0.036966964138969584,1.8675695570831394,3,-0.03734047805038621,-0.03883453369605272,-0.04070210325313586,-0.04443724236730214,4
2009-10-05,0.016251347424699004,1.9157992535010053,6,0.015868187573998802,0.014335548171197999,0.012419748917696994,0.008588150410694984,4
2009-11-02,0.009925538461300861,1.7201591031145609,3,0.00958150664067795,0.0082053793581863,0.00648522025507174,0.003044902048842618,4
2009-12-01,0.002682785861744565,1.8775243098556864,2,0.0023072809997734278,0.0008052615518888786,-0.0010722627579668078,-0.004827311377678181,4
2009-12-30,-0.006233885594930324,1.8254320938929425,3,-0.006598972013708913,-0.008059317688823267,-0.00988474978271621,-0.013535613970502094,4
2010-01-29,-0.0008827901022654173,1.7480789024778356,3,-0.0012324058827609845,-0.0026308690047432528,-0.004378947907221088,-0.00787510571217676,4
2010-03-01,-0.0011752920876035556,1.893743311009588,2,-0.0015540407498054732,-0.0030690353986131437,-0.004962778709622731,-0.008750265331641909,4
2010-03-29,-0.0024421377039527035,1.9104113326251537,6,-0.0028242199704777344,-0.004352549036577858,-0.006262960369203012,-0.01008378303445332,4
2010-04-27,-0.003570612828322669,1.8482990862217104,3,-0.003940272645567011,-0.00541891191454438,-0.007267211000766089,-0.01096380917320951,4
2010-05-25,0.0071819392584396265,1.7737183807750778,3,0.006827195582284611,0.005408220877664549,0.003634502496889471,8.706573533931537e-05,4
2010-06-23,-0.008085265880441008,1.8370601052299598,2,-0.008452677901487,-0.009922325985670968,-0.011759386090900928,-0.015433506301360847,4
2010-07-22,0.0014710177917206476,1.8504775131648215,5,0.0011009222890876833,-0.0003794597214441739,-0.0022299372346089954,-0.005930892260938639,4
2010-08-19,-0.000732739930400502,1.8585133934801943,2,-0.001104442609096541,-0.0025912533238806965,-0.004449766717360891,-0.00816679350432128,4
2010-09-17,-0.008479144398829765,1.9224956643455804,3,-0.008863643531698882,-0.010401640063175345,-0.012324135727520925,-0.01616912705621209,4
2010-10-15,-0.011686990001411997,1.8894726979598697,4,-0.01206488454100397,-0.013576462699371867,-0.015465935397331737,-0.019244880793251477,4
2010-11-12,-0.03551182329953195,1.863065186817576,3,-0.03588443633689547,-0.03737488848634953,-0.039237953673167104,-0.042964084046802256,4
2010-12-13,0.030501882874030536,1.9650892836417706,3,0.030108865017302183,0.028536793590388767,0.026571704306746994,0.02264152573946345,4
2011-01-11,0.026052053440039295,1.8432574400017365,3,0.02568340195203895,0.024208796000037558,0.02236553856003582,0.01867902368003235,4
2011-02-09,0.004645255870151009,1.807516474765283,8,0.004283752575197952,0.0028377393953857256,0.0010302229206204426,-0.0025848100289101233,4
2011-03-10,0.0035580266178347644,1.8450496478095515,2,0.003189016688272854,0.0017129769700252129,-0.00013207267778433864,-0.0038221719734034417,4
2011-04-07,-0.009007324215002908,1.8220049490878283,7,-0.009371725204820474,-0.010829329164090736,-0.012651334113178566,-0.016295344011354223,4
2011-05-06,-0.008912098110066238,1.8845159241239051,4,-0.00928900129489102,-0.010796614034190143,-0.012681129958314049,-0.016450161806561857,4
2011-06-06,0.005000597125768768,1.8054998044104593,8,0.004639497164886676,0.003195097321358308,0.001389597516947849,-0.00222140209187307,4
2011-07-05,0.0040694155077263625,1.90814348195769,3,0.0036877868113348246,0.0021612720257686725,0.0002531285438109828,-0.003563158420104397,4
2011-08-02,0.02462262716109366,1.7543352730368287,4,0.024271760106486295,0.022868291888056832,0.021113956615020003,0.017605286068946346,4
2011-08-30,-0.0011186009100007514,1.82321945261916,4,-0.0014832448005245834,-0.0029418203626199115,-0.004765039815239071,-0.008411478720477391,4
2011-09-28,0.030275750501844726,1.7455612413429518,3,0.029926638253576134,0.028530189260501774,0.02678462801915882,0.02329350553647292,4
2011-10-26,-0.017694439648538472,1.8234187169960756,1,-0.018059123391937687,-0.019517858365534546,-0.021341277082530623,-0.024988114516522775,4
2011-11-23,-0.008192681224257002,1.7839897459320142,7,-0.008549479173443404,-0.009976670970189016,-0.01176066071612103,-0.015328640207985059,4
2011-12-22,0.018917049686675885,1.9503150833354423,2,0.018526986670008797,0.01696673460334044,0.015016419520005,0.011115789353334115,4
2012-01-24,0.017463259034532157,1.8859082359750077,4,0.017086077387337154,0.01557735079855715,0.013691442562582142,0.009919626090632126,4
2012-02-22,0.012730996542112615,1.8709556755526628,4,0.012356805407002082,0.010860040866559952,0.008989085191007289,0.005247173839901963,4
2012-03-21,0.004674832973972902,1.877557811332158,2,0.00429932141170647,0.002797275162640744,0.0009197173513085855,-0.0028353982713557307,4
2012-04-19,-0.02333931517792565,1.7510672054360001,4,-0.02368952861901285,-0.02509038238336165,-0.02684144958879765,-0.03034358399966965,4
2012-05-17,0.014973478700101895,1.818232927066812,3,0.014609832114688533,0.013155245773035083,0.011337012845968272,0.0077005469918346465,4
2012-06-15,0.008445307271528514,1.8899602598750507,3,0.008067315219553504,0.006555347011653463,0.004665386751778413,0.0008854662320283112,4
2012-07-16,0.0035235525548582697,1.8712202283947554,2,0.0031493085091793185,0.0016523323264635143,-0.00021888790193124114,-0.003961328358720752,4
2012-08-13,-0.01093807831016708,1.9005393237718742,2,-0.011318186174921455,-0.012838617633938953,-0.014739156957710829,-0.018540235605254578,4
2012-09-11,0.0038197795164932827,1.9168231488761776,6,0.003436414886718047,0.001902956367617105,-1.3866781259072591e-05,-0.003847513079011428,4
2012-10-09,0.019301981933293178,1.7583642671569533,0,0.018950309079861786,0.017543617666136224,0.015785253398979272,0.012268524864665365,4
2012-11-08,0.0014679536456037982,1.8042960224123903,3,0.0011070944411213201,-0.00033634237680859203,-0.002140638399220982,-0.005749230444045763,4
2012-12-07,0.0022101443806295216,1.880807576042673,7,0.001833982865420987,0.0003293368045868487,-0.0015514707714558242,-0.00531308592354117,4
2013-01-08,0.017725073730816315,1.877225702104856,3,0.017349628590395343,0.015847848028711458,0.013970622326606603,0.010216170922396892,4
2013-02-06,-0.006166276831517589,1.915192742686216,5,-0.006549315380054832,-0.008081469574203805,-0.009996662316890021,-0.013827047802262453,4
2013-03-07,0.008081636532667868,1.9115929124814035,1,0.007699317950171587,0.006170043620186465,0.004258450707705061,0.00043526488274225374,4
2013-04-05,-0.013064507741928173,1.8659588183170475,3,-0.013437699505591582,-0.01493046656024522,-0.01679642537856227,-0.020528343015196363,4
2013-05-03,-0.0037402067812767285,1.8259358410688598,0,-0.004105393949490501,-0.005566142622345588,-0.007392078463414448,-0.011043950145552168,4
2013-06-03,-0.01288122001193896,1.9277348158184406,2,-0.013266766975102649,-0.014808954827757402,-0.01673668964357584,-0.020592159275212723,4
2013-07-01,0.0012618197113719227,1.880966102272876,3,0.0008856264909173474,-0.0006191463909009534,-0.0025001124931738295,-0.006262044697719581,4
2013-07-30,-0.013364495846241942,1.987644862092868,3,-0.013762024818660516,-0.01535214070833481,-0.017339785570427677,-0.021315075294613413,4
2013-08-27,-0.014609591641375014,1.889620535967582,1,-0.01498751574856853,-0.016499212177342595,-0.01838883271331018,-0.02216807378524534,4
2013-09-25,-0.009902557729926043,1.8919270808727573,4,-0.010280943146100594,-0.0117944848107988,-0.013686411891671557,-0.01747026605341707,4
2013-10-23,0.004838938882799213,1.7901656090865217,7,0.004480905760981909,0.0030487732737126917,0.0012586076646261698,-0.0023217235535468736,4
2013-11-20,-0.008601205482391693,1.855199629608695,3,-0.008972245408313432,-0.010456405112000388,-0.012311604741609083,-0.016022004000826474,4
2013-12-19,-0.0009433989282409289,1.8911631191743292,2,-0.0013216315520757948,-0.002834562047415258,-0.004725725166589588,-0.008508051404938245,4
2014-01-21,-0.00029766847070174197,1.8780786723300578,4,-0.0006732842051677536,-0.0021757471430317995,-0.0040538258153618575,-0.007809983160021973,4
2014-02-19,0.0010501032874009003,1.8632228318087027,3,0.0006774587210391597,-0.0008131195444078024,-0.002676342376216505,-0.006402788039833911,4
2014-03-19,0.012171275401658944,1.888879237136907,1,0.011793499554231562,0.010282396164522038,0.00839351692738513,0.004615758453111316,4
2014-04-16,-0.0005664000133765968,1.7809263619157902,3,-0.0009225852857597549,-0.002347326375292387,-0.004128252737208177,-0.007690105461039758,4
2014-05-15,-0.008577012934945576,1.824139235771128,1,-0.008941840782099801,-0.010401152170716703,-0.012225291406487832,-0.015873569878030087,4
2014-06-13,-0.00700450986005144,1.9265585301347825,3,-0.007389821566078396,-0.008931068390186222,-0.010857626920321006,-0.014710743980590569,4
2014-07-14,0.023654481975652775,1.853595018514094,2,0.023283762971949958,0.021800886957138683,0.019947291938624587,0.0162401019015964,4
2014-08-11,-0.016867347179044,1.7835927759262251,1,-0.017224065734229244,-0.018650939954970226,-0.02043453273089645,-0.0240017182827489,4
2014-09-09,0.0032524430151716,1.9236686639569054,1,0.002867709282380219,0.0013287743512146945,-0.0005948943127422109,-0.004442231640656022,4
2014-10-07,-0.012527945390500264,1.769858757266432,0,-0.012881917141953551,-0.014297804147766695,-0.016067662905033128,-0.019607380419565994,4
2014-11-04,-0.022657395404778694,1.9344055118491832,2,-0.02304427650714853,-0.024591800916627878,-0.02652620642847706,-0.030395017452175425,4
2014-12-03,-0.018433703360062285,1.9231215409771476,3,-0.018818327668257716,-0.020356824901039433,-0.02227994644201658,-0.026126189523970875,4
2015-01-02,0.01171100166358479,1.8872491074087272,5,0.011333551842103044,0.009823752556176063,0.007936503448767335,0.004162005233949881,4
2015-02-02,-0.00651439488854711,1.7798487248767976,5,-0.006870364633522469,-0.008294243613423907,-0.010074092338300705,-0.0136337897880543,4
2015-03-03,-0.005955843135940449,1.9606339103484982,3,-0.006347969918010148,-0.007916477046288947,-0.009877110956637444,-0.013798378777334442,4
2015-03-31,-0.006361193254455688,1.9042980862363679,5,-0.006742052871702962,-0.008265491340692056,-0.010169789426928423,-0.01397838559940116,4
2015-04-29,0.026346087630186737,1.8397059854918565,5,0.025978146433088364,0.02450638164469488,0.022666675659203023,0.018987263688219312,4
2015-05-28,0.005020032750201257,1.8545553013900256,2,0.004649121689923251,0.003165477448811231,0.0013109221474212054,-0.002398188455358846,4
2015-06-25,0.004196641666445164,1.8699887518631797,4,0.003822643916072528,0.002326652914581984,0.00045666416271880443,-0.003283313341007555,4
2015-07-24,0.030413041527838563,1.8307472879021163,1,0.030046892070258138,0.028582294239936447,0.02675154695203433,0.023090052376230095,4
2015-08-21,-0.004855012636999972,1.808047823177685,2,-0.005216622201635509,-0.006663060460177657,-0.008471108283355342,-0.012087203929710712,4
2015-09-21,-0.01537512737825994,1.8928253148730163,5,-0.01575369244123454,-0.017267952693132957,-0.019160778008005974,-0.022946428637752005,4
2015-10-19,-0.0007454669935644026,1.8934125977512204,1,-0.0011241495131146468,-0.002638879591315623,-0.004532292189066843,-0.008319117384569284,4
2015-11-16,-0.002257386370286385,1.8394198135983915,0,-0.002625270333006063,-0.004096806183884777,-0.005936225997483168,-0.009615065624679951,4
2015-12-15,-0.013218046085599695,1.7947341174090956,2,-0.013576992909081514,-0.01501278020300879,-0.016807514320417886,-0.020396982555236077,4
2016-01-14,-0.04419878472876411,1.7439798225541994,7,-0.04454758069327495,-0.04594276455131831,-0.047686744373872506,-0.05117470401898091,4
2016-02-12,0.016106541641692045,1.8408438457580494,2,0.015738372872540436,0.014265697795933997,0.012424853950175946,0.008743166258659847,4
2016-03-14,0.007636083821609035,2.014510835803448,3,0.007233181654448345,0.005621572985805587,0.0036070621500021395,-0.0004219595216047563,4
2016-04-12,-0.002018564540349963,1.8492660214022942,5,-0.002388417744630422,-0.0038678305617522576,-0.005717096583154552,-0.009415628625959141,4
2016-05-10,-0.002239972059790309,1.8209395221276623,1,-0.0026041599642158413,-0.004060911581917971,-0.005881851104045634,-0.00952373014830096,4
2016-06-08,-0.007932998459718454,1.8599002001683902,4,-0.008304978499752133,-0.009792898659886844,-0.011652798860055234,-0.015372599260392014,4
2016-07-07,-0.011265145929304242,1.8157159559461853,4,-0.01162828912049348,-0.013080861885250428,-0.014896577841196613,-0.018528009753088985,4
2016-08-04,-0.026677868453784417,1.9080257039890678,6,-0.02705947359458223,-0.028585894157773486,-0.03049391986176255,-0.03430997126974069,4
2016-09-01,-0.0077478737554601265,1.9387062603078675,4,-0.0081356150075217,-0.009686580015767995,-0.011625286276075862,-0.015502698796691597,4
2016-09-30,-0.0058191455544806,1.8693729866263882,4,-0.006193020151805877,-0.007688518541106988,-0.009557891527733377,-0.013296637500986152,4
2016-10-28,-0.0024356349300115976,1.7915034564042447,0,-0.0027939356212924463,-0.004227138386415842,-0.006018641842820087,-0.009601648755628576,4
2016-11-28,-0.0007634130741949826,2.0037687491737532,7,-0.0011641668240297332,-0.002767181823368736,-0.0047709505725424895,-0.008778488070889996,4
2016-12-27,-0.012057219692229533,1.8495242103257288,2,-0.01242712453429468,-0.013906743902555262,-0.01575626811288099,-0.019455316533532448,4
2017-01-26,-0.017713715515125614,1.88709319912193,5,-0.01809113415495,-0.019600808714247544,-0.021487901913369474,-0.025262088311613334,4
2017-02-24,-0.02689623171934625,1.9357876747450073,4,-0.02728338925429525,-0.028832019394091257,-0.030767807068836264,-0.03463938241832628,4
2017-03-24,-0.0009962962490925814,1.8700639843893805,5,-0.0013703090459704576,-0.002866360233481962,-0.004736424217871342,-0.008476552186650103,4
2017-04-24,-0.02307970815146428,1.8588353654973968,3,-0.02345147522456376,-0.024938543516961675,-0.026797378882459075,-0.030515049613453867,4
2017-05-22,-0.003647982325162241,1.827358045133272,1,-0.004013453934188896,-0.005475340370295513,-0.007302698415428785,-0.01095741450569533,4
2017-06-20,0.007134375325254715,1.851244020932315,1,0.0067641265210682516,0.0052831313043224,0.0034318872833900846,-0.0002706007584745455,4
2017-07-19,0.01081737232550627,1.863612676767632,4,0.010444649790152744,0.008953759648738638,0.007090146971971006,0.0033629216184357415,4
2017-08-16,0.014998252584609776,1.7972254255814486,1,0.014638807499493487,0.013201027159028328,0.011403801733446878,0.007809350882283981,4
2017-09-14,-0.0018773744010942394,1.8378243850786136,3,-0.002244939278109962,-0.003715198786172853,-0.005553023171251467,-0.009228671941408693,4
2017-10-12,-0.019796800588808214,1.911850333403649,2,-0.020179170655488944,-0.021708650922211862,-0.02362050125561551,-0.02744420192242281,4
2017-11-09,-0.0020955156763269346,1.8005427386949444,6,-0.0024556242240659234,-0.003896058415021879,-0.005696601153716823,-0.009297686631106711,4
2017-12-08,-0.012699210694043846,1.9133342465109007,1,-0.013081877543346027,-0.014612544940554747,-0.016525879187065648,-0.02035254768008745,4
2018-01-09,0.010674116895718835,1.8927753429353764,4,0.01029556182713176,0.00878134155278346,0.006888566209848082,0.003103015523977329,4
2018-02-07,-0.012678277116059022,1.8786997850588232,4,-0.013054017073070787,-0.014556976901117845,-0.016435676686176667,-0.020193076256294316,4
2018-03-08,0.010042348572752212,1.935017867689324,5,0.009655344999214346,0.008107330705062888,0.006172312837373564,0.0023022771019949153,4
2018-04-06,0.003665406272860647,1.799525936037432,3,0.0033055010856531605,0.0018658803368232146,6.63544007857824e-05,-0.003532697471289082,4
2018-05-04,-0.019053777191615995,1.9015395585911536,2,-0.019434085103334227,-0.020955316750207148,-0.0228568563087983,-0.026659935425980608,4
2018-06-04,0.0008903749416840342,1.958806897350056,2,0.0004986135622140229,-0.001068431955666022,-0.003027238853016078,-0.006944852647716191,4
2018-07-02,0.01740253132702776,1.8864648097478676,5,0.017025238365078188,0.015516066517279894,0.013629601707532026,0.00985667208803629,4
2018-07-31,0.03224288810950787,1.843687360703668,3,0.03187415063736714,0.030399200748804204,0.028555513388100535,0.0248681386666932,4
2018-08-28,-0.007258256254461026,1.8633779736806968,1,-0.007630931849197165,-0.009121634228141723,-0.01098501220182242,-0.014711768149183815,4
2018-09-26,-0.02234175256794679,1.8774185155354917,7,-0.02271723627105389,-0.02421917108348228,-0.026096589599017773,-0.029851426630088756,4
2018-10-24,0.05101429548472878,1.7685669030448214,3,0.05066058210411981,0.04924572858168396,0.047477161678639135,0.04394002787254949,4
2018-11-21,0.04092364566538908,1.8215035207475148,6,0.04055934496123958,0.03910214214464156,0.03728063862389405,0.03363763158239902,4
2018-12-21,0.01873469798665167,1.6945931286140976,1,0.018395779360928854,0.017040104858037575,0.015345511729423476,0.011956325472195281,4
2019-01-23,-0.0006486470422281787,1.936971812823674,4,-0.0010360414047929135,-0.0025856188550518527,-0.0045225906678755265,-0.008396534293522875,4
2019-02-21,-0.01250483883628013,1.9145951730763675,3,-0.012887757870895402,-0.014419434009356497,-0.016334029182432864,-0.0201632195285856,4
2019-03-21,0.06025393821344731,1.8346017491640367,3,0.0598870178636145,0.058419336464283274,0.05658473471511923,0.05291553121679116,4
2019-04-18,0.033361885454690744,1.7794469138011118,0,0.03300599607193052,0.03158243854088963,0.02980299162708852,0.026244097799486298,4
2019-05-17,0.03922980981593812,1.8154037995663685,2,0.03886672905602485,0.03741440601637175,0.035599002216805384,0.03196819461767265,4
2019-06-17,0.011969102036288922,1.8176403926725095,4,0.01160557395775442,0.010151461643616412,0.008333821250943903,0.004698540465598883,4
2019-07-16,-0.019148249644907918,1.770179372795147,3,-0.019502285519466946,-0.020918429017703064,-0.022688608390498213,-0.026228967136088507,4
2019-08-13,-0.01552018103619811,1.8374272505596039,0,-0.015887666486310032,-0.017357608286757715,-0.01919503553731732,-0.022869890038436525,4
2019-09-11,0.018542299122321183,1.9248801827658433,6,0.018157323085768014,0.016617418939555338,0.014692538756789495,0.010842778391257808,4
2019-10-09,0.01256376375119619,1.7616725761781977,3,0.01221142923596055,0.010802091175017993,0.009040418598839795,0.0055170734464834,4
2019-11-06,-0.02956824869233341,1.871274866180578,5,-0.029942503665569525,-0.03143952355851399,-0.03331079842469457,-0.03705334815705572,4
2019-12-05,-0.005834861828719845,1.961307536926244,4,-0.006227123336105094,-0.007796169365646088,-0.009757476902572334,-0.013680091976424821,4
2020-01-06,-0.018569950472408576,1.9049419183749545,4,-0.018950938856083566,-0.020474892390783532,-0.022379834309158485,-0.026189718145908394,4
2020-02-04,0.005710586802167381,1.8185258137562161,4,0.005346881639416138,0.003892060988411165,0.002073535174654949,-0.0015635164528574833,4
2020-03-04,-0.0008030018602332447,1.7531888645139704,2,-0.0011536396331360387,-0.0025561907247472152,-0.004309379589261185,-0.007815757318289126,4
2020-04-01,-0.025557781168484027,1.6047961301305445,2,-0.025878740394510137,-0.02716257729861457,-0.028767373428745115,-0.0319769656890062,4
2020-04-30,-0.026897770428856126,2.0834494371760193,0,-0.02731446031629133,-0.028981219866032144,-0.031064669303208163,-0.0352315681775602,4
2020-05-29,-0.04849300629088274,1.9257738098686294,3,-0.048878161052856466,-0.05041878010075137,-0.05234455391062,-0.056196101530357256,4
2020-06-26,0.0035121668841425475,1.9391768238148395,0,0.0031243315193795794,0.0015729900603277081,-0.00036618676348713127,-0.0042445404111168105,4
2020-07-27,0.0431784350834339,1.9588389646849793,5,0.042786667290496905,0.04121959611874892,0.03926075715406394,0.035343079224693985,4
2020-08-24,-0.00923416296363727,1.7836289023823293,1,-0.009590888744113735,-0.011017791866019599,-0.012801420768401928,-0.016368678573166588,4
2020-09-22,0.03871509530919641,1.839093012865027,6,0.038347276706623405,0.03687600229633138,0.03503690928346635,0.0313587232577363,4
2020-10-20,0.0006929945459021932,1.895228410571358,1,0.0003139488637879216,-0.0012022338646691649,-0.0030974622752405227,-0.006887919096383239,4
2020-11-17,0.009532568567923835,1.9518597521070717,2,0.00914219661750242,0.007580708815816763,0.005628849063709691,0.0017251295594955477,4
2020-12-16,-0.017923362510866625,1.9073208352894822,2,-0.018304826677924522,-0.019830683346156106,-0.02173800418144559,-0.025552645852024554,4
2021-01-15,0.015612923397258477,1.9880915429787798,4,0.015215305088662721,0.013624831854279696,0.011636740311300917,0.007660557225343357,4
2021-02-16,-0.01714182918864077,1.952131306403031,0,-0.017532255449921378,-0.0190939604950438,-0.021046091801446832,-0.024950354414252893,4
2021-03-16,0.022246587003823586,1.8182353400733926,1,0.021882939935808907,0.02042835166375019,0.0186101163236768,0.014973645643530015,4
2021-04-14,-0.014830835823458084,1.7719979863692,3,-0.015185235420731923,-0.016602833809827282,-0.018374831796196485,-0.021918827768934883,4
2021-05-12,0.025417747136387767,1.8025115537758412,1,0.0250572448256326,0.023615235582611926,0.021812724028836085,0.018207700921284403,4
2021-06-10,-0.01705503624386571,1.8719200846693411,3,-0.01742942026079958,-0.01892695632853505,-0.020798876413204395,-0.024542716582543075,4
2021-07-09,0.015556197031818758,1.8884218689336472,4,0.01517851265803203,0.013667775162885112,0.011779353293951463,0.00800250955608417,4
2021-08-06,-0.007989419583800889,1.7912740866831653,3,-0.008347674401137522,-0.009780693670484054,-0.01157196775716722,-0.01515451593053355,4
2021-09-03,0.013102757366524337,1.8951632323775445,5,0.012723724720048828,0.011207594134146792,0.009312430901769248,0.005522104437014158,4
2021-10-04,-0.02007201154406326,1.7638103470056032,4,-0.02042477361346438,-0.021835821891068863,-0.023599632238074465,-0.027127252932085674,4
2021-11-01,0.017487641285797974,1.8447594942293428,4,0.017118689386952105,0.01564288179156863,0.013798122297339288,0.010108603308880602,4
2021-11-30,0.07121105970962659,1.7720870065729557,1,0.070856642308312,0.06943897270305363,0.06766688569648067,0.06412271168333476,4
2021-12-29,-0.05681133115500959,1.8099848195397281,2,-0.05717332811891753,-0.058621315974549316,-0.060431300794089045,-0.0640512704331685,4
2022-01-27,-0.003211299814350089,1.7470074461175196,3,-0.003560701303573593,-0.004958307260467609,-0.006705314706585128,-0.010199329598820167,4
2022-02-25,0.013444100532642915,1.9200321725165395,2,0.013060094098139607,0.011524068360126375,0.009604036187609835,0.005763971842576756,4
2022-03-25,0.03222934980248926,1.809488161292279,3,0.031867452170230806,0.03041986164119698,0.0286103734799047,0.02499139715732014,4
2022-04-25,-0.01118297917755328,1.7505583278289687,2,-0.011533090843119074,-0.012933537505382248,-0.014684095833211218,-0.018185212488869156,4
2022-05-23,0.024168950234308408,1.7595244134963752,2,0.023817045351609133,0.022409425820812033,0.02064990140731566,0.017130852580322906,4
2022-06-22,0.010965243484281854,1.81263594039993,6,0.010602716296201868,0.009152607543881924,0.007339971603481994,0.003714699722682134,4
2022-07-21,-0.01528046356763804,1.9435251814716326,5,-0.015669168603932367,-0.017223988749109673,-0.019167513930581304,-0.023054564293524572,4
2022-08-18,0.026123646545816205,1.9443096453103563,3,0.025734784616754134,0.02417933690050585,0.022235027255195494,0.01834640796457478,4
2022-09-16,0.020188128667988487,1.7565378129699907,4,0.01983682110539449,0.018431590855018498,0.016675053042048506,0.013161977416108524,4
2022-10-14,0.05741531374288585,1.7560553003572916,0,0.057064102682814394,0.05565925844252856,0.05390320314217127,0.050391092541456683,4
2022-11-11,-0.009599123400271239,1.885850536349237,7,-0.009976293507541086,-0.011484973936620476,-0.013370824472969714,-0.017142525545668186,4
2022-12-12,-0.0040056571210133635,1.839009557701263,8,-0.004373459032553616,-0.005844666678714626,-0.00768367623641589,-0.011361695351818416,4
2023-01-11,0.02277673714382223,1.8492641066609938,3,0.02240688432249003,0.020927473037161238,0.019078208930500242,0.015379680717178254,4
2023-02-09,0.030813783428255186,1.8780056551223345,6,0.03043818229723072,0.028935777773132852,0.027057772118010515,0.02330176080776585,4
2023-03-10,-0.059811601965661904,1.7607883401849802,2,-0.0601637596336989,-0.06157239030584689,-0.06333317864603187,-0.06685475532640182,4
2023-04-10,0.0324656040221042,1.9326769298422273,2,0.03207906863613576,0.030532927092261974,0.02860025016241975,0.024734896302735294,4
2023-05-08,0.03657404197645757,1.8465728530545893,1,0.036204727405846654,0.03472746912340298,0.03288089627034839,0.029187750564239213,4
2023-06-06,0.02135701013398631,1.8188112414548112,4,0.02099324788569535,0.0195381988925315,0.01771938765107669,0.014081765168167067,4
2023-07-06,-0.0008482991823908796,1.8169551842240994,4,-0.0012116902192356995,-0.002665254366614979,-0.004482209550839078,-0.008116119919287276,4
2023-08-03,0.026222461403549994,1.8386714800471926,3,0.025854727107540557,0.0243837899235028,0.02254511844345561,0.018867775483361222,4
2023-08-31,0.0008823262699730807,1.8434220528383636,3,0.000513641859405408,-0.0009610957828652829,-0.0028045178357036463,-0.006491361941380374,4
2023-09-29,0.00461192031638968,1.7653463382271661,2,0.0042588510487442475,0.0028465739781625143,0.001081227639935348,-0.0024494650365189845,4
2023-10-27,0.02205260250572528,1.7708218375296776,5,0.021698438138219343,0.020281780668195602,0.018510958830665922,0.014969315155606568,4
2023-11-27,0.004973964450246414,1.9548423256878535,1,0.004582995985108843,0.0030191221245585605,0.001064279798870707,-0.002845404852505,4
2006-01-11,0.001793923541170027,0.9999999999999986,1,0.0015939235411700273,0.0007939235411700285,-0.00020607645882997003,-0.002206076458829967,5
2006-02-09,-0.02261892435866299,1.8752899613667156,5,-0.02299398235093633,-0.024494214320029704,-0.026369504281396422,-0.030120084204129854,5
2006-03-10,-0.0003904520042194949,1.8937485795864493,4,-0.0007692017201367848,-0.0022842005838059442,-0.004177949163392394,-0.007965446322565291,5
2006-04-07,0.004309030536350714,1.8396414049874155,4,0.003941102255353231,0.0024693891313632985,0.000629747726375883,-0.003049535083598948,5
2006-05-08,0.017352301954883714,1.8264789474299457,7,0.016987006165397726,0.015525823007453768,0.013699344060023823,0.010046386165163932,5
2006-06-06,-0.0007298724082882534,1.7873053455987784,5,-0.0010873334774080092,-0.0025171777538870316,-0.00430448309948581,-0.007879093790683366,5
2006-07-05,-0.0012291900155687735,1.83667551099245,7,-0.0015965251177672635,-0.0030658655265612235,-0.0049025410375536736,-0.008575892059538574,5
2006-08-02,-0.011253429088369278,1.760695348521201,2,-0.011605568158073518,-0.013014124436890479,-0.01477481978541168,-0.01829621048245408,5
2006-08-30,-0.022358579323960577,1.9062144928883684,1,-0.02273982222253825,-0.024264793816848946,-0.026171008309737315,-0.029983437295514052,5
2006-09-28,-0.017901512236388452,1.8579469102729826,3,-0.018273101618443047,-0.019759459146661433,-0.021617406056934418,-0.025333299877480384,5
2006-10-26,-0.009956958868315588,1.865018683761618,4,-0.010329962605067912,-0.011821977552077206,-0.013686996235838824,-0.01741703360336206,5
2006-11-24,-0.012230977992481138,1.8991789388512077,3,-0.01261081378025138,-0.014130156931332346,-0.016029335870183552,-0.01982769374788597,5
2006-12-22,-0.0001978552251696531,1.8404819881034762,11,-0.0005659516227903483,-0.002038337213273129,-0.0038788192013766054,-0.007559783177583558,5
2007-01-25,0.001840435879438065,1.8664093459009727,10,0.0014671540102578705,-2.5973466462907895e-05,-0.0018923828123638808,-0.005625201504165827,5
2007-02-23,-0.002758290932731001,1.8779826754925255,3,-0.003133887467829506,-0.004636273608223527,-0.006514256283716052,-0.010270221634701104,5
2007-03-23,0.011153247913218542,1.8482199794322256,9,0.010783603917332097,0.009305027933786316,0.007456807954354092,0.00376036799548964,5
2007-04-23,0.013461074053037793,1.8188476195522834,4,0.013097304529127336,0.01164222643348551,0.009823378813933227,0.0061856835748286595,5
2007-05-21,0.002385538940641418,1.840676330494073,8,0.0020174036745426033,0.0005448626101473451,-0.0012958137203467278,-0.004977166381334873,5
2007-06-19,0.005988895442447317,1.84123897059523,4,0.005620647648328271,0.0041476564718520865,0.002306417501256857,-0.0013760604399336027,5
2007-07-18,0.0062899787168557595,1.825322102961565,4,0.005924914296263447,0.004464656613894195,0.0026393345109326297,-0.0010113096949905002,5
2007-08-15,0.02637204400750372,1.7239844066335965,6,0.026027247126177003,0.024648059600870124,0.022924075194236528,0.019476106380969332,5
2007-09-13,0.0002631872634836792,1.8807839682598264,9,-0.0001129695301682861,-0.0016175967047761474,-0.003498380673035974,-0.007259948609555627,5
2007-10-11,0.002500828425812766,1.8748988013065573,8,0.0021258486655514547,0.0006259296245062088,-0.0012489691768003486,-0.004998766779413463,5
2007-11-08,-0.03557204483148957,1.8146661779974556,9,-0.03593497806708906,-0.037386711009487025,-0.03920137718748448,-0.042830709543479395,5
2007-12-07,0.00042093427769182936,1.9000437130261107,8,4.092553508660722e-05,-0.0014791094353342814,-0.003379153148360392,-0.007179240574412614,5
2008-01-08,-0.018880698031155087,1.8057133311154212,8,-0.019241840697378172,-0.020686411362270507,-0.02249212469338593,-0.02610355135561677,5
2008-02-06,0.02952652248437502,1.7957831620802125,3,0.029167365851958976,0.027730739322294806,0.025934956160214594,0.02234338983605417,5
2008-03-06,-0.0014099661633191975,1.8138412047802637,3,-0.0017727344042752502,-0.003223807368099461,-0.005037648572879725,-0.008665330982440253,5
2008-04-04,0.014025306609067248,1.9148489653733005,0,0.013642336815992587,0.012110457643693947,0.010195608678320646,0.006365910747574045,5
2008-05-02,-0.0005830673626712019,1.8644057939977363,6,-0.0009559485214707493,-0.0024474731566689386,-0.004311878950666675,-0.008040690538662148,5
2008-06-02,0.022934013043277468,1.9083237941581943,4,0.022552348284445828,0.021025689249119274,0.01911736545496108,0.015300717866644692,5
2008-06-30,0.05177676335591965,1.7457981751621505,2,0.05142760372088722,0.0500309651807575,0.04828516700559535,0.04479357065527105,5
2008-07-29,-0.0004584017025181186,1.8006728098008327,6,-0.0008185362644782851,-0.0022590745123189514,-0.004059747322119784,-0.0076610929417214495,5
2008-08-26,0.004098307756288925,1.8477502975345013,6,0.003728757696782025,0.002250557458754424,0.00040280716121992265,-0.00329269343384908,5
2008-09-24,-0.044921669632471996,1.8103960804192676,3,-0.04528374884855585,-0.04673206571289126,-0.04854246179331053,-0.052163253954149065,5
2008-10-22,0.019929583221673174,1.629500880223046,3,0.019603683045628564,0.018300082341450127,0.01667058146122708,0.013411579700780989,5
2008-11-19,-0.03768426718011091,1.7027895754520335,1,-0.03802482509520132,-0.03938705675556295,-0.04108984633101498,-0.044495425481919045,5
2008-12-18,-0.01758848323136895,2.1649325290588597,5,-0.01802146973718072,-0.01975341576042781,-0.021918348289486668,-0.02624821334760439,5
2009-01-20,0.011452854043908495,1.8464250028783615,3,0.011083569043332823,0.009606429041030134,0.007760004038151772,0.004067154032395048,5
2009-02-18,0.0061936348927803045,1.900993952449574,1,0.00581343610229039,0.00429264094033073,0.0023916469878811565,-0.0014103409170179914,5
2009-03-18,0.0249591996984271,1.8469854510929096,2,0.024589802608208516,0.02311221424733419,0.02126522879624128,0.01757125789405546,5
2009-04-16,-0.0031178399176004234,1.9613191674386863,0,-0.003510103751088161,-0.005079159085039109,-0.007040478252477796,-0.010963116587355168,5
2009-05-14,0.004592052411275069,1.8996228111633795,1,0.004212127849042393,0.002692429600111689,0.0007928067889483095,-0.0030064388333784497,5
2009-06-12,-0.001881088930275463,1.960133725994243,2,-0.0022731156754743115,-0.003841222656269706,-0.005801356382263949,-0.009721623834252437,5
2009-07-13,-0.013778819028069128,1.754539715289938,1,-0.014129726971127115,-0.015533358743359066,-0.017287898458649004,-0.02079697788922888,5
2009-08-10,-0.003387369954674781,2.038390578031421,4,-0.0037950480702810653,-0.005425760532706202,-0.007464151110737623,-0.011540932266800466,5
2009-09-08,-0.007117526469246675,1.8672835687931277,4,-0.007490983183005301,-0.008984810038039803,-0.010852093606832931,-0.014586660744419187,5
2009-10-06,0.0334145479987016,1.907379326752324,6,0.03303307213335114,0.031507168671949276,0.029599789345196956,0.025785030691692308,5
2009-11-03,0.006378538628941603,1.757102060852831,3,0.006027118216771037,0.004621436568088772,0.0028643345072359412,-0.0006498696144697207,5
2009-12-02,-0.00794226049743141,1.9455602193646333,2,-0.008331372541304337,-0.009887820716796043,-0.011833380936160676,-0.015724501374889944,5
2009-12-31,-0.03271588673343979,1.8857568998208503,2,-0.03309303811340396,-0.03460164363326064,-0.036487400533081485,-0.04025891433272319,5
2010-02-01,0.006346019829156006,1.8591062639963314,3,0.005974198576356739,0.004486913565159675,0.0026278073011633428,-0.00109040522682932,5
2010-03-02,0.007682249903971294,1.8854374718728046,4,0.007305162409596733,0.005796812432098489,0.003911374960225684,0.00014050001648007512,5
2010-03-30,-0.008167446461676973,1.9079829862848987,5,-0.008549043058933952,-0.010075429447961871,-0.01198341243424677,-0.01579937840681657,5
2010-04-28,-0.005116102151481988,1.862195047511461,2,-0.005488541160984281,-0.00697829719899345,-0.00884049224650491,-0.012564882341527833,5
2010-05-26,0.014005792429269076,1.7636046958845346,2,0.01365307149009217,0.012242187733384542,0.010478583037500006,0.006951373645730938,5
2010-06-24,-0.013202048925364834,1.8011957021569212,4,-0.013562288065796218,-0.015003244627521756,-0.016804440329678677,-0.02040683173399252,5
2010-07-23,-0.003914486518892629,1.9095006001717019,3,-0.00429638663892697,-0.005823987119064331,-0.007733487719236033,-0.011552488919579437,5
2010-08-20,-0.008480966824950888,1.8478958183620087,4,-0.00885054598862329,-0.010328862643312897,-0.012176758461674906,-0.015872550098398924,5
2010-09-20,0.0007139240370823176,1.8858375565222585,7,0.00033675652577786587,-0.001171913519439941,-0.0030577510759621997,-0.006829426189006717,5
2010-10-18,-0.006104665356399937,1.8985353111785803,3,-0.006484372418635653,-0.008003200667578517,-0.009901735978757098,-0.013698806601114258,5
2010-11-15,-0.012455098640450354,1.8132870414329005,8,-0.012817756048736934,-0.014268385681883254,-0.016081672723316155,-0.019708246806181957,5
2010-12-14,0.008980204820726468,1.911955334467469,2,0.008597813753832974,0.007068249486258999,0.0051562941517915295,0.0013323834828565919,5
2011-01-12,0.009402435528933741,1.8339819306053309,4,0.009035639142812675,0.00756845359832841,0.00573447166772308,0.002066507806512417,5
2011-02-10,-0.013581465004990821,1.7900762763911142,8,-0.013939480260269045,-0.015371541281381936,-0.01716161755777305,-0.02074177011055528,5
2011-03-11,0.015452043531290715,1.8345111770450304,1,0.01508514129588171,0.013617532354245685,0.011783021177200655,0.008113998823110594,5
2011-04-08,0.010742108366522753,1.8560614460863316,7,0.010370896077305488,0.008886046920436421,0.0070299854743500895,0.0033178625821774265,5
2011-05-09,0.009757447908712741,1.8140620445320899,5,0.009394635499806323,0.007943385864180651,0.006129323819648562,0.002501199730584382,5
2011-06-07,0.016688870403051028,1.7896658098557998,7,0.016330937241079868,0.014899204593195228,0.013109538783339428,0.009530207163627829,5
2011-07-06,0.015497926901770001,1.8125264258085179,5,0.015135421616608297,0.013685400475961482,0.011872874050152965,0.00824782119853593,5
2011-08-03,0.004220822255336117,1.6748935842037382,5,0.003885843538495369,0.0025459286711323782,0.0008710350869286401,-0.0024787520814788366,5
2011-08-31,0.0005963892161646809,1.7599400478840077,7,0.00024440120658787934,-0.0011635508317193268,-0.0029234908796033346,-0.00644337097537135,5
2011-09-29,0.027436652182463852,1.767912948180441,4,0.027083069592827764,0.02566873923428341,0.02390082628610297,0.020365000389742087,5
2011-10-27,0.015144315674458292,2.019160564919892,4,0.014740483561474314,0.013125155109538399,0.011105994544618508,0.0070676734147787235,5
2011-11-25,0.011644463018188443,1.7400842384737318,3,0.011296446170493697,0.009904378779714711,0.008164294541240978,0.004684126064293515,5
2011-12-23,-0.008079681256381102,1.9005207703269207,3,-0.008459785410446487,-0.009980202026708023,-0.011880722797034943,-0.015681764337688784,5
2012-01-25,0.0068741363468417605,1.876196009051063,7,0.0064988971450315475,0.0049979403377906975,0.0031217443287396346,-0.0006306476893624914,5
2012-02-23,0.002485356787354911,1.9107190727011605,2,0.0021032129728146788,0.0005746377146537505,-0.0013360813580474101,-0.005157519503449731,5
2012-03-22,-0.014482050564100854,1.8776795003404005,1,-0.014857586464168935,-0.016359730064441254,-0.018237409564781655,-0.021992768565462457,5
2012-04-20,0.009905925612608,1.8032065710502558,2,0.00954528429839795,0.008102719041557745,0.006299512470507489,0.002693099328406977,5
2012-05-18,0.023847862042692975,1.7705770206126334,2,0.02349374663857045,0.022077285022080343,0.020306708001467708,0.01676555396024244,5
2012-06-18,0.039805334070836855,1.8457009270899958,2,0.03943619388541886,0.03795963314374686,0.03611393221665686,0.03242253036247687,5
2012-07-17,-0.007265772457120909,1.8673294571332144,3,-0.0076392383485475515,-0.009133101914254123,-0.011000431371387337,-0.014735090285653767,5
2012-08-14,-0.013767555660138112,1.8787871062522934,2,-0.01414331308138857,-0.015646342766390407,-0.017525129872642698,-0.021282704085147285,5
2012-09-12,0.004591237156292653,1.895413139267612,5,0.00421215452843913,0.0026958240170250414,0.0008004108777574293,-0.0029904154007777944,5
2012-10-10,-0.00783974963399408,1.8194239623001316,1,-0.008203634426454106,-0.009659173596294212,-0.011478597558594343,-0.015117445483194606,5
2012-11-09,7.995928141974e-05,1.8622304478985239,2,-0.0002924868081599648,-0.0017822711664787839,-0.003644501614377308,-0.007368962510174356,5
2012-12-10,-0.0014938115959205354,1.8754010549263227,7,-0.0018688918069058,-0.003369212650846858,-0.005244613705773181,-0.008995415815625827,5
2013-01-09,-0.003194789390136414,1.8879165114269847,1,-0.0035723726924218107,-0.0050827059015633985,-0.006970622412990383,-0.010746455435844352,5
2013-02-07,-0.0064322581033346895,1.8255813972927848,4,-0.006797374382793247,-0.008257839500627475,-0.010083420897920258,-0.013734583692505829,5
2013-03-08,-0.007970948143667696,1.926816520883304,1,-0.008356311447844357,-0.009897764664551001,-0.011824581185434304,-0.015678214227200914,5
2013-04-08,-0.012111292595841728,1.8588336902561455,3,-0.012483059333892956,-0.013970126286097874,-0.01582895997635402,-0.01954662735686631,5
2013-05-06,0.008879621429466675,1.8416357033437385,0,0.008511294288797927,0.007037985726122936,0.0051963500227791976,0.0015130786160917203,5
2013-06-04,-0.00028311518980221384,1.911586898517456,4,-0.000665432569505705,-0.00219470208831967,-0.0041062889868371255,-0.007929462783872038,5
2013-07-02,0.006198613233160798,1.8643109500699118,4,0.005825751043146816,0.004334302283090887,0.002469991333020975,-0.0012586305671188486,5
2013-07-31,-0.01286085531654299,1.9157658899559076,1,-0.013244008494534172,-0.014776621206498898,-0.016692387096454805,-0.02052391887636662,5
2013-08-28,-0.02814958446251419,1.843229784104208,1,-0.02851823041933503,-0.029992814246618395,-0.031836044030722606,-0.03552250359893102,5
2013-09-26,-0.0009196768785943827,1.9189756178399309,7,-0.0013034720021623688,-0.0028386524964343135,-0.0047576281142742444,-0.008595579349954106,5
2013-10-24,-0.00942126365801575,1.8323456351223044,3,-0.009787732785040212,-0.011253609293138055,-0.01308595492826036,-0.01675064619850497,5
2013-11-21,-0.005619416411971259,1.905779295554283,3,-0.006000572271082115,-0.007525195707525542,-0.009430975003079824,-0.01324253359418839,5
2013-12-20,0.03289561639557757,1.8393380044206298,1,0.032527748794693445,0.031056278391156943,0.029216940386736313,0.025538264377895054,5
2014-01-22,-0.0013610738324774528,1.881818797357838,7,-0.0017374375919490205,-0.0032428926298352905,-0.005124711427193129,-0.008888349021908805,5
2014-02-20,0.004194202223512171,1.8947802837203789,2,0.003815246166768095,0.0022994219397917915,0.00040464165607141276,-0.0033849189113693452,5
2014-03-20,0.013065231815902956,1.8853852199712884,4,0.012688154771908699,0.011179846595931669,0.00929446137596038,0.005523690936017803,5
2014-04-17,0.01372679617868798,1.7642595459292172,2,0.013373944269502136,0.011962536632758763,0.010198277086829546,0.006669757994971112,5
2014-05-16,-0.01660522904388279,1.7939382682693128,1,-0.016964016697536652,-0.0183991673121521,-0.020193105580421415,-0.02378098211696004,5
2014-06-16,-0.012083252509851468,1.9215230085250719,3,-0.012467557111556482,-0.01400477551837654,-0.01592629852690161,-0.019769344543951756,5
2014-07-15,-0.0012448504463731442,1.845429415242759,4,-0.001613936329421696,-0.0030902798616159032,-0.004935709276858663,-0.00862656810734418,5
2014-08-12,-0.002632961919950236,1.8402982927925824,2,-0.003001021578508752,-0.004473260212742818,-0.0063135585055354,-0.009994155091120565,5
2014-09-10,-0.009352274153004726,1.9369718832501446,3,-0.009739668529654754,-0.01128924603625487,-0.013226217919505016,-0.017100161686005304,5
2014-10-08,0.0038872363722380968,1.8158890616547154,3,0.0035240585599071537,0.0020713473105833814,0.00025545824892866595,-0.003376319874380765,5
2014-11-05,-0.01966687108010567,1.8428935524186156,3,-0.020035449790589393,-0.021509764632524287,-0.023352658184942903,-0.02703844528978013,5
2014-12-04,-0.02569453113739061,1.8499909662364769,4,-0.026064529330637905,-0.027544522103627084,-0.029394513069863563,-0.033094495002336514,5
2015-01-05,0.02425923656705885,1.8937429496662084,5,0.02388048797712561,0.022365493617392644,0.020471750667726434,0.01668426476839402,5
2015-02-03,-0.011193626483026178,1.8220287018623718,5,-0.011558032223398653,-0.01301565518488855,-0.014837683886750922,-0.018481741290475667,5
2015-03-04,-0.007279454319809441,1.9613581678402405,3,-0.00767172595337749,-0.009240812487649682,-0.011202170655489924,-0.015124886991170403,5
2015-04-01,-0.024052463763430815,1.841108154847844,5,-0.024420685394400385,-0.02589357191827866,-0.027734680073126503,-0.03141689638282219,5
2015-04-30,-0.008074217025552924,1.8673291814182538,3,-0.008447682861836576,-0.009941546206971179,-0.011808875388389432,-0.015543533751225939,5
2015-05-29,-0.011359490904363216,1.8969208022020398,3,-0.011738875064803624,-0.013256411706565257,-0.015153332508767296,-0.018947174113171376,5
2015-06-26,-0.025050068351108283,1.89411116375381,5,-0.025428890583859044,-0.026944179514862093,-0.028838290678615902,-0.03262651300612352,5
2015-07-27,0.009060893793722954,1.8623557383937348,2,0.008688422646044207,0.0071985380553292195,0.005336182316935485,0.0016114708401480148,5
2015-08-24,0.006461963260474191,1.8160198735883528,3,0.0060987592857565205,0.004645943386885838,0.0028299235132974855,-0.0008021162338792201,5
2015-09-22,-0.06720645175999507,1.9205007738866002,5,-0.06759055191477238,-0.06912695253388167,-0.07104745330776827,-0.07488845485554146,5
2015-10-20,0.00133275106280235,1.866841749803044,3,0.0009593827128417411,-0.000534090687000694,-0.002400932436803738,-0.006134615936409826,5
2015-11-17,0.03047280432702367,1.8447220809751292,4,0.030103859910828645,0.028628082246048542,0.026783360165073412,0.023093916003123154,5
2015-12-16,-0.011503862858952631,1.8404491390207771,4,-0.011871952686756787,-0.013344311997973408,-0.015184761136994185,-0.018865659415035742,5
2016-01-15,-0.03991961339439998,1.6870419803705523,7,-0.040257021790474086,-0.041606655374770526,-0.04329369735514108,-0.04666778131588219,5
2016-02-16,0.014052397081962336,1.8719098938985734,1,0.01367801510318262,0.012180487188063763,0.010308577294165188,0.006564757506368042,5
2016-03-15,-0.02124862477555071,1.9188067889276077,2,-0.021632386133336234,-0.02316743156447832,-0.025086238353405926,-0.02892385193126114,5
2016-04-13,0.005654228086496421,1.9306311748362623,3,0.005268101851529168,0.003723596911660159,0.0017929657368238963,-0.0020682966128486285,5
2016-05-11,0.006876038233924705,1.8274954472414806,2,0.006510539144476409,0.005048542786683225,0.003221047339441744,-0.000433943555041217,5
2016-06-09,-0.00908817952664795,1.9178178786768747,5,-0.009471743102383324,-0.011005997405324824,-0.012923815284001699,-0.01675945104135545,5
2016-07-08,0.003956700410554079,1.8752296707633336,2,0.0035816544764014123,0.0020814707397907454,0.00020624106902741163,-0.003544218272499256,5
2016-08-05,-0.033372255842653395,1.845314008961332,7,-0.03374131864444566,-0.03521756985161473,-0.03706288386057606,-0.040753511878498724,5
2016-09-02,-0.009578774686405063,1.9348734842992215,5,-0.009965749383264907,-0.011513648170704285,-0.013448521655003506,-0.01731826862360195,5
2016-10-03,0.018438210679991386,1.832881318891883,3,0.018071634416213008,0.016605329361099503,0.01477244804220762,0.011106685404423854,5
2016-10-31,-0.03170043868027342,1.7552565211684887,5,-0.03205148998450712,-0.033455695201441905,-0.03521095172261039,-0.03872146476494737,5
2016-11-29,0.005071023120134751,1.9485291994514078,6,0.00468131728024447,0.0031224939206833434,0.0011739647212319353,-0.0027230936776708806,5
2016-12-28,-0.0054465802592968465,1.897133563103379,1,-0.005826006971917522,-0.007343713822400226,-0.009240847385503605,-0.013035114511710362,5
2017-01-27,-0.02674429957161581,1.9078512414762927,2,-0.027125869819911066,-0.028652150813092102,-0.030560002054568394,-0.03437570453752098,5
2017-02-27,-0.016962122726130104,1.9098503561952542,4,-0.017344092797369155,-0.01887197308232536,-0.020781823438520614,-0.02460152415091112,5
2017-03-27,0.005136283842211091,1.822800321231577,8,0.004771723777964775,0.0033134835209795137,0.0014906831997479365,-0.002154917442715218,5
2017-04-25,0.01054973703308687,1.9232236554880364,5,0.010165092301989262,0.008626513377598833,0.006703289722110798,0.0028568424111347244,5
2017-05-23,-0.014633029218116765,1.8278741995824643,2,-0.014998604058033257,-0.01646090341769923,-0.018288777617281694,-0.02194452601644662,5
2017-06-21,0.01098138410890473,1.895465197021959,2,0.010602291069500338,0.00908591891188277,0.0071904537148608115,0.0033995233208168937,5
2017-07-20,0.006203021650454066,1.8781033017613225,3,0.005827400990101802,0.004324918348692744,0.002446815046931421,-0.0013093915565912237,5
2017-08-17,0.00608852720420718,1.8469642452445392,2,0.0057191343551582716,0.00424156295896264,0.002394598713718101,-0.0012993297767709775,5
2017-09-15,-0.011026327213435539,1.9113403511814502,6,-0.01140859528367183,-0.012937667564616988,-0.01484900791579844,-0.01867168861816134,5
2017-10-13,0.007055973963047586,1.886741124806219,2,0.006678625738086343,0.005169232838241367,0.0032824917134351484,-0.0004909905361772894,5
2017-11-10,-0.0032490527984104416,1.7762051965081544,2,-0.0036042938377120726,-0.005025257994918596,-0.00680146319142675,-0.01035387358444306,5
2017-12-11,0.004771748073861257,1.9436738526564739,1,0.004383013303329962,0.0028280742212047827,0.0008844003685483087,-0.0030029473367646393,5
2018-01-10,0.003488449710239832,1.9060570153606462,4,0.0031072383071677027,0.0015823926948791858,-0.00032366432048146036,-0.004135778351202752,5
2018-02-08,-0.008249536598964052,1.7973367361868722,3,-0.008609003946201427,-0.010046873335150924,-0.011844210071337796,-0.015438883543711542,5
2018-03-09,0.0024168966259096735,1.9731065827494478,2,0.002022275309359784,0.0004437900431602257,-0.001529316539589222,-0.005475529705088118,5
2018-04-09,-0.032358111250440115,1.7569060248129849,1,-0.032709492455402715,-0.0341150172752531,-0.03587192330006608,-0.03938573534969206,5
2018-05-07,0.0033695704071100797,1.9083178504182585,2,0.002987906837026428,0.0014612525566918212,-0.00044706529372643723,-0.004263700994562954,5
2018-06-05,0.009972977104096187,1.9246633849832215,3,0.009588044427099544,0.008048313719112965,0.006123650334129744,0.002274323564163301,5
2018-07-03,0.0048340730460480945,1.849567211927163,1,0.004464159603662662,0.0029845058341209313,0.0011349386221937686,-0.0025641958016605574,5
2018-08-01,-0.0015272052259930604,1.8399293153415333,3,-0.001895191089061367,-0.003367134541334594,-0.005207063856676127,-0.008886922487359193,5
2018-08-29,0.0029623640260849696,1.9459098981966407,0,0.0025731820464456414,0.0010164541278883288,-0.000929455770308312,-0.0048212755667015935,5
2018-09-27,0.014152929914507258,1.7986696346025315,8,0.013793195987586751,0.012354260279904727,0.010555590645302195,0.006958251376097132,5
2018-10-25,0.047777499850006365,1.7040526899170083,2,0.04743668931202296,0.046073447160089355,0.04436939447017235,0.04096128909033833,5
2018-11-23,0.019446450102863968,1.791696227176893,4,0.01908811085742859,0.017654753875687074,0.015863057648510183,0.012279665194156394,5
2018-12-24,-0.015158690767977767,1.746158823088554,4,-0.015507922532595479,-0.01690484959106632,-0.018651008414154874,-0.022143326060331984,5
2019-01-24,-0.004389203080718522,2.0081934760987212,6,-0.004790841775938266,-0.006397396556817243,-0.008405590032915964,-0.012421976985113407,5
2019-02-22,0.0004964573899800921,1.9764325434131014,5,0.00010117088129747183,-0.0014799751534330095,-0.003456407696846111,-0.007409272783672314,5
2019-03-22,0.040920708899233466,1.8489626142099762,4,0.04055091637639147,0.03907174628502349,0.03722278367081351,0.03352485844239356,5
2019-04-22,0.010682574565719052,1.8750712969622108,1,0.01030756030632661,0.008807503268756841,0.00693243197179463,0.0031822893778702087,5
2019-05-20,0.03813922621015058,1.8035643687499159,2,0.0377785133364006,0.03633566184140067,0.03453209747265075,0.03092496873515092,5
2019-06-18,-0.01513862824660116,1.8587319326419334,6,-0.015510374633129547,-0.016997360179243096,-0.018856092111885027,-0.022573555977168897,5
2019-07-17,-0.02361362337786995,1.8608234997815707,3,-0.023985788077826264,-0.025474446877651522,-0.027335270377433094,-0.031056917376996233,5
2019-08-14,-0.005233994150320253,1.8252526389134132,0,-0.005599044678102936,-0.007059246789233666,-0.008884499428147079,-0.012535004705973907,5
2019-09-12,0.0080747920203399,1.9746001352110012,7,0.007679871993297701,0.0061001918851288995,0.004125591749917898,0.00017639147949589581,5
2019-10-10,0.003855562881390914,1.7981076012836372,4,0.0034959413611341866,0.002057455280107277,0.0002593476788236397,-0.0033368675237436347,5
2019-11-07,-0.012771182633926015,1.9075398872384437,3,-0.013152690611373703,-0.014678722521164459,-0.016586262408402903,-0.02040134218287979,5
2019-12-06,-0.02533572612486123,1.8960110814849536,3,-0.025714928341158218,-0.027231737206346182,-0.029127748287831136,-0.03291977045080104,5
2020-01-07,0.0019340935721561287,1.903763940346628,5,0.0015533407840868031,3.0329631809500714e-05,-0.0018734343085371273,-0.0056809621892303834,5
2020-02-05,-0.0021985914361145474,1.8144050139080024,3,-0.002561472438896148,-0.00401299645002255,-0.005827401463930552,-0.009456211491746557,5
2020-03-05,0.0068216079422917155,1.7358171628578636,4,0.006474444509720143,0.005085790779433852,0.003349973616575988,-0.00012166070913973911,5
2020-04-02,0.0013607647383796382,1.5959587403122626,1,0.0010415729903171856,-0.0002351940019326244,-0.001831152742244887,-0.005023070222869412,5
2020-05-01,-0.057798528029120846,1.9726330545365403,2,-0.058193054640028156,-0.05977116108365739,-0.061743794138193926,-0.065689060247267,5
2020-06-01,-0.04161214748470555,1.9358978057210519,2,-0.04199932704584976,-0.0435480452904266,-0.04548394309614765,-0.049355738707589754,5
2020-06-29,-0.0005825260066686638,1.8961783718080563,2,-0.000961761681030275,-0.00247870437847672,-0.004374882750284776,-0.008167239493900889,5
2020-07-28,0.009045217735889273,1.9491317617019561,3,0.008655391383548882,0.007096085974187316,0.0051469542124853605,0.0012486906890814484,5
2020-08-25,0.025903384849104334,1.9155443149704456,1,0.025520275986110244,0.023987840534133886,0.022072296219163443,0.01824120758922255,5
2020-09-23,0.044484787858606,1.725183553815413,3,0.044139751147842916,0.04275960430479058,0.04103442075097517,0.03758405364334434,5
2020-10-21,0.006294009196202738,1.9115703410950722,1,0.005911695127983723,0.004382438855107666,0.0024708685140125935,-0.0013522721681775507,5
2020-11-18,0.00699714258587839,1.9683187913340456,2,0.00660347882761158,0.0050288237945443435,0.003060505003210298,-0.0008761325794577933,5
2020-12-17,-0.019636116657516235,1.9564140747425462,4,-0.020027399472464742,-0.02159253073225878,-0.02354894480700133,-0.02746177295648642,5
2021-01-19,-0.055072452583197026,1.9513077464959168,4,-0.05546271413249621,-0.057023760329692946,-0.05897506807618886,-0.06287768356918069,5
2021-02-17,0.0022031459673411825,2.031933286389701,1,0.0017967593100632422,0.00017121268095148185,-0.0018607206054382188,-0.00592458717821762,5
2021-03-17,0.038390803020792924,1.7999222261380943,1,0.038030818575565305,0.03659088079465483,0.03479095856851674,0.031191114116240547,5
2021-04-15,-0.004811231284868626,1.771648397935178,2,-0.005165560964455662,-0.006582879682803805,-0.008354528080738981,-0.011897824876609338,5
2021-05-13,-0.03895377726352725,1.8227138993234249,6,-0.03931832004339193,-0.040776491162850675,-0.0425992050621741,-0.04624463286082095,5
2021-06-11,0.003004931823363657,1.9179711243430237,3,0.002621337598495052,0.0010869606990206331,-0.0008310104253223907,-0.004666952674008438,5
2021-07-12,0.015169757096270239,1.8073475911557904,2,0.014808287578039082,0.013362409505114449,0.011555061913958657,0.007940366731647077,5
2021-08-09,-0.005409178090455218,1.8233740156763403,3,-0.005773852893590486,-0.007232552106131558,-0.009055926121807898,-0.012702674153160579,5
2021-09-07,0.044120752291843146,1.8694255953829697,2,0.04374686717276655,0.04225132669646017,0.04038190110107721,0.03664304991031127,5
2021-10-05,0.01676064250942127,1.7512760696635918,1,0.016410387295488552,0.01500936643975768,0.013258090370094087,0.009755538230766903,5
2021-11-02,0.026394139133805786,1.8637691519470194,6,0.026021385303416383,0.024530369981858768,0.022666600829911746,0.018939062526017708,5
2021-12-01,0.035806943312500526,1.7402966935857382,2,0.03545888397378338,0.034066646618914787,0.03232634992532905,0.028845756538157574,5
2021-12-30,-0.05030042058406704,1.8633081391397857,3,-0.050673082211895,-0.05216372872320683,-0.05402703686234661,-0.057753653140626186,5
2022-01-28,-0.007312073620680444,1.7955615634751412,3,-0.007671185933375473,-0.009107635184155586,-0.010903196747630727,-0.01449431987458101,5
2022-02-28,0.022973616246881035,1.8868576824116319,2,0.02259624471039871,0.021086758564469402,0.019199900882057773,0.015426185517234507,5
2022-03-28,-0.00559356879914435,1.822378077442387,1,-0.005958044414632827,-0.007415946876586737,-0.009238324954029124,-0.012883081108913898,5
2022-04-26,0.024616789495089948,1.7919038360760975,3,0.024258408727874728,0.02282488565901385,0.021032981822937752,0.01744917415078556,5
2022-05-24,-0.0356732828758854,1.6988769951899516,2,-0.03601305827492339,-0.03737215987107535,-0.039071036866265306,-0.042468790856645205,5
2022-06-23,0.019762801352909528,1.9408200168050194,4,0.019374637349548526,0.01782198133610451,0.015881161319299487,0.01199952128568945,5
2022-07-22,-0.03273908794418193,1.9026429185326328,1,-0.03311961652788845,-0.03464173086271456,-0.03654437378124719,-0.04034965961831246,5
2022-08-19,0.017270855581026576,1.9830973661809543,2,0.016874236107790385,0.01528775821484562,0.013304660848664666,0.009338466116302757,5
2022-09-19,0.07846790096940899,1.7820037815287029,1,0.07811150021310324,0.07668589718788028,0.07490389340635159,0.07133988584329418,5
2022-10-17,0.028782109171366487,1.7506686289929465,5,0.028431975445567897,0.02703144054237354,0.025280771913380594,0.0217794346553947,5
2022-11-14,0.010292004607253881,1.865132233150898,9,0.009918978160623702,0.008426872374102983,0.006561740140952085,0.0028314756746502896,5
2022-12-13,0.011704045514260368,1.8411855313563177,7,0.011335808407989105,0.009862859982904051,0.008021674451547733,0.004339303388835098,5
2023-01-12,0.0028980002763058406,1.888138189147866,1,0.0025203726384762674,0.0010098620871579747,-0.0008782761019898912,-0.004654552480285623,5
2023-02-10,0.048397556426163835,1.8270457693987008,6,0.048032147272284095,0.04657051065676513,0.044743464887366434,0.04108937334856903,5
2023-03-13,-0.03814684042971687,1.7911838651676901,3,-0.038505077202750405,-0.03993802429488456,-0.041729208160052246,-0.04531157589038763,5
2023-04-11,-0.004946611402450759,2.005338902873245,1,-0.005347679183025408,-0.006951950305324004,-0.00895728920819725,-0.012967967013943739,5
2023-05-09,0.0069977723172458105,1.7864566820416996,1,0.006640480980837471,0.005211315635204111,0.0034248589531624112,-0.0001480544109209881,5
2023-06-07,0.0069810632618351205,1.9035759312936906,4,0.006600348075576383,0.00507748733054143,0.003173911399247739,-0.000633240463339642,5
2023-07-07,0.022112556300932753,1.8638159358720798,3,0.021739793113758336,0.020248740365060674,0.01838492442918859,0.014657292557444433,5
2023-08-04,0.03967775387581141,1.8187808758846538,3,0.039313997700634484,0.03785897299992676,0.03604019212404211,0.0324026303722728,5
2023-09-01,-0.0017349138570622897,1.8468312844638954,1,-0.002104280113955069,-0.003581745141526185,-0.005428576425990081,-0.009122238994917872,5
2023-10-02,0.009187214313828363,1.7675486687334585,1,0.008833704580081671,0.007419665645094905,0.005652116976361447,0.0021170196388945297,5
2023-10-30,0.015283794943966004,1.791840019387421,6,0.01492542694008852,0.013491954924578583,0.011700114905191163,0.00811643486641632,5
2023-11-28,-0.038180512636129114,1.9452814682938435,3,-0.038569568929787884,-0.040125794104422956,-0.042071075572716804,-0.04596163850930449,5
2006-01-12,0.007394587130956682,1.0000000000000027,4,0.007194587130956682,0.00639458713095668,0.005394587130956677,0.003394587130956672,6
2006-02-10,-0.015895605533262618,1.8204999620981213,8,-0.016259705525682244,-0.01771610549536074,-0.01953660545745886,-0.023177605381655104,6
2006-03-13,0.004144069572998291,1.8828387783880791,5,0.0037675018173206755,0.002261230794610212,0.000378392016222133,-0.0033872855405540254,6
2006-04-10,-0.009998908175435124,1.8773176373860685,1,-0.010374371702912338,-0.011876225812821193,-0.01375354345020726,-0.0175081787249794,6
2006-05-09,0.01838607964668824,1.8364367741122967,5,0.01801879229186578,0.016549642872575945,0.014713206098463646,0.011040332550239054,6
2006-06-07,0.0069495756530277,1.75516672671221,7,0.006598542307685258,0.00519440892631549,0.00343924219960328,-7.109125382114001e-05,6
2006-07-06,0.007119907221219976,1.8355007148126943,6,0.006752807078257437,0.005284406506407282,0.0034489057915945876,-0.00022209563803080121,6
2006-08-03,0.01770260848188727,1.785898431965925,0,0.017345428795494087,0.015916710049921345,0.014130811617955421,0.010559014754023571,6
2006-08-31,-0.005415162362601993,1.8888558453141158,1,-0.0057929335316648164,-0.007304018207916109,-0.009192874053230224,-0.012970585743858457,6
2006-09-29,0.020938102732717012,1.9013797044845917,4,0.020557826791820093,0.019036723028232422,0.017135343323747828,0.013332583914778645,6
2006-10-27,-0.008868080678958857,1.8796278654421263,3,-0.009244006252047281,-0.010747708544400983,-0.01262733640984311,-0.016386592140727362,6
2006-11-27,-0.011211890391052646,1.9034623543737756,4,-0.011592582861927402,-0.01311535274542642,-0.015018815099800197,-0.018825739808547747,6
2006-12-26,0.01213068396355541,1.8476168035742333,5,0.011761160602840564,0.010283067159981178,0.008435450356406944,0.0047402167492584775,6
2007-01-26,-0.01877265251057649,1.810321169913741,9,-0.01913471674455924,-0.02058297368049023,-0.022393294850403974,-0.026013937190231456,6
2007-02-26,0.005781125418395485,1.8945619360397856,3,0.005402213031187528,0.0038865634823556988,0.0019920015463159133,-0.0017971223257636582,6
2007-03-26,-0.003065726828754201,1.8197792599405571,8,-0.0034296826807423126,-0.0048855060886947585,-0.006705285348635315,-0.01034484386851643,6
2007-04-24,0.0023388973640232594,1.8634416417800663,2,0.001966209035667246,0.00047545572224319305,-0.0013879859195368733,-0.0051148692030970055,6
2007-05-22,0.0075177692903738436,1.8539891685536025,7,0.007146971456663123,0.005663780121820241,0.0038097909532666383,0.00010181261615943311,6
2007-06-20,0.005504041867506471,1.8537333975915444,6,0.005133295187988162,0.003650308469914926,0.0017965750723233816,-0.0019108917228597075,6
2007-07-19,0.02515325040309111,1.8413160046076387,2,0.024784987202169585,0.02331193439848347,0.021470618393875835,0.017787986384660556,6
2007-08-16,0.028846982593323977,1.692514708057601,6,0.028508479651712458,0.027154467885266376,0.025461953177208774,0.022076923761093572,6
2007-09-14,-0.0013723289438043816,1.8569024351098073,8,-0.001743709430826343,-0.003229231378914189,-0.005086133814023996,-0.008799938684243612,6
2007-10-12,-0.002016345330047584,1.8726066170256008,7,-0.002390866653452704,-0.003888951947073185,-0.005761558564098786,-0.009506771798149988,6
2007-11-09,-0.008381933313835847,1.761174127122472,7,-0.008734168139260342,-0.010143107440958319,-0.011904281568080792,-0.015426629822325736,6
2007-12-10,0.0005295969460166215,1.935555246998272,8,0.00014248589661696706,-0.0014059583009816503,-0.0033415135479799222,-0.0072126240419764665,6
2008-01-09,0.0032906351148718205,1.7662789431575747,9,0.0029373793262403055,0.0015243561717142456,-0.00024192277144332924,-0.003774480657758479,6
2008-02-07,0.032488523279012124,1.8372490628294857,6,0.03212107346644623,0.030651274216182637,0.028814025153353153,0.025139527027694182,6
2008-03-07,0.0031398927332580012,1.7719433584709448,4,0.0027855040615638125,0.0013679493747870565,-0.0004039939836838883,-0.003947880700625778,6
2008-04-07,0.0017173437081682763,1.8999654130283532,2,0.0013373506255626056,-0.000182621704860077,-0.0020825871178884302,-0.005882517943945137,6
2008-05-05,-0.023079697325681353,1.8424187732929767,3,-0.02344818108033995,-0.02492211609897433,-0.026764534872267307,-0.03044937241885326,6
2008-06-03,0.02543621956379687,1.9161447969835361,5,0.025052990604400163,0.023520074766813334,0.021603929969829797,0.017771640375862725,6
2008-07-01,0.015620747396684183,1.7613644947004858,0,0.015268474497744086,0.013859382901983696,0.012098018407283211,0.008575289417882239,6
2008-07-30,-0.005388137201591154,1.8412824545949338,4,-0.005756393692510141,-0.007229419656186087,-0.009070702110781021,-0.012753267019970888,6
2008-08-27,0.01570171430077175,1.9167837793936575,3,0.015318357544893019,0.013784930521378093,0.011868146741984435,0.00803457918319712,6
2008-09-25,-0.004922438279868317,1.7350551401841399,2,-0.005269449307905145,-0.006657493420052457,-0.008392548560236596,-0.011862658840604877,6
2008-10-23,0.002412781163194083,1.6361187188882784,3,0.0020855574194164274,0.0007766624443058044,-0.0008594562745824741,-0.004131693712359032,6
2008-11-20,0.025667690573357403,1.644880321611004,2,0.0253387145090352,0.0240228102517464,0.022377929930135397,0.019088169286913387,6
2008-12-19,0.009067355932105893,2.2203300946970246,2,0.008623289913166488,0.006847025837408869,0.004626695742711844,0.00018603555331779542,6
2009-01-21,-0.044523963068093905,1.8532566769014343,3,-0.04489461440347419,-0.04637721974499534,-0.048230476421896776,-0.051936989775699646,6
2009-02-19,-0.030640089588138516,1.8244456668076656,1,-0.03100497872150005,-0.03246453525494618,-0.03428898092175385,-0.03793787225536918,6
2009-03-19,0.045670282597916216,1.873413223972933,1,0.04529559995312163,0.04379686937394328,0.04192345614997035,0.038176629702024484,6
2009-04-17,-0.004980399841602805,1.945587074852526,1,-0.00536951725657331,-0.00692598691645533,-0.008871573991307856,-0.012762748141012909,6
2009-05-15,-0.013034031009697137,1.8335990408268532,1,-0.013400750817862508,-0.014867630050523991,-0.01670122909135084,-0.02036842717300455,6
2009-06-15,0.003495457855505751,1.9267557842591385,2,0.003110106698653923,0.0015687020712466123,-0.0003580537130125263,-0.0042115652815308035,6
2009-07-14,-0.0017283820778481703,1.810136342699449,1,-0.0020904093463880603,-0.0035385184205476193,-0.005348654763247068,-0.008968927448645966,6
2009-08-11,-0.010620720674821331,1.9757375459971225,4,-0.011015868184020755,-0.012596458220818453,-0.014572195766815576,-0.01852367085880982,6
2009-09-09,0.0006133707542037038,1.9246642928741808,3,0.00022843789562886768,-0.001311293538670477,-0.003235957831544658,-0.007085286417293019,6
2009-10-07,0.022130024628538168,1.8963612001246515,6,0.021750752388513237,0.020233663428413515,0.018337302228288863,0.014544579828039562,6
2009-11-04,-0.0024036058410716325,1.7588206558236634,3,-0.0027553699722363653,-0.004162426496895296,-0.00592124715271896,-0.009438888464366286,6
2009-12-03,-0.002834418016431163,1.9187401871458556,3,-0.003218166053860334,-0.0047531582035770185,-0.006671898390722874,-0.010509378765014586,6
2010-01-04,0.007185684203983507,1.9303731410976475,2,0.006799609575763977,0.005255311062885859,0.0033249379217882118,-0.0005358083604070831,6
2010-02-02,0.005832766145047699,1.7814365638984115,2,0.0054764788322680166,0.004051329581149288,0.002269893017250876,-0.0012929801105459474,6
2010-03-03,0.011561245469111388,1.8763107377072117,5,0.011185983321569946,0.009684934731404176,0.007808623993696965,0.004056002518282541,6
2010-03-31,-0.007742852684798074,1.9120569660547788,4,-0.00812526407800903,-0.009654909650852852,-0.01156696661690763,-0.015391080549017189,6
2010-04-29,0.017088094418086917,1.8696684808605988,4,0.016714160721914798,0.015218425937226318,0.013348757456365719,0.009609420494644522,6
2010-05-27,0.014804985735965318,1.701062180320107,0,0.014464773299901297,0.01310392355564521,0.011402861375325105,0.00800073701468489,6
2010-06-25,-0.012762798150737484,1.7976326652692058,2,-0.013122324683791325,-0.01456043081600669,-0.016358063481275897,-0.019953328811814306,6
2010-07-26,-0.017288523086942134,1.8392106776517507,5,-0.017656365222472485,-0.019127733764593886,-0.020966944442245637,-0.024645365797549137,6
2010-08-23,-0.009001509955024113,1.7981370069589846,3,-0.00936113735641591,-0.010799646961983097,-0.012597783968942082,-0.01619405798286005,6
2010-09-21,0.008421530195357409,1.8898569412887336,6,0.008043558807099662,0.006531673254068676,0.004641816312779942,0.0008621024302024743,6
2010-10-19,-0.0012379506989101713,1.8690531407137965,2,-0.0016117613270529305,-0.003107003839623968,-0.0049760569803377645,-0.008714163261765358,6
2010-11-16,-0.01660932514239413,1.8935499676893348,4,-0.016988035135931997,-0.018502875110083465,-0.020396425077772798,-0.02418352501315147,6
2010-12-15,0.004551041206208498,1.960194537845289,1,0.00415900229863944,0.002590846668363209,0.00063065213051792,-0.0032897369451726577,6
2011-01-13,0.00485238222862757,1.827116508340496,3,0.00448695892695947,0.0030252657202870735,0.0011981492119465774,-0.002456083804734415,6
2011-02-11,0.005569952860703,1.786224905780454,7,0.005212707879546909,0.0037837279549225457,0.0019975030491420917,-0.0015749467624188163,6
2011-03-14,0.007484350948268992,1.7836043807001176,3,0.007127630072128968,0.005700746567568874,0.003917142186868757,0.00034993342546852085,6
2011-04-11,0.01600484358659716,1.849170247191637,4,0.015635009537158833,0.014155673339405523,0.012306503092213887,0.008608162597830614,6
2011-05-10,0.01199091222584292,1.8361671760120912,3,0.011623678790640501,0.010154745049830828,0.008318577873818737,0.004646243521794555,6
2011-06-08,0.018928360278378683,1.7401157512418592,7,0.01858033712813031,0.017188244527136822,0.015448128775894965,0.011967897273411247,6
2011-07-07,0.009713201946038707,1.8962845624710951,3,0.009333945033544488,0.007816917383567611,0.005920632821096517,0.0021280636961543264,6
2011-08-04,0.032361896037066996,1.6471966324890557,3,0.03203245671056919,0.030714699404577942,0.029067502772088884,0.025773109507110772,6
2011-09-01,-0.0010223948284558625,1.7983878818298007,6,-0.0013820724048218226,-0.0028207827102856636,-0.004619170592115464,-0.008215946355775066,6
2011-09-30,0.029802352335264973,1.7755412548897878,2,0.029447244084287016,0.028026811080375184,0.026251269825485396,0.022700187315705823,6
2011-10-28,0.008586725419781824,2.024950299200366,3,0.00818173535994175,0.006561775120581458,0.004536824821381092,0.00048692422298035956,6
2011-11-28,0.017980978932698715,1.8328040348802526,2,0.017614418125722665,0.016148174897818463,0.01431537086293821,0.010649762793177704,6
2011-12-27,-0.009090992201087689,1.8606595659878538,1,-0.00946312411428526,-0.010951651767075543,-0.012812311333063396,-0.016533630465039105,6
2012-01-26,-0.004931496862211704,1.8296183908057522,7,-0.005297420540372855,-0.006761115253017457,-0.00859073364382321,-0.012249970425434714,6
2012-02-24,-0.014991642934196338,1.9386488042903995,4,-0.015379372695054417,-0.016930291738486737,-0.018868940542777136,-0.022746238151357935,6
2012-03-23,0.0024553337473900956,1.9247683042710706,2,0.0020703800865358815,0.000530565443119025,-0.0013942028611520457,-0.005243739469694187,6
2012-04-23,0.010653679571308982,1.7625994854526965,7,0.010301159674218442,0.008891080085856285,0.007128480600403589,0.0036032816294981956,6
2012-05-21,0.01572534958399708,1.7358263547045754,2,0.015378184313056164,0.013989523229292504,0.012253696874587928,0.008782044165178778,6
2012-06-19,0.008528414262883756,1.8748073649921801,2,0.00815345278988532,0.0066536068978915765,0.004778799532899396,0.0010291848029150355,6
2012-07-18,-0.013897025663395566,1.8750180526585747,7,-0.01427202927392728,-0.015772043716054143,-0.017647061768712717,-0.021397097874029866,6
2012-08-15,-0.010829649607170089,1.904869901183878,2,-0.011210623587406864,-0.012734519508353966,-0.014639389409537844,-0.0184491292119056,6
2012-09-13,0.015062468315105665,1.9345965471407736,1,0.01467554900567751,0.01312787176796489,0.011193275220824117,0.00732408212654257,6
2012-10-11,0.029192385565627477,1.8035878478872691,0,0.028831667996050022,0.027388797717740207,0.025585209869852937,0.021978034174078398,6
2012-11-12,0.004069985035808719,1.7665615190621045,3,0.0037166727319962976,0.002303423516746614,0.0005368619976845097,-0.0029962610404396994,6
2012-12-11,-0.014692994273430939,1.8491016230774242,5,-0.015062814598046424,-0.016542095896508364,-0.018391197519585786,-0.022089400765740636,6
2013-01-10,0.007347583754400816,1.873915974470724,3,0.0069728005595066705,0.005473667779930092,0.003599751805459367,-0.00014808014348208134,6
2013-02-08,-0.0013890027994836935,1.8653651872613388,0,-0.0017620758369359612,-0.0032543679867450322,-0.005119733174006371,-0.00885046354852905,6
2013-03-11,0.0032369525520360653,1.8696353651832456,1,0.002863025478999416,0.0013673171868528197,-0.0005023181783304258,-0.004241588908696917,6
2013-04-09,-0.005326575904991223,1.8165152035321335,3,-0.005689878945697649,-0.007143091108523356,-0.00895960631205549,-0.012592636719119758,6
2013-05-07,-0.006525951576489026,1.8651241511757746,2,-0.0068989764067241815,-0.008391075727664801,-0.010256199878840576,-0.013986448181192126,6
2013-06-05,0.0011068232474003305,1.8460148696410608,4,0.0007376202734721184,-0.0007391916222407302,-0.002585206491881791,-0.006277236231163913,6
2013-07-03,0.00751720981238367,1.8384671649118474,1,0.007149516379401301,0.005678742647471823,0.0038402754825599757,0.0001633411527362811,6
2013-08-01,0.012245013645366776,1.9431556207053506,1,0.011856382521225707,0.010301858024661426,0.008358702403956076,0.004472391162545374,6
2013-08-29,-0.001895736988362417,1.8385836821244954,2,-0.002263453724787316,-0.0037343206704869127,-0.005572904352611408,-0.0092500717168604,6
2013-09-27,-0.004547595068400734,1.8930126259159608,8,-0.004926197593583926,-0.0064406076943166945,-0.008333620320232656,-0.012119645572064578,6
2013-10-25,-0.01081278536820589,1.8436008999859,6,-0.01118150554820307,-0.01265638626819179,-0.01449998716817769,-0.01818718896814949,6
2013-11-22,-0.01376769841318652,1.9368687386780867,2,-0.014155072160922138,-0.015704567151864607,-0.017641435890542692,-0.021515173367898866,6
2013-12-23,0.026472941806231005,1.8586143956007017,0,0.026101218927110866,0.024614327410630302,0.022755713015029603,0.0190384842238282,6
2014-01-23,-7.117568136034427e-06,1.832512372639259,3,-0.0003736200426638862,-0.0018396299407752933,-0.0036721423134145523,-0.007337167058693071,6
2014-02-21,0.01245691134236571,1.8778025499440336,1,0.012081350832376903,0.010579108792421675,0.008701306242477643,0.004945701142589575,6
2014-03-21,0.007703560843577624,1.8391629736371344,4,0.007335728248850197,0.00586439786994049,0.004025234896303355,0.00034690894902908616,6
2014-04-21,0.015731737619597286,1.7302293850553934,1,0.015385691742586208,0.014001508234541892,0.012271278849486499,0.008810820079375711,6
2014-05-19,-0.0067129393296831985,1.8243840776514821,2,-0.007077816145213495,-0.008537323407334681,-0.010361707484986164,-0.014010475640289127,6
2014-06-17,0.00508111626365228,1.9099541911384672,4,0.004699125425424586,0.0031711620725138126,0.0012612078813753454,-0.002558700500901589,6
2014-07-16,-0.006961709365171387,1.8639885145609505,6,-0.0073345070680835775,-0.008825697879732338,-0.010689686394293288,-0.014417663423415189,6
2014-08-13,-0.004606815236047653,1.8621372040544457,3,-0.004979242676858542,-0.006468952440102099,-0.008331089644156544,-0.012055364052265436,6
2014-09-11,-0.0004498890335669056,1.8997675874610047,2,-0.0008298425510591066,-0.0023496566210279104,-0.004249424208488915,-0.008048959383410924,6
2014-10-09,-0.02325137843701218,1.7959957194665386,3,-0.023610577580905488,-0.02504737415647872,-0.026843369875945256,-0.030435361314878333,6
2014-11-06,-0.0220238395275994,1.9420530809486287,4,-0.022412250143789128,-0.02396589260854803,-0.02590794568949666,-0.029792051851393917,6
2014-12-05,0.00014883427387432115,1.8686854670831405,6,-0.00022490281954230698,-0.0017198511932088193,-0.00358853666029196,-0.007325907594458241,6
2015-01-06,0.011616853136997573,1.8399110409834833,3,0.011248870928800876,0.00977694209601409,0.007937031055030606,0.004257208973063639,6
2015-02-04,-0.017991987371658753,1.9003108714719028,2,-0.018372049545953135,-0.019892298243130657,-0.021792609114602558,-0.025593230857546365,6
2015-03-05,-0.006384104645845719,1.9761049785205258,2,-0.006779325641549824,-0.008360209624366245,-0.010336314602886771,-0.014288524559927821,6
2015-04-02,-0.0035612201268638327,1.8604773714730294,3,-0.003933315601158439,-0.005421697498336862,-0.007282174869809891,-0.01100312961275595,6
2015-05-01,0.018545724020259998,1.879452891390371,3,0.018169833441981923,0.016666271128869627,0.014786818237479255,0.011027912454698514,6
2015-06-01,-0.0020825510895896527,1.85677305241203,4,-0.0024539057000720586,-0.003939324142001683,-0.005796097194413713,-0.009509643299237773,6
2015-06-29,-0.017623562836336096,1.838558391290091,2,-0.017991274514594115,-0.019462121227626188,-0.02130067961891628,-0.02497779640149646,6
2015-07-28,-0.006168771223551509,1.9055262406122049,2,-0.0065498764716739495,-0.008074297464163714,-0.009979823704775919,-0.013790876186000329,6
2015-08-25,0.017776657953039367,1.8064740324180588,3,0.017415363146555757,0.015970183920621307,0.01416370988820325,0.010550761823367132,6
2015-09-23,-0.023713626606759727,1.8429372817369165,4,-0.02408221406310711,-0.025556563888496645,-0.02739950117023356,-0.031085375733707392,6
2015-10-21,0.02289184838615257,1.8592061893100253,3,0.022520007148290565,0.021032642196842546,0.019173436007532522,0.015455023628912469,6
2015-11-18,0.02344816335088516,1.866087866821859,2,0.023074945777520787,0.0215820754840633,0.01971598761724144,0.015983811883597723,6
2015-12-17,-0.007385602845927571,1.8583065199818634,2,-0.007757264149923944,-0.009243909365909435,-0.011102215885891298,-0.014818828925855024,6
2016-01-19,-0.015356242898586397,1.7540211852565306,3,-0.015707047135637704,-0.01711026408384293,-0.01886428526909946,-0.02237232763961252,6
2016-02-17,0.021417677765563845,1.9214797951831728,2,0.02103338180652721,0.01949619797038067,0.0175747181751975,0.013731758584831152,6
2016-03-16,0.006675190244089061,1.9630176900845673,5,0.0062825867060721475,0.004712172554004494,0.0027491548639199262,-0.0011768805162492083,6
2016-04-14,0.02564528809539404,1.8915408451653644,1,0.025266979926360966,0.023753747250228673,0.02186220640506331,0.01807912471473258,6
2016-05-12,-0.005619506965740206,1.8723821819527253,1,-0.005993983402130751,-0.0074918891476929315,-0.009364271329645657,-0.013109035693551107,6
2016-06-10,-0.0003870890518251036,1.8670205985252957,3,-0.0007604931715301628,-0.002254109650350399,-0.004121130248875695,-0.007855171445926287,6
2016-07-11,0.0037486832957353534,1.879367347430186,6,0.003372809826249316,0.0018693159483051673,-1.0051399125018696e-05,-0.0037687860939853907,6
2016-08-08,-0.02665376618157469,1.901048495391785,5,-0.02703397588065305,-0.028554814676966477,-0.030455863172358263,-0.03425796016314183,6
2016-09-06,-0.003984119922677054,1.925431993250328,8,-0.00436920632132712,-0.005909551915927382,-0.00783498390917771,-0.011685847895678367,6
2016-10-04,-0.0025285698919661074,1.7987532175809813,3,-0.0028883205354823037,-0.0043273231095470885,-0.0061260763271280706,-0.009723582762290033,6
2016-11-01,-0.028799705514985927,1.735177402660172,4,-0.02914674099551796,-0.0305348829176461,-0.03227006032030627,-0.03574041512562662,6
2016-11-30,0.0015244685174343748,1.9293618357802447,8,0.0011385961502783258,-0.00040489331834587,-0.002334255154126115,-0.006192978825686604,6
2016-12-29,-0.0059413334874545524,1.8363151152264374,2,-0.00630859651049984,-0.00777764860268099,-0.009613963717907428,-0.013286593948360303,6
2017-01-30,-0.00630147581681439,1.8690301384334904,7,-0.006675281844501089,-0.00817050595524788,-0.010039536093681372,-0.013777596370548352,6
2017-02-28,-0.0028715196001932383,1.972914244946683,3,-0.0032661024491825747,-0.004844433845139921,-0.006817348090086604,-0.01076317657997997,6
2017-03-28,-0.012601122640541348,1.8752188271861783,4,-0.012976166405978585,-0.014476341467727527,-0.016351560294913706,-0.020101997949286063,6
2017-04-26,0.021668721250295914,1.898643235385097,3,0.021288992603218895,0.01977007801491082,0.01787143477952572,0.014074148308755526,6
2017-05-24,-0.019908255247102654,1.8194001262071688,3,-0.02027213527234409,-0.021727655373309823,-0.02354705549951699,-0.02718585575193133,6
2017-06-22,0.015887875806016544,1.9383609477945485,3,0.015500203616457636,0.013949514858221997,0.012011153910427447,0.00813443201483835,6
2017-07-21,-0.0007387913056947323,1.9072298989909038,4,-0.001120237285492913,-0.0026460212046856358,-0.00455325110367654,-0.008367710901658347,6
2017-08-18,-0.011071527380982854,1.848561558634974,5,-0.011441239692709848,-0.012920088939617828,-0.014768650498252801,-0.01846577361552275,6
2017-09-18,0.013247403812780232,1.9432088861044314,4,0.012858762035559345,0.0113041949266758,0.00936098604057137,0.005474568268362506,6
2017-10-16,0.0003330082262411331,1.8283155919617122,0,-3.2654892151209316e-05,-0.0014953073657205792,-0.0033236229576822916,-0.006980254141605717,6
2017-11-13,0.0026542768954438706,1.8381021465182263,4,0.002286656466140225,0.0008161747489256442,-0.0010219273975925823,-0.004698131690629035,6
2017-12-12,-0.008828272253439344,1.8765561996114597,1,-0.009203583493361636,-0.010704828453050803,-0.012581384652662264,-0.016334497051885184,6
2018-01-11,0.005641454823644979,1.9297815824045095,3,0.005255498507164077,0.00371167324124047,0.00178189165883596,-0.002077671505973059,6
2018-02-09,-0.015493174415626244,1.7877044027145186,7,-0.015850715296169146,-0.017280878818340763,-0.019068583221055282,-0.022643992026484316,6
2018-03-12,-0.024565827815267432,1.9522335765101744,2,-0.024956274530569467,-0.026518061391777606,-0.02847029496828778,-0.03237476212130813,6
2018-04-10,-0.027652319587904213,1.818911331439191,3,-0.028016101854192052,-0.029471230919343405,-0.031290142250782596,-0.03492796491366098,6
2018-05-08,-0.012933253707076722,1.9135270816720709,3,-0.013315959123411136,-0.014846780788748792,-0.016760307870420862,-0.020587362033765006,6
2018-06-06,-0.02075254166760706,1.9559129976525842,2,-0.021143724267137575,-0.022708454665259642,-0.024664367662912228,-0.028576193658217397,6
2018-07-05,0.01266780498328192,1.8853410844123633,5,0.012290736766399447,0.010782463898869558,0.008897122814457193,0.005126440645632467,6
2018-08-02,0.008604319363248465,1.813543101066103,1,0.008241610743035244,0.006790776262182363,0.004977233161116259,0.0013501469589840536,6
2018-08-30,-0.0030586814655882625,1.9315282245863465,2,-0.003444987110505532,-0.004990209690174609,-0.006921737914760955,-0.01078479436393365,6
2018-09-28,0.010512073659092045,1.8754992076822137,8,0.010136973817555602,0.00863657445140983,0.006761075243727618,0.00301007682836319,6
2018-10-26,0.04637388172262115,1.734754224964436,4,0.04602693087762826,0.044639127497656715,0.042904373272692274,0.039434864822763406,6
2018-11-26,0.009612452835733658,1.8497156591300292,5,0.009242509703907652,0.007762737176603629,0.0059130215174736,0.002213590199213541,6
2018-12-26,0.009314602208302046,1.7255371248578792,3,0.00896949478333047,0.007589065083444166,0.005863527958586287,0.0024124537088705284,6
2019-01-25,0.009601300706292802,1.9333414409910588,3,0.00921463241809459,0.0076679592653017435,0.005734617824310685,0.0018679349423285667,6
2019-02-25,0.009516526003799116,1.9378848295428464,3,0.009128949037890547,0.00757864117425627,0.005640756344713423,0.0017649866856277304,6
2019-03-25,0.07175340156786372,1.8570422386906413,2,0.0713819931201256,0.06989635932917308,0.06803931709048244,0.06432523261310116,6
2019-04-23,-0.004526091614991417,1.8669124800743837,0,-0.004899474111006294,-0.006393004095065801,-0.008259916575140185,-0.01199374153528895,6
2019-05-21,0.014951790413723642,1.8449209823446409,3,0.014582806217254713,0.013106869431379,0.011261948449034359,0.007572106484345078,6
2019-06-19,0.016257402409774704,1.8288985128468374,3,0.015891622707205337,0.014428503896927868,0.01259960538408103,0.008941808358387355,6
2019-07-18,-0.015709340314439626,1.7858057944418575,3,-0.016066501473328,-0.017495146108881483,-0.01928095190332334,-0.022852563492207056,6
2019-08-15,0.021973875992080994,1.8069530080788652,0,0.02161248539046522,0.02016692298400213,0.018359969975923263,0.014746063959765533,6
2019-09-13,-8.120143717653319e-05,1.9086426706048127,4,-0.0004629299712974958,-0.0019898441077813456,-0.0038984867783861585,-0.007715772119595784,6
2019-10-11,0.01879761660700411,1.8146096439442172,3,0.018434694678215267,0.016983006963059894,0.015168397319115675,0.01153917803122724,6
2019-11-08,0.01810243787197297,1.9087347418524623,3,0.017720690923602476,0.016193703130120505,0.014284968388268045,0.01046749890456312,6
2019-12-09,-0.0010489165912689912,1.926985808428684,5,-0.001434313752954728,-0.002975902399697675,-0.004902888208126359,-0.008756859824983728,6
2020-01-08,0.0007807771262687128,1.8666670919886237,2,0.000407443707870988,-0.001085889965719911,-0.0029525570577085348,-0.006685891241685782,6
2020-02-06,-0.03564401414511228,1.7978394501863517,3,-0.03600358203514955,-0.03744185359529863,-0.03923969304548498,-0.04283537194585769,6
2020-03-06,-0.07399672674582587,1.7718782536680004,4,-0.07435110239655947,-0.07576860499949387,-0.07754048325316187,-0.08108423976049788,6
2020-04-03,0.052624885652184164,1.6435525806054159,2,0.05229617513606308,0.05098133307157875,0.04933778049097333,0.0460506753297625,6
2020-05-04,-0.013024126124952656,2.053021575717237,1,-0.013434730440096104,-0.015077147700669893,-0.01713016927638713,-0.021236212427821605,6
2020-06-02,0.0035611734000817945,1.9722457280022716,3,0.00316672425448134,0.0015889276720795226,-0.0003833180559227492,-0.004327809511927292,6
2020-06-30,0.02676701860848884,1.9055334511338722,2,0.026385911918262065,0.02486148515735497,0.022955951706221094,0.01914488480395335,6
2020-07-29,-0.021886122848835537,1.8351233128525062,3,-0.02225314751140604,-0.023721246161688043,-0.025556369474540548,-0.029226616100245562,6
2020-08-26,-0.0011546253548149299,1.883262688799494,1,-0.0015312778925748287,-0.003037888043614424,-0.004921150732413919,-0.008687676110012907,6
2020-09-24,0.007812906287301618,1.780726558747498,6,0.007456760975552118,0.00603217972855412,0.0042514531698066215,0.0006900000523116252,6
2020-10-22,-0.029909825453635543,1.949146416845591,4,-0.03029965473700466,-0.03185897187048113,-0.03380811828732672,-0.037706411121017906,6
2020-11-19,0.022255649999571726,1.9930406686568314,2,0.02185704186584036,0.020262609330914894,0.018269568662258064,0.0142834873249444,6
2020-12-18,-0.03971037275358981,1.9077169184661635,2,-0.040091916137283044,-0.04161808967205597,-0.04352580659052214,-0.04734124042745447,6
2021-01-20,-0.03374122344881997,1.9606044243336045,3,-0.03413334433368669,-0.035701827873153576,-0.037662432297487176,-0.041583641146154385,6
2021-02-18,-0.04347652462765956,1.9650946577451018,3,-0.04386954355920858,-0.04544161928540466,-0.04740671394314976,-0.05133690325863997,6
2021-03-18,0.05472964981538446,1.8737684777941426,4,0.05435489611982563,0.05285588133759032,0.050982112859796175,0.04723457590420789,6
2021-04-16,-0.019460912274078413,1.8220281215979,1,-0.019825317898397993,-0.02128294039567631,-0.023104968517274213,-0.026749024760470013,6
2021-05-14,0.011059864837406418,1.8883713542266967,4,0.010682190566561079,0.009171493483179721,0.007283122128953025,0.003506379420499631,6
2021-06-14,0.011039593729871207,1.912357820110321,3,0.010657122165849143,0.009127235909760886,0.007214878089650565,0.0033901624494299225,6
2021-07-13,0.018001495303043333,1.7778656882276116,3,0.01764592216539781,0.016223629614815722,0.014445763926588109,0.010890032550132886,6
2021-08-10,0.012212522372098234,1.8341138303193958,6,0.011845699606034356,0.01037840854177884,0.008544294711459443,0.004876067050820651,6
2021-09-08,0.02229400946953448,1.8654911784050219,3,0.021920911233853476,0.02042851829112946,0.018563027112724437,0.014832044755914393,6
2021-10-06,-0.01219430473985261,1.79836153145453,1,-0.012553977046143515,-0.013992666271307139,-0.01579102780276167,-0.019387750865670732,6
2021-11-03,0.01301463950225451,1.8991513870185837,6,0.012634809224850793,0.011115488115235926,0.009216336728217343,0.005418033954180176,6
2021-12-02,0.0014319381577142464,1.780838884139319,2,0.0010757703808863825,-0.00034890072642507273,-0.002129739610564392,-0.0056914173788430306,6
2021-12-31,-0.04700344041959623,1.8837745240665968,3,-0.047380195324409555,-0.04888721494366283,-0.05077098946772943,-0.05453853851586262,6
2022-01-31,-0.0034579045345355473,1.7968096426723414,4,-0.0038172664630700156,-0.005254714177207889,-0.00705152381988023,-0.010645143105224913,6
2022-03-01,0.02506243082491926,1.84569844099972,2,0.02469329113671932,0.023216732383919542,0.021371033942919823,0.01767963706092038,6
2022-03-29,0.01244301691763175,1.8920497505655733,4,0.012064606967518635,0.010550967167066177,0.008658917416500603,0.004874817915369456,6
2022-04-27,0.014884480649467619,1.723054049560986,7,0.014539869839555422,0.013161426599906633,0.011438372550345646,0.007992264451223675,6
2022-05-25,-0.01359378587982272,1.7758541770105942,1,-0.01394895671522484,-0.015369640056833314,-0.01714549423384391,-0.020697202587865098,6
2022-06-24,0.01360620430384717,1.8738300913901853,4,0.013231438285569132,0.011732374212456985,0.0098585441210668,0.006110883938286429,6
2022-07-25,-0.01375550918649563,1.8634275719060227,1,-0.014128194700876836,-0.015618936758401654,-0.017482364330307677,-0.02120921947411972,6
2022-08-22,-0.006984597742306693,1.9028175662908902,1,-0.007365161255564871,-0.008887415308597584,-0.010790232874888474,-0.014595868007470255,6
2022-09-20,0.03003167243065372,1.790472545315844,6,0.02967357792159055,0.028241199885337874,0.02645072734002203,0.022869782249390343,6
2022-10-18,-0.00968915859093706,1.7548165115778362,4,-0.010040121893252627,-0.011443975102514896,-0.013198791614092733,-0.016708424637248406,6
2022-11-15,0.004580693076082893,1.9279463675068629,7,0.004195103802581521,0.00265274670857603,0.0007248003410691671,-0.0031310923939445586,6
2022-12-14,-0.014312354869650264,1.8290451463953503,8,-0.014678163898929335,-0.016141400016045616,-0.017970445162440965,-0.021628535455231666,6
2023-01-13,-0.005333733741854585,1.8522300309578805,1,-0.005704179748046161,-0.007185963772812465,-0.009038193803770345,-0.012742653865686107,6
2023-02-13,0.03701675430859909,1.8470399592395716,7,0.03664734631675118,0.03516971434935952,0.03332267439011995,0.029628594471640804,6
2023-03-14,-0.04613777671828799,1.7797921961609162,2,-0.04649373515752017,-0.047917568914448906,-0.04969736111060982,-0.053256945502931655,6
2023-04-12,0.058298897890611365,1.9794552876734481,3,0.05790300683307668,0.05631944260293792,0.05433998731526447,0.05038107673991757,6
2023-05-10,-0.006082026065837401,1.7506004263119013,2,-0.006432146151099782,-0.007832626492149303,-0.009583226918461203,-0.013084427771085008,6
2023-06-08,0.009440230753412526,1.9297388998181462,4,0.009054282973448896,0.007510491853594379,0.005580752953776233,0.0017212751541399408,6
2023-07-10,0.04662927404646071,1.8404377336229782,0,0.046261186499736116,0.04478883631283773,0.04294839857921475,0.039267523111968794,6
2023-08-07,0.04386830068800491,1.8097478736150845,1,0.04350635111328189,0.042058552814389825,0.04024880494077474,0.03662930919354457,6
2023-09-05,0.03989778959768022,1.8268739664374485,1,0.03953241480439273,0.03807091563124277,0.036244041664805327,0.032590293731930425,6
2023-10-03,0.02113251373734054,1.7024155132668066,2,0.02079203063468718,0.019430098224073735,0.01772768271080693,0.014322851684273314,6
2023-10-31,0.04912122565292528,1.7709916172647713,8,0.04876702732947233,0.04735023403566051,0.04557924241839574,0.042037259183866194,6
2023-11-29,-0.04172605958747336,1.8588565936884205,3,-0.04209783090621104,-0.04358491618116178,-0.0454437727748502,-0.04916148596222704,6
2006-01-13,-0.0007163889592790801,1.0000000000000047,3,-0.000916388959279081,-0.0017163889592790849,-0.0027163889592790895,-0.004716388959279099,7
2006-02-13,-0.0014451104239111287,1.856423574572909,5,-0.0018163951388257106,-0.003301533998484038,-0.005157957573056947,-0.008870804722202766,7
2006-03-14,-0.00382777557049781,1.8727268552603689,5,-0.004202320941549884,-0.005700502425758178,-0.007573229281018548,-0.011318682991539285,7
2006-04-11,-0.006135628088654778,1.8650086410784805,2,-0.006508629816870474,-0.008000636729733258,-0.009865645370811738,-0.0135956626529687,7
2006-05-10,-0.010073062372126863,1.8469557115430264,4,-0.010442453514435469,-0.01192001808366989,-0.013766973795212916,-0.017460885218298968,7
2006-06-08,0.006843692086646413,1.7353570685317987,7,0.006496620672940053,0.005108335018114614,0.0033729779495828157,-9.773618748078194e-05,7
2006-07-07,0.012354994288753347,1.8408857167708947,4,0.011986817145399169,0.010514108571982452,0.008673222855211557,0.004991451421669768,7
2006-08-04,0.011114426986563383,1.7743666038906434,3,0.010759553665785255,0.00934006038267274,0.007565693778782096,0.00401696057100081,7
2006-09-01,-0.002691784004747926,1.8783295551566326,3,-0.0030674499157792526,-0.004570113559904559,-0.006448443115061191,-0.010205102225374456,7
2006-10-02,-0.019173118428296863,1.8497559484822539,5,-0.019543069617993312,-0.021022874376779115,-0.02287263032526137,-0.026572142222225877,7
2006-10-30,-0.0026058834113200685,1.9172636199567707,2,-0.0029893361353114226,-0.0045231470312768396,-0.00644041065123361,-0.010274937891147152,7
2006-11-28,-0.005446546981303292,1.8783049977483213,5,-0.005822207980852956,-0.0073248519790516135,-0.009203156976799935,-0.012959766972296578,7
2006-12-27,0.009993150737271157,1.892580104628733,11,0.00961463471634541,0.008100570632642424,0.00620799052801369,0.0024228303187562245,7
2007-01-29,-0.023089935229332108,1.8423141384598138,7,-0.02345839805702407,-0.024932249367791922,-0.026774563506251736,-0.030459191783171365,7
2007-02-27,0.02077649983827439,1.8885999821596993,5,0.020398779841842452,0.018887899856114693,0.016999299873954994,0.013222099909635594,7
2007-03-27,0.012031894388251986,1.860588216791349,7,0.011659776744893716,0.010171306171460637,0.008310717954669287,0.00458954152108659,7
2007-04-25,-0.004688041521419581,1.8589528411558112,3,-0.005059832089650743,-0.006546994362575392,-0.008405947203731202,-0.012123852886042825,7
2007-05-23,-0.00030159611234652564,1.880441047382941,8,-0.0006776843218231139,-0.0021820371597294666,-0.0040624782071124075,-0.00782336030187829,7
2007-06-21,0.0037041527733028346,1.854711266967423,5,0.00333321051990935,0.0018494415063354114,-5.269760632011823e-06,-0.0037146922945668582,7
2007-07-20,0.024861097714617,1.834270828325991,5,0.024494243548951803,0.02302682688629101,0.021192556057965016,0.017524014401313036,7
2007-08-17,0.006727675315902039,1.7508942701132746,6,0.0063774964618793836,0.004976781045788764,0.0032258867756754894,-0.0002759017645510599,7
2007-09-17,0.007931142743819982,1.8550976049367742,12,0.007560123222832627,0.006076045138883207,0.004220947533946433,0.0005107523240728846,7
2007-10-15,0.03927570608350152,1.828910558788356,7,0.038909923971743844,0.03744679552471316,0.03561788496592481,0.0319600638483481,7
2007-11-12,0.0004717062024838265,1.760541720553935,5,0.00011959785837303946,-0.0012888355180701086,-0.003049377238624044,-0.006570460679731914,7
2007-12-11,0.005438370489548792,1.867592258647651,10,0.0050648520378192615,0.003570778230901141,0.0017031859722534898,-0.002031998545041812,7
2008-01-10,0.028541884984217857,1.8079575218802,6,0.028180293479841818,0.026733927462337655,0.024925969940457458,0.021310054896697055,7
2008-02-08,0.04079318454041048,1.7575164693443235,6,0.04044168124654162,0.03903566807106616,0.037278151601721835,0.03376311866303319,7
2008-03-10,-0.006380610429898282,1.7784175343990902,4,-0.0067362939367781,-0.008159027964297372,-0.009937445498696462,-0.013494280567494642,7
2008-04-08,0.032238184477417296,1.8802007679598183,4,0.03186214432382533,0.030357983709457477,0.028477782941497658,0.024717381405578023,7
2008-05-06,0.007082728512597675,1.8314033582566165,3,0.006716447840946352,0.005251325154341058,0.003419921796084442,-0.00024288492042879098,7
2008-06-04,0.015347964657168901,1.891558222246012,6,0.0149696530127197,0.01345640643492289,0.011564848212676877,0.007781731768184853,7
2008-07-02,-0.004710719322762949,1.7483756679733071,1,-0.00506039445635761,-0.0064590949907362555,-0.008207470658709564,-0.011704221994656178,7
2008-07-31,0.009246257132433391,1.9154177732184872,1,0.008863173577789695,0.007330839359214904,0.0054154215859964164,0.0015845860395594423,7
2008-08-28,0.01353255299966765,1.910491086045925,2,0.013150454782458465,0.011622061913621726,0.0097115708275758,0.0058905886554839505,7
2008-09-26,-0.012315078037053217,1.7781771629694614,4,-0.01267071346964711,-0.014093255200022678,-0.01587143236299214,-0.01942778668893106,7
2008-10-24,-0.023574284703045307,1.5949934727105775,3,-0.023893283397587423,-0.025169278175755885,-0.02676427164846646,-0.029954258593887617,7
2008-11-21,-0.03450578263533467,1.7478220086998795,4,-0.03485534703707465,-0.03625360464403455,-0.038001426652734434,-0.04149707067013419,7
2008-12-22,-0.05641730869020967,2.082459454280092,2,-0.056833800581065685,-0.05849976814448976,-0.06058222759876985,-0.06474714650733003,7
2009-01-22,-0.0419385545782816,1.8838601795242431,3,-0.042315326614186445,-0.04382241475780584,-0.04570627493733009,-0.049473995296378574,7
2009-02-20,0.0005044522055576129,1.7944807317976064,2,0.0001455560591980916,-0.0012900285262399936,-0.0030845092580376,-0.006673470721632813,7
2009-03-20,0.005808459045626572,1.8547138981678013,1,0.005437516265993012,0.003953745147458771,0.0020990312492909693,-0.0016103965470446336,7
2009-04-20,0.004964882723004097,1.99764929360644,0,0.004565352864282809,0.002967233429397657,0.0009695841357912167,-0.0030257144514216636,7
2009-05-18,-0.009922004733461092,1.929392946519135,1,-0.01030788332276492,-0.011851397679980228,-0.013780790626499362,-0.017639576519537632,7
2009-06-16,0.01062123148348086,1.8346394173020482,2,0.01025430360002045,0.008786592066178812,0.006951952648876763,0.0032826738142726665,7
2009-07-15,0.005337636225741384,1.8351842644535468,1,0.004970599372850674,0.003502451961287837,0.00166726769683429,-0.0020031008320728037,7
2009-08-12,0.007646587875414766,1.9539677064932661,3,0.007255794334116113,0.005692620168921499,0.003738652462428233,-0.00016928295055829937,7
2009-09-10,-0.008187129647309287,1.925031526142185,2,-0.008572135952537724,-0.010112161173451473,-0.012037192699593658,-0.015887255751878028,7
2009-10-08,0.03281774700703764,1.8433948963016953,2,0.032449068027777306,0.03097435211073595,0.02913095721443425,0.025444167421830862,7
2009-11-05,0.007096019777513281,1.8100632923923214,3,0.006734007119034816,0.005285956485120959,0.0034758931927286376,-0.0001442333920560054,7
2009-12-04,-0.0018259294066570962,1.8992950159943784,4,-0.002205788409855972,-0.0037252244226514747,-0.005624519438645853,-0.00942310947063461,7
2010-01-05,-0.028784515579871287,1.9396862606106702,2,-0.02917245283199342,-0.030724201840481958,-0.03266388810109263,-0.036543260622313965,7
2010-02-03,-0.014030983804075515,1.8961020832999758,2,-0.01441020422073551,-0.01592708588737549,-0.017823187970675468,-0.021615392137275417,7
2010-03-04,0.008457235438846222,1.9156199696690097,4,0.00807411144491242,0.0065416154691772125,0.004625995499508203,0.0007947555601701831,7
2010-04-01,0.005035823117551361,1.8964261911090152,4,0.004656537879329558,0.0031393969264423456,0.0012429707353333306,-0.0025498816468847,7
2010-04-30,-0.009200980930861717,1.8034670764624714,1,-0.00956167434615421,-0.011004448007324188,-0.01280791508378666,-0.016414849236711604,7
2010-05-28,0.009606676782136295,1.749114006408993,2,0.009256853980854495,0.007857562775727302,0.0061084487693183085,0.0026102207565003224,7
2010-06-28,-0.019836235974370075,1.8406704888823184,3,-0.020204370072146538,-0.021676906463252394,-0.023517576952134713,-0.027198917929899348,7
2010-07-27,-0.016597240441865613,1.915772559702075,5,-0.016980394953806027,-0.01851301300156769,-0.02042878556126976,-0.024260330680673913,7
2010-08-24,0.011439697296452138,1.7854789086167941,4,0.011082601514728778,0.009654218387835343,0.00786873947921855,0.00429778166198496,7
2010-09-22,-0.0026346566652435386,1.9436646570701703,6,-0.0030233895966575728,-0.0045783213223137085,-0.006521985979383879,-0.01040931529352422,7
2010-10-20,-0.015221354411749688,1.8980195419764208,2,-0.015600958320144971,-0.01711937395372611,-0.019017393495702528,-0.02281343257965537,7
2010-11-17,-0.0225401162960406,1.8662945018440138,3,-0.022913375196409402,-0.024406410797884616,-0.026272705299728628,-0.030005294303416655,7
2010-12-16,-0.0021759131700177627,1.989293763976457,3,-0.002573771922813054,-0.00416520693399422,-0.006154500697970676,-0.01013308822592359,7
2011-01-14,0.01603434403828238,1.8991175786077843,2,0.015654520522560823,0.014135226459674596,0.01223610888106681,0.008437873723851241,7
2011-02-14,0.009880884023126629,1.828852712262541,5,0.00951511348067412,0.008052031310864087,0.006223178598601546,0.0025654731740764637,7
2011-03-15,-0.013645470095712132,1.8135369773527004,3,-0.014008177491182673,-0.015459007073064832,-0.017272544050417532,-0.020899618005122935,7
2011-04-12,0.025818866598465735,1.9258398621201145,3,0.025433698626041713,0.02389302673634562,0.021967186874225504,0.018115507149985277,7
2011-05-11,0.0008222251299786481,1.8668509207857742,2,0.0004488549458214932,-0.0010446257908071261,-0.0029114767115929006,-0.006645178553164449,7
2011-06-09,0.007410042896833632,1.7216376359771943,8,0.0070657153696381935,0.005688405260856438,0.003966767624879243,0.0005234923529248547,7
2011-07-08,0.003364552615105436,1.922930240710639,3,0.002979966566963308,0.0014416223743947969,-0.00048130786631584224,-0.0043271683477371205,7
2011-08-05,0.019972206736727144,1.6981622189203045,3,0.019632574292943083,0.01827404451780684,0.016575882298886534,0.013179557861045927,7
2011-09-02,0.022149730901761994,1.7874757426105887,5,0.021792235753239877,0.020362255159151407,0.018574779416540815,0.01499982793131964,7
2011-10-03,0.0018441671618480383,1.7214690375185684,1,0.0014998733543443246,0.00012269812432946997,-0.0015987709131890983,-0.005041708988226235,7
2011-10-31,-0.0046599152207927414,1.9916041827555917,4,-0.0050582360573438595,-0.0066515194035483335,-0.008643123586303925,-0.012626331951815107,7
2011-11-29,0.026083455488391003,1.7832256195563676,2,0.02572681036447973,0.024300229868834636,0.02251700424927827,0.018950553010165534,7
2011-12-28,-0.024500640350764998,1.826017842891675,0,-0.024865843919343333,-0.026326658193656673,-0.02815267603654835,-0.031804711722331694,7
2012-01-27,0.002457561829619087,1.9069702629890517,6,0.0020761677770212766,0.0005505915666300352,-0.0013563786963590166,-0.0051703192223371205,7
2012-02-27,-0.012718321481166462,1.870861413796395,2,-0.01309249376392574,-0.014589182894962856,-0.01646004430875925,-0.020201767136352043,7
2012-03-26,-0.0038437735444823984,1.9077470001185235,2,-0.004225322944506103,-0.005751520544600922,-0.007659267544719446,-0.011474761544956493,7
2012-04-24,0.013881660860992141,1.7972734424854302,4,0.013522206172495055,0.01208438741850671,0.01028711397602128,0.00669256709105042,7
2012-05-22,0.005684176885093469,1.8290644265361697,2,0.005318363999786235,0.0038551124585572993,0.0020260480320211296,-0.0016320808210512098,7
2012-06-20,-0.0007787431569344364,1.8457595854498448,1,-0.0011478950740244054,-0.002624502742384281,-0.004470262327834126,-0.008161781498733816,7
2012-07-19,0.009053447696728615,1.8972719426985478,3,0.008673993308188905,0.007156175754030067,0.00525890381133152,0.001464359925934424,7
2012-08-16,-0.0005446167902555526,1.8911397550119389,1,-0.0009228447412579404,-0.0024357565452674916,-0.00432689630027943,-0.008109175810303309,7
2012-09-14,0.009416226607377141,1.9490959858646462,2,0.009026407410204213,0.007467130621512495,0.005518034635647848,0.0016198426639185562,7
2012-10-12,-0.01236081700221781,1.7544248761318288,2,-0.012711701977444177,-0.01411524187834964,-0.015869666754481468,-0.019378516506745127,7
2012-11-13,0.0034189662917483076,1.8591230679944397,4,0.0030471416781494196,0.0015598432237538679,-0.00029927984424057193,-0.0040175259802294515,7
2012-12-12,0.0009399837355962965,1.925970640428079,6,0.0005547896075106806,-0.0009859869048317825,-0.0029119575452598613,-0.006763898826116019,7
2013-01-11,0.010172134139589045,1.8093019569322006,1,0.009810273748202604,0.008362832182656843,0.006553530225724643,0.0029349263118602417,7
2013-02-11,-0.0067651638860440795,1.8210995741100995,3,-0.0071293838008660996,-0.008586263460154179,-0.010407363034264278,-0.014049562182484477,7
2013-03-12,-0.010308352733082164,1.9029078117652585,0,-0.010688934295435215,-0.012211260544847422,-0.01411416835661268,-0.017919983980143196,7
2013-04-10,-0.0038570577382589567,1.89328307424898,3,-0.004235714353108753,-0.005750340812507936,-0.007643623886756917,-0.011430190035254877,7
2013-05-08,0.0032906856299752965,1.8878010743422269,3,0.002913125415106851,0.0014028845556330696,-0.0004849165187091574,-0.004260518667393611,7
2013-06-06,-0.016410027899363116,1.9027158572049827,4,-0.016790571070804113,-0.0183127437565681,-0.020215459613773083,-0.024020891328183046,7
2013-07-05,0.012444223219329557,1.9119848775958923,2,0.01206182624381038,0.010532238341733665,0.008620253464137773,0.004796283708945988,7
2013-08-02,0.0009401216274099742,1.89118843845237,0,0.0005618839397195001,-0.000951066811042396,-0.002842255249494766,-0.006624632126399506,7
2013-08-30,-0.043551648555492414,1.904697832971376,0,-0.04393258812208669,-0.04545634638846379,-0.04736104422143517,-0.05117043988737792,7
2013-09-30,0.0062521355155920584,1.9061940244232134,5,0.005870896710707416,0.004345941491168845,0.0024397474667456317,-0.0013726405821007951,7
2013-10-28,-0.02590320319843523,1.8556558020199942,4,-0.02627433435883923,-0.027758859000455223,-0.02961451480247522,-0.033325826406515206,7
2013-11-25,-0.017862403606770456,1.9204299169577372,3,-0.018246489590162004,-0.019782833523728192,-0.02170326344068593,-0.025544123274601406,7
2013-12-24,0.018072705223447005,1.935412321071359,2,0.017685622759232734,0.016137292902375647,0.014201880581304288,0.01033105593916157,7
2014-01-24,-0.03626777703020691,1.817625185689867,3,-0.036631302067344884,-0.03808540221589678,-0.03990302740158664,-0.04353827777296638,7
2014-02-24,-0.015572920080008358,1.9244233230717074,3,-0.0159578047446227,-0.017497343403080064,-0.019421766726151774,-0.023270613372295187,7
2014-03-24,-0.01384894892296921,1.8511402339503522,0,-0.01421917696975928,-0.01570008915691956,-0.017551229390869914,-0.021253509858770617,7
2014-04-22,0.02171617031264937,1.8453215512442394,1,0.021347106002400525,0.019870848761405133,0.01802552721016089,0.014334884107672415,7
2014-05-20,0.0022125993154075703,1.79963152174145,1,0.0018526730110592802,0.0004129677936661202,-0.0013866637280753298,-0.00498592677155823,7
2014-06-18,0.007976461007914135,1.9289095595300723,2,0.007590679096008121,0.0060475514483840625,0.0041186418888539906,0.0002608227697938458,7
2014-07-17,-0.0019981933534256474,1.8330069345696818,1,-0.002364794740339584,-0.003831200287995329,-0.005664207222565011,-0.009330221091704375,7
2014-08-14,-0.002240261606740723,1.8757446449497037,4,-0.0026154105357306637,-0.004116006251690427,-0.005991750896640131,-0.009743240186539538,7
2014-09-12,-0.01259004889305912,1.9195648973088029,2,-0.01297396187252088,-0.014509613790367921,-0.016429178687676724,-0.02026830848229433,7
2014-10-10,-0.0027988034006559107,1.7525449486066191,1,-0.0031493123903772345,-0.00455134834926253,-0.006303893297869149,-0.009808983195082388,7
2014-11-07,-0.007222100352868209,1.973414022288748,3,-0.007616783157325959,-0.009195514375156956,-0.011168928397445705,-0.0151157564420232,7
2014-12-08,-0.021380855779889865,1.8703190615537237,4,-0.02175491959220061,-0.023251174841443588,-0.025121493902997314,-0.02886213202610476,7
2015-01-07,0.0037740688259607726,1.8457631522429072,3,0.003404916195512191,0.0019283056737178653,8.254252147495795e-05,-0.0036089837830108567,7
2015-02-05,-0.015422226644500136,1.8234963782334805,4,-0.015786925920146834,-0.017245723022733618,-0.019069219400967098,-0.02271621215743406,7
2015-03-06,-0.01214834397530867,1.8931008756259609,5,-0.012526964150433861,-0.01404144485093463,-0.01593454572656059,-0.019720747477812512,7
2015-04-06,0.0174352936693371,1.820456917075508,2,0.017071202285922,0.015614836752261593,0.013794379835186084,0.010153466001035068,7
2015-05-04,-0.011515195351665071,1.8190031998124374,3,-0.011878995991627558,-0.013334198551477508,-0.015153201751289945,-0.01879120815091482,7
2015-06-02,0.001293710927520757,1.9031484638669807,4,0.0009130812347473609,-0.0006094375363462237,-0.0025125860002132043,-0.006318882927947166,7
2015-06-30,-0.010285007039508335,1.8689758879214273,4,-0.01065880221709262,-0.012153982927429762,-0.01402295881535119,-0.017760910591194043,7
2015-07-29,0.005416634323314045,1.818483391701471,3,0.00505293764497375,0.0035981509316125736,0.0017796675399111023,-0.0018572992434918402,7
2015-08-26,0.006885586697683998,1.7909962693424348,1,0.006527387443815511,0.005094590428341563,0.0033035941589991285,-0.0002783983796857412,7
2015-09-24,-0.016729708164116657,1.8414035744837263,7,-0.0170979888790134,-0.018571111738600384,-0.02041251531308411,-0.024095322462051563,7
2015-10-22,0.03429976356734473,1.8480084685015545,5,0.03393016187364442,0.032451755098843175,0.03060374663034162,0.026907729693338513,7
2015-11-19,-0.0007718102776939351,1.8477187508867805,5,-0.0011413540278712912,-0.0026195290285807157,-0.004467247779467496,-0.008162685281241058,7
2015-12-18,0.00039554289672358116,1.844161718822151,2,2.6710552959150955e-05,-0.0014486188220985698,-0.003292780540920721,-0.006981103978565023,7
2016-01-20,-0.013010848692799459,1.7035776612740303,4,-0.013351564225054265,-0.014714426354073488,-0.01641800401534752,-0.01982515933789558,7
2016-02-18,0.01852465464940932,1.8804610672884043,1,0.01814856243595164,0.016644193582120916,0.014763732514832512,0.011002810380255702,7
2016-03-17,0.004209845630984796,1.8963169537510784,2,0.0038305822402345804,0.0023135286772337175,0.00041721172348263905,-0.003375422184019518,7
2016-04-15,0.009684978713361407,1.8462588138492981,2,0.009315726950591546,0.007838719899512108,0.00599246108566281,0.002299943457964214,7
2016-05-13,0.0017785611824172975,1.836406792481392,4,0.0014112798239210192,-5.7845610064094456e-05,-0.0018942524025454864,-0.005567065987508271,7
2016-06-13,0.005814038045359097,1.8666753644865963,5,0.005440702972461778,0.003947362680872501,0.0020806873163859044,-0.0016526634125872885,7
2016-07-12,-0.013026754272012503,1.8695012945476492,4,-0.013400654530922032,-0.014896255566560152,-0.016765756861107803,-0.0205047594502031,7
2016-08-09,-0.00081037127764104,1.8735193904453984,8,-0.0011850751557301196,-0.002683890668086438,-0.004557410058531837,-0.008304448839422633,7
2016-09-07,0.009056461076753572,1.8919209804405377,8,0.008678076880665464,0.007164540096313034,0.005272619115872497,0.0014887771549914218,7
2016-10-05,0.020214810400465116,1.8527008091725152,3,0.019844270238630612,0.0183621095912926,0.016509408782120084,0.012804007163775055,7
2016-11-02,-0.03041043904688787,1.7611173572134344,3,-0.030762662518330555,-0.032171556404101305,-0.03393267376131474,-0.03745490847574161,7
2016-12-01,-0.005962234536062041,2.0178999800932056,4,-0.0063658145320806825,-0.007980134516155247,-0.009998034496248451,-0.014033834456434864,7
2016-12-30,0.0032926124463129947,1.901245089807975,1,0.0029123634283513998,0.0013913673565050196,-0.0005098777333029554,-0.0043123679129189055,7
2017-01-31,-0.00018235987444375313,1.8145747915723838,5,-0.0005452748327582299,-0.001996934666016137,-0.0038115094575885207,-0.007440659040733289,7
2017-03-01,-0.0015004740608156595,1.8829552063826518,2,-0.00187706510209219,-0.0033834292671983115,-0.005266384473580963,-0.009032294886346267,7
2017-03-29,-0.0029798508785915836,1.8364078796086138,3,-0.0033471324545133064,-0.004816258758200197,-0.006652666637808811,-0.01032548239702604,7
2017-04-27,0.013031701130672606,1.8322227844498657,4,0.012665256573782632,0.01119947834622274,0.009367255561772874,0.005702809992873143,7
2017-05-25,-0.028590819523363144,1.8583616297004681,5,-0.02896249184930324,-0.030449181153063613,-0.032307542782764084,-0.03602426604216502,7
2017-06-23,-0.008043667770359782,1.8878284919567747,1,-0.008421233468751137,-0.009931496262316557,-0.011819324754273332,-0.01559498173818688,7
2017-07-24,-0.00782365791189123,1.8877468736085243,6,-0.008201207286612935,-0.009711404785499755,-0.011599151659108279,-0.015374645406325327,7
2017-08-21,-0.004526822418787551,1.809989189592426,4,-0.004888820256706037,-0.006336811608379978,-0.008146800797972403,-0.011766779177157256,7
2017-09-19,0.0037458000428441445,1.8839739635595707,5,0.0033690052501322305,0.0018618260792845737,-2.2147884274997115e-05,-0.0037900958113941388,7
2017-10-17,-0.02758115493864639,1.8949305843255657,0,-0.027960141055511503,-0.029476085522971956,-0.03137101610729752,-0.03516087727594865,7
2017-11-14,-0.007330061410457169,1.8625464319679246,4,-0.007702570696850754,-0.009192607842425093,-0.011055154274393018,-0.014780247138328867,7
2017-12-13,0.007669342985542329,1.8791450315876408,3,0.007293513979224801,0.005790197953954688,0.003911052922367047,0.0001527628591917662,7
2018-01-12,-0.007718593069056689,1.9061347412839706,4,-0.008099820017313483,-0.00962472781034066,-0.01153086255162463,-0.015343132034192571,7
2018-02-12,0.008193225795164447,1.8076811715210899,8,0.007831689560860229,0.0063855446236433565,0.004577863452122266,0.0009625011090800871,7
2018-03-13,-0.008693567282668808,1.9203990864945286,1,-0.009077647099967714,-0.010613966369163336,-0.012534365455657864,-0.016375163628646924,7
2018-04-11,-0.00399437232673181,1.8154489799045457,2,-0.00435746212271272,-0.005809821306636356,-0.007625270286540902,-0.011256168246349993,7
2018-05-09,0.008243936678144456,1.8494932256245271,2,0.00787403803301955,0.006394443452519929,0.004544950226895402,0.0008459637756463474,7
2018-06-07,0.027022756617830854,1.9372960834712134,5,0.026635297401136612,0.02508546053435964,0.023148164450888426,0.019273572283946,7
2018-07-06,0.04688800507936199,1.8144768749361944,4,0.046525109704374755,0.0450735282044258,0.0432590513294896,0.03963009757961722,7
2018-08-03,0.020326263028020555,1.784880680502256,4,0.019969286891920103,0.0185413823475183,0.016756501667016043,0.013186740306011531,7
2018-08-31,-0.01014669810918456,1.8997350048480344,2,-0.010526645110154166,-0.012046433114032595,-0.01394616811888063,-0.0177456381285767,7
2018-10-01,-0.010174609330935579,1.8416502222023476,7,-0.010542939375376047,-0.012016259553137926,-0.013857909775340274,-0.01754121021974497,7
2018-10-29,0.03776699932988232,1.7017652240617833,6,0.03742664628506996,0.036065234105820534,0.03436346888175875,0.030959938433635186,7
2018-11-27,-0.005293956225199159,1.825665810365843,7,-0.005659089387272327,-0.007119622035565001,-0.008945287845930844,-0.012596619466662531,7
2018-12-27,0.028414121833802382,1.783764684812615,5,0.02805736889683986,0.026630357148989765,0.024846592464177152,0.021279063094551923,7
2019-01-28,0.009799959538821115,1.8789786876496761,2,0.00942416380129118,0.007920980851171438,0.006042002163521762,0.00228404478822241,7
2019-02-26,0.0076811337108399535,1.9278013233160318,3,0.007295573446176747,0.005753332387523922,0.0038255310642078895,-3.007158242417443e-05,7
2019-03-26,0.04197736823781707,1.8829622900094383,4,0.041600775779815184,0.04009440594780764,0.038211443657798196,0.03444551907777932,7
2019-04-24,0.028853849207601975,1.8853274227454402,1,0.028476783723052887,0.026968521784856536,0.025083194362111094,0.021312539516620214,7
2019-05-22,0.01602345546778778,1.8181171875139892,2,0.01565983203028498,0.01420533828027379,0.0123872210927598,0.008750986717731822,7
2019-06-20,-0.007563657197971967,1.8689256868953195,3,-0.007937442335351031,-0.009432582884867285,-0.011301508571762606,-0.015039359945553245,7
2019-07-19,-0.018346393843070265,1.8490974943274059,2,-0.018716213341935746,-0.020195491337397672,-0.022044588831725078,-0.025742783820379887,7
2019-08-16,0.0344582694669832,1.8194064373551797,1,0.034094388179512165,0.03263886302962802,0.030819456592272844,0.027180643717562483,7
2019-09-16,0.008079423318069151,1.821209831449253,9,0.007715181351779301,0.006258213486619898,0.004437003655170645,0.0007945839922721392,7
2019-10-14,0.010430487693914952,1.8165150946295867,2,0.010067184674989035,0.008613972599285365,0.006797457504655779,0.0031644273153966047,7
2019-11-11,0.02374249910961999,1.9435872608371814,3,0.023353781657452555,0.02179891184878281,0.019855324587945627,0.015968150066271267,7
2019-12-10,-0.0003768712817931053,1.9030599495287128,4,-0.0007574832716988479,-0.0022799312313218183,-0.004182991180850531,-0.007989111079907957,7
2020-01-09,0.008543627996214385,1.9160830695638391,2,0.008160411382301617,0.006627544926650546,0.004711461857086707,0.0008792957179590286,7
2020-02-07,-0.037128034976901717,1.8030167098214427,3,-0.03748863831886601,-0.03893105168672316,-0.0407340683965446,-0.044340101816187485,7
2020-03-09,-0.027161225552817036,1.7239023649858323,3,-0.0275060060258142,-0.02888512791780287,-0.0306090302827887,-0.03405683501276036,7
2020-04-06,0.012801263249166785,1.7398322136375979,2,0.012453296806439265,0.011061431035529187,0.00932159882189159,0.005841934394616393,7
2020-05-05,-0.05493075414439084,1.9473338898238144,0,-0.0553202209223556,-0.05687808803421465,-0.05882542192403847,-0.06272008970368609,7
2020-06-03,-0.008141690728128422,2.0390252665326276,1,-0.008549495781434947,-0.01018071599466105,-0.012219741261193677,-0.016297791794258935,7
2020-07-01,0.010955752935696115,1.9105402098005995,1,0.010573644893735995,0.009045212725895516,0.007134672516094917,0.0033135920964937173,7
2020-07-30,-0.007413443747655371,1.9075048698989308,4,-0.007794944721635158,-0.009320948617554302,-0.011228453487453233,-0.015043463227251095,7
2020-08-27,0.002158251322132744,1.9187271904385588,1,0.0017745058840450323,0.00023952413169418514,-0.0016792030587443737,-0.0055166574396214915,7
2020-09-25,-0.011379515544301118,1.7978741203934463,5,-0.011739090368379806,-0.013177389664694564,-0.014975263785088011,-0.018571012025874904,7
2020-10-23,-0.013401182099097355,1.9005766113360358,2,-0.013781297421364563,-0.015301758710433391,-0.017202335321769426,-0.0210034885444415,7
2020-11-20,0.015006740989284116,1.998688464030116,1,0.014607003296478092,0.013008052525253999,0.011009364061223884,0.007011987133163653,7
2020-12-21,-0.03545043714226178,1.98214532101478,1,-0.03584686620646474,-0.03743258246327656,-0.03941472778429134,-0.0433790184263209,7
2021-01-21,-0.053446201698786715,1.969294483976127,4,-0.05384006059558194,-0.05541549618276284,-0.05738479066673897,-0.06132337963469123,7
2021-02-19,-0.006654403258821895,1.9733716071634375,1,-0.007049077580254582,-0.008627774865985333,-0.010601146473148769,-0.014547889687475644,7
2021-03-19,0.060860369577189585,1.8316997150243643,4,0.06049402963418471,0.05902866986216522,0.057196970147140855,0.053533570717092124,7
2021-04-19,-0.008914782115444855,1.751686485174922,6,-0.009265119412479839,-0.010666468600619776,-0.012418155085794698,-0.015921528056144545,7
2021-05-17,0.02734391493810839,1.866285069783253,3,0.02697065792415174,0.025477629868325136,0.023611344798541885,0.019878774658975376,7
2021-06-15,0.006387393458257896,1.9026125170245458,2,0.006006870954852987,0.00448478094123335,0.002582168424208804,-0.0012230566098402878,7
2021-07-14,-0.008343274459487737,1.834802849413728,1,-0.008710235029370484,-0.010178077308901466,-0.012012880158315194,-0.01568248585714265,7
2021-08-11,-0.007625364458145035,1.883868040159976,6,-0.00800213806617703,-0.009509232498305011,-0.011393100538464988,-0.01516083661878494,7
2021-09-09,0.016100703573119463,1.8439945020427602,1,0.01573190467271091,0.014256709071076703,0.012412714569033942,0.00872472556494842,7
2021-10-07,0.0017721462361291785,1.8015128885130585,1,0.0014118436584265668,-2.936665238388006e-05,-0.0018308795408969387,-0.005433905317923056,7
2021-11-04,0.008935821733915203,1.9146635515135548,5,0.008552889023612491,0.007021158182401648,0.005106494630888093,0.0012771675278609833,7
2021-12-03,-0.022509241486531075,1.75149445123628,2,-0.022859540376778332,-0.024260735937767355,-0.026012230389003636,-0.029515219291476196,7
2022-01-03,-0.03925061553322889,1.939225328133304,3,-0.03963846059885555,-0.04118984086136219,-0.043129066189495496,-0.047007516845762105,7
2022-02-01,0.013549353178751278,1.7818265042772912,2,0.01319298787789582,0.011767526674473987,0.009985700170196695,0.006422047161642113,7
2022-03-02,0.014207588225652596,1.8437908088449824,0,0.0138388300638836,0.012363797416807614,0.01052000660796263,0.006832424990272666,7
2022-03-30,-0.00323261754241485,1.876754042939306,3,-0.0036079683510027113,-0.005109371585354156,-0.006986125628293462,-0.010739633714172074,7
2022-04-28,-0.009171099214331142,1.7496753072808795,3,-0.009521034275787318,-0.010920774521612022,-0.0126704498288929,-0.01616980044345466,7
2022-05-26,-0.035518541492274,1.7635650807449097,2,-0.03587125450842298,-0.03728210657301891,-0.03904567165376382,-0.042572801815253636,7
2022-06-27,0.013799462028426662,1.8756138129653699,4,0.013424339265833588,0.011923848215461292,0.010048234402495922,0.006297006776565183,7
2022-07-26,-0.054555485057567514,1.8875935838881792,5,-0.05493300377434515,-0.056443078641455695,-0.058330672225343876,-0.06210585939312023,7
2022-08-23,-0.015575725803324286,1.960956187295648,1,-0.015967917040783416,-0.017536681990619935,-0.019497638177915583,-0.023419550552506878,7
2022-09-21,0.014968497291166305,1.7581606297001469,10,0.014616865165226277,0.01321033666146616,0.011452176031766011,0.007935854772365717,7
2022-10-19,0.02236194948832286,1.771345969527959,3,0.02200768029441727,0.020590603518794902,0.018819257549266943,0.015276565610211025,7
2022-11-16,-0.004948849934211088,1.871102215434675,7,-0.005323070377298023,-0.006819952149645763,-0.008691054365080438,-0.012433258795949788,7
2022-12-15,0.01025973641696345,1.904874306872815,4,0.009878761555588887,0.008354862110090636,0.00644998780321782,0.0026402391894721905,7
2023-01-17,0.000175426638428921,1.9281955157399961,0,-0.00021021246471907828,-0.0017527688773110752,-0.0036809643930510714,-0.007537355424531064,7
2023-02-14,0.03503379956466235,1.8781771427259804,4,0.03465816413611715,0.03315562242193637,0.03127744527921039,0.027521090993758428,7
2023-03-15,-0.0219066641786631,1.7823890458714124,2,-0.022263141987837385,-0.023689053224534514,-0.025471442270405927,-0.02903622036214875,7
2023-04-13,0.018512934511860184,1.9412784714093685,2,0.018124678817578312,0.016571656040450817,0.014630377569041448,0.01074782062622271,7
2023-05-11,-0.0003512259337197344,1.763816235957614,1,-0.0007039891809112572,-0.0021150421696773483,-0.0038788584056349625,-0.0074064908775501904,7
2023-06-09,0.0067229490412994905,1.9033329471006544,4,0.00634228245187936,0.004819616094198836,0.0029162831470981817,-0.0008903827471031271,7
2023-07-11,-0.006759886901407414,1.8821129716916,1,-0.007136309495745734,-0.008641999873099014,-0.010524112844790615,-0.014288338788173814,7
2023-08-08,0.03403922065940155,1.8549262116337,5,0.03366823541707481,0.03218429444776785,0.03032936823613415,0.02661951581286675,7
2023-09-06,0.02629081048133526,1.8464877613140944,1,0.02592151292907244,0.024444322720021165,0.022597834958707073,0.018904859436078884,7
2023-10-04,0.00021430075272075032,1.7726387592140491,2,-0.00014022699912205952,-0.001558338006493299,-0.003330976765707348,-0.006876254284135447,7
2023-11-01,0.0008466950320022435,1.7823110853218207,8,0.0004902328149378793,-0.0009356160533195773,-0.002717927138641398,-0.0062825493092850395,7
2023-11-30,-0.015507539923544474,1.9373164973188346,3,-0.01589500322300824,-0.017444856420863308,-0.019382172918182144,-0.02325680591281981,7
2006-01-17,0.008705081801245027,1.0000000000000002,5,0.008505081801245026,0.007705081801245027,0.006705081801245027,0.004705081801245026,8
2006-02-14,-0.007160359687095776,1.8334600879968808,6,-0.007527051704695152,-0.008993819775092657,-0.010827279863089538,-0.014494200039083298,8
2006-03-15,0.003795606298857937,1.83631937126065,3,0.003428342424605807,0.001959286927597287,0.00012296755633663678,-0.0035496711861846635,8
2006-04-12,0.007394956871579799,1.886651461370014,4,0.007017626579305796,0.005508305410209785,0.003621653948839771,-0.0001516489739002572,8
2006-05-11,-0.016554987163002147,1.8284437629521926,4,-0.016920675915592584,-0.01838343092595434,-0.020211874688906534,-0.023868762214810917,8
2006-06-09,0.019832091708934758,1.8220866516996395,7,0.01946767437859483,0.01801000505723512,0.01618791840553548,0.0125437451021362,8
2006-07-10,-0.0025448152224697984,1.8478555011045523,3,-0.002914386322690709,-0.004392670723574351,-0.006240526224678904,-0.009936237226888009,8
2006-08-07,0.004193114276277805,1.8105496601775988,4,0.003831004344242285,0.002382564616100206,0.0005720149559226072,-0.0030490843644325905,8
2006-09-05,-0.017314699224952976,1.913082137969796,4,-0.017697315652546935,-0.01922778136292277,-0.021140863500892566,-0.02496702777683216,8
2006-10-03,-0.02127958713726614,1.818279769253434,5,-0.021643243091116825,-0.023097866906519573,-0.024916146675773007,-0.028552706214279876,8
2006-10-31,-0.012266148877882086,1.925933072641229,5,-0.012651335492410331,-0.014192081950523315,-0.016118015023164543,-0.019969881168447,8
2006-11-29,-0.015296399589874957,1.8825101078664752,6,-0.015672901611448253,-0.017178909697741433,-0.019061419805607906,-0.022826440021340856,8
2006-12-28,0.008768932719490474,1.912390923171878,11,0.008386454534856098,0.006856541796318596,0.004944150873146718,0.001119369026802962,8
2007-01-30,-0.013438538942413161,1.7914545550591865,5,-0.013796829853424999,-0.015229993497472349,-0.017021448052531536,-0.020604357162649908,8
2007-02-28,0.0060822999562589256,1.8919955059019469,6,0.005703900855078536,0.004190304450356979,0.0022983089444550318,-0.001485682067348862,8
2007-03-28,0.01715228082164976,1.8733417068127218,7,0.016777612480287217,0.01527893911483704,0.013405597408024317,0.009658913994398874,8
2007-04-26,0.006714740582644674,1.8213361373057528,2,0.006350473355183524,0.004893404445338921,0.0030720683080331683,-0.0005706039665783376,8
2007-05-24,-0.01368934734545712,1.838644876798747,7,-0.01405707632081687,-0.015527992222255867,-0.017366637099054616,-0.02104392685265211,8
2007-06-22,0.011630204175973193,1.8519127335745507,6,0.011259821629258282,0.009778291442398642,0.007926378708824091,0.0042225532416749895,8
2007-07-23,0.020738846541655337,1.8462525433509949,5,0.02036959603298514,0.01889259399830434,0.017046341454953345,0.013353836368251357,8
2007-08-20,-0.00017328901684459763,1.7093634431744054,5,-0.0005151617054794787,-0.001882652460019003,-0.0035920159031934086,-0.007010742789542219,8
2007-09-18,0.006941635664712927,1.907359061073052,10,0.006560163852498317,0.005034276603639875,0.003126917542566823,-0.000687800579579281,8
2007-10-16,0.00988463386986871,1.8271388184437924,4,0.009519206106179953,0.008057495051424918,0.006230356232981125,0.0025760785960935407,8
2007-11-13,0.019453335997589395,1.7845969910592683,9,0.019096416599377542,0.017668739006530126,0.015884142015470858,0.012314948033352322,8
2007-12-12,-0.01675170978999154,1.7798145643994097,5,-0.01710767270287142,-0.01853152435439095,-0.02031133891879036,-0.02387096804758918,8
2008-01-11,0.07273619137203773,1.7835389451624093,8,0.07237948358300525,0.07095265242687532,0.06916911348171291,0.0656020355913881,8
2008-02-11,0.045198434520197936,1.8406320379609236,6,0.04483030811260575,0.043357802482237015,0.04151717044427609,0.03783590636835424,8
2008-03-11,0.003985164675933369,1.7815726094941897,3,0.0036288501540345315,0.0022035920664391796,0.0004220194569449897,-0.00314112576204339,8
2008-04-09,0.03154013055633346,1.853986189701554,3,0.031169333318393146,0.029686144366631903,0.02783215817693035,0.02412418579752724,8
2008-05-07,0.023952974031640584,1.8191606528425452,5,0.023589141901072076,0.02213381337879804,0.020314652725955493,0.016676331420270404,8
2008-06-05,-0.015549646873206062,1.9143221220241504,6,-0.01593251129761089,-0.01746396899523021,-0.01937829111725436,-0.023206935361302663,8
2008-07-03,-0.026863627217896847,1.7597144444949282,3,-0.027215570106795834,-0.028623341662391777,-0.030383056106886703,-0.03390248499587656,8
2008-08-01,0.0033528940639376264,1.8477956899003407,2,0.0029833349259575583,0.0015050983740372856,-0.0003426973158630552,-0.004038288695663737,8
2008-08-29,-0.019295772959740658,1.8921750073358168,2,-0.01967420796120782,-0.021187947967076473,-0.023080122974412292,-0.026864472989083926,8
2008-09-29,3.5391833455454894e-05,1.7373820220446157,4,-0.0003120845709534683,-0.0017019901885891608,-0.0034393722106337765,-0.006914136254723008,8
2008-10-27,0.011660783596272432,1.61227185974192,4,0.011338329224324048,0.010048511736530511,0.008436239876788591,0.005211696157304751,8
2008-11-24,-0.024019289013980826,1.858581125915339,2,-0.024391005239163894,-0.025877870139896165,-0.027736451265811504,-0.031453613517642184,8
2008-12-23,-0.02375587685855392,1.9818715717876731,3,-0.024152251172911456,-0.025737748430341593,-0.02771962000212927,-0.031683363145704614,8
2009-01-23,-0.01841192552420528,1.8800909993146735,1,-0.018787943724068213,-0.020292016523519953,-0.022172107522834626,-0.025932289521463973,8
2009-02-23,0.026937148775998895,1.6979733301097855,2,0.026597554109976936,0.02523917544588911,0.023541202115779324,0.020145255455559754,8
2009-03-23,-0.02895606616290789,1.9300906268298195,2,-0.029342084288273854,-0.03088615678973771,-0.03281624741656753,-0.03667642867022717,8
2009-04-21,0.03752951759196847,1.8904732179828345,0,0.037151422948371905,0.035639044373985636,0.033748571156002806,0.029967624720037132,8
2009-05-19,0.0016225509097477773,1.8761408446672196,0,0.0012473227408143334,-0.00025358993491944246,-0.0021297307795866624,-0.005882012468921101,8
2009-06-17,0.02052095934404618,1.8819636784605693,1,0.020144566608354064,0.01863899566558561,0.01675703198712504,0.012993104630203901,8
2009-07-16,-0.009544341243433686,1.8700482134269696,1,-0.00991835088611908,-0.011414389456860656,-0.013284437670287625,-0.017024534097141567,8
2009-08-13,0.011576131747321333,1.9587306400992945,1,0.011184385619301474,0.009617401107222038,0.007658670467122744,0.0037412091869241555,8
2009-09-11,0.002805486990831546,1.8902507974067686,2,0.002427436831350192,0.0009152361934247773,-0.0009750146039819913,-0.004755516198795528,8
2009-10-09,0.014103957704239221,1.8758779902357468,9,0.013728782106192071,0.012228079714003474,0.010352201723767728,0.0066004457432962335,8
2009-11-06,-0.025534007505668047,1.7996906206957612,4,-0.025893945629807198,-0.02733369812636381,-0.02913338874705957,-0.032732769988451094,8
2009-12-07,0.0020722199677266507,1.9237345973563669,2,0.0016874730482553772,0.00014848537037028377,-0.0017752492269860832,-0.005622718421698817,8
2010-01-06,0.011771083410575254,1.9245535914381255,4,0.01138617269228763,0.00984652981913713,0.007921976227699003,0.004072869044822752,8
2010-02-04,-0.014797809906150131,1.82147927122291,2,-0.015162105760394713,-0.016619289177373042,-0.018440768448595952,-0.02208372699104177,8
2010-03-05,0.021347513275325667,1.9566339743838264,2,0.0209561864804489,0.01939087930094184,0.017434245326558014,0.013520977377790361,8
2010-04-05,-0.01080584847761061,1.8890810850113873,4,-0.011183664694612887,-0.012694929562621998,-0.014584010647633386,-0.01836217281765616,8
2010-05-03,-0.0131847865530154,1.8335270849006884,2,-0.013551491969995538,-0.015018313637916088,-0.016851840722816775,-0.020518894892618152,8
2010-06-01,0.023693917275403462,1.6681549243974065,1,0.02336028629052398,0.022025762351006055,0.02035760742660865,0.017021297577813836,8
2010-06-29,-0.030352719810803053,1.8295064122420597,3,-0.030718621093251464,-0.03218222622304511,-0.03401173263528717,-0.037670745459771296,8
2010-07-28,-0.017639486442067115,1.923606046531802,2,-0.018024207651373476,-0.019563092488598915,-0.02148669853513072,-0.025333910628194324,8
2010-08-25,0.021570822099176025,1.7967120779415766,4,0.02121147968358771,0.01977411002123445,0.017977397943292873,0.014383973787409719,8
2010-09-23,0.005631900968213272,1.832101139742126,9,0.005265480740264847,0.0037997998284711463,0.00196769868872902,-0.0016965035907552323,8
2010-10-21,-0.012192888489018712,1.901595305560246,1,-0.012573207550130762,-0.014094483794578958,-0.015996079100139202,-0.019799269711259695,8
2010-11-18,-0.013569360278265705,1.8951988378526734,3,-0.013948400045836239,-0.015464559116118378,-0.01735975795397105,-0.021150155629676398,8
2010-12-17,-0.005236959957671112,1.9363404997761182,4,-0.005624228057626335,-0.00717330045744723,-0.009109640957223348,-0.012982321956775584,8
2011-01-18,0.004885602680959469,1.8861011779333972,2,0.004508382445372789,0.0029995015030260712,0.0011134003250926742,-0.0026588020307741203,8
2011-02-15,-0.009450468151003002,1.8413114777460833,10,-0.009818730446552218,-0.011291779628749086,-0.013133091106495168,-0.016815714061987334,8
2011-03-16,-0.016494197948938184,1.8172218808699758,2,-0.01685764232511218,-0.01831141982980816,-0.020128641710678137,-0.023763085472418087,8
2011-04-13,0.011701062689179653,1.9658556507259646,3,0.01130789155903446,0.009735207038453687,0.007769351387727723,0.0038376400862757936,8
2011-05-12,-1.7577202992762693e-05,1.8705628496657059,4,-0.00039168977292590386,-0.0018881400526584687,-0.0037587029023241746,-0.0074998286016555865,8
2011-06-10,0.004761732337051608,1.7484104942514493,11,0.004412050238201319,0.003013321842800159,0.0012649113485487095,-0.0022319096399541893,8
2011-07-11,0.007473786829982787,1.8837532837785864,0,0.00709703617322707,0.0055900335462042,0.003706280262425614,-6.122630513155907e-05,8
2011-08-08,0.030928547169981953,1.6276307102288983,3,0.030603021027936172,0.029300916459753055,0.027673285749524157,0.02441802432906636,8
2011-09-06,0.009934965253721574,1.8945436539255762,3,0.009556056522936458,0.008040421599795997,0.006145877945870421,0.0023567906380192686,8
2011-10-04,0.016889790119757865,1.7922301598429144,1,0.016531344087789283,0.015097559959914951,0.013305329800072036,0.009720869480386207,8
2011-11-01,-0.012085953799888546,1.8835943826210306,2,-0.012462672676412751,-0.013969548182509577,-0.015853142565130606,-0.019620331330372668,8
2011-11-30,0.0034504163325549527,1.8414778131524279,5,0.0030821207699244673,0.0016089385194025248,-0.00023253929374990323,-0.003915494920054759,8
2011-12-29,0.016366610425142217,1.8435065808916578,2,0.015997909108963884,0.014523103844250559,0.012679597263358901,0.008992584101575586,8
2012-01-30,-0.010441521570622152,1.8399867479430188,5,-0.010809518920210755,-0.01228150831856517,-0.014121495066508189,-0.01780146856239423,8
2012-02-28,0.012176317629866073,1.911649555078223,1,0.01179398771885043,0.01026466807478785,0.008353018519709626,0.004529719409553181,8
2012-03-27,0.020622143360958495,1.8605054232282319,1,0.020250042276312847,0.018761637937730263,0.01690113251450203,0.013180121668045566,8
2012-04-25,0.030994255819671166,1.7490505505356913,5,0.03064444570956403,0.029245205269135474,0.027496154718599782,0.023998053617528402,8
2012-05-23,0.012228890258127382,1.75596787444145,4,0.011877696683239092,0.010472922383685931,0.008716954509244482,0.0052050187603615815,8
2012-06-21,-0.013325286480934626,1.784006233369994,1,-0.013682087727608625,-0.01510929271430462,-0.016893298947674613,-0.020461311414414603,8
2012-07-20,0.04763841316006952,1.8254702147404902,4,0.04727331911712142,0.045812942945329026,0.043987472730588534,0.04033653230110756,8
2012-08-17,0.016036366761606146,1.8934927617798822,2,0.01565766820925017,0.014142873999826264,0.012249381238046381,0.008462395714486617,8
2012-09-17,0.014662223283316726,1.8324166927951566,4,0.014295739944757696,0.01282980659052157,0.010997389897726414,0.0073325565121361,8
2012-10-15,0.014058789422260753,1.7425804051551352,0,0.013710273341229725,0.012316209017105617,0.010573628611950481,0.007088467801640212,8
2012-11-14,-0.0007704695019004785,1.7641401159368388,2,-0.0011232975250878463,-0.0025346096178373175,-0.004298749733774156,-0.007827029965647834,8
2012-12-13,0.0008739100686039618,1.9176034648417264,4,0.0004903893756356165,-0.0010436933962377647,-0.002961296861079491,-0.006796503790762944,8
2013-01-14,0.007488939332559242,1.9312868409183426,0,0.007102681964375574,0.0055576524916409,0.003626365650722557,-0.00023620803111412854,8
2013-02-12,0.00661855873940254,1.873285372025262,4,0.006243901664997488,0.004745273367377278,0.002871987995352016,-0.0008745827486985082,8
2013-03-13,-0.004066040836049497,1.860573123112854,2,-0.004438155460672067,-0.005926613959162351,-0.007787187082275205,-0.011508333328500913,8
2013-04-11,0.011178372256018169,1.9146248852942973,3,0.01079544727895931,0.009263747370723871,0.007349122485429575,0.00351987271484098,8
2013-05-09,-0.006050136523425299,1.8631933821230928,1,-0.006422775199849917,-0.007913329905548392,-0.009776523287671484,-0.013502910051917671,8
2013-06-07,-0.008621588102233391,1.8902276167883103,5,-0.008999633625591053,-0.010511815719021702,-0.012402043335810011,-0.01618249856938663,8
2013-07-08,6.246903139639883e-05,1.8672775909578123,5,-0.00031098648679516366,-0.0018048085595614135,-0.0036720861505192257,-0.007406641332434851,8
2013-08-05,0.014214105343400115,1.8844146260040842,1,0.013837222418199298,0.01232969071739603,0.010445276091391946,0.006676446839383779,8
2013-09-03,-0.010842013317909637,1.847380237325332,4,-0.011211489365374704,-0.01268939355523497,-0.014536773792560301,-0.018231534267210966,8
2013-10-01,0.0030017372134871633,1.8434394898932198,3,0.002633049315508519,0.0011582977235939434,-0.0006851417662992764,-0.0043720207460857165,8
2013-10-29,-0.001623453112668971,1.8475545011689247,8,-0.001992964012902756,-0.0034710076138378954,-0.005318562115006821,-0.00901367111734467,8
2013-11-26,-0.005705214097867303,1.8671749432229863,4,-0.0060786490865119,-0.00757238904109029,-0.009439563984313275,-0.013173913870759248,8
2013-12-26,-0.02356645893816045,1.9016371907478007,4,-0.023946786376310012,-0.02546809612890825,-0.027369733319656052,-0.031173007701151653,8
2014-01-27,-0.012067526507625312,1.817978889044243,2,-0.01243112228543416,-0.013885505396669554,-0.015703484285713797,-0.019339442063802285,8
2014-02-25,0.01072219610625751,1.9274328520297623,1,0.010336709535851557,0.008794763254227747,0.006867330402197985,0.0030124646981384597,8
2014-03-25,-0.029225667768960923,1.881613082666224,3,-0.02960199038549417,-0.03110728085162715,-0.03298889393429337,-0.03675212009962582,8
2014-04-23,0.011355628532210293,1.8633197312006826,2,0.010982964585970156,0.00949230880100961,0.007628989069808927,0.003902349607407562,8
2014-05-21,-0.015349377192897747,1.7793723581166756,3,-0.015705251664521084,-0.017128749551014424,-0.018908121909131097,-0.02246686662536445,8
2014-06-19,0.01881070734780894,1.98618498275956,3,0.018413470351257028,0.01682452236504938,0.014838337382289821,0.0108659674167707,8
2014-07-18,-0.0046328056007571995,1.868826274996308,3,-0.0050065708557564615,-0.006501631875753508,-0.008370458150749816,-0.012108110700742431,8
2014-08-15,-0.01124215316788887,1.833143969474204,3,-0.011608781961783712,-0.013075297137363075,-0.014908441106837278,-0.018574729045785686,8
2014-09-15,0.01661190345010206,1.8826700446623885,2,0.016235369441169583,0.014729233405439673,0.012846563360777283,0.009081223271452506,8
2014-10-13,0.030447239201060815,1.7033179618578065,1,0.030106575608689252,0.028743921239203007,0.027040603277345202,0.02363396735362959,8
2014-11-10,-0.004033639543153717,1.942604390834212,6,-0.004422160421320559,-0.005976243933987929,-0.00791884832482214,-0.011804057106490566,8
2014-12-09,-0.02641539290035327,1.881878212221718,6,-0.026791768542797613,-0.02829727111257499,-0.030179149324796706,-0.033942905749240145,8
2015-01-08,-0.0030351287293041915,1.9020497565312586,2,-0.003415538680610443,-0.00493717848583545,-0.006839228242366709,-0.010643327755429227,8
2015-02-06,-0.010133436951140721,1.9138820797804836,3,-0.010516213367096818,-0.012047319030921204,-0.013961201110701689,-0.017788965270262656,8
2015-03-09,-0.011489198358729899,1.9298975530148692,4,-0.011875177869332874,-0.013419095911744769,-0.015348993464759637,-0.019208788570789375,8
2015-04-07,0.027379227928661033,1.93227503297109,4,0.026992772922066813,0.02544695289568994,0.023514677862718852,0.019650127796776672,8
2015-05-05,-0.004574088404294707,1.7914490442857398,2,-0.004932378213151855,-0.006365537448580446,-0.008156986492866187,-0.011739884581437666,8
2015-06-03,0.01028564625093175,1.9242491299245181,2,0.009900796424946847,0.008361397121007232,0.006437147991082713,0.002588649731233677,8
2015-07-01,0.011081856194536915,1.8542975455478432,2,0.010710996685427347,0.009227558648989073,0.0073732611034412286,0.0036646660123455426,8
2015-07-30,-0.009121883493453303,1.8105132804832467,5,-0.009483986149549952,-0.01093239677393655,-0.012742910054419796,-0.01636393661538629,8
2015-08-27,0.02138362211890627,1.8073260988418638,1,0.0210221568991379,0.01957629602006441,0.017768969921222545,0.014154317723538815,8
2015-09-25,0.0004677304163813136,1.7962801751810649,3,0.00010847438134510063,-0.0013285497587997514,-0.0031248299339808163,-0.006717390284342946,8
2015-10-23,-0.0021454557183807023,1.8340352023760844,3,-0.002512262758855919,-0.003979490920756787,-0.005813526123132871,-0.00948159652788504,8
2015-11-20,0.015774528667091208,1.846095364277106,4,0.015405309594235786,0.013928433302814102,0.012082337938536997,0.008390147209982783,8
2015-12-21,-0.014445647073194462,1.8458077548818899,2,-0.014814808624170839,-0.01629145482807635,-0.018137262582958242,-0.02182887809272202,8
2016-01-21,-0.03700886801417525,1.8043171408662575,3,-0.0373697314423485,-0.03881318515504151,-0.04061750229590777,-0.04422613657764028,8
2016-02-19,0.008796597275471208,1.94888554220704,1,0.0084068201670298,0.006847711733264168,0.004898826191057129,0.0010010551066430484,8
2016-03-18,0.014978523458227052,1.9857686185813193,4,0.01458136973451079,0.012992754839645734,0.011006986221064413,0.007035448983901776,8
2016-04-18,0.008106094355092864,1.8967062807145674,1,0.007726753098949951,0.006209388074378297,0.004312681793663729,0.0005192692322345946,8
2016-05-16,-0.01794468244782219,1.7949328356002945,3,-0.018303669014942247,-0.019739615283422482,-0.02153454811902278,-0.025124413790223368,8
2016-06-14,-0.0021058586107350692,1.907162160662761,2,-0.0024872910428676213,-0.00401302077139783,-0.005920182932060591,-0.009734507253386112,8
2016-07-13,-0.016548077467087852,1.880686410532937,4,-0.01692421474919444,-0.01842876387762079,-0.020309450288153726,-0.0240708231092196,8
2016-08-10,0.009245933371133755,1.8831874098019519,5,0.008869295889173364,0.007362745961331804,0.005479558551529852,0.0017131837319259479,8
2016-09-08,0.025890701113647004,1.8832375988891816,4,0.025514053593869167,0.024007463514757823,0.022124225915868642,0.018357750718090277,8
2016-10-06,0.027036617991385698,1.76115982378762,5,0.026684386026628173,0.02527545816759808,0.02351429834381046,0.019991978696235216,8
2016-11-03,-0.06844392489348441,1.758118413755511,4,-0.06879554857623552,-0.07020204330723992,-0.07196016172099544,-0.07547639854850646,8
2016-12-02,-0.012656977232452146,1.970997532271752,3,-0.013051176738906496,-0.014627974764723897,-0.01659897229699565,-0.020540967361539153,8
2017-01-03,0.013122047358388561,1.894573848925186,3,0.012743132588603524,0.011227473509463376,0.009332899660538189,0.005543751962687817,8
2017-02-01,-0.006775553078442491,1.730267798522425,7,-0.007121606638146976,-0.008505820876964916,-0.01023608867548734,-0.013696624272532192,8
2017-03-02,-0.0036862074369887043,1.8883805796959499,3,-0.004063883552927894,-0.005574588016684654,-0.007462968596380604,-0.011239729755772504,8
2017-03-30,-0.028245378225935456,1.8525580771792507,4,-0.028615889841371304,-0.030097936303114706,-0.03195049438029396,-0.03565561053465246,8
2017-04-28,0.005941468952751894,1.86984797339287,3,0.00556749935807332,0.004071620979359024,0.002201773005966154,-0.001537922940819586,8
2017-05-26,-0.04897463612069528,1.8276520070140192,6,-0.049340166522098085,-0.0508022881277093,-0.05262994013472332,-0.05628524414875136,8
2017-06-26,0.008333338226465361,1.9360235020509622,1,0.00794613352605517,0.006397314724414399,0.004461291222363437,0.0005892442182615122,8
2017-07-25,0.004756907049053047,1.9348554310474202,2,0.004369935962843563,0.0028220516180056266,0.0008871961869582061,-0.0029825146751366344,8
2017-08-22,0.0067469986417770895,1.7666314253115858,4,0.006393672356714773,0.004980367216465504,0.0032137357911539177,-0.0003195270594692542,8
2017-09-20,-0.0023909953824678438,1.858499107409242,6,-0.002762695203949692,-0.004249494489877086,-0.006107993597286328,-0.009824991812104812,8
2017-10-18,0.010684251054054768,1.8683554441754961,2,0.010310579965219668,0.008815895609879273,0.006947540165703776,0.003210829277352783,8
2017-11-15,0.0012424172456455178,1.8362522048419367,3,0.0008751668046771304,-0.000593834959196419,-0.002430087164038356,-0.0061025915737222295,8
2017-12-14,-0.0006105619885201172,1.8976519281616906,4,-0.0009900923741524553,-0.002508213916681808,-0.004405865844843499,-0.00820116970116688,8
2018-01-16,0.018659386903745214,1.905829497829871,5,0.01827822100417924,0.016753557405915342,0.014847727908085471,0.011036068912425728,8
2018-02-13,0.000965490996443423,1.8015970928010983,8,0.0006051715778832034,-0.0008361060963576752,-0.0026377031891587736,-0.00624089737476097,8
2018-03-14,-0.005741296378418168,1.8972470521435814,3,-0.006120745788846885,-0.00763854343056175,-0.009535790482705331,-0.013330284586992494,8
2018-04-12,0.001722415989857151,1.8510687391976854,2,0.001352202242017614,-0.00012865274934053443,-0.0019797214885382197,-0.005681858966933591,8
2018-05-10,-0.001518105121061618,1.8169262901336487,4,-0.0018814903790883477,-0.0033350314111952667,-0.0051519577013289155,-0.008785810281596213,8
2018-06-08,0.010083800516044579,1.940695288801779,3,0.009695661458284223,0.0081431052272428,0.006202409938441021,0.002321019360837463,8
2018-07-09,0.005248974213547658,1.8718504166211853,4,0.004874604130223421,0.0033771237969264724,0.001505273380305287,-0.002238427452937084,8
2018-08-06,0.0018761292865871252,1.838124575295344,3,0.0015085043715280563,3.8004711291781236e-05,-0.0018001198640035627,-0.00547636901459425,8
2018-09-04,0.013279090068455745,1.9125060582917452,1,0.012896588856797396,0.011366584010163999,0.009454077951872255,0.0056290658352887634,8
2018-10-02,-0.006631507135156552,1.7612345075861773,6,-0.006983754036673787,-0.00839274164274273,-0.010153976150328906,-0.013676445165501261,8
2018-10-30,0.0319570354805566,1.7859660829429373,4,0.03159984226396802,0.030171069397613666,0.02838510331467073,0.024813171148784854,8
2018-11-28,-0.00718185479871921,1.8362802470144943,6,-0.007549110848122109,-0.009018135045733705,-0.0108544152927482,-0.014526975786777188,8
2018-12-28,0.009615838781503835,1.7292069522381772,4,0.0092699973910562,0.007886631829265658,0.006157424877027481,0.0026990109725511264,8
2019-01-29,0.022210750978516883,1.8805580729815388,6,0.021834639363920577,0.020330192905535345,0.018449634832553807,0.014688518686590728,8
2019-02-27,0.02721365203760304,1.9266998111324458,2,0.026828312075376552,0.025286952226470594,0.023360252415338147,0.019506852793073258,8
2019-03-27,0.015405540982865696,1.83822154817137,2,0.015037896673231422,0.013567319434694325,0.011729097886522957,0.008052654790180216,8
2019-04-25,0.012266128493355158,1.7994014928401405,1,0.01190624819478713,0.010466727000515017,0.008667325507674878,0.005068522521994596,8
2019-05-23,-0.01578541816207044,1.7668635426197277,2,-0.016138790870594385,-0.017552281704690167,-0.019319145247309894,-0.02285287233254935,8
2019-06-21,-0.010773038977069733,1.9030011037832688,3,-0.011153639197826387,-0.012676040080853001,-0.01457904118463627,-0.01838504339220281,8
2019-07-22,0.0006453286663460356,1.8259161355246643,2,0.0002801454392411027,-0.0011805874691786288,-0.0030065036047032933,-0.006658335875752622,8
2019-08-19,-0.010762399076160233,1.8159424382048213,1,-0.011125587563801198,-0.012578341514365054,-0.014394283952569876,-0.01802616882897952,8
2019-09-17,-0.04490701475304657,1.9245964551791626,6,-0.0452919340440824,-0.04683161120822574,-0.048756207663404896,-0.05260540057376322,8
2019-10-15,0.014483811134274882,1.8058971166088,5,0.014122631710953123,0.012677914017666082,0.010872016901057283,0.007260222667839682,8
2019-11-12,0.016407506743243032,1.864226001834176,3,0.016034661542876198,0.014543280741408857,0.01267905473957468,0.008950602735906327,8
2019-12-11,0.004168309409805734,1.840171664313389,5,0.003800275076943056,0.002328137745492345,0.00048796608117895575,-0.0031923772474478224,8
2020-01-10,0.006713481746550935,1.8656931201856688,4,0.006340343122513801,0.0048477886263652665,0.0029820955061795975,-0.0007492907341917401,8
2020-02-10,-0.00425319708048149,1.8254942773567988,2,-0.00461829593595285,-0.006078691357838288,-0.007904185635195087,-0.011555174189908684,8
2020-03-10,0.023301930157645756,1.7274305958210376,4,0.022956444038481547,0.02157449956182472,0.019847068966003682,0.016392207774361605,8
2020-04-07,0.022620824588315224,1.699048648743113,2,0.0222810148585666,0.02092177593957211,0.019222727290828998,0.015824629993342772,8
2020-05-06,-0.04885170723584586,1.9806004585276373,1,-0.04924782732755138,-0.050832307694373496,-0.052812908152901135,-0.056774109069956405,8
2020-06-04,-0.04478159659582482,2.0597605273906217,2,-0.045193548701302946,-0.04684135712321544,-0.04890111765060606,-0.053020638705387306,8
2020-07-02,0.01605933956860348,1.9287338945805488,0,0.015673592789687368,0.01413060567402293,0.012201871779442382,0.008344403990281284,8
2020-07-31,-0.012228552285847755,1.869765865005118,3,-0.012602505458848778,-0.014098318150852874,-0.015968084015857992,-0.019707615745868226,8
2020-08-28,0.018186297264320538,1.9134393995326917,3,0.017803609384414,0.016272857864787847,0.014359418465255154,0.01053253966618977,8
2020-09-28,-0.01208465540700266,1.8173879228203271,3,-0.012448132991566725,-0.013902043329822988,-0.015719431252643315,-0.01935420709828397,8
2020-10-26,-0.00808723174151952,1.8707514322479062,4,-0.008461382027969101,-0.009957983173767426,-0.011828734606015332,-0.015570237470511145,8
2020-11-23,0.030563231849170442,2.013153631124012,2,0.03016060112294564,0.02855007821804643,0.026536924586922417,0.022510617324674395,8
2020-12-22,-0.014841401593877994,1.9211789263219572,3,-0.015225637379142386,-0.01676258052019995,-0.018683759446521907,-0.022526117299165822,8
2021-01-22,-0.0589841806559815,1.9162314318607387,3,-0.05936742694235365,-0.06090041208784224,-0.06281664351970298,-0.06664910638342446,8
2021-02-22,0.0070255103719506105,1.9244086829479223,2,0.006640628635361026,0.0051011016890026885,0.0031766930060547656,-0.0006721243598410793,8
2021-03-22,0.10469003999690589,1.748642713037526,2,0.10434031145429838,0.10294139728386836,0.10119275457083084,0.09769546914475578,8
2021-04-20,-0.027566679700521086,1.732497579530417,5,-0.027913179216427168,-0.029299177280051502,-0.031031674859581918,-0.034496670018642754,8
2021-05-18,0.013171150794717404,1.8840309716321229,4,0.01279434460039098,0.011287119823085282,0.009403088851453158,0.0056350269081889125,8
2021-06-16,0.013818012564999451,1.8875575344984257,2,0.013440501058099765,0.011930455030501025,0.010042897496002599,0.006267782427005748,8
2021-07-15,-0.00889895417572466,1.8271640230143793,4,-0.009264386980327536,-0.010726118198739039,-0.012553282221753418,-0.016207610267782176,8
2021-08-12,-0.008353052554014176,1.8682513820846554,5,-0.008726702830431107,-0.010221303936098831,-0.012089555318183487,-0.0158260580823528,8
2021-09-10,0.04259274216899682,1.8612466076648606,3,0.04222049284746385,0.04073149556133196,0.0388702489536671,0.03514775573833738,8
2021-10-08,-0.014991577774126474,1.780533459584301,1,-0.015347684466043334,-0.016772111233710776,-0.018552644693295074,-0.022113711612463678,8
2021-11-05,0.015387015708130426,1.8785863498410473,7,0.015011298438162218,0.01350842935828938,0.011629843008448331,0.007872670308766237,8
2021-12-06,-0.013079701101605378,1.7173855312234685,1,-0.013423178207850071,-0.014797086632828846,-0.016514472164052316,-0.019949243226499252,8
2022-01-04,0.05612980355525829,1.8839401893311427,1,0.05575301551739206,0.05424586336592715,0.052361923176596006,0.048594042797933716,8
2022-02-02,0.020250901383247994,1.645135135238233,3,0.019921874356200346,0.01860576624800976,0.01696063111277153,0.013670360842295061,8
2022-03-03,-0.013424913610514283,1.8702544615634706,4,-0.013798964502826978,-0.015295168072077755,-0.017165422533641225,-0.020905931456768168,8
2022-03-31,-0.016419435586410482,1.92782181108638,2,-0.016804999948627757,-0.01834725739749686,-0.020275079208583242,-0.024130722830756002,8
2022-04-29,0.0022718611077413332,1.7955513579420603,2,0.0019127508361529212,0.00047630974979927286,-0.0013192416081427875,-0.004910344324026908,8
2022-05-27,-0.02452958680755878,1.894846249399688,4,-0.024908556057438715,-0.026424433056958466,-0.028319279306358157,-0.03210897180515753,8
2022-06-28,-0.021104074004225835,1.8266803801649554,3,-0.021469410080258825,-0.02293075438439079,-0.024757434764555747,-0.02841079552488566,8
2022-07-27,-0.033691000051567645,1.9185321599419154,5,-0.034074706483556025,-0.03560953221150956,-0.037528064371451474,-0.04136512869133531,8
2022-08-24,0.008319008149023853,1.9152648733824427,1,0.007935955174347364,0.006403743275641411,0.004488478402258968,0.0006579486554940828,8
2022-09-22,0.005574747325416056,1.7301528237316524,4,0.0052287167606697256,0.0038445945016844034,0.002114441677952751,-0.0013458639695105535,8
2022-10-20,0.010210476804389398,1.801841858072079,3,0.009850108432774982,0.00840863494631732,0.006606793088245241,0.003003109372101082,8
2022-11-17,-0.00022415279612544444,1.9341426215310722,13,-0.0006109813204316589,-0.0021582954176565168,-0.004092438039187589,-0.007960723282249733,8
2022-12-16,0.0257582608527677,1.8673825172314549,4,0.025384784349321406,0.023890878335536242,0.02202349581830479,0.01828873078384188,8
2023-01-18,0.015008972344082716,1.9086469757874114,0,0.014627242948925234,0.013100325368295305,0.011191678392507894,0.007374384440933071,8
2023-02-15,0.019210888031227093,1.8476014413129767,8,0.018841367742964497,0.017363286589914116,0.01551568514860114,0.011820482265975187,8
2023-03-16,-0.012084413745300419,1.7720034901934925,3,-0.012438814443339118,-0.013856417235493912,-0.015628420725687403,-0.01917242770607439,8
2023-04-14,0.010885734707124289,1.8683044763418029,6,0.010512073811855928,0.009017430230782487,0.007149125754440683,0.0034125168017570774,8
2023-05-12,-0.00010005027949870801,1.824562601181564,3,-0.00046496279973502085,-0.0019246128806802722,-0.0037491754818618364,-0.007398300684224965,8
2023-06-12,-0.005780774062461037,1.949814495567408,2,-0.006170736961574518,-0.007730588558028445,-0.009680403053595852,-0.01358003204473067,8
2023-07-12,-0.010953535244083722,1.868732571599842,3,-0.01132728175840369,-0.012822267815683564,-0.014691000387283406,-0.01842846553048309,8
2023-08-09,0.022564318236071332,1.8258796740529442,3,0.022199142301260744,0.020738438562018388,0.018912558887965444,0.015260799539859555,8
2023-09-07,0.0009716852306567809,1.8142355673433004,2,0.0006088381171881208,-0.0008425503366865194,-0.00265678590402982,-0.0062852570387164205,8
2023-10-05,0.005791924255114792,1.797188219081692,2,0.005432486611298453,0.0039947360360331,0.0021975478169514078,-0.001396828621211976,8
2023-11-02,0.004207871368303121,1.804970451228168,7,0.003846877278057487,0.002402900917074953,0.0005979304658467847,-0.0030120104366095513,8
2006-01-18,0.002702819539096341,1.000000000000005,4,0.00250281953909634,0.0017028195390963357,0.0007028195390963304,-0.00129718046090368,9
2006-02-15,0.007334762904512533,1.8621275086907274,5,0.0069623374027743875,0.005472635395821806,0.0036105078871310784,-0.00011374713025037644,9
2006-03-16,0.004400745263448654,1.8205848579297406,2,0.0040366282918627054,0.0025801604055189133,0.0007595755475891725,-0.0028815941682703086,9
2006-04-13,0.020358794100232155,1.8410596505138828,4,0.01999058217012938,0.018517734449718274,0.01667667479920439,0.012994555498176625,9
2006-05-12,-0.021073650178448308,1.8349441825134931,1,-0.021440639014951007,-0.0229085943609618,-0.024743538543475295,-0.02841342690850228,9
2006-06-12,-0.00021910895315129013,1.7626681553501713,5,-0.0005716425842213243,-0.0019817771085014614,-0.0037444452638516327,-0.007269781574551976,9
2006-07-11,0.0038133137231949462,1.8229470119388835,2,0.0034487243208071697,0.0019903667112560627,0.00016741969931717907,-0.003478474324560588,9
2006-08-08,-0.014510092568622993,1.7876024550966119,3,-0.014867613059642315,-0.016297695023719604,-0.018085297478816216,-0.02166050238900944,9
2006-09-06,-0.02244304670887225,1.9159034735411153,4,-0.022826227403580472,-0.024358950182413366,-0.026274853655954482,-0.03010666060303671,9
2006-10-04,0.016581039036330007,1.8385294643819463,5,0.016213333143453617,0.014742509571948061,0.012903980107566115,0.009226921178802222,9
2006-11-01,-0.024183706440448226,1.8529720629068256,2,-0.024554300853029593,-0.026036678503355053,-0.027889650566261876,-0.031595594692075527,9
2006-11-30,-0.022972057032976622,1.9434462552383212,3,-0.023360746284024285,-0.024915503288214944,-0.026858949543453265,-0.030745842053929908,9
2006-12-29,-0.002874157279471313,1.8698866005998958,7,-0.003248134599591292,-0.0047440438800712085,-0.006613930480671104,-0.010353703681870895,9
2007-01-31,0.0014840763541339643,1.8423711867692116,5,0.0011156021167801219,-0.0003582948326352473,-0.002200666019404459,-0.005885408392942882,9
2007-03-01,0.002452323280109732,1.8788410116054226,4,0.0020765550777886474,0.0005734822685043094,-0.0013053587431011131,-0.005063040766311958,9
2007-03-29,-0.0008125567597093901,1.867000108507981,5,-0.0011859567814109864,-0.002679556868217371,-0.004546556976725352,-0.008280557193741314,9
2007-04-27,0.00928839270437661,1.8703971628672034,1,0.00891431327180317,0.007417995541509407,0.0055475983786422035,0.0018068040529077966,9
2007-05-25,-0.016436045859207014,1.8608569436280957,2,-0.016808217247932633,-0.01829690280283511,-0.020157759746463205,-0.023879473633719398,9
2007-06-25,0.0002770852593768572,1.902741931563426,6,-0.00010346312693582799,-0.0016256566721865686,-0.0035283986037499947,-0.007333882466876846,9
2007-07-24,-0.021814961691906238,1.851485387104094,10,-0.022185258769327056,-0.023666447079010333,-0.025517932466114425,-0.029220903240322615,9
2007-08-21,0.001614715994301853,1.8296088239240305,10,0.0012487942295170468,-0.00021489282962217754,-0.0020445016535462083,-0.005703719301394269,9
2007-09-19,-0.014750789867963566,1.8855644814891015,8,-0.015127902764261385,-0.016636354349452667,-0.01852191883094177,-0.02229304779391997,9
2007-10-17,-0.007409096741218013,1.8448598528093636,5,-0.007778068711779886,-0.009253956594027377,-0.01109881644683674,-0.014788536152455466,9
2007-11-14,0.022649128532525445,1.7739341709333596,6,0.022294341698338774,0.020875194361592086,0.019101260190658727,0.015553391848792005,9
2007-12-13,0.002216497529115392,1.7993259079671047,4,0.0018566323475219713,0.00041717162114828735,-0.0013821542868188174,-0.004980806102753027,9
2008-01-14,0.05992791887808309,1.7698689279559632,4,0.0595739450924919,0.058158049950127126,0.05638818102217116,0.05284844316625924,9
2008-02-12,0.020097407895349348,1.7873116667489746,6,0.019739945561999553,0.018310096228600373,0.016522784561851397,0.01294816122835345,9
2008-03-12,-0.01906732724108891,1.778042138767998,3,-0.01942293566884251,-0.02084536937985691,-0.022623411518624906,-0.026179495796160905,9
2008-04-10,-0.00011415862616508034,1.891416890156277,3,-0.0004924420041963357,-0.002005575516321357,-0.0038969924064776343,-0.007679826186790188,9
2008-05-08,-0.009932299539730932,1.8399454708215228,4,-0.010300288633895236,-0.011772245010552455,-0.013612190481373979,-0.017292081423017025,9
2008-06-06,0.02850726969209031,1.8943511153462866,2,0.028128399469021053,0.026612918576744023,0.024718567461397736,0.020929865230705162,9
2008-07-07,-0.06737795740981348,1.7465032691065354,5,-0.06772725806363479,-0.06912446067892002,-0.07087096394802654,-0.07436397048623962,9
2008-08-04,0.006040844521059064,1.9649225232606604,6,0.005647860016406932,0.0040759219977984035,0.002110999474537743,-0.001818845571983578,9
2008-09-02,0.020147827157084366,1.8700983761035308,2,0.01977380748186366,0.018277728780980836,0.016407630404877305,0.012667433652670243,9
2008-09-30,-0.030300329399530843,1.7141776347491975,4,-0.030643164926480684,-0.03201450703428004,-0.03372868466902924,-0.03715703993852763,9
2008-10-28,0.01279522565278059,1.675969060684996,3,0.012460031840643591,0.011119256592095594,0.009443287531410598,0.006091349410040607,9
2008-11-25,-0.016899023980691437,1.7899462865543019,2,-0.017257013238002297,-0.01868897026724574,-0.02047891655380004,-0.024058809126908644,9
2008-12-24,-0.0015687462019048457,1.9346917060453859,3,-0.001955684543113923,-0.0035034379079502314,-0.005438129613995617,-0.00930751302608639,9
2009-01-26,-0.010330076352716289,1.8613917547594983,2,-0.010702354703668189,-0.012191468107475787,-0.014052859862235286,-0.01777564337175428,9
2009-02-24,-0.0416636244983179,1.727424242356508,3,-0.0420091093467892,-0.043391048740674405,-0.04511847298303091,-0.04857332146774393,9
2009-03-24,0.00784880105249112,1.9708721029377054,3,0.007454626631903579,0.005877928949553414,0.003907056846615709,-3.468735925970211e-05,9
2009-04-22,-0.03968715440686614,1.9501270034701332,0,-0.04007717980756017,-0.04163728141033628,-0.04358740841380641,-0.047487662420746674,9
2009-05-20,0.01795193368983354,2.0040819825288,1,0.01755111729332778,0.01594785170730474,0.01394376972477594,0.00993560575971834,9
2009-06-18,0.006899492533143891,1.8747372856922278,3,0.0065245450760054455,0.005024755247451664,0.0031500179617594357,-0.0005994566096250197,9
2009-07-17,0.004662130676702223,1.8784006158995137,1,0.004286450553522321,0.0027837300608027095,0.0009053294449031957,-0.002851471786895832,9
2009-08-14,0.0036062635805528273,1.9451035742176235,3,0.003217242865709303,0.001661160006335204,-0.0002839435678824195,-0.004174150716317666,9
2009-09-14,-0.005011356723843366,1.8902477922752705,2,-0.00538940628229842,-0.006901604516118637,-0.008791852308393907,-0.012572347892944449,9
2009-10-12,0.0102085072572218,1.9303430538332649,6,0.009822438646455147,0.008278164203388534,0.00634782114955527,0.0024871350418887404,9
2009-11-09,-0.02044183963170006,1.753838991865721,2,-0.020792607430073204,-0.022195678623565782,-0.0239495176154315,-0.027457195599162945,9
2009-12-08,0.013494469845217233,1.8098335890152846,5,0.013132503127414177,0.011684636256201949,0.009874802667186664,0.006255135489156095,9
2010-01-07,-0.003812640274754218,1.9085742443716915,2,-0.0041943551236285565,-0.0057212145191259094,-0.007629788763497601,-0.011446937252240984,9
2010-02-05,-0.033454432308358574,1.7713568389853938,3,-0.033808703676155655,-0.03522578914734397,-0.03699714598632936,-0.04053985966430015,9
2010-03-08,0.029841719658463918,1.9944312317204564,3,0.029442833412119826,0.02784728842674346,0.025852857195023005,0.02186399473158209,9
2010-04-06,0.00785909413150984,1.9042634397724383,4,0.007478241443555352,0.005954830691737401,0.004050567251964963,0.00024204037242008675,9
2010-05-04,-0.01656169407205211,1.8215188540664613,0,-0.0169259978428654,-0.01838321292611857,-0.02020473178018503,-0.023847769488317953,9
2010-06-02,0.00794929066879126,1.6920897594346522,1,0.00761087271690433,0.0062572009093566075,0.004565111149921955,0.0011809316310526508,9
2010-06-30,0.02131358345834196,1.7947159900886485,6,0.020954640260324228,0.01951886746825331,0.01772415147816466,0.014134719497987364,9
2010-07-29,0.011411166870751636,1.8494003411360687,2,0.011041286802524423,0.009561766529615568,0.0077123661884794985,0.004013565506207361,9
2010-08-26,-0.014631852384811324,1.8198332817810439,2,-0.014995819041167533,-0.01645168566659237,-0.01827151894837341,-0.0219111855119355,9
2010-09-24,-0.0046092468280522535,1.9286918482718196,4,-0.004994985197706617,-0.006537938676324073,-0.008466630524595894,-0.012324014221139531,9
2010-10-22,0.009603183640009842,1.855046448219685,2,0.009232174350365904,0.007748137191790157,0.005893090743570472,0.002182997847131102,9
2010-11-19,-0.006336918886855976,1.859021774005779,1,-0.0067087232416571324,-0.008195940660861755,-0.010054962434867535,-0.013773005982879092,9
2010-12-20,-0.014846347743749539,1.9332356799503396,3,-0.015232994879739607,-0.016779583423699878,-0.01871281910365022,-0.022579290463550897,9
2011-01-19,-9.131889044502149e-05,1.86199994647029,2,-0.00046371887973907955,-0.0019533188369153117,-0.003815318783385602,-0.007539318676326182,9
2011-02-16,0.01555465554071748,1.8898527040589301,9,0.015176684999905694,0.01366480283665855,0.01177495013259962,0.00799524472448176,9
2011-03-17,-0.032177396697258775,1.7665519045474185,5,-0.03253070707816826,-0.0339439486018062,-0.03571050050635361,-0.039243604315448447,9
2011-04-14,0.01475482309159838,1.9466490685757707,2,0.014365493277883227,0.01280817402302261,0.010861524954446838,0.0069682268172952975,9
2011-05-13,0.014661991891043589,1.8287680528308996,5,0.01429623828047741,0.01283322383821269,0.011004455785381789,0.00734691967971999,9
2011-06-13,-0.016410644931226546,1.7509820980905373,8,-0.016760841350844654,-0.018161627029317083,-0.01991260912740762,-0.023414573323588695,9
2011-07-12,0.005859207131393062,1.8911864541518928,3,0.005480969840562683,0.0039680206772411694,0.0020768342230892767,-0.0017055386852145088,9
2011-08-09,0.01821792635711409,1.7048907211749245,3,0.017876948212879107,0.016513035635939165,0.014808144914764242,0.011398363472414392,9
2011-09-07,0.02352807581974997,1.8024956849688372,3,0.0231675766827562,0.021725580134781132,0.019923084449812292,0.01631809307987462,9
2011-10-05,0.018809166489915836,1.7738310134379875,2,0.018454400287228237,0.01703533547647785,0.01526150446303986,0.011713842436163885,9
2011-11-02,0.00519876851634165,1.9066429044988318,2,0.004817439935441884,0.0032921256118428185,0.0013854827073439867,-0.002427803101653677,9
2011-12-01,0.010784136438216107,1.8253283982464117,6,0.010419070758566825,0.008958808039969696,0.007133479641723284,0.0034828228452304603,9
2011-12-30,0.0020473774134750124,1.7741618158494155,2,0.0016925450503051294,0.00027321559762559684,-0.0015009462182238188,-0.00504926984992265,9
2012-01-31,0.0031284848464956955,1.832006348810535,6,0.0027620835767335887,0.0012964784976851607,-0.0005355278511253742,-0.004199540548746444,9
2012-02-29,0.0046619470746633645,1.8757505648252333,4,0.004286796961698318,0.0027861965098381312,0.000910445945012898,-0.0028410551846375686,9
2012-03-28,0.0030733315340918995,1.808060501209114,2,0.0027117194338500765,0.0012652710328827856,-0.0005427894683263284,-0.004158910470744556,9
2012-04-26,-0.013538509669179008,1.8712586560109512,5,-0.013912761400381198,-0.015409768325189959,-0.01728102698120091,-0.021023544293222812,9
2012-05-24,-0.004776864664253301,1.7523777348856995,4,-0.005127340211230441,-0.006529242399139001,-0.008281620134024701,-0.011786375603796098,9
2012-06-22,0.029735164365872334,1.8489573941100665,5,0.02936537288705032,0.027886206971762268,0.026037249577652202,0.022339334789432067,9
2012-07-23,-0.021378196810217492,1.8256475251272999,2,-0.021743326315242954,-0.02320384433534479,-0.02502949186047209,-0.028680786910726692,9
2012-08-20,-0.0017393890900473895,1.9533912919534124,1,-0.002130067348438072,-0.003692780382000802,-0.005646171673954215,-0.009552954257861039,9
2012-09-18,0.02067097966091703,1.9239301198631131,6,0.020286193636944404,0.018747049541053915,0.016823119421190802,0.012975259181464575,9
2012-10-16,0.01448080900421141,1.7646118820724992,3,0.01412788662779691,0.01271619712213891,0.010951585240066411,0.007422361475921413,9
2012-11-15,0.0025149981790487754,1.8018882781126222,4,0.002154620523426251,0.0007131099009361531,-0.0010887783771764692,-0.004692554933401713,9
2012-12-14,0.009015833863252172,1.9085700875103928,6,0.008634119845750094,0.007107263775741779,0.005198693688231386,0.0013815535132106005,9
2013-01-15,-0.012163782873162247,1.8677377666393336,1,-0.012537330426490113,-0.01403152063980158,-0.015899258406440915,-0.01963473393971958,9
2013-02-13,0.008554248078933754,1.8989050946386299,5,0.008174467060006027,0.006655342984295124,0.004756437889656495,0.0009586277003792347,9
2013-03-14,0.015999883720789317,1.8956053025802049,1,0.015620762660273275,0.014104278418209111,0.012208673115628907,0.008417462510468498,9
2013-04-12,0.01968247920219166,1.8021809412125969,4,0.019322043013949138,0.01788029826097906,0.016078117319766466,0.01247375543734127,9
2013-05-10,-0.006866558118976353,1.89372352441419,4,-0.007245302823859191,-0.008760281643390544,-0.010654005167804733,-0.014441452216633113,9
2013-06-10,-0.008230772100220336,1.911579885164585,2,-0.008613088077253254,-0.010142351985384922,-0.012053931870549506,-0.015877091640878676,9
2013-07-09,0.003439052788468749,1.8917346453790982,4,0.003060705859392929,0.0015473181430896506,-0.0003444165022894476,-0.0041278857930476445,9
2013-08-06,-0.007647189899117827,1.8766427450559753,0,-0.008022518448129021,-0.009523832644173802,-0.011400475389229777,-0.015153760879341727,9
2013-09-04,-0.009079264635518317,1.852868586372105,5,-0.009449838352792738,-0.010932133221890423,-0.012785001808262527,-0.01649073898100674,9
2013-10-02,0.006379023491235775,1.6328128898259822,2,0.006052460913270579,0.004746210601409793,0.003113397711583811,-0.00015222806806815346,9
2013-10-30,-0.014277507942487057,1.7777704097133484,4,-0.014633062024429726,-0.016055278352200407,-0.017833048761913755,-0.02138858958134045,9
2013-11-27,0.012479960629234501,1.9095204395969476,6,0.012098056541315112,0.010570440189637554,0.008660919750040606,0.004841878870846711,9
2013-12-27,-0.009035482120837544,1.8492738793934698,4,-0.009405336896716238,-0.010884756000231014,-0.012734029879624484,-0.016432577638411425,9
2014-01-28,0.0032723786552525014,1.827412777490129,2,0.0029068960997544755,0.0014449658777623724,-0.00038244689972775654,-0.004037272454708014,9
2014-02-26,-0.0021020532104820697,1.9269801177855972,2,-0.002487449234039189,-0.004029033328267667,-0.005956013446053264,-0.009809973681624458,9
2014-03-26,-0.02052340833305063,1.820067321469772,2,-0.020887421797344582,-0.0223434756545204,-0.024163542975990174,-0.02780367761892972,9
2014-04-24,0.02510514885133766,1.839697212301072,4,0.024737209408877445,0.023265451639036587,0.021425754426735517,0.017746360002133373,9
2014-05-22,0.005838843651678865,1.811034333562763,2,0.0054766367849663124,0.004027809318116102,0.002216774984553339,-0.0014052936825721873,9
2014-06-20,0.003968013739363743,1.9195528363976078,2,0.003584103172084222,0.0020484609029661352,0.00012890806656852766,-0.003710197606226688,9
2014-07-21,0.003996827280109018,1.8242843155100081,3,0.0036319704170070166,0.00217254296459901,0.0003482586490890019,-0.0033003099819310143,9
2014-08-18,-0.009470690932255096,1.8470600748078554,1,-0.009840102947216668,-0.011317751007062952,-0.013164811081870807,-0.016858931231486518,9
2014-09-16,0.0024727399658220715,1.877156457812634,1,0.0020973086742595444,0.0005955835080094373,-0.001281572949803197,-0.005035885865428465,9
2014-10-14,0.04641197249641378,1.7760017467796663,1,0.04605677214705785,0.044635970749634116,0.04285996900285445,0.03930796550929511,9
2014-11-11,-0.018274669040929517,1.9471063886994746,3,-0.01866409031866941,-0.020221775429628993,-0.022168881818328465,-0.026063094595727414,9
2014-12-10,0.004411629708378506,1.827580061308054,4,0.0040461136961168955,0.0025840496470704525,0.0007564695857623983,-0.0028986905368537097,9
2015-01-09,0.01960040213488888,1.8814121124854153,2,0.019224119712391796,0.017718990022403465,0.01583757790991805,0.01207475368494722,9
2015-02-09,-0.04234780149266788,1.8740963538666007,5,-0.0427226207634412,-0.044221897846534484,-0.046095994200401086,-0.04984418690813429,9
2015-03-10,-0.018969331435610137,1.9581673805069297,4,-0.019360964911711524,-0.020927498816117066,-0.022885666196623997,-0.026802000957637857,9
2015-04-08,0.023752428685187135,1.9341539653944766,3,0.02336559789210824,0.021818274719792658,0.01988412075439818,0.016015812823609227,9
2015-05-06,-0.010826174703931268,1.804462507732587,0,-0.011187067205477786,-0.012630637211663855,-0.014435099719396442,-0.018044024734861615,9
2015-06-04,0.001096789462803323,1.919079611530247,5,0.0007129735404972734,-0.0008222901487269243,-0.0027413697602571715,-0.006579528983317666,9
2015-07-02,-0.025260023040456023,1.8456537437051197,4,-0.025629153789197046,-0.027105676784161144,-0.028951330527866262,-0.032642638015276504,9
2015-07-31,-0.004190664488695532,1.8259863863129449,5,-0.004555861765958121,-0.006016650875008477,-0.007842637261321422,-0.011494610033947313,9
2015-08-28,0.018850072135550015,1.8275400076522885,2,0.018484564134019558,0.017022532127897727,0.015194992120245438,0.011539912104940861,9
2015-09-28,-0.0403228809709582,1.7567314520852182,3,-0.04067422726137525,-0.04207961242304342,-0.043836343875128636,-0.04734980677929908,9
2015-10-26,-0.03260772456378412,1.8733051771925717,3,-0.03298238559922263,-0.03448102974097669,-0.036354334918169265,-0.04010094527255441,9
2015-11-23,-0.0008942745393473298,1.8900455783167023,5,-0.0012722836550106702,-0.002784320117664032,-0.004674365695980735,-0.00845445685261414,9
2015-12-22,0.009262481203530624,1.8401546443015893,4,0.008894450274670306,0.0074223265592290345,0.005582171914927445,0.0019018626263242666,9
2016-01-22,0.01800637889624233,1.761949766810551,2,0.01765398894288022,0.01624442912943178,0.014482479362621228,0.010958579829000125,9
2016-02-22,-0.003971928513654859,1.878911417600009,3,-0.00434771079717486,-0.0058508399312548675,-0.007729751348854877,-0.011487574184054895,9
2016-03-21,0.0020251087352485837,1.9893406930481692,6,0.00162724059663895,3.576804220041443e-05,-0.001953572650847755,-0.005932254036944093,9
2016-04-19,-0.004366082088057441,1.8918492116431225,4,-0.004744451930386065,-0.006257931299700563,-0.008149780511343685,-0.01193347893462993,9
2016-05-17,0.0015650511215865423,1.8166341225616667,2,0.001201724297074209,-0.0002515830009751244,-0.002068217123536791,-0.005701485368660124,9
2016-06-15,0.015160127864135365,1.8989433846927257,5,0.014780339187196819,0.013261184479442639,0.011362241094749913,0.007564354325364462,9
2016-07-14,0.008959708676662086,1.8902324920502735,3,0.008581662178252032,0.007069476184611813,0.005179243692561539,0.001398778708460992,9
2016-08-11,0.005795658379219721,1.8336593148022255,5,0.005428926516259276,0.0039619990644174955,0.00212833974961527,-0.0015389788799891812,9
2016-09-09,0.021923929367761306,1.8464723926238875,3,0.021554634889236528,0.02007745697513742,0.01823098458251353,0.014538039797265756,9
2016-10-07,0.01623907584827147,1.8736921530938846,4,0.015864337417652693,0.014365383695177585,0.0124916915420837,0.008744307235895931,9
2016-11-04,-0.011364472038465785,1.79095627125758,5,-0.011722663292717301,-0.013155428309723365,-0.014946384580980944,-0.018528297123496105,9
2016-12-05,-0.0019221684169732987,2.016774786192802,6,-0.002325523374211859,-0.003938943203166101,-0.005955717989358902,-0.009989267561744505,9
2017-01-04,0.01038145391813161,1.936249788366543,2,0.009994203960458302,0.008445204129765066,0.006508954341398523,0.0026364547646654368,9
2017-02-02,-0.02131823802055663,1.7915578261750174,8,-0.021676549585791634,-0.023109795846731646,-0.024901353672906662,-0.0284844693252567,9
2017-03-03,-0.009152504714660491,1.959245675752269,2,-0.009544353849810944,-0.01111175039041276,-0.01307099606616503,-0.016989487417669567,9
2017-03-31,0.0002762526633796306,1.8794150444593891,4,-9.963034551224725e-05,-0.0016031623810797587,-0.003482577425539148,-0.007241407514457926,9
2017-05-01,0.04391696936408737,1.8464573140201774,2,0.04354767790128333,0.04207051205006719,0.04022405473604702,0.03653114010800666,9
2017-05-30,-0.01777668367159767,1.8090301113821285,4,-0.018138489693874098,-0.0195857137829798,-0.02139474389436193,-0.025012804117126187,9
2017-06-27,0.0022249969231659455,1.8945407962224472,3,0.0018460887639214561,0.00033045612694349827,-0.001564084669278949,-0.0053531662617238435,9
2017-07-26,0.008343719164154044,1.847315928680035,3,0.007974255978418037,0.006496403235474009,0.004649087306793974,0.000954455449433904,9
2017-08-23,-0.002841350054576085,1.7647534399515978,2,-0.0031943007425664044,-0.004606103494527683,-0.006370856934479281,-0.009900363814382477,9
2017-09-21,0.01118035334082426,1.8696968930220035,6,0.010806413962219858,0.009310656447802256,0.0074409595547802534,0.003701565768736246,9
2017-10-19,0.004214465686140404,1.8679199862740488,2,0.003840881688885594,0.002346545699866355,0.0004786257135923062,-0.0032572142589557913,9
2017-11-16,0.0033781612727089424,1.8318870827820728,4,0.003011783856152528,0.0015462741899268696,-0.00028561289285520316,-0.003949387058419349,9
2017-12-15,-0.0029310698962085775,1.9223072409640845,3,-0.0033155313444013946,-0.004853377137172662,-0.0067756843781367464,-0.010620298860064915,9
2018-01-17,0.02295659250154674,1.891106758153604,4,0.022578371149916017,0.021065485743393134,0.01917437898523953,0.015392165468932323,9
2018-02-14,0.0007561196520401996,1.7868178123099874,8,0.0003987560895782021,-0.001030698160269788,-0.0028175159725797754,-0.006391151597199751,9
2018-03-15,-0.014917967323219136,1.9044952283906527,1,-0.015298866368897266,-0.01682246255160979,-0.01872695778000044,-0.022535948236781747,9
2018-04-13,-0.023127456553353718,1.847373475640541,0,-0.023496931248481828,-0.02497483002899426,-0.026822203504634802,-0.030516950455915882,9
2018-05-11,0.0068007952640796974,1.8880792052158073,2,0.006423179423036536,0.0049127160588638905,0.0030246368536480826,-0.0007515215567835323,9
2018-06-11,0.007104482083696423,1.9326858008468621,5,0.00671794492352705,0.005171796282849561,0.0032391104820026985,-0.0006262611196910257,9
2018-07-10,0.01834506964704166,1.857432392448361,1,0.017973583168551986,0.016487637254593297,0.014630204862144936,0.010915340077248214,9
2018-08-07,0.0032770945488963194,1.7942501657259828,3,0.0029182445157511228,0.0014828443831703365,-0.00031140578255564643,-0.0038999061140076122,9
2018-09-05,-0.002299012158696727,1.9404169714857142,0,-0.0026870955529938695,-0.004239429130182441,-0.006179846101668156,-0.010060680044639584,9
2018-10-03,0.009089564075987709,1.7983914710723943,6,0.00872988578177323,0.007291172604915314,0.00549278113384292,0.0018959981916981316,9
2018-10-31,0.016211421267307635,1.7306288087549213,5,0.01586529550555665,0.014480792458552712,0.012750163649797792,0.00928890603228795,9
2018-11-29,0.0008791145996899484,1.8639023346930963,5,0.000506334132751329,-0.000984787735003148,-0.0028486900696962445,-0.006576494739082437,9
2018-12-31,0.023020683798653515,1.7502909186895634,4,0.0226706256149156,0.02127039287996395,0.019520101961274388,0.01601952012389526,9
2019-01-30,-0.028084560602605158,1.9177513319852404,5,-0.028468110869002205,-0.0300023119345904,-0.03192006326657564,-0.03575556593054612,9
2019-02-28,0.022767567339174077,1.9308794790666788,4,0.02238139144336074,0.020836687860107398,0.01890580838104072,0.015044049422907362,9
2019-03-28,0.01721513947849359,1.8458623724712189,4,0.016845967003999346,0.01536927710602237,0.013523414733551151,0.009831689988608713,9
2019-04-26,-0.024526578620553397,1.8384758913932688,0,-0.02489427379883205,-0.026365054511946664,-0.028203530403339935,-0.03188048218612647,9
2019-05-24,-0.00022638421501062459,1.8017816140076535,3,-0.0005867405378121554,-0.002028165829018278,-0.0038299474430259313,-0.007433510671041238,9
2019-06-24,-0.005904749290044198,1.8636143421387157,4,-0.006277472158471941,-0.007768363632182914,-0.00963197797432163,-0.013359206658599061,9
2019-07-23,-0.015921329966836973,1.9309920699466299,3,-0.0163075283808263,-0.017852322036783604,-0.019783314106730232,-0.023645298246623495,9
2019-08-20,-0.017679163066111003,1.821333694265522,2,-0.01804342980496411,-0.019500496760376525,-0.021321830454642046,-0.024964497843173093,9
2019-09-18,-0.034773082380610575,1.9073753982501045,5,-0.035154557460260596,-0.03668045777886068,-0.038587833177110786,-0.04240258397361099,9
2019-10-16,0.028702864885112176,1.848409998654404,4,0.028333182885381294,0.02685445488645777,0.025006044887803367,0.02130922489049456,9
2019-11-13,-0.010763381191126057,1.8390576919654376,6,-0.011131192729519145,-0.012602438883091495,-0.014441496575056932,-0.018119611958987807,9
2019-12-12,0.006507725226535939,1.8757981090941809,5,0.006132565604717103,0.004631927117441759,0.0027561290083475774,-0.0009954672098407844,9
2020-01-13,0.006270086274575674,1.8873827464282193,3,0.00589260972529003,0.0043827035281474545,0.0024953207817192354,-0.0012794447111372032,9
2020-02-11,-0.01055254193602601,1.835026730815227,2,-0.010919547282189057,-0.012387568666841238,-0.014222595397656464,-0.01789264885928692,9
2020-03-11,0.03550516328526007,1.6647496980672563,3,0.03517221334564662,0.033840413587192815,0.03217566388912556,0.028846164492991048,9
2020-04-08,-0.0038257981129983126,1.6752802301187508,2,-0.004160854159022063,-0.005501078343117064,-0.007176358573235814,-0.010526919033473315,9
2020-05-07,-0.09027225161926114,1.9291308554075992,0,-0.09065807779034266,-0.09220138247466873,-0.09413051333007634,-0.09798877504089154,9
2020-06-05,-0.057511072367765675,2.1387560939685173,2,-0.05793882358655938,-0.059649828461734195,-0.061788584555702714,-0.06606609674363975,9
2020-07-06,0.027574800548064965,1.9064027706954156,0,0.027193519993925882,0.02566839777736955,0.023761995006674135,0.019949189465283304,9
2020-08-03,0.01615564895687934,1.8456369999264508,1,0.01578652155689405,0.014310011956952891,0.01246437495702644,0.008773100957173537,9
2020-08-31,-0.0008789322890328348,1.8676692126701258,0,-0.00125246613156686,-0.002746601501702961,-0.004614270714373087,-0.008349609139713339,9
2020-09-29,-0.022752554160286965,1.8594557014033122,7,-0.023124445300567627,-0.02461200986169028,-0.02647146556309359,-0.030190376965900215,9
2020-10-27,-0.003436059949291485,1.9165178010464623,3,-0.003819363509500777,-0.005352577750337947,-0.00726909555138441,-0.011102131153477334,9
2020-11-24,0.0925391881748137,1.9813438869307707,1,0.09214291939742754,0.09055784428788292,0.08857650040095216,0.08461381262709061,9
2020-12-23,0.027278054287678124,1.880577238857204,2,0.026901938839906683,0.02539747704882092,0.023516899809963715,0.01975574533224931,9
2021-01-25,-0.006323904516462669,1.8805952065713303,2,-0.006700023557776935,-0.008204499723034,-0.01008509492960533,-0.01384628534274799,9
2021-02-23,-0.012944635904245052,1.8531405501573404,2,-0.01331526401427652,-0.014797776454402393,-0.016650917004559732,-0.020357198104874415,9
2021-03-23,0.04911980822873774,1.832156119435032,3,0.04875337700485073,0.047287652109302705,0.04545549598986767,0.04179118375099761,9
2021-04-21,0.05120283255520118,1.791196955376436,1,0.050844593164125894,0.04941163559982474,0.04762043864444831,0.044038044733695436,9
2021-05-19,0.01242970824446701,1.7999192817669991,3,0.012069724388113611,0.010629788962700011,0.008829869680933012,0.005230031117399014,9
2021-06-17,0.043111344783132145,1.8262394308400416,4,0.04274609689696414,0.0412851053522921,0.03945886592145206,0.03580638705977198,9
2021-07-16,-0.014245921339503228,1.767085378613767,3,-0.01459933841522598,-0.016013006718116996,-0.017780092096730763,-0.021314262853958297,9
2021-08-13,-0.020770633170046113,1.8922799128140857,6,-0.02114908915260893,-0.022662913082860198,-0.024555192995674283,-0.028339752821302456,9
2021-09-13,0.02016661174988502,1.8671280955987246,2,0.019793186130765274,0.018299483654286294,0.01643235555868757,0.01269809936749012,9
2021-10-11,0.0004600696657636287,1.7787144011701683,3,0.000104326785529595,-0.0013186447354065396,-0.003097359136576708,-0.0066547879389170445,9
2021-11-08,0.015364677636990584,1.8803479364448055,3,0.014988608049701622,0.013484329700545777,0.011603981764100973,0.007843285891211362,9
2021-12-07,0.0025569596703629545,1.760475498988925,4,0.0022048645705651697,0.0007964841713740294,-0.0009639913276148957,-0.004484942325592746,9
2022-01-05,0.04745443174797692,1.8145970575824149,1,0.04709151233646044,0.04563983469039451,0.04382523763281209,0.04019604351764726,9
2022-02-03,0.024992239092746532,1.7220015272516895,5,0.024647838787296195,0.02327023756549484,0.021548236038243154,0.018104232983739775,9
2022-03-04,0.016283145436110872,1.7710967523213548,3,0.0159289260856466,0.014512048683789518,0.012740951931468163,0.009198758426825453,9
2022-04-01,0.04915077711129765,1.9078636252124213,2,0.04876920438625517,0.04724291348608523,0.045335049860872806,0.04151932261044797,9
2022-05-02,0.025731474907046546,1.7191645043857013,3,0.025387642006169407,0.024012310402660844,0.022293145898275142,0.01885481688950374,9
2022-05-31,-0.010641196705435858,1.7898827285572674,3,-0.01099917325114731,-0.012431079433993126,-0.014220962162550393,-0.017800727619664926,9
2022-06-29,-0.03144098637983996,1.7998383344267412,8,-0.03180095404672531,-0.033240824714266703,-0.035040663048693445,-0.03864033971754693,9
2022-07-28,-0.037623122439256924,1.9403752516295818,3,-0.03801119748958284,-0.039563497690886504,-0.04150387294251609,-0.04538462344577525,9
2022-08-25,0.013366399148391571,1.9221937501935176,1,0.012981960398352867,0.011444205398198053,0.009522011648004536,0.005677624147617501,9
2022-09-23,-0.03224072000162516,1.6673206765940292,10,-0.03257418413694396,-0.03390804067821919,-0.03557536135481322,-0.038910002708001275,9
2022-10-21,0.03438004622964144,1.8582475771690308,0,0.034008396714207634,0.032521798652472414,0.03066355107530338,0.02694705592096532,9
2022-11-18,-0.005992119723021537,1.88613929011632,15,-0.006369347581044802,-0.007878259013137857,-0.009764398303254177,-0.013536676883486818,9
2022-12-19,-0.012516559677594479,1.8119009971401703,5,-0.012878939877022513,-0.01432846067473465,-0.01614036167187482,-0.01976416366615516,9
2023-01-19,0.010170267283651009,2.012467479332194,2,0.00976777378778457,0.008157799804318815,0.006145332324986621,0.0021203973663222325,9
2023-02-16,-0.0018270500319824432,1.920879168825029,5,-0.002211225865747449,-0.0037479292008074723,-0.005668808369632502,-0.00951056670728256,9
2023-03-17,0.0014913676566559197,1.7906563308776797,2,0.0011332363904803838,-0.00029928867422176,-0.0020899450050994397,-0.0056712576668547995,9
2023-04-17,-0.010086146733636503,1.8973512785192148,3,-0.010465616989340346,-0.011983498012155718,-0.013880849290674933,-0.017675551847713362,9
2023-05-15,-0.02522939087963455,1.8226019013560788,4,-0.025593911259905767,-0.02705199278099063,-0.028874594682346707,-0.032519798485058864,9
2023-06-13,-0.055788527997201263,2.020973877201174,2,-0.0561927227726415,-0.05780950187440244,-0.059830475751603614,-0.06387242350600596,9
2023-07-13,-0.004062381738298021,1.9473496247043447,1,-0.00445185166323889,-0.006009731363002366,-0.00795708098770671,-0.0118517802371154,9
2023-08-10,0.018632146567801176,1.8468136299265083,1,0.018262783841815875,0.016785332937874667,0.014938519307948159,0.011244892048095142,9
2023-09-08,0.027795927043808955,1.8285608295773177,1,0.027430214877893492,0.025967366214231638,0.024138805384654318,0.02048168372549968,9
2023-10-06,-0.002632310664363668,1.7781337483282855,3,-0.002987937414029325,-0.004410444412691953,-0.006188578161020239,-0.00974484565767681,9
2023-11-03,0.03247799617103623,1.8262344468794494,4,0.03211274928166034,0.03065176172415678,0.02882552727727733,0.02517305838351843,9
2006-01-19,0.003341974193871201,1.0000000000000029,6,0.0031419741938712004,0.002341974193871198,0.0013419741938711953,-0.0006580258061288104,10
2006-02-16,0.01522558448184176,1.8618609292148645,4,0.014853212295998787,0.013363723552626895,0.01150186262341203,0.007778140764982302,10
2006-03-17,0.00568834060653682,1.830515722233575,3,0.0053222374620901045,0.003857824884303245,0.00202730916206967,-0.0016337222823974802,10
2006-04-17,0.010824099598335114,1.8239454236245531,2,0.010459310513610204,0.009000154174710562,0.0071762087510860075,0.0035283179038369016,10
2006-05-15,-0.023370451848180773,1.8437228634187193,6,-0.023739196420864517,-0.025214174711599494,-0.02705789757501821,-0.03074534330185565,10
2006-06-13,0.0037142416929966766,1.741556188859917,2,0.003365930455224693,0.0019726855041367597,0.00023112931527684288,-0.003251983062442991,10
2006-07-12,0.010277498376671863,1.8154815882843929,2,0.009914402059014985,0.008462016788387471,0.006646535200103078,0.003015572023534292,10
2006-08-09,-0.006170669145542682,1.8387283872036697,2,-0.006538414822983416,-0.008009397532746352,-0.009848125919950022,-0.013525582694357361,10
2006-09-07,-0.025513833636665935,1.9008697022609948,2,-0.025894007577118135,-0.02741470333892693,-0.029315573041187926,-0.033117312445709916,10
2006-10-05,0.009887018627306952,1.8652779704279456,3,0.009513963033221363,0.008021740656879005,0.006156462686451061,0.002425906745595169,10
2006-11-02,-0.01138666409831524,1.8733401585799108,6,-0.011761332130031223,-0.013260004256895152,-0.015133344415475062,-0.018880024732634886,10
2006-12-01,-0.02906937807636525,1.9167347638594523,8,-0.02945272502913714,-0.030986112840224702,-0.03290284760408416,-0.03673631713180306,10
2007-01-03,-0.011692358973148019,1.8395056954916287,11,-0.012060260112246344,-0.013531864668639648,-0.015371370364131276,-0.01905038175511453,10
2007-02-01,0.003459070117050048,1.822525547515543,6,0.0030945650075469393,0.0016365445695345048,-0.00018598097798103825,-0.0038310320730121244,10
2007-03-02,-0.00291825496984252,1.828716157437521,3,-0.003283998201330024,-0.0047469711272800415,-0.006575687284717562,-0.010233119599592604,10
2007-03-30,-0.0044417463823397275,1.8655024828701547,7,-0.004814846878913759,-0.006307248865209883,-0.008172751348080038,-0.011903756313820346,10
2007-04-30,0.010464222359560434,1.8348752744257009,4,0.010097247304675294,0.008629347085134733,0.006794471810709033,0.0031247212618576306,10
2007-05-29,-0.006491706297650074,1.8986023359460615,5,-0.0068714267648392864,-0.008390308633596135,-0.010288910969542197,-0.01408611564143432,10
2007-06-26,-0.009729240506260981,1.812380329209166,7,-0.010091716572102814,-0.011541620835470147,-0.013354001164679313,-0.016978761823097648,10
2007-07-25,0.004421964270228502,1.7501952094666013,8,0.004071925228335182,0.0026717690607619008,0.0009215738512952996,-0.002578816567637903,10
2007-08-22,0.013273840021039214,1.8066484124869628,3,0.012912510338541822,0.011467191608552252,0.009660543196065288,0.0060472463710913625,10
2007-09-20,-0.03453937934992138,1.8701660271758542,11,-0.03491341255535655,-0.03640954537709723,-0.03827971140427309,-0.0420200434586248,10
2007-10-18,0.005988479028322528,1.8951540478602884,8,0.00560944821875047,0.00409332498046224,0.002198170932601951,-0.0015921371631186258,10
2007-11-15,-0.006328534041220684,1.7736120676775806,7,-0.0066832564547562,-0.008102146108898265,-0.009875758176575846,-0.013422982311931007,10
2007-12-14,-0.0036269562886343237,1.7477801387326766,7,-0.003976512316380859,-0.005374736427367,-0.007122516566099676,-0.010618076843565031,10
2008-01-15,0.010174003032017192,1.7681527886915849,2,0.009820372474278876,0.008405850243325607,0.006637697454634022,0.003101391877250852,10
2008-02-13,0.017324038168781652,1.8751516575879905,5,0.016949007837264055,0.01544888651119366,0.013573734853605671,0.00982343153842969,10
2008-03-13,-0.016942913090129616,1.8159124446429757,4,-0.01730609557905821,-0.01875882553477259,-0.02057473797941557,-0.024206562868701518,10
2008-04-11,-0.007626245622926439,1.8702670059331685,2,-0.008000299024113073,-0.009496512628859607,-0.011366779634792776,-0.015107313646659112,10
2008-05-09,0.009305900908838823,1.8628553369914684,4,0.008933329841440529,0.007443045571847354,0.005580190234855885,0.0018544795608729488,10
2008-06-09,-0.00758145706921233,1.8877912973540187,3,-0.007959015328683134,-0.00946924836656635,-0.011357039663920368,-0.015132622258628405,10
2008-07-08,0.0035028783333042376,1.7490573600175732,3,0.003153066861300723,0.0017538209732866643,4.763613269090968e-06,-0.0034933511067660556,10
2008-08-05,0.014527064363504602,1.9202824282448165,3,0.01414300787785564,0.012606781935259785,0.01068649950701497,0.006845934650525336,10
2008-09-03,-0.024590952596759134,1.896665271651767,2,-0.024970285651089486,-0.0264876178684109,-0.02838428314006267,-0.032177613683366205,10
2008-10-01,0.004673787187413573,1.7525217621300264,4,0.004323282834987567,0.0029212654252835464,0.0011687436631535202,-0.0023362998611065324,10
2008-10-29,0.007209582033602309,1.5944448991316458,6,0.00689069305377598,0.005615137134470663,0.0040206922353390176,0.0008318024370757258,10
2008-11-26,0.007392819343462307,1.7777406087750351,2,0.0070372712217073,0.005615078734687272,0.003837338125912237,0.00028185690836216633,10
2008-12-26,-0.01243519256399121,1.792862733068742,3,-0.01279376511060496,-0.014228055297059953,-0.016020918030128693,-0.01960664349626618,10
2009-01-27,0.012107149835894395,1.8374266384140923,2,0.011739664508211576,0.010269723197480303,0.00843229655906621,0.004757443282238026,10
2009-02-25,0.031880895055970276,1.768461363356191,2,0.03152720278329904,0.030112433692614085,0.028343972329257894,0.02480704960254551,10
2009-03-25,0.07320441172508518,1.9432030871749602,2,0.0728157711076502,0.07126120863791022,0.06931800555073526,0.06543159937638535,10
2009-04-23,-0.03583857804873355,1.831615143329451,0,-0.03620490107739944,-0.037670193192063,-0.03950180833539245,-0.04316503862205135,10
2009-05-21,-0.014254890363712603,1.9665404953604166,0,-0.014648198462784687,-0.01622143085907302,-0.018187971354433438,-0.02212105234515427,10
2009-06-19,0.011618016228940745,1.9020084455372832,2,0.011237614539833289,0.009716007783403462,0.007813999337866178,0.004009982446791612,10
2009-07-20,0.0031082265812256947,1.8052817221363884,2,0.002747170236798417,0.0013029448590893063,-0.0005023368630470821,-0.004112900307319859,10
2009-08-17,-0.008465545073536983,1.9365580231913204,1,-0.008852856678175248,-0.010402103096728304,-0.012338661119919624,-0.016211777166302267,10
2009-09-15,0.005858928561328552,1.9715713740908127,5,0.005464614286510389,0.003887357187237739,0.0019157858131469262,-0.002027356935034699,10
2009-10-13,-0.0011685050077493867,1.8622151868973893,12,-0.0015409480451288645,-0.003030720194646776,-0.004892935381544165,-0.008617365755338944,10
2009-11-10,-0.021297376693940277,1.8867580014606482,3,-0.021674728294232407,-0.023184134695400926,-0.025070892696861573,-0.02884440869978287,10
2009-12-09,-0.0011264249360355954,1.830414220851042,4,-0.0014925077802058037,-0.0029568391568866375,-0.00478725337773768,-0.008448081819439764,10
2010-01-08,0.00980642332522152,1.9828798134609293,3,0.009409847362529334,0.007823543511760591,0.0058406636982996606,0.0018749040713778014,10
2010-02-08,-0.007340791372858507,1.7919901416192634,3,-0.00769918940118236,-0.00913278151447777,-0.010924771656097034,-0.014508751939335561,10
2010-03-09,0.015868591542678525,1.9007856762773712,4,0.01548843440742305,0.013967805866401154,0.012067020190123783,0.00826544883756904,10
2010-04-07,0.013894619963447994,1.8911192552288987,4,0.013516396112402214,0.012003500708219095,0.010112381452990196,0.006330142942532399,10
2010-05-05,-0.012426596407130569,1.8730168477606683,2,-0.012801199776682702,-0.014299613254891238,-0.016172630102651905,-0.019918663798173242,10
2010-06-03,0.011832616832966632,1.7621229663190578,3,0.01148019223970282,0.010070493866647575,0.008308370900328516,0.004784124967690401,10
2010-07-01,-0.0005914750475418929,1.7946243949769711,6,-0.0009503999265372872,-0.002386099442518864,-0.004180723837495836,-0.007769972627449778,10
2010-07-30,0.011009240884692132,1.8694262572597857,2,0.010635355633240175,0.009139814627432347,0.00727038837017256,0.003531535855652989,10
2010-08-27,0.005383656124073212,1.8256482343957956,4,0.005018526477194053,0.003558007889677417,0.0017323596552816212,-0.0019189368135099699,10
2010-09-27,-0.014650441157387771,1.9446214955393268,5,-0.015039365456495637,-0.0165950626529271,-0.018539684148466424,-0.022428927139545078,10
2010-10-25,0.016242016305377367,1.8264871632262685,2,0.015876718872732114,0.014415529142151098,0.01258904197892483,0.008936067652472294,10
2010-11-22,-0.030511883307384798,1.8154393167963736,1,-0.030874971170744073,-0.03232732262418117,-0.034142761940977547,-0.03777364057457029,10
2010-12-21,0.00841875939752253,1.9725924070614813,3,0.008024240916110235,0.006446166990461049,0.0044735745833995675,0.0005283897692766049,10
2011-01-20,0.025245775339164236,1.8265332716153888,1,0.02488046868484116,0.02341924206754885,0.02159270879593346,0.01793964225270268,10
2011-02-17,0.007754950769825483,1.843062207366336,9,0.007386338328352215,0.005911888562459147,0.00406882635509281,0.00038270194036013876,10
2011-03-18,-0.010422014906969243,1.7579985524275026,2,-0.010773614617454744,-0.012180013459396746,-0.013938012011824248,-0.017454009116679253,10
2011-04-15,0.013916796634756798,1.888556362498139,4,0.01353908536225717,0.012028240272258659,0.01013968390976052,0.006362571184764242,10
2011-05-16,-0.004469448078867004,1.8017685425294938,6,-0.004829801787372903,-0.006271216621396498,-0.008072985163925992,-0.01167652224898498,10
2011-06-14,0.013566826675471018,1.781494881243278,7,0.013210527699222362,0.01178533179422774,0.010003836912984463,0.006440847150497906,10
2011-07-13,0.028623785557087465,1.8595608115349591,2,0.028251873394780472,0.026764224745552505,0.024904663934017548,0.02118554231094763,10
2011-08-10,0.04538284472228268,1.6472501051953174,4,0.045053394701243615,0.043735594617087356,0.04208834451189204,0.03879384430150141,10
2011-09-08,-0.006079102339506108,1.849812707220572,5,-0.0064490648809502225,-0.00792891504672668,-0.009778727753947253,-0.013478353168388395,10
2011-10-06,0.034453707332706966,1.8276233403343576,2,0.034088182664640095,0.03262608399237261,0.03079846065203825,0.027143213971369536,10
2011-11-03,0.006740561211044707,1.9049880497845486,2,0.006359563601087797,0.004835573161260158,0.0029305851114756094,-0.000879390988093488,10
2011-12-02,-0.005363676636293493,1.7609968359585964,4,-0.005715876003485212,-0.00712467347225209,-0.008885670308210686,-0.012407663980127877,10
2012-01-03,-0.020109547397631742,1.8743637394050745,3,-0.020484420145512758,-0.021983911137036818,-0.02385827487644189,-0.02760700235525204,10
2012-02-01,-0.022033026935524235,1.8743634367254016,6,-0.022407899622869317,-0.023907390372249638,-0.025781753808975037,-0.029530480682425843,10
2012-03-01,0.0039809832584921665,1.85893369600329,2,0.0036091965192915085,0.0021220495624888766,0.00026311586648558637,-0.0034547515255209937,10
2012-03-29,0.010454839140335513,1.8331236564199775,5,0.010088214409051516,0.008621715483915535,0.006788591827495558,0.003122344514655603,10
2012-04-27,0.011709082187050726,1.821102561030607,4,0.011344861674844605,0.00988797962602012,0.008066877064989512,0.004424671942928298,10
2012-05-25,0.022977928713279177,1.8059828641877713,3,0.022616732140441624,0.021171945849091406,0.019365962984903635,0.015753997256528093,10
2012-06-25,-0.008736316794363985,1.7836273054380576,1,-0.009093042255451596,-0.010519944099802043,-0.012303571405240101,-0.015870826016116217,10
2012-07-24,0.006148928265985349,1.8954611703106419,4,0.0057698360319232206,0.004253467095674707,0.002358005925364065,-0.0014329164152572186,10
2012-08-21,-0.021622609789885606,1.9454227631338865,0,-0.022011694342512385,-0.023568032553019494,-0.02551345531615338,-0.02940430084242115,10
2012-09-19,0.020166750175888076,1.9269528908155333,7,0.01978135959772497,0.018239797285072544,0.01631284439425701,0.012458938612625942,10
2012-10-17,0.03265895071168986,1.7623512424066332,1,0.03230648046320853,0.030896599469283227,0.029134248226876592,0.025609545742063325,10
2012-11-16,-0.014912005827895269,1.7675476854230128,2,-0.015265515364979871,-0.01667955351331828,-0.018447101198741295,-0.02198219656958732,10
2012-12-17,0.005939103769937887,1.9514721301620561,4,0.005548809343905476,0.003987631639775831,0.002036159509613775,-0.0018667847507103374,10
2013-01-16,-0.0014229553735185668,1.8479928745840455,2,-0.001792553948435376,-0.0032709482481026123,-0.005118941122686658,-0.008814926871854749,10
2013-02-14,0.00021061574704151062,1.862071233927022,4,-0.00016179849974389378,-0.0016514554868855115,-0.0035135267208125337,-0.0072376691886665775,10
2013-03-15,-0.023198463978935286,1.910579632915203,3,-0.023580579905518328,-0.025109043611850488,-0.027019623244765693,-0.030840782510596097,10
2013-04-15,0.0026495894413649987,1.863438008330577,3,0.0022769018396988834,0.0007861514330344216,-0.0010772865752961555,-0.00480416259195731,10
2013-05-13,0.0012568728954081402,1.8877885974445456,2,0.0008793151759192311,-0.0006309157020364055,-0.0025187042994809514,-0.006294281494370043,10
2013-06-11,-0.01373204179176939,1.8525106092587198,3,-0.014102543913621134,-0.01558455240102811,-0.01743706301028683,-0.02114208422880427,10
2013-07-10,0.01038040896406899,1.9133688991375983,3,0.00999773518424147,0.008467040064931392,0.006553671165793794,0.002726933367518597,10
2013-08-07,0.006401869504153882,1.857877993666741,1,0.006030293905420534,0.004543991510487141,0.0026861135168204002,-0.0010296424705130815,10
2013-09-05,-0.00737619095727615,1.894799444753213,5,-0.007755150846226793,-0.009270990402029363,-0.011165789846782577,-0.014955388736289002,10
2013-10-03,-0.004364756099018011,1.8890874441713106,4,-0.004742573587852273,-0.006253843543189322,-0.008142930987360632,-0.011921105875703254,10
2013-10-31,-0.017074575640988816,1.8367382709131248,3,-0.01744192329517144,-0.018911313911901942,-0.020748052182815065,-0.024421528724641317,10
2013-11-29,0.006766512484397077,1.94880982076714,8,0.006376750520243649,0.004817702663629937,0.0028688928428627965,-0.0010287267986714838,10
2013-12-30,-0.008433580490605726,1.8420764908157483,3,-0.008801995788768875,-0.010275656981421475,-0.012117733472237222,-0.015801886453868718,10
2014-01-29,-0.02787911141818191,1.8487092685503477,2,-0.028248853271891982,-0.02972782068673226,-0.03157652995528261,-0.0352739484923833,10
2014-02-27,-0.0010769613498625707,1.9364098960171725,0,-0.0014642433290660054,-0.0030133712458797436,-0.004949781141896916,-0.008822600933931262,10
2014-03-27,-0.011320869349657878,1.848399298183908,1,-0.01169054920929466,-0.013169268647841787,-0.015017667946025694,-0.01871446654239351,10
2014-04-25,0.0364904957338025,1.770839350158322,4,0.036136327863770835,0.03471965638364418,0.03294881703348586,0.029407138333169214,10
2014-05-23,0.0007675161928352556,1.816370508454653,3,0.0004042420911443249,-0.0010488543156193975,-0.0028652248240740507,-0.006497965840983356,10
2014-06-23,-0.005881685423251664,1.9266499652211782,2,-0.0062670154162959,-0.007808335388472842,-0.00973498535369402,-0.013588285284136376,10
2014-07-22,-0.013812096154526953,1.8107037212770414,5,-0.01417423689878236,-0.015622799875803995,-0.017433503597081037,-0.021054911039635117,10
2014-08-19,-0.0037783461986645862,1.8731715509753863,2,-0.004152980508859663,-0.0056515177496399725,-0.007524689300615359,-0.011271032402566132,10
2014-09-17,-0.0026551249308695065,1.9004226495459347,1,-0.0030352094607786935,-0.0045555475804154415,-0.0064559702299613764,-0.010256815529053245,10
2014-10-15,0.0070023447142259975,1.6848877073978954,1,0.006665367172746418,0.005317457006828102,0.0036325692994302067,0.00026279388463441595,10
2014-11-12,-0.005339967920473977,1.9503198995691595,4,-0.005730031900387809,-0.007290287820043136,-0.009240607719612296,-0.013141247518750615,10
2014-12-11,-0.006810038676487813,1.8955530934542473,3,-0.0071891492951786625,-0.00870559176994206,-0.010601144863396307,-0.014392251050304802,10
2015-01-12,-0.004220711812559002,1.830480749098309,4,-0.004586807962378664,-0.006051192561657311,-0.00788167331075562,-0.011542634808952238,10
2015-02-10,-0.04031558898068682,1.8906227991566629,4,-0.04069371354051816,-0.04220621177984349,-0.04409683457900015,-0.04787808017731347,10
2015-03-11,-0.005362083168254787,1.9389575920304292,3,-0.0057498746866608726,-0.007301040760285217,-0.009239998352315645,-0.013117913536376504,10
2015-04-09,0.017485100171900934,1.9129486903391333,3,0.017102510433833106,0.0155721514815618,0.013659202791222668,0.009833305410544401,10
2015-05-07,-0.012074845374866871,1.826748821583046,4,-0.01244019513918348,-0.013901594196449917,-0.015728343018032963,-0.019381840661199055,10
2015-06-05,0.01023133760774636,1.892395297767344,6,0.009852858548192891,0.008338942309979017,0.006446547012211672,0.002661756416676984,10
2015-07-06,-0.013894583616729347,1.8612817478158332,3,-0.014266839966292513,-0.01575586536454518,-0.017617147112361013,-0.021339710607992682,10
2015-08-03,-0.008228711813754537,1.807390557803739,4,-0.008590189925315286,-0.010036102371558277,-0.011843492929362015,-0.015458274044969494,10
2015-08-31,0.001042814284095127,1.7978288776876885,0,0.0006832485085575893,-0.0007550145935925616,-0.00255284347128025,-0.006148501226655627,10
2015-09-29,-0.01086700874087825,1.783537728936599,4,-0.01122371628666557,-0.012650546469814849,-0.014434084198751449,-0.018001159656624646,10
2015-10-27,-0.015107925324423344,1.9331837885094154,6,-0.015494562082125227,-0.01704110911293276,-0.018974292901442175,-0.022840660478461006,10
2015-11-24,0.011933007635612652,1.913946314822746,5,0.011550218372648103,0.010019061320789906,0.00810511500596716,0.004277222376321667,10
2015-12-23,-0.017992066401676672,1.8211638234602632,6,-0.018356299166368724,-0.019813230225136935,-0.021634394048597197,-0.025276721695517725,10
2016-01-25,-0.009595589278479014,1.732120700407634,3,-0.00994201341856054,-0.011327709978886647,-0.013059830679294282,-0.01652407208010955,10
2016-02-23,0.014722948443690787,1.8836114960536234,1,0.014346226144480062,0.012839336947637163,0.010955725451583541,0.007188502459476293,10
2016-03-22,-0.013154307795717322,1.9406875081322148,7,-0.013542445297343766,-0.015094995303849537,-0.017035682811981753,-0.020917057828246183,10
2016-04-20,-0.004754255065932985,1.9588440439031498,0,-0.005146023874713615,-0.006713099109836135,-0.008671943153739285,-0.012589631241545584,10
2016-05-18,0.015998018472586847,1.832070016414524,3,0.015631604469303943,0.014165948456172323,0.012333878439757799,0.00866973840692875,10
2016-06-16,-0.000560118502281877,1.8841418873164089,5,-0.0009369468797451588,-0.002444260389598286,-0.004328402276914695,-0.008096686051547513,10
2016-07-15,-0.004857221372736238,1.854520837857135,1,-0.005228125540307665,-0.006711742210593372,-0.008566263048450509,-0.012275304724164778,10
2016-08-12,0.0026804842867761574,1.8734460461337237,4,0.0023057950775494124,0.0008070382406424337,-0.00106640780549129,-0.004813299897758737,10
2016-09-12,0.001559047775835575,1.9245543967600323,5,0.0011741368964835685,-0.0003655066209244573,-0.0022900610176844896,-0.006139169811204555,10
2016-10-10,0.03706456851372128,1.8203330312641286,3,0.03670050190746845,0.03524423548245715,0.033423902451193026,0.029783236388664765,10
2016-11-07,-0.03554454136858408,1.7272023687577354,5,-0.035889981842335626,-0.037271743737341816,-0.03899894610609955,-0.04245335084361502,10
2016-12-06,-0.00412339708170265,2.029386028665014,5,-0.004529274287435652,-0.006152783110367664,-0.008182169139032677,-0.012240941196362706,10
2017-01-05,0.014332194405743279,1.8785293479829266,4,0.013956488536146693,0.012453665057760351,0.010575135709777425,0.006818077013811572,10
2017-02-03,-0.013330305909023909,1.813105404649676,5,-0.013692926989953844,-0.015143411313673584,-0.01695651671832326,-0.020582727527622614,10
2017-03-06,-0.0023834153027018088,1.9116739995274252,4,-0.0027657501026072937,-0.004295089302229234,-0.006206763301756659,-0.010030111300811509,10
2017-04-03,0.0036832376188195115,1.8593774695821834,4,0.003311362124903075,0.001823860149237328,-3.5517320344855344e-05,-0.003754272259509222,10
2017-05-02,0.007977911221629396,1.8309687138966482,5,0.007611717478850067,0.006146942507732748,0.0043159737938361,0.000654036366042803,10
2017-05-31,-0.030257303228407823,1.8625975068720624,4,-0.030629822729782236,-0.032119900735279885,-0.03398249824215195,-0.037707693255896076,10
2017-06-28,0.006716198248948212,1.893407508438138,3,0.006337516747260585,0.004822790740510074,0.002929383232071936,-0.0008574317848043401,10
2017-07-27,-0.009545366105766062,1.880623834408529,2,-0.009921490872647768,-0.011425989940174592,-0.01330661377458312,-0.017067861443400178,10
2017-08-24,-0.003291520091129679,1.820221485697594,5,-0.0036555643882691976,-0.005111741576827273,-0.0069319630625248665,-0.010572406033920055,10
2017-09-22,0.006297447989459611,1.9235826847261548,8,0.00591273145251438,0.004373865304733457,0.0024502826200073014,-0.0013968827494450081,10
2017-10-20,-0.0203926067179427,1.8148178903846723,3,-0.020755570296019633,-0.02220742460832737,-0.024022242498712043,-0.027651878279481387,10
2017-11-17,-0.010059175531016781,1.9124731784939366,2,-0.010441670166715569,-0.011971648709510717,-0.013884121888004655,-0.017709068244992528,10
2017-12-18,-0.010070432831553695,1.9030310296378374,0,-0.010451039037481262,-0.011973463861191531,-0.01387649489082937,-0.017682556950105045,10
2018-01-18,-0.005127433787960224,1.9225755992064772,5,-0.005511948907801519,-0.007050009387166701,-0.008972584986373178,-0.012817736184786134,10
2018-02-15,0.0015122949578240978,1.8373415070682955,7,0.0011448266564104386,-0.0003250465492441977,-0.002162388056312493,-0.005837071070449084,10
2018-03-16,0.010065135299274922,1.8899725859605911,3,0.009687140782082803,0.008175162713314331,0.00628519012735374,0.002505244955432557,10
2018-04-16,-0.022111233027435992,1.8449704346431033,2,-0.022480227114364613,-0.023956203462079096,-0.0258011738967222,-0.029491114766008405,10
2018-05-14,-0.019835601311926132,1.9527307962211071,1,-0.020226147471170353,-0.021788332108147238,-0.023741062904368348,-0.02764652449681056,10
2018-06-12,3.583561756752914e-05,1.9302376296032024,5,-0.0003502119083531114,-0.0018944020120356733,-0.003824639641638876,-0.007685114900845281,10
2018-07-11,0.00948313857153774,1.8435037033901498,1,0.009114437830859709,0.00763963486814759,0.00579613116475744,0.0021091237579771403,10
2018-08-08,0.0013872514495783166,1.8339815912136985,1,0.001020455131335577,-0.000446730141635382,-0.0022807117328490804,-0.005948674915276478,10
2018-09-06,-0.005081223435264878,1.91906009763032,1,-0.005465035454790942,-0.007000283532895198,-0.008919343630525519,-0.012757463825786158,10
2018-10-04,-0.005990735278657346,1.824826347589739,4,-0.006355700548175294,-0.007815561626247084,-0.009640387973836824,-0.013290040669016302,10
2018-11-01,0.031083830335723255,1.74465411953345,4,0.030734899511816564,0.029339176216189804,0.027594522096656353,0.024105213857589455,10
2018-11-30,0.00026692092480494044,1.8362259724973713,4,-0.00010032426969453385,-0.001569305047692431,-0.0034055310201898024,-0.007077982965184545,10
2019-01-02,0.023220521453574706,1.700551563287424,4,0.022880411140917222,0.02151996989028728,0.01981941832699986,0.01641831520042501,10
2019-01-31,-0.010855690530132737,1.9306439891967508,7,-0.011241819327972087,-0.012786334519329489,-0.014716978508526239,-0.01857826648691974,10
2019-03-01,0.017824878686715968,1.974810052370893,3,0.01742991667624179,0.015850068634345075,0.013875258581974182,0.009925638477232396,10
2019-03-29,0.018961457426170305,1.852900055777972,4,0.01859087741501471,0.01710855737039233,0.015255657314614361,0.011549857203058417,10
2019-04-29,-0.010088420895969202,1.8499127404274636,0,-0.010458403444054696,-0.011938333636396667,-0.01378824637682413,-0.017488071857679057,10
2019-05-28,-0.018861276647322973,1.782947954316097,2,-0.019217866238186193,-0.02064422460163907,-0.022427172555955166,-0.025993068464587363,10
2019-06-25,-0.012482229821606051,1.8306448891517642,4,-0.012848358799436405,-0.014312874710757815,-0.01614351959990958,-0.019804809378213106,10
2019-07-24,-0.00963706960739926,1.8813812199954452,2,-0.010013345851398348,-0.011518450827394704,-0.01339983204739015,-0.01716259448738104,10
2019-08-21,0.005026133257423532,1.8061294782748714,2,0.004664907361768557,0.0032200037791486604,0.0014138743008737889,-0.002198384655675954,10
2019-09-19,0.006554215566874998,1.8805246170753906,7,0.00617811064345992,0.004673690949799607,0.0027931663327242164,-0.0009678829014265651,10
2019-10-17,0.013478550623651817,1.8082151125205308,4,0.01311690760114771,0.011670335511131285,0.009862120398610754,0.006245690173569693,10
2019-11-14,-0.009030993253045206,1.8612118141358016,2,-0.009403235615872366,-0.010892205067181008,-0.01275341688131681,-0.01647584050958841,10
2019-12-13,-0.012114906009346426,1.9392655963493906,5,-0.012502759128616304,-0.014054171605695817,-0.015993437202045206,-0.019871968394743988,10
2020-01-14,0.039856024889085254,1.918705720115718,4,0.03947228374506211,0.03793731916896954,0.03601861344885382,0.03218120200862238,10
2020-02-12,-0.024131734445543354,1.815995674247635,2,-0.02449493358039288,-0.02594773011979099,-0.027763725794038623,-0.03139571714253389,10
2020-03-12,-0.006549123989175162,1.6103113787678593,2,-0.006871186264928734,-0.008159435367943021,-0.009769746746710882,-0.012990369504246601,10
2020-04-09,0.020267973950739426,1.9326181228393615,2,0.019881450326171553,0.018335355827900066,0.016402737705060705,0.01253750145938198,10
2020-05-08,-0.07289005117417673,1.8810419465208077,0,-0.07326625956348089,-0.07477109312069753,-0.07665213506721834,-0.08041421896025995,10
2020-06-08,-0.15686754970390948,2.101068428814881,3,-0.15728776338967246,-0.15896861813272437,-0.16106968656153925,-0.16527182341916902,10
2020-07-07,0.009384796026310076,1.9655542850625367,2,0.008991685169297568,0.007419241741247539,0.0054536874561850026,0.0015225788860599287,10
2020-08-04,-0.006449792768401724,1.9050721814009677,2,-0.006830807204681918,-0.008354864949802691,-0.01025993713120366,-0.014070081494005595,10
2020-09-01,-0.037230387334314524,1.8185139163058577,1,-0.037594090117575696,-0.03904890125062038,-0.04086741516692624,-0.04450444299953796,10
2020-09-30,0.0009177688456971584,1.84440484687444,6,0.0005488878763222704,-0.0009266360011772818,-0.002771040848051722,-0.006459850541800602,10
2020-10-28,-0.035062629953760714,1.8091994173913517,2,-0.03542446983723899,-0.03687182937115207,-0.03868102878854342,-0.04229942762332612,10
2020-11-25,0.04281066210628238,2.102372774280758,3,0.04239018755142623,0.04070828933200162,0.03860591655772086,0.03440117100915935,10
2020-12-24,0.11329686193676052,1.8852687248950386,2,0.1129198081917815,0.11141159321186547,0.10952632448697044,0.10575578703718036,10
2021-01-26,-0.05027695285864857,1.805782489993096,1,-0.050638109356647185,-0.05208273534864166,-0.05388851783863476,-0.05750008281862096,10
2021-02-24,-0.05172302119289343,1.9877492000783463,1,-0.052120571032909103,-0.05371077039297178,-0.055698519593050125,-0.05967401799320682,10
2021-03-24,0.038327067559217665,1.8420678343012111,4,0.03795865399235742,0.03648499972491645,0.03464293189061524,0.03095879622201282,10
2021-04-22,0.015294064702194854,1.818049374940042,2,0.014930454827206846,0.013476015327254813,0.01165796595231477,0.008021867202434686,10
2021-05-20,-0.03398937440490776,1.8311686931413913,3,-0.03435560814353604,-0.035820543098049155,-0.03765171179119055,-0.041314049177473326,10
2021-06-18,0.046492598213237125,1.7710201168389976,4,0.04613839418986933,0.04472157809639813,0.04295055797955913,0.03940851774588114,10
2021-07-19,0.025538635957584786,1.744935053815117,2,0.025189648946821762,0.023793700903769668,0.022048765849954553,0.01855889574232432,10
2021-08-16,0.012333491039066067,1.8718143125039661,7,0.011959128176565274,0.0104616767265621,0.008589862414058135,0.004846233789050202,10
2021-09-14,0.0272952711064292,1.8377804183340625,2,0.02692771502276239,0.02545749068809514,0.023619710269761077,0.01994414943309295,10
2021-10-12,-0.0037901903399999567,1.8025142340252371,2,-0.004150693186805004,-0.005592704574025194,-0.007395218808050431,-0.011000247276100905,10
2021-11-09,-0.007179166748274924,1.9330410797022994,6,-0.007565774964215384,-0.009112207827977222,-0.011045248907679522,-0.014911331067084121,10
2021-12-08,0.021567074863431297,1.8225846134022088,3,0.021202557940750856,0.019744490250029088,0.017921905636626878,0.014276736409822462,10
2022-01-06,0.025250701688032808,1.7390039450384287,2,0.024902900899025124,0.02351169774299438,0.02177269379795595,0.018294685907879093,10
2022-02-04,0.005706023493883104,1.722748829407559,3,0.005361473728001592,0.003983274664475545,0.002260525835067986,-0.001184971823747132,10
2022-03-07,0.005973336247719254,1.85041100536757,3,0.0056032540466457404,0.004122925242351684,0.002272514236984114,-0.0014283077737510261,10
2022-04-04,0.012746074991048734,1.9734997918879607,2,0.012351375032671141,0.010772575199160774,0.008799075407272813,0.004852075823496891,10
2022-05-03,-0.0036710617635891457,1.764014351760594,3,-0.004023864633941264,-0.00543507611534974,-0.007199090467110333,-0.010727119170631521,10
2022-06-01,0.00733334839128003,1.7692835511842857,2,0.006979491681043173,0.005564064840095744,0.0037947812889114587,0.0002562141865428873,10
2022-06-30,0.019692103126731125,1.8285394262615746,8,0.01932639524147881,0.01786356370046955,0.016035024274207974,0.012377945421684827,10
2022-07-29,-0.027506328250394948,1.8564241890218836,4,-0.027877613088199325,-0.02936275243941683,-0.031219176628438716,-0.03493202500648248,10
2022-08-26,0.0008330696257650743,1.8868633413365998,1,0.0004556969574977543,-0.0010537937155715256,-0.0029406570569081255,-0.006714383739581326,10
2022-09-26,0.03930141852421886,1.7482054282586346,7,0.038951777438567134,0.03755321309596023,0.03580500766770159,0.03230859681118432,10
2022-10-24,0.03568747105246172,1.8399626879411226,5,0.0353194785148735,0.0338475083645206,0.03200754567657948,0.02832762030069723,10
2022-11-21,-0.0007136038020164968,1.8962676346278151,14,-0.0010928573289420598,-0.002609871436644312,-0.004506139071272127,-0.008298674340527758,10
2022-12-20,0.04268595072819443,1.8525047891161708,8,0.042315449770371195,0.040833445939078256,0.03898094114996209,0.03527593157172974,10
2023-01-20,0.017568914549112104,1.8607830172889146,0,0.017196757945654322,0.01570813153182319,0.013847348514534275,0.010125782479956446,10
2023-02-17,0.021673719341432904,1.8999874200483065,6,0.02129372185742324,0.019773731921384596,0.01787374450133629,0.014073769661239677,10
2023-03-20,-0.018205882331983832,1.749792363496075,1,-0.018555840804683046,-0.019955674695479906,-0.021705467058975983,-0.025205051785968133,10
2023-04-18,-0.007034822555856402,1.9251644749823447,4,-0.007419855450852871,-0.008959987030838747,-0.010885151505821093,-0.014735480455785781,10
2023-05-16,-0.01775825473522812,1.7997244909578958,3,-0.018118199633419697,-0.019557979226186014,-0.021357703717143912,-0.024957152699059702,10
2023-06-14,0.0042518661332373335,1.9843310621045065,5,0.0038549999208164322,0.002267535071132827,0.0002832040090283202,-0.003685458115180693,10
2023-07-14,-0.018767633284560846,1.8908693857286867,5,-0.019145807161706583,-0.020658502670289534,-0.02254937205601822,-0.026331110827475593,10
2023-08-11,-0.00046294238029202946,1.8199643769629004,2,-0.0008269352556846095,-0.00228290675725493,-0.0041028711342178305,-0.007742799888143631,10
2023-09-11,0.01266782202258043,1.8434458071920554,0,0.012299132861142018,0.010824376215388374,0.008980930408196319,0.005294038793812208,10
2023-10-09,0.01893401643002214,1.8084451015381386,1,0.018572327409714512,0.017125571328484003,0.015317126226945863,0.011700236023869586,10
2023-11-06,0.04988840273859672,1.8246881441023088,5,0.04952346510977625,0.048063714594494406,0.0462390264503921,0.04258965016218748,10
2006-01-20,0.0310003357023584,0.9999999999999986,6,0.030800335702358402,0.030000335702358404,0.029000335702358403,0.027000335702358408,11
2006-02-17,0.00046457258960554116,1.853309613461542,4,9.39106669132327e-05,-0.001388737023856001,-0.0032420466373175435,-0.0069486658642406276,11
2006-03-20,-0.00913386956614269,1.8613992341900323,4,-0.009506149412980695,-0.010995268800332721,-0.012856668034522754,-0.016579466502902818,11
2006-04-18,-0.002277768474021699,1.866258262695982,4,-0.0026510201265608955,-0.004144026736717681,-0.006010284999413663,-0.009742801524805628,11
2006-05-16,-0.024293398922224686,1.810441776153377,6,-0.02465548727745536,-0.026103840698378063,-0.02791428247453144,-0.031535166026838195,11
2006-06-14,0.017262190921825994,1.7456251133220697,3,0.01691306589916158,0.015516565808503925,0.013770940695181855,0.010279690468537715,11
2006-07-13,-0.0003212857762459531,1.8480500051134783,1,-0.0006908957772686487,-0.0021693357813594317,-0.004017385786472909,-0.007713485796699867,11
2006-08-10,-0.007379639267520054,1.8810884667149452,4,-0.007755856960863043,-0.009260727734234999,-0.011141816200949945,-0.014903993134379834,11
2006-09-08,-0.011309922600042531,1.946138824792272,4,-0.011699150365000986,-0.013256061424834804,-0.015202200249627075,-0.01909447789921162,11
2006-10-06,-0.000942437469935464,1.8453872502336108,4,-0.001311514919982186,-0.002787824720169075,-0.004633211970402686,-0.008323986470869908,11
2006-11-03,-0.0012173199639127844,1.7913062284655892,4,-0.0015755812096059022,-0.0030086261923783736,-0.004799932420843963,-0.008382544877775141,11
2006-12-04,-0.023332194965256483,1.9210633242061812,4,-0.02371640763009772,-0.025253258289462663,-0.027174321613668846,-0.031016448262081206,11
2007-01-04,0.022876064654028486,1.823729728054591,5,0.022511318708417567,0.021052334925973894,0.019228605197919302,0.015581145741810121,11
2007-02-02,0.0074319020524253165,1.8545395698440343,5,0.007060994138456509,0.005577362482581282,0.0037228229127372475,1.3743773049178579e-05,11
2007-03-05,-0.008392348161295814,1.7694682613779618,4,-0.008746241813571407,-0.010161816422673777,-0.011931284684051737,-0.01547022120680766,11
2007-04-02,0.016478192473225416,1.89665192928865,4,0.016098862087367688,0.014581540543936766,0.012684888614648115,0.008891584756070816,11
2007-05-01,0.008291538342351972,1.8699828207091505,4,0.007917541778210142,0.006421555521642822,0.004551572700933672,0.0008116070595153707,11
2007-05-30,-0.0023470750769864633,1.8759828573563748,7,-0.002722271648457738,-0.004223057934342838,-0.006099040791699213,-0.009851006506411963,11
2007-06-27,0.004386279357896162,1.8658950043424665,3,0.004013100357027669,0.0025203843535536955,0.0006544893492112292,-0.0030773006594737038,11
2007-07-26,0.011763922756978731,1.8190735213977078,4,0.01140010805269919,0.009944849235581024,0.008125775714183315,0.0044876286713879,11
2007-08-23,0.013093407387015232,1.8207821259945054,4,0.01272925096181633,0.011272625261020727,0.00945184313502622,0.0058102788830372105,11
2007-09-21,-0.00645141441818567,1.8538491656989426,9,-0.006822184251325459,-0.008305263583884613,-0.010159112749583556,-0.01386681108098144,11
2007-10-19,-0.0035223827019278476,1.8043652777004573,9,-0.003883255757467939,-0.005326747979628305,-0.007131113257328762,-0.010739843812729678,11
2007-11-16,0.008452800631777486,1.8228597998857354,7,0.008088228671800339,0.006629940831891751,0.004807081032006015,0.0011613614322345447,11
2007-12-17,0.016280354764236258,1.7915644434088407,6,0.01592204187555449,0.014488790320827418,0.012697225877418577,0.009114096990600895,11
2008-01-16,0.022745083864255333,1.7258442543892707,7,0.02239991501337748,0.021019239609866062,0.019293395355476792,0.01584170684669825,11
2008-02-14,0.006442396281372146,1.8818911150873032,5,0.006066018058354685,0.004560505166284842,0.002678614051197539,-0.0010851681789770676,11
2008-03-14,0.007289272367556056,1.806235264277803,3,0.006928025314700496,0.005483037103278254,0.0036768018390004502,6.433131044484425e-05,11
2008-04-14,-0.01730399166176413,1.8771101425233874,3,-0.01767941369026881,-0.019181101804287518,-0.021058211946810904,-0.02481243223185768,11
2008-05-12,0.019212185400741204,1.9580465898836164,4,0.01882057608276448,0.017254138810857588,0.01529609222097397,0.011379999041206738,11
2008-06-10,-0.023379175975200023,1.8296360880312994,3,-0.023745103192806285,-0.025208812063231324,-0.027038448151262624,-0.03069772032732522,11
2008-07-09,-0.032859940974531376,1.7436650436794088,1,-0.03320867398326726,-0.03460360601821078,-0.036347271061890195,-0.03983460114924901,11
2008-08-06,-1.5520577527853e-05,1.9761484108987635,5,-0.0004107502597076057,-0.0019916689884266164,-0.00396781739932538,-0.007920114221122907,11
2008-09-04,-0.02250853619421188,1.8285039501878786,3,-0.022874236984249455,-0.024337040144399757,-0.026165544094587635,-0.029822551994963392,11
2008-10-02,0.038468109328089334,1.7151279755384459,6,0.038125083732981645,0.03675298135255089,0.03503785337701244,0.03160759742593555,11
2008-10-30,0.03040467781088328,1.6810021839301585,5,0.030068477374097246,0.02872367562695312,0.027042673443022962,0.023680669075162645,11
2008-11-28,0.028513909903262174,1.7582138826336986,3,0.028162267126735432,0.026755696020628474,0.024997482137994777,0.02148105437272738,11
2008-12-29,-0.03654515049939917,1.7531882782993566,5,-0.03689578815505905,-0.03829833877769853,-0.04005152705599788,-0.0435579036125966,11
2009-01-28,-0.0024734527288083584,1.8610683066097606,1,-0.0028456663901303106,-0.004334521035418119,-0.00619558934202788,-0.0099177259552474,11
2009-02-26,-0.03124622078596831,1.7066896377310576,2,-0.03158755871351452,-0.03295291042369937,-0.03465960006143042,-0.03807297933689254,11
2009-03-26,0.05615522644812593,2.019069312649626,1,0.055751412585596,0.0541361571354763,0.052117087822826674,0.04807894919752742,11
2009-04-24,0.010028840304860278,1.852767565949827,0,0.009658286791670313,0.008176072738910451,0.0063233051729606245,0.00261777004106097,11
2009-05-22,-0.01942795565820024,1.8626963362849414,1,-0.01980049492545723,-0.021290651994485182,-0.023153348330770124,-0.026878741003340006,11
2009-06-22,-0.0415684330693796,1.924846261367778,2,-0.041953402321653156,-0.04349327933074738,-0.04541812559211516,-0.04926781811485071,11
2009-07-21,-0.028459488303958676,1.9973548387311821,2,-0.028858959271704912,-0.030456843142689857,-0.03245419798142104,-0.03644890765888341,11
2009-08-18,0.015036016407005965,1.9112925249508745,1,0.01465375790201579,0.01312472388205509,0.011213431357104215,0.007390846307202466,11
2009-09-16,0.00057550837267985,1.9345803938808483,3,0.00018859229390368038,-0.0013590720212009984,-0.0032936524150818467,-0.007162813202843544,11
2009-10-14,0.020190186856421204,1.8792170721072572,6,0.01981434344199975,0.018310969784313947,0.01643175271220669,0.012673318567992174,11
2009-11-11,-0.019901196753385586,1.77281137926233,1,-0.02025575902923805,-0.021674008132647915,-0.023446819511910244,-0.026992442270434906,11
2009-12-10,-0.014691698057355164,1.8850785779702237,2,-0.015068713772949209,-0.016576776635325387,-0.01846185521329561,-0.022232012369236057,11
2010-01-11,-0.02576895826084018,1.9505022637238094,4,-0.026159058713584944,-0.02771946052456399,-0.0296699627882878,-0.03357096731573542,11
2010-02-09,-0.020870085208887276,1.791390133995749,2,-0.021228363235686425,-0.022661475342883024,-0.024452865476878773,-0.02803564574487027,11
2010-03-10,0.00786306260724917,1.9756887933503435,3,0.007467924848579101,0.005887373813898826,0.003911685020548483,-3.969256615220414e-05,11
2010-04-08,0.02335715210494126,1.907701097556051,5,0.02297561188543005,0.02144945100738521,0.019541749909829157,0.015726347714717055,11
2010-05-06,-0.011818730723778502,1.7986343288429985,2,-0.012178457589547102,-0.0136173650526215,-0.015415999381464499,-0.019013268039150495,11
2010-06-04,-0.004362042943578146,1.8301491847161353,2,-0.004728072780521373,-0.0061921921282942815,-0.008022341313010417,-0.011682639682442687,11
2010-07-02,-0.005483843631235307,1.8094737128482583,5,-0.005845738373804958,-0.007293317344083565,-0.009102791056931823,-0.01272173848262834,11
2010-08-02,0.021897253752475743,1.957719796984581,2,0.021505709793078826,0.01993953395549116,0.01798181415850658,0.01406637456453742,11
2010-08-30,0.01767057581964622,1.831188556925496,3,0.01730433810826112,0.015839387262720724,0.014008198705795227,0.010345821591944235,11
2010-09-28,0.006455151187793085,1.9519534350695762,6,0.00606476050077917,0.004503197752723509,0.0025512443176539325,-0.00135266255248522,11
2010-10-26,-0.001343114992407493,1.8318512394997626,3,-0.0017094852403074456,-0.003174966231907256,-0.005006817471407019,-0.008670519950406543,11
2010-11-23,-0.001384384652980506,1.848655810363449,1,-0.0017541158150531958,-0.0032330404633439547,-0.005081696273707404,-0.008779007894434301,11
2010-12-22,0.007743675585270415,1.9313069092143873,2,0.0073574142034275375,0.005812368676056027,0.00388106176684164,1.8447948412865164e-05,11
2011-01-21,0.04037145137410188,1.8099335124227993,3,0.04000946467161732,0.03856151786167908,0.03675158434925628,0.03313171732441068,11
2011-02-18,0.026267638239365256,1.878151393960593,6,0.025892007960573137,0.024389486845404665,0.02251133545144407,0.018755032663522884,11
2011-03-21,-0.0070588520312318565,1.7556360541114515,0,-0.007409979242054146,-0.008814488085343308,-0.01057012413945476,-0.014081396247677663,11
2011-04-18,0.0072815840119327515,1.8849615204277494,3,0.006904591707847202,0.005396622491505002,0.0035116609710772527,-0.0002582620697782461,11
2011-05-17,-6.01953619826861e-05,1.8579409918041658,7,-0.0004317835603435193,-0.001918136353786852,-0.0037760773455910177,-0.0074919593291993495,11
2011-06-15,-0.005191071143902093,1.8261298630065133,8,-0.0055562971165033954,-0.007017201006908606,-0.008843330869915119,-0.012495590595928146,11
2011-07-14,0.016547183792073396,1.8531710641558021,4,0.016176549579242236,0.014694012727917594,0.012840841663761792,0.009134499535450188,11
2011-08-11,0.020996634359913044,1.7228713523470327,4,0.020652060089443636,0.01927376300756601,0.01755089165521898,0.014105148950524914,11
2011-09-09,0.01214723055009656,1.8282126027968133,4,0.011781588029537198,0.010319017947299747,0.008490805344502934,0.004834380138909307,11
2011-10-07,0.03547338647462721,1.8434855329514572,2,0.035104689368036915,0.03362990094167575,0.031786415408724296,0.02809944434282138,11
2011-11-04,-0.009536039371101975,1.9142652214439841,1,-0.009918892415390772,-0.01145030459254596,-0.013364569813989943,-0.01719310025687791,11
2011-12-05,0.02798176524964494,1.8954655153421298,4,0.027602672146576513,0.02608629973430281,0.024190834218960677,0.02039990318827642,11
2012-01-04,-0.044231916579676976,1.7704950982964263,2,-0.04458601559933626,-0.0460024116779734,-0.04777290677626983,-0.051313896972862684,11
2012-02-02,-0.012006410124799709,1.9524074941596248,4,-0.012396891623631634,-0.013958817618959334,-0.01591122511311896,-0.01981604010143821,11
2012-03-02,0.003309802107009709,1.918506407272645,3,0.00292610082555518,0.001391295699737064,-0.0005272107075355811,-0.004364223522080871,11
2012-03-30,-0.004485000605644614,1.8648756999353517,4,-0.0048579757456316845,-0.006349876305579966,-0.008214752005515318,-0.011944503405386022,11
2012-04-30,0.009514858735886375,1.7840564621653812,3,0.0091580474434533,0.007730802273720994,0.0059467458115556125,0.0023786328872248503,11
2012-05-29,0.002300731951301918,1.8115903929580497,3,0.0019384138727103083,0.0004891415583438685,-0.001322448834614181,-0.00494562962053028,11
2012-06-26,0.014094022333205492,1.822217277456677,4,0.013729578877714158,0.012271805055748815,0.010449587778292139,0.006805153223378785,11
2012-07-25,0.010969678958218852,1.823383220041649,5,0.010605002314210521,0.009146295738177202,0.007322912518135553,0.0036761460780522547,11
2012-08-22,-0.01318253333341878,1.9323735539283564,1,-0.013569008044204451,-0.015114906887347138,-0.017047280441275493,-0.020912027549132205,11
2012-09-20,-0.00964571600535037,1.8422434157620677,5,-0.010014164688502783,-0.011487959421112437,-0.013330202836874505,-0.01701468966839864,11
2012-10-18,-5.0691113966134117e-05,1.811237170453695,1,-0.0004129385480568731,-0.0018619282844198292,-0.003673165454873524,-0.007295639795780915,11
2012-11-19,-0.011749678579458746,1.8994238483097399,2,-0.012129563349120694,-0.013649102427768485,-0.015548526276078226,-0.019347373972697705,11
2012-12-18,0.014437791547514539,1.8931086478509567,4,0.014059169817944348,0.012544682899663583,0.010651574251812625,0.006865356956110712,11
2013-01-17,-0.014443024193024274,1.8405718572145773,3,-0.01481113856446719,-0.016283596050238852,-0.01812416790745343,-0.021805311621882584,11
2013-02-15,0.0075146143525998575,1.9128492318051256,3,0.007132044506238833,0.005601765120794732,0.0036889158889896064,-0.0001367825746206447,11
2013-03-18,-0.013100796013372365,1.8783713748359114,2,-0.013476470288339547,-0.014979167388208276,-0.01685753876304419,-0.02061428151271601,11
2013-04-16,-0.0014778976789578463,1.8291116789540447,2,-0.0018437200147486553,-0.0033070093579118907,-0.005136121036865936,-0.008794344394774025,11
2013-05-14,-0.007880501350867288,1.909676169679211,5,-0.008262436584803131,-0.009790177520546499,-0.01169985369022571,-0.015519206029584133,11
2013-06-12,0.012320058295368431,1.827162614485837,2,0.011954625772471264,0.010492895680882594,0.008665733066396758,0.005011407837425083,11
2013-07-11,0.000821861723045099,1.8979898601121619,3,0.00044226375102266656,-0.001076128137067063,-0.0029741179971792247,-0.006770097717403549,11
2013-08-08,0.020070517704563317,1.919993706867706,1,0.019686518963189775,0.018150523997695612,0.016230530290827903,0.012390542877092493,11
2013-09-06,-0.011958900756472433,1.8874562879856815,5,-0.01233639201406957,-0.013846357044458114,-0.015733813332443797,-0.01950872590841516,11
2013-10-04,-0.0004853308660530681,1.8335682786602387,3,-0.0008520445217851159,-0.002318899144713307,-0.004152467423373545,-0.007819603980694024,11
2013-11-01,-0.005637512129512324,1.8669939068742725,6,-0.006010910910887179,-0.007504506036386597,-0.009371499943260869,-0.013105487757009414,11
2013-12-02,-0.012997438609073358,1.9032174749732147,5,-0.013378082104068,-0.014900656084046572,-0.016803873559019786,-0.020610308508966217,11
2013-12-31,-0.011529092018480873,1.801546688013779,2,-0.011889401356083629,-0.013330638706494652,-0.01513218539450843,-0.01873527877053599,11
2014-01-30,-0.010068545930118359,1.8860684608742613,3,-0.01044575962229321,-0.01195461439099262,-0.013840682851866883,-0.017612819773615403,11
2014-02-28,0.007199086940537814,1.8929412890285107,2,0.006820498682732112,0.005306145651509303,0.0034132043624807923,-0.00037267821557622916,11
2014-03-28,-0.02545230336692937,1.8301082716087358,2,-0.02581832502125112,-0.027282411638538107,-0.029112519910146843,-0.032772736453364315,11
2014-04-28,0.013089208786210123,1.8585482159753202,2,0.012717499143015058,0.011230660570234802,0.009372112354259483,0.005655015922308842,11
2014-05-27,0.0003807535619999807,1.855298503544867,5,9.693861291007282e-06,-0.0014745449415448863,-0.0033298434450897535,-0.007040440452179488,11
2014-06-24,-0.024449727599140013,1.9074508853619758,1,-0.02483121777621241,-0.02635717848450199,-0.028264629369863965,-0.03207953114058792,11
2014-07-23,0.00904157169664361,1.8791127818292834,2,0.008665749140277753,0.007162458914814328,0.005283346132985044,0.001525120569326477,11
2014-08-20,-0.009315137835632458,1.8236434217435111,0,-0.009679866519981161,-0.01113878125737597,-0.012962424679119481,-0.016609711522606502,11
2014-09-18,-0.0030162988806816844,1.8255338770462535,1,-0.003381405656090935,-0.0048418327577279385,-0.006667366634774192,-0.010318434388866699,11
2014-10-16,-0.00759720110546823,1.7361533729161924,1,-0.007944431780051468,-0.009333354478384423,-0.011069507851300616,-0.014541814597133,11
2014-11-13,-0.011317812838254832,1.9429788542280244,3,-0.011706408609100436,-0.013260791692482857,-0.01520377054671088,-0.01908972825516693,11
2014-12-12,0.011263376606831087,1.8550626595751387,5,0.01089236407491606,0.009408313947255949,0.00755325128768081,0.003843125968530532,11
2015-01-13,-0.0009947616730621922,1.7915276242928388,2,-0.00135306719792076,-0.002786289297355031,-0.004577816921647869,-0.008160872170233547,11
2015-02-11,-0.02186966983474962,1.8514036145721884,3,-0.02223995055766406,-0.02372107344932181,-0.025572477063893997,-0.029275284293038377,11
2015-03-12,0.00015823137938607182,1.8576753058097797,2,-0.00021330368177588415,-0.0016994439264237078,-0.0035571192322334877,-0.007272469843853047,11
2015-04-10,0.022930444867907126,1.8931157510665295,7,0.02255182171769382,0.021037329116840597,0.019144213365774067,0.015357981863641007,11
2015-05-08,0.005336111253419162,1.8108926317783158,0,0.004973932727063498,0.0035252186216408457,0.00171432598986253,-0.0019074592736941015,11
2015-06-08,0.01901673390139203,1.8734912137585786,4,0.018642035658640317,0.017143242687633453,0.015269751473874875,0.011522769046357717,11
2015-07-07,-0.012801562202021893,1.815518495168793,1,-0.013164665901055651,-0.014617080697190686,-0.016432599192359478,-0.020063636182697065,11
2015-08-04,-0.007422968140473963,1.8403562083116694,5,-0.007791039382136296,-0.009263324348785632,-0.011103680557097302,-0.01478439297372064,11
2015-09-01,-0.006028415497547947,1.8034814282341831,2,-0.006389111783194784,-0.00783189692578213,-0.009635378354016313,-0.01324234121048468,11
2015-09-30,-0.01427457639803709,1.8252309393438828,5,-0.014639622585905867,-0.01609980733738097,-0.017925038276724856,-0.02157550015541262,11
2015-10-28,0.0018218313594968044,1.942765967033292,5,0.001433278166090146,-0.00012093460753648754,-0.0020637005745697797,-0.0059492325086363635,11
2015-11-25,0.022042714792216825,1.8999591491917631,5,0.02166272296237847,0.020142755643025062,0.0182427964938333,0.014442878195449772,11
2015-12-24,-0.015864896045131742,1.8236101768507023,5,-0.016229618080501884,-0.017688506221982446,-0.019512116398833147,-0.02315933675253455,11
2016-01-26,-0.010547608240433189,1.7664916491915899,4,-0.010900906570271507,-0.012314099889624779,-0.014080591538816368,-0.01761357483719955,11
2016-02-24,-0.011746905328760675,1.9300338843853109,2,-0.012132912105637737,-0.013676939213145986,-0.015606973097531297,-0.019467040866301917,11
2016-03-23,-0.034477085295475225,1.9150004084849181,7,-0.03486008537717221,-0.036392085703960145,-0.038307086112445064,-0.042137086929414896,11
2016-04-21,0.0031169669518242822,1.917253349760616,4,0.002733516281872159,0.0011997136020636663,-0.0007175397476969496,-0.0045520464472181815,11
2016-05-19,-0.029146145819612255,1.772944116670694,3,-0.029500734642946395,-0.03091908993628295,-0.03269203405295364,-0.036237922286295035,11
2016-06-17,-0.0036457480897678788,1.8975880312286313,5,-0.004025265696013605,-0.00554333612099651,-0.007440924152225142,-0.011236100214682404,11
2016-07-18,0.01947226137982217,1.8596784519991945,4,0.019100325689422333,0.017612582927822976,0.01575290447582378,0.012033547571825395,11
2016-08-15,-0.011172361067768113,1.8255257599902694,7,-0.011537466219766167,-0.012997886827758383,-0.014823412587748651,-0.01847446410772919,11
2016-09-13,-0.0008270082270613667,1.8694803825601936,6,-0.0012009043035734054,-0.00269648860962156,-0.0045659689921817535,-0.00830492975730214,11
2016-10-11,0.011420413967729045,1.87075639097564,8,0.011046262689533917,0.009549657576753405,0.007678901185777765,0.003937388403826485,11
2016-11-08,-0.06355197021268745,1.8173815695318014,3,-0.06391544652659381,-0.06536935178221925,-0.06718673335175106,-0.07082149649081465,11
2016-12-07,0.012994992353895828,2.0440659520028706,5,0.012586179163495253,0.010950926401892958,0.008906860449890086,0.004818728545884346,11
2017-01-06,0.01124856723497826,1.8508291225548557,0,0.01087840141046729,0.009397738112423405,0.007546908989868549,0.0038452507447588376,11
2017-02-06,-0.007270209028470841,1.829857434920537,7,-0.007636180515454948,-0.009100066463391378,-0.010929923898311916,-0.014589638768152988,11
2017-03-07,0.009597216164783736,1.8825670064742828,4,0.009220702763488879,0.007714649158309453,0.00583208215183517,0.0020669481388866043,11
2017-04-04,0.016600124339723084,1.857520047848766,5,0.01622862033015333,0.014742604291874318,0.012885084244025551,0.00917004414832802,11
2017-05-03,0.023345871761522724,1.7670295395288298,2,0.02299246585361696,0.021578842221993893,0.019811812682465065,0.016277753603407406,11
2017-06-01,-0.027852195119816976,1.9106845872281,0,-0.028234332037262597,-0.029762879707045074,-0.03167356429427318,-0.035494933468729374,11
2017-06-29,0.0017502261460338106,1.8588727803190233,3,0.001378451589970006,-0.00010864663428521268,-0.001967519414604236,-0.0056852649752422825,11
2017-07-28,0.015252440336237396,1.8459214890387137,1,0.014883256038429653,0.013406518847198682,0.01156059735815997,0.00786875438008254,11
2017-08-25,-0.014534350638840527,1.783149517974439,3,-0.014890980542435414,-0.016317500156814966,-0.018100649674789405,-0.021666948710738283,11
2017-09-25,0.008855807264071567,1.9599785893797164,6,0.008463811546195623,0.006895828674691851,0.004935850085312134,0.0010158929065527018,11
2017-10-23,-0.0060767130539240415,1.8864335338555107,5,-0.006453999760695143,-0.007963146587779552,-0.009849580121635063,-0.013622447189346083,11
2017-11-20,-0.0029543383855581322,1.8440123959683845,0,-0.0033231408647518093,-0.004798350781526517,-0.006642363177494901,-0.01033038796943167,11
2017-12-19,-0.021697402341272178,1.9215425172643497,4,-0.022081710844725048,-0.02361894485853653,-0.025540487375800877,-0.029383572410329576,11
2018-01-19,-0.016513307307943422,1.9119143011023239,1,-0.016895690168163887,-0.018425221609045746,-0.02033713591014807,-0.024160964512352716,11
2018-02-16,-0.012413792985917098,1.8260669332221182,5,-0.012779006372561522,-0.014239859919139217,-0.016065926852361335,-0.01971806071880557,11
2018-03-19,-0.010839748547453147,1.9148005942536426,2,-0.011222708666303875,-0.012754549141706789,-0.014669349735960431,-0.018498950924467718,11
2018-04-17,-0.0011336797924113367,1.888729516960497,2,-0.0015114256958034362,-0.003022409309371834,-0.0049111388263323305,-0.008688597860253324,11
2018-05-15,0.0003213498445576196,1.8568595825191447,2,-5.002207194620934e-05,-0.001535509737961525,-0.00339236932048067,-0.007106088485518959,11
2018-06-13,-0.019242792188699374,1.9352215263627395,5,-0.01962983649397192,-0.021178013715062113,-0.02311323524142485,-0.026983678294150333,11
2018-07-12,0.002218719092039569,1.8734854837440347,4,0.0018440219952907623,0.0003452336082955345,-0.0015282518754485002,-0.005275222842936569,11
2018-08-09,0.00295819282472635,1.8686186240675513,1,0.0025844690999128395,0.0010895742006587984,-0.0007790444234087529,-0.004516281671543856,11
2018-09-07,0.004953600676217571,1.9014458806015766,2,0.004573311500097256,0.0030521547956159946,0.0011507089150144183,-0.002652182846188735,11
2018-10-05,-0.003006230567829664,1.7797958612329587,5,-0.0033621897400762557,-0.004786026429062623,-0.006565822290295582,-0.0101254140127615,11
2018-11-02,-0.002237782697864253,1.7996823862344766,4,-0.0025977191751111487,-0.00403746508409873,-0.005837147470333206,-0.00943651224280216,11
2018-12-03,0.032747459991721295,1.902111656029502,6,0.032367037660515394,0.030845348335691792,0.028943236679662292,0.025139013367603286,11
2019-01-03,-0.020130629582065702,1.6841477028897125,4,-0.020467459122643646,-0.021814777284955414,-0.023498924987845126,-0.026867220393624554,11
2019-02-01,0.019921874624618367,1.9854653157332576,3,0.019524781561471714,0.01793640930888511,0.01595094399315185,0.011980013361685336,11
2019-03-04,0.017797264901195004,1.9551145289285812,2,0.01740624199540929,0.015842150372266422,0.013887035843337843,0.00997680678548068,11
2019-04-01,0.002610885646126773,1.8526872916726134,1,0.00224034818779225,0.0007581983544541597,-0.0010944889372184537,-0.00479986352056368,11
2019-04-30,0.016923609013718963,1.810547723521929,1,0.016561499469014578,0.015113061290197034,0.013302513566675105,0.009681418119631247,11
2019-05-29,0.006909566970352141,1.813699486038862,2,0.006546827073144369,0.005095867484313279,0.0032821679982744175,-0.0003452309738033064,11
2019-06-26,0.005428808183735297,1.8738490192502706,2,0.005054038379885243,0.0035549591644850266,0.001681110145234756,-0.002066587893265785,11
2019-07-25,-0.022685285452869765,1.876156470876558,1,-0.023060516747045078,-0.024561441923746322,-0.026437598394622883,-0.030189911336375996,11
2019-08-22,-0.009659665928835028,1.8497200082197798,3,-0.010029609930478984,-0.011509385937054807,-0.013359105945274587,-0.017058545961714147,11
2019-09-20,-0.007521423356365205,1.9121540192643682,7,-0.007903854160218078,-0.009433577375629573,-0.011345731394893942,-0.015170039433422678,11
2019-10-18,-0.018469732031036173,1.8612234842579165,4,-0.018841976727887757,-0.02033095551529409,-0.022192178999552007,-0.025914625968067838,11
2019-11-15,0.00043476741093072024,1.9058825732647506,2,5.359089627777011e-05,-0.0014711151623340304,-0.0033769977355987807,-0.007188762882128282,11
2019-12-16,0.004036634154651003,1.9074415503199065,8,0.0036551458445870217,0.0021291926043310963,0.00022175105401118968,-0.0035931320466286235,11
2020-01-15,0.028942412781360546,1.8770492276036492,5,0.028567002935839816,0.027065363553756897,0.025188314326153247,0.02143421587094595,11
2020-02-13,0.005461611440628598,1.8322272776492776,2,0.005095165985098743,0.0036293841629793204,0.0017971568853300426,-0.0018672976699685125,11
2020-03-13,-0.050255451626964535,1.5940947571103927,3,-0.050574270578386614,-0.05184954638407493,-0.05344364114118532,-0.056631830655406105,11
2020-04-13,0.02154018674097828,1.8550334757924034,0,0.021169180045819802,0.019685153265185877,0.017830119789393476,0.014120052837808667,11
2020-05-11,0.010726577927796644,1.9259629961498055,0,0.010341385328566682,0.00880061493164684,0.006874651935497033,0.0030227259431974225,11
2020-06-09,-0.13153915742629227,1.9421037266669319,3,-0.13192757817162565,-0.1334812611529592,-0.13542336487962614,-0.13930757233295998,11
2020-07-08,0.01204706358802377,2.019878866789366,1,0.011643087814665897,0.010027184721234404,0.008007305854445038,0.003967548120866306,11
2020-08-05,0.012279959514401709,1.8308263743903075,2,0.011913794239523648,0.010449133140011401,0.008618306765621093,0.004956654016840478,11
2020-09-02,-0.006252746611348424,1.8486153813300439,1,-0.006622469687614433,-0.008101361992678469,-0.009949977374008512,-0.013647208136668601,11
2020-10-01,0.018350482712366018,1.8351224735037022,2,0.01798345821766528,0.016515360238862315,0.014680237765358614,0.01100999281835121,11
2020-10-29,-0.002678214142920476,1.8126367386138844,2,-0.003040741490643253,-0.0044908508815343605,-0.006303487620148245,-0.009928761097376015,11
2020-11-27,0.04203671558755468,2.0271824018960163,4,0.04163127910717548,0.04000953318565866,0.03798235078376265,0.03392798597997061,11
2020-12-28,0.11599243178054075,1.8426544859266383,3,0.11562390088335542,0.11414977729461412,0.11230712280868747,0.1086218138368342,11
2021-01-27,-0.07699827940020097,1.7866058636917228,3,-0.07735560057293932,-0.0787848852638927,-0.08057149112758442,-0.08414470285496786,11
2021-02-25,0.06449489100295354,1.995450394720335,2,0.06409580092400947,0.0624994406082332,0.06050399021351287,0.056513089424072196,11
2021-03-25,0.018373802993400554,1.7562028285467912,6,0.018022562427691197,0.016617600164853762,0.014861397336306972,0.01134899167921339,11
2021-04-23,0.007665254218515439,1.8338621707326714,1,0.007298481784368905,0.005831392047782768,0.003997529877050096,0.0003298055355847535,11
2021-05-21,-0.009208568539293745,1.7934482513287913,3,-0.009567258189559504,-0.011002016790622536,-0.012795465041951328,-0.01638236154460891,11
2021-06-21,0.029394780836116127,1.8412687170889783,2,0.02902652709269833,0.027553512119027148,0.02571224340193817,0.022029705967760212,11
2021-07-20,0.03974730682574244,1.7972541403558686,3,0.03938785599767127,0.03795005268538657,0.03615279854503071,0.032558290264318966,11
2021-08-17,0.017442475162778148,1.81876261227448,5,0.01707872264032325,0.015623712550503668,0.013804949938229187,0.010167424713680227,11
2021-09-15,0.005056584031145221,1.8472333178399043,3,0.00468713736757724,0.003209350713305317,0.0013621173954654125,-0.002332349240214396,11
2021-10-13,0.021498472425428385,1.8569724841710447,1,0.021127077928594175,0.01964149994125734,0.017784527457086294,0.014070582488744206,11
2021-11-10,-0.03296711151091379,1.8993570952479142,2,-0.033346982929963374,-0.0348664686061617,-0.03676582570140962,-0.04056453989190545,11
2021-12-09,0.026000760828015005,1.8604047108487425,3,0.025628679885845256,0.02414035611716626,0.02227995140631752,0.018559141984620036,11
2022-01-07,0.01579555056902014,1.7763157756843013,0,0.015440287413883279,0.014019234793335836,0.012242919017651536,0.008690287466282934,11
2022-02-07,0.03594128946393199,1.7759506217114926,4,0.03558609933958969,0.0341653388422205,0.032389388220509005,0.02883748697708602,11
2022-03-08,-0.03155759633492153,1.7811009459311025,6,-0.03191381652410775,-0.03333869728085263,-0.03511979822678373,-0.038682000118645934,11
2022-04-05,0.009548330542000102,1.9523365883027464,1,0.009157863224339553,0.007595993953697355,0.0056436573653946085,0.0017389841887891161,11
2022-05-04,0.012103536655836446,1.799502447533601,3,0.011743636166329726,0.010304034208302844,0.008504531760769244,0.004905526865702042,11
2022-06-02,-0.016121302289718326,1.76378832714425,2,-0.016474059955147176,-0.017885090616862578,-0.019648878944006826,-0.02317645559829533,11
2022-07-01,0.022549850508566026,1.7862207671526025,3,0.022192606355135504,0.020763629741413422,0.01897740897426082,0.015404967439955616,11
2022-08-01,-0.023438787802335357,1.8515108848148996,5,-0.023809089979298335,-0.025290298687150256,-0.027141809571965155,-0.030844831341594957,11
2022-08-29,0.010243727286888344,1.8423725790906649,1,0.00987525277107021,0.00840135470779768,0.006558982128707014,0.0028742369705256846,11
2022-09-27,0.030715668711405138,1.7428496319156044,6,0.030367098785022018,0.028972819079489533,0.02722996944757393,0.02374427018374272,11
2022-10-25,0.04199156733716635,1.878286864729998,3,0.04161590996422035,0.040113280472436355,0.03823499360770635,0.03447841987824636,11
2022-11-22,-0.014589431127539028,1.8457641967443137,12,-0.01495858396688789,-0.016435195324283343,-0.018280959521027654,-0.02197248791451628,11
2022-12-21,0.02495731198165234,1.8275430782873467,8,0.02459180336599487,0.023129768903364992,0.021302225825077646,0.017647139668502954,11
2023-01-23,0.010851206467137638,1.8889695801339885,0,0.01047341255111084,0.00896223688700365,0.007073267306869661,0.003295328146601684,11
2023-02-21,0.041419216425679244,1.8220616003925199,6,0.04105480410560074,0.03959715482528672,0.0377750932248942,0.03413097002410916,11
2023-03-21,0.01438814604396344,1.7982643637256077,2,0.014028493171218319,0.012589881680237832,0.010791617316512224,0.007195088589061009,11
2023-04-19,-0.02731054084000187,1.8867558121787507,5,-0.02768789200243762,-0.029197296652180623,-0.03108405246435937,-0.034857564088716875,11
2023-05-17,-0.024158479163229368,1.840723511804051,3,-0.024526623865590177,-0.025999202675033417,-0.02783992618683747,-0.03152137321044557,11
2023-06-15,0.006736608520750146,1.950520080292589,3,0.006346504504691628,0.004786088440457557,0.002835568360164968,-0.0010654718004202103,11
2023-07-17,0.0008101961063505607,1.857099520055956,2,0.00043877620233936953,-0.001046903413705395,-0.002904002933761351,-0.006618201973873262,11
2023-08-14,0.010152223891000286,1.8625809928087615,2,0.009779707692438534,0.008289642898191524,0.006427061905382763,0.0027018999197652395,11
2023-09-12,0.023791395530008336,1.8627234547531788,3,0.0234188508390577,0.021928672075255156,0.020065948620501976,0.01634050171099562,11
2023-10-10,-0.0009809417272462289,1.7621527997964466,3,-0.0013333722872055183,-0.0027430945270426757,-0.004505247326839122,-0.008029552926432015,11
2023-11-07,-0.01621507567300696,1.8253830620466913,4,-0.0165801522854163,-0.018040458735053652,-0.019865841797100346,-0.023516607921193727,11
2006-01-23,-0.000559749069498527,0.9999999999999988,6,-0.0007597490694985267,-0.0015597490694985257,-0.002559749069498524,-0.004559749069498522,12
2006-02-21,-0.0037190397931025224,1.8718400313663304,4,-0.004093407799375788,-0.0055908798244688526,-0.007462719855835184,-0.011206399918567844,12
2006-03-21,-0.006322210022604181,1.862017764977616,7,-0.006694613575599704,-0.008184227787581797,-0.010046245552559414,-0.013770281082514645,12
2006-04-19,0.014456345687087957,1.9629464957097809,3,0.014063756387946,0.012493399191378176,0.010530452695668394,0.006604559704248832,12
2006-05-17,-0.006855418428640608,1.779029057865284,3,-0.0072112242402136645,-0.008634447486505891,-0.010413476544371176,-0.013971534660101745,12
2006-06-15,0.0166044942633563,1.801782701001991,1,0.016244137723155902,0.014802711562354309,0.013000928861352318,0.009397363459348336,12
2006-07-14,-0.003206612184901902,1.7871284344857432,2,-0.003564037871799051,-0.004993740619387645,-0.0067808690538733885,-0.010355125922844875,12
2006-08-11,-0.0030374729527250922,1.8319273285205597,3,-0.003403858418429204,-0.004869400281245652,-0.0067013276097662115,-0.010365182266807332,12
2006-09-11,-0.012658284502786143,1.896900230533119,3,-0.013037664548892767,-0.014555184733319262,-0.016452084963852382,-0.02024588542491862,12
2006-10-09,-0.024057310705345482,1.8786831907128414,5,-0.02443304734348805,-0.025935993896058322,-0.027814677086771166,-0.03157204346819685,12
2006-11-06,-0.016516245311864092,1.8878900076150718,3,-0.016893823313387107,-0.018404135319479164,-0.020292025327094235,-0.02406780534232438,12
2006-12-05,-0.0010331095944546816,1.9083294211575705,5,-0.0014147754786861958,-0.0029414390156122525,-0.0048497684367698225,-0.008666427279084964,12
2007-01-05,-0.001147455820693549,1.7928150188037653,12,-0.0015060188244543022,-0.0029402708394973146,-0.004733085858301079,-0.00831871589590861,12
2007-02-05,-0.007257096989037941,1.9048404755874284,4,-0.007638065084155427,-0.00916193746462537,-0.011066777940212798,-0.014876458891387655,12
2007-03-06,0.011646838496005086,1.794457956468013,8,0.011287946904711483,0.009852380539537072,0.00805792258306906,0.0044690066701330335,12
2007-04-03,0.0024567355088428253,1.8732227040413927,7,0.0020820909680345466,0.0005835128048014325,-0.0012897098992399603,-0.005036155307322746,12
2007-05-02,-0.0028245292440648817,1.8319558444595954,5,-0.0031909204129568006,-0.004656485088524477,-0.006488440932984073,-0.010152352621903263,12
2007-05-31,0.005378984202813301,1.8453271309765538,7,0.00500991877661799,0.003533657071836747,0.0016883299408601933,-0.002002324321092914,12
2007-06-28,0.010292897188301313,1.771153326415213,6,0.00993866652301827,0.008521743861886099,0.006750590535470886,0.00320828388264046,12
2007-07-27,-0.002275601950764787,1.7913623387565736,6,-0.002633874418516102,-0.004066964289521361,-0.0058583266282779345,-0.009441051305791082,12
2007-08-24,0.014866634535222894,1.8147896032194624,9,0.014503676614579,0.013051844932003431,0.011237055328783968,0.007607476122345044,12
2007-09-24,-0.0033862228594654007,1.8128305965798874,8,-0.0037487889787813783,-0.005199053456045289,-0.007011884052625176,-0.010637545245784951,12
2007-10-22,-0.013548699652304333,1.7665848235534267,10,-0.013902016617015019,-0.01531528447585776,-0.017081869299411186,-0.02061503894651804,12
2007-11-19,0.0232854581506601,1.7474343566292303,5,0.022935971279334257,0.021538023794030872,0.01979058943740164,0.01629572072414318,12
2007-12-18,0.0001956679841192807,1.829770002148605,5,-0.00017028601631044032,-0.0016341020180293243,-0.0034638720201779294,-0.007123412024475139,12
2008-01-17,0.023099929971897352,1.737858494328989,3,0.022752358273031556,0.021362071477568363,0.019624212983239374,0.016148495994581395,12
2008-02-15,0.0037467426888745455,1.8808392363007789,6,0.0033705748416143896,0.0018659034525737666,-1.4935783727012316e-05,-0.00377661425632857,12
2008-03-17,-0.008212412068790588,1.7891264195146184,2,-0.008570237352693511,-0.010001538488305206,-0.011790664907819826,-0.015368917746849061,12
2008-04-15,-0.004047407008098852,1.8807601266138596,1,-0.004423559033421624,-0.005928167134712711,-0.007808927261326571,-0.011570447514554289,12
2008-05-13,0.031289353271668104,1.9159888636101499,7,0.030906155498946073,0.029373364408057955,0.027457375544447805,0.023625397817227504,12
2008-06-11,-0.03348188749939691,1.8171849176756099,3,-0.03384532448293203,-0.035299072417072516,-0.037116257334748125,-0.04075062717009935,12
2008-07-10,-0.019743243040971904,1.7851797580540807,5,-0.02010027899258272,-0.021528422799025983,-0.023313602557080065,-0.026883962073188227,12
2008-08-07,-0.009501703837958269,1.8793869519602862,4,-0.009877581228350326,-0.011381090789918556,-0.013260477741878841,-0.017019251645799413,12
2008-09-05,-0.037084925937937496,1.8736986061327936,1,-0.03745966565916405,-0.03895862454407029,-0.04083232315020308,-0.04457972036246867,12
2008-10-03,0.017675169583740838,1.7072903834684867,2,0.017333711507047142,0.01596787920027235,0.014260588816803865,0.01084600804986689,12
2008-10-31,0.04162242034025516,1.702753126640338,3,0.04128186971492709,0.03991966721361482,0.03821691408697448,0.034811407833693804,12
2008-12-01,0.021727883484411886,1.6557573644798416,1,0.02139673201151592,0.020072126119932043,0.018416368755452203,0.01510485402649252,12
2008-12-30,0.03825225838743278,1.976698173822562,3,0.037856918752668264,0.03627556021361022,0.03429886203978765,0.03034546569214253,12
2009-01-29,0.008169796216783622,1.7840692865265002,3,0.007812982359478322,0.006385726930257122,0.004601657643730621,0.001033519070677621,12
2009-02-27,-0.06589383937240488,1.709790407198625,1,-0.0662357974538446,-0.0676036297796035,-0.06931342018680213,-0.07273300100119938,12
2009-03-27,0.005895481967764371,2.0715265857077827,2,0.005481176650622815,0.0038239553820565886,0.0017524287963488058,-0.00239062437506676,12
2009-04-27,0.01349005607854702,1.903466041177234,0,0.013109362870311572,0.011586590037369785,0.009683123996192552,0.0058761919138380836,12
2009-05-26,-0.006882549359859609,1.9323693078149595,1,-0.007269023221422601,-0.008814918667674568,-0.010747287975489527,-0.014612026591119447,12
2009-06-23,0.019847267545552914,1.8640708895039972,1,0.019474453367652113,0.017983196656048916,0.01611912576654492,0.012390983987536925,12
2009-07-22,-0.027238398830713637,1.9219082891684962,2,-0.027622780488547338,-0.029160307119882132,-0.03108221540905063,-0.03492603198738762,12
2009-08-19,-0.025497168016202623,1.9766661585955057,1,-0.025892501247921723,-0.02747383417479813,-0.029450500333393637,-0.03340383265058465,12
2009-09-17,-0.007010130033226494,2.0201987482904213,3,-0.007414169782884578,-0.009030328781516916,-0.011050527529807338,-0.01509092502638818,12
2009-10-15,0.010474387135867649,1.86852411956803,8,0.010100682311954042,0.008605863016299618,0.006737338896731589,0.0030002906575955285,12
2009-11-12,-0.009274627858787621,1.8138163784001797,2,-0.009637391134467658,-0.011088444237187802,-0.01290226061558798,-0.01652989337238834,12
2009-12-11,-0.0029775401175483906,1.888556663896898,2,-0.0033552514503277704,-0.004866096781445289,-0.006754653445342186,-0.010531766773135982,12
2010-01-12,-0.014962025252889914,1.9142662039840845,3,-0.015344878493686731,-0.016876291456874,-0.018790557660858083,-0.02261909006882625,12
2010-02-10,-0.025929282661283273,1.8349641553697138,2,-0.026296275492357215,-0.027764246816652988,-0.0295992109720227,-0.03326913928276213,12
2010-03-11,0.00678236263317232,2.02266023046407,2,0.006377830587079506,0.00475970240270825,0.00273704217224418,-0.00130827828868396,12
2010-04-09,0.005146671428505575,1.8534826803012423,3,0.0047759748924453265,0.0032931887482043325,0.0014397060679030905,-0.002267259292699394,12
2010-05-07,0.0022603368193429268,1.7441906425294567,3,0.0019114986908370353,0.00051614617681347,-0.0012280444657159868,-0.0047164257507749,12
2010-06-07,-0.011981914080047408,1.8046980157072774,3,-0.012342853683188864,-0.013786612095754686,-0.015591310111461962,-0.019200706142876518,12
2010-07-06,-0.008662728620941798,1.7386102091113198,6,-0.009010450662764062,-0.010401338830053118,-0.012139949039164438,-0.015617169457387076,12
2010-08-03,0.01186852309592755,1.9512934735520637,3,0.011478264401217136,0.009917229622375486,0.007965936148823422,0.004063349201719294,12
2010-08-31,-0.003388026630288141,1.8095156065226548,2,-0.0037499297515926717,-0.005197542236810796,-0.0070070578433334505,-0.010626089056378761,12
2010-09-29,0.011132086310825228,1.9134875359927495,5,0.010749388803626678,0.009218598774832477,0.007305111238839729,0.00347813616685423,12
2010-10-27,0.004456089952668831,1.8665207618466124,4,0.004082785800299508,0.002589569190822218,0.0007230484289756059,-0.003009993094717619,12
2010-11-24,-0.005316723685929436,1.8900788821294079,2,-0.005694739462355318,-0.007206802568058844,-0.009096881450188252,-0.012877039214447068,12
2010-12-23,-0.008107308260076523,1.9184785849348551,1,-0.008491003977063495,-0.010025786845011379,-0.011944265429946234,-0.015781222599815944,12
2011-01-24,-0.004790243726226394,1.8324111341712421,2,-0.005156725953060642,-0.0066226548603976355,-0.008455065994568878,-0.012119888262911362,12
2011-02-22,0.015463577942583517,1.878338824225271,6,0.015087910177738462,0.013585239118358246,0.011706900294132976,0.007950222645682434,12
2011-03-22,0.007579304357848912,1.8408486711388645,4,0.007211134623621139,0.005738455686710048,0.003897607015571183,0.00021590967329345422,12
2011-04-19,-0.005920207759259065,1.8527699307163923,4,-0.006290761745402343,-0.007772977689975457,-0.009625747620691849,-0.013331287482124634,12
2011-05-18,-0.003161692613266581,1.8776864519430538,8,-0.0035372299036551917,-0.005039379065209635,-0.006917065517152689,-0.010672438421038797,12
2011-06-16,-0.03571309119654152,1.8213452271683022,6,-0.03607736024197518,-0.03753443642370982,-0.03935578165087813,-0.04299847210521473,12
2011-07-15,-0.0010661501257959406,1.8773218050887523,1,-0.001441614486813691,-0.0029434719308846927,-0.004820793735973446,-0.00857543734615095,12
2011-08-12,0.028688126961093307,1.690007297092095,4,0.02835012550167489,0.026998119664001213,0.02530811236690912,0.021928097772724926,12
2011-09-12,0.01464551193743112,1.7795706001756557,4,0.014289597817395989,0.012865941337255465,0.011086370737079809,0.0075272295367284974,12
2011-10-10,0.03922251361744984,1.8064383212795865,1,0.038861225953193926,0.037416075296170255,0.03560963697489067,0.031996760332331495,12
2011-11-07,-0.00010261227152958546,1.9114243098988142,2,-0.0004848971335093483,-0.0020140365814283996,-0.003925460891327214,-0.007748309511124842,12
2011-12-06,0.006989569171250631,1.880927496957315,3,0.006613383671859168,0.005108641674293316,0.003227714177336001,-0.0005341408165786292,12
2012-01-05,0.008325108810408183,1.809270909904488,4,0.007963254628427285,0.006515837900503695,0.004706566990599207,0.0010880251707902312,12
2012-02-03,0.00347803344879229,1.939403264839937,4,0.0030901527958243024,0.0015386301839523527,-0.0004007730808875845,-0.004279579610567459,12
2012-03-05,0.007623097764516586,1.8665871301993084,2,0.007249780338476724,0.005756510634317278,0.003889923504117969,0.0001567492437193523,12
2012-04-02,0.006800335047916005,1.862651375809116,3,0.0064278047727541815,0.004937683672106888,0.0030750322962977725,-0.0006502704553204598,12
2012-05-01,0.0022881498312190916,1.7692062664432966,3,0.0019343085779304323,0.0005189435647757949,-0.0012502627016675017,-0.004788675234554095,12
2012-05-30,-0.01632975307474263,1.7914051419415216,3,-0.016688034103130935,-0.01812115821668415,-0.019912563358625675,-0.023495373642508716,12
2012-06-27,-0.0022790449227776707,1.864920995575751,4,-0.002652029121892821,-0.004143965918353422,-0.006008886913929173,-0.009738728905080676,12
2012-07-26,0.013527052936120675,1.843171404339508,2,0.013158418655252774,0.011683881531781168,0.009840710127441659,0.006154367318762643,12
2012-08-23,-0.011729362979991324,1.7952714344521745,0,-0.012088417266881759,-0.0135246344144435,-0.015319905848895674,-0.018910448717800024,12
2012-09-21,0.01305563381471611,1.9004240081236536,5,0.012675549013091378,0.011155209806592455,0.009254785798468803,0.005453937782221495,12
2012-10-19,-0.007568941195739085,1.8166966066057948,2,-0.007932280517060243,-0.00938563780234488,-0.011202334408950675,-0.014835727622162264,12
2012-11-20,-0.005095036572646201,1.865901975601554,4,-0.005468216967766512,-0.006960938548247755,-0.00882684052384931,-0.012558644475052418,12
2012-12-19,0.012196084018161382,1.910976775683376,4,0.011813888663024706,0.010285107242478005,0.00837413046679463,0.004552176915427877,12
2013-01-18,-0.004851129638736074,1.9019354340358428,4,-0.005231516725543242,-0.006753065072771916,-0.008655000506807758,-0.012458871374879445,12
2013-02-19,0.01371379577316161,1.895351726573364,2,0.013334725427846937,0.011818444046588246,0.009923092320014882,0.006132388866868154,12
2013-03-19,-0.02559331075066355,1.8564504892357752,5,-0.025964600848510704,-0.027449761239899326,-0.029306211729135098,-0.03301911270760665,12
2013-04-17,-0.028075131945617046,1.8767634487179132,1,-0.02845048463536063,-0.02995189539433496,-0.03182865884305287,-0.0355821857404887,12
2013-05-15,-0.006607275676294387,1.9915309255691664,3,-0.00700558186140822,-0.008598806601863553,-0.01059033752743272,-0.014573399378571054,12
2013-06-13,-0.014533715913364038,1.868777615982555,3,-0.014907471436560548,-0.01640249352934659,-0.01827127114532915,-0.02200882637729426,12
2013-07-12,0.0037550833264698713,1.91562059601483,2,0.0033719592072669054,0.0018394627304550413,-7.615786555978865e-05,-0.003907399057589449,12
2013-08-09,0.0009900166588688746,1.851953322570845,1,0.0006196259943547056,-0.0008619366637019705,-0.0027138899862728157,-0.006417796631414506,12
2013-09-09,-0.020993357335836373,1.8934847594522684,8,-0.021372054287726826,-0.022886842095288643,-0.02478032685474091,-0.028567296373645447,12
2013-10-07,0.008500483065258232,1.8894804067788642,4,0.008122586983902459,0.006611002658479368,0.004721522251700504,0.0009425614381427753,12
2013-11-04,-0.015920879971567763,1.8962998602393193,3,-0.016300139943615625,-0.01781717983180708,-0.019713479692046402,-0.02350607941252504,12
2013-12-03,-0.013319901305497527,1.9150025728259883,6,-0.013702901820062724,-0.015234903878323516,-0.017149906451149503,-0.02097991159680148,12
2014-01-02,0.0016694099302978502,1.8507861250200837,3,0.0012992527052938334,-0.00018137619472223358,-0.0020321623197423174,-0.005733734569782485,12
2014-01-31,0.007064068024102383,1.821745686373556,3,0.0066997188868276715,0.005242322337728827,0.003420576651355271,-0.00022291472139184063,12
2014-03-03,-0.010667875725007636,1.8888094937466833,2,-0.011045637623756972,-0.012556685218754318,-0.014445494712501002,-0.018223113699994367,12
2014-03-31,0.0038980477226543495,1.8434629997131917,1,0.003529355122711711,0.002054584722941158,0.0002111217232279661,-0.0034758042761984173,12
2014-04-29,0.026310645744423534,1.825275258452232,3,0.025945590692733087,0.0244853704859713,0.02266009522751907,0.019009544710614605,12
2014-05-28,-0.004704114200957589,1.870672823694547,4,-0.005078248765696498,-0.006574787024652136,-0.008445459848346683,-0.012186805495735777,12
2014-06-25,-0.009085678883582382,1.9292413176697492,4,-0.009471527147116332,-0.011014920201252132,-0.01294416151892188,-0.01680264415426138,12
2014-07-24,-0.0007811508178178725,1.8141637579899454,2,-0.0011439835694158616,-0.002595314575807818,-0.004409478333797763,-0.008037805849777655,12
2014-08-21,-1.6486125544176418e-05,1.8557292497351239,3,-0.0003876319754912012,-0.0018722153752793002,-0.0037279446250144243,-0.0074394031244846715,12
2014-09-19,-0.02199353323784071,1.857765423813968,1,-0.022365086322603506,-0.02385129866165468,-0.025709064085468646,-0.029424594933096584,12
2014-10-17,-0.003159523214037,1.851576930699203,2,-0.0035298386001768405,-0.005011100144736203,-0.0068626770754354055,-0.010565830936833812,12
2014-11-14,-0.021672938186903037,1.958248429195826,2,-0.0220645878727422,-0.023631186616098865,-0.02558943504529469,-0.02950593190368634,12
2014-12-15,0.017068937087798698,1.8336252910309376,2,0.01670221202959251,0.01523531179676776,0.013401686505736823,0.009734435923674949,12
2015-01-14,0.005465787229363332,1.8210475802555557,1,0.00510157771331222,0.0036447396491077763,0.0018236920688522204,-0.001818403091658891,12
2015-02-12,-0.006297612274757704,1.939406488779171,2,-0.006685493572513538,-0.008237018763536875,-0.010176425252316046,-0.014055238229874388,12
2015-03-13,0.009177730942914733,1.8883733102428295,4,0.008800056280866166,0.007289357632671903,0.005400984322429074,0.0016242377019434146,12
2015-04-13,0.018090868100791913,1.910790970946439,3,0.017708709906602626,0.016180077129845472,0.014269286158899035,0.010447704217006156,12
2015-05-11,-0.0035426115451205166,1.7898353528516655,3,-0.00390057861569085,-0.005332446897972182,-0.0071222822508238475,-0.010701952956527178,12
2015-06-09,0.011518073800368175,1.901952321221235,3,0.011137683336123928,0.00961612147914694,0.0077141691579257045,0.003910264515483234,12
2015-07-08,-0.043872057798786335,1.808125338078046,2,-0.04423368286640195,-0.04568018313686438,-0.047488308474942426,-0.051104559151098516,12
2015-08-05,-0.006597087440974229,1.8812591691362968,5,-0.006973339274801488,-0.008478346610110526,-0.010359605779246822,-0.014122124117519418,12
2015-09-02,0.025971317952136107,1.8412162729714043,4,0.025603074697541826,0.0241301016791647,0.0222888854061933,0.01860645286025049,12
2015-10-01,-0.004429207560793737,1.7597756982652275,3,-0.004781162700446782,-0.006188983259058965,-0.007948758957324192,-0.011468310353854648,12
2015-10-29,-0.016783387351492554,1.8937491327394358,3,-0.01716213717804044,-0.018677136484231992,-0.020570885616971426,-0.024358383882450298,12
2015-11-27,0.0016673091910183757,1.9248063773038433,6,0.001282347915557607,-0.0002574971862854677,-0.002182303563589311,-0.006031916318196998,12
2015-12-28,-0.034169299519886474,1.8489198742031119,2,-0.0345390834947271,-0.036018219394089585,-0.0378671392682927,-0.04156497901669892,12
2016-01-27,-0.00358053023115183,1.7062385381895915,5,-0.003921777938789749,-0.005286768769341421,-0.0069930073075310135,-0.010405484383910197,12
2016-02-25,0.004452634312480596,1.890202832488387,6,0.004074593745982918,0.0025624314799922087,0.0006722286475038214,-0.003108177017472953,12
2016-03-24,-0.008909017868099762,1.8963417565159748,5,-0.009288286219402957,-0.010805359624615736,-0.012701701381131712,-0.01649438489416366,12
2016-04-22,0.00678335868762366,1.9333522495948032,6,0.006396688237704699,0.004850006438028857,0.0029166541884340534,-0.0009500503107555533,12
2016-05-20,-0.012286117920269093,1.838522021484181,3,-0.012653822324565928,-0.014124639941753274,-0.015963161963237455,-0.019640206006205817,12
2016-06-20,0.007274248234904039,1.9352712549975946,4,0.006887193983904519,0.005338976979906444,0.0034037057249088495,-0.0004668367850863397,12
2016-07-19,-0.002177126591260852,1.9147989745038363,6,-0.0025600863861616192,-0.004091925565764688,-0.006006724540268524,-0.009836322489276197,12
2016-08-16,-0.0079990219948508,1.8728171508412828,7,-0.008373585425019056,-0.009871839145692082,-0.011744656296533365,-0.01549029059821593,12
2016-09-14,0.006933547470535982,1.8780804955184842,4,0.006557931371432285,0.005055466975017497,0.0031773864794990133,-0.000578774511537955,12
2016-10-12,0.035862871713617094,1.8099643248569879,7,0.035500878848645695,0.03405290738876011,0.032242943063903115,0.028623014414189143,12
2016-11-09,-0.030109808904830258,1.7804893862407056,2,-0.0304659067820784,-0.03189029829107096,-0.03367078767731167,-0.03723176644979308,12
2016-12-08,0.013304992737307886,1.9735610934237076,5,0.012910280518623144,0.011331431643884178,0.009357870550460471,0.005410748363613056,12
2017-01-09,0.01572487111478471,1.8540996622391586,2,0.015354051182336879,0.013870771452545552,0.012016671790306393,0.008308472465828077,12
2017-02-07,-0.008133055699622816,1.8387520633189607,4,-0.008500806112286608,-0.009971807762941777,-0.011810559826260739,-0.015488063952898659,12
2017-03-08,-0.00882413208342116,1.8969173567199757,2,-0.009203515554765156,-0.010721049440141137,-0.012617966796861113,-0.016411801510301062,12
2017-04-05,0.0010130236407879703,1.883373030368634,3,0.0006363490347142434,-0.0008703493895806638,-0.0027537224199492977,-0.006520468480686566,12
2017-05-04,0.017982922730567924,1.8432178173379008,5,0.017614279167100344,0.016139704913230024,0.014296487095892122,0.010610051461216321,12
2017-06-02,-0.015099267604875783,1.8860834532380049,2,-0.015476484295523384,-0.016985351058113787,-0.018871434511351794,-0.022643601417827803,12
2017-06-30,0.0007533468763772893,1.8216744713582886,5,0.00038901198210563155,-0.0010683275949809994,-0.0028900020663392883,-0.006533351009055865,12
2017-07-31,0.0024039375291013084,1.8437171297209936,2,0.0020351941031571097,0.0005602203993803148,-0.0012834967303406788,-0.004970930989782666,12
2017-08-28,0.023331823824204706,1.8513407217625086,1,0.022961555679852204,0.0214804831024422,0.019629142380679688,0.01592646093715467,12
2017-09-26,-0.002867997564773433,1.9383195851982702,7,-0.0032556614818130872,-0.0048063171499717035,-0.0067446367351699735,-0.010621275905566514,12
2017-10-24,-0.0034723128203889508,1.8068111736448835,4,-0.0038336750551179275,-0.0052791239940338346,-0.007085935167678718,-0.010699557514968485,12
2017-11-21,0.014991503754467773,1.8864604699254066,2,0.014614211660482691,0.013105043284542366,0.011218582814616958,0.007445661874766146,12
2017-12-20,-0.012087465614555946,1.8833560153802096,2,-0.012464136817631989,-0.013970821629936157,-0.015854177645316367,-0.019620889676076784,12
2018-01-22,0.014047879439143998,1.8981718676164716,2,0.013668245065620704,0.012149707571527526,0.010251535703911055,0.0064551919686781116,12
2018-02-20,-0.02081120487828454,1.8353901832908304,7,-0.021178282914942705,-0.02264659506157537,-0.024481985244866198,-0.02815276561144786,12
2018-03-20,-0.005471361119328707,1.9137264377719128,1,-0.005854106406883089,-0.007385087557100619,-0.009298813994872533,-0.013126266870416358,12
2018-04-18,0.0016972164211477667,1.88767528322529,2,0.0013196813645027087,-0.00019045886207752342,-0.0020781341453028138,-0.005853484711753394,12
2018-05-16,-0.009480585649903837,1.8577689716169323,4,-0.009852139444227224,-0.011338354621520769,-0.013196123593137703,-0.016911661536371567,12
2018-06-14,-0.006671221698023587,1.8867923794036814,4,-0.007048580173904323,-0.008558014077427269,-0.010444806456830949,-0.014218391215638313,12
2018-07-13,0.019162906508853814,1.8574082979883586,2,0.018791424849256142,0.017305498210865456,0.015448089912877097,0.01173327331690038,12
2018-08-10,-0.0033532720075883553,1.843572316967722,4,-0.0037219864709819,-0.005196844324556077,-0.0070404166415238,-0.010727561275459244,12
2018-09-10,-0.017887474371397,1.9169114681804507,1,-0.01827085666503309,-0.01980438583957745,-0.021721297307757903,-0.025555120244118802,12
2018-10-08,0.008136317603350887,1.829751560228399,6,0.007770367291305208,0.006306566043122488,0.004476814482894089,0.0008173113624372914,12
2018-11-05,0.03644505667204467,1.7027008586550472,5,0.03610451650031366,0.03474235581338963,0.03303965495473458,0.029634253237424486,12
2018-12-04,0.011779520407773483,1.8106966805930405,5,0.011417381071654875,0.009968823727180443,0.008158127046587402,0.004536733685401321,12
2019-01-04,0.023727698162428125,1.7205913648708255,3,0.02338357988945396,0.0220071067975573,0.020286515432686475,0.01684533270294482,12
2019-02-04,-0.012323215425929217,1.8936406341508614,3,-0.01270194355275939,-0.01421685606008008,-0.01611049669423094,-0.019897777962532663,12
2019-03-05,0.028777025584941,1.881758142909918,4,0.028400673956359018,0.026895267442031082,0.025013509299121165,0.021249993013301327,12
2019-04-02,0.00405844285907773,1.8579730251640267,1,0.0036868482540449244,0.002200469833913703,0.00034249680874967603,-0.0033734492415783777,12
2019-05-01,0.021023546680970905,1.8244308304278212,1,0.02065866051488534,0.019199115850543083,0.017374685020115264,0.01372582335925962,12
2019-05-30,-0.005294955072122931,1.7430928795107437,2,-0.0056435736480250805,-0.007038047951633675,-0.008781140831144419,-0.012267326590165906,12
2019-06-27,0.015284106117501117,1.858313702781847,2,0.014912443376944747,0.01342579241471927,0.011567478711937423,0.007850851306373727,12
2019-07-26,0.0035602093700985863,1.9206201716538995,5,0.0031760853357678063,0.0016395891984446868,-0.0002810309732092127,-0.004122271316517012,12
2019-08-23,0.001437757633489661,1.7551612677000181,1,0.0010867253799496572,-0.00031740363421035715,-0.002072564901910375,-0.005582887437310412,12
2019-09-23,-0.0002429555777166397,1.9502605220826548,4,-0.0006330076821331707,-0.0021932160997992943,-0.004143476621881949,-0.00804399766604726,12
2019-10-21,0.005559884110396457,1.8726493860011457,3,0.005185354233196228,0.0036872347243953113,0.0018145853383941652,-0.0019307134336081265,12
2019-11-18,-0.007851564742937243,1.8990498525402335,2,-0.00823137471344529,-0.009750614595477478,-0.01164966444801771,-0.015447764153098177,12
2019-12-17,-0.00030884919240797793,1.9362337266596865,4,-0.0006960959377399153,-0.0022450829190676647,-0.004181316645727351,-0.008053784099046724,12
2020-01-16,0.030403382271614158,1.9427582776395378,4,0.03001483061608625,0.02846062399397462,0.026517865716335083,0.022632349161056005,12
2020-02-14,-0.004624866891224103,1.8384178767578332,3,-0.00499255046657567,-0.006463284767981936,-0.00830170264473977,-0.011978538398255436,12
2020-03-16,-0.03989329313877852,1.5159897258837767,4,-0.040196491083955274,-0.0414092828646623,-0.04292527259054607,-0.04595725204231363,12
2020-04-14,0.027049867438910864,2.077037286431516,1,0.026634459981624562,0.02497283015247935,0.022895792866047832,0.0187417182931848,12
2020-05-12,-0.04691550098855276,1.900913424421479,2,-0.047295683673437054,-0.04881641441297424,-0.050717327837395715,-0.05451915468623868,12
2020-06-10,-0.08569365343664784,2.0934720352588707,3,-0.08611234784369962,-0.0877871254719067,-0.08988059750716558,-0.09406754157768332,12
2020-07-09,0.008721066432246138,1.911554682821563,2,0.008338755495681825,0.006809511749424574,0.004897957066603011,0.001074847700959885,12
2020-08-06,0.017866781116744092,1.945742963933532,2,0.017477632523957384,0.01592103815281056,0.013975295188877027,0.010083809261009963,12
2020-09-03,-0.019584515321163492,1.8518886503582683,2,-0.019954893051235146,-0.02143640397152176,-0.02328829262188003,-0.026992069922596566,12
2020-10-02,0.03363192469261907,1.8699111360921628,5,0.03325794246540063,0.03176201355652691,0.02989210242043474,0.026152280148250415,12
2020-10-30,-0.038955413881193134,1.7835753329335062,2,-0.039312128947779836,-0.040738989214126636,-0.042522564547060146,-0.04608971521292716,12
2020-11-30,0.05155625184349247,2.1076325813128274,4,0.0511347253272299,0.04944861926217964,0.047340986680866816,0.04312572151824116,12
2020-12-29,0.08781562817475527,1.828564475504348,4,0.0874499152796544,0.08598706369925092,0.08415849922374657,0.08050137027273788,12
2021-01-28,-0.03636692223330233,1.8284679151220087,1,-0.03673261581632673,-0.03819539014842434,-0.04002385806354635,-0.043680793893790364,12
2021-02-26,0.05196002190103092,1.886527238109059,0,0.05158271645340911,0.05007349466292186,0.0481869674248128,0.04441391294859468,12
2021-03-26,0.010513927992779469,1.7816617171568234,7,0.010157595649348105,0.008732266275622645,0.006950604558465822,0.0033872811241521753,12
2021-04-26,0.029587843498596528,1.8897451423573763,0,0.029209894470125054,0.02769809835623915,0.025808353213881776,0.022028862929167024,12
2021-05-24,-0.01677358518980278,1.8064882274866112,2,-0.017134882835300104,-0.018580073417289393,-0.020386561644776004,-0.023999538099749227,12
2021-06-22,0.02616878980376913,1.8196971039515666,5,0.025804850382978816,0.02434909269981756,0.022529395595865996,0.018890001387962863,12
2021-07-21,0.06051523554135658,1.7250950353430632,1,0.06017021653428797,0.058790140506013513,0.05706504547067045,0.053614855399984326,12
2021-08-18,-0.012041795937477444,1.752721679131882,7,-0.01239234027330382,-0.013794517616609325,-0.015547239295741208,-0.019052682654004973,12
2021-09-16,0.03650043382267906,1.8798577609898195,4,0.0361244622704811,0.034620576061689244,0.032740718300699426,0.028981002778719785,12
2021-10-14,-0.013371659274401723,1.8220093990200434,2,-0.013736061154205732,-0.015193668673421767,-0.01701567807244181,-0.020659696870481897,12
2021-11-11,-0.03212161818720517,1.9282769615417938,4,-0.03250727357951353,-0.03404989514874697,-0.03597817211028876,-0.03983472603337235,12
2021-12-10,0.025389910134292697,1.83790249565365,2,0.025022329635161968,0.023552007638639048,0.021714105142985395,0.018038300151678097,12
2022-01-10,0.023834441266682913,1.7437138420982916,1,0.023485698498263256,0.022090727424584622,0.02034701358248633,0.016859585898289745,12
2022-02-08,0.042944993818502246,1.7444930254429496,4,0.042596095213413655,0.0412005007930593,0.03945600776761635,0.03596702171673045,12
2022-03-09,-0.010267718424190135,1.7973704150406267,5,-0.01062719250719826,-0.012065088839230761,-0.013862459254271388,-0.017457200084352642,12
2022-04-06,0.04812989118656125,1.905785871120649,3,0.04774873401233712,0.0462241053154406,0.04431831944431995,0.04050674770207865,12
2022-05-05,-0.014208916543127847,1.731104766441919,2,-0.01455513749641623,-0.015940021309569764,-0.017671126076011685,-0.021133335608895524,12
2022-06-03,-0.04674854489778321,1.8254058325040607,3,-0.04711362606428402,-0.04857395073028727,-0.050399356562791334,-0.054050168227799456,12
2022-07-05,0.018249956976746046,1.792662442425627,3,0.01789142448826092,0.01645729453432042,0.014664632091894792,0.011079307207043539,12
2022-08-02,-0.008829656581084066,1.901168976263344,5,-0.009209890376336734,-0.01073082555734741,-0.012631994533610753,-0.016434332486137442,12
2022-08-30,0.0077019205664977984,1.8405728572775457,0,0.0073338059950422895,0.005861347709220253,0.004020774851942707,0.0003396291373876153,12
2022-09-28,0.021831649139607553,1.741487618127463,9,0.02148335161598206,0.02009016152148009,0.018348673903352628,0.0148656986670977,12
2022-10-26,0.018133203701350496,1.8187038100577044,2,0.017769462939338954,0.016314499891292793,0.014495796081235086,0.010858388461119677,12
2022-11-23,-0.013493868604309105,1.8449204336680463,10,-0.013862852691042715,-0.015338789037977151,-0.017183709471645197,-0.020873550338981292,12
2022-12-22,0.033846608863388784,1.813246846111565,6,0.03348395949416647,0.03203336201727722,0.030220115171165653,0.026593621478942522,12
2023-01-24,-0.0017515351408552162,1.9375984339647374,0,-0.0021390548276481636,-0.0036891335748199536,-0.005626732008784691,-0.009501928876714166,12
2023-02-22,0.02134617462927538,1.8946528025774043,6,0.0209672440687599,0.019451521826697977,0.017556869024120573,0.013767563418965763,12
2023-03-22,0.0239415182636933,1.817990201635119,4,0.023577920223366276,0.022123528062058178,0.02030553786042306,0.016669557457152824,12
2023-04-20,-0.034780372834475604,1.828462491380931,3,-0.03514606533275179,-0.036608835325856535,-0.03843729781723747,-0.04209422279999933,12
2023-05-18,-0.0056105609426428124,1.8559282672727346,2,-0.005981746596097359,-0.007466489209915547,-0.009322417477188281,-0.013034274011733751,12
2023-06-16,-0.016686030125735715,1.9378993511142424,1,-0.017073609995958562,-0.018623929476849956,-0.020561828827964198,-0.024437627530192685,12
2023-07-18,-0.016793784744783012,1.9270051698313355,5,-0.01717918577874928,-0.018720789914614348,-0.020647795084445683,-0.024501805424108354,12
2023-08-15,0.017926632193982682,1.8471710824605536,2,0.01755719797749057,0.016079461111522128,0.014232290029061574,0.010537947864140466,12
2023-09-13,-0.01831406940375844,1.7816722603031734,3,-0.018670403855819074,-0.02009574166406161,-0.021877413924364784,-0.02544075844497113,12
2023-10-11,-0.0041260899527858904,1.8244830736171942,4,-0.004490986567509329,-0.005950573026403084,-0.007775056100020279,-0.011424022247254667,12
2023-11-08,-0.01943464307324734,1.8139831907921922,3,-0.019797439711405778,-0.021248626264039533,-0.023062609454831726,-0.02669057583641611,12
2006-01-24,0.001867415378393426,0.9999999999999984,4,0.0016674153783934264,0.0008674153783934276,-0.00013258462160657095,-0.002132584621606568,13
2006-02-22,-0.009045341012986475,1.8962238067801864,3,-0.009424585774342513,-0.010941564819766662,-0.012837788626546848,-0.016630236240107222,13
2006-03-22,0.0012509686306913807,1.8336704613781785,4,0.000884234538415745,-0.0005827018306867977,-0.0024163722920649763,-0.006083713214821333,13
2006-04-20,0.007740716387605222,1.840701760308747,3,0.007372576035543473,0.0059000146272964755,0.004059312866987728,0.00037790934637023377,13
2006-05-18,0.006544252236707952,1.8121002025293615,6,0.00618183219620208,0.00473215203417859,0.002920051831649229,-0.0007041485734094943,13
2006-06-16,0.02074521510600438,1.7657658061124646,4,0.020392061944781888,0.018979449299891916,0.017213683493779452,0.01368215188155452,13
2006-07-17,-0.001516009138768802,1.822249048994468,2,-0.0018804589485676955,-0.0033382581877632704,-0.005160507236757738,-0.008805005334746674,13
2006-08-14,-0.010062875607219144,1.826504568587753,2,-0.010428176520936694,-0.011889380175806897,-0.01371588474439465,-0.017368893881570157,13
2006-09-12,0.011887373079987036,1.9708621430169486,2,0.011493200651383645,0.009916510936970086,0.007945648793953139,0.00400392450791924,13
2006-10-10,-0.012751608324613674,1.843392007662736,6,-0.013120286726146221,-0.01459500033227641,-0.016438392339939146,-0.020125176355264618,13
2006-11-07,0.010516422573090921,1.8887345064583063,3,0.01013867567179926,0.008627688066632614,0.006738953560174309,0.002961484547257696,13
2006-12-06,-0.004170772096544953,1.8135137439874824,5,-0.00453347484534245,-0.005984285840532436,-0.007797799584519918,-0.011424827072494884,13
2007-01-08,-0.0035711920043446184,1.8550125771309343,8,-0.003942194519770805,-0.005426204581475552,-0.007281217158606487,-0.010991242312868355,13
2007-02-06,0.004685330706414366,1.8802340592184852,4,0.004309283894570669,0.0028050966471958806,0.0009248625879773953,-0.0028356055304595753,13
2007-03-07,-0.01850773455805827,1.7993771634981266,8,-0.018867609990757896,-0.020307111721556397,-0.022106488885054523,-0.02570524321205078,13
2007-04-04,-0.016376607560748206,1.8806386337241279,5,-0.01675273528749303,-0.018257246194472335,-0.02013788482819646,-0.023899162095644716,13
2007-05-03,0.0001390454635112427,1.8552527061356883,6,-0.00023200507771589494,-0.0017162072426244457,-0.0035714599487601337,-0.007281965361031511,13
2007-06-01,0.008043915507318743,1.866830411012335,6,0.007670549425116276,0.006177085096306408,0.004310254685294073,0.0005765938632694024,13
2007-06-29,0.020773775615079863,1.775685182511276,6,0.02041863857857761,0.018998090432568587,0.01722240525005731,0.01367103488503476,13
2007-07-30,-0.00578591928844307,1.8052601814749663,8,-0.006146971324738064,-0.007591179469918037,-0.009396439651393003,-0.013006960014342935,13
2007-08-27,0.009424553658143984,1.8394898041445595,5,0.009056655697315072,0.0075850638539994245,0.005745574049854865,0.0020665944415657455,13
2007-09-25,0.031163831136149903,1.8514879516103475,7,0.030793533545827832,0.029312343184539555,0.02746085523292921,0.023757879329708513,13
2007-10-23,0.016187829440075435,1.8367731297256356,8,0.01582047481413031,0.014351056310349799,0.012514283180624164,0.008840736921172893,13
2007-11-20,0.001914361466529232,1.7496306936587662,9,0.0015644353277974787,0.00016473077287046563,-0.0015848999207883007,-0.005084161308105834,13
2007-12-19,-0.0015790354710992249,1.8301951979686026,6,-0.0019450745106929454,-0.0034092306690678273,-0.00523942586703643,-0.008899816262973636,13
2008-01-18,0.037156293000528466,1.773029805285005,4,0.03680168703947147,0.03538326319524346,0.03361023338995846,0.030064173779388446,13
2008-02-19,-0.011747783752538795,1.8458537432274265,5,-0.01211695450118428,-0.013593637495766222,-0.015439491238993647,-0.019131198725448502,13
2008-03-18,-0.031074846724837357,1.8156946773993028,2,-0.03143798566031722,-0.032890541402236656,-0.03470623607963596,-0.038337625434434565,13
2008-04-16,0.024041442805400666,1.8612559720331279,2,0.02366919161099404,0.02218018683336754,0.02031893086133441,0.016596418917268155,13
2008-05-14,0.011599842974054801,1.8837722189089767,3,0.011223088530273005,0.009716070755145825,0.007832298536236848,0.004064754098418894,13
2008-06-12,-0.03989804313374547,1.7951355980856203,4,-0.040257070253362594,-0.041693178731831086,-0.043488314329916705,-0.04707858552608795,13
2008-07-11,0.04232383369083511,1.7512754608572463,4,0.04197357859866366,0.040572558229977865,0.03882128276912062,0.035318731847406123,13
2008-08-08,0.012341898841981625,1.8099141736313913,3,0.011979916007255348,0.010531984668350234,0.008722070494718842,0.00510224214745606,13
2008-09-08,-0.023190133145609873,1.8663955088228381,2,-0.02356341224737444,-0.02505652865443271,-0.02692292416325555,-0.030655715180901225,13
2008-10-06,0.03278427344617921,1.659355267381448,2,0.03245240239270292,0.03112491817879776,0.02946556291141631,0.026146852376653415,13
2008-11-03,0.033148773634992655,1.7107272976910912,2,0.03280662817545444,0.031438046337301566,0.029727319039610473,0.02630586444422829,13
2008-12-02,-0.01122246009192764,1.6916755766406193,1,-0.011560795207255763,-0.012914135668568258,-0.014605811245208877,-0.017989162398490115,13
2008-12-31,-0.007547014276754888,1.9465846951064374,1,-0.007936331215776176,-0.009493598971861326,-0.011440183666967764,-0.015333353057180638,13
2009-01-30,-0.010689476792852676,1.755753812233029,2,-0.011040627555299281,-0.012445230605085705,-0.014200984417318733,-0.01771249204178479,13
2009-03-02,-0.040020508276738496,1.7129257732576382,2,-0.040363093431390024,-0.04173343404999613,-0.043446359823253775,-0.046872211369769046,13
2009-03-30,0.017306099212890766,2.0676225003506397,2,0.016892574712820636,0.015238476712540127,0.013170854212189487,0.009035609211488207,13
2009-04-28,-0.028579523637270957,1.9332859699664455,0,-0.028966180831264246,-0.0305128096072374,-0.03244609557720385,-0.03631266751713674,13
2009-05-27,0.02687608918291985,1.9766020450876385,1,0.026480768773902322,0.024899487137832212,0.022922885092744573,0.018969681002569298,13
2009-06-24,0.01857933206045232,1.8629519923926383,2,0.018206741661973794,0.016716380068059682,0.014853428075667044,0.011127524090881767,13
2009-07-23,-0.03589099104497112,1.9301968007931258,2,-0.036277030405129744,-0.03782118784576425,-0.03975138464655737,-0.04361177824814363,13
2009-08-20,-0.012034443394513173,1.999013177307006,3,-0.012434246029974574,-0.014033456571820178,-0.016032469749127184,-0.020030496103741198,13
2009-09-18,-0.00966129292865786,1.9804843876068394,4,-0.01005738980617923,-0.011641777316264701,-0.013622261703871541,-0.01758323047908522,13
2009-10-16,0.018218194173740775,1.8253765281551868,6,0.017853118868109738,0.01639281764558559,0.014567441117430403,0.010916688061120028,13
2009-11-13,-0.005316250377451393,1.7865599805873753,2,-0.005673562373568868,-0.007102810358038768,-0.008889370338626143,-0.012462490299800894,13
2009-12-14,0.0030812136624303555,1.8787197390580828,2,0.002705469714618739,0.0012024939233722727,-0.00067622581568581,-0.004433665293801976,13
2010-01-13,-0.009802602334709974,1.8432908058628215,4,-0.010171260495882538,-0.011645893140572796,-0.013489183946435617,-0.01717576555816126,13
2010-02-11,-0.024257656813395756,1.8858612239179646,2,-0.024634829058179347,-0.02614351803731372,-0.028029379261231686,-0.031801101709067615,13
2010-03-12,0.027330944806735296,1.9878950930957713,3,0.026933365788116143,0.025343049713639525,0.02335515462054375,0.01937936443435221,13
2010-04-12,0.0016098719007513003,1.890991137368325,3,0.0012316736732776352,-0.00028111923661702483,-0.00217211037398535,-0.005954092648722,13
2010-05-10,0.022511808323535658,1.8531063360797904,6,0.0221411870563197,0.02065870198745587,0.018805595651376076,0.015099382979216496,13
2010-06-08,-0.013714724732745083,1.773844277907986,1,-0.01406949358832668,-0.01548856901065307,-0.017262413288561054,-0.020810101844377028,13
2010-07-07,-0.003267764524674457,1.7946538976189323,7,-0.0036266953041982435,-0.0050624184222933894,-0.006857072319912321,-0.010446380115150186,13
2010-08-04,-0.012388246394626531,1.885338225000719,2,-0.012765314039626675,-0.014273584619627251,-0.01615892284462797,-0.019929599294629407,13
2010-09-01,0.009254334549528193,1.768646052583755,5,0.008900605339011443,0.007485688496944438,0.005717042444360683,0.002179750339193173,13
2010-09-30,0.009033856743879602,1.8918309583041493,5,0.008655490552218773,0.0071420257855754525,0.005250194827271303,0.0014665329106630046,13
2010-10-28,0.005577260168785232,1.8426593250108392,3,0.005208728303783064,0.0037346008437743926,0.0018919415187635537,-0.0017933771312581247,13
2010-11-26,-0.013494928058937341,1.8552005625206562,4,-0.013865968171441471,-0.015350128621457997,-0.017205329183978654,-0.020915730309019966,13
2010-12-27,-0.0012102541042131125,1.8702437365820672,1,-0.001584302851529526,-0.0030804978407951798,-0.0049507415773772465,-0.008691229050541382,13
2011-01-25,0.004742593499626458,1.8586040780144713,3,0.004370872684023564,0.0028839894216119866,0.0010253853435975156,-0.002691822812431427,13
2011-02-23,0.0066677536982456785,1.8595110807697586,8,0.006295851482091727,0.00480824261747592,0.0029487315367061613,-0.0007702906248333559,13
2011-03-23,-0.012504637727457584,1.8697872674957812,2,-0.01287859518095674,-0.014374424994953366,-0.016244212262449147,-0.01998378679744071,13
2011-04-20,0.008236433219031824,1.9129971015484046,3,0.007853833798722143,0.006323436117483419,0.004410439015935014,0.0005844448128382047,13
2011-05-19,-0.004547821205514918,1.840232339148994,7,-0.004915867673344717,-0.006388053544663912,-0.008228285883812907,-0.011908750562110895,13
2011-06-17,0.009851743037711797,1.8026996455121482,9,0.009491203108609366,0.008049043392199648,0.0062463437466875,0.0026409444556632035,13
2011-07-18,0.013445534076909802,1.8810880256361613,3,0.013069316471782569,0.01156444605127364,0.00968335802563748,0.0059211819743651565,13
2011-08-15,0.03300120774208403,1.7425049081690338,5,0.03265270676045023,0.031258702833915,0.029516197925745963,0.026031188109407896,13
2011-09-13,0.010927537713002363,1.7527936533655857,4,0.010576978982329246,0.009174744059636777,0.007421950406271192,0.00391636309954002,13
2011-10-11,0.03511668059496615,1.8709678770433544,3,0.034742487019557476,0.033245712717922794,0.03137474484087944,0.027632809086792734,13
2011-11-08,0.015523030107881506,1.9104925442651148,0,0.015140931599028483,0.01361253756361639,0.011702045019351275,0.007881059930821046,13
2011-12-07,0.010577597522716968,1.8465174816828538,3,0.010208294026380398,0.008731080041034114,0.00688456255935126,0.003191527595985553,13
2012-01-06,-0.025749488073531574,1.8260465847465308,1,-0.02611469739048088,-0.027575534658278104,-0.029401581243024635,-0.0330536744125177,13
2012-02-06,-0.002365615529259375,1.9880725632305294,5,-0.002763230041905481,-0.004353688092489904,-0.006341760655720435,-0.010317905782181494,13
2012-03-06,-0.005007648354363241,1.8283240910938505,3,-0.005373313172582011,-0.006835972445457091,-0.008664296536550943,-0.012320944718738644,13
2012-04-03,0.002629914730417571,1.8389135940909676,5,0.0022621320115993777,0.0007910011363266036,-0.001047912457764364,-0.0047257396459462996,13
2012-05-02,-0.00212621949593446,1.7476950103023268,3,-0.0024757584979949255,-0.003873914506236787,-0.005621609516539113,-0.009116999537143768,13
2012-05-31,0.023708034995457084,1.8241125091939565,3,0.023343212493618294,0.021883922486263127,0.02005980997706917,0.01641158495868126,13
2012-06-28,0.02524393258199474,1.7719881423537733,7,0.024889534953523987,0.023471944439640968,0.021699956297287194,0.018155980012579648,13
2012-07-27,-0.0001988171477021848,1.8392611518661952,6,-0.0005666693780754238,-0.00203807829956838,-0.003877339451434575,-0.007555861755166966,13
2012-08-24,-0.015170802345727279,1.8881621752758664,0,-0.015548434780782452,-0.017058964521003146,-0.018947126696279012,-0.022723451046830746,13
2012-09-24,-0.011490256258667488,1.8903896457691745,3,-0.011868334187821322,-0.013380645904436663,-0.015271035550205836,-0.019051814841744185,13
2012-10-22,-0.010605604687229903,1.8206674084129508,1,-0.010969738168912493,-0.012426272095642853,-0.014246939504055804,-0.017888274320881706,13
2012-11-21,0.006442306385145171,1.876912857733995,4,0.006066923813598372,0.004565393527411176,0.002688480669677181,-0.0010653450457908092,13
2012-12-20,-0.0021070094011182974,1.8960806907411083,4,-0.002486225539266519,-0.0040030900918594054,-0.005899170782600514,-0.00969133216408273,13
2013-01-22,-0.021423069900763016,1.9524464327221025,5,-0.021813559187307437,-0.023375516333485117,-0.02532796276620722,-0.029232855631651428,13
2013-02-20,-0.007918685065660805,1.9259230579286972,5,-0.008303869677246544,-0.009844608123589503,-0.011770531181518199,-0.015622377297375593,13
2013-03-20,-0.014201907718006373,1.9358384952063592,3,-0.014589075417047645,-0.016137746213212734,-0.01807358470841909,-0.02194526169883181,13
2013-04-18,-0.020494855467989775,1.8105263567422023,2,-0.020856960739338216,-0.022305381824731976,-0.02411590818147418,-0.027736960894958584,13
2013-05-16,-0.003144602456355371,1.9901070950323965,2,-0.0035426238753618502,-0.005134709551387767,-0.007124816646420164,-0.011105030836484956,13
2013-06-14,-0.0021362359117740692,1.8592026297632729,5,-0.002508076437726724,-0.003995438541537342,-0.005854641171300615,-0.00957304643082716,13
2013-07-15,0.005351620356585314,1.9220159325273092,1,0.0049672171700798524,0.0034296044240580046,0.0015075884915306953,-0.0023364433735239233,13
2013-08-12,0.004486319040545351,1.9026854560371569,2,0.004105781949337919,0.0025836335845081937,0.000680948128471037,-0.003124422783603277,13
2013-09-10,0.013441071265518445,1.8269152753764952,8,0.013075688210443146,0.011614155990141949,0.009787240714765454,0.006133410164012464,13
2013-10-08,0.019847620569803485,1.8612679533195586,4,0.019475366979139572,0.017986352616483927,0.01612508466316437,0.012402548756525252,13
2013-11-05,-0.02025091861822048,1.8571851464254598,5,-0.020622355647505572,-0.02210810376464594,-0.0239652889110714,-0.02767965920392232,13
2013-12-04,-0.011279303951021965,1.9792070163711104,3,-0.011675145354296187,-0.013258510967393076,-0.015237717983764186,-0.019196132016506405,13
2014-01-03,-0.01606756994734521,1.8875501841141071,1,-0.01644507998416803,-0.017955120131459317,-0.019842670315573425,-0.023617770683801637,13
2014-02-03,-0.027347795782160737,1.8001944068587725,4,-0.02770783466353249,-0.02914799018901951,-0.03094818459587828,-0.03454857340959583,13
2014-03-04,-0.0039081353965824996,1.9955077198876157,2,-0.004307236940560023,-0.005903643116470115,-0.00789915083635773,-0.011890166276132963,13
2014-04-01,0.016067725950186365,1.8353321992416565,3,0.015700659510338034,0.014232393750944709,0.012397061551703052,0.00872639715321974,13
2014-04-30,0.020907190976191453,1.7609250548662352,3,0.020555005965218205,0.019146265921325217,0.017385340866458984,0.013863490756726512,13
2014-05-29,0.0015962803070682231,1.8069150691573026,5,0.0012348972932367626,-0.00021063476208907947,-0.002017549831246382,-0.005631379969560988,13
2014-06-26,0.015271611927445243,1.8784313864088302,4,0.014895925650163478,0.013393180541036413,0.011514749154627583,0.007757886381809922,13
2014-07-25,-0.0027699637392301253,1.8158912593417897,2,-0.003133141991098483,-0.004585854998571915,-0.006401746257913705,-0.010033528776597285,13
2014-08-22,0.0048873207730719,1.879818697794539,2,0.0045113570335129916,0.0030075020752773603,0.0011276833774828215,-0.0026319540181062567,13
2014-09-22,0.018001703932596223,1.8438638703278154,1,0.017632931158530662,0.01615784006226841,0.014313976191940593,0.010626248451284962,13
2014-10-20,0.0029710569206547457,1.7875152868437316,2,0.0026135538632859993,0.001183541633811014,-0.0006039736530327176,-0.004179004226720181,13
2014-11-17,-0.013848116581197289,1.9327899336482228,5,-0.014234674567926934,-0.01578090651484551,-0.017713696448493736,-0.02157927631579018,13
2014-12-16,0.011891936214030945,1.8658157084684734,3,0.01151877307233725,0.010026120505562472,0.008160304797093999,0.004428673380157051,13
2015-01-15,0.0292186307183135,1.792656104537227,4,0.028860099497406057,0.027425974613776275,0.02563331850923905,0.022048006300164593,13
2015-02-13,-0.00861964688397854,1.8795902166451885,4,-0.008995564927307577,-0.010499237100623728,-0.012378827317268916,-0.016138007750559295,13
2015-03-16,0.003974838333388276,1.93757987723041,3,0.0035873223579421937,0.002037258456157866,9.967857892745563e-05,-0.0037754811755333646,13
2015-04-14,0.00438321118150659,1.8962978663917653,5,0.004003951608228236,0.0024869133151148243,0.0005906154487230592,-0.0032019802840604714,13
2015-05-12,-0.008601642603472584,1.841467663611456,1,-0.008969936136194876,-0.010443110267084041,-0.012284577930695496,-0.015967513257918408,13
2015-06-10,0.0009169612016474257,1.901091138677055,2,0.0005367429739120147,-0.0009841299370296293,-0.0028852210757066843,-0.006687403353060794,13
2015-07-09,0.02523498143904116,1.8124350337938,3,0.024872494432282403,0.023422546405247362,0.02161011137145356,0.01798524130386596,13
2015-08-06,0.002039291272750685,1.8069495216403775,5,0.0016779013684226093,0.00023234175111030726,-0.0015746077705300703,-0.005188506813810825,13
2015-09-03,0.0007096474166593631,1.843520733866851,2,0.00034094326988599297,-0.0011338733172074878,-0.0029773940510743387,-0.006664435518808041,13
2015-10-02,0.012960377390434229,1.7869120585526213,4,0.012602994978723704,0.011173465331881608,0.009386553273328987,0.005812729156223743,13
2015-10-30,-0.026809431969836362,1.8069433321509758,2,-0.02717082063626656,-0.028616375301987337,-0.030423318634138313,-0.034037205298440266,13
2015-11-30,0.012641086801958622,1.9511977031273173,5,0.012250847261333159,0.010689889098831305,0.008738691395703987,0.004836295989449352,13
2015-12-29,-0.013156448683118143,1.8296261606140052,4,-0.013522373915240945,-0.014986074843732149,-0.016815701004346154,-0.020474953325574162,13
2016-01-28,-0.03143672442479238,1.7389590259570793,4,-0.031784516229983795,-0.03317568345074946,-0.03491464247670654,-0.038392560528620695,13
2016-02-26,-0.004120284387219192,1.9379160546088259,4,-0.0045078675981409565,-0.0060582004418280174,-0.007996116496436844,-0.011871948605654496,13
2016-03-28,-0.02112518213729005,1.8831876753687016,2,-0.02150181967236379,-0.023008369812658754,-0.024891557488027453,-0.028657932838764857,13
2016-04-25,0.006584336788254004,1.9475475127109976,4,0.006194827285711805,0.0046367892755430065,0.002689241762832009,-0.001205853262589986,13
2016-05-23,-0.00899188688024242,1.8023347295668561,2,-0.00935235382615579,-0.010794221609809276,-0.012596556339376133,-0.016201225798509845,13
2016-06-21,-0.006018927443667587,1.8564592228801298,5,-0.006390219288243613,-0.007875386666547718,-0.009731845889427847,-0.013444764335188108,13
2016-07-20,0.0102101841991805,1.8869394309129253,6,0.009832796312997915,0.008323244768267575,0.00643630533735465,0.0026624264755287994,13
2016-08-17,-4.714534050183748e-05,1.8656547906176404,6,-0.00042027629862536556,-0.0019128001311194778,-0.003778454921737118,-0.007509764502972399,13
2016-09-15,0.009909446731598676,1.8602090136199128,7,0.009537404928874694,0.008049237717978764,0.006189028704358851,0.0024686106771190253,13
2016-10-13,0.04680218059164954,1.791850927129818,8,0.04644381040622358,0.045010329664519726,0.043218478737389904,0.03963477688313027,13
2016-11-10,-0.02158024679795528,1.8094202941837918,6,-0.021942130856792037,-0.02338966709213907,-0.025199087386322865,-0.028817927974690447,13
2016-12-09,-0.0006784880818998948,1.9645695704498956,3,-0.001071401995989874,-0.0026430576523497904,-0.004607627222799685,-0.008536766363699476,13
2017-01-10,0.033801475505554214,1.860881218537488,4,0.033429299261846714,0.031940594287016726,0.030079713068479237,0.02635795063140426,13
2017-02-08,-0.017655425091308033,1.8164619483628592,6,-0.018018717480980606,-0.019471887039670892,-0.02128834898803375,-0.02492127288475947,13
2017-03-09,-0.009568303555411516,1.921013617402323,6,-0.00995250627889198,-0.011489317172813839,-0.013410330790216161,-0.017252358025020807,13
2017-04-06,0.006135975840411973,1.9167032505091413,2,0.005752635190310144,0.004219272589902831,0.00230256933939369,-0.0015308371616245924,13
2017-05-05,0.01709708821722823,1.838795017856623,5,0.016729329213656902,0.015258293199371605,0.013419498181514982,0.009741908145801736,13
2017-06-05,-0.01301073801662742,1.8824448535696907,4,-0.013387226987341358,-0.014893182870197112,-0.0167756277237668,-0.020540517430906183,13
2017-07-03,0.002219005016008491,1.862542918407583,4,0.0018464964323269743,0.0003564620976009079,-0.0015060808208066752,-0.005231166657621841,13
2017-08-01,-0.025537720625508832,1.8378100972373719,1,-0.025905282644956305,-0.027375530722746205,-0.029213340819983575,-0.03288896101445832,13
2017-08-29,0.02313506716984794,1.8809840608479802,5,0.022758870357678342,0.02125408310899996,0.01937309904815198,0.015611130926456019,13
2017-09-27,0.006776269851402336,1.8850077615492866,7,0.006399268299092479,0.00489126208985305,0.003006254328303763,-0.0007637611947948104,13
2017-10-25,-0.006303392551737804,1.8282684489045555,5,-0.006669046241518715,-0.00813166100064236,-0.009959929449546916,-0.013616466347356027,13
2017-11-22,-0.005713319524024005,1.874183615396077,1,-0.006088156247103221,-0.007587503139420082,-0.00946168675481616,-0.013210053985608313,13
2017-12-21,0.006994828070012812,1.9191881013621332,3,0.006610990449740385,0.005075639968650679,0.0031564518672885455,-0.0006819243354357213,13
2018-01-23,-0.0063156427806983825,1.8922482597232066,1,-0.006694092432643023,-0.00820789104042159,-0.010100139300144795,-0.01388463581959121,13
2018-02-21,-0.012881895825106163,1.8256583260518477,8,-0.013247027490316532,-0.014707554151158011,-0.01653321247720986,-0.020184529129313553,13
2018-03-21,0.010071133194574195,1.9044802322387515,2,0.009690237148126444,0.008166652962335444,0.006262172730096691,0.0024532122656191887,13
2018-04-19,0.018290179507031372,1.8209582061567822,2,0.017925987865800016,0.01646922130087459,0.014648263094717808,0.011006346682404243,13
2018-05-17,-0.005024154695587823,1.8811384439269225,3,-0.005400382384373207,-0.006905293139514745,-0.008786431583441667,-0.012548708471295513,13
2018-06-15,-0.0023379742155193845,1.912858674880947,6,-0.002720545950495574,-0.004250832890400331,-0.006163691565281279,-0.009989408915043173,13
2018-07-16,0.010401166650647239,1.7969259967059585,4,0.010041781451306048,0.00860424065394128,0.006807314657235322,0.0032134626638234045,13
2018-08-13,0.006895151314304073,1.8293704211232387,2,0.006529277230079425,0.005065780893180834,0.003236410472057595,-0.00042233037018888243,13
2018-09-11,-0.008402022707119646,1.9381496868638806,0,-0.008789652644492421,-0.010340172393983526,-0.012278322080847406,-0.01615462145457517,13
2018-10-09,-0.010460040410954646,1.8499912280312925,5,-0.010830038656560905,-0.012310031638985938,-0.01416002286701723,-0.017860005323079815,13
2018-11-06,0.004986884694536339,1.783827998114498,5,0.004630119094913439,0.0032030566964218405,0.0014192286983073427,-0.002148427297921653,13
2018-12-06,-0.0017417756245040467,1.8214818504265406,5,-0.0021060719945893546,-0.0035632574749305873,-0.005384739325357128,-0.009027703026210209,13
2019-01-07,-0.012908142791421188,1.7895374415161982,4,-0.013266050279724427,-0.014697680232937386,-0.016487217674453585,-0.02006629255748598,13
2019-02-05,0.01678203474982767,1.9306934655642665,1,0.016395896056714817,0.014851341284263403,0.012920647818699137,0.009059260887570603,13
2019-03-06,0.012431054962179833,1.8727346103752733,5,0.012056508040104778,0.010558320351804559,0.008685585741429285,0.004940116520678739,13
2019-04-03,-0.026568887489915295,1.8853710364005092,1,-0.026945961697195396,-0.028454258526315803,-0.030339629562716314,-0.034110371635517334,13
2019-05-02,-0.009331329867175468,1.8885522980454175,0,-0.009709040326784551,-0.011219882165220886,-0.013108434463266302,-0.01688553905935714,13
2019-05-31,0.004266455999784763,1.7837756731929773,2,0.003909700865146168,0.002482680326591786,0.0006989046533988088,-0.002868646692987146,13
2019-06-28,0.00783668231982827,1.9389805138081997,5,0.007448886217066631,0.005897701806020071,0.003958721292211871,8.07602645954723e-05,13
2019-07-29,0.01210352096385079,1.899493999682151,4,0.01172362216391436,0.010204026964168639,0.008304532964486489,0.004505544965122186,13
2019-08-26,0.03378548538594621,1.7913925489384475,3,0.03342720687615852,0.03199409283700776,0.030202700288069314,0.02661991519019242,13
2019-09-24,-0.0014680164696392448,1.8599845657312248,3,-0.0018400133827854897,-0.0033280010353704697,-0.0051879856011016945,-0.008907954732564144,13
2019-10-22,-0.006891659841841368,1.8709690382316848,4,-0.007265853649487705,-0.008762628880073052,-0.010633597918304738,-0.014375535994768106,13
2019-11-19,-0.011015987961392632,2.0239713241768467,4,-0.011420782226228,-0.013039959285569478,-0.015063930609746326,-0.01911187325810002,13
2019-12-18,-0.00030718805185716013,1.9487013503325274,4,-0.0006969283219236657,-0.0022558894021896874,-0.004204590752522215,-0.00810199345318727,13
2020-01-17,0.02195455955262933,1.9087211928314296,2,0.021572815314063045,0.0200458383597979,0.01813711716696647,0.014319674781303611,13
2020-02-18,-0.03337824913055723,1.8051746446393118,2,-0.03373928405948509,-0.035183423775196544,-0.03698859841983585,-0.04059894770911448,13
2020-03-17,0.04984780466169346,1.5620836395829287,4,0.049535387933776875,0.04828572102211053,0.046723637382527605,0.043599470103361744,13
2020-04-15,0.09620475539760473,1.9255243532346482,3,0.0958196505269578,0.09427923104437008,0.09235370669113543,0.08850265798466614,13
2020-05-13,-0.0560906093225945,1.795311238696664,1,-0.056449671570333836,-0.05788592056129117,-0.05968123179998783,-0.06327185427738116,13
2020-06-11,-0.0504302822961718,2.0390487053218975,4,-0.05083809203723618,-0.0524693310014937,-0.054508379706815595,-0.058586477117459394,13
2020-07-10,0.024915002699259305,1.9551296765375807,1,0.02452397676395179,0.022959873022721726,0.021004743346184143,0.017094483993108985,13
2020-08-07,0.010354737816979025,1.8885094041868487,4,0.009977035936141656,0.008466228412792176,0.0065777190086053275,0.0028007002002316305,13
2020-09-04,-0.0386240548817583,1.831747137616115,2,-0.03899040430928152,-0.04045580201937442,-0.04228754915699053,-0.04595104343222276,13
2020-10-05,0.03137676892849883,1.9060896419949638,5,0.03099555100009984,0.02947067928650387,0.027564589644508905,0.023752410360518977,13
2020-11-02,-0.0664908084393135,1.7804628756410779,2,-0.06684690101444171,-0.06827127131495458,-0.07005173419059565,-0.07361265994187781,13
2020-12-01,-0.008335527447434989,2.0268207529093965,1,-0.008740891598016868,-0.010362348200344386,-0.012389168953253782,-0.016442810459072574,13
2020-12-30,0.055424822918206273,1.9672621776592518,3,0.055031370482674424,0.05345756074054702,0.05149029856288777,0.04755577420756926,13
2021-01-29,-0.015571309423463842,1.9131146574252846,4,-0.0159539323549489,-0.017484424080889127,-0.019397538738314412,-0.02322376805316498,13
2021-03-01,0.09510617570214812,1.8417401386003722,1,0.09473782767442804,0.09326443556354774,0.09142269542494738,0.08773921514774663,13
2021-03-29,0.025548657178821273,1.6718290272560632,7,0.02521429137337006,0.02387682815156521,0.022204999124309146,0.01886134106979702,13
2021-04-27,0.021580288000803752,1.883605971127088,1,0.021203566806578335,0.019696682029676664,0.017813076058549576,0.0140458641162954,13
2021-05-25,0.034051600408465076,1.783147631355968,3,0.033694970882193885,0.03226845277710911,0.03048530514575314,0.026919009883041203,13
2021-06-23,0.04279916401896124,1.843774306990941,6,0.042430409157563055,0.040955389711970304,0.03911161540497936,0.03542406679099748,13
2021-07-22,0.02700610335370129,1.7188866260397155,1,0.026662326028493347,0.025287216727661575,0.02356833010162186,0.02013055684954243,13
2021-08-19,-0.025825343207101496,1.7597060187521008,6,-0.026177284410851917,-0.027585049225853597,-0.029344755244605697,-0.0328641672821099,13
2021-09-17,0.028137197177868414,1.8959161259789667,2,0.02775801395267262,0.026241281051889446,0.02434536492591048,0.020553532673952546,13
2021-10-15,0.011162706420774807,1.7765513281176395,1,0.01080739615515128,0.009386155092657167,0.007609603764539528,0.004056501108304249,13
2021-11-12,-0.019116007246282252,1.86299206897574,2,-0.0194886056600774,-0.02097899931525799,-0.022841991384233734,-0.026567975522185212,13
2021-12-13,0.022561184005403818,1.8115527418637791,5,0.022198873457031063,0.020749631263540038,0.01893807852167626,0.015314973037948702,13
2022-01-11,0.021192070199278677,1.7773970828222374,2,0.02083659078271423,0.01941467311645644,0.017637276033634203,0.014082481867989728,13
2022-02-09,-0.004217027871147399,1.8038954795930588,3,-0.004577806967066011,-0.006020923350740458,-0.007824818830333516,-0.011432609789519634,13
2022-03-10,0.005865286626392661,1.776618900340612,5,0.005509962846324538,0.004088667726052049,0.0023120488257114364,-0.001241188974969788,13
2022-04-07,0.07608469630674577,1.8680728151194599,3,0.07571108174372189,0.07421662349162632,0.07234855067650686,0.06861240504626794,13
2022-05-06,-0.015405535611738241,1.7477441501320552,3,-0.01575508444176465,-0.017153279761870296,-0.01890102391200235,-0.02239651221226646,13
2022-06-06,0.01382778233980281,1.8256893744374405,2,0.01346264446491532,0.012002092965365368,0.010176403590927929,0.006525024842053047,13
2022-07-06,0.020053976932749372,1.7328299637267606,2,0.01970741094000402,0.018321146969022612,0.016588317005295852,0.01312265707784233,13
2022-08-03,-0.00884910348657561,1.9084987016330597,4,-0.009230803226902222,-0.01075760218820867,-0.01266610088984173,-0.01648309829310785,13
2022-08-31,0.0028400805205146245,1.8535099851732846,1,0.0024693785234799676,0.0009865705353413398,-0.0008669394498319449,-0.004573959420178514,13
2022-09-29,0.02503564688813891,1.6810820919788683,6,0.024699430469743138,0.023354564796160042,0.021673482704181176,0.018311318520223437,13
2022-10-27,0.011705479506852221,1.8727325243868842,4,0.011330933001974844,0.009832746982465336,0.007960014458078453,0.0042145494093046845,13
2022-11-25,-0.015014362164407515,1.8815815360539545,8,-0.015390678471618307,-0.01689594370046147,-0.018777525236515425,-0.02254068830862333,13
2022-12-23,0.05455613643333009,1.8280113120929107,6,0.05419053417091151,0.05272812512123718,0.05090011380914427,0.047244091184958446,13
2023-01-25,0.0014051482844031824,1.8858528737282707,3,0.0010279777096575283,-0.0004807045893250883,-0.0023665574630533587,-0.0061382632105099,13
2023-02-23,-0.0017779901611117157,1.8625063914371438,3,-0.0021504914393991443,-0.0036404965525488595,-0.005503002943986004,-0.009228015726860292,13
2023-03-23,0.011756018245841878,1.7818088362037594,2,0.011399656478601127,0.009974209409638118,0.00819240057343436,0.0046287829010268405,13
2023-04-21,-0.020618526100514678,1.8926921388484048,4,-0.02099706452828436,-0.022511218239363084,-0.024403910378211487,-0.028189294655908297,13
2023-05-19,0.010889239376967844,1.8900480637858956,4,0.010511229764210666,0.00899919131318195,0.0071091432493960525,0.0033290471218242615,13
2023-06-20,-0.03481960098716124,1.941224963775759,0,-0.03520784597991639,-0.036760825950937,-0.03870205091471276,-0.042584500842264277,13
2023-07-19,0.011365036377032461,2.0105243580464425,3,0.010962931505423172,0.009354512018986018,0.007343987660939576,0.0033229389448466914,13
2023-08-16,0.0035503966229168175,1.833316342631569,3,0.0031837333543905037,0.0017170802802852483,-0.00011623606234632084,-0.003782868747609459,13
2023-09-14,-0.00493705774992566,1.8640742169913183,1,-0.005309872593323923,-0.006801131966916978,-0.008665206183908297,-0.012393354617890932,13
2023-10-12,-0.0032028660137404415,1.7971454144952548,9,-0.0035622950966394925,-0.005000011428235696,-0.006797156842730951,-0.010391447671721461,13
2023-11-09,-0.016965488011193307,1.8342858328716487,3,-0.017332345177767636,-0.018799773844064956,-0.020634059676936604,-0.024302631342679903,13
2006-01-25,0.025897150987795457,1.0000000000000007,8,0.02569715098779546,0.024897150987795456,0.023897150987795455,0.021897150987795454,14
2006-02-23,0.0013374630365743261,1.8134989807378241,5,0.0009747632404267613,-0.0004760359441634981,-0.0022895349249013224,-0.0059165328863769705,14
2006-03-23,0.002014232485389089,1.841397569202039,4,0.0016459529715486814,0.00017283491618705002,-0.001668562653014989,-0.005351357791419067,14
2006-04-21,0.020456594257808203,1.8259164507518804,2,0.020091410967657826,0.018630677807056323,0.016804761356304442,0.013152928454800681,14
2006-05-19,0.007928053072121178,1.8182946046870414,2,0.00756439415118377,0.006109758467434136,0.004291463862747095,0.0006548746533730125,14
2006-06-19,0.010313017018289886,1.774958999345898,2,0.009958025218420706,0.008538058018943988,0.00676309901959809,0.003213181020906294,14
2006-07-18,0.011877307139401924,1.8326741756953084,1,0.011510772304262862,0.010044632963706616,0.008211958788011307,0.0045466104366206905,14
2006-08-15,-0.013960821753493837,1.871239585317597,3,-0.014335069670557357,-0.015832061338811435,-0.017703300924129032,-0.021445780094764225,14
2006-09-13,0.009716128669096755,1.9391265807864149,1,0.009328303352939472,0.00777700208831034,0.005837875507523925,0.0019596223459510953,14
2006-10-11,-0.00384302408937422,1.836964076657933,6,-0.004210416904705807,-0.005679988166032153,-0.007516952242690085,-0.011190880396005952,14
2006-11-08,0.025639694629821314,1.920193220353938,4,0.025255655985750528,0.023719501409467377,0.021799308189113437,0.017958921748405562,14
2006-12-07,0.006955377209985984,1.8346049540396878,3,0.006588456219178047,0.005120772255946296,0.003286167301906608,-0.00038304260617276747,14
2007-01-09,0.001623202716708046,1.8898715245123665,8,0.0012452284118055726,-0.00026666880780432047,-0.002156540332316687,-0.00593628338134142,14
2007-02-07,-2.8394596511591152e-05,1.9316659678494472,3,-0.0004147277900814806,-0.0019600605643610384,-0.0038917265322104856,-0.00775505846790938,14
2007-03-08,-0.014777144358753467,1.807472395376287,5,-0.015138638837828724,-0.016584616754129755,-0.01839208914950604,-0.022007033940258616,14
2007-04-05,-0.015191518585181437,1.9015380447621195,3,-0.015571826194133862,-0.017093056629943558,-0.018994594674705677,-0.022797670764229915,14
2007-05-04,-0.008519711908499036,1.7867690258632882,6,-0.008877065713671693,-0.010306480934362323,-0.012093249960225611,-0.01566678801195219,14
2007-06-04,0.009874669567346282,1.906237885879124,6,0.009493421990170458,0.007968431681467159,0.006062193795588033,0.0022497180238297857,14
2007-07-02,0.00858678951376899,1.7679625183273575,5,0.008233197010103518,0.006818826995441633,0.005050864477114276,0.0015149394404595602,14
2007-07-31,-0.012696162757230928,1.7393573033874603,7,-0.01304403421790842,-0.014435520060618387,-0.016174877364005847,-0.01965359197078077,14
2007-08-28,0.01620076427546812,1.8127460824335058,5,0.01583821505898142,0.014388018193034615,0.012575272110601108,0.008949779945734097,14
2007-09-26,0.01944592349948799,1.865080520559668,6,0.019072907395376055,0.01758084297892832,0.015715762458368653,0.011985601417249317,14
2007-10-24,-0.018929938931266908,1.8021555999155034,11,-0.01929037005125001,-0.02073209453118241,-0.022534250131097916,-0.02613856133092892,14
2007-11-21,-0.02954431380443187,1.7945245208775122,7,-0.029903218708607373,-0.031338838325309384,-0.0331333628461869,-0.03672241188794192,14
2007-12-20,0.004765006777323606,1.9145158492493253,5,0.0043821036074737415,0.002850490928074281,0.0009359750788249556,-0.002893056619673695,14
2008-01-22,-0.0019050642931477165,1.7268689141970905,4,-0.0022504380759871346,-0.003631933207344807,-0.005358802121541897,-0.008812539949936079,14
2008-02-20,-0.00895788651396995,1.8566455258639916,2,-0.009329215619142748,-0.010814532039833942,-0.012671177565697933,-0.016384468617425915,14
2008-03-19,-0.022877384423346653,1.8020135767677865,1,-0.02323778713870021,-0.02467939800011444,-0.026481411576882226,-0.0300854387304178,14
2008-04-17,0.00444823100182217,1.8866180338262117,2,0.0040709073950569285,0.0025616129679959586,0.0006749949341697467,-0.003098241133482677,14
2008-05-15,0.02215710218558371,1.9091404382638306,4,0.021775274097930942,0.020247961747319878,0.01833882130905605,0.014520540432528387,14
2008-06-13,-0.034798365382693694,1.8376198510709834,3,-0.03516588935290789,-0.03663598523376468,-0.03847360508483566,-0.04214884478697763,14
2008-07-14,0.07466398434394622,1.7091619308493986,1,0.07432215195777635,0.07295482241309682,0.07124566048224742,0.06782733662054863,14
2008-08-11,0.012102825368274096,1.899915873775969,3,0.011722842193518903,0.010202909494498128,0.00830299362072216,0.0045031618731702205,14
2008-09-09,0.05201805910162244,1.8567636341124856,3,0.05164670637479994,0.050161295467509956,0.04830453183339747,0.044591004565172496,14
2008-10-07,0.03823205163983718,1.7013780497262083,4,0.03789177602989194,0.036530673590110974,0.03482929554038476,0.03142653944093235,14
2008-11-04,0.027289530369031728,1.7553321138757998,6,0.02693846394625657,0.02553419825515593,0.02377886614128013,0.02026820191352853,14
2008-12-03,-0.029966133622763017,1.6637960079912855,1,-0.030298892824361275,-0.031629929630754304,-0.03329372563874559,-0.03662131765472816,14
2009-01-02,-0.027958030314928987,1.9701239903538215,2,-0.028352055112999753,-0.029928154305282808,-0.03189827829563663,-0.035838526276344276,14
2009-02-02,0.01960325547726447,1.7860985121198656,2,0.0192460357748405,0.017817156965144604,0.01603105845302474,0.012458861428785009,14
2009-03-03,-0.042118405997043556,1.7200497804992434,1,-0.04246241595314341,-0.0438384557775428,-0.04555850555804204,-0.04899860511904053,14
2009-03-31,0.031150735738516778,2.0782328790636275,1,0.030735089162704052,0.02907250285945315,0.02699426998038952,0.022837804222262267,14
2009-04-29,0.00499211449099347,1.9404364186328322,0,0.004604027207266903,0.0030516780723606374,0.0011112416537278052,-0.0027696311835378592,14
2009-05-28,0.0019037721703597213,1.9121263490215024,1,0.0015213469005554208,-8.35417866178103e-06,-0.0019204805276832834,-0.0057447332257262885,14
2009-06-25,0.0032247043056619082,1.795102151905471,2,0.002865683875280814,0.0014296021537564371,-0.00036549999814903394,-0.003955704301959976,14
2009-07-24,-0.014786092584277212,1.8842747286759745,1,-0.015162947530012407,-0.016670367312953186,-0.01855464204162916,-0.02232319149898111,14
2009-08-21,-0.022094502866175307,1.9238389772279156,3,-0.02247927066162089,-0.024018341843403224,-0.025942180820631138,-0.02978985877508697,14
2009-09-21,-0.022865548214454638,1.9944745092677807,2,-0.023264443116308195,-0.024860022723722418,-0.026854497232990198,-0.030843446251525762,14
2009-10-19,0.025174199100946607,1.8886580996492162,5,0.024796467481016764,0.02328554100129739,0.021396882901648175,0.01761956670234974,14
2009-11-16,-0.010649631416689715,1.815919420985064,3,-0.011012815300886727,-0.012465550837674779,-0.014281470258659845,-0.017913309100629972,14
2009-12-15,0.005520879100981933,1.8365105816331397,3,0.005153576984655305,0.0036843685193487935,0.0018478579377156534,-0.0018251632255506262,14
2010-01-14,-0.013971489709313249,1.8946142536033714,3,-0.014350412560033924,-0.01586610396291662,-0.01776071821651999,-0.021549946723726735,14
2010-02-12,-0.026990497348894842,1.8432040169073254,2,-0.027359138152276308,-0.028833701365802166,-0.030676905382709493,-0.03436331341652414,14
2010-03-15,-0.006746790709703296,2.0383164307801747,2,-0.007154453995859331,-0.00878510714048347,-0.010823423571263646,-0.014900056432823994,14
2010-04-13,0.0035230134479268746,1.8550485786356083,5,0.003152003732199753,0.0016679648692912662,-0.00018708370934434216,-0.003897180866615559,14
2010-05-11,0.017618673871560513,1.791109692024529,5,0.017260451933155608,0.015827564179535982,0.014036454487511455,0.010454235103462396,14
2010-06-09,-0.001141732602921018,1.818510120596685,2,-0.001505434627040355,-0.002960242723517703,-0.004778752844114388,-0.008415773085307757,14
2010-07-08,-0.00540056488619214,1.8543772908272609,7,-0.005771440344357592,-0.0072549421770194,-0.009109319467846662,-0.012818074049501183,14
2010-08-05,-0.006795966104437461,1.8508850687031335,1,-0.007166143118178088,-0.008646851173140594,-0.010497736241843728,-0.014199506379249995,14
2010-09-02,0.005620502765862663,1.848619864472161,2,0.00525077879296823,0.0037718829013905016,0.0019232630369183405,-0.0017739766920259817,14
2010-10-01,-0.002231352637015688,1.8701791426005123,3,-0.00260538846553579,-0.0041015317796162,-0.005971710922216713,-0.009712069207417738,14
2010-10-29,-0.010957371391418325,1.9084379509014784,4,-0.011339058981598621,-0.012865809342319803,-0.014774247293221281,-0.01859112319502424,14
2010-11-29,-0.027483450010473306,1.9057641397898857,4,-0.02786460283843128,-0.02938921415026319,-0.03129497829005308,-0.03510650656963285,14
2010-12-28,0.002575976955954449,1.8761475641742205,1,0.002200747443119605,0.0006998293917802286,-0.0011763181723939919,-0.004928613300742433,14
2011-01-26,0.003028251798492829,1.8355123656140542,3,0.0026611493253700185,0.0011927394328787749,-0.0006427729327352794,-0.004313797663963388,14
2011-02-24,0.0185047408873104,1.836460450089751,6,0.01813744879729245,0.01666828043722065,0.0148318199871309,0.011158899086951397,14
2011-03-24,0.0009273336963724896,1.8045546826565517,5,0.0005664227598411793,-0.0008772209862840622,-0.002681775668940614,-0.0062908850342537175,14
2011-04-21,0.020396402044948487,1.8811679672944184,4,0.020020168451489604,0.01851523407765407,0.01663406611035965,0.012871730175770812,14
2011-05-20,-0.007911195629385302,1.8458434647662407,13,-0.00828036432233855,-0.009757039094151543,-0.011602882558917784,-0.015294569488450264,14
2011-06-20,0.024581627725044554,1.8106716338549387,7,0.024219493398273565,0.022770956091189617,0.020960284457334676,0.0173389411896248,14
2011-07-19,0.00806513823534005,1.8847339713413334,1,0.007688191441071784,0.0061804042639987174,0.004295670292657384,0.0005262023499747175,14
2011-08-16,0.020296631184216898,1.6852647638842941,5,0.01995957823144004,0.018611366420332603,0.016926101656448308,0.013555572128679721,14
2011-09-14,0.010618945301994243,1.8101857609182668,3,0.01025690814981059,0.008808759541075977,0.00699857378015771,0.0033782022583211764,14
2011-10-12,0.011286863077999672,1.787400590706567,3,0.010929382959858359,0.009499462487293105,0.007712061896586538,0.004137260715173403,14
2011-11-09,0.008945274502644191,1.8256190749550085,1,0.00858015068765319,0.0071196554276891835,0.0052940363527341746,0.0016427982028241576,14
2011-12-08,-0.005218506239401942,1.8590420658705578,2,-0.005590314652576054,-0.0070775483052724995,-0.008936590371143058,-0.012654674502884173,14
2012-01-09,0.006683337870412894,1.8538311632084687,4,0.0063125716377712,0.004829506707204425,0.002975675543995956,-0.0007319867824209817,14
2012-02-07,-0.006366163369746006,1.8877973772770495,6,-0.0067437228452014155,-0.008253960747023056,-0.010141758124300106,-0.013917352878854204,14
2012-03-07,0.006963016142984274,1.8870607574935876,3,0.006585603991485557,0.005075955385490686,0.003188894627997099,-0.0005852268869900763,14
2012-04-04,-0.008990365741499723,1.891750310664647,8,-0.009368715803632653,-0.01088211605216437,-0.012773866362829017,-0.01655736698415831,14
2012-05-03,-0.015016574169008383,1.837840927526387,3,-0.015384142354513661,-0.01685441509653477,-0.018692256024061157,-0.022367937879113932,14
2012-06-01,-0.011303919891001992,1.7966676403178206,5,-0.011663253419065555,-0.013100587531319811,-0.014897255171637633,-0.018490590452273276,14
2012-06-29,0.0294320063093942,1.9017648645082468,4,0.029051653336492553,0.027530241444885955,0.02562847658037771,0.021824946851361215,14
2012-07-30,-0.00083091711591536,1.8145879405916987,4,-0.0011938347040336998,-0.002645505056507059,-0.004460092997098757,-0.008089268878282155,14
2012-08-27,-0.016310613861464426,1.8826474702313765,0,-0.016687143355510702,-0.0181932613316958,-0.020075908801927177,-0.023841203742389933,14
2012-09-25,0.009181395562267993,1.9330095471570714,3,0.008794793652836579,0.007248386015110921,0.005315376467953849,0.001449357373639707,14
2012-10-23,-0.014367227513265789,1.8857805018546272,1,-0.014744383613636714,-0.016253008015120415,-0.018138788516975042,-0.021910349520684297,14
2012-11-23,0.0008308581909595925,1.871146911012242,7,0.0004566288087571441,-0.0010402887200526498,-0.0029114356310648917,-0.0066537294530893765,14
2012-12-21,0.003373572328540301,1.893247105220649,4,0.002994922907496171,0.0014803252233196518,-0.00041292188190099723,-0.004199416092342295,14
2013-01-23,-0.016255246640922035,1.8888411640439766,3,-0.016633014873730832,-0.01814408780496601,-0.02003292896900999,-0.023810611297097942,14
2013-02-21,0.017813900218618138,1.8384035392270104,5,0.017446219510772736,0.01597549667939113,0.014137093140164116,0.010460286061710096,14
2013-03-21,0.016394652007551424,1.8626834520472446,4,0.016022115317141976,0.01453196855550418,0.012669285103456935,0.008943918199362445,14
2013-04-19,0.0013094042673665316,1.7989867410792293,1,0.0009496069191506857,-0.0004895824737126977,-0.002288569214791927,-0.005886542696950385,14
2013-05-17,-0.006946772712573936,1.9662625494242567,2,-0.0073400252224587875,-0.008913035261998194,-0.01087929781142245,-0.014811822910270963,14
2013-06-17,-0.0051912887408717195,1.903553940402382,5,-0.005571999528952196,-0.007094842681274102,-0.008998396621676483,-0.012805504502481248,14
2013-07-16,-0.001118881646157557,1.8842328820582288,2,-0.0014957282225692029,-0.0030031145282157857,-0.004887347410274015,-0.008655813174390473,14
2013-08-13,0.016644626732563464,1.8539420724169577,1,0.01627383831808007,0.014790684660146505,0.012936742587729548,0.009228858442895633,14
2013-09-11,-0.01777409100495199,1.8624422503787854,6,-0.018146579455027748,-0.019636533255330775,-0.02149897550570956,-0.02522386000646713,14
2013-10-09,-0.012973985864304108,1.8171454841206445,4,-0.013337414961128237,-0.014791131348424752,-0.016608276832545395,-0.020242567800786686,14
2013-11-06,-0.028015271764533153,1.8822139822044173,2,-0.028391714560974037,-0.02989748574673757,-0.031779699728941985,-0.03554412769335082,14
2013-12-05,-0.008585114696504081,1.943832538893709,5,-0.008973881204282823,-0.01052894723539779,-0.012472779774291499,-0.016360444852078916,14
2014-01-06,-0.018974172267257994,1.8933027769769208,1,-0.01935283282265338,-0.020867475044234914,-0.022760777821211838,-0.026547383375165677,14
2014-02-04,-0.033509007593230486,1.8539685296247232,3,-0.03387980129915543,-0.03536297612285521,-0.03721694465247993,-0.04092488171172938,14
2014-03-05,0.007815287728379434,1.9544646012859788,3,0.007424394808122238,0.005860823127093455,0.003906358525807476,-2.570676764481611e-06,14
2014-04-02,0.023943172669542954,1.8319074467752259,2,0.02357679118018791,0.02211126522276773,0.020279357775992504,0.01661554288244205,14
2014-05-01,0.011469130164882733,1.7211628881048584,1,0.011124897587261762,0.009747967276777875,0.008026804388673016,0.0045844786124633,14
2014-05-30,-0.007058956941218358,1.8548732532381405,3,-0.007429931591865987,-0.008913830194456499,-0.01076870344769464,-0.01447844995417092,14
2014-06-27,0.017011141298772403,1.9080953119453394,1,0.016629522236383334,0.015103045986827063,0.013194950674881724,0.009378760050991045,14
2014-07-28,-0.02035424911884699,1.8442099535987455,3,-0.020723091109566737,-0.022198459072445734,-0.02404266902604448,-0.02773108893324197,14
2014-08-25,-0.00394795542906189,1.9337428718010647,3,-0.004334704003422103,-0.005881698300862955,-0.00781544117266402,-0.01168292691626615,14
2014-09-23,-0.009781985598690627,1.8473768319292578,2,-0.010151460965076478,-0.011629362430619884,-0.013476739262549142,-0.01717149292640766,14
2014-10-21,0.01585822030023278,1.787716270398196,3,0.01550067704615314,0.014070504029834584,0.012282787759436387,0.008707355218639995,14
2014-11-18,-0.019801864361983876,1.8726725855812734,3,-0.02017639887910013,-0.02167453694756515,-0.023547209533146422,-0.02729255470430897,14
2014-12-17,-0.024024928645195485,1.841944968670268,2,-0.02439331763892954,-0.025866873613865752,-0.027708818582536023,-0.03139270851987656,14
2015-01-16,0.02791085264964732,1.7854881805311136,3,0.027553755013541095,0.026125364469116206,0.02433987628858509,0.020768899927522864,14
2015-02-17,-0.01820881106160132,1.8891180876520322,1,-0.018586634679131728,-0.020097929149253353,-0.021987047236905383,-0.025765283412209447,14
2015-03-17,0.017067779653726866,1.9596412420677047,2,0.016675851405313327,0.015108138411659162,0.013148497169591458,0.009229214685456047,14
2015-04-15,0.02352436179568912,1.840611333174481,5,0.023156239529054223,0.02168375046251464,0.01984313912934016,0.016161916462991196,14
2015-05-13,-0.0015980024191029863,1.8098641615503657,3,-0.0019599752514130593,-0.003407866580653352,-0.005217730742203718,-0.00883745906530445,14
2015-06-11,0.009863127996393137,1.8959460844957603,2,0.009483938779493986,0.007967181911897377,0.006071235827401617,0.002279343658410096,14
2015-07-10,0.035895859516003215,1.8570689337750719,3,0.0355244457292482,0.03403879058222814,0.03218172164845307,0.028467583780902927,14
2015-08-07,0.008850062040958973,1.7839147553567423,4,0.008493279089887625,0.00706614728560223,0.005282232530245488,0.0017144030195320034,14
2015-09-04,-0.01712092525980495,1.7805637073615987,3,-0.01747703800127727,-0.01890148896716655,-0.020682052674528148,-0.024243180089251345,14
2015-10-05,-0.007799813753432646,1.8441016404912758,4,-0.008168634081530901,-0.009643915393923922,-0.011488017034415198,-0.01517622031539775,14
2015-11-02,-0.02021764634404533,1.8984879790939764,2,-0.020597343939864125,-0.022116134323139306,-0.024014622302233283,-0.027811598260421233,14
2015-12-01,0.008344349529886845,1.89058361570937,3,0.007966232806744971,0.006453765914177475,0.004563182298468105,0.0007820150670493648,14
2015-12-30,-0.020853777401647837,1.82171140026848,4,-0.021218119681701533,-0.02267548880191632,-0.024497200202184797,-0.028140623002721757,14
2016-01-29,-0.026694837545107365,1.7690071583346965,1,-0.027048638976774304,-0.02846384470344206,-0.03023285186177676,-0.03377086617844615,14
2016-02-29,0.014574485076645575,1.9324336893199296,1,0.01418799833878159,0.012642051387325645,0.010709617698005717,0.006844750319365857,14
2016-03-29,-0.027584301537562514,1.9639779642609565,4,-0.027977097130414706,-0.029548279501823472,-0.03151225746608443,-0.03544021339460634,14
2016-04-26,-0.0023812254228663737,1.9193164801249802,2,-0.00276508871889137,-0.004300541902991354,-0.006219858383116334,-0.010058491343366295,14
2016-05-24,-0.0020867993476894695,1.8467647543476158,3,-0.0024561522985589927,-0.003933564102037085,-0.0057803288563847005,-0.009473858365079933,14
2016-06-22,-0.005105919764063608,1.9115361048651494,5,-0.005488226985036638,-0.007017455868928758,-0.008928991973793907,-0.012752064183524207,14
2016-07-21,-0.00405843831118422,1.8874110569280398,4,-0.004435920522569828,-0.00594584936811226,-0.0078332604250403,-0.01160808253889638,14
2016-08-18,-0.002871550060161736,1.9475041230571457,7,-0.003261050884773165,-0.004819054183218882,-0.006766558306276028,-0.010661566552390318,14
2016-09-16,-0.0050332654648199545,1.861634129890808,5,-0.005405592290798116,-0.006894899594710763,-0.00875653372460157,-0.012479801984383187,14
2016-10-14,0.052341312264542895,1.835320090191902,8,0.05197424824650451,0.05050599217435099,0.048670672084159095,0.04500003190377529,14
2016-11-11,-0.011703248736749921,1.8195386012819053,2,-0.012067156457006302,-0.013522787338031826,-0.015342325939313731,-0.018981403141877542,14
2016-12-12,0.007660685684731975,1.916173755668483,4,0.007277450933598278,0.005744511929063492,0.0038283381733950086,-4.0093379419575345e-06,14
2017-01-11,0.013863197665904199,1.8415836955965397,5,0.013494880926784891,0.01202161397030766,0.01018003027471112,0.00649686288351804,14
2017-02-09,-0.009699378116704845,1.850860648667466,4,-0.010069550246438339,-0.011550238765372312,-0.013401099414039778,-0.01710282071137471,14
2017-03-10,-0.0026544616142371857,1.9024306800151123,4,-0.003034947750240208,-0.004556892294252298,-0.00645932297426741,-0.010264184334297634,14
2017-04-07,0.006325327746484606,1.8515913722398667,6,0.005955009472036633,0.004473736374244739,0.0026221450020048726,-0.001081037742474861,14
2017-05-08,0.023920597769022875,1.8966281054655072,2,0.023541272147929775,0.022023969663557366,0.02012734155809186,0.016334085347160847,14
2017-06-06,-0.004646946516052167,1.857934316579863,4,-0.00501853337936814,-0.00650488083263203,-0.008362815149211892,-0.012078683782371619,14
2017-07-05,0.02393958417721386,1.81833428107534,4,0.023575917320998792,0.02212124989613852,0.020302915615063182,0.016666247052912503,14
2017-08-02,-9.771984411603088e-05,1.7396939396136633,2,-0.00044565863203876354,-0.001837413783729694,-0.0035771077233433574,-0.007056495602570684,14
2017-08-30,0.03437591135084828,1.7839620892024823,7,0.03401911893300778,0.0325919492616458,0.03080798717244332,0.027240062994038354,14
2017-09-28,0.01479628667413031,1.8728945770170753,6,0.014421707758726894,0.012923392097113235,0.011050497520096158,0.007304708366062008,14
2017-10-26,0.01411926599290184,1.7617166622825238,7,0.013766922660445335,0.012357549330619316,0.010595832668336792,0.007072399343771745,14
2017-11-24,0.004329650323990916,1.8784542287178114,2,0.003953959478247353,0.002451196095273104,0.0005727418665552927,-0.0031841665908803303,14
2017-12-22,-0.009864687995362536,1.9397634044131928,2,-0.010252640676245175,-0.011804451399775729,-0.013744214804188921,-0.017623741613015307,14
2018-01-24,0.029871646427273267,1.8775342156535064,5,0.029496139584142565,0.02799411221161976,0.026116577995966256,0.02236150956465924,14
2018-02-22,0.013023781846358355,1.7671443976860473,5,0.012670352966821145,0.011256637448672308,0.00948949305098626,0.005955204255614166,14
2018-03-22,0.025879608265194157,1.840665531284087,2,0.025511475158937338,0.02403894273391007,0.02219827720262598,0.01851694614005781,14
2018-04-20,-0.01239273855913186,1.7725851684090215,2,-0.012747255592813663,-0.01416532372754088,-0.0159379088959499,-0.019483079232767944,14
2018-05-18,-0.030719485878650095,1.912524557098592,4,-0.031101990790069815,-0.03263201043574869,-0.03454453499284728,-0.03836958410704446,14
2018-06-18,0.010171013113733394,1.9068987297125382,4,0.009789633367790887,0.008264114384020856,0.006357215654308317,0.002543418194883241,14
2018-07-17,-0.0033981014503829125,1.8387184743662062,2,-0.0037658451452561538,-0.005236819924749119,-0.007075538399115325,-0.010752975347847738,14
2018-08-14,-0.001696407481707567,1.882810878124357,2,-0.0020729696573324385,-0.003579218359831924,-0.005462029237956282,-0.009227650994204995,14
2018-09-12,-0.005273844285398027,1.9082442857057655,1,-0.00565549314253918,-0.007182088571103792,-0.009090332856809559,-0.01290682142822109,14
2018-10-10,0.01499240499999404,1.8198762497756524,6,0.01462842975003891,0.013172528750218387,0.011352652500442735,0.00771290000089143,14
2018-11-07,-0.009015696127679506,1.8534417881748424,5,-0.009386384485314474,-0.010869137915854348,-0.01272257970402919,-0.016429463280378875,14
2018-12-07,-0.008173015196860964,1.8408804237162166,4,-0.008541191281604207,-0.01001389562057718,-0.011854776044293396,-0.01553653689172583,14
2019-01-08,-0.015360192470294323,1.8808164747383889,4,-0.015736355765242,-0.01724100894503271,-0.019121825419771102,-0.022883458369247878,14
2019-02-06,0.004825508139041089,1.9439296162280544,5,0.0044367222157954776,0.0028815785228130343,0.00093764890658498,-0.0029502103258711287,14
2019-03-07,0.004459307326076045,1.9050749727068885,2,0.004078292331534667,0.002554232353369156,0.0006491573806622674,-0.00316099256475151,14
2019-04-04,0.007326611607859935,1.9148722973318777,1,0.0069436371483935595,0.005411739310528058,0.0034968670131961797,-0.000332877581467576,14
2019-05-03,-0.021125379870169318,1.8281197005842718,0,-0.021491003810286173,-0.02295349957075359,-0.024781619271337863,-0.028437858672506405,14
2019-06-03,-0.0017009928498103973,1.7968952781643817,1,-0.002060371905443274,-0.003497888127974779,-0.0052947834061391605,-0.008888573962467923,14
2019-07-01,0.008015736399922799,1.9748725360172315,1,0.007620761892719353,0.006040863863905567,0.004065991327888336,0.00011624625585387321,14
2019-07-30,0.01794388204369098,1.900407830251172,1,0.017563800477640744,0.016043474213439806,0.014143066383188635,0.01034225072268629,14
2019-08-27,0.009664282441413452,1.7515473507087405,3,0.009313972971271704,0.007912735090704712,0.006161187739995971,0.0026580930385784905,14
2019-09-25,-0.007675063305823048,1.9054001138772212,7,-0.008056143328598492,-0.009580463419700268,-0.01148586353357749,-0.015296663761331934,14
2019-10-23,-0.01578512994181816,1.8355563872248257,3,-0.016152241219263126,-0.017620686329042987,-0.01945624271626781,-0.023127355490717462,14
2019-11-20,0.00436905049667427,1.8921741812037707,3,0.0039906156604335155,0.002476876315470499,0.0005847021342667283,-0.003199646228140813,14
2019-12-19,-0.0032790464527692625,1.9403151677475652,6,-0.0036671094863187756,-0.005219361620516828,-0.007159676788264393,-0.011040307123759523,14
2020-01-21,0.007637818183202271,1.8761127204359451,4,0.007262595639115082,0.005761705462766326,0.003885592742330381,0.00013336730145849067,14
2020-02-19,-0.03568515132927073,1.889968218595308,3,-0.03606314497298979,-0.037575119547866034,-0.03946508776646134,-0.043245024203651956,14
2020-03-18,0.041022215411315725,1.5319236981220656,5,0.040715830671691315,0.03949029171319366,0.037958368015071596,0.03489452061882746,14
2020-04-16,-0.017972437813434317,2.017087000069724,3,-0.018375855213448263,-0.01998952481350404,-0.022006611813573766,-0.02604078581371321,14
2020-05-14,0.00929924200342854,1.9196641634334484,4,0.00891530917074185,0.007379577839995091,0.005459913676561643,0.0016205853496947462,14
2020-06-12,-0.020496993612082137,1.9487706400687523,4,-0.020886747740095888,-0.02244576425215089,-0.02439453489221964,-0.028292076172357145,14
2020-07-13,0.012067136044338652,1.840103852331215,1,0.011699115273872409,0.010227032192007436,0.008386928339676221,0.004706720635013792,14
2020-08-10,0.03682006433308169,1.968501096771951,3,0.036426364113727294,0.03485156323630974,0.03288306213953779,0.028946059945993884,14
2020-09-08,0.046516271002478085,1.784744921545299,5,0.046159322018169024,0.04473152608093279,0.042946781159387486,0.039377291316296886,14
2020-10-06,0.015628167459389185,1.8326731949057518,3,0.015261632820408034,0.013795494264483434,0.01196282106957768,0.008297474679766177,14
2020-11-03,-0.060377156190295676,1.8254615778693521,1,-0.060742248505869546,-0.062202617768165026,-0.06402807934603438,-0.06767900250177308,14
2020-12-02,0.003682451286985437,2.0268551416331286,4,0.0032770802586588113,0.0016555961453523084,-0.0003712589962808202,-0.004424969279547077,14
2020-12-31,0.0238887751878393,1.8965522028161088,7,0.02350946474727608,0.02199222298502319,0.020095670782207083,0.016302566376574866,14
2021-02-01,0.03394109601547631,1.9049021189188013,4,0.03356011559169255,0.03203619389655751,0.030131291777638708,0.026321487539801104,14
2021-03-02,0.07783963904422331,1.7960122602928545,0,0.07748043659216473,0.07604362678393045,0.0742476145236376,0.07065559000305188,14
2021-03-30,0.02770355881450628,1.7156785739522442,6,0.02736042309971583,0.025987880240554036,0.024272201666601795,0.020840844518697305,14
2021-04-28,0.040081858228138305,1.8509793102927583,1,0.03971166236607975,0.038230878917845545,0.036379899607552786,0.032677940986967274,14
2021-05-26,-0.04155279639804316,1.7586884349133725,4,-0.041904534085025834,-0.04331148483295653,-0.045070173267869905,-0.048587550137696646,14
2021-06-24,0.032311035329769915,1.8829683763688705,4,0.03193444165449614,0.030428066953401042,0.028545098577032173,0.024779161824294432,14
2021-07-23,0.01711886535550899,1.757814165713876,0,0.016767302522366214,0.015361051189795114,0.01360323702408124,0.010087608692653488,14
2021-08-20,0.0206484988124633,1.8052591725510871,6,0.02028744697795308,0.01884323963991221,0.017037980467361123,0.01342746212225895,14
2021-09-20,0.02927975663893203,1.841920583087768,1,0.028911372522314474,0.02743783605584426,0.025595915472756494,0.02191207430658096,14
2021-10-18,-0.008946779369892282,1.851248668054048,3,-0.00931702910350309,-0.01079802803794633,-0.012649276706000377,-0.016351774042108476,14
2021-11-15,0.0036068541121717142,1.927748128794519,3,0.0032213044864128106,0.0016791059833771952,-0.0002486421454173239,-0.004104138403006362,14
2021-12-14,0.01413674933920956,1.7753319494753845,3,0.013781682949314483,0.012361417389734175,0.010586085440258792,0.007035421541308022,14
2022-01-12,0.02782937823700037,1.830807567657609,3,0.027463216723468846,0.02599857066934276,0.02416776310168515,0.02050614796636993,14
2022-02-10,0.004195217864627492,1.791772423932808,4,0.0038368633798409307,0.0024034454406946845,0.0006116730167618763,-0.0029718718311037397,14
2022-03-11,0.007006508368113457,1.8146147039233502,4,0.006643585427328787,0.005191893664190107,0.0033772789602667564,-0.0002519504475799444,14
2022-04-08,0.10807281149379065,1.9416118181646145,2,0.10768448913015773,0.10613119967562604,0.10418958785746142,0.10030636422113219,14
2022-05-09,0.0024583206262053527,1.704926991736267,2,0.0021173352278580993,0.0007533936344690855,-0.0009515333572671816,-0.0043613873407397155,14
2022-06-07,-0.04575798862413091,1.921638635871054,6,-0.04614231635130513,-0.04767962726000197,-0.04960126589587302,-0.05344454316761513,14
2022-07-07,-0.018606123050277704,1.8445334813827141,1,-0.018975029746554246,-0.020450656531660418,-0.022295190013043132,-0.02598425697580856,14
2022-08-04,-0.011764430058374764,1.9559614848918692,2,-0.012155622355353139,-0.013720391543266633,-0.015676353028158504,-0.01958827599794224,14
2022-09-01,0.003534222249561168,1.8387669354183753,2,0.0031664688624774926,0.0016954553141427925,-0.00014331162127558276,-0.0038208454921123333,14
2022-09-30,-0.007253143646964159,1.7493929823460899,5,-0.007603022243433378,-0.00900253662931025,-0.010751929611656339,-0.014250715576348518,14
2022-10-28,0.059041525641117344,1.9082337155971396,2,0.05865987889799792,0.057133291925520205,0.055225058209923066,0.05140859077872879,14
2022-11-28,0.0013361450884942705,1.8391219860131607,9,0.0009683206912916382,-0.0005029768975188902,-0.002342098883532051,-0.006020342855558372,14
2022-12-27,0.06825399518481885,1.8051623151085439,4,0.06789296272179714,0.0664488328697103,0.06464367055460177,0.061033345924384676,14
2023-01-26,-0.004524396336550061,1.8805179843370967,4,-0.0049004999334174805,-0.006404914320887158,-0.008285432305224254,-0.012046468273898448,14
2023-02-24,0.023814656541538796,1.858503210430298,4,0.023442955899452736,0.021956153331108497,0.0200976501206782,0.016380643699817603,14
2023-03-24,0.005440226238307151,1.7358355311773774,2,0.005093059132071675,0.0037043907071297737,0.001968555175952396,-0.0015031158864023588,14
2023-04-24,-0.021859999029448497,1.8710979308964235,4,-0.02223421861562778,-0.023731096960344922,-0.025602194891241343,-0.029344390753034192,14
2023-05-22,0.02383744626982324,1.8505189177747334,3,0.02346734248626829,0.021986927352048505,0.02013640843427377,0.016435370598724304,14
2023-06-21,-0.0033755532857382632,1.8801111987127102,2,-0.003751575525480805,-0.005255664484450973,-0.007135775683163684,-0.010895998080589104,14
2023-07-20,0.0004510501778380862,1.915542963597697,4,6.794158511854679e-05,-0.001464492785759611,-0.003380035749357308,-0.007211121676552703,14
2023-08-17,0.00850784867001735,1.8113184904996615,3,0.008145584971917419,0.006696530179517689,0.004885211689018027,0.0012625747080187042,14
2023-09-15,-0.027895306932159206,1.8101752208009365,3,-0.02825734197631939,-0.029705482152960143,-0.03151565737376108,-0.035136007815362955,14
2023-10-13,0.013892889665049136,1.7941695095057228,3,0.01353405576314799,0.012098720155543414,0.01030455064603769,0.006716211627026244,14
2023-11-10,0.027977796606949108,1.808250076948375,3,0.027616146591559435,0.026169546530000733,0.024361296453052357,0.02074479629915561,14
2006-01-26,0.012150499552230255,1.0000000000000029,7,0.011950499552230254,0.011150499552230252,0.01015049955223025,0.008150499552230243,15
2006-02-24,0.009402909668703816,1.863379024504115,4,0.009030233863802993,0.0075395306441997005,0.005676151619695586,0.0019493935706873548,15
2006-03-24,-1.1044473550612336e-05,1.8482655243143817,2,-0.0003806975784134887,-0.0018593099978649942,-0.003707575522179376,-0.007404106570808139,15
2006-04-24,0.01546935483662947,1.8513327841010343,1,0.015099088279809263,0.013618022052528435,0.011766689268427402,0.008064023700225333,15
2006-05-22,0.0074989708815005815,1.8012247350417756,3,0.007138725934492226,0.005697746146458806,0.0038965214114170302,0.00029407194133347896,15
2006-06-20,0.005153475832931007,1.788238490547611,4,0.004795828134821485,0.0033652373423833965,0.0015769988518357855,-0.0019994781292594363,15
2006-07-19,0.036065909879801884,1.7897884848196541,2,0.035707952182837954,0.03427612139498223,0.03248633291016258,0.02890675594052327,15
2006-08-16,0.0026927700395439355,1.8413543606389429,2,0.0023244991674161468,0.0008514156789049927,-0.0009899386817339502,-0.004672647403011836,15
2006-09-14,0.005573929806660297,1.877587744703354,3,0.005198412257719626,0.0036963420619569426,0.0018187543172535885,-0.0019364211721531197,15
2006-10-12,0.0008383448889325549,1.8353707519221993,3,0.00047127073854811506,-0.0009970258629896445,-0.0028323966149118437,-0.006503138118756243,15
2006-11-09,0.015763393452990146,1.7910023729116176,4,0.015405192978407822,0.013972391080078528,0.01218138870716691,0.008599383961343675,15
2006-12-08,0.012624929745437313,1.8644355449097152,5,0.012252042636455369,0.010760494200527597,0.008896058655617881,0.005167187565798452,15
2007-01-10,-0.006484475200259787,1.8152847029533454,9,-0.006847532140850456,-0.008299759903213133,-0.010115044606166478,-0.013745614012073169,15
2007-02-08,0.014696988493672751,1.9356440131719366,3,0.014309859691038365,0.012761344480500815,0.010825700467328878,0.006954412440985005,15
2007-03-09,-0.002201209288053786,1.8255383951164037,8,-0.0025663169670770668,-0.0040267476831701895,-0.005852286078286594,-0.009503362868519402,15
2007-04-09,-0.011572423584374701,1.897554056532656,5,-0.011951934395681233,-0.013469977640907358,-0.015367531697440014,-0.019162639810505325,15
2007-05-07,0.0010999966997725782,1.8331250668117964,5,0.0007333716864102188,-0.0007331283670392182,-0.0025662534338510147,-0.006232503567474608,15
2007-06-05,0.0034771877712560517,1.8489557050844507,7,0.0031073966302391613,0.001628232066171601,-0.00022072363891284964,-0.003918635049081751,15
2007-07-03,0.007403957240670443,1.8291169954857753,5,0.007038133841573288,0.005574840245184667,0.003745723249698892,8.748925872734126e-05,15
2007-08-01,0.00018877553849412708,1.746691627811718,6,-0.00016056278706821654,-0.001557916089317591,-0.0033046077171293093,-0.006797990972752745,15
2007-08-29,0.011737594677259834,1.827092359778733,6,0.011372176205304087,0.0099105023174811,0.008083409957702369,0.0044292252381449015,15
2007-09-27,0.01850547134802822,1.8552177898215259,8,0.018134427790063915,0.016650253558206693,0.014795035768385168,0.011084600188742116,15
2007-10-25,0.017486935691424947,1.7856115078526669,12,0.017129813389854413,0.01570132418357228,0.013915712675719612,0.01034448966001428,15
2007-11-23,-0.028602567016847238,1.7340085535795962,4,-0.02894936872756316,-0.030336575570426835,-0.03207058412400643,-0.035538601231165624,15
2007-12-21,-0.003920718272803619,1.8814961319693535,3,-0.00429701749919749,-0.005802214404772973,-0.007683710536742326,-0.011446702800681033,15
2008-01-23,0.01554043721570961,1.746627626329535,7,0.015191111690443704,0.013793809589380075,0.012047181963050541,0.008553926710391471,15
2008-02-21,-0.011550885590840842,1.8654345472434646,5,-0.011923972500289535,-0.013416320138084307,-0.015281754685327772,-0.019012623779814698,15
2008-03-20,-0.006408515042398785,1.8197181251768606,2,-0.006772458667434157,-0.008228233167575646,-0.010047951292752506,-0.013687387543106229,15
2008-04-18,-0.024369555052879147,1.8862640836400955,3,-0.024746807869607167,-0.026255819136519244,-0.028142083220159337,-0.03191461138743953,15
2008-05-16,0.002779494604273099,1.9268575704782798,5,0.002394123090177443,0.0008526370337948192,-0.0010742205366834606,-0.00492793567764002,15
2008-06-16,-0.0516899100490197,1.878174393071896,2,-0.05206554492763408,-0.053568084442091594,-0.05544625883516349,-0.05920260762130728,15
2008-07-15,0.11674174318499593,1.702650354364141,7,0.1164012131141231,0.1150390928306318,0.11333644247626765,0.10993114176753936,15
2008-08-12,0.008190445194621487,1.8417323380938766,3,0.007822098727002711,0.00634871285652761,0.004506980518433733,0.0008235158422459799,15
2008-09-10,-0.03768352405060903,1.874346034235925,4,-0.03805839325745621,-0.03955787008484495,-0.04143221611908088,-0.04518090818755273,15
2008-10-08,0.005041459254297814,1.6551638250810041,6,0.004710426489281613,0.0033862954292168093,0.001731131604135805,-0.0015791960460262034,15
2008-11-05,0.019226622514933556,1.807394888553453,3,0.018865143537222864,0.017419227626380103,0.01561183273782665,0.011997042960719745,15
2008-12-04,-0.055903153642574144,1.676667624267524,5,-0.05623848716742765,-0.05757982126684167,-0.05925648889110919,-0.06260982413964424,15
2009-01-05,-0.05938646049463655,2.0855618918302667,2,-0.0598035728730026,-0.06147202238646682,-0.06355758427829708,-0.06772870806195762,15
2009-02-03,-0.010856468495993615,1.8259205985439375,1,-0.011221652615702403,-0.012682389094537554,-0.01450830969308149,-0.018160150890169365,15
2009-03-04,-0.008679373285568793,1.7388653156115013,2,-0.009027146348691093,-0.010418238601180295,-0.012157103916791796,-0.0156348345480148,15
2009-04-01,-0.07027783486792745,2.0292868247400984,1,-0.07068369223287548,-0.07230712169266755,-0.07433640851740765,-0.07839498216688784,15
2009-04-30,0.03326206627897975,2.0531487187592137,0,0.03285143653522791,0.031208917560220536,0.029155768841461323,0.025049471403942893,15
2009-05-29,0.007423554506360335,1.8885647836840567,1,0.007045841549623524,0.005534989722676279,0.0036464249389922218,-0.00013070462837589183,15
2009-06-26,0.008785220466615395,1.835130319761671,3,0.008418194402663061,0.006950090146853724,0.005114959827092053,0.0014446991875687112,15
2009-07-27,-0.02426296045627868,1.9335972018717207,1,-0.024649679896653027,-0.0261965576581504,-0.028130154860022124,-0.031997349263765566,15
2009-08-24,-0.01104441412033782,1.9241302325257477,2,-0.01142924016684297,-0.012968544352863568,-0.014892674585389315,-0.01874093505044081,15
2009-09-22,0.0021098770231588477,1.9248009671435322,6,0.0017249168297301413,0.00018507605601531538,-0.001739724911128217,-0.0055893268454152815,15
2009-10-20,0.010556157357500894,1.8814708914570861,6,0.010179863179209476,0.008674686466043807,0.006793215574586721,0.0030302737916725487,15
2009-11-17,-0.00465192211376911,1.773693397261492,4,-0.005006660793221408,-0.006425615511030602,-0.008199308908292093,-0.011746695702815078,15
2009-12-16,0.0010262232269336485,1.8855006503024834,2,0.0006491230968731518,-0.0008592774233688349,-0.002744778073671318,-0.006515779374276285,15
2010-01-15,0.019080907845777272,1.917826488237008,4,0.01869734254812987,0.017163081357540265,0.015245254869303256,0.01140960189282924,15
2010-02-16,-0.00028972853265458553,1.83435509496503,7,-0.0006565995516475915,-0.0021240836276196157,-0.003958438722584646,-0.0076271489125147056,15
2010-03-16,0.0038909304239577946,1.9262034134041917,2,0.0035056897412769563,0.0019647270105536026,3.8523597149411025e-05,-0.0038138832296589725,15
2010-04-14,0.0037656280554076507,1.8888908263419886,3,0.003387849890139253,0.0018767372290656621,-1.2153597276326478e-05,-0.0037899352499603037,15
2010-05-12,0.020697139071333078,1.8235270799242178,5,0.020332433655348234,0.01887361199140886,0.01705008491148464,0.013403030751636208,15
2010-06-10,-0.013160486478383328,1.736383552150352,3,-0.0135077631888134,-0.014896870030533681,-0.016633253582684034,-0.020106020686984735,15
2010-07-09,0.01096529091007376,1.811749546958676,6,0.010602941000682025,0.009153541363115084,0.007341791816156408,0.0037182927222390565,15
2010-08-06,0.006328383403385921,1.8067109086336384,2,0.005967041221659193,0.0045216724947522826,0.002714961586118644,-0.0008984602311486326,15
2010-09-03,-0.0035255406412284356,1.8434535224056987,4,-0.0038942313457095753,-0.005368994163634134,-0.007212447686039833,-0.01089935473085123,15
2010-10-04,0.006124074277793012,1.8622537712724623,2,0.005751623523538519,0.00426182050652055,0.0023995667352480874,-0.0013249408072968372,15
2010-11-01,-0.03660529971486003,1.8941482091281214,5,-0.03698412935668566,-0.038499447923988156,-0.04039359613311628,-0.04418189255137252,15
2010-11-30,-0.010355960520118166,1.9096914497004427,2,-0.010737898810058256,-0.01226565196981861,-0.014175343419519051,-0.017994726318919938,15
2010-12-29,-0.012271738106615552,1.8966333202296268,3,-0.012651064770661477,-0.01416837142684518,-0.016065004747074806,-0.01985827138753406,15
2011-01-27,0.006829735577448771,1.9166211202349805,1,0.006446411353401775,0.004913114457213791,0.0029964933369788097,-0.0008367489034911517,15
2011-02-25,0.03606783254667383,1.8190964380393162,8,0.03570401325906597,0.03424873610863451,0.0324296396705952,0.02879144679451657,15
2011-03-25,0.013948650537029796,1.8053187669180568,2,0.013587586783646185,0.012143331770111739,0.010338013003193681,0.006727375469357568,15
2011-04-25,-0.0039310487311432244,1.8824024474129477,5,-0.004307529220625814,-0.005813451178556172,-0.007695853625969119,-0.011460658520795015,15
2011-05-23,0.010229696043878075,1.8509051177935743,9,0.00985951502031936,0.008378790926084501,0.006527885808290926,0.0028260755727037776,15
2011-06-21,-0.006919439975996876,1.844679486667875,6,-0.007288375873330451,-0.008764119462664751,-0.010608798949332626,-0.014298157922668376,15
2011-07-20,0.004049385786927573,1.8335168549616512,2,0.0036826824159352433,0.002215868931965922,0.0003823520770042709,-0.0032846816329190317,15
2011-08-17,0.0093723730449202,1.7120215825550118,5,0.009029968728409197,0.007660351462365187,0.005948329879810176,0.002524286714700152,15
2011-09-15,0.016896375618646355,1.831666794558686,3,0.016530042259734617,0.01506470882408767,0.013233042029528982,0.00956970844041161,15
2011-10-13,-0.019677576447747498,1.81720005739362,0,-0.02004101645922622,-0.021494776505141117,-0.02331197656253474,-0.026946376677321977,15
2011-11-10,0.004883365035796904,1.9257958132900825,3,0.0044982058731388875,0.0029575692225068217,0.0010317734092167392,-0.002819818217363426,15
2011-12-09,0.006297341316233798,1.8642196777535907,1,0.0059244973806830805,0.004433121638480208,0.002568901960726617,-0.0011595373947805646,15
2012-01-10,0.01663537160814486,1.7826824478093022,5,0.016278835118583,0.014852689160335558,0.013070006712526255,0.00950464181690765,15
2012-02-08,0.005796973149363428,1.8856828754644057,5,0.005419836574270547,0.003911290273899023,0.002025607398434617,-0.0017457583524941945,15
2012-03-08,-0.006480816149206967,1.856024641610171,2,-0.006852021077529,-0.008336840790817137,-0.010192865432427308,-0.013904914715647651,15
2012-04-05,0.010522376113869069,1.8328013487151809,6,0.010155815844126033,0.008689574765153888,0.0068567734164387065,0.003191170719008345,15
2012-05-04,-0.02113524688146463,1.793028615021604,5,-0.02149385260446895,-0.022928275496486236,-0.024721304111507837,-0.028307361341551047,15
2012-06-04,-0.0113370917823504,1.820905567339691,4,-0.011701272895818338,-0.01315799734969009,-0.014978902917029783,-0.018620714051709165,15
2012-07-02,0.002657756018605926,1.8817869833193426,2,0.0022813986219420573,0.0007759690352865834,-0.0011058179480327593,-0.004869391914671445,15
2012-07-31,-0.016328287502527565,1.8350090418088396,5,-0.016695289310889334,-0.018163296544336405,-0.019998305586145244,-0.023668323669762924,15
2012-08-28,-0.007733451032276172,1.9985483978268719,0,-0.008133160711841546,-0.009731999430103043,-0.011730547827929916,-0.01572764462358366,15
2012-09-26,-0.00987197006625285,1.8355387730981667,5,-0.010239077820872482,-0.011707508839351016,-0.013543047612449182,-0.017214125158645517,15
2012-10-24,0.0014991717763574912,1.8732936549119994,0,0.0011245130453750914,-0.00037412187855450827,-0.002247415533466508,-0.005994002843290507,15
2012-11-26,0.002677877010043285,1.8157301818959384,6,0.0023147309736640974,0.0008621468281473468,-0.0009535833537485917,-0.0045850437175404685,15
2012-12-24,0.00703867837904068,1.8356488622089864,3,0.006671548606598883,0.005203029516831694,0.0033673806546227077,-0.00030391706979526496,15
2013-01-24,-0.01243327496080151,1.915928176938465,3,-0.012816460596189204,-0.014349203137739975,-0.01626513131467844,-0.02009698766855537,15
2013-02-22,-0.0034547846910175477,1.8730677116164471,1,-0.003829398233340837,-0.005327852402633995,-0.007200920114250442,-0.010947055537483336,15
2013-03-22,-0.0017311285013963506,1.8517618205578237,4,-0.0021014808655079155,-0.0035828903219541743,-0.005434652142511998,-0.009138175783627646,15
2013-04-22,-0.028586033406802835,1.7983054898104704,0,-0.02894569450476493,-0.030384338896613305,-0.03218264438642378,-0.03577925536604472,15
2013-05-20,0.003219394246918739,2.003634388925439,0,0.002818667369133651,0.0012157598579933,-0.000787874530932139,-0.0047951433087830165,15
2013-06-18,-0.0025276435463258517,1.8322443992570896,5,-0.0028940924261772697,-0.004359887945582942,-0.006192132344840031,-0.00985662114335421,15
2013-07-17,-0.01701311071376401,1.9136112603682078,1,-0.017395832965837653,-0.01892672197413222,-0.02084033323450043,-0.024667555755236843,15
2013-08-14,0.013376650368433345,1.8666302699509405,2,0.013003324314443157,0.011510020098482404,0.009643389828531464,0.005910129288629583,15
2013-09-12,-0.004113586029200637,1.806192800273514,5,-0.00447482458925534,-0.005919778829474151,-0.007725971629747665,-0.011338357230294693,15
2013-10-10,-0.010962401249950684,1.833722918144178,8,-0.011329145833579518,-0.012796124168094862,-0.01462984708623904,-0.018297292922527394,15
2013-11-07,-0.005233560685048535,1.8127378226568658,3,-0.005596108249579909,-0.0070462985077054015,-0.008859036330362266,-0.012484511975675999,15
2013-12-06,-0.017063559684661892,1.9379461196904781,5,-0.017451148908599987,-0.01900150580435237,-0.020939451924042847,-0.024815344163423805,15
2014-01-07,0.0016734735758090387,1.8549490448836286,2,0.001302483766832313,-0.0001814754690745899,-0.0020364245139582182,-0.005746322603725476,15
2014-02-05,-0.020443038803291864,1.7894510926550706,2,-0.02080092902182288,-0.022232489895946936,-0.024021940988602004,-0.02760084317391215,15
2014-03-06,0.0014697214443805484,1.9594870012196834,3,0.0010778240441366117,-0.000489765556839135,-0.0024492525580588186,-0.0063682265604981855,15
2014-04-03,0.029195157969182834,1.85712765233696,3,0.028823732438715444,0.027338030316845875,0.025480902664508913,0.021766647359834995,15
2014-05-02,-0.006191920992150884,1.832617229966573,3,-0.006558444438144199,-0.008024538222117458,-0.00985715545208403,-0.013522389912017176,15
2014-06-02,-0.011201858666906815,1.9128828357085552,2,-0.011584435234048526,-0.01311474150261537,-0.015027624338323924,-0.018853390009741035,15
2014-06-30,0.0022318854190611363,1.9400278397160304,3,0.0018438798511179301,0.00029185757934510593,-0.0016481702603709245,-0.005528225939802985,15
2014-07-29,0.00440211323294593,1.8835115625111605,4,0.004025410920443698,0.0025186016704347694,0.0006350901079236089,-0.003131933017098712,15
2014-08-26,-0.002496967117854915,1.882461815646704,2,-0.002873459480984256,-0.004379428933501619,-0.006261890749148323,-0.010026814380441732,15
2014-09-24,0.010888169098242074,1.8526857484499815,1,0.010517631948552077,0.009035483349792092,0.007182797601342111,0.003477426104442148,15
2014-10-22,0.023609708493533426,1.7848209883372268,4,0.02325274429586598,0.0218248875051962,0.02004006651685897,0.01647042454018452,15
2014-11-19,-0.025918003950314565,1.8867525430049767,3,-0.026295354458915562,-0.02780475649331954,-0.029691509036324518,-0.03346501412233447,15
2014-12-18,-0.01566302281073694,1.9442643930899424,3,-0.01605187568935493,-0.017607287203826885,-0.019551551596916825,-0.02344008038309671,15
2015-01-20,0.03611541502942945,1.853174127973089,5,0.035744780203834835,0.03426224090145636,0.03240906677348327,0.028702718517537095,15
2015-02-18,-0.009047031921112905,1.8986644981975989,0,-0.009426764820752425,-0.010945696419310504,-0.012844360917508103,-0.0166416899139033,15
2015-03-18,0.007595227262417642,1.8986988360508454,0,0.007215487495207473,0.005696528426366796,0.003797829590315951,4.3191821426022403e-07,15
2015-04-16,0.01102311070818554,1.881361420800535,5,0.010646838424025433,0.009141749287385006,0.007260387866584471,0.0034976650249834004,15
2015-05-14,-0.0048112175110971885,1.8287569520411049,3,-0.005176968901505409,-0.006639974463138293,-0.008468731415179398,-0.012126245319261608,15
2015-06-12,-0.010163873407283702,1.8462852103759555,2,-0.010533130449358894,-0.012010158617659658,-0.013856443828035614,-0.017549014248787524,15
2015-07-13,0.020222670169577458,1.8894222905096851,2,0.01984478571147552,0.018333247879067774,0.016443825588558086,0.012664981007538718,15
2015-08-10,-0.0032870570724340548,1.8347151047861152,3,-0.003654000093391278,-0.00512177217722017,-0.006956487282006285,-0.010625917491578516,15
2015-09-08,0.0212853448569324,1.8289682859171636,4,0.02091955119974897,0.019456376571015236,0.017627408285098074,0.013969471713263747,15
2015-10-06,-0.043261491834468965,1.8257988335021813,2,-0.0436266516011694,-0.045087290667971146,-0.046913089501473326,-0.05056468716847769,15
2015-11-03,0.0017735680119219815,1.9572556959109877,2,0.001382116872739784,-0.00018368768398900636,-0.0021409433798999945,-0.00605545477172197,15
2015-12-02,0.007901804485565832,1.8295904600589639,5,0.0075358863935540395,0.006072214025506869,0.004242623565447905,0.0005834426453299769,15
2015-12-31,-0.0034211159404556003,1.8232799465490908,4,-0.0037857719297654186,-0.005244395887004691,-0.007067675833553782,-0.010714235726651963,15
2016-02-01,-0.003495628959930646,1.7482988680691773,2,-0.0038452887335444813,-0.005243927827999824,-0.006992226696069001,-0.010488824432207356,15
2016-03-01,0.005772277651301813,1.8943605923847935,2,0.005393405532824854,0.0038779170589170195,0.001983556466532226,-0.0018051647182373608,15
2016-03-30,-0.017269778950581495,1.8927099943568872,4,-0.017648320949452873,-0.019162488944938383,-0.02105519893929527,-0.024840618928009043,15
2016-04-27,0.006264909648649882,1.9669494924828541,2,0.005871519750153311,0.004297960156167027,0.0023310106636841733,-0.0016028883212815355,15
2016-05-25,-0.013647579025712798,1.8308252912592362,5,-0.014013744083964646,-0.015478404316972035,-0.01730922960823127,-0.020970880190749743,15
2016-06-23,0.004130020466498011,1.8991110052510387,6,0.0037501982654478032,0.0022309094612469726,0.0003317984559959336,-0.003466423554506144,15
2016-07-22,-0.015031575086839609,1.8551449381045282,4,-0.015402604074460514,-0.016886720024944138,-0.018741864963048666,-0.02245215483925772,15
2016-08-19,-0.009277297344756415,1.9108631554429683,8,-0.009659469975845008,-0.011188160500199383,-0.01309902365564235,-0.016920749966528287,15
2016-09-19,-0.006327205866173523,1.8517351447461836,6,-0.0066975528951227605,-0.008178941010919706,-0.01003067615566589,-0.013734146445158258,15
2016-10-17,0.03443843789897274,1.8546794162545548,6,0.034067502015721826,0.03258375848271818,0.03072907906646363,0.02701972023395452,15
2016-11-14,-0.0008426747750320357,1.873440754527496,4,-0.001217362925937535,-0.002716115529559532,-0.004589556284087028,-0.00833643779314202,15
2016-12-13,-0.008345762844304253,1.8284906110339798,2,-0.008711460966511049,-0.010174253455338234,-0.012002744066372213,-0.015659725288440174,15
2017-01-12,-0.009776506875372987,1.8721554425510964,5,-0.010150937963883206,-0.011648662317924083,-0.01352081776047518,-0.017265128645577374,15
2017-02-10,-0.0011242417491034785,1.8591903085910775,6,-0.001496079810821694,-0.002983432057694556,-0.004842622366285633,-0.008561002983467788,15
2017-03-13,-0.004888000399615362,1.9100967959464743,4,-0.005270019758804656,-0.006798097195561836,-0.00870819399150831,-0.01252838758340126,15
2017-04-10,-0.004989762007908594,1.841960660568162,6,-0.005358154140022226,-0.006831722668476756,-0.008673683329044918,-0.012357604650181242,15
2017-05-09,0.0191561769468152,1.8489341799828467,1,0.01878639011081863,0.01730724276683235,0.015458308586849507,0.011760440226883813,15
2017-06-07,-0.005444038030711759,1.8582231624398542,6,-0.0058156826631997295,-0.007302261193151613,-0.009160484355591468,-0.012876930680471176,15
2017-07-06,-0.006012853162072957,1.8183268809308673,4,-0.00637651853825913,-0.007831180043003825,-0.009649506923934691,-0.013286160685796425,15
2017-08-03,0.019130540078946413,1.865670068625839,2,0.018757406065221246,0.017264870010320576,0.015399199941694735,0.011667859804443056,15
2017-08-31,0.002109551928175464,1.8477900184244127,5,0.0017399939244905813,0.0002617619097510511,-0.0015860281086733617,-0.005281608145522187,15
2017-09-29,-0.0070549420277683855,1.8334414510543307,7,-0.007421630317979252,-0.008888383478822716,-0.010721824929877046,-0.014388707831985708,15
2017-10-27,0.013113182569223763,1.7718903962538508,7,0.012758804489972993,0.011341292172969912,0.009569401776716061,0.0060256209842083595,15
2017-11-27,0.013017821012428113,1.889495692402223,1,0.012639921873947668,0.01112832532002589,0.009238829627623667,0.00545983824281922,15
2017-12-26,0.01785903049289101,1.8561348017241788,5,0.017487803532546174,0.01600289569116683,0.014146760889442653,0.010434491285994295,15
2018-01-25,0.007263331789810431,1.859997362784204,6,0.006891332317253591,0.005403334427026227,0.0035433370642420233,-0.00017665766132638448,15
2018-02-23,-0.004161783751919269,1.8313000468384375,3,-0.004528043761286956,-0.005993083798757706,-0.007824383845596144,-0.01148698393927302,15
2018-03-23,0.013719811556038063,1.8431027044538253,2,0.013351191015147298,0.011876708851584237,0.010033606147130412,0.006347400738222762,15
2018-04-23,0.003131319133987005,1.8201144480745546,4,0.002767296244372094,0.0013112046859124506,-0.0005089097621621039,-0.004149138658311213,15
2018-05-21,-0.001065923735274531,1.8700637621632263,4,-0.0014399364877071762,-0.0029359874974377574,-0.0048060512596009835,-0.008546178783927437,15
2018-06-19,0.007305314932815316,1.8363201628208965,3,0.006938050900251136,0.005468994769994419,0.0036326746071735226,-3.9965718468270434e-05,15
2018-07-18,0.018491204104488273,1.8571536733029446,4,0.018119773369827685,0.016634050431185328,0.014776896757882383,0.011062589411276493,15
2018-08-15,0.0014220121877870878,1.8171938278202502,2,0.0010585734222230377,-0.0003951816400331624,-0.0022123754678534126,-0.005846763123493913,15
2018-09-13,-0.004957574557705273,1.9491429816741626,1,-0.005347403154040105,-0.006906717539379435,-0.008855860521053598,-0.012754146484401922,15
2018-10-11,0.036968028687110084,1.814539734051928,4,0.0366051207402997,0.03515348895305816,0.03333894921900623,0.02970986975090237,15
2018-11-08,-0.008750044335090388,1.8361859134070775,2,-0.009117281517771804,-0.010586230248497466,-0.012422416161904544,-0.016094787988718696,15
2018-12-10,-0.004779400940112047,1.790648982799748,1,-0.005137530736671996,-0.006570049922911795,-0.008360698905711544,-0.011941996871311039,15
2019-01-09,-0.004072787512250748,1.8795586564205375,2,-0.004448699243534856,-0.005952346168671286,-0.007831904825091824,-0.011591022137932899,15
2019-02-07,-0.00713931385240316,1.8611889179849683,6,-0.007511551636000154,-0.009000502770388129,-0.010861691688373096,-0.014584069524343032,15
2019-03-08,0.012450638389611579,1.906906500664485,4,0.012069257089478681,0.010543731888947094,0.008636825388282608,0.004823012386953639,15
2019-04-05,0.008102962849261932,1.8784111385456141,2,0.007727280621552809,0.0062245517107163174,0.004346140572170703,0.0005893182950794749,15
2019-05-06,-0.0068369683166070935,1.8451247686465553,0,-0.007205993270336404,-0.00868209308525365,-0.010527217853900204,-0.014217467391193315,15
2019-06-04,-0.00148418480074602,1.8089459178880287,3,-0.0018459739843236257,-0.003293130718634049,-0.005102076636522078,-0.008719968472298134,15
2019-07-02,0.013817939096932796,1.9291785943166055,3,0.013432103378069476,0.01188876050261619,0.009959581908299585,0.006101224719666374,15
2019-07-31,0.016338395107775686,1.835952231102422,0,0.015971204661555202,0.014502442876673264,0.012666490645570842,0.008994586183365998,15
2019-08-28,0.018931288102590087,1.8226896774847468,2,0.018566750167093138,0.01710859842510534,0.015285908747620593,0.0116405293926511,15
2019-09-26,0.021086381937060503,1.779436220249282,6,0.020730494693010647,0.01930694571681122,0.01752750949656194,0.013968637056063375,15
2019-10-24,-0.018079415125661632,1.8083578511154699,2,-0.018441086695884727,-0.0198877729767771,-0.02169613082789257,-0.02531284653012351,15
2019-11-21,0.0022387435111426665,1.920488802480306,2,0.0018546457506466052,0.00031825470866236037,-0.0016022340938179457,-0.0054432116987785575,15
2019-12-20,-0.011191792878347094,1.9672716645505615,5,-0.011585247211257206,-0.013159064542897655,-0.015126336207448215,-0.01906087953654934,15
2020-01-22,0.006594799552899161,1.8818421788366668,3,0.006218431117131828,0.004712957374062494,0.0028311151952258268,-0.0009325691624475071,15
2020-02-20,-0.08371759864378783,1.8713576671641439,2,-0.08409187017722067,-0.08558895631095198,-0.08746031397811613,-0.09120302931244441,15
2020-03-19,0.05957703725628674,1.6199357619079962,7,0.05925305010390514,0.05795710149437874,0.056337165732470745,0.053097294208654756,15
2020-04-17,-0.023697954218588776,2.046349582610416,2,-0.02410722413511086,-0.025744303801199193,-0.027790653383809608,-0.03188335254903044,15
2020-05-15,0.03256275763047403,1.9053567322813734,2,0.032181686284017755,0.030657400898192657,0.028752044165911286,0.02494133070134854,15
2020-06-15,-0.049993844063855604,1.922376552037814,1,-0.05037831937426317,-0.05191622061589342,-0.05383859716793123,-0.05768335027200686,15
2020-07-14,-0.03755690819272144,1.9245677291339394,1,-0.03794182173854823,-0.039481475921855386,-0.04140604365098932,-0.0452551791092572,15
2020-08-11,0.047343917374307404,1.966959051558837,4,0.046950525563995635,0.045376958322748566,0.04340999927118973,0.03947608116807205,15
2020-09-09,-0.057635841215965614,1.801424154617287,5,-0.05799612604688907,-0.0594372653705829,-0.06123868952520019,-0.06484153783443476,15
2020-10-07,0.02376575190392537,1.9657397262010496,3,0.02337260395868516,0.021800012177724322,0.01983427245152327,0.015902792999121174,15
2020-11-04,0.020340963501975586,1.811526905286863,2,0.019978658120918213,0.018529436596688723,0.01671790969140186,0.013094855880828135,15
2020-12-03,0.013439601369188654,1.9494283918711532,5,0.013049715690814423,0.011490172977317501,0.009540744585446348,0.005641887801704041,15
2021-01-04,-0.051872735705342475,1.8790758483563887,3,-0.052248550875013754,-0.05375181155369886,-0.055630887402055254,-0.05938903909876803,15
2021-02-02,-0.014131814831080829,2.069828573716328,2,-0.014545780545824094,-0.016201643404797156,-0.018271471978513483,-0.02241112912594614,15
2021-03-03,0.03567911857782207,1.819135284242685,1,0.035315291520973534,0.033859983293579386,0.0320408480093367,0.028402577440851333,15
2021-03-31,0.02301562458011822,1.800585619820563,9,0.022655507456154106,0.021215038960297656,0.019414453340477093,0.015813282100835966,15
2021-04-29,0.021858373769413006,1.8163731829392507,2,0.021495099132825157,0.020042000586473756,0.018225627403534506,0.014592881037656004,15
2021-05-27,0.000730870746898303,1.8155602017185517,6,0.0003677587065545926,-0.0010846894548202487,-0.0029002496565388005,-0.006531370059975904,15
2021-06-25,0.02666562370473559,1.877922160720382,3,0.026290039272591513,0.024787701544015207,0.022909779383294825,0.01915393506185406,15
2021-07-26,0.0066349832162822505,1.7685593934610273,1,0.006281271337590045,0.004866423822821223,0.003097864429360196,-0.00043925435756185863,15
2021-08-23,-0.008492654809689477,1.800966896282285,5,-0.008852848188945935,-0.010293621705971763,-0.012094588602254047,-0.015696522394818616,15
2021-09-21,0.04838948764938719,1.8339153523806189,3,0.04802270457891107,0.046555572297006576,0.04472165694462595,0.04105382623986471,15
2021-10-19,0.02418334614261794,1.7957997828052406,2,0.023824186186056893,0.022387546359812698,0.020591746577007457,0.017000147011396977,15
2021-11-16,-0.006535564744512847,1.847839354326711,4,-0.006905132615378189,-0.008383404098839559,-0.01023124345316627,-0.013926922161819691,15
2021-12-15,0.04547991262980818,1.7724718563131425,2,0.045125418258545553,0.04370744077349504,0.041934968917181896,0.03839002520455561,15
2022-01-13,0.01217285707228318,1.7585357846541108,2,0.011821149915352358,0.010414321287629069,0.008655785502974958,0.005138713933666736,15
2022-02-11,-0.0071014223293382065,1.795528324325836,5,-0.007460527994203374,-0.008896950653664042,-0.010692478977989878,-0.014283535626641551,15
2022-03-14,-0.006959529988831788,1.7584483905674262,6,-0.007311219666945273,-0.008717978379399215,-0.01047642676996664,-0.013993323551101493,15
2022-04-11,0.06838144989313406,1.830552995624911,1,0.06801533929400908,0.06655089689750915,0.06472034390188425,0.06105923791063442,15
2022-05-10,0.021240838030797536,1.6943434374391848,5,0.0209019693433097,0.019546494593358353,0.017852151155919167,0.014463464281040797,15
2022-06-08,-0.03442623192977041,1.9319145790778,5,-0.03481261484558597,-0.03635814650884821,-0.03829006108792601,-0.042153890246081606,15
2022-07-08,0.009163541080782319,1.8517963982326653,3,0.008793181801135787,0.007311744682549654,0.005459948284316988,0.0017563554878516578,15
2022-08-05,0.011796451299767606,1.919998867106333,3,0.011412451526346339,0.009876452432661272,0.00795645356555494,0.0041164558313422734,15
2022-09-02,0.024626457083981736,1.7669464217379713,2,0.024273067799634142,0.022859510662243763,0.021092564240505794,0.01755867139702985,15
2022-10-03,0.02671507001558822,1.7213407893337869,6,0.026370801857721463,0.02499372922625443,0.023272388436920644,0.019829706858253072,15
2022-10-31,0.005862130233851602,1.802641217011571,5,0.005501601990449288,0.004059489016840031,0.00225684779982846,-0.001348434634194682,15
2022-11-29,0.02228205025120171,1.9085337306936896,8,0.021900343505062973,0.02037351652050802,0.01846498278981433,0.014647915328426952,15
2022-12-28,0.12024725061894384,1.797879571355486,3,0.11988767470467274,0.11844937104758835,0.11665149147623287,0.1130557323335219,15
2023-01-27,0.03183879888081779,1.813450628436252,5,0.03147610875513054,0.030025348252381536,0.028211897623945284,0.02458499636707278,15
2023-02-27,0.010707029440137107,1.8578768652568314,6,0.01033545406708574,0.008849152574880276,0.006991275709623444,0.003275521979109781,15
2023-03-27,0.00626116489926086,1.767375550098898,2,0.00590768978924108,0.004493789349161962,0.002726413799063064,-0.0008083373011347319,15
2023-04-25,-0.01366099994050134,1.8286398119005325,3,-0.014026727902881446,-0.015489639752401873,-0.017318279564302406,-0.020975559188103468,15
2023-05-23,0.019670687542216257,1.864621532059397,4,0.01929776323580438,0.01780606601015686,0.015941444478097463,0.01221220141397867,15
2023-06-22,0.003303780512429865,1.8285158175998901,4,0.002938077348909887,0.001475264694829975,-0.00035325112276991507,-0.004010282757969695,15
2023-07-21,0.0057791303023702,1.931064291092961,3,0.0053929174441516075,0.0038480660112772385,0.0019170017201842774,-0.0019451268620016447,15
2023-08-18,0.01167811188959969,1.7890081257395078,3,0.011320310264451789,0.009889103763860183,0.008100095638120674,0.004522079386641659,15
2023-09-18,0.003690162188628523,1.8334657183620808,1,0.0033234690449561064,0.001856696470266442,2.323075190436121e-05,-0.0036437006848198004,15
2023-10-16,-0.001881642959471574,1.8577508780433405,5,-0.0022531931350802423,-0.0037393938375149148,-0.005597144715558255,-0.009312646471644936,15
2023-11-13,0.009248388462032376,1.8007243739655376,4,0.008888243587239268,0.007447664088066838,0.005646939714101301,0.002045490966170225,15
2006-01-27,0.025499379918847438,0.9999999999999997,6,0.02529937991884744,0.024499379918847437,0.02349937991884744,0.02149937991884744,16
2006-02-27,-0.005586191915167187,1.8728692694211688,4,-0.0059607657690514204,-0.007459061184588355,-0.009331930454009525,-0.013077668992851862,16
2006-03-27,0.019304904159989374,1.8772763393769498,3,0.018929448892113985,0.017427627820612423,0.015550351481235474,0.011795798802481574,16
2006-04-25,-0.005394762255804584,1.839359809594908,1,-0.005762634217723566,-0.007234122065399492,-0.009073481874994401,-0.012752201494184216,16
2006-05-23,0.011080347711159557,1.7839725191104707,2,0.010723553207337463,0.009296375192049088,0.007512402672938616,0.003944457634717674,16
2006-06-21,0.008851295162186126,1.837231287875383,5,0.00848384890461105,0.007014063874310743,0.00517683258643536,0.001502370010684594,16
2006-07-20,0.008159379204313477,1.8200673584955642,0,0.007795365732614364,0.0063393118458179125,0.004519244487322349,0.0008791097703312201,16
2006-08-17,0.01069506730715973,1.878882014039779,1,0.010319290904351774,0.008816185293119953,0.006937303279080173,0.0031795392510006147,16
2006-09-15,-0.0024071567834481992,1.8893328173234278,3,-0.002785023346912885,-0.0042964896007716274,-0.006185822418095056,-0.009964488052741912,16
2006-10-13,0.0004687799915106634,1.9052147423848873,5,8.773704303368594e-05,-0.001436434750874224,-0.0033416494932591114,-0.007152078978028886,16
2006-11-10,0.02100261684121504,1.83629756627948,6,0.020635357327959146,0.01916631927493556,0.01733002170865608,0.01365742657609712,16
2006-12-11,-0.0035603525676587058,1.8989552792485112,2,-0.003940143623508408,-0.005459307846907217,-0.0073582631261557285,-0.01115617368465275,16
2007-01-11,-0.010177229806753544,1.8528231258583796,7,-0.010547794431925219,-0.012030052932611923,-0.013882876058470304,-0.017588522310187062,16
2007-02-09,-0.0009504678941046377,1.8918682618388367,3,-0.0013288415464724052,-0.0028423361559434743,-0.004734204417782311,-0.008517940941459985,16
2007-03-12,-0.013192389666113167,1.8102884921565174,8,-0.01355444736454447,-0.015002678158269684,-0.0168129666504262,-0.02043354363473924,16
2007-04-10,-0.01342649829836551,1.8651890544904108,9,-0.013799536109263592,-0.01529168735285592,-0.017156876407346332,-0.020887254516327152,16
2007-05-08,0.0015880097424762554,1.8440291426415458,5,0.0012192039139479463,-0.00025601940016529035,-0.002100048542806836,-0.005788106828089928,16
2007-06-06,-0.0024155765484451747,1.8724033303223213,7,-0.002790057214509639,-0.004287979878767496,-0.006160383209089817,-0.00990518986973446,16
2007-07-05,0.004179280877463544,1.8323735237255578,10,0.0038128061727184326,0.0023469073537379865,0.0005145338300124283,-0.0031502132174386875,16
2007-08-02,-0.034174964747413834,1.773261725767725,7,-0.034529617092567376,-0.035948226473181556,-0.037721488198949285,-0.041268011650484736,16
2007-08-30,0.011163892580983565,1.8494998351213656,9,0.010793992613959292,0.0093143927458622,0.007464892910740834,0.0037658932404981025,16
2007-09-28,0.02192174884265893,1.8772094812698457,11,0.021546306946404963,0.020044539361389085,0.018167329880119237,0.014412910917579548,16
2007-10-26,0.007241545778744564,1.799335103418593,7,0.0068816787580608454,0.005442210675325971,0.003642875571907378,4.4205365070192244e-05,16
2007-11-26,0.010406051062899548,1.7334647571495536,7,0.010059358111469636,0.008672586305749994,0.006939121548600441,0.0034721920343013333,16
2007-12-24,-0.009381423782521466,1.8644208207852486,2,-0.009754307946678515,-0.011245844603306715,-0.013110265424091962,-0.01683910706566246,16
2008-01-24,0.044131501280258265,1.7448510866305842,4,0.043782531062932145,0.04238665019362768,0.0406417991069971,0.03715209693373593,16
2008-02-22,-0.011374275300051796,1.8006796064762676,4,-0.011734411221347048,-0.013174954906528064,-0.014975634513004332,-0.018576993725956864,16
2008-03-24,-0.025170747977950707,1.842566250910574,3,-0.025539261228132822,-0.02701331422886128,-0.028855880479771855,-0.032541012981593,16
2008-04-21,-0.01833618889746176,1.8894645050541061,1,-0.018714081798472584,-0.020225653402515868,-0.022115117907569974,-0.025894046917678187,16
2008-05-19,-0.014752352221339079,1.8996656786416464,3,-0.015132285357067407,-0.016652017899980727,-0.01855168357862237,-0.022351014935905664,16
2008-06-17,0.009211927893556304,1.8148827144387647,3,0.00884895135066855,0.007397045179117539,0.0055821624646787745,0.0019523970358012446,16
2008-07-16,0.04198081397174614,1.7648050672353643,3,0.041627852958299065,0.040216008904510776,0.03845120383727541,0.03492159370280468,16
2008-08-13,0.0069545098250255455,1.853655429830878,4,0.0065837787390593695,0.005100854395194667,0.003247198965363789,-0.0004601118942979673,16
2008-09-11,-0.036361469606667786,1.8181988791225523,3,-0.036725109382492294,-0.03817966848579034,-0.03999786736491289,-0.043634265123157996,16
2008-10-09,-0.023976797984054582,1.62209508674156,4,-0.024301217001402895,-0.02559889307079614,-0.027220988157537703,-0.03046517833102082,16
2008-11-06,0.004762423600880104,1.8601487334860216,2,0.0043903938541829,0.0029022748673940826,0.0010421261339080608,-0.0026781713330639827,16
2008-12-05,-0.028661846002944847,1.79821224335469,3,-0.029021488451615784,-0.030460058246299538,-0.032258270489654225,-0.03585469497636361,16
2009-01-06,-0.0008097837515628386,2.05492059999508,2,-0.0012207678715618546,-0.0028647043515579187,-0.004919624951552999,-0.00902946615154316,16
2009-02-04,-0.005992614053770476,1.739777969005185,1,-0.006340569647571513,-0.007732392022775661,-0.009472169991780847,-0.012951725929791217,16
2009-03-05,-0.026524607476777706,1.6839297562613076,1,-0.026861393428029966,-0.028208537233039014,-0.02989246698930032,-0.03326032650182294,16
2009-04-02,-0.028644878400959146,2.216911938639841,0,-0.029088260788687113,-0.030861790339598988,-0.03307870227823883,-0.03751252615551851,16
2009-05-01,0.004101995511074263,1.9491837235119265,0,0.003712158766371878,0.0021528117875623367,0.00020362806405041034,-0.0036947393829734427,16
2009-06-01,0.033899955440318014,1.9527252895523788,2,0.03350941038240754,0.031947230150765636,0.029994504861213255,0.026089054282108497,16
2009-06-29,-0.030870459034716604,1.7701397380133932,1,-0.031224486982319284,-0.03264059877273,-0.03441073851074339,-0.037951017986770176,16
2009-07-28,-0.020969839602656682,2.0031136465332047,1,-0.021370462331963325,-0.02297295324918989,-0.02497606689572309,-0.0289822941887895,16
2009-08-25,-0.01669885674036986,1.9199364158335355,3,-0.01708284402353657,-0.018618793156203396,-0.02053872957203693,-0.024378602403704003,16
2009-09-23,-0.005237525838771138,1.9227253350930142,6,-0.005622070905789741,-0.0071602511738641525,-0.009082976508957168,-0.012928427179143196,16
2009-10-21,0.01276621526057406,1.8612528501745287,5,0.012393964690539154,0.010904962410399531,0.009043709560225002,0.005321203859875945,16
2009-11-18,-0.01445224336045232,1.8304753390351276,2,-0.014818338428259347,-0.01628271869948745,-0.018113194038522577,-0.021774144716592832,16
2009-12-17,-0.00030686408517844807,1.949076306273152,4,-0.0006966793464330785,-0.0022559403914516,-0.004205016697724752,-0.008103169310271056,16
2010-01-19,-0.004385770504671619,1.914721266783165,4,-0.004768714758028252,-0.006300491771454785,-0.00821521303823795,-0.012044655571804279,16
2010-02-17,-0.0072718904430051036,1.81313278485677,3,-0.007634516999976458,-0.009085023227861873,-0.010898156012718643,-0.014524421582432183,16
2010-03-17,-0.012219232803319125,1.9297448189393198,2,-0.012605181767106989,-0.014148977622258445,-0.016078722441197766,-0.019938212079076405,16
2010-04-15,-0.0052444170312877575,1.9195106278200063,3,-0.005628319156851759,-0.007163927659107764,-0.009083438286927769,-0.012922459542567783,16
2010-05-13,0.0122161757365995,1.8528641362525669,4,0.011845602909348985,0.010363311600346932,0.008510447464094366,0.004804719191589232,16
2010-06-11,0.004153590206700134,1.742090033351846,1,0.0038051722000297648,0.0024115001733482876,0.0006694101399964416,-0.002814769926707251,16
2010-07-12,0.01569274829198384,1.8249526546929684,6,0.015327757761045245,0.013867795637290872,0.012042842982597902,0.008392937673211965,16
2010-08-09,-0.001437474764512888,1.88906136967653,1,-0.001815287038448194,-0.003326536134189418,-0.005215597503865948,-0.008993720243219008,16
2010-09-07,0.019141229694563337,1.8241561714425734,5,0.01877639846027482,0.017317073523120764,0.01549291735167819,0.011844605008793044,16
2010-10-05,0.001972143027320197,1.9007360812704626,2,0.0015919958110661044,7.14069460497342e-05,-0.0018293291352207285,-0.005630801297761653,16
2010-11-02,-0.007771077725477243,1.8936217337873904,4,-0.008149802072234721,-0.009664699459264634,-0.011558321193052024,-0.015345564660626806,16
2010-12-01,-0.016002940180955005,1.887644142800508,4,-0.016380469009515106,-0.017890584323755513,-0.01977822846655602,-0.023553516752157035,16
2010-12-30,0.0007604220749880674,1.916697323594934,4,0.00037708261026908054,-0.0011562752486068667,-0.003072972572201801,-0.006906367219391669,16
2011-01-28,0.0158510357940102,1.8587755093480869,0,0.015479280692140584,0.013992260284662114,0.012133484775314026,0.008415933756617852,16
2011-02-28,0.014802564671580807,1.9063670458127184,4,0.014421291262418263,0.012896197625768088,0.010989830579955371,0.007177096488329934,16
2011-03-28,0.013074420186798769,1.8503272546215124,3,0.012704354735874467,0.011224092932177257,0.009373765677555743,0.0056731111683127194,16
2011-04-26,-0.004027396011402132,1.8209136202025265,7,-0.0043915787354426375,-0.005848309631604659,-0.007669223251807185,-0.011311050492212238,16
2011-05-24,-0.00832313363995428,1.839336747404777,9,-0.008691000989435236,-0.010162470387359058,-0.012001807134763835,-0.01568048062957339,16
2011-06-22,-0.003087538848245864,1.853654515741749,7,-0.003458269751394214,-0.004941193363987613,-0.006794847879729362,-0.01050215691121286,16
2011-07-21,0.015073779174927885,1.8758670549205516,1,0.014698605763943775,0.013197912120007333,0.011322045065086783,0.007570310955245679,16
2011-08-18,0.03072201674012264,1.628167354476489,4,0.030396383269227344,0.029093849385646152,0.027465682031169662,0.024209347322216686,16
2011-09-16,-0.006817251364635551,1.8779287869959131,5,-0.0071928371220347335,-0.008695180151631465,-0.010573108938627377,-0.014328966512619203,16
2011-10-14,-0.005035392011538562,1.773804696368139,4,-0.00539015295081219,-0.006809196707906701,-0.00858300140427484,-0.012130610797011119,16
2011-11-11,0.002025448557420499,1.851906163741925,2,0.0016550673246721141,0.00017354239367857417,-0.0016783637700633507,-0.0053821760975472,16
2011-12-12,-0.0024423348287843523,1.8805804967979871,1,-0.00281845092814395,-0.004322915325582339,-0.006203495822380327,-0.009964656815976301,16
2012-01-11,0.0037556136211965275,1.87555528473133,1,0.0033805025642502616,0.0018800583364651975,4.503051733867509e-06,-0.0037466075177287925,16
2012-02-09,0.0027870676433537347,1.8739417139111378,5,0.002412279300571507,0.0009131259294425968,-0.0009608157844685412,-0.004708699212290817,16
2012-03-09,0.016367826160731465,1.9455786935539114,3,0.015978710422020682,0.014422247467177553,0.012476668773623642,0.00858551138651582,16
2012-04-09,0.001716742810777174,1.7916771401178715,4,0.0013584073827535997,-7.493432934069753e-05,-0.001866611469458569,-0.005449965749694312,16
2012-05-07,-0.013571016367122615,1.855799867681709,2,-0.013942176340658956,-0.015426816234804325,-0.017282616102486034,-0.020994215837849453,16
2012-06-05,-0.0012245187919475487,1.863326131031602,6,-0.0015971840181538692,-0.0030878449229791508,-0.004951171054010753,-0.008677823316073956,16
2012-07-03,-0.008145316491914616,1.9145912918644354,3,-0.008528234750287503,-0.010059907783779052,-0.011974499075643488,-0.01580368165937236,16
2012-08-01,0.0007585903550715828,1.8383055099782397,4,0.0003909292530759348,-0.001079715154906657,-0.0029180206648848966,-0.006594631684841376,16
2012-08-29,-0.01099659787515388,1.8995105491952589,0,-0.011376499984992933,-0.012896108424349139,-0.014795618973544398,-0.018594640071934915,16
2012-09-27,0.004569242601532266,1.8660198164482678,7,0.004196038638242612,0.0027032227850839986,0.0008372029686357307,-0.002894836664260805,16
2012-10-25,0.007147494792857765,1.8165982483697656,3,0.006784175143183811,0.005330896544487999,0.003514298296118233,-0.00011889820062129831,16
2012-11-27,0.006417427283105732,1.8713788808588336,7,0.006043151506933965,0.0045460484022468986,0.002674669521388065,-0.0010680882403296026,16
2012-12-26,-0.009800777913800497,1.818514031353897,1,-0.010164480720071277,-0.011619291945154394,-0.013437805976508291,-0.017074834039216086,16
2013-01-25,-0.022004080104568415,1.92541464900671,4,-0.022389163034369757,-0.023929494753575125,-0.025854909402581835,-0.029705738700595258,16
2013-02-25,0.012034664035156496,1.854877648053047,2,0.011663688505545887,0.01017978638710345,0.008324908739050403,0.004615153442944308,16
2013-03-25,0.007538053516557682,1.9165698668868167,4,0.007154739543180319,0.005621483649670866,0.0037049137827840487,-0.00012822595098958486,16
2013-04-23,-0.010510045409470424,1.833829591026417,0,-0.010876811327675708,-0.012343875000496841,-0.014177704591523259,-0.01784536377357609,16
2013-05-21,-0.017664364742934473,1.9316752852908612,4,-0.018050699799992645,-0.019596040028225334,-0.021527715313516195,-0.025391065884097917,16
2013-06-19,0.012327544202338926,1.9061509961897796,5,0.01194631400310097,0.010421393206149147,0.008515242209959367,0.0047029402175798075,16
2013-07-18,-0.008070398340782207,1.8793369068697097,0,-0.008446265722156149,-0.009949735247651918,-0.011829072154521628,-0.015587745968261046,16
2013-08-15,-0.004044207102018954,1.885718342799432,1,-0.00442135077057884,-0.005929925444818386,-0.007815643787617819,-0.011587080473216682,16
2013-09-13,-0.003453588433128636,1.8388958787182534,8,-0.003821367608872287,-0.0052924843118468895,-0.007131380190565143,-0.010809171948001649,16
2013-10-11,0.010917907903762384,1.8552254155698837,6,0.010546862820648407,0.0090626824881925,0.007207457072622617,0.003497006241482849,16
2013-11-08,-0.020798682499822082,1.884178860269096,2,-0.0211755182718759,-0.022682861360091178,-0.024567040220360273,-0.02833539794089847,16
2013-12-09,-0.010075444175257953,1.8924757495675242,4,-0.010453939325171458,-0.011967919924825477,-0.013860395674393,-0.017645347173528052,16
2014-01-08,0.0034328378621366366,1.9388329539248703,2,0.0030450712713516624,0.0014940049082117662,-0.0004448280457131043,-0.004322493953562845,16
2014-02-06,-0.0031608367600423877,1.8048858564306367,4,-0.003521813931328515,-0.004965722616473024,-0.0067706084729036616,-0.010380380185764935,16
2014-03-07,-0.005382412275203608,1.9309465680765756,3,-0.005768601588818923,-0.007313358843280183,-0.009244305411356759,-0.01310619854750991,16
2014-04-04,0.012386014574478351,1.8043260316641214,0,0.012025149368145527,0.01058168854281423,0.008777362511150109,0.0051687104478218655,16
2014-05-05,-0.004518701925934864,1.7907876312266573,2,-0.004876859452180196,-0.0063094895571615215,-0.00810027718838818,-0.011681852450841494,16
2014-06-03,0.0012110119269797442,1.855201976450388,2,0.0008399715316896666,-0.0006441900494706439,-0.0024993920259210323,-0.006209795978821808,16
2014-07-01,0.013638972831492173,1.9207563629897475,4,0.013254821558894223,0.011718216468502426,0.009797460105512678,0.005955947379533183,16
2014-07-30,-0.013670104324860904,1.7636491924553783,1,-0.014022834163351981,-0.015433753517316283,-0.017197402709771662,-0.02072470109468242,16
2014-08-27,0.013271753946744475,1.90733628797222,4,0.012890286689150031,0.011364417658772255,0.009457081370800036,0.005642408794855595,16
2014-09-25,0.001451952950393327,1.807746765729552,1,0.0010904035972474167,-0.00035579381533622505,-0.0021635405810657773,-0.0057790341125248815,16
2014-10-23,0.02257386501422398,1.8291490727388455,3,0.022208035199676214,0.020744715941485137,0.018915566868746292,0.015257268723268599,16
2014-11-20,-0.01735201013755189,1.902583266988558,3,-0.017732526790949603,-0.01925459340454045,-0.021157176671529006,-0.024962343205506124,16
2014-12-19,-0.018133897182098072,1.8323874181277748,6,-0.01850037466572363,-0.019966284600225846,-0.021798672018353622,-0.025463446854609172,16
2015-01-21,0.013564392987612155,1.790747550000968,5,0.013206243477611962,0.011773645437611186,0.009982897887610219,0.006401402787608283,16
2015-02-19,-0.015363729892695712,1.917826730275033,1,-0.01574729523875072,-0.017281556622970744,-0.019199383353245777,-0.023035036813795845,16
2015-03-19,0.025852830988890532,1.9135570090120302,3,0.025470119587088128,0.023939273979878502,0.02202571697086647,0.01819860295284241,16
2015-04-17,0.012228494613723445,1.8206199364300708,4,0.01186437062643743,0.010407874677293373,0.008587254740863304,0.004946014868003162,16
2015-05-15,-0.007647480615083786,1.8747715350872254,5,-0.00802243492210123,-0.009522252150171011,-0.011397023685258236,-0.015146566755432689,16
2015-06-15,-0.013928045018920192,1.8518486713374365,4,-0.01429841475318768,-0.01577989369025763,-0.017631742361595065,-0.02133543970426994,16
2015-07-14,0.02182913839151815,1.8437898940174662,1,0.021460380412714655,0.019985348497500683,0.018141558603483217,0.014453978815448285,16
2015-08-11,-0.0023322060634888425,1.8242085676267494,3,-0.0026970477770141923,-0.004156414631115592,-0.005980623198742341,-0.00962904033399584,16
2015-09-09,0.0024536256123519943,1.7620083173258176,6,0.002101223948886831,0.0006916172950261765,-0.0010703910222996413,-0.004594407656951276,16
2015-10-07,-0.038057995431790365,1.850763179868417,4,-0.03842814806776405,-0.03990875861165878,-0.0417595217915272,-0.04546104815126403,16
2015-11-04,-0.014048579821324467,1.8945489193916079,0,-0.014427489605202789,-0.015943128740716076,-0.017837677660107683,-0.021626775498890898,16
2015-12-03,-0.004807120612749423,1.85407242328136,5,-0.005177935097405695,-0.006661193036030783,-0.008515265459312143,-0.012223410305874862,16
2016-01-04,0.03836722740830224,1.8704161222958111,3,0.03799314418384308,0.03649681128600643,0.03462639516371062,0.030885562919118998,16
2016-02-02,-0.019473944679522976,1.71982878514743,2,-0.019817910436552462,-0.021193773464670405,-0.022913602249817838,-0.026353259820112697,16
2016-03-02,-0.003995007032549091,1.954691714929138,5,-0.004385945375534919,-0.005949698747478229,-0.007904390462407367,-0.011813773892265643,16
2016-03-31,-0.006887541093906812,1.912344929873758,7,-0.0072700100798815635,-0.00879988602378057,-0.010712230953654329,-0.014536920813401844,16
2016-04-28,0.014181181617310863,1.8964828672219107,0,0.013801885043866481,0.012284698750088953,0.010388215882867043,0.00659525014842322,16
2016-05-26,-0.02310632491720311,1.8751650166029623,4,-0.023481357920523704,-0.024981489933806073,-0.026856654950409033,-0.030606984983614957,16
2016-06-24,-0.006298304485605268,1.8855099456743365,7,-0.006675406474740135,-0.008183814431279605,-0.010069324376953941,-0.013840344268302614,16
2016-07-25,-0.02869296997199482,1.9170877153873802,2,-0.029076387515072296,-0.0306100576873822,-0.03252714540276958,-0.03636132083354434,16
2016-08-22,-0.019217732745608437,1.9243432600418853,5,-0.019602601397616815,-0.021142076005650323,-0.02306641926569221,-0.02691510578577598,16
2016-09-20,-0.01821791813450514,1.8853910821191247,5,-0.018594996350928965,-0.020103309216624263,-0.021988700298743388,-0.02575948246298164,16
2016-10-18,0.02545886587112669,1.8606111166094823,4,0.02508674364780479,0.023598254754517205,0.021737643637907724,0.01801642140468876,16
2016-11-15,0.011302800988645114,1.8615218522534691,7,0.01093049661819442,0.009441279136391645,0.007579757284138176,0.0038567135796312374,16
2016-12-14,-0.006983648044620895,1.8720190479633927,2,-0.007358051854213573,-0.008855667092584289,-0.010727686140547681,-0.014471724236474467,16
2017-01-13,0.0114119857327071,1.9029514638231853,7,0.011031395439942462,0.009509034268883915,0.007606082805060728,0.003800179877414358,16
2017-02-13,-0.0027539911785438654,1.8382194656011648,4,-0.0031216350716640985,-0.00459221064414503,-0.006430430109746196,-0.010106869040948525,16
2017-03-14,-0.0034786451770946977,1.792760176268214,4,-0.0038371972123483404,-0.005271405353362912,-0.007064165529631126,-0.010649685882167553,16
2017-04-11,0.007391376652028269,1.8761344288059945,5,0.00701614976626707,0.005515242223222274,0.00363910779441628,-0.00011316106319570873,16
2017-05-10,0.013518698398208448,1.8419662907108392,4,0.01315030514006628,0.011676732107497608,0.009834765816786769,0.006150833235365091,16
2017-06-08,-0.01671077989400309,1.8649962834958245,4,-0.017083779150702253,-0.018575776177498914,-0.02044077246099474,-0.024170765027986388,16
2017-07-07,0.011985296347639441,1.8348207091849043,3,0.01161833220580246,0.010150475638454537,0.008315654929269632,0.004646013510899824,16
2017-08-04,-0.00155758431943718,1.8642717537523514,1,-0.0019304386701876502,-0.0034218560731895317,-0.005286127826941883,-0.009014671334446587,16
2017-09-01,-0.00829005912862077,1.890011785992516,6,-0.008668061485819273,-0.010180070914613286,-0.012070082700605802,-0.015850106272590835,16
2017-10-02,0.015247514182530786,1.8720567874884428,5,0.014873102825033097,0.013375457395042343,0.0115034006075539,0.007759287032577014,16
2017-10-30,-0.01922728512916228,1.7993128052401892,4,-0.019587147690210315,-0.021026597934402466,-0.022825910739642657,-0.026424536350123033,16
2017-11-28,0.00254425094815404,1.9068952506422632,2,0.0021628718980255873,0.0006373556975117769,-0.0012695395531304864,-0.005083330054415013,16
2017-12-27,-0.01749878854241913,1.888519440986123,4,-0.017876492430616356,-0.019387307983405256,-0.021275827424391377,-0.025052866306363622,16
2018-01-26,0.01019735752463678,1.8966466415950207,2,0.009818028196317777,0.00830071088304176,0.0064040642414467394,0.002610770958256698,16
2018-02-26,0.008476777160329746,1.8271445829513568,5,0.008111348243739474,0.006649632577378389,0.004822487994427032,0.0011681988285243182,16
2018-03-26,0.02429012801662885,1.8599130725187585,2,0.023918145402125095,0.02243021494411009,0.020570301871591333,0.016850475726553814,16
2018-04-24,-0.0013850321775699293,1.756460225265614,3,-0.001736324222623052,-0.0031414924028355436,-0.004897952628101158,-0.008410873078632386,16
2018-05-22,-0.016710302179816536,1.884203541763864,4,-0.01708714288816931,-0.0185945057215804,-0.020478709263344264,-0.024247116346871992,16
2018-06-20,0.0018992247855457672,1.9041954341501388,4,0.0015183856987157395,-4.970648604371575e-06,-0.0019091660827545104,-0.005717556951054788,16
2018-07-19,0.04376643032071486,1.8792749021938058,2,0.0433905753402761,0.04188715541852105,0.04000788051632725,0.036249330711939635,16
2018-08-16,0.0016810966489413845,1.8626834107954382,2,0.001308559966782297,-0.00018158676185405366,-0.002044270172649492,-0.005769636994240369,16
2018-09-14,-0.01069983582914719,1.9153234931716538,1,-0.011082900527781521,-0.012615159322318844,-0.014530482815490497,-0.018361129801833805,16
2018-10-12,0.046371556447458016,1.795039354880921,4,0.046012548576481835,0.044576517092577095,0.04278147773769617,0.03919139902793433,16
2018-11-09,-0.00030529363622387273,1.775614475907533,3,-0.0006604165314053794,-0.002080908112131406,-0.003856522588038939,-0.007407751539854005,16
2018-12-11,-2.958567833308062e-05,1.84592032654026,3,-0.0003987697436411326,-0.0018755060048733405,-0.0037214263314136005,-0.00741326698449412,16
2019-01-10,0.002040698960120166,1.8935302396039184,4,0.0016619929121993826,0.00014716872051624762,-0.001746361519087671,-0.005533421998295508,16
2019-02-08,-0.01964655299277294,1.8885141246771726,6,-0.020024255817708374,-0.021535067117450114,-0.023423581242127286,-0.027200609491481634,16
2019-03-11,0.016221584669102174,1.9191006323302726,1,0.01583776454263612,0.0143024840367719,0.012383383404441627,0.008545182139781083,16
2019-04-08,0.00538337587297036,1.8875525523084238,2,0.005005865362508676,0.0034958233206619366,0.0016082707683535125,-0.002166834336263335,16
2019-05-07,0.011211470254968211,1.8386124072971568,0,0.010843747773508779,0.009372857847671053,0.007534245440373897,0.0038570206257795836,16
2019-06-05,0.01431498501892493,1.7369469212374753,5,0.013967595634677435,0.012578038097687455,0.01084109117644998,0.007367197333975029,16
2019-07-03,-0.010477247538215927,1.8278292543897185,6,-0.010842813389093871,-0.012305076792605646,-0.014132906046995363,-0.0177885645557748,16
2019-08-01,0.009137319899774848,1.8341140054933576,2,0.008770497098676177,0.00730320589428149,0.005469091888788132,0.0018008638778014173,16
2019-08-29,0.013081244259218614,1.8557016509653785,2,0.01271010392902554,0.011225542608253236,0.009369840957287857,0.0056584376553571,16
2019-09-27,-0.004109983748183102,1.8419862471478623,1,-0.0044783809976126744,-0.005951969995330964,-0.007793956242478826,-0.011477928736774551,16
2019-10-25,0.0033689814252528,1.8482924364343702,6,0.002999322937965926,0.0015206889888184298,-0.0003276034476159405,-0.004024188320484681,16
2019-11-22,0.0186350644001112,1.888939149837935,2,0.018257276570143612,0.016746125250273265,0.014857186100435332,0.01107930780075946,16
2019-12-23,-0.020373446995240574,1.9016161181641034,6,-0.020753770218873396,-0.022275063113404676,-0.02417667923156878,-0.027979911467896988,16
2020-01-23,0.023728221583725152,1.8850761006105117,4,0.02335120636360305,0.02184314548311464,0.019958069382504127,0.016187917181283106,16
2020-02-21,-0.0894425786003829,1.7890648533903655,0,-0.08980039157106098,-0.09123164345377327,-0.09302070830716364,-0.09659883801394437,16
2020-03-20,0.057321190967288334,1.5232406005370527,5,0.057016542847180926,0.05579795036675128,0.05427470976621423,0.05122822856514012,16
2020-04-20,0.007912442396974197,2.075033227878022,1,0.007497435751398593,0.0058374091690961746,0.003762375941218153,-0.000387690514537891,16
2020-05-18,-0.04489933914007408,1.9472309164796615,0,-0.045288785323370016,-0.046846570056553745,-0.0487938009730334,-0.05268826280599273,16
2020-06-16,-0.027195756629181625,1.9826771459479808,2,-0.027592292058371222,-0.029178433775129606,-0.031161110921077588,-0.03512646521297355,16
2020-07-15,-0.006917296603138655,1.913185909091744,0,-0.007299933784957004,-0.0088304825122304,-0.010743668421322143,-0.014570040239505632,16
2020-08-12,0.022412582059353942,1.917934057714287,2,0.022028995247811083,0.020494648001639654,0.01857671394392537,0.014740845828496794,16
2020-09-10,-0.04535058688803185,1.7289656672744247,4,-0.04569638002148673,-0.04707955255530627,-0.0488085182225807,-0.05226644955712954,16
2020-10-08,0.02419639494882263,1.9924735531967683,2,0.02379790023818328,0.022203921395625863,0.020211447842429092,0.016226500736035557,16
2020-11-05,-0.04390412726848926,1.7728605377318178,1,-0.044258699376035625,-0.04567698780622108,-0.0474498483439529,-0.050995569419416534,16
2020-12-04,-0.004401090865073066,2.0063912247941027,3,-0.004802369110031886,-0.006407482089867168,-0.008413873314661272,-0.012426655764249478,16
2021-01-05,-0.18848763008346237,1.9187571513780313,2,-0.18887138151373797,-0.1904063872348404,-0.19232514438621842,-0.19616265868897448,16
2021-02-03,0.0021813842374565524,2.289155214909254,1,0.0017235531944747016,-0.00010777097745270177,-0.002396926192361956,-0.006975236622180464,16
2021-03-04,-0.047840579439109736,1.7840340660835252,1,-0.04819738625232644,-0.04962461350519326,-0.051408647571276785,-0.05497671570344384,16
2021-04-01,0.01146363226532536,1.8885173491980654,7,0.011085928795485747,0.009575114916127295,0.007686597566929229,0.003909562868533099,16
2021-04-30,0.018710778890554416,1.8040846999195947,1,0.018349961950570495,0.01690669419063482,0.015102609490715227,0.011494440090876037,16
2021-05-28,-0.010951970100198709,1.8313092377440718,3,-0.011318231947747523,-0.012783279337942781,-0.014614588575686854,-0.018277207051175,16
2021-06-28,0.009284331321128929,1.9264286961946306,2,0.008899045581890003,0.007357902624934298,0.005431473928739668,0.0015786165363504065,16
2021-07-27,-0.006942394332622151,1.855851118108278,1,-0.007313564556243807,-0.00879824545073043,-0.010654096568838707,-0.014365798805055265,16
2021-08-24,0.00925695982040736,1.8985778248261285,8,0.008877244255442136,0.007358381995581232,0.005459804170755103,0.0016626485211028467,16
2021-09-22,0.06028072278467954,1.827483883580493,4,0.05991522600796344,0.05845323890109905,0.056625755017518556,0.052970787250357566,16
2021-10-20,-0.0075313414506337,1.8360674286935783,2,-0.007898554936372416,-0.009367408879327278,-0.011203476308020856,-0.014875611165408014,16
2021-11-17,0.009741616829532474,1.9012084248134113,4,0.009361375144569792,0.007840408404719062,0.005939199979905651,0.0021367831302788283,16
2021-12-16,0.027584391408569744,1.770068574834558,2,0.02723037769360283,0.025814322833735186,0.024044254258900628,0.02050411710923151,16
2022-01-14,0.0025767324175582276,1.836788641565696,2,0.002209374689245088,0.0007399437759925316,-0.0010968448655731644,-0.004770422148704556,16
2022-02-14,0.017165491753547948,1.77102997080297,5,0.016811285759387354,0.015394461782744978,0.013623431811942009,0.010081371870336068,16
2022-03-15,0.0433757564179878,1.8257938008854244,4,0.04301059765781071,0.04154996261710237,0.03972416881621695,0.0360725812144461,16
2022-04-12,0.04004461449636701,1.8241186575752508,1,0.03967979076485196,0.03822049583879176,0.03639637718121651,0.032748139866066006,16
2022-05-11,0.04383517121518658,1.695136341948934,6,0.043496143946796795,0.04214003487323765,0.040444898531288714,0.037054625847390846,16
2022-06-09,-0.03442677963169242,1.8718265092673783,4,-0.03480114493354589,-0.0362986061409598,-0.038170432650227175,-0.04191408566876193,16
2022-07-11,0.02871668211953345,1.8106227874222134,5,0.028354557562049007,0.026906059332111237,0.025095436544689022,0.021474190969844598,16
2022-08-08,-0.03645363653119879,1.9313352207775905,2,-0.036839903575354306,-0.03838497175197638,-0.04031630697275397,-0.04417897741430915,16
2022-09-06,0.01580922984599483,1.8539948440618947,3,0.015438430877182451,0.013955235001932936,0.012101240157871042,0.008393250469747253,16
2022-10-04,0.02243790836046322,1.766102926109161,5,0.02208468777524139,0.02067180543435406,0.0189057025082449,0.015373496656026577,16
2022-11-01,0.024857501481860722,1.8326762616495689,5,0.024490966229530807,0.023024825220211154,0.021192148958561585,0.01752679643526245,16
2022-11-30,0.015124694146346016,1.8121790714909667,9,0.014762258332047824,0.01331251507485505,0.011500336003364083,0.00787597786038215,16
2022-12-29,0.06401899026044464,1.7805934769472687,4,0.06366287156505518,0.062238396783497366,0.060457803306550095,0.05689661635265556,16
2023-01-30,0.02476473051029001,1.8300974524550053,4,0.02439871101979901,0.022934633057835004,0.02110453560538,0.01744434070046999,16
2023-02-28,-0.007054671480112742,1.8326166689806507,6,-0.0074211948139088725,-0.008887288149093392,-0.010719904818074043,-0.014385138156035345,16
2023-03-28,0.020563518214222948,1.8228377794494512,2,0.02019895065833306,0.018740680434773498,0.016917842655324044,0.013272167096425144,16
2023-04-26,-0.017658300295457674,1.8062096719957608,3,-0.018019542229856828,-0.019464509967453435,-0.021270719639449195,-0.024883138983440717,16
2023-05-24,0.004038829069942387,1.8487798531419652,3,0.003669073099313994,0.0021900492168004217,0.00034126936365845616,-0.0033562903426254745,16
2023-06-23,0.010963478667070769,1.8599205754165926,1,0.01059149455198745,0.009103558091654177,0.007243637516237584,0.0035237963654043986,16
2023-07-24,-0.011790668472457308,1.966205803765381,4,-0.012183909633210385,-0.01375687427622269,-0.015723080079988072,-0.01965549168751883,16
2023-08-21,0.0016446569260871173,1.8058517054450778,1,0.0012834865849981017,-0.00016119477935796047,-0.001967046484803038,-0.005578749895693194,16
2023-09-19,-0.02913925949945274,1.8327204511043087,1,-0.029505803589673602,-0.03097197995055705,-0.032804700401661356,-0.036470141303869975,16
2023-10-17,0.012768432574461109,1.775165875179515,4,0.012413399399425205,0.010993266699281594,0.009218100824102078,0.005667769073743049,16
2023-11-14,-0.011481346681564442,1.8464431409244049,3,-0.011850635309749323,-0.013327789822488847,-0.015174232963413251,-0.018867119245262062,16
2006-01-30,-0.006890918264090151,1.0000000000000004,5,-0.007090918264090151,-0.007890918264090151,-0.008890918264090152,-0.010890918264090152,17
2006-02-28,-0.015087420078965241,1.868554677937696,6,-0.01546113101455278,-0.01695597475690294,-0.018824529434840635,-0.022561638790716026,17
2006-03-28,0.007225555361717361,1.915452258732044,2,0.006842464909970952,0.0053101031029853165,0.0033946508442532727,-0.0004362536732108154,17
2006-04-26,0.005886447773257839,1.8498737535389447,2,0.00551647302255005,0.004036574019718894,0.00218670026617995,-0.0015130472408979396,17
2006-05-24,0.005100841548648454,1.7928388748441015,2,0.004742273773679633,0.0033080026738043526,0.0015151637989602507,-0.0020705139507279525,17
2006-06-22,0.011266841346175664,1.8286484293779697,4,0.01090111166030007,0.009438192916797695,0.007609544487419725,0.003952247628663785,17
2006-07-21,0.012134268398344469,1.7973656706503787,2,0.011774795264214393,0.01033690272769409,0.008539537057043712,0.004944805715742954,17
2006-08-18,-0.006710531753048296,1.8763802844208477,2,-0.007085807809932465,-0.008586912037469144,-0.010463292321889991,-0.014216052890731686,17
2006-09-18,-0.02343584708442226,1.943131712973309,3,-0.02382447342701692,-0.02537897879739557,-0.02732211051036888,-0.031208373936315495,17
2006-10-16,0.0001317185987393576,1.9191679826482846,6,-0.00025211499779029934,-0.001787449383908927,-0.003706617366557212,-0.007544953331853781,17
2006-11-13,0.02246037391234549,1.8649020317178906,4,0.02208739350600191,0.0205954718806276,0.01873056984890971,0.015000765785473928,17
2006-12-12,0.014549421993469603,1.8367290778717116,6,0.014182076177895261,0.012712692915597892,0.01087596383772618,0.007202505681982757,17
2007-01-12,-0.00353211617319013,1.7884007241467423,11,-0.0038897963180194784,-0.005320516897336872,-0.007108917621483615,-0.0106857190697771,17
2007-02-12,0.0044475227361510435,1.8981529173103306,2,0.004067892152688978,0.002549369818840713,0.0006512169015303821,-0.0031450889330902794,17
2007-03-13,0.0026600484455647925,1.790865766779256,7,0.002301875292208941,0.0008691826787855365,-0.0009216830879937195,-0.004503414621552231,17
2007-04-11,-0.009896784915808908,1.8738171849170748,8,-0.010271548352792323,-0.011770602100725983,-0.013644419285643057,-0.01739205365547721,17
2007-05-09,0.019603170519442138,1.8449765186509948,7,0.01923417521571194,0.017758194000791143,0.015913217482140148,0.012223264444838159,17
2007-06-07,0.00840195462104793,1.8587088569912693,8,0.008030212849649675,0.0065432457640566604,0.004684536907065391,0.0009671191930828524,17
2007-07-06,0.009596394703052982,1.833219307132512,5,0.009229750841626479,0.00776317539592047,0.005929956088787958,0.0022635174745229336,17
2007-08-03,0.0003572715535309752,1.7232277692877238,3,1.2625999673430456e-05,-0.0013659562157567486,-0.0030891839850444728,-0.00653563952361992,17
2007-08-31,0.004831429866897213,1.889499610889637,7,0.004453529944719286,0.002941930256007576,0.0010524306451179387,-0.0027265685766613354,17
2007-10-01,0.02679259517390793,1.8640682539391367,10,0.026419781523120103,0.02492852691996879,0.023064458666029655,0.019336322158151384,17
2007-10-29,0.016464038217283372,1.7883114152364379,7,0.016106375934236083,0.014675726802046934,0.012887415386810496,0.00931079255633762,17
2007-11-27,-0.03682270403734766,1.6831358264223604,3,-0.03715933120263213,-0.03850583986377002,-0.04018897569019238,-0.0435552473430371,17
2007-12-26,-0.015300879675087838,1.9527061087522732,3,-0.015691420896838292,-0.017253585783840113,-0.019206291892592386,-0.023111704110096932,17
2008-01-25,0.03576804547356634,1.7191502691171907,9,0.0354242154197429,0.03404889520444915,0.03232974493533196,0.028891444397097572,17
2008-02-25,0.010129924444171724,1.8365809587328794,2,0.009762608252425148,0.008293343485438844,0.006456762526705965,0.002783600609240206,17
2008-03-25,-0.052637405695713305,1.8848185369542776,4,-0.05301436940310416,-0.05452222423266758,-0.05640704276962186,-0.060176679843530416,17
2008-04-22,-0.004775074975344084,1.8816001409936407,1,-0.005151395003542812,-0.006656675116337725,-0.008538275257331366,-0.012301475539318648,17
2008-05-20,-0.0023708632520219766,1.831424573564083,1,-0.002737148166734793,-0.0042022878255860594,-0.006033712399150143,-0.009696561546278308,17
2008-06-18,-0.010099568790249622,1.8076534921671563,2,-0.010461099488683054,-0.01190722228241678,-0.013714875774583935,-0.017330182758918247,17
2008-07-17,0.007700176786371456,1.8194052302682573,5,0.007336295740317805,0.005880771556103199,0.004061366325834942,0.00042255586529842733,17
2008-08-14,0.026050472378835635,1.8742098415395663,6,0.02567563041052772,0.02417626253729607,0.022302052695756504,0.01855363301267737,17
2008-09-12,-0.019766109821313063,1.7639519878919165,5,-0.020118900218891445,-0.02153006180920498,-0.023294013797096898,-0.02682191777288073,17
2008-10-10,0.046534758535413785,1.5933138561572682,3,0.046216095764182334,0.044941444679256516,0.04334813082309925,0.040161503110784716,17
2008-11-07,-0.014578145319154063,1.7700682064734186,2,-0.014932158960448748,-0.016348213525627483,-0.0181182817321009,-0.021658418145047736,17
2008-12-08,0.04183742269318144,1.8223052735691954,2,0.0414729616384676,0.040015117419612244,0.03819281214604305,0.03454820159890466,17
2009-01-07,0.028008016503244686,1.8429003442464018,1,0.027639436434395405,0.026165116158998285,0.024322215814751882,0.020636415126259078,17
2009-02-05,0.04830813691517546,1.7163797250978374,2,0.04796486097015589,0.04659175719007762,0.044875377464979785,0.041442618014784105,17
2009-03-06,0.025737737688729855,1.6339770743794264,2,0.02541094227385397,0.024103760614350427,0.022469783539971002,0.01920182939121215,17
2009-04-03,0.054123130322818104,2.1000976213376674,0,0.05370311079855057,0.05202303270148044,0.04992293508014277,0.045722739837467434,17
2009-05-04,0.006849036565623326,1.9426508770265354,0,0.006460506390218019,0.004906385688596791,0.0029637348115702554,-0.0009215669424828153,17
2009-06-02,0.004311519173529945,1.8861488397446065,1,0.003934289405581024,0.002425370333785339,0.0005392214940407323,-0.003233076185448481,17
2009-06-30,-0.018243004218322676,1.7928175437988048,3,-0.018601567727082435,-0.02003582176212148,-0.021828639305920286,-0.025414274393517896,17
2009-07-29,-0.022829817217513027,1.9718610102183767,0,-0.0232241894195567,-0.024801678227731404,-0.02677353923794978,-0.030717261258386534,17
2009-08-26,-0.01565917944793434,1.9530953290334583,3,-0.016049798513741033,-0.0176122747769678,-0.01956537010600126,-0.023471560764068176,17
2009-09-24,-0.013679959381297176,1.880963471841534,5,-0.014056152075665483,-0.01556092285313871,-0.017441886324980244,-0.021203813268663312,17
2009-10-22,-0.01382404576434496,1.8959779379020478,7,-0.014203241351925371,-0.01572002370224701,-0.017616001640149058,-0.021407957515953153,17
2009-11-19,-0.0059925748211738464,1.795816658409856,4,-0.006351738152855817,-0.007788391479583703,-0.009584208137993558,-0.013175841454813271,17
2009-12-18,-0.022960200629578528,1.9074201573029106,3,-0.02334168466103911,-0.02486762078688144,-0.02677504094418435,-0.03058988125879017,17
2010-01-20,0.0010112446546926036,1.9300488658829822,2,0.0006252348815160072,-0.0009188042111903786,-0.002848853077073361,-0.006708950808839325,17
2010-02-18,0.021641351050046168,1.8669832320465607,5,0.021267954403636855,0.019774367817999607,0.01790738458595305,0.014173418121859925,17
2010-03-18,-0.006918578758028303,1.87671946660106,2,-0.0072939226513485155,-0.008795298224629364,-0.010672017691230423,-0.014425456624432544,17
2010-04-16,0.0073968816975128375,1.845951896637422,2,0.007027691318185353,0.005550929800875416,0.0037049779042379934,1.3074110963149331e-05,17
2010-05-14,0.01817801558064792,1.8502098455163054,3,0.01780797361154466,0.016327805735131616,0.01447759588961531,0.010777176198582698,17
2010-06-14,0.007107431882025085,1.7730226060898857,4,0.006752827360807108,0.005334409275935199,0.0035613866698453135,1.5341457665542062e-05,17
2010-07-13,0.013669018247985979,1.7890208315405671,6,0.013311214081677866,0.011879997416445411,0.010090976584904845,0.00651293492182371,17
2010-08-10,0.0006510725377275058,1.866431920539623,0,0.00027778615361958117,-0.0012153593828121171,-0.0030817913033517404,-0.0068146551444309865,17
2010-09-08,0.0017589155221329048,1.8623195031370494,6,0.001386451621505495,-0.00010340398100414463,-0.001965723484141194,-0.005690362490415293,17
2010-10-06,0.010929980679417917,1.8396820133622103,2,0.010562044276745475,0.009090298666055707,0.007250616652693496,0.0035712526259690756,17
2010-11-03,0.0008119927278366969,1.8827952859367898,7,0.00043543367064933895,-0.001070802558100093,-0.002953597844036883,-0.006719188415910462,17
2010-12-02,-0.005230436164260511,1.8987083867328984,2,-0.0056101778416070905,-0.007129144550993409,-0.00902785293772631,-0.012825269711192105,17
2010-12-31,-0.00018413460141815234,1.9058179136497357,3,-0.0005652981841480994,-0.002089952515067888,-0.003995770428717624,-0.007807406256017095,17
2011-01-31,-0.003415519806417389,1.8547495342483449,3,-0.003786469713267058,-0.0052702693406657345,-0.007125018874914079,-0.010834517943410768,17
2011-03-01,-0.010109984010142658,1.9016439082896626,5,-0.01049031279180059,-0.01201162791843232,-0.013913271826721984,-0.017716559643301308,17
2011-03-29,0.016478174919041355,1.8581702043982415,3,0.016106540878161706,0.014620004714643114,0.012761834510244872,0.009045494101448389,17
2011-04-27,0.0001237259906654109,1.8676904471338622,5,-0.00024981209876136153,-0.0017439644564684513,-0.0036116549036023134,-0.007347035797870038,17
2011-05-25,0.0047703722028806465,1.8600552886553072,8,0.004398361145149585,0.002910316914225339,0.0010502616255700318,-0.002669848951740583,17
2011-06-23,-0.007252097330123086,1.824895511890664,6,-0.007617076432501218,-0.00907699284201375,-0.010901888353904415,-0.014551679377685742,17
2011-07-22,-0.020549176661020664,1.8720628849236092,2,-0.020923589238005386,-0.022421239545944275,-0.024293302430867882,-0.0280374282007151,17
2011-08-19,0.03540023164260549,1.6213309026508298,5,0.03507596546207532,0.033778900739954654,0.03215756983730383,0.028914908032002168,17
2011-09-19,0.014181881074812584,1.8913204553886132,4,0.01380361698373486,0.01229056061942397,0.010399240164035357,0.0066165992532581305,17
2011-10-17,-0.03404129930455922,1.7881522387339894,3,-0.03439892975230602,-0.035829451543293214,-0.0376176037820272,-0.04119390825949518,17
2011-11-14,-0.013837466235248405,1.885479198646188,3,-0.014214562074977644,-0.015722945433894592,-0.01760842463254078,-0.02137938302983316,17
2011-12-13,0.010291618202384816,1.8058377833587653,2,0.009930450645713063,0.00848578041902605,0.006679942635667286,0.0030682670689497543,17
2012-01-12,-0.00382567186572471,1.8820975153574238,4,-0.004202091368796195,-0.005707769381082133,-0.007589866896439557,-0.011354061927154404,17
2012-02-10,-0.0028149966656254846,1.9144473717138464,4,-0.003197886139968254,-0.004729444037339331,-0.0066438914090531775,-0.01047278615248087,17
2012-03-12,0.003762191744226124,1.9111711278377284,4,0.0033799575186585786,0.0018510206163883957,-6.015051144933267e-05,-0.0038824927671247894,17
2012-04-10,0.008223876983417042,1.7617869979281353,5,0.007871519583831414,0.0064620899854889065,0.004700302987560771,0.0011767289917045008,17
2012-05-08,-0.012414242812887248,1.8387426367811355,2,-0.012781991340243475,-0.014252985449668383,-0.01609172808644952,-0.019769213360011792,17
2012-06-06,0.01847781499110815,1.856915584739881,5,0.018106431874160174,0.016620899406368267,0.014763983821628386,0.011050152652148624,17
2012-07-05,0.0009731949918765489,1.8618891422497725,4,0.0006008171634265943,-0.0008886941503732236,-0.002750583292622996,-0.006474361577122541,17
2012-08-02,-0.00595241115246955,1.7692709707278405,4,-0.006306265346615119,-0.00772168212319739,-0.009490953093925232,-0.013029495035380912,17
2012-08-30,-0.0024777275859449825,1.9283796353121836,1,-0.002863403513007419,-0.0044061072212571665,-0.00633448685656935,-0.010191246127193717,17
2012-09-28,-0.0113597786603691,1.893661224755708,5,-0.011738510905320243,-0.013253439885124809,-0.015147101109880517,-0.018934423559391934,17
2012-10-26,0.001686208754365261,1.881479284383048,2,0.0013099128974886514,-0.0001952705300177868,-0.0020767498144008347,-0.00583970838316693,17
2012-11-28,0.005649360230853249,1.811359734311586,6,0.005287088283990932,0.003838000496541663,0.002026640762230077,-0.001596078706393095,17
2012-12-27,0.0006973619307352004,1.8628721267519455,5,0.00032478750538481125,-0.0011655101960167452,-0.0030283823227686907,-0.006754126576272582,17
2013-01-28,-0.013392403492144801,1.9391935076849953,7,-0.0137802421936818,-0.015331596999829796,-0.017270790507514792,-0.021149177522884782,17
2013-02-26,0.009187722588696795,1.895129550764866,0,0.008808696678543821,0.007292593037931929,0.0053974634871670635,0.0016072043856373312,17
2013-03-26,0.013085382160349084,1.8771646231874577,1,0.012709949235711593,0.011208217537161627,0.009331052913974168,0.005576723667599253,17
2013-04-24,-0.0011188085403275134,1.80899056521278,1,-0.0014806066533700694,-0.0029277991055402935,-0.004736789670753074,-0.008354770801178635,17
2013-05-22,-0.029522385828370384,1.8889671267057908,4,-0.029900179253711544,-0.031411352955076174,-0.033300320081781964,-0.037078254335193545,17
2013-06-20,-0.017537403342546293,1.8391330816927192,3,-0.017905229958884838,-0.019376536424239012,-0.021215669505931734,-0.02489393566931717,17
2013-07-19,-0.0002993185437651377,1.9592638446444313,1,-0.000691171312694024,-0.002258582388409569,-0.0042178462330540005,-0.008136373922342862,17
2013-08-16,-0.022754338230585272,1.8811741451865143,2,-0.023130573059622576,-0.024635512375771787,-0.026516686520958302,-0.03027903481133133,17
2013-09-16,0.020491704205834172,1.9089524534523108,5,0.020109913715143708,0.01858275175238186,0.01667379929892955,0.01285589439202493,17
2013-10-14,-0.004455817701874273,1.8416610656787125,4,-0.0048241499150100155,-0.006297478767552985,-0.008139139833231699,-0.011822461964589123,17
2013-11-11,-0.014823406624387636,1.8497591004321043,5,-0.015193358444474057,-0.01667316572481974,-0.018522924825251846,-0.022222443026116055,17
2013-12-10,0.029820599678473704,1.9050362817076265,7,0.029439592422132177,0.027915563396766076,0.02601052711505845,0.022200454551643198,17
2014-01-09,-0.010883696811066738,1.8319271525933047,2,-0.011250082241585399,-0.012715623963660043,-0.014547551116253348,-0.01821140542143996,17
2014-02-07,-0.003168343119557982,1.7914040457108784,2,-0.003526623928700158,-0.004959747165268861,-0.006751151210979739,-0.010333959302401496,17
2014-03-10,-0.00464999177526876,1.9823307972229431,3,-0.005046457934713348,-0.006632322572491703,-0.008614653369714646,-0.012579314964160532,17
2014-04-07,-0.013676798096205249,1.8512423262522792,2,-0.014047046561455705,-0.015528040422457529,-0.01737928274870981,-0.021081767401214365,17
2014-05-06,-0.00904992795704307,1.8846055620500766,1,-0.009426849069453087,-0.010934533519093147,-0.012819139081143224,-0.016588350205243376,17
2014-06-04,-0.015048148704418694,1.8628241585703758,2,-0.01542071353613277,-0.01691097286298907,-0.018773797021559447,-0.022499445338700196,17
2014-07-02,0.02006792814889381,1.920428830685033,3,0.019683842382756802,0.018147499318208776,0.016227070487523743,0.012386212826153677,17
2014-07-31,0.0015071365161766206,1.7507346823203758,2,0.0011569895797125455,-0.00024359816614375526,-0.001994332848464131,-0.005495802213104883,17
2014-08-28,0.00732695308635951,1.90301082591041,3,0.006946350921177427,0.005423942260449099,0.0035209314345386895,-0.00028509021728213065,17
2014-09-26,0.006321590373909147,1.8262595831943305,2,0.005956338457270281,0.004495330790714816,0.002669071207520486,-0.000983447958868175,17
2014-10-24,0.0271363495031584,1.8396528251585715,4,0.026768418938126686,0.02529669667799983,0.023457043852841256,0.019777738202524115,17
2014-11-21,-0.021774437138173636,1.8766315065560681,4,-0.02214976343948485,-0.023651068644729704,-0.025527700151285772,-0.02928096316439791,17
2014-12-22,-0.0006539894325173823,1.8980272046070144,3,-0.0010335948734387851,-0.0025520166371243965,-0.004450043841731411,-0.00824609825094544,17
2015-01-22,0.006855774462524216,1.8139281472381235,0,0.006492988833076592,0.005041846315286093,0.0032279181680479694,-0.0003999381264282774,17
2015-02-20,-0.009943567330919006,1.922783656154932,3,-0.010328124062149993,-0.011866350987073938,-0.013789134643228871,-0.017634701955538734,17
2015-03-20,0.0001551324207076602,1.9624213490574145,1,-0.00023735184910382272,-0.0018072889283497545,-0.003769710277407169,-0.007694552975521999,17
2015-04-20,0.023463456262369727,1.903778263056425,4,0.023082700609758443,0.0215596779993133,0.019655899736256876,0.015848343210144028,17
2015-05-18,0.0025058457933088128,1.8295804038939751,7,0.0021399297125300177,0.0006762653894148375,-0.0011533150144791377,-0.004812475822267088,17
2015-06-16,-0.006452092978016735,1.8445921320556196,4,-0.0068210114044278585,-0.008296685110072354,-0.010141277242127975,-0.013830461506239212,17
2015-07-15,0.00941910001063488,1.8691107700788718,1,0.009045277856619105,0.007549989240556008,0.005680878470477137,0.0019426569303193928,17
2015-08-12,-0.006301469006977865,1.793639550666716,3,-0.006660196917111208,-0.008095108557644582,-0.009888748108311297,-0.01347602720964473,17
2015-09-10,0.031224513180212177,1.7902686822313818,2,0.0308664594437659,0.029434244497980794,0.027643975815749414,0.02406343845128665,17
2015-10-08,-0.025523479378325553,1.7874231256662114,7,-0.025880964003458795,-0.027310902503991763,-0.029098325629657976,-0.0326731718809904,17
2015-11-05,-0.01807686375030463,1.833946940110388,1,-0.01844365313832671,-0.019910810690415018,-0.021744757630525406,-0.025412651510746183,17
2015-12-04,0.026932742601900074,1.8979859453285606,7,0.02655314541283436,0.025034756656571514,0.023136770711242954,0.01934079882058583,17
2016-01-05,0.06814586634165429,1.8350689056452072,3,0.06777885256052525,0.06631079743600908,0.06447572853036387,0.06080559071907346,17
2016-02-03,0.009449075322951653,1.6848228148732474,1,0.009112110759977003,0.007764252508078405,0.006079429693205158,0.0027097840634586635,17
2016-03-03,0.012787298181281735,1.9659371667431473,4,0.012394110747933106,0.010821361014538587,0.00885542384779544,0.004923549514309145,17
2016-04-01,-0.017760259528712012,1.901818645384196,3,-0.01814062325778885,-0.01966207817409621,-0.021563896819480406,-0.025367534110248797,17
2016-04-29,-0.0018584750046399525,1.835454451115139,2,-0.0022255658948629803,-0.0036939294557550915,-0.0055293839068702305,-0.009200292809100508,17
2016-05-27,-0.020047964218848142,1.9128797358853507,6,-0.02043054016602521,-0.021960843954733494,-0.023873723690618843,-0.027699483162389543,17
2016-06-27,0.027993285178712857,1.8373920900912788,3,0.0276258067606946,0.02615589308862158,0.0243185009985303,0.020643716818347743,17
2016-07-26,-0.0001440141327329238,1.9847340855498834,3,-0.0005409609498429006,-0.002128748218282807,-0.004113482303832691,-0.008082950474932456,17
2016-08-23,0.0024667356356295163,1.8808497266777602,10,0.0020905656902939643,0.0005858859089517561,-0.0012949638177260042,-0.005056663271081525,17
2016-09-21,-0.015068094011823747,1.826870688687849,6,-0.015433468149561317,-0.016894964700511595,-0.018721835389199446,-0.022375576766575145,17
2016-10-19,0.010229675677574547,1.8380414063968198,6,0.009862067396295183,0.008391634271177728,0.006553592864780908,0.0028775100519872684,17
2016-11-16,0.0196038778779136,1.9159587772949456,5,0.019220686122454613,0.017687919100618656,0.01577196032332371,0.01194004276873382,17
2016-12-15,-0.005041327778754263,1.914747727286882,3,-0.00542427732421164,-0.0069560755060411456,-0.008870823233328027,-0.012700318687901791,17
2017-01-17,0.021922996520531833,1.8788566256840444,2,0.021547225195395023,0.02004413989484779,0.018165283269163744,0.014407570017795655,17
2017-02-14,0.013630407402089484,1.8349625276194752,2,0.013263414896565589,0.011795444874470009,0.009960482346850534,0.0062905572916115825,17
2017-03-15,-0.014514425201965137,1.8574392536574569,5,-0.014885913052696627,-0.016371864455622595,-0.01822930370928005,-0.021944182216594964,17
2017-04-12,0.008967984735623625,1.8042530505682222,6,0.00860713412550998,0.007163731685055403,0.005359478634487181,0.001750972533350736,17
2017-05-11,0.00026076395473082804,1.8652899552575082,3,-0.00011229403632067361,-0.0016045260005266803,-0.0034698159557841886,-0.007200395866299205,17
2017-06-09,-0.013269223863439185,1.9137274292612902,3,-0.013651969349291443,-0.015182951292700475,-0.017096678721961765,-0.020924133580484346,17
2017-07-10,0.023049667181920253,1.8196609399947337,4,0.022685734993921305,0.02123000624192552,0.019410345301930785,0.015771023421941317,17
2017-08-07,0.00018752912809935694,1.8873438047560385,2,-0.00018993963285185076,-0.0016998146766566817,-0.0035871584814127205,-0.007361846090924797,17
2017-09-05,0.008041024541236902,1.8582115601402336,8,0.007669382229208855,0.006182812981096668,0.004324601420956434,0.0006081783006759668,17
2017-10-03,0.009090172052973609,1.8662449439388622,0,0.008716923064185837,0.007223927109034746,0.005357682165095884,0.00162519227721816,17
2017-10-31,-0.006116405580205075,1.813595797625158,4,-0.006479124739730106,-0.007930001377830233,-0.009743597175455391,-0.013370788770705707,17
2017-11-29,0.019360092453472606,1.9111548396925409,1,0.018977861485534098,0.017448937613780066,0.015537782774087523,0.011715473094702441,17
2017-12-28,-0.00687172162947871,1.8468551901456731,5,-0.007241092667507845,-0.008718576819624384,-0.010565432009770056,-0.014259142390061402,17
2018-01-29,0.01750967166245523,1.9051931870592325,5,0.017128633025043385,0.015604478475395998,0.013699285288336766,0.0098888989142183,17
2018-02-27,-0.0036358343234162128,1.7787711714197345,3,-0.003991588557700159,-0.005414605494835948,-0.007193376666255682,-0.010750919009095151,17
2018-03-27,0.013009359615985518,1.8314078124188817,5,0.012643078053501742,0.011177951803566635,0.009346543991147755,0.005683728366309991,17
2018-04-25,-0.010704794804509326,1.8167073532550133,3,-0.011068136275160328,-0.012521502157764338,-0.014338209511019353,-0.01797162421752938,17
2018-05-23,-0.02669542841199799,1.8744869512061102,5,-0.027070325802239212,-0.0285699153632041,-0.030444402314410212,-0.03419337621682243,17
2018-06-21,-0.004525111414821265,1.9078616076747066,4,-0.004906683736356206,-0.006432973022495972,-0.008340834630170678,-0.012156557845520092,17
2018-07-20,0.04006986663237718,1.856370941828309,0,0.03969859244401152,0.038213495690548875,0.03635712474872056,0.032644382865063944,17
2018-08-17,-0.0063159708561920744,1.838021148424007,3,-0.006683575085876876,-0.00815399200461608,-0.009992013153040089,-0.013668055449888103,17
2018-09-17,0.0026776324608939308,1.8767904193100309,2,0.0023022743770319248,0.0008008420415838999,-0.001075948377726131,-0.004829529216346193,17
2018-10-15,0.027376158697165625,1.7997505256375692,6,0.027016208592038113,0.025576408171528058,0.023776657645890487,0.020177156594615348,17
2018-11-12,0.006546839315872928,1.8308902851454079,2,0.006180661258843846,0.00471594903072752,0.0028850587455821123,-0.0007767218247087034,17
2018-12-12,0.013490899367484196,1.845843064928424,3,0.013121730754498512,0.011645056302555773,0.009799213237627348,0.0061075271077705,17
2019-01-11,-0.014456758406285934,1.8488482296689739,3,-0.014826528052219729,-0.016305606635954907,-0.018154454865623882,-0.02185215132496183,17
2019-02-11,0.0065473046633229386,1.8693557746149407,4,0.0061734335083999505,0.004677948888707997,0.002808593114093057,-0.0009301184351368248,17
2019-03-12,0.009552908165677346,1.8684078561201933,3,0.009179226594453306,0.007684500309557153,0.005816092453436959,0.0020792767411965726,17
2019-04-09,-0.003656056867295666,1.8621728656044387,3,-0.004028491440416553,-0.005518229732900105,-0.007380402598504544,-0.01110474832971342,17
2019-05-08,0.0004603438122937817,1.8338258829334624,0,9.357863570708921e-05,-0.0013734820706396806,-0.0032073079535731427,-0.006874959719440067,17
2019-06-06,-0.006454564622465129,1.7998413108322409,1,-0.006814532884631577,-0.00825440593329737,-0.010054247244129611,-0.013653929865794093,17
2019-07-05,0.007228232717210833,1.9122118894120352,3,0.006845790339328426,0.005316020827798798,0.003403808938386762,-0.00042061484043730887,17
2019-08-02,0.009232991680948368,1.7953913056577204,0,0.008873913419816824,0.007437600375290648,0.0056422090696329275,0.0020514264583174867,17
2019-08-30,0.03826023537748429,1.8160698253039058,3,0.03789702141242351,0.036444165552180385,0.03462809572687648,0.030995956076268667,17
2019-09-30,0.0007862781545306889,1.7806322124980987,3,0.0004301517120310691,-0.0009943540579674098,-0.0027749862704655086,-0.0063362506954617055,17
2019-10-28,-0.02552663639754953,1.9030146378790658,5,-0.025907239325125342,-0.027429651035428597,-0.02933266567330766,-0.033138694949065794,17
2019-11-25,0.030569465083771577,1.9949804772170545,1,0.030170468988328165,0.028574484606554523,0.026579504129337468,0.02258954317490336,17
2019-12-24,-0.01077990144379138,1.8654976738580895,5,-0.011153000978562998,-0.01264539911764947,-0.01451089679150756,-0.01824189213922374,17
2020-01-24,-0.04269435043992791,1.8256606451141972,3,-0.04305948256895075,-0.04452001108504211,-0.04634567173015631,-0.049996993020384704,17
2020-02-24,-0.008173411740459975,1.889511521043794,2,-0.008551314044668733,-0.010062923261503768,-0.011952434782547563,-0.01573145782463515,17
2020-03-23,-0.03950801876523731,1.5370415960797414,4,-0.03981542708445326,-0.041045060361317054,-0.04258210195739679,-0.04565618514955627,17
2020-04-21,0.018073153099063877,2.134188464852174,1,0.017646315406093443,0.015938964634211704,0.013804776169359528,0.00953639923965518,17
2020-05-19,0.02733759131886037,1.9768299069928041,4,0.02694222533746181,0.025360761411867567,0.023383931504874764,0.019430271690889154,17
2020-06-17,-0.02334276984411254,1.8764316696156789,1,-0.023718056178035674,-0.02521920151372822,-0.027095633183343897,-0.030848496522575257,17
2020-07-16,0.026761374600532014,1.919102827020938,1,0.026377554035127825,0.024842271773511077,0.022923168946490137,0.019084963292448263,17
2020-08-13,-0.0071094639001594885,1.8802141725954573,5,-0.0074855067346785795,-0.008989678072754945,-0.010869892245350402,-0.014630320590541318,17
2020-09-11,-0.030154443179530765,1.7907891735964325,5,-0.030512601014250053,-0.0319452323531272,-0.03373602152672363,-0.037317599873916495,17
2020-10-09,0.018340003951712012,2.0388393467197767,5,0.017932236082368058,0.016301164604992237,0.014262325258272458,0.010184646564832905,17
2020-11-06,-0.02310409215276246,1.7943500111435133,3,-0.023462962154991163,-0.024898442163905972,-0.026692792175049485,-0.030281492197336512,17
2020-12-07,-0.005008976689207998,1.9963879676674008,4,-0.005408254282741478,-0.007005364656875399,-0.0090017526245428,-0.0129945285598776,17
2021-01-06,-0.14063695836873372,1.8569281345896078,5,-0.14100834399565162,-0.1424938865033233,-0.14435081463791294,-0.14806467090709216,17
2021-02-04,0.01994605917506441,2.154397675333937,1,0.01951517963999762,0.017791661499730473,0.015637263824396536,0.011328468473728662,17
2021-03-05,-0.003964433507895099,1.811535835329128,3,-0.004326740674960925,-0.005775969343224227,-0.007587505178553356,-0.01121057684921161,17
2021-04-05,-0.004042106127112397,1.8465628422545615,3,-0.0044114186955633095,-0.005888668969366959,-0.00773523181162152,-0.011428357496130644,17
2021-05-03,0.010352697312587136,1.8074647558011228,2,0.009991204361426911,0.008545232556786013,0.00673776780098489,0.0031228382893826448,17
2021-06-01,0.01145851745208106,1.8113029021172222,2,0.011096256871657615,0.009647214549963838,0.007835911647846616,0.004213305843612171,17
2021-06-29,0.0028601000281522166,1.8570611327094326,2,0.00248868780161033,0.0010030388954427839,-0.0008540222372666489,-0.004568144502685514,17
2021-07-28,-0.015360972297927648,1.7903366959297178,1,-0.01571903963711359,-0.017151308993857365,-0.018941645689787085,-0.02252231908164652,17
2021-08-25,0.004187007808285189,1.8343631912513465,8,0.00382013517003492,0.0023526446170338425,0.0005182814257824963,-0.0031504449567201966,17
2021-09-23,0.05553455127654845,1.8157970961872085,1,0.05517139185731101,0.05371875418036124,0.051902957084174035,0.04827136289179962,17
2021-10-21,-0.010959372596953164,1.7817729135643097,4,-0.011315727179666026,-0.012741145510517474,-0.014522918424081783,-0.018086464251210403,17
2021-11-18,0.056277599490446514,1.8661131743844006,3,0.055904376855569635,0.054411486316062116,0.05254537314167771,0.048813146792908914,17
2021-12-17,0.030148399563105884,1.7568364767443834,3,0.02979703226775701,0.0283915630863615,0.026634726609617118,0.02312105365612835,17
2022-01-18,0.007167746074720264,1.789342574535426,2,0.006809877559813179,0.005378403500184838,0.003589060925649412,1.0375776578560106e-05,17
2022-02-15,0.04603612105873825,1.8445522866274167,3,0.04566721060141277,0.044191568772110834,0.04234701648548342,0.03865791191222858,17
2022-03-16,0.023639541411054028,1.7978958706130164,3,0.023279962236931424,0.02184164554044101,0.020043749669827995,0.016447957928601962,17
2022-04-13,0.03734970302860029,1.8658593539638302,2,0.036976531157807524,0.03548384367463646,0.033617984320672624,0.029886265612744968,17
2022-05-12,0.008535298391427776,1.7204913105348134,5,0.008191200129320814,0.0068148070808929625,0.005094315770358149,0.0016533331492885224,17
2022-06-10,-0.031414085675566174,1.9081033025713188,7,-0.031795706336080434,-0.03332218897813749,-0.035230292280708814,-0.03904649888585145,17
2022-07-12,-3.2285284658078745e-06,1.826021547157092,3,-0.0003684328378972263,-0.0018292500756228998,-0.0036552716227799915,-0.007307314717094175,17
2022-08-09,-0.013846219475765522,1.946748226287231,3,-0.01423556912102297,-0.015792967702052754,-0.017739715928339984,-0.021633212380914448,17
2022-09-07,0.03270493955618636,1.8621339016173066,2,0.0323325127758629,0.030842805654569056,0.02898067175295175,0.025256403949717135,17
2022-10-05,0.0023518133313647164,1.7584456133916861,5,0.002000124208686379,0.0005933677179730302,-0.001165077895418656,-0.004681969122202028,17
2022-11-02,0.028283409223631026,1.8564515192600504,7,0.027912118919779016,0.026426957704370976,0.024570506185110925,0.020857603146590825,17
2022-12-01,0.017548256091189395,1.8639971308408279,8,0.017175456665021228,0.015684258960348568,0.013820261829507739,0.010092267567826083,17
2022-12-30,0.0782930090355229,1.8576133362036404,4,0.07792148636828217,0.07643539569931926,0.07457778236311562,0.07086255569070835,17
2023-01-31,-0.007003282488324291,1.871787701967047,7,-0.0073776400287177005,-0.008875070190291339,-0.010746857892258386,-0.014490433296192479,17
2023-03-01,-0.025629681868866692,1.8219613746599979,3,-0.02599407414379869,-0.02745164324352669,-0.029273604618186688,-0.03291752736750668,17
2023-03-29,0.017133442423443133,1.8095649886496559,2,0.0167715294257132,0.015323877434793477,0.013514312446143822,0.00989518246884451,17
2023-04-27,-0.0027143688205678277,1.8035561315220419,5,-0.003075080046872236,-0.00451792495208987,-0.006321481083611911,-0.009928593346655995,17
2023-05-25,0.01241165533218267,1.813833573405976,7,0.012048888617501476,0.010597821758776695,0.008783988185370718,0.005156321038558767,17
2023-06-26,-0.027586347549361276,1.8644508956684709,2,-0.02795923772849497,-0.029450798445029746,-0.031315249340698216,-0.035044151132035156,17
2023-07-25,-0.0008126774355466999,1.997874115141121,2,-0.001212252258574924,-0.002810551550687821,-0.004808425665828942,-0.008804173896111185,17
2023-08-22,-0.0027588578223774448,1.783242673592428,3,-0.0031155063570959306,-0.004542100495969873,-0.006325343169562301,-0.009891828516747157,17
2023-09-20,-0.008070533814068833,1.8284878188264266,3,-0.008436231377834119,-0.00989902163289526,-0.011727509451721687,-0.015384485089374539,17
2023-10-18,0.012400947899448102,1.8540728741382746,5,0.012030133324620447,0.010546875025309828,0.008692802151171552,0.0049846564028950035,17
2023-11-15,0.05694821305122808,1.8883289912746921,3,0.05657054725297314,0.05505988405995339,0.0531715550686787,0.04939489708612931,17
2006-01-31,0.004372671191872286,0.9999999999999949,8,0.004172671191872287,0.0033726711918722913,0.0023726711918722965,0.00037267119187230687,18
2006-03-01,-0.009105063613554886,1.8153663692779072,7,-0.009468136887410467,-0.010920429982832793,-0.0127357963521107,-0.016366529090666514,18
2006-03-29,-0.0059157087410232345,1.8520726489387516,2,-0.006286123270810985,-0.007767781389961986,-0.009619854038900737,-0.01332399933677824,18
2006-04-27,0.02557637963720477,1.8065614096011413,2,0.025215067355284542,0.02376981822760363,0.02196325681800249,0.018350133998800207,18
2006-05-25,0.02492135044636228,1.759093313656607,3,0.024569531783630957,0.02316225713270567,0.021403163819049064,0.017884977191735853,18
2006-06-23,0.03440873424645517,1.7977596748435705,2,0.03404918231148646,0.0326109745716116,0.03081321489676803,0.02721769554708089,18
2006-07-24,0.031170863603467974,1.788236994222504,2,0.030813216204623472,0.02938262660924547,0.027594389615022967,0.024017915626577957,18
2006-08-21,-0.01631473016504727,1.7696550769747277,3,-0.016668661180442215,-0.018084385242021998,-0.019854040318996725,-0.023393350472946182,18
2006-09-19,0.014393922132867339,1.9107743394841439,5,0.01401176726497051,0.012483147793383194,0.01057237345389905,0.006750824774930763,18
2006-10-17,-0.009383168973623884,1.8847329270561721,2,-0.009760115559035118,-0.011267901900680055,-0.013152634827736228,-0.016922100681848573,18
2006-11-14,0.011319447067761558,1.8722452802523324,4,0.010944998011711091,0.009447201787509227,0.0075749565072568935,0.0038304659467522286,18
2006-12-13,0.0062095291969544,1.8321314219599836,5,0.0058431029125624034,0.004377397774994417,0.002545266353034433,-0.0011189964908855342,18
2007-01-16,-0.002863740006638207,1.836482236859009,9,-0.003231036454010009,-0.004700222243497216,-0.006536704480356225,-0.010209668954074243,18
2007-02-13,-0.0019238606316108508,1.9033664716828218,4,-0.002304533925947415,-0.0038272271032936725,-0.005730593574976494,-0.009537326518342139,18
2007-03-14,-0.026124119369051593,1.8133476512661035,7,-0.026486788899304812,-0.027937467020317696,-0.0297508146715838,-0.03337750997411601,18
2007-04-12,0.006878988962010485,1.9021475580292335,4,0.006498559450404638,0.004976841403981251,0.003074693845952018,-0.0007296012701064492,18
2007-05-10,0.01699301258022755,1.841327691616541,5,0.01662474704190424,0.015151684888611006,0.013310357196994466,0.009627701813761384,18
2007-06-08,-0.01722702016568906,1.846765984928661,9,-0.01759637336267479,-0.01907378615061772,-0.02092055213554638,-0.024614084105403704,18
2007-07-09,0.010449266514462832,1.808709872745101,9,0.010087524539913812,0.008640556641717732,0.00683184676897263,0.0032144270234824284,18
2007-08-06,0.004481879033266573,1.7661060481888422,8,0.004128657823628805,0.0027157729850777307,0.0009496669368888886,-0.0025825451594887958,18
2007-09-04,-0.010149147154280376,1.8354684281813218,8,-0.01051624083991664,-0.011984615582461697,-0.01382008401064302,-0.017491020867005665,18
2007-10-02,0.009545555712823416,1.8969877285999142,5,0.009166158167103432,0.0076485679842235015,0.0057515802556235875,0.0019576047984237585,18
2007-10-30,0.0229016139114833,1.804058732480023,8,0.022540802164987297,0.021097555179003278,0.019293496446523253,0.015685378981563206,18
2007-11-28,-0.002840335213654294,1.7617440905711172,7,-0.003192684031768518,-0.004602079304225412,-0.006363823394796528,-0.009887311575938763,18
2007-12-27,-0.019793742879690223,1.878363782574992,5,-0.02016941563620522,-0.021672106662265215,-0.023550470444840207,-0.02730719800999019,18
2008-01-28,0.022199561726666834,1.7765167491913163,5,0.02184425837682857,0.02042304497747552,0.0186465282282842,0.015093494729901569,18
2008-02-26,0.016653184043929882,1.9232437455853897,3,0.016268535294812803,0.014729940298344492,0.012806696552759102,0.008960209061588323,18
2008-03-26,0.022085610429013004,1.8037545223408846,1,0.021724859524544827,0.02028185590667212,0.018478101384331234,0.014870592339649467,18
2008-04-23,-0.01932352506941162,1.8217946594652374,3,-0.019687884001304667,-0.021145319728876857,-0.022967114388342095,-0.02661070370727257,18
2008-05-21,0.014103345117793245,1.889993473055709,3,0.013725346423182103,0.012213351644737537,0.010323358171681826,0.006543371225570409,18
2008-06-19,-0.010033318055216794,1.8265925781143408,2,-0.010398636570839663,-0.011859910633331135,-0.013686503211445475,-0.017339688367674157,18
2008-07-18,-0.012556365626071112,1.7506708329264287,7,-0.012906499792656397,-0.01430703645899754,-0.01605770729192397,-0.019559048957776826,18
2008-08-15,0.018184416192099682,1.9237955878488877,3,0.017799657074529903,0.016260620604250795,0.014336825016401907,0.010489233840704132,18
2008-09-15,0.0067132334785457515,1.7427452795187428,6,0.006364684422642003,0.004970488199027009,0.003227742919508266,-0.0002577476395292195,18
2008-10-13,0.02413225047892855,1.6853109517446951,4,0.02379518828857961,0.022446939527183855,0.02076162857543916,0.01739100667194977,18
2008-11-10,-0.010926666847863548,1.7298316191704557,2,-0.01127263317169764,-0.012656498467034004,-0.01438633008620446,-0.01784599332454537,18
2008-12-09,-0.02017115242172827,1.8401065045917526,4,-0.02053917372264662,-0.022011258926320023,-0.023851365430911778,-0.02753157844009528,18
2009-01-08,0.009634094593262102,1.9768621958792363,3,0.009238722154086255,0.007657232397382866,0.0056803702015036294,0.001726645809745157,18
2009-02-06,0.05002689883782184,1.7710821400814027,1,0.04967268240980556,0.048255816697740435,0.04648473455765904,0.04294257027749623,18
2009-03-09,-0.0017052147964302768,1.5876495535771313,3,-0.002022744707145703,-0.003292864350007408,-0.00488051390358454,-0.008055813010738802,18
2009-04-06,0.10918796029584692,2.1695632955155615,1,0.1087540476367438,0.10701839700033136,0.10484883370481579,0.10050970711378467,18
2009-05-05,-0.017955744778646913,1.8816750724543352,0,-0.01833207979313778,-0.019837419851101247,-0.021719094923555584,-0.025482445068464255,18
2009-06-03,0.021797490673908924,1.956209214954752,1,0.021406248830917973,0.019841281458954172,0.01788507224399942,0.013972653814089915,18
2009-07-01,0.014876250690360823,1.8114360247593497,3,0.014513963485408952,0.013064814665601472,0.011253378640842124,0.007630506591323424,18
2009-07-30,-0.05123778692648256,1.8475294244995466,0,-0.05160729281138247,-0.053085316350982105,-0.05493284577548165,-0.058627904624480746,18
2009-08-27,-0.04018779713852454,2.0179894139322627,0,-0.040591395021311,-0.042205786552456805,-0.044223775966389066,-0.048259754794253595,18
2009-09-25,-8.227894864614414e-05,1.8944458026288211,6,-0.0004611681091719084,-0.001976724751274965,-0.0038711705539037863,-0.007660062159161428,18
2009-10-23,0.013880175479739217,1.837977140752516,4,0.013512580051588714,0.0120421983389867,0.010204221198234185,0.006528266916729152,18
2009-11-20,-0.008680584337515023,1.8408841067628514,3,-0.009048761158867593,-0.010521468444277874,-0.012362352551040725,-0.01604412076456643,18
2009-12-21,-0.002357150178525307,1.9203967650815137,2,-0.0027412295315416097,-0.004277546943606821,-0.006197943708688335,-0.010038737238851361,18
2010-01-21,-0.000632822671570716,1.897278548426406,1,-0.0010122783812559974,-0.002530101219997122,-0.004427379768423528,-0.008221936865276341,18
2010-02-19,-0.004643179512529156,1.8929972069479053,5,-0.005021778953918738,-0.006536176719477062,-0.008429173926424966,-0.012215168340320777,18
2010-03-19,-0.011751107365432318,1.9208802471509006,3,-0.012135283414862499,-0.013671987612583219,-0.01559286785973412,-0.01943462835403592,18
2010-04-19,-0.020589738623353934,1.8845553084747733,3,-0.02096664968504889,-0.022474293931828707,-0.02435884924030348,-0.028127959857253026,18
2010-05-17,0.02122688825923762,1.7849236173501903,2,0.020869903535767582,0.01944196464188743,0.01765704102453724,0.014087193789836859,18
2010-06-15,0.0002824422826191104,1.79902201832384,3,-7.736212104565758e-05,-0.0015165797357047297,-0.0033156017540285697,-0.00691364579067625,18
2010-07-14,-0.012587577515347219,1.8368698662970546,8,-0.01295495148860663,-0.014424447381644273,-0.016261317247941328,-0.019935056980535437,18
2010-08-11,-0.01579370956745265,1.848944081101062,0,-0.016163498383672863,-0.017642653648553712,-0.019491597729654773,-0.023189485891856897,18
2010-09-09,0.017023918986803156,1.8658671975875678,5,0.016650745547285642,0.015158051789215587,0.01329218459162802,0.009560450196452883,18
2010-10-07,0.035808259939399616,1.9217451434890493,1,0.03542391091070181,0.033886514795910566,0.03196476965242152,0.028121279365443418,18
2010-11-04,-0.01557329011478654,1.8758176627636438,6,-0.015948453647339267,-0.017449107777550182,-0.019324925440313827,-0.023076560765841116,18
2010-12-03,0.006502478441359183,1.926707078124592,3,0.0061171370257342645,0.004575771363234591,0.0026490642851099986,-0.0012043498711391855,18
2011-01-03,0.005911434686145612,1.9621355120516784,4,0.0055190075837352765,0.003949299174093934,0.0019871636620422553,-0.0019371073620611011,18
2011-02-01,0.03258676598030588,1.7887523945559052,4,0.0322290155013947,0.030798013585749975,0.029009261191194072,0.02543175640208226,18
2011-03-02,0.00972659220149353,1.7986810137376055,5,0.009366855998746008,0.007927911187755925,0.006129230174018318,0.002531868146543107,18
2011-03-30,0.005668721749233782,1.8551128267998949,3,0.005297699183873803,0.0038136089224338867,0.0019584960956339917,-0.0017517295579657982,18
2011-04-28,-0.009194635513951185,1.8780106907272474,4,-0.009570237652096634,-0.011072646204678432,-0.01295065689540568,-0.016706678276860176,18
2011-05-26,0.005397966525460837,1.7739067964310697,7,0.005043185166174623,0.003624059729029767,0.0018501529325986974,-0.0016976606602634422,18
2011-06-24,-0.025742740031426733,1.8125003578647598,7,-0.026105240102999683,-0.027555240389291493,-0.029367740747156253,-0.03299274146288577,18
2011-07-25,-0.007132360983847501,1.8414812788143122,2,-0.007500657239610364,-0.008973842262661813,-0.010815323541476126,-0.01449828609910475,18
2011-08-22,0.02442518383235356,1.6457410499180294,5,0.024096035622369956,0.02277944278243553,0.021133701732517503,0.01784221963268144,18
2011-09-20,-0.028283459188789415,1.913099246588948,3,-0.028666079038107205,-0.030196558435378364,-0.03210965768196731,-0.035935856175145206,18
2011-10-18,-0.002780658139919964,1.8678927274703327,3,-0.0031542366854140306,-0.004648550867390297,-0.00651644359486063,-0.010252229049801295,18
2011-11-15,-0.0009819377637491195,1.8561784707788,5,-0.0013531734579048794,-0.0028381162345279196,-0.004694294705306719,-0.00840665164686432,18
2011-12-14,-0.027483927629621756,1.7659235689728314,1,-0.02783711234341632,-0.029249851198594586,-0.03101577476756742,-0.03454762190551308,18
2012-01-13,0.010267240740817243,1.8961338869202522,4,0.009888013963433192,0.008371106853896991,0.006474972966976739,0.002682705193136234,18
2012-02-13,-0.024079412401345347,1.9153793412408686,4,-0.024462488269593522,-0.025994791742586214,-0.027910171083827085,-0.03174092976630882,18
2012-03-13,0.0008044515209104227,1.9203380035693174,1,0.0004203839201965592,-0.0011158864826588948,-0.0030362244862282123,-0.006876900493366847,18
2012-04-11,0.010022319640565996,1.801540401884046,4,0.009662011560189187,0.00822077923868195,0.006419238836797904,0.0028161580330298124,18
2012-05-09,-0.01838098331867521,1.8702611015345967,4,-0.01875503553898213,-0.02025124442020981,-0.022121505521744404,-0.025862027724813597,18
2012-06-07,-0.006943657099071915,1.8624618242370161,3,-0.007316149463919319,-0.008806118923308931,-0.010668580747545947,-0.01439350439601998,18
2012-07-06,-0.01944974977227026,1.8970985112322045,2,-0.0198291694745167,-0.021346848283502466,-0.02324394679473467,-0.02703814381719908,18
2012-08-03,0.00864707654210976,1.8047536920541227,2,0.008286125803698936,0.006842322850055637,0.005037569158001514,0.0014280617738932685,18
2012-08-31,-0.002848178033823699,1.8813080217256697,1,-0.003224439638168833,-0.004729486055549369,-0.0066107940772750385,-0.010373410120726378,18
2012-10-01,0.0014714155511745864,1.846743044242948,1,0.0011020669423259968,-0.0003753274930683615,-0.0022220705373113096,-0.0059155566257972055,18
2012-10-31,0.005103836834536466,1.7524631909914385,1,0.004753344196338178,0.003351373643545027,0.0015989104525535886,-0.0019060159294292884,18
2012-11-29,-0.007252332257705334,1.8529278592431593,10,-0.007622917829553965,-0.009105260116948493,-0.010958187976191653,-0.014664043694677971,18
2012-12-28,0.0017988664993500748,1.8312927076379044,4,0.0014326079578224939,-3.242620828782959e-05,-0.001863718915925734,-0.005526304331201543,18
2013-01-29,-0.006044784138166182,1.8105630768922059,8,-0.006406896753544623,-0.007855347215058388,-0.009665910291950594,-0.013287036445735007,18
2013-02-27,0.0032145411648107323,1.8262909207872133,1,0.0028492829806532898,0.001388250244023519,-0.00043804067676369435,-0.004090622518338121,18
2013-03-27,0.023444434654794448,1.8233165635363506,3,0.023079771342087177,0.021621118091258096,0.019797801527721745,0.016151168400649046,18
2013-04-25,-0.0013431829385796385,1.8282411473454685,1,-0.0017088311680487323,-0.0031714240859251073,-0.004999665233270575,-0.008656147527961513,18
2013-05-23,-0.015427740741478199,1.892367874430457,1,-0.01580621431636429,-0.017320108615908655,-0.019212476490339112,-0.022997212239200027,18
2013-06-21,-0.005201178402553893,1.8235640797644992,4,-0.005565891218506792,-0.007024742482318392,-0.008848306562082891,-0.01249543472161189,18
2013-07-22,-0.009501135845647596,1.9465675084930196,3,-0.0098904493473462,-0.011447703354140616,-0.013394270862633634,-0.017287405879619674,18
2013-08-19,-0.015094499330073844,1.8208661975019909,1,-0.015458672569574242,-0.016915365527575835,-0.018736231725077827,-0.022377964120081806,18
2013-09-17,0.02635144688340664,1.9422098706050548,6,0.02596300490928563,0.024409237012801586,0.02246702714219653,0.01858260740098642,18
2013-10-15,0.013120455089921884,1.8037839255103587,6,0.012759698304819812,0.011316671164411525,0.009512887238901167,0.005905319387880449,18
2013-11-12,-0.005759928350036691,1.8250040088240382,7,-0.006124929151801499,-0.007584932358860729,-0.009409936367684767,-0.013059944385332844,18
2013-12-11,0.009089894101545731,1.820802483782018,3,0.008725733604789327,0.0072690916177637135,0.005448289133981696,0.0018066841664176594,18
2014-01-10,0.009124347242281491,1.894936966778744,5,0.008745359848925743,0.007229410275502748,0.005334473308724004,0.0015445993751665157,18
2014-02-10,-0.010906355809977742,1.8426775778577615,2,-0.011274891325549295,-0.012749033387835503,-0.014591710965693266,-0.018277066121408787,18
2014-03-11,0.00860149498002706,1.942192549533397,3,0.008213056470120382,0.006659302430493664,0.004717109880960267,0.0008327247818934727,18
2014-04-08,0.006462401759151407,1.8307443869983229,3,0.006096252881751743,0.004631657372153084,0.002800912985154761,-0.0008605757888418848,18
2014-05-07,0.005657697283950915,1.829829456661512,2,0.005291731392618612,0.0038278678272894023,0.0019980383706278905,-0.0016616205426951336,18
2014-06-05,-0.031797504928294855,1.925962427725638,4,-0.03218269741383998,-0.03372346735602049,-0.035649429783746134,-0.039501354639197406,18
2014-07-03,0.03334987391244914,1.9387332341033021,2,0.03296212726562848,0.031411140678345835,0.029472407444242534,0.02559494097603593,18
2014-08-01,-0.013586225125612488,1.7689108870476755,2,-0.013940007303022023,-0.015355136012660163,-0.01712404689970784,-0.02066186867380319,18
2014-08-29,-0.0012597079525264075,1.911229169712976,0,-0.0016419537864690026,-0.0031709371222393835,-0.00508216629195236,-0.008904624631378312,18
2014-09-29,0.009219962564262935,1.786173312253666,1,0.008862727901812202,0.007433789252009269,0.005647615939755603,0.0020752693152482704,18
2014-10-27,0.015229209434969021,1.8110727079951832,4,0.014866994893369985,0.013418136726973838,0.011607064018978656,0.007984918602988288,18
2014-11-24,0.0030247560784127637,1.9620131666724605,2,0.0026323534450782716,0.0010627429117403032,-0.0008992702549321572,-0.004823296588277078,18
2014-12-23,-0.007771853458591451,1.8383850182130026,4,-0.008139530462234052,-0.009610238476804454,-0.011448623495017456,-0.015125393531443461,18
2015-01-23,0.01606175631919028,1.8783013578819474,5,0.01568609604761389,0.014183454961308331,0.012305153603426384,0.008548550887662489,18
2015-02-23,0.009022134695647792,1.9137224611303338,2,0.008639390203421726,0.007108412234517458,0.005194689773387124,0.0013672448511264567,18
2015-03-23,-0.007220384110789722,1.9275926620101644,2,-0.0076059026431917545,-0.009147976772799887,-0.011075569434810051,-0.01493075475883038,18
2015-04-21,-0.0008266511164252265,1.906108165530241,4,-0.0012078727495312747,-0.0027327592819554676,-0.004638867447485709,-0.008451083778546191,18
2015-05-19,0.014993069825317024,1.881644754347203,2,0.014616740874447583,0.013111425070969822,0.011229780316622619,0.007466490807928212,18
2015-06-17,-0.00811404733586443,1.7943509879510564,5,-0.00847291753345464,-0.009908398323815485,-0.011702749311766542,-0.015291451287668654,18
2015-07-16,0.01038878421676127,1.8506963106884493,3,0.01001864495462358,0.00853808790607282,0.006687391595384371,0.002985998974007473,18
2015-08-13,-0.02230317074919488,1.796219146892025,2,-0.022662414578573285,-0.024099389896086905,-0.02589560904297893,-0.029488047336762982,18
2015-09-11,-0.011333017263801138,1.8021504070559782,3,-0.011693447345212334,-0.013135167670857116,-0.014937318077913094,-0.01854161889202505,18
2015-10-09,-0.010486335077864093,1.828034430953946,5,-0.010851941964054881,-0.012314369508818038,-0.014142403939771985,-0.017798472801679878,18
2015-11-06,-0.005233082062739944,1.8400749304932904,1,-0.005601097048838603,-0.007073156993233235,-0.008913231923726525,-0.012593381784713106,18
2015-12-07,-0.0005242810829090659,1.904033278902401,5,-0.0009050877386895461,-0.002428314361811467,-0.004332347640713868,-0.00814041419851867,18
2016-01-06,0.04044870424770863,1.8186402813664435,5,0.04008497619143535,0.03863006396634219,0.036811423684975746,0.03317414312224286,18
2016-02-04,-0.007649097655766377,1.7966158875620686,1,-0.00800842083327879,-0.009445713543328446,-0.011242329430890513,-0.01483556120601465,18
2016-03-04,0.005522840375342435,2.002839588210948,3,0.0051222724577002455,0.003520000787131487,0.0015171611989205384,-0.0024885179775013585,18
2016-04-04,-0.0377863762398718,1.9286844138576735,6,-0.038172113122643334,-0.03971506065372947,-0.04164374506758715,-0.045501113895302495,18
2016-05-02,-0.00015661918400454927,1.8899030203594438,1,-0.0005345997880764381,-0.002046522204363993,-0.003936425224723437,-0.007716231265442325,18
2016-05-31,-0.0063911193680616625,1.8855039077244753,4,-0.006768220149606557,-0.008276623275786137,-0.010162127183510613,-0.013933134998959564,18
2016-06-28,0.012119779433347197,1.8362155051187365,4,0.01175253633232345,0.01028356392822846,0.008447348423109725,0.004774917412872251,18
2016-07-27,-0.00860193484009729,1.921224116488275,8,-0.008986179663394945,-0.010523158956585565,-0.012444383073073842,-0.01628683130605039,18
2016-08-24,-0.01788935473813827,1.9249737789235075,9,-0.01827434949392297,-0.019814328517061778,-0.021739302295985283,-0.025589249853832298,18
2016-09-22,-0.024965942701018373,1.8399468110318646,3,-0.025333932063224745,-0.02680588951205024,-0.028645836323082104,-0.032325729945145834,18
2016-10-20,0.026643454152725635,1.7738119244516983,6,0.026288691767835295,0.024869642228273935,0.02309583030382224,0.01954820645491884,18
2016-11-17,0.028037663671093865,1.9160607043649285,5,0.02765445153022088,0.026121602966728937,0.02420554226236401,0.020373420853634153,18
2016-12-16,-0.007952240501681553,1.8733136202570013,3,-0.008326903225732953,-0.009825554121938555,-0.011698867742195557,-0.015445494982709558,18
2017-01-18,0.010210497192289923,1.8546060022133186,3,0.009839575991847259,0.008355891190076604,0.006501285187863285,0.0027920731834366478,18
2017-02-15,0.00882674350461597,1.8424387661786372,2,0.008458255751380242,0.006984304738437333,0.005141865972258696,0.001456988439901421,18
2017-03-16,0.003642208459442203,1.885492033564908,5,0.0032651100527292215,0.0017567164258772952,-0.00012877560768761271,-0.0038997596748174285,18
2017-04-13,0.014442808777262102,1.7720236885614127,4,0.014088404039549819,0.01267078508870069,0.010898761400139276,0.007354714023016451,18
2017-05-12,0.004639613447949776,1.8823600729290868,2,0.004263141433363959,0.0027572533750206893,0.0008748933020916025,-0.0028898268437665712,18
2017-06-12,-0.014442850692112725,1.8299515885563804,3,-0.014808841009824,-0.016272802280669105,-0.018102753869225486,-0.021762657046338247,18
2017-07-11,0.04233725429996122,1.8600171040193747,4,0.04196525087915735,0.040477237195941845,0.03861722009192247,0.03489718588388372,18
2017-08-08,0.0042685467134821724,1.7542538519011328,3,0.003917695943101946,0.0025142928615810396,0.0007600390096799067,-0.002748468694122359,18
2017-09-06,0.00856480064491937,1.8742222911015096,8,0.00818995618669907,0.006690578353817861,0.004816356062716351,0.0010679114805133318,18
2017-10-04,0.013879950447980485,1.9358849938063825,2,0.013492773449219208,0.011944065454174101,0.01000818046036772,0.006136410472754954,18
2017-11-01,-0.007149253322051751,1.7978801884666769,4,-0.007508829359745087,-0.008947133510518427,-0.010745013698985105,-0.01434077407591846,18
2017-11-30,0.009706358061549817,1.9410831053029125,2,0.009318141440489236,0.0077652749562469045,0.005824191850943992,0.001942025640338167,18
2017-12-29,0.00848562026900432,1.8774019380495266,3,0.008110139881394415,0.006608218330954793,0.004730816392905266,0.0009760125168062133,18
2018-01-30,-0.006625676910678988,1.8577364332416268,8,-0.006997224197327314,-0.008483413343920615,-0.010341149777162242,-0.014056622643645496,18
2018-02-28,0.02025538472530561,1.825390946281449,4,0.01989030653604932,0.01842999377902416,0.01660460283274271,0.012953820940179812,18
2018-03-28,0.0029698382224371276,1.857582256239497,2,0.002598321771189228,0.0011122559661976305,-0.0007453262900418665,-0.004460490802520861,18
2018-04-26,0.011540314289505678,1.8554119528036825,3,0.011169231898944941,0.009684902336701995,0.007829490383898312,0.004118666478290948,18
2018-05-24,-0.007619908960462976,1.9206028656491856,4,-0.008004029533592813,-0.009540511826112163,-0.011461114691761348,-0.015302320423059719,18
2018-06-22,-0.013222281110369799,1.8477786181988582,2,-0.013591836834009571,-0.015070059728568657,-0.016917838346767515,-0.02061339558316523,18
2018-07-23,0.03448435641775056,1.9243813501252647,1,0.03409948014772551,0.03255997506762529,0.030635593717500027,0.026786831017249497,18
2018-08-20,0.0033819840679390604,1.8201448213423408,3,0.003017955103670592,0.0015618392465967196,-0.00025830557474562123,-0.003898595217430303,18
2018-09-18,-0.004630520555248083,1.8681850264742448,4,-0.005004157560542932,-0.006498705581722327,-0.008366890608196571,-0.012103260661145062,18
2018-10-16,0.028723565143316573,1.8262783492783756,6,0.028358309473460897,0.0268972867940382,0.02507100844475982,0.02141845174620307,18
2018-11-13,0.015197336063733389,1.8025209884088627,2,0.014836831866051616,0.013394815075324525,0.011592294086915663,0.007987252110097938,18
2018-12-13,0.013580368893527732,1.8326056686898915,2,0.013213847759789753,0.01174776322483784,0.009915157556147948,0.006249946218768165,18
2019-01-14,-0.001749552345417652,1.8395033800488638,4,-0.002117453021427425,-0.0035890557254665157,-0.00542855910551538,-0.009107565865613107,18
2019-02-12,0.015353919277833151,1.8879294552557135,2,0.014976333386782009,0.013465989822577438,0.011578060367321725,0.007802201456810297,18
2019-03-13,0.008771015467720213,1.9094581776975381,6,0.008389123832180706,0.006861557290022675,0.004952099112325137,0.001133182756930061,18
2019-04-10,-0.007556789225973887,1.8614346841051885,2,-0.007929076162794924,-0.009418223910079074,-0.011279658594184264,-0.015002527962394641,18
2019-05-09,-0.019629171798334333,1.817459816372101,0,-0.019992663761608753,-0.021446631614706436,-0.023264091431078535,-0.02689901106382274,18
2019-06-07,-0.0037207092730040334,1.8101160858388459,4,-0.004082732490171803,-0.0055308253588428795,-0.007340941444681726,-0.010961173616359416,18
2019-07-08,-0.005199682854731196,1.8731423125215838,5,-0.005574311317235513,-0.00707282516725278,-0.008945967479774363,-0.01269225210481753,18
2019-08-05,-0.0036548882091919266,1.794602390205878,0,-0.004013808687233103,-0.005449490599397805,-0.007244092989603683,-0.010833297770015439,18
2019-09-03,0.04062445486103447,1.8670443429442023,3,0.04025104599244563,0.03875741051809027,0.036890366175146065,0.03315627748925766,18
2019-10-01,-0.005718617623737638,1.7856714698000458,3,-0.006075751917697648,-0.0075042890935376845,-0.00928996056333773,-0.012861303502937821,18
2019-10-29,-0.017710792663719138,1.8880400171855973,2,-0.01808840066715626,-0.019598832680904735,-0.021486872698090333,-0.025262952732461527,18
2019-11-26,0.004484359264489432,1.9441524845224534,2,0.004095528767584942,0.0025402067799669787,0.0005960542954445256,-0.0032922506736003812,18
2019-12-26,-0.02014945476513512,1.9083586020014773,8,-0.020531126485535414,-0.022057813367136598,-0.023966171969138073,-0.027782889173141027,18
2020-01-27,-0.019282572394742917,1.8479613985366332,2,-0.019652164674450242,-0.02113053379327955,-0.022978495191816183,-0.02667441798888945,18
2020-02-25,-0.0006184541296509333,1.7897729850572746,1,-0.0009764087266623883,-0.002408227114708208,-0.004198000099765483,-0.007777546069880031,18
2020-03-24,-0.06892276524150397,1.6203067820608439,2,-0.06924682659791613,-0.07054307202356482,-0.07216337880562565,-0.07540399236974735,18
2020-04-22,0.026086742081956268,2.097800032112452,1,0.025667182075533777,0.023988942049843816,0.021891142017731364,0.017695541953506456,18
2020-05-20,0.006359540872981667,1.9720499377776708,2,0.005965130885426133,0.004387490935203997,0.002415440997426326,-0.0015286588781290153,18
2020-06-18,-0.017527267746539014,1.915995873498577,0,-0.017910466921238728,-0.01944326362003759,-0.02135925949353617,-0.02519125124053332,18
2020-07-17,0.02679313801573019,1.9187758995182123,2,0.026409382835826545,0.024874362116211978,0.022955586216693764,0.01911803441765734,18
2020-08-14,0.01927941913697813,1.9059471076271637,4,0.018898229715452696,0.017373472029350967,0.015467524921723801,0.011655630706469473,18
2020-09-14,-0.03752648697407194,1.8131998830433855,4,-0.03788912695068061,-0.03933968685711532,-0.04115288674015871,-0.04477928650624548,18
2020-10-12,0.014643330544966646,1.9532732040409986,2,0.014252675904158445,0.012690057340925646,0.010736784136884649,0.006830237728802651,18
2020-11-09,-0.022300559270068306,1.7549920907402086,2,-0.022651557688216348,-0.024055551360808513,-0.025810543451548724,-0.029320527633029142,18
2020-12-08,0.017429579736779888,2.038642947049082,3,0.017021851147370072,0.015390936789730806,0.013352293842681724,0.009275007948583559,18
2021-01-07,-0.1323604984285851,1.9332047696037538,4,-0.13274713938250585,-0.13429370319818887,-0.1362269079677926,-0.14009331750700013,18
2021-02-05,0.054061064296056824,2.0961951689857794,5,0.05364182526225967,0.051964869127071045,0.049868673958085266,0.04567628362011371,18
2021-03-08,0.019790721259420076,1.769801258279679,2,0.01943676100776414,0.018020920001140396,0.01625111874286072,0.01271151622630136,18
2021-04-06,0.0006041722586075411,1.821864998146348,3,0.0002397992589782715,-0.0012176927395388067,-0.0030395577376851547,-0.006683287733977851,18
2021-05-04,-0.013641546689193068,1.8393709620241467,3,-0.014009420881597897,-0.015480917651217216,-0.017320288613241364,-0.020999030537289656,18
2021-06-02,-0.021734109737611886,1.839905791112734,1,-0.022102090895834432,-0.02357401552872462,-0.025413921319837354,-0.02909373290206282,18
2021-06-30,0.02327175990375934,1.9213689684460438,4,0.022887486110070132,0.021350390935313296,0.019429021966867254,0.015586284029975167,18
2021-07-29,0.007522796326727236,1.8100566097130928,1,0.007160785004784618,0.005712739717014144,0.003902683107301051,0.0002825698878748655,18
2021-08-26,-0.0035106381595888915,1.804661717832219,5,-0.0038715705031553355,-0.0053152998774211105,-0.00711996159525333,-0.010729285030917768,18
2021-09-24,0.023378630978507207,1.8748028532970231,2,0.0230036704078478,0.021503828125210185,0.01962902527191316,0.015879419565319113,18
2021-10-22,0.01375608708318811,1.7929821208670194,4,0.013397490659014705,0.01196310496232109,0.01017012284145407,0.006584158599720032,18
2021-11-19,0.022092388681181293,1.8309892145246738,3,0.021726190838276357,0.02026139946665662,0.018430410252131945,0.014768431823082597,18
2021-12-20,0.0747649900932799,1.80877261024682,4,0.07440323557123053,0.07295621748303308,0.07114744487278626,0.06752989965229263,18
2022-01-19,0.008922185761580244,1.8100137345078011,4,0.008560183014678684,0.007112172027072443,0.005302158292564642,0.0016821308235490393,18
2022-02-16,0.010118559049232966,1.8434282388210188,5,0.009749873401468762,0.008275130810411948,0.006431702571590928,0.0027448460939488908,18
2022-03-17,-0.022474798589983334,1.8889382998358548,6,-0.022852586249950506,-0.024363736889819188,-0.026252675189655045,-0.030030551789326752,18
2022-04-14,-0.013445388045350531,1.8627871365886919,1,-0.01381794547266827,-0.015308175181939223,-0.017170962318527914,-0.0208965365917053,18
2022-05-13,-0.06928373715673249,1.7877231020797346,3,-0.06964128177714843,-0.07107146025881222,-0.07285918336089195,-0.07643462956505143,18
2022-06-13,-0.03368432023706961,1.8110606193182552,2,-0.03404653236093326,-0.03549538085638786,-0.03730644147570612,-0.04092856271434263,18
2022-07-13,-0.008443655102961932,1.8777743448296331,3,-0.008819209971927859,-0.010321429447791564,-0.012199203792621198,-0.015954752482280465,18
2022-08-10,-0.022189092072063325,2.0233077746394774,2,-0.02259375362699122,-0.0242123998467028,-0.02623570762134228,-0.030282323170621232,18
2022-09-08,0.017307518037570434,1.822312934179842,4,0.016943055450734466,0.015485205103390591,0.013662892169210749,0.010018266300851064,18
2022-10-06,0.03391178894642949,1.7719137473203288,3,0.03355740619696542,0.03213987519910916,0.03036796145178883,0.026824133957148173,18
2022-11-03,0.022938010113596825,1.8141964044137757,6,0.02257517083271407,0.021123813709183047,0.019309617304769273,0.015681224495941722,18
2022-12-02,0.01872319489662696,1.9591553145801235,9,0.018331363833710933,0.016764039582046836,0.014804884267466713,0.010886573638306465,18
2023-01-03,0.045074465397659455,1.8420381018325862,7,0.04470605777729294,0.04323242729582687,0.041390389193994286,0.03770631299032911,18
2023-02-01,0.023616690973075182,1.8896064298802113,5,0.02323876968709914,0.021727084543194972,0.01983747811331476,0.016058265253554336,18
2023-03-02,-0.013036703936119616,1.7981143540217317,5,-0.013396326806923962,-0.014834818290141348,-0.01663293264416308,-0.020229161352206544,18
2023-03-30,0.008034709832772957,1.8321090995735672,2,0.007668288012858244,0.00620260073319939,0.004370491633625823,0.0007062734344786886,18
2023-04-28,-0.01686141817940025,1.8167357658288525,4,-0.017224765332566023,-0.018678153945229103,-0.020494889711057958,-0.02412836124271566,18
2023-05-26,0.012846004046479852,1.889104168787212,6,0.01246818321272241,0.01095689987769264,0.009067795708905427,0.005289587371331003,18
2023-06-27,-0.00886660594139759,1.8828318060235214,3,-0.009243172302602295,-0.010749437747421112,-0.012632269553444632,-0.016397933165491676,18
2023-07-26,-0.0037036688215473144,1.8992850766245146,4,-0.0040835258368722175,-0.005602953898171829,-0.007502238974796344,-0.011300809128045373,18
2023-08-23,0.0021875030835531617,1.7777597675443235,3,0.001831951130044297,0.0004097433160088382,-0.0013680164515354853,-0.004923535986624133,18
2023-09-21,0.008682057382590801,1.846632803943618,3,0.008312730821802077,0.006835424578647183,0.0049887917747035646,0.001295526166816329,18
2023-10-19,0.024886706193980174,1.7684435221968993,5,0.024533017489540794,0.023118262671783275,0.021349819149586374,0.017812932105192577,18
2023-11-16,0.020705558005696283,1.8702022778433183,4,0.020331517550127617,0.018835355727852963,0.016965153450009644,0.01322474889432301,18
2006-02-01,0.013728380631659072,0.9999999999999976,6,0.013528380631659074,0.012728380631659075,0.011728380631659078,0.009728380631659081,19
2006-03-02,0.008087553842696677,1.8570125842885936,5,0.007716151325838958,0.006230541258408083,0.004373528674119489,0.0006595035055423021,19
2006-03-30,0.017090763967098396,1.9244610452813766,4,0.01670587175804212,0.01516630292181702,0.013241841876535643,0.00939291978597289,19
2006-04-28,0.028573675397977276,1.7874400182830135,2,0.028216187394320674,0.02678623537969426,0.02499879536141125,0.021423915324845222,19
2006-05-26,0.009803523732051707,1.7886321689654028,2,0.009445797298258627,0.008014891563086305,0.006226259394120902,0.0026489950561900963,19
2006-06-26,0.028316917311655747,1.712403849926409,6,0.027974436541670464,0.02660451346172934,0.02489210961180293,0.02146730191195011,19
2006-07-25,0.0234867886088943,1.7898591107703026,2,0.02312881678674024,0.021696929498123997,0.019907070387353697,0.01632735216581309,19
2006-08-22,-0.0003948263742834594,1.8528537460527135,2,-0.000765397123494002,-0.002247680120336173,-0.004100533866388887,-0.0078062413584943134,19
2006-09-20,-0.006371262953234969,1.9050783809778329,1,-0.006752278629430536,-0.008276341334212803,-0.010181419715190635,-0.0139915764771463,19
2006-10-18,-0.003231278806466767,1.8568538327568629,5,-0.0036026495730181393,-0.005088132639223629,-0.006944986471980493,-0.010658694137494219,19
2006-11-15,0.027509635930032753,1.9065529014569307,2,0.027128325349741366,0.02560308302857582,0.023696530127118892,0.01988342432420503,19
2006-12-14,0.01060785024775245,1.8217922501247352,7,0.010243491797727504,0.008786057997627716,0.00696426574750298,0.00332068124725351,19
2007-01-17,0.009673197784248905,1.8916866573558022,9,0.009294860452777744,0.007781511126893103,0.005889824469537301,0.002106451154825696,19
2007-02-14,-0.006268898394207136,1.8417590957804084,5,-0.006637250213363218,-0.008110657489987544,-0.009952416585767954,-0.01363593477732877,19
2007-03-15,-0.03197999199200556,1.8369932694981737,5,-0.032347390645905194,-0.033816985261503736,-0.035653978531001905,-0.03932796506999826,19
2007-04-13,-0.006594296003864859,1.9342136907828542,5,-0.00698113874202143,-0.008528509694647714,-0.010462723385430568,-0.014331150766996276,19
2007-05-11,0.0039340104240646965,1.815071604719066,4,0.0035709961031208833,0.0021189388193456303,0.00030386721462656455,-0.0033262759948115674,19
2007-06-11,0.001738370737867825,1.821015639879751,9,0.0013741676098918748,-8.264490201192608e-05,-0.001903660541891677,-0.0055456918216511795,19
2007-07-10,0.018353243903730977,1.81606969120245,9,0.017990029965490487,0.016537174212528528,0.014721104521326077,0.011088965138921176,19
2007-08-07,0.005505843105753203,1.79482874982521,6,0.0051468773557881604,0.003711014355927993,0.001916185606102783,-0.001673471893547637,19
2007-09-05,0.027420608132806962,1.8691969752134836,10,0.027046768737764265,0.02555141115759348,0.023682214182379997,0.019943820231953027,19
2007-10-03,0.009885134392623262,1.8697597993022446,7,0.009511182432762813,0.008015374593321018,0.006145614794018773,0.002406095195414284,19
2007-10-31,0.031216437154724976,1.8274419759886578,10,0.030850948759527243,0.02938899517873632,0.02756155320274766,0.023906669250770344,19
2007-11-29,-0.014803405550372854,1.7972082940361631,8,-0.015162847209180087,-0.016600613844409015,-0.01839782213844518,-0.021992238726517507,19
2007-12-28,-0.010023290796712426,1.8877321078943792,5,-0.010400837218291301,-0.011911022904606805,-0.013798755012501183,-0.017574219228289945,19
2008-01-29,0.045526979159389296,1.7885563037642238,3,0.04516926789863645,0.04373842285562507,0.04194986655186085,0.0383727539443324,19
2008-02-27,0.02920050352137027,1.8053286491959444,2,0.02883943779153108,0.027395174872174324,0.02558984622297838,0.02197918892458649,19
2008-03-27,0.0041887685954530435,1.8146825446910837,3,0.003825832086514827,0.00237408605076196,0.0005594035060708762,-0.003069961583311291,19
2008-04-24,-0.0147424937251858,1.8820584342521158,1,-0.015118905412036223,-0.016624552159437915,-0.01850661059369003,-0.022270727462194263,19
2008-05-22,0.000978703919384507,1.8959251046227248,2,0.000599518898459962,-0.000917221185238218,-0.002813146289860943,-0.006604996499106393,19
2008-06-20,-0.009810247507247329,1.856703408280393,2,-0.010181588188903407,-0.011666950915527722,-0.013523654323808115,-0.017237061140368902,19
2008-07-21,-0.013702316522945426,1.7877993666176637,4,-0.014059876396268958,-0.015490115889563089,-0.017277915256180755,-0.02085351398941608,19
2008-08-18,0.019397198831168028,1.8898502835020248,2,0.01901922877446762,0.017507348547666002,0.015617498264163978,0.011837797697159928,19
2008-09-16,0.027577810517197442,1.8421665646112981,5,0.027209377204275183,0.025735643952586144,0.023893477387974846,0.02020914425875225,19
2008-10-14,-0.0008857653754570448,1.6085986198183186,5,-0.0012074850994207085,-0.0024943639952753637,-0.0041029626150936825,-0.00732015985473032,19
2008-11-11,0.018075944072962098,1.715053106434719,1,0.017732933451675155,0.01636089096652738,0.01464583786009266,0.011215731647223223,19
2008-12-10,-0.003144033191918769,1.8927448877376578,5,-0.0035225821694663006,-0.005036778079656427,-0.0069295229673940854,-0.0107150127428694,19
2009-01-09,0.013515177040380303,1.879376828496279,2,0.013139301674681048,0.011635800211884024,0.009756423383387745,0.005997669726395187,19
2009-02-09,0.030729957420962066,1.8230711656429,1,0.030365343187833484,0.028906886255319165,0.027083815089676267,0.023437672758390468,19
2009-03-10,0.04019926976435937,1.6740496345788112,3,0.039864459837443605,0.03852522012978056,0.03685117049520175,0.03350307122604412,19
2009-04-07,0.03707412317902168,1.95591350033257,1,0.036682940478955164,0.03511820967868911,0.03316229617835654,0.029250469177691397,19
2009-05-06,0.00597276695125604,2.025250363435104,0,0.005567716878569019,0.003947516587820936,0.0019222662243858317,-0.0021282345024843767,19
2009-06-04,-0.007068529107424192,1.9369126011415445,2,-0.007455911627652501,-0.009005441708565737,-0.010942354309707282,-0.01481617951199037,19
2009-07-02,-0.05809031396523937,1.777085770307507,2,-0.058445731119300876,-0.05986739973554688,-0.061644485505854385,-0.0651986570464694,19
2009-07-31,-0.025476807254791022,2.008882794872232,2,-0.02587858381376547,-0.027485690049663253,-0.029494572844535487,-0.03351233843427995,19
2009-08-28,0.005777567414048631,1.999780564427745,3,0.005377611301163082,0.0037777868496208862,0.0017780062851931412,-0.002221554843662349,19
2009-09-28,0.01897053534327655,1.9118044411912962,3,0.01858817445503829,0.017058730902085255,0.015146926460893956,0.011323317578511365,19
2009-10-26,-0.01398269873518562,1.8028483026478526,3,-0.01434326839571519,-0.015785547037833473,-0.017588395340481327,-0.02119409194577703,19
2009-11-23,0.00496232038010853,1.8547358165213141,3,0.0045913732168042665,0.0031075845635872156,0.0012528487470659013,-0.002456622885976727,19
2009-12-22,0.007787280209448041,1.8873147158872963,2,0.007409817266270582,0.005899965493560744,0.004012650777673449,0.00023802134589885615,19
2010-01-22,0.010858589189598063,1.8279538698150888,3,0.010492998415635045,0.009030635319782975,0.007202681449967885,0.0035467737103377075,19
2010-02-22,0.012766531205964812,1.8763330335091817,4,0.012391264599262975,0.01089019817245563,0.00901386513894645,0.005261199071928085,19
2010-03-22,0.000518395708799182,1.94860174121733,1,0.00012867536055571606,-0.0014302060324181479,-0.003378807773635478,-0.007276011256070138,19
2010-04-20,-0.01995113985941846,1.8801132682076052,2,-0.02032716251305998,-0.021831253127626064,-0.02371136639583367,-0.02747159293224888,19
2010-05-18,0.027311669633132064,1.8557617246849607,4,0.026940517288195073,0.025455907908447102,0.023600146183762143,0.019888622734392222,19
2010-06-16,-0.00897946270545953,1.8304209177453123,5,-0.009345546889008592,-0.010809883623204843,-0.012640304540950154,-0.01630114637644078,19
2010-07-15,-0.026326581098591026,1.7828847458616135,7,-0.026683158047763347,-0.02810946584445264,-0.029892350590314254,-0.03345812008203748,19
2010-08-12,-0.009838187883756726,1.9137919678208548,1,-0.010220946277320897,-0.01175197985157758,-0.013665771819398435,-0.017493355755040144,19
2010-09-10,-0.0032487731713334387,1.8995495632872093,5,-0.0036286830839908804,-0.005148322734620648,-0.007047872297907857,-0.010846971424482276,19
2010-10-08,0.041277869787451266,1.9289596974607333,3,0.04089207784795912,0.03934891008999053,0.0374199503925298,0.033562030997608336,19
2010-11-05,0.00717123542298546,1.8748231004527007,8,0.00679627080289492,0.0052964123225327595,0.0034215892220800584,-0.000328056978825343,19
2010-12-06,0.0007376124879446611,1.8233077969928275,3,0.00037295092854609563,-0.0010856953090481664,-0.002909003106040994,-0.006555618700026649,19
2011-01-04,0.008899498062187872,1.863786669953534,3,0.008526740728197165,0.007035711392234338,0.005171924722280804,0.001444351382373736,19
2011-02-02,0.00575052676531363,1.8251324210609148,6,0.005385500281101447,0.003925394344252715,0.0021002619231918003,-0.0015500029189300293,19
2011-03-03,-0.0028579002320693533,1.9258436089420676,4,-0.003243068953857767,-0.004783743841011421,-0.006709587449953489,-0.010561274667837624,19
2011-03-31,-0.002036213589738787,1.8389190059736875,7,-0.002403997390933525,-0.003875132595712475,-0.005714051601686162,-0.009391889613633537,19
2011-04-29,0.004479905696253171,1.8701970124589662,3,0.004105866293761378,0.0026097086837942045,0.0007395116713352383,-0.0030008823535826942,19
2011-05-27,0.020104175009022906,1.8206804709034792,11,0.01974003891484221,0.01828349453811943,0.016462814067215947,0.012821453125408989,19
2011-06-27,-0.004331191257998123,1.8095313894042775,1,-0.004693097535878979,-0.0061407226474024,-0.007950254036806678,-0.011569316815615233,19
2011-07-26,0.015413143461379283,1.8801684865021424,1,0.015037109764078854,0.01353297497487714,0.011652806488374998,0.007892469515370714,19
2011-08-23,0.020659233029688577,1.6426626254093943,5,0.020330700504606697,0.019016570404279183,0.01737390777886979,0.014088582528051,19
2011-09-21,-0.037252407657167176,1.8368160269640794,5,-0.03761977086255999,-0.03908922368413126,-0.04092603971109533,-0.044599671765023496,19
2011-10-19,0.015397168033431902,1.9431172157796286,2,0.015008544590275976,0.013454050817652274,0.011510933601872645,0.007624699170313388,19
2011-11-16,0.021232633960117,1.9151539064591558,2,0.020849603178825168,0.019317480053657844,0.01740232614719869,0.013572018334280376,19
2011-12-15,-0.0017944682470097681,1.7941815002245125,1,-0.0021533045470546706,-0.0035886497472342807,-0.005382831247458793,-0.008971194247907818,19
2012-01-17,-0.0009179406643061061,1.894043298799106,2,-0.0012967493240659273,-0.0028119839631052124,-0.004706027261904318,-0.008494113859502531,19
2012-02-14,-0.018635088625799164,1.8725234456916513,6,-0.019009593314937494,-0.020507612071490815,-0.022380135517182466,-0.02612518240856577,19
2012-03-14,0.0028893935767580446,1.8901997620387803,3,0.0025113536243502885,0.0009991938147192643,-0.0008910059473195161,-0.004671405471397077,19
2012-04-12,-0.011479106141812708,1.7842484006254204,5,-0.011835955821937793,-0.013263354542438129,-0.01504760294306355,-0.018616099744314392,19
2012-05-10,-0.012553650990399654,1.8061553045359204,2,-0.012914882051306838,-0.014359806294935575,-0.016165961599471496,-0.019778272208543335,19
2012-06-08,-0.010272121125974946,1.798274318882065,3,-0.010631775989751359,-0.012070395444857012,-0.013868669763739076,-0.017465218401503207,19
2012-07-09,0.028815116528883356,1.8799084369083603,1,0.028439134841501682,0.026935208091974996,0.025055299655066636,0.021295482781249913,19
2012-08-06,-0.011789484723752549,1.8443820972278846,1,-0.012158361143198125,-0.013633866820980433,-0.015478248918208318,-0.019167013112664086,19
2012-09-04,0.01876649075303339,1.867728552562286,0,0.018392945042520932,0.016898762200471103,0.015031033647908818,0.011295576542784246,19
2012-10-02,0.01818969129719572,1.8277872483497144,3,0.017824133847525778,0.016361904048846007,0.01453411680049629,0.010878542303796862,19
2012-11-01,-0.015328283362360117,1.7810408595247627,2,-0.01568449153426507,-0.01710932422188488,-0.018890365081409642,-0.02245244680045917,19
2012-11-30,0.009316695263458774,1.8938253455868987,8,0.008937930194341394,0.007422869917871875,0.005529044572284977,0.0017413938811111787,19
2012-12-31,-0.01126641791885233,1.9082920820606477,4,-0.011648076335264459,-0.013174710000912977,-0.015083002082973626,-0.01889958624709492,19
2013-01-30,-0.03150039302088576,1.828630229017012,4,-0.03186611906668916,-0.03332902324990277,-0.03515765347891978,-0.038814913936953806,19
2013-02-28,0.025423840104277038,1.9455977110359872,1,0.025034720562069842,0.02347824239324105,0.021532644682205063,0.01764144926013309,19
2013-03-28,0.00781560870136891,1.862139656670069,3,0.007443180770034897,0.005953469044698841,0.004091329388028773,0.00036705007468863446,19
2013-04-26,0.003719290627583989,1.783188370719765,1,0.003362652953440036,0.001936102256864224,0.00015291388614445877,-0.0034134628552950717,19
2013-05-24,-0.01888418663269489,1.9145388219366206,6,-0.019267094397082213,-0.02079872545463151,-0.022713264276568133,-0.026542341920441373,19
2013-06-24,0.00538265276299519,1.888577756891417,4,0.005004937211616907,0.003494075006103773,0.001605497249212356,-0.0021716582645704783,19
2013-07-23,0.006047435010738441,1.9680690449117006,2,0.0056538212017561,0.0040793659658267395,0.002111296920915039,-0.0018248411689083628,19
2013-08-20,-0.003819013874978795,1.8358121160133551,1,-0.004186176298181466,-0.00565482599099215,-0.007490638107005506,-0.011162262339032216,19
2013-09-18,0.004706083323089294,1.8985106071727935,9,0.004326381201654735,0.0028075727159165,0.0009090621087437067,-0.0028879591056018804,19
2013-10-16,0.006453423842574622,1.824259786780029,3,0.006088571885218616,0.004629164055794593,0.0028049042690145637,-0.0008436153045454945,19
2013-11-13,0.016617099355997117,1.8870778068602834,6,0.01623968379462506,0.014730021549136833,0.01284294374227655,0.009068788128555983,19
2013-12-12,0.0025461566082136734,1.8645867707294754,2,0.002173239254067778,0.0006815698374841978,-0.0011830169332452778,-0.004912190474704229,19
2014-01-13,0.016793477509109953,1.9135786087327145,5,0.01641076178736341,0.014879898900377239,0.012966320291644524,0.009139163074179096,19
2014-02-11,0.014790422676247389,1.8368135759431727,4,0.014423059961058754,0.012953609100304216,0.011116795524361043,0.007443168372474698,19
2014-03-12,0.013105151413873372,1.8657436913879937,4,0.012732002675595773,0.011239407722485379,0.009373664031097385,0.005642176648321397,19
2014-04-09,0.030433795244106398,1.7945018230321759,3,0.030074894879499964,0.02863929342107422,0.026844791598042046,0.023255787951977695,19
2014-05-08,0.01497853347585784,1.7608256410325538,1,0.014626368347651329,0.013217707834825286,0.011456882193792732,0.007935230911727625,19
2014-06-06,-0.019341923652628278,1.9066225874477687,1,-0.019723248170117832,-0.021248546240076046,-0.023155168827523817,-0.026968414002419352,19
2014-07-07,0.026530216769679364,1.8427888916181365,3,0.026161658991355738,0.02468742787806123,0.02284463898644309,0.019159061203206817,19
2014-08-04,-0.003390158661372415,1.7650622221810222,1,-0.0037431711058086197,-0.005155220883553437,-0.0069202831057344595,-0.010450407550096505,19
2014-09-02,-0.013594043170882539,1.868129949618185,1,-0.013967669160806176,-0.015462173120500723,-0.01733030307011891,-0.02106656296935528,19
2014-09-30,-0.007051389273800564,1.7922454981773328,2,-0.0074098383734360306,-0.008843634771977896,-0.010635880270155228,-0.014220371266509895,19
2014-10-28,0.03676457449027873,1.8764672396374602,6,0.036389281042351236,0.034888107250641266,0.03301164001100381,0.029258705531728886,19
2014-11-25,0.009187271811001296,1.8735654060134674,4,0.008812558729798602,0.0073137064049878285,0.005440140998974361,0.0016930101869474263,19
2014-12-24,0.023339952521216772,1.8027943894496639,3,0.02297939364332684,0.02153715813176711,0.019734363742317445,0.016128774963418115,19
2015-01-26,0.026309640011657677,1.8582093981336312,6,0.025937998132030952,0.024451430613524047,0.022593221215390414,0.01887680241912315,19
2015-02-24,0.017481672487818147,1.9181589727786774,3,0.01709804069326241,0.01556351351503947,0.013645354542260792,0.009809036596703437,19
2015-03-24,0.007332815953686232,1.9506761120275984,3,0.006942680731280712,0.005382139841658634,0.003431463729631035,-0.0004698884944241621,19
2015-04-22,0.011403550963959215,1.803045663065342,6,0.011042941831346147,0.009600505300893873,0.007797459637828531,0.004191368311697846,19
2015-05-20,-0.00945790603708226,1.8999284077841987,3,-0.0098378917186391,-0.011357834444866459,-0.013257762852650658,-0.017057619668219053,19
2015-06-18,-0.006820211737312769,1.8999937896296781,6,-0.0072002104952387045,-0.008720205526942446,-0.010620199316572125,-0.014420186895831482,19
2015-07-17,0.024496627086251877,1.8719350117781275,0,0.02412224008389625,0.02262469207447375,0.020752757062695623,0.017008887039139366,19
2015-08-14,0.004341521990447432,1.8147188910889254,3,0.003978578212229646,0.002526803099358506,0.0007120842082695808,-0.00291735357390827,19
2015-09-14,-0.02302764284273092,1.8051384393466463,3,-0.02338867053060025,-0.024832781282077568,-0.026637919721424215,-0.030248196600117506,19
2015-10-12,-0.018707070109953365,1.914457026718052,2,-0.019089961515296974,-0.020621527136671418,-0.02253598416338947,-0.026364898216825573,19
2015-11-09,-0.000800696505035984,1.9310026207668138,3,-0.0011868970291893468,-0.0027316991258027976,-0.004662701746569612,-0.00852470698810324,19
2015-12-08,-0.02267811176019727,1.8634529850374726,4,-0.023050802357204764,-0.024541564745234744,-0.026405017730272217,-0.03013192370034716,19
2016-01-07,-0.006342423820092985,1.83156815168925,7,-0.006708737450430834,-0.008173991971782235,-0.010005560123471485,-0.013668696426849983,19
2016-02-05,0.01105850368821993,1.8100983269949265,1,0.010696484022820944,0.009248405361225003,0.007438307034230077,0.0038181103802402234,19
2016-03-07,-0.014007550320310192,1.9370282289670528,2,-0.014394955966103603,-0.015944578549277246,-0.017881606778244297,-0.021755663236178405,19
2016-04-05,-0.020713600704058505,1.8710086246281203,5,-0.02108780242898413,-0.022584609328686625,-0.024455617953314746,-0.028197635202570986,19
2016-05-03,-0.0008160151549387493,1.876799099223513,0,-0.001191374974783452,-0.0026928142541622624,-0.004569613353385776,-0.008323211551832802,19
2016-06-01,-0.00923448258087358,1.8718291955364919,2,-0.00960884841998088,-0.011106311776410072,-0.012978140971946564,-0.016721799363019547,19
2016-06-29,0.02356592671973541,1.8580207549050307,5,0.023194322568754405,0.021707905964830382,0.01984988520992535,0.016133843700115287,19
2016-07-28,-0.022802673790982417,1.8241252827852807,6,-0.023167498847539474,-0.024626799073767698,-0.02645092435655298,-0.03009917492212354,19
2016-08-25,0.026768455750881257,1.8755785183305802,8,0.02639334004721514,0.024892877232550677,0.023017298714220095,0.019266141677558937,19
2016-09-23,-0.01050475604286513,1.8387551594451914,5,-0.010872507074754168,-0.012343511202310323,-0.014182266361755513,-0.017859776680645895,19
2016-10-21,0.047720951860464676,1.7734789914633617,7,0.047366256062172006,0.04594747286900131,0.044173993877537954,0.04062703589461123,19
2016-11-18,0.005883220470613926,1.8325654569996985,8,0.005516707379213987,0.004050655013614228,0.002218089556614529,-0.0014470413573848678,19
2016-12-19,-0.030324276415128207,1.860793818168838,3,-0.030696435178761975,-0.032185070233297045,-0.03404586405146588,-0.03776745168780356,19
2017-01-19,0.0013368853709241793,1.9251487068893265,3,0.000951855629546314,-0.0005882633359651473,-0.002513412042854474,-0.0063637094566331275,19
2017-02-16,0.00790351918038728,1.8607035772485438,3,0.00753137846493757,0.006042815603138735,0.004182112025890191,0.00046070487139310366,19
2017-03-17,0.003518106132280877,1.8609470732714368,3,0.0031459167176265896,0.00165715905900944,-0.00020378801426199685,-0.003925682160804871,19
2017-04-17,-0.00047345590205377083,1.857839240659325,2,-0.0008450237501856358,-0.002331295142713096,-0.00418913438337242,-0.007904812864691071,19
2017-05-15,0.005028914220163797,1.8817719515971618,3,0.004652559829844364,0.0031471422685666346,0.0012653703169694728,-0.002498173586224851,19
2017-06-13,0.0016184892901452564,1.8855608781112547,5,0.0012413771145230053,-0.0002670715879659984,-0.002152632466077253,-0.005923754222299763,19
2017-07-12,0.03142363197685555,1.8873741482162525,4,0.0310461571472123,0.029536257828639296,0.027648883680423043,0.02387413538399054,19
2017-08-09,0.018426847360707512,1.8283597075601838,1,0.018061175419195476,0.01659848765314733,0.014770127945587144,0.011113408530466776,19
2017-09-07,-0.0067623310030352855,1.8601657088870331,7,-0.007134364144812692,-0.008622496711922318,-0.010482662420809353,-0.014202993838583419,19
2017-10-05,0.017923509642888788,1.9166178967659004,0,0.017540186063535607,0.016006891746122888,0.014090273849356988,0.010257038055825186,19
2017-11-02,-0.001393994891634694,1.7925693479882832,4,-0.0017525087612323507,-0.003186564239622977,-0.00497913358761126,-0.008564272283587826,19
2017-12-01,0.003961244233712854,1.9290902853635599,2,0.003575426176640142,0.002032153948349294,0.00010306366298573405,-0.0037551169077413857,19
2018-01-02,-0.006485027639014862,1.9241994726830922,4,-0.00686986753355148,-0.008409227111697955,-0.010333426584381047,-0.01418182552974723,19
2018-01-31,-0.010420836771387491,1.8522162954416457,5,-0.01079128003047582,-0.012273053066829137,-0.014125269362270782,-0.017829701953154073,19
2018-03-01,0.012257389059809805,1.7981160648401917,4,0.011897765846841766,0.010459272994969614,0.008661156930129421,0.005064924800449038,19
2018-03-29,0.0012902698976865303,1.8589241008201087,4,0.0009184850775225085,-0.0005686542031335786,-0.0024275783039536874,-0.006145426505593905,19
2018-04-27,0.003083177936899952,1.8681137445681557,2,0.0027095551879863207,0.0012150641923317962,-0.0006530495522363597,-0.004389277041372671,19
2018-05-25,0.000497938284793211,1.8863931952941948,7,0.00012065964573437202,-0.0013884549105009838,-0.0032748481057951785,-0.0070476344963835685,19
2018-06-25,0.025081182587277324,1.8775243753597164,1,0.02470567771220538,0.023203658211917607,0.021326133836557893,0.017571085085838458,19
2018-07-24,0.022679665225650618,1.920841969710489,0,0.02229549683170852,0.02075882325594013,0.01883798128622964,0.01499629734680866,19
2018-08-21,0.016994297586116727,1.8489024652544446,2,0.016624517093065838,0.015145395120862281,0.013296492655607837,0.009598687725098948,19
2018-09-19,0.011786817600743642,1.8514254803880477,3,0.011416532504666033,0.009935392120355595,0.008083966639967546,0.004381115679191451,19
2018-10-17,0.048428369887781965,1.8011342399648906,3,0.048068143039788985,0.046627235647817074,0.04482610140785218,0.0412238329279224,19
2018-11-14,-0.009957131519665593,1.8152864507752589,7,-0.010320188809820644,-0.011772417970440851,-0.01358770442121611,-0.01721827732276663,19
2018-12-14,0.019241837862623627,1.798867347177952,6,0.018882064393188035,0.017442970515445674,0.015644103168267722,0.012046368473911818,19
2019-01-15,-0.012922700701912012,1.80702490104806,6,-0.013284105682121624,-0.014729725602960072,-0.01653675050400813,-0.02015080030610425,19
2019-02-13,0.015915977158838197,1.9347057134562011,3,0.015529036016146957,0.013981271445381997,0.012046565731925795,0.008177154305013392,19
2019-03-14,0.003258639794120658,1.8643996426317775,5,0.0028857598655943023,0.0013942401514888804,-0.0004701594911428971,-0.004198958776406452,19
2019-04-11,0.0027609709375254585,1.8749543627548189,2,0.0023859800649744948,0.0008860165747706396,-0.0009889377879841793,-0.004738846513493817,19
2019-05-10,-0.007904107281520406,1.842319489617404,0,-0.008272571179443888,-0.00974642677113781,-0.011588746260755215,-0.015273385239990021,19
2019-06-10,0.012436131101235764,1.8352850899638447,5,0.012069074083242995,0.01060084601127192,0.008765560921308075,0.005094990741380386,19
2019-07-09,0.014436518266483532,1.8650101288641892,5,0.014063516240710694,0.012571508137619343,0.010706498008755155,0.0069764777510267755,19
2019-08-06,0.008719105495652755,1.821077005403899,0,0.008354890094571975,0.006898028490248856,0.005076951484844956,0.0014347974740371583,19
2019-09-04,0.04294426596710692,1.8513673884417259,4,0.04257399248941857,0.041092898578665195,0.039241531190223465,0.03553879641334001,19
2019-10-02,0.04317408680947473,1.797482051394974,3,0.04281459039919574,0.041376604758079756,0.03957912270668478,0.03598415860389483,19
2019-10-30,-0.0412630857240542,1.8210562079467811,4,-0.04162729696564356,-0.04308414193200098,-0.04490519813994777,-0.04854731055584133,19
2019-11-27,-0.02206893274069812,1.9774729116718437,1,-0.022464427323032488,-0.024046405652369963,-0.026023878564041807,-0.029978824387385493,19
2019-12-27,-0.0044092943398838964,1.9512619267852855,6,-0.004799546725240953,-0.006360556266669182,-0.008311818193454468,-0.01221434204702504,19
2020-01-28,0.02359937221186548,1.8545062244392625,4,0.023228470966977628,0.02174486598742622,0.019890359762986955,0.016181347314108432,19
2020-02-26,-0.03189543005528595,1.7286278194044977,2,-0.03224115561916685,-0.03362405787469045,-0.03535268569409495,-0.03880994133290394,19
2020-03-25,-0.012300044550851034,1.6080750647966378,4,-0.012621659563810362,-0.013908119615647672,-0.015516194680444309,-0.018732344810037584,19
2020-04-23,-0.019037076679858586,1.86961512028985,0,-0.019410999703916555,-0.020906691800148435,-0.022776306920438288,-0.026515537161017986,19
2020-05-21,-0.026159612058548345,1.9652487939268002,3,-0.026552661817333706,-0.028124860852475148,-0.030090109646401946,-0.03402060723425555,19
2020-06-19,-0.039546529717650124,1.9601200100605947,1,-0.03993855371966224,-0.04150664972771072,-0.04346676973777131,-0.047387009757892506,19
2020-07-20,0.003850791059246499,1.966220998387001,2,0.0034575468595690988,0.001884570060859498,-8.165093752750307e-05,-0.004014092934301505,19
2020-08-17,0.0021184762045897343,1.9034220719164037,4,0.0017377917902064535,0.00021505413267333055,-0.0016883679392430732,-0.0054952120830758806,19
2020-09-15,-0.029135032083911428,1.7941716095188134,3,-0.02949386640581519,-0.030929203693430243,-0.032723375302949054,-0.03631171852198668,19
2020-10-13,-0.026324362812781,1.9910742531029209,1,-0.026722577663401584,-0.02831543706588392,-0.03030651131898684,-0.034288659825192684,19
2020-11-10,-0.011554406140786566,1.9084454825635295,1,-0.011936095237299271,-0.013462851623350095,-0.015371297105913626,-0.019188188071040686,19
2020-12-09,-0.015564239834634917,2.027850645114597,2,-0.015969809963657836,-0.017592090479749516,-0.01961994112486411,-0.023675642415093304,19
2021-01-08,-0.035678896287465,2.0133453032688626,3,-0.03608156534811877,-0.03769224159073386,-0.03970558689400272,-0.04373227750054045,19
2021-02-08,0.0248976356097056,2.0764222932009475,3,0.02448235115106541,0.022821213316504652,0.020744791023303705,0.01659194643690181,19
2021-03-09,0.03974996119417393,1.7830058456256996,4,0.039393360025048785,0.03796695534854823,0.03618394950292253,0.032617937811671126,19
2021-04-07,0.0492353437845091,1.7486748125685947,2,0.04888560882199538,0.0474866689719405,0.04573799415937191,0.04224064453423472,19
2021-05-05,-0.03928576634969141,1.7836982164787742,3,-0.03964250599298716,-0.04106946456617018,-0.04285316278264896,-0.046420559215606505,19
2021-06-03,-0.02604486745557852,1.9520723434375795,3,-0.026435281924266033,-0.0279969397990161,-0.029949012142453678,-0.03385315682932884,19
2021-07-01,0.04126805135471799,1.8746418778891916,2,0.040893122979140155,0.0393934094768288,0.03751876759893961,0.033769483843161224,19
2021-07-30,-0.013348598678482588,1.7855513661667974,0,-0.013705708951715948,-0.015134150044649386,-0.016919701410816182,-0.020490804143149778,19
2021-08-27,-0.007932765741119509,1.8694598413005752,7,-0.008306657709379625,-0.009802225582420084,-0.01167168542372066,-0.01541060510632181,19
2021-09-27,0.03419323722420652,1.8270615448435927,1,0.0338278249152378,0.03236617567936293,0.030539114134519336,0.026884991044832152,19
2021-10-25,-0.021650325272062884,1.8177178126196507,6,-0.022013868834586815,-0.023468043084682536,-0.025285760897302185,-0.028921196522541485,19
2021-11-22,0.034493425148110934,1.8458792410517033,5,0.03412424929990059,0.03264754590705923,0.03080166666600753,0.027109908183904123,19
2021-12-21,0.01998273100074114,1.7908947805659323,3,0.019624552044627954,0.018191836220175207,0.016400941439609275,0.01281915187847741,19
2022-01-20,0.0022255870750446534,1.7236062966247965,3,0.001880865815719694,0.000501980778419857,-0.0012216255182049395,-0.004668838111454533,19
2022-02-17,-0.023700044551212687,1.8152749197996783,3,-0.024063099535172622,-0.025515319471012366,-0.027330594390812042,-0.0309611442304114,19
2022-03-18,0.023111368539151137,1.9601777780614411,6,0.02271933298353885,0.021151190761089695,0.019191012983028256,0.015270657426905372,19
2022-04-18,0.02334712781126605,1.7759480778199943,4,0.022991938195702052,0.021571179733446057,0.01979523165562606,0.01624333549998607,19
2022-05-16,-0.020228570043164633,1.7599236602850414,4,-0.02058055477522164,-0.021988493703449675,-0.023748417363734717,-0.0272682646843048,19
2022-06-14,-0.04575596559586107,1.7936694443150412,6,-0.04611469948472408,-0.04754963504017611,-0.04934330448449115,-0.052930643373121235,19
2022-07-14,0.004058640999977803,1.9305140365817666,6,0.00367253819266145,0.0021281269633960367,0.00019761292681427008,-0.003663415146349263,19
2022-08-11,-0.014975273895760392,2.0166053098349686,1,-0.015378594957727386,-0.01699187920559536,-0.01900848451543033,-0.023041695135100265,19
2022-09-09,0.007208092330788596,1.800827199745119,2,0.006847926890839572,0.005407265131043477,0.003606437931298358,4.783531808119634e-06,19
2022-10-07,0.019965765564009492,1.748396692584778,3,0.019616086225492536,0.018217368871424715,0.016468972178839934,0.01297217879367038,19
2022-11-04,0.04169669426070464,1.832984002595518,3,0.04133009746018553,0.03986371025810912,0.038030726255513604,0.034364758250322563,19
2022-12-05,0.029316651262778777,1.9176545647503276,7,0.02893312034982871,0.02739899669802845,0.025481342133278122,0.021646033003777466,19
2023-01-04,-0.003948851373842719,1.7860130026643157,7,-0.004306053974375582,-0.005734864376507035,-0.00752087737917135,-0.011092903384499982,19
2023-02-02,0.033141126092089114,1.9868317850178767,5,0.03274375973508554,0.031154294307071236,0.02916746252205336,0.025193798952017607,19
2023-03-03,-0.019899375122040056,1.832786881451979,3,-0.02026593249833045,-0.021732162003492036,-0.023564948884944013,-0.02723052264784797,19
2023-03-31,0.0113556878259005,1.8201837577044868,3,0.010991651074359603,0.009535504068196013,0.007715320310491527,0.004074952795082553,19
2023-05-01,-0.02281602438166156,1.8152746619591877,2,-0.0231790793140534,-0.024631299043620748,-0.026446573705579936,-0.03007712302949831,19
2023-05-30,-0.0003281630173631332,1.8675609193723468,5,-0.0007016752012376026,-0.00219572393673548,-0.0040632848561078265,-0.00779840669485252,19
2023-06-28,0.020991157349693663,1.904344151331484,2,0.020610288519427367,0.01908681319836218,0.017182469047030694,0.013373780744367725,19
2023-07-27,0.008288951105859031,1.8854571261576665,6,0.007911859680627497,0.006403493979701365,0.004518036853543698,0.0007471226012283651,19
2023-08-24,0.01694235072026195,1.8240668567888312,2,0.016577537348904183,0.015118283863473117,0.013294217006684287,0.009646083293106626,19
2023-09-22,-0.02048471167797246,1.8192241943210006,4,-0.020848556516836658,-0.02230393587229346,-0.02412316006661446,-0.02776160845525646,19
2023-10-20,0.03742428515776394,1.8297286917351698,6,0.03705833941941691,0.03559455646602877,0.033764827774293606,0.030105370390823262,19
2023-11-17,-0.026409627693543925,1.9071589132531521,2,-0.026791059476194555,-0.028316786606797078,-0.03022394552005023,-0.03403826334655653,19
