date,n_eligible,n_factor,n_used,ic_pearson,ic_spearman,coverage,rank_autocorr_1d,rank_autocorr_20d
2006-01-03,1606,1606,1596,0.2146980736355062,0.17780898521943256,1.0,0.9922329203735641,0.8185978740736468
2006-01-04,1618,1617,1607,0.17027374124138314,0.1456882572177327,0.9993819530284301,0.9875418899344228,0.8194698165902874
2006-01-05,1633,1632,1623,0.2015010399746577,0.17015828900248262,0.9993876301285977,0.9908313280165932,0.8235600678416218
2006-01-06,1635,1634,1625,0.19163762452691244,0.17026504224875413,0.999388379204893,0.9928673259885348,0.8177211717110134
2006-01-09,1633,1632,1624,0.11931987472335799,0.11289291090068633,0.9993876301285977,0.9911711529525475,0.8276180488955621
2006-01-10,1637,1636,1628,0.06387118318736601,0.06684101502548492,0.9993891264508247,0.988083944363975,0.8229595075616565
2006-01-11,1648,1647,1639,0.0026594616139761313,0.02172054496493832,0.9993932038834952,0.9886276537628115,0.8258126439028968
2006-01-12,1653,1652,1643,-0.017305273032945427,0.01581417516394265,0.999395039322444,0.9864816575977186,0.8207187381555668
2006-01-13,1662,1661,1651,-0.034974791932666595,-0.008081191463014049,0.9993983152827918,0.9891857772959214,0.8191763772747654
2006-01-17,1652,1651,1641,-0.0468965279242094,-0.017023555162079384,0.9993946731234867,0.9886922512055398,0.8261193254732565
2006-01-18,1645,1644,1632,-0.059046860701824286,-0.024519362423287915,0.9993920972644377,0.9841327388841006,0.8292266704785609
2006-01-19,1633,1632,1619,-0.05945638679802076,-0.020760875445093474,0.9993876301285977,0.9849303440986003,0.8264922702083315
2006-01-20,1631,1630,1617,-0.06858669024643767,-0.03558777335315273,0.9993868792152054,0.9896537277329874,0.8111332193442152
2006-01-23,1638,1637,1624,-0.05409317611546286,-0.021164024069500104,0.9993894993894994,0.9899066918050282,0.8089495832399344
2006-01-24,1640,1639,1625,-0.07440363941455454,-0.029991202079508773,0.999390243902439,0.9855077258833689,0.8088005269221403
2006-01-25,1647,1646,1632,-0.028781820746282733,0.009018364934236134,0.9993928354584092,0.9911943564805109,0.7930757796536484
2006-01-26,1665,1664,1652,-0.02981939676527821,0.004828508256391098,0.9993993993993994,0.9888553249999046,0.7863532924571406
2006-01-27,1684,1683,1671,0.0038350092251407883,0.01890067888069963,0.9994061757719715,0.9901682544893873,0.7702881267501863
2006-01-30,1703,1702,1690,-0.02619455569422039,-0.0025788189170544945,0.9994128009395185,0.9916663081629002,0.7795990031441989
2006-01-31,1717,1716,1705,0.018755272272790988,0.0346824515592513,0.9994175888177053,0.9908675758075445,0.7668855730686184
2006-02-01,1736,1735,1727,0.03557953279943631,0.044352532659182875,0.9994239631336406,0.9849909940139389,0.7680297531817012
2006-02-02,1734,1733,1726,0.048858999038198264,0.051616814068395474,0.9994232987312572,0.9897230815894305,0.7732481109893067
2006-02-03,1744,1743,1734,0.014259422417733172,0.017937001701226658,0.9994266055045872,0.9839328372378184,0.7594884787535183
2006-02-06,1747,1746,1736,-0.04420892057187435,-0.036045126807184254,0.9994275901545506,0.9897661776646939,0.772412042455495
2006-02-07,1744,1743,1733,-0.014107546885553287,-0.03066096223282459,0.9994266055045872,0.98897597825932,0.7743694429902033
2006-02-08,1741,1740,1730,-0.036779051805370014,-0.03521608363760264,0.9994256174612292,0.9858389820853601,0.7680006194874027
2006-02-09,1745,1744,1733,-0.02134482985367911,-0.019350198990907494,0.9994269340974212,0.9879180421490493,0.7584776198578884
2006-02-10,1747,1746,1735,0.022122899763763332,0.013162464511147895,0.9994275901545506,0.9912968606576388,0.7538538382822101
2006-02-13,1751,1750,1739,0.054643794515357516,0.06068864979960148,0.9994288977727013,0.9932923264689655,0.7376897808313188
2006-02-14,1754,1753,1741,0.07621281418624665,0.07994463742758935,0.999429874572406,0.9906218164464452,0.7180304097074705
2006-02-15,1751,1750,1740,0.07612085582913447,0.09418447218178558,0.9994288977727013,0.9907605598603039,0.6770688855706072
2006-02-16,1747,1746,1737,0.03307737865425488,0.04330894719908372,0.9994275901545506,0.9860243917698366,0.6945163779734723
2006-02-17,1764,1763,1754,0.024008736780110403,0.01389839598286328,0.9994331065759637,0.9897763725214517,0.7258131426992586
2006-02-21,1760,1759,1750,-0.01932697528530953,-0.03327129902736418,0.9994318181818181,0.989845432944794,0.7098888353157715
2006-02-22,1760,1759,1750,0.01321039153965544,-0.0005477756190998232,0.9994318181818181,0.9861472087800036,0.7291298996549958
2006-02-23,1761,1760,1749,0.024140458110845416,0.01629545636781809,0.9994321408290744,0.981040852460516,0.7282662690665211
2006-02-24,1766,1765,1754,0.05933399439368756,0.04455824770750043,0.9994337485843715,0.9775368942215672,0.7466909501812109
2006-02-27,1760,1759,1749,0.0858893378390265,0.0695499184982374,0.9994318181818181,0.9883195939662897,0.7917737435807666
2006-02-28,1759,1758,1748,0.11297871666353775,0.10133932930648763,0.9994314951677089,0.9893106246804793,0.7657886952154663
2006-03-01,1758,1757,1748,0.10961742912732027,0.09785398331734714,0.9994311717861206,0.9845755797603809,0.7499088777755639
2006-03-02,1753,1752,1745,0.09958576245621976,0.0754906060390098,0.9994295493439818,0.9879005648100359,0.7726714379737174
2006-03-03,1753,1752,1743,0.07036569268844788,0.0607982743299289,0.9994295493439818,0.9862588180993951,0.7982001742731143
2006-03-06,1746,1745,1732,0.11462314125954638,0.12421356878531671,0.9994272623138603,0.9874152861729354,0.8022445682232658
2006-03-07,1750,1749,1737,0.18856473124843462,0.18614384773883239,0.9994285714285714,0.9904187425308494,0.7867062344194059
2006-03-08,1748,1747,1733,0.2454759271025772,0.21605296013918693,0.9994279176201373,0.9857610646595344,0.7549829550576964
2006-03-09,1757,1756,1742,0.24107825453419032,0.21463115297111882,0.9994308480364257,0.988261256582693,0.7816632847096368
2006-03-10,1752,1751,1737,0.2175288195326293,0.1904143864169846,0.9994292237442922,0.9855886635918051,0.8046842947772074
2006-03-13,1741,1740,1727,0.18256603338228056,0.14486331568185887,0.9994256174612292,0.9873515422438531,0.815828262561676
2006-03-14,1746,1745,1732,0.12226817847473291,0.08550212083759987,0.9994272623138603,0.989598170853863,0.821517459789141
2006-03-15,1751,1750,1737,0.10958738331015798,0.06750559815361679,0.9994288977727013,0.9849144097319128,0.8197667701407978
2006-03-16,1737,1736,1723,0.16411834154254457,0.1116919870818138,0.9994242947610823,0.988984893965136,0.8063244061213112
2006-03-17,1740,1739,1725,0.146095786781742,0.0774633681511187,0.9994252873563219,0.9880552189123765,0.7825957718126132
2006-03-20,1758,1757,1743,0.14177970348770236,0.10251501693478024,0.9994311717861206,0.9905426370907404,0.794929253341172
2006-03-21,1752,1751,1737,0.17320649273522723,0.12579222513910976,0.9994292237442922,0.9905224840138178,0.8005465363936612
2006-03-22,1751,1750,1735,0.1709797534218558,0.1416411072793029,0.9994288977727013,0.9865836012874598,0.7937395909667282
2006-03-23,1751,1750,1737,0.13160368425801722,0.10063704341690127,0.9994288977727013,0.9874396301308247,0.7868166781955029
2006-03-24,1748,1747,1733,0.11916349394334237,0.08306879041989597,0.9994279176201373,0.9889472985236395,0.7715797278806691
2006-03-27,1736,1735,1721,0.1170907213583546,0.08720146998466755,0.9994239631336406,0.9885544957252133,0.7733632726557061
2006-03-28,1728,1727,1713,0.11423814740982788,0.09607687845841703,0.9994212962962963,0.9876558086504379,0.7673383075293402
2006-03-29,1727,1726,1713,0.05950970654454874,0.05121052843471973,0.9994209612044007,0.9826604410022576,0.7663885705922735
2006-03-30,1729,1728,1715,0.07672414444868698,0.07010663472692949,0.9994216310005783,0.9811143014826428,0.7848113228952724
2006-03-31,1727,1726,1714,0.09698488718427078,0.06495448706526195,0.9994209612044007,0.9913986371857196,0.7961288565515966
2006-04-03,1723,1722,1716,0.09310540406504479,0.06618353061247083,0.9994196169471852,0.9904912703350487,0.8007184234826068
2006-04-04,1725,1723,1717,0.09817342204364878,0.060839530189038586,0.998840579710145,0.9845182226115626,0.7881765238841373
2006-04-05,1734,1732,1726,0.07760044896023238,0.06329970197982666,0.9988465974625144,0.9861940712666133,0.7800558735002864
2006-04-06,1738,1735,1729,0.046825535840990126,0.0375347365003597,0.9982738780207134,0.9862930062974601,0.7672947845803547
2006-04-07,1737,1734,1726,0.07096186329620532,0.05774821092065025,0.998272884283247,0.9883160181899993,0.7679904279893384
2006-04-10,1740,1737,1729,0.12138317988870248,0.1018360522619728,0.9982758620689656,0.9905777465078583,0.7630894229860353
2006-04-11,1740,1737,1729,0.1264310789381632,0.10694724435217337,0.9982758620689656,0.985486635441658,0.7560476377289056
2006-04-12,1737,1734,1727,0.06392495810711944,0.04561887716050193,0.998272884283247,0.9874698901866306,0.7833645692365825
2006-04-13,1741,1738,1730,-0.014409788940185827,-0.019725412594964107,0.9982768523836876,0.982714377408744,0.7984714828255228
2006-04-17,1729,1726,1719,-0.07721988887409371,-0.07926981326300644,0.9982648930017352,0.9847988841737008,0.808823824332155
2006-04-18,1710,1707,1699,-0.09619516800473409,-0.10181592140534411,0.9982456140350877,0.9858976119921498,0.8136757180492864
2006-04-19,1717,1715,1706,-0.15546925760383068,-0.16163695982961981,0.9988351776354106,0.984647169916444,0.8025469278302911
2006-04-20,1718,1716,1708,-0.16578999750672532,-0.1713912344521456,0.9988358556461001,0.9863600280791202,0.792337209503185
2006-04-21,1711,1709,1700,-0.1560839815440787,-0.16705356238368835,0.9988310929281122,0.9815803800490198,0.8031836891659382
2006-04-24,1718,1716,1707,-0.23675980966478116,-0.2403779474447439,0.9988358556461001,0.9870940186093086,0.8082244115490543
2006-04-25,1727,1725,1716,-0.23919528692612796,-0.23616795646557756,0.9988419224088014,0.9922081079981767,0.809728884839911
2006-04-26,1735,1733,1724,-0.2609121416119945,-0.256044115435162,0.9988472622478386,0.9867966243520861,0.8177881768547008
2006-04-27,1739,1737,1728,-0.19243873877085244,-0.18794511444528178,0.9988499137435307,0.9892647917405104,0.8246545010218833
2006-04-28,1747,1745,1735,-0.1740325059021795,-0.16037835735927153,0.9988551803091014,0.9834559810560708,0.8114107193130728
2006-05-01,1748,1746,1736,-0.23979522333534356,-0.2189512318661608,0.9988558352402745,0.9883902647943639,0.8197194825523332
2006-05-02,1750,1748,1738,-0.24019828276313326,-0.2190144060606196,0.9988571428571429,0.9883678435454238,0.8221897414971941
2006-05-03,1757,1755,1744,-0.23373696812796255,-0.21348322158612873,0.9988616960728515,0.9892296183390249,0.8170556892025675
2006-05-04,1758,1756,1745,-0.24079558459424527,-0.24119621206310998,0.9988623435722411,0.9886843263944669,0.8131846891544617
2006-05-05,1766,1764,1753,-0.28185223083826094,-0.29161766150017443,0.9988674971687429,0.9859005567401484,0.8075248171611757
2006-05-08,1767,1765,1755,-0.3060573750155639,-0.30936921992238353,0.9988681380871534,0.9901787713735766,0.8134028665580334
2006-05-09,1775,1773,1763,-0.36245580316556175,-0.3574592802940857,0.9988732394366198,0.9912096105143325,0.8044448655073592
2006-05-10,1775,1773,1764,-0.37970392710576417,-0.37885702056230786,0.9988732394366198,0.9902659910176781,0.8031699525280003
2006-05-11,1771,1769,1759,-0.3609284951614836,-0.36321730078562353,0.9988706945228685,0.9900828829614957,0.8039520016446653
2006-05-12,1774,1772,1762,-0.36536867951330565,-0.34986359412541096,0.9988726042841037,0.9908320033286246,0.8027885778696936
2006-05-15,1786,1784,1773,-0.35302011984494114,-0.3433370287943258,0.9988801791713325,0.9897787249916699,0.7942451764504227
2006-05-16,1787,1785,1775,-0.34642564674123005,-0.33233959716739186,0.9988808058198098,0.9866574398090505,0.7792041837620569
2006-05-17,1786,1784,1775,-0.21415979401379492,-0.20311615694961838,0.9988801791713325,0.9906145206676024,0.788635213900473
2006-05-18,1783,1781,1772,-0.19677746495914847,-0.1814189460008353,0.9988782950084127,0.988223148622215,0.7788260386481112
2006-05-19,1793,1791,1783,-0.22648312742033216,-0.22360779192302324,0.9988845510317903,0.9917375204184739,0.7623907942144438
2006-05-22,1790,1788,1781,-0.12429790708315236,-0.1404397073715518,0.9988826815642458,0.9922852368832132,0.7763566406324441
2006-05-23,1797,1795,1788,-0.13452356737174534,-0.1311315341776356,0.9988870339454646,0.9906371694996018,0.7621819994831462
2006-05-24,1795,1793,1785,-0.0818232032707626,-0.06403556385871645,0.9988857938718663,0.9844372065368928,0.7623666039788567
2006-05-25,1799,1797,1789,-0.09975125519191357,-0.07610007993600255,0.9988882712618121,0.975394582021392,0.7828673176757471
2006-05-26,1788,1786,1779,-0.11390959974752157,-0.0723626009412461,0.9988814317673378,0.9867202360547863,0.8155526753185381
2006-05-30,1779,1777,1769,-0.0990162585407272,-0.05708366919938578,0.9988757729061271,0.9893318202569463,0.8197531361252414
2006-05-31,1771,1769,1760,-0.11097488665279476,-0.07619529087469697,0.9988706945228685,0.9866160545137986,0.8056541584275563
2006-06-01,1769,1767,1759,-0.06473368666006524,-0.012447038915327786,0.9988694177501414,0.9871562410743432,0.814773202642347
2006-06-02,1773,1771,1765,-0.03146142011072957,0.020810057618600483,0.9988719684151156,0.9866732766915737,0.8180903780352159
2006-06-05,1762,1760,1751,0.06739596528517001,0.11142942528787007,0.9988649262202043,0.9916633461042824,0.8151151472569877
2006-06-06,1761,1759,1749,0.08338230754822196,0.12124943352489606,0.9988642816581488,0.9930251895744263,0.7812777986393115
2006-06-07,1761,1759,1749,0.13513470855631238,0.17336605590342397,0.9988642816581488,0.9870520230988759,0.7680673836216995
2006-06-08,1761,1759,1749,0.1348792554746272,0.16406744432114617,0.9988642816581488,0.9885909164506739,0.7471605050488455
2006-06-09,1755,1753,1743,0.13349166753881822,0.1695196611343474,0.9988603988603989,0.991059547495037,0.7448153800858555
2006-06-12,1747,1745,1736,0.25393167168049446,0.2557580772804399,0.9988551803091014,0.9913825468495293,0.7451400244791891
2006-06-13,1739,1737,1729,0.3185423532738124,0.2948637573257271,0.9988499137435307,0.9877311724253829,0.7233803095036275
2006-06-14,1745,1743,1734,0.19889191170740517,0.2066932819014287,0.9988538681948425,0.9909429987718884,0.6951325404407331
2006-06-15,1742,1740,1732,0.07896290438029634,0.09811518140540276,0.9988518943742825,0.98986823305781,0.7244096984592623
2006-06-16,1746,1744,1735,0.07312025740860979,0.09910123474989689,0.9988545246277205,0.9900628669372981,0.7746452978189227
2006-06-19,1771,1769,1759,0.10774299933808265,0.1215376062506944,0.9988706945228685,0.9925829107336993,0.7640132995355194
2006-06-20,1763,1761,1751,0.15110865599445225,0.16292661168736658,0.9988655700510494,0.991031134260987,0.7356989187249608
2006-06-21,1762,1760,1749,0.06342572539618778,0.07939260187159743,0.9988649262202043,0.990305955007256,0.7153252205438714
2006-06-22,1755,1753,1743,0.01818052583635397,0.040501907837950796,0.9988603988603989,0.9915364264397101,0.7361736471146527
2006-06-23,1748,1746,1736,0.021337918867442116,0.04343804633231789,0.9988558352402745,0.9916556553306654,0.7341368217189237
2006-06-26,1746,1744,1734,0.008442017086758296,0.027313296561729913,0.9988545246277205,0.9872329262282595,0.7222123987983372
2006-06-27,1742,1740,1729,0.02250762348671489,0.004509555532526587,0.9988518943742825,0.9864723947942166,0.7395746376962133
2006-06-28,1748,1746,1735,0.006625259156149042,0.0028320888751185093,0.9988558352402745,0.9863983275642056,0.7545482206482668
2006-06-29,1736,1734,1722,-0.008831958379700883,-0.015176041490717197,0.9988479262672811,0.9895847092481902,0.750010203149972
2006-06-30,1742,1740,1727,-0.04909147166589445,-0.055308956653649446,0.9988518943742825,0.989378828852852,0.7654736639616462
2006-07-03,1797,1795,1785,-0.08085464341940372,-0.06352352971981437,0.9988870339454646,0.9849981673088278,0.7927601902028274
2006-07-05,1777,1775,1764,-0.07540882938522601,-0.053328904572680996,0.9988745075970737,0.9887631234263183,0.8027767068162541
2006-07-06,1771,1769,1758,-0.07168947200548313,-0.04367816240212263,0.9988706945228685,0.9879556495753298,0.7979535200896705
2006-07-07,1756,1754,1745,-0.07538886774114871,-0.03942411881338665,0.9988610478359908,0.9911893635973159,0.8005624504710372
2006-07-10,1735,1733,1726,-0.06328685262494482,-0.042279302538453474,0.9988472622478386,0.9886171642610668,0.7905728612723325
2006-07-11,1738,1736,1729,-0.07210526232264923,-0.037937138496157825,0.998849252013809,0.9877258683598954,0.7731425770227626
2006-07-12,1737,1735,1728,-0.08110453343395922,-0.044382643653515595,0.9988485895221646,0.9805744511196929,0.7696500435534183
2006-07-13,1727,1725,1719,-0.0672809778382676,-0.030040570470894607,0.9988419224088014,0.9856711404313586,0.7625469104265084
2006-07-14,1723,1721,1714,-0.048560123048319435,-0.023490328674518945,0.9988392338943702,0.9867659926791429,0.7529966786519566
2006-07-17,1717,1715,1709,-0.0687115331640852,-0.04592667820016763,0.9988351776354106,0.9855860097896554,0.735273232372586
2006-07-18,1681,1679,1675,-0.08415683385958198,-0.05153791440058785,0.998810232004759,0.9867727791280521,0.7413011503879576
2006-07-19,1687,1685,1680,-0.12745304011489403,-0.08657381033450101,0.998814463544754,0.9835838584353116,0.7437438664883274
2006-07-20,1690,1688,1682,-0.13190415399653752,-0.11622402442103011,0.9988165680473373,0.9874561585943847,0.7684221182365104
2006-07-21,1690,1688,1683,-0.1345409393274206,-0.13045901216625166,0.9988165680473373,0.9901931757295289,0.7429202035674712
2006-07-24,1695,1693,1688,-0.14347755724124037,-0.12794965789843737,0.9988200589970502,0.9841522300827417,0.735463549357142
2006-07-25,1696,1694,1689,-0.13864734238823437,-0.10426831925874383,0.9988207547169812,0.9867908256375538,0.7380883812296447
2006-07-26,1700,1698,1695,-0.1245542134485567,-0.09090216656550307,0.9988235294117647,0.9860169000366421,0.7527971486432395
2006-07-27,1707,1705,1700,-0.13820413774351828,-0.11859618025920989,0.9988283538371412,0.9893355985490894,0.7471907578166849
2006-07-28,1709,1707,1703,-0.15038667433368683,-0.12774114868676698,0.9988297249853716,0.9882015614825436,0.7240368931402624
2006-07-31,1700,1698,1694,-0.1664933644431921,-0.14337593243066787,0.9988235294117647,0.9818466442523361,0.7179756060651896
2006-08-01,1647,1645,1640,-0.18675680898672242,-0.18354243105547904,0.9987856709168185,0.985244136819776,0.728059587464455
2006-08-02,1663,1661,1655,-0.21559526484422295,-0.21173523533881622,0.9987973541791942,0.9833464383336122,0.7281270681188893
2006-08-03,1674,1672,1666,-0.24967252835185633,-0.24195057812031737,0.998805256869773,0.9878204619639491,0.7522763896151213
2006-08-04,1683,1681,1675,-0.20395617813595018,-0.207321745776211,0.9988116458704694,0.9893126175474732,0.7651563788724743
2006-08-07,1681,1679,1672,-0.20483703001260845,-0.21336993865170328,0.998810232004759,0.9906806488345836,0.771758067563346
2006-08-08,1686,1684,1677,-0.2352431637861226,-0.22856805842921515,0.9988137603795967,0.986308272513627,0.7753179696601136
2006-08-09,1683,1681,1674,-0.23698910709525856,-0.22825748626092265,0.9988116458704694,0.9882371300171693,0.7681038800470575
2006-08-10,1690,1688,1681,-0.23025991979061153,-0.23113512142777753,0.9988165680473373,0.9898550545301976,0.7590361977102784
2006-08-11,1693,1691,1685,-0.2558464624461554,-0.2512616148361893,0.9988186650915535,0.989450475762242,0.7636652567829442
2006-08-14,1695,1693,1687,-0.2770535787093309,-0.29384905512148735,0.9988200589970502,0.9884603269048824,0.7592969598907364
2006-08-15,1698,1696,1690,-0.230683013469796,-0.2626418318737506,0.9988221436984688,0.9893731902198014,0.7593625171384117
2006-08-16,1696,1694,1688,-0.2085798833712469,-0.22267028870726333,0.9988207547169812,0.9891462568242728,0.7634319505824962
2006-08-17,1687,1685,1680,-0.1706187890740667,-0.18914200042486573,0.998814463544754,0.9819907757257624,0.7641077447387651
2006-08-18,1692,1690,1684,-0.16242758369133597,-0.1862118849476159,0.9988179669030733,0.9863864970261695,0.7697616000138218
2006-08-21,1686,1684,1678,-0.18108478205424539,-0.2146129329506041,0.9988137603795967,0.9905594612683116,0.7737468796217254
2006-08-22,1683,1681,1674,-0.19851989475384885,-0.22459888437418687,0.9988116458704694,0.983834960011788,0.7848337363404145
2006-08-23,1674,1672,1667,-0.1839041642592661,-0.20980247281832934,0.998805256869773,0.9829735322532649,0.7915200774062268
2006-08-24,1657,1655,1650,-0.19680589891915024,-0.21201650261896635,0.9987929993964997,0.9799068320563943,0.8036198369830194
2006-08-25,1650,1649,1644,-0.23244199827275414,-0.2427171643474059,0.9993939393939394,0.9835046686246242,0.8179880918302397
2006-08-28,1642,1641,1637,-0.22070664197779158,-0.22690848936754587,0.9993909866017052,0.988514321242057,0.8066240636172509
2006-08-29,1629,1629,1626,-0.18877031170338002,-0.18964147342574944,1.0,0.9883491803155307,0.7838196719779175
2006-08-30,1623,1623,1620,-0.18371193050978982,-0.1867624041415431,1.0,0.986322731627776,0.7786793393133853
2006-08-31,1615,1615,1611,-0.16615308694318684,-0.18123434386451232,1.0,0.9841543825022884,0.7678948807138614
2006-09-01,1606,1606,1600,-0.16272946586965178,-0.1648228710245603,1.0,0.984827138478751,0.763487966367618
2006-09-05,1599,1599,1594,-0.16356084638174534,-0.146116049111282,1.0,0.991501974500524,0.8057135558625809
2006-09-06,1592,1592,1587,-0.21565009859598896,-0.22803264403694945,1.0,0.987090690030541,0.8143189687373893
2006-09-07,1590,1590,1585,-0.21989376349852974,-0.24940284112984037,1.0,0.9875418066780643,0.8217610249560325
2006-09-08,1582,1582,1575,-0.2253013935070467,-0.2519587114639949,1.0,0.9923832715624042,0.8104851051304762
2006-09-11,1562,1562,1555,-0.18526018684370762,-0.22401865846017274,1.0,0.992215436602741,0.777887441480113
2006-09-12,1565,1565,1558,-0.07821857259783614,-0.10693415616892633,1.0,0.9917486500005617,0.7405968938835437
2006-09-13,1567,1567,1560,-0.10134579686343081,-0.11155272183613227,1.0,0.9881625162869282,0.7500383323572206
2006-09-14,1567,1567,1560,-0.08177078414085223,-0.10020789721788245,1.0,0.9913583549447716,0.75055185762511
2006-09-15,1568,1568,1560,-0.010690836752495034,-0.028754819508059897,1.0,0.9902885326010737,0.7420671390809337
2006-09-18,1587,1587,1580,-0.04891371170513043,-0.07159530410387933,1.0,0.9923177053052089,0.7581555930803803
2006-09-19,1597,1597,1590,-0.04557625838526443,-0.05149823851163217,1.0,0.9908504981493635,0.7748236896535328
2006-09-20,1620,1620,1614,-0.025199889038760793,-0.02593521449723195,1.0,0.992885567030507,0.7700865640040448
2006-09-21,1625,1625,1620,-0.04190071255984046,-0.04818809380173679,1.0,0.9928973902124562,0.7439935953572024
2006-09-22,1630,1630,1625,-0.03215025184086021,-0.04125632123316032,1.0,0.9910734475163822,0.7379141842673317
2006-09-25,1641,1641,1635,0.003699407680445903,-0.00933354788830931,1.0,0.9925608415409035,0.7194688712975689
2006-09-26,1655,1655,1649,0.01653242135608751,0.008772577137605953,1.0,0.9897882307120929,0.7017040087353832
2006-09-27,1667,1667,1660,-0.06708271652078478,-0.07154118289642142,1.0,0.991824135320656,0.7304367817555636
2006-09-28,1660,1660,1653,-0.09776648764668455,-0.10257233681214734,1.0,0.990957640187158,0.7454262592308506
2006-09-29,1660,1660,1651,-0.10682078130203868,-0.10059542752723052,1.0,0.9896923826938347,0.7404093041638613
2006-10-02,1663,1663,1655,-0.12882855451237324,-0.13574938347942933,1.0,0.9905389947579072,0.7409599700897995
2006-10-03,1667,1667,1659,-0.10050128697024652,-0.12100114083287501,1.0,0.9884420010476803,0.7189611219475421
2006-10-04,1677,1677,1668,-0.0679172882351431,-0.05580249003154046,1.0,0.9899413328198378,0.6933119926730621
2006-10-05,1682,1682,1672,-0.06960832999390627,-0.040125652968070046,1.0,0.9892724743900516,0.7143299033737633
2006-10-06,1686,1686,1678,-0.0572721834090547,-0.034384718881630486,1.0,0.9848332815674985,0.7341022341703825
2006-10-09,1685,1685,1675,-0.04175512159358415,-0.03356855979807956,1.0,0.980792441695355,0.747737283778882
2006-10-10,1687,1686,1676,-0.02458880001063238,-0.04476442487312886,0.999407231772377,0.9857285494252002,0.7495992867275718
2006-10-11,1684,1683,1673,-0.06300111700430214,-0.08764167481161539,0.9994061757719715,0.9889787169348058,0.744211028249753
2006-10-12,1689,1688,1678,-0.03219572169159028,-0.044704668532851474,0.9994079336885732,0.9907485020334097,0.7592740201682007
2006-10-13,1697,1696,1684,-0.032464204677082914,-0.044202964238175886,0.9994107248084856,0.9850659571394618,0.7228400698117343
2006-10-16,1682,1681,1669,0.004706927921635485,-0.0033196518025176798,0.9994054696789536,0.9814435072097415,0.7334606198832927
2006-10-17,1679,1678,1666,-0.04230640438545932,-0.06341055139933938,0.9994044073853484,0.980900153740357,0.725125628089027
2006-10-18,1688,1687,1674,-0.08625605489510746,-0.13649360611349232,0.9994075829383886,0.9799737122855532,0.7529992624743371
2006-10-19,1691,1690,1677,-0.06019670824667508,-0.09581632759977284,0.9994086339444116,0.9842464915722764,0.7720237367350586
2006-10-20,1703,1702,1689,-0.09744664724119909,-0.14599769466224144,0.9994128009395185,0.987178190988804,0.7461092422548191
2006-10-23,1705,1704,1690,-0.11777591326048174,-0.15908581981492181,0.9994134897360704,0.9855561095213162,0.7603395222668616
2006-10-24,1706,1705,1691,-0.1095332734713726,-0.1599698040734201,0.9994138335287222,0.9833286476653863,0.7628853057201126
2006-10-25,1708,1707,1695,-0.0780775488189314,-0.12117459833385895,0.9994145199063232,0.9868923305001862,0.7623513402194546
2006-10-26,1709,1708,1696,-0.10235430358965836,-0.1321709915438168,0.9994148624926857,0.9888150031654048,0.7191760872003663
2006-10-27,1716,1715,1705,-0.06508850176542876,-0.09736186592832112,0.9994172494172494,0.9882855233359367,0.7020553671016518
2006-10-30,1723,1721,1711,-0.06727685012757015,-0.08346595416807011,0.9988392338943702,0.9872341036147643,0.6768835321885276
2006-10-31,1727,1725,1714,-0.09300040989361344,-0.1018183243080839,0.9988419224088014,0.9875896713771166,0.6678221973418939
2006-11-01,1734,1732,1720,-0.143818396912,-0.166479117079331,0.9988465974625144,0.985917742174304,0.6643975728858617
2006-11-02,1740,1738,1724,-0.13475443681220775,-0.1512357791368776,0.9988505747126437,0.9813722518777721,0.6550334776171102
2006-11-03,1750,1748,1731,-0.06613713314785584,-0.09307605186031097,0.9988571428571429,0.9876089518166543,0.6618074999160204
2006-11-06,1751,1749,1734,-0.0695486451210331,-0.09977285689462065,0.9988577955454027,0.9842529490660719,0.6795930552951668
2006-11-07,1765,1763,1748,-0.0860243191829336,-0.11443930981649789,0.9988668555240793,0.986909251878991,0.7158186373389379
2006-11-08,1771,1769,1753,-0.04045922395725445,-0.08441614721524345,0.9988706945228685,0.9846184083958633,0.7198550167158646
2006-11-09,1775,1773,1757,-0.026538528855234167,-0.06585734066009667,0.9988732394366198,0.9818735030515109,0.6978655284563652
2006-11-10,1776,1774,1761,0.012317995440753841,-0.03360303128159153,0.9988738738738738,0.9868998346507751,0.7032815107490125
2006-11-13,1774,1772,1760,-0.009181975730476107,-0.04373568337635395,0.9988726042841037,0.9796450153376595,0.7195496052648449
2006-11-14,1775,1773,1761,-0.004228989680898384,-0.026611228616726885,0.9988732394366198,0.9815961447960981,0.7370069467353427
2006-11-15,1779,1777,1766,0.015307206810914796,0.0016188564137099462,0.9988757729061271,0.9869181514519393,0.7487723474155077
2006-11-16,1787,1785,1773,0.021066729778897925,0.015683119371961166,0.9988808058198098,0.983554023873561,0.734672479450439
2006-11-17,1787,1785,1773,0.037207472914755235,0.043078753882749045,0.9988808058198098,0.9833576576383212,0.73242981855979
2006-11-20,1788,1786,1776,0.02707535629548205,0.02856696797616463,0.9988814317673378,0.986380687534772,0.7318429441677753
2006-11-21,1786,1784,1773,0.02772931004669304,0.05395400180867984,0.9988801791713325,0.9843603461563156,0.740869683950352
2006-11-22,1786,1784,1774,0.04295773434476027,0.08266024335100189,0.9988801791713325,0.9731622110789355,0.7472836908323887
2006-11-24,1776,1774,1762,0.04143409778216243,0.07637849440411426,0.9988738738738738,0.9787931806278486,0.7500961619901155
2006-11-27,1739,1737,1725,0.026243639214432388,0.06520136309882177,0.9988499137435307,0.9819944007484576,0.7614792106266252
2006-11-28,1749,1747,1736,0.022210233013318335,0.05241983937793907,0.9988564894225271,0.9841754210496473,0.7602140439046837
2006-11-29,1745,1743,1733,0.02667554182389776,0.04824946134858268,0.9988538681948425,0.9851058818690958,0.7656097247297177
2006-11-30,1747,1745,1735,0.04761070860621389,0.07330076620491281,0.9988551803091014,0.9828513390362394,0.7697953496838211
2006-12-01,1744,1742,1731,0.04435595360560833,0.06394714899948109,0.9988532110091743,0.9754181968110901,0.7620072784660985
2006-12-04,1735,1733,1723,-0.009742221732419058,0.012446761876913485,0.9988472622478386,0.9834979295342056,0.756016214993031
2006-12-05,1734,1733,1723,-0.013763996975514576,0.02052461603808989,0.9994232987312572,0.9813176568101915,0.7655462806946246
2006-12-06,1736,1735,1723,0.054094571518498454,0.09462937422900027,0.9994239631336406,0.9870620350667626,0.7623519647187509
2006-12-07,1734,1733,1722,0.07325974326437996,0.11576151586619571,0.9994232987312572,0.9835404599493586,0.7688149719201859
2006-12-08,1725,1724,1711,0.019757016593574164,0.06617327585967224,0.9994202898550725,0.9860627960952753,0.7559257393658688
2006-12-11,1723,1722,1708,-0.0006912074373864842,0.03855384318595601,0.9994196169471852,0.983003269098489,0.7570974540545459
2006-12-12,1727,1726,1711,0.030369823780039645,0.0608082698210862,0.9994209612044007,0.9890619981044065,0.7512598800327709
2006-12-13,1724,1723,1707,0.043095457949661665,0.06744714466652589,0.9994199535962877,0.9841979131652911,0.7440742153720925
2006-12-14,1723,1722,1707,0.06712911951102185,0.0856529546789724,0.9994196169471852,0.9883256113337558,0.7618751930339834
2006-12-15,1710,1709,1696,0.028442778494888542,0.05458123826111023,0.9994152046783625,0.9841893131396513,0.7600532767450265
2006-12-18,1724,1723,1710,0.03992573074235469,0.08069479947708351,0.9994199535962877,0.9902597228044897,0.7541991503522476
2006-12-19,1728,1728,1715,0.02301906898206551,0.064112926104212,1.0,0.987623802053467,0.7370171823119874
2006-12-20,1733,1733,1720,0.01777765840311303,0.056140764445684305,1.0,0.9848425322157166,0.724343164411086
2006-12-21,1736,1736,1722,0.047504993233854306,0.06722718914686464,1.0,0.9907823736094791,0.7298311981292384
2006-12-22,1744,1744,1730,0.058858785979047964,0.07640097405356007,1.0,0.9917830696861191,0.7323497979391747
2006-12-26,1755,1755,1739,0.04751251198822371,0.05054741591235057,1.0,0.9851679616952231,0.7389570544573831
2006-12-27,1739,1739,1720,0.04709562073721064,0.05127113968470545,1.0,0.9865122396375505,0.732601965862457
2006-12-28,1728,1728,1708,0.03336929848502147,0.02174368067905042,1.0,0.9871894000386796,0.7187403157022879
2006-12-29,1711,1711,1693,-0.00047032763838980693,-0.009577770178656849,1.0,0.9844092937909079,0.7106087466019211
2007-01-03,1702,1702,1684,-0.015631476783327342,-0.03079430216706284,1.0,0.9896644759733179,0.7143710948558809
2007-01-04,1707,1707,1689,-0.021205711247594537,-0.04660432893636331,1.0,0.9796304853260565,0.6869568543324528
2007-01-05,1724,1724,1705,-0.001040888781788933,-0.02300477150305565,1.0,0.9873979601458339,0.7001833781507294
2007-01-08,1730,1730,1713,-0.01409665006540776,-0.03150181791950783,1.0,0.9848468414780243,0.7128442826285908
2007-01-09,1726,1726,1708,-0.0066214589798307,-0.025990455888331432,1.0,0.9882450992703793,0.7106804765463381
2007-01-10,1737,1737,1720,-0.0066766820157789265,-0.018133817460678672,1.0,0.9828597527002383,0.7120855458611299
2007-01-11,1747,1747,1731,-0.09293156973022872,-0.08197933191868412,1.0,0.976822192281858,0.7194157885968034
2007-01-12,1747,1747,1731,-0.09187535950464025,-0.06677618757437292,1.0,0.9832022340904694,0.7242383913625559
2007-01-16,1739,1739,1723,-0.1093314639984719,-0.07755288721038897,1.0,0.9870119415835724,0.7218946717626751
2007-01-17,1748,1748,1731,-0.10488384818616929,-0.06461964838539065,1.0,0.9782923051280734,0.7143899320824221
2007-01-18,1740,1740,1721,-0.049035300941573566,-0.03479080398897071,1.0,0.9758875706012187,0.7260386973096438
2007-01-19,1730,1730,1711,-0.05955812886285211,-0.04170144495811492,1.0,0.973234693730155,0.735807129210895
2007-01-22,1731,1731,1711,-0.010566859711676127,-0.006933728105392366,1.0,0.9750708094604698,0.7576216369968177
2007-01-23,1734,1734,1713,-0.023711477549564472,-0.02467451665369456,1.0,0.9830528283360952,0.7507423807465284
2007-01-24,1737,1737,1716,-0.04998461042354556,-0.06903206975711246,1.0,0.9842394067906304,0.7652930442474015
2007-01-25,1740,1740,1719,-0.051649134049482036,-0.06281323734989336,1.0,0.9835260874193461,0.7607370399360132
2007-01-26,1752,1752,1733,-0.06107158135875407,-0.07529218028973432,1.0,0.9802528745400595,0.7520975503953665
2007-01-29,1760,1760,1744,-0.12253782159722529,-0.13437719905522608,1.0,0.9829262885156194,0.7562801905998568
2007-01-30,1767,1767,1754,-0.08820302438565791,-0.09219878804100319,1.0,0.9904299625435866,0.7696782800111228
2007-01-31,1767,1767,1754,-0.0678239348483527,-0.07592690837520932,1.0,0.9891676196263843,0.7617443338672502
2007-02-01,1778,1778,1767,-0.09286136553244106,-0.09312619398423426,1.0,0.9774125327731907,0.7598841414018668
2007-02-02,1775,1775,1762,-0.09563746645300276,-0.11021547964343383,1.0,0.9837028428571872,0.7697351992140493
2007-02-05,1773,1773,1760,-0.11121207404007795,-0.11120058412396983,1.0,0.9871225399775129,0.7518214385919992
2007-02-06,1773,1773,1760,-0.14654792335398095,-0.1447816745984709,1.0,0.9879880464017892,0.7371680474186358
2007-02-07,1775,1775,1765,-0.1287958784612007,-0.1271508927601611,1.0,0.9875454495606473,0.7291108203607132
2007-02-08,1771,1771,1762,-0.11689761333587534,-0.11145670434829552,1.0,0.9851679588390166,0.7496447304167866
2007-02-09,1772,1772,1764,-0.054043945615922045,-0.048145809544295405,1.0,0.987064540886763,0.7172783245092915
2007-02-12,1776,1776,1768,-0.0689657311875336,-0.049205007704010234,1.0,0.9905517557275901,0.7136083573391654
2007-02-13,1782,1782,1773,-0.056797303993861945,-0.06128186296258926,1.0,0.9887379181609418,0.7379096655676252
2007-02-14,1774,1774,1766,-0.06261462775330945,-0.05955810585645427,1.0,0.9870619560946028,0.7196694540633207
2007-02-15,1782,1782,1776,-0.08390984046591259,-0.0717717936694371,1.0,0.9836231662043672,0.7059375173954658
2007-02-16,1791,1791,1785,-0.04454878916633131,-0.04614030206762837,1.0,0.9897824752850066,0.7315818785796938
2007-02-20,1801,1801,1795,-0.08081336214780402,-0.0615521078682942,1.0,0.9919519401720025,0.7171768387461221
2007-02-21,1806,1806,1800,-0.07418220189447,-0.060246588553472334,1.0,0.9866169517350267,0.7128337868902771
2007-02-22,1807,1807,1801,-0.03078693133691236,-0.006955074697475931,1.0,0.9879162210963608,0.738298798481302
2007-02-23,1818,1818,1812,-0.0231696644111633,0.004055685104484175,1.0,0.9855486316697378,0.7252925795289101
2007-02-26,1812,1812,1806,0.014546516319516017,0.038825389465539234,1.0,0.9867065106020816,0.7278601487537221
2007-02-27,1825,1825,1816,0.05163522303268897,0.04965317364176289,1.0,0.9876230738396163,0.7300989220884945
2007-02-28,1845,1845,1836,0.03044265715319259,0.02964808312433188,1.0,0.9882732460752308,0.7070703229949332
2007-03-01,1853,1853,1843,0.03183145344047078,0.035646064916295524,1.0,0.9836437686199558,0.6701441663561266
2007-03-02,1857,1857,1847,0.05592231848049607,0.052215746384821814,1.0,0.9862304873514866,0.6704841156951238
2007-03-05,1849,1849,1840,0.08817549712119441,0.06990371185616549,1.0,0.9858230840219998,0.6746114461676174
2007-03-06,1857,1857,1845,0.06994235059519571,0.0792614972821549,1.0,0.9790511049860409,0.6687836244496652
2007-03-07,1865,1865,1853,0.084399066168454,0.09027045287741482,1.0,0.9842621536151986,0.700950913620298
2007-03-08,1860,1860,1848,0.08049716165953837,0.07943991733192315,1.0,0.9842659827195621,0.7070504480246804
2007-03-09,1861,1861,1849,0.058203252260332204,0.07805640721811628,1.0,0.9787450985645445,0.7216253928949293
2007-03-12,1860,1860,1849,0.05609147064628963,0.0942670727311075,1.0,0.9853329773259505,0.7317690620009548
2007-03-13,1853,1853,1842,0.08180683331119216,0.11558674445647292,1.0,0.9807612931770973,0.7399775214261125
2007-03-14,1863,1863,1852,0.08420582789407148,0.1043322504805796,1.0,0.9852444457640352,0.7411852622057061
2007-03-15,1865,1865,1852,0.09225792493025983,0.08892872499541514,1.0,0.9846476173683235,0.7434130281369057
2007-03-16,1861,1861,1848,0.11124737105719112,0.10886674555661967,1.0,0.9824719660138304,0.7480236861553955
2007-03-19,1869,1869,1856,0.06856602666032839,0.049528024101549176,1.0,0.9886238277009433,0.7448240206310713
2007-03-20,1865,1865,1853,0.07226361370685407,0.04328838211357064,1.0,0.9860859297878021,0.747689972563633
2007-03-21,1865,1865,1853,0.05380227555285242,0.013861789217284471,1.0,0.9863457431541394,0.7533401857699437
2007-03-22,1864,1864,1849,0.04567593113846411,0.011411974370330296,1.0,0.9848649051173572,0.7520799728593096
2007-03-23,1860,1860,1844,0.08926698472337966,0.05528291845252605,1.0,0.988292959125966,0.7545197811929166
2007-03-26,1853,1853,1837,0.06916213301146464,0.03773858097688144,1.0,0.9869702091295275,0.7354455643761322
2007-03-27,1844,1844,1829,0.07381999041996372,0.02790162353632213,1.0,0.9847551815182165,0.7372945422275717
2007-03-28,1831,1831,1816,0.07554879699645037,0.03978223811035825,1.0,0.9767424086414447,0.7348043934731959
2007-03-29,1821,1821,1808,0.08056344660350229,0.0535931719150262,1.0,0.9843787862657944,0.7324576941471069
2007-03-30,1827,1827,1814,0.04369855415519028,0.017443804247738712,1.0,0.9806312352981296,0.7503995987818384
2007-04-02,1821,1821,1810,-0.028876671259013723,-0.04554365535257369,1.0,0.9852141802120563,0.7551312386998067
2007-04-03,1809,1809,1799,-0.02151260464527506,-0.03557422932816218,1.0,0.9890882598634757,0.7526177569695811
2007-04-04,1814,1814,1804,-0.044140342246087254,-0.04508445942510182,1.0,0.9868436274866943,0.7563374744062791
2007-04-05,1808,1808,1798,-0.03525625808652571,-0.02147585795361507,1.0,0.9846514270402101,0.7637555020435117
2007-04-09,1800,1800,1790,-0.02322830340149471,-0.02070117966089161,1.0,0.9872373384899639,0.7581046200261198
2007-04-10,1795,1795,1784,-0.04204069545092851,-0.019707824529526925,1.0,0.9870257813730833,0.7532313754808876
2007-04-11,1795,1795,1783,-0.025050208423216758,-0.023266376956813873,1.0,0.9842969536247776,0.767025275070577
2007-04-12,1796,1796,1785,-0.024420304765068734,-0.019478871246600173,1.0,0.9874098119547025,0.7602897833854106
2007-04-13,1792,1792,1782,-0.014462504655455417,-0.0032524932124148778,1.0,0.9849021309863808,0.7650271994260649
2007-04-16,1791,1791,1780,0.0106578336628877,0.032689513685590435,1.0,0.9836058475666277,0.7569456566450437
2007-04-17,1786,1786,1775,0.016243406328114687,0.04018345822520378,1.0,0.9832136056633918,0.7380186335130275
2007-04-18,1794,1794,1783,0.03419150761760705,0.055002531842846154,1.0,0.9891478972912362,0.7597049672305152
2007-04-19,1788,1788,1777,0.034745007245910356,0.06220749468515042,1.0,0.9820654761554932,0.7621969708462417
2007-04-20,1790,1790,1783,0.019675530722442488,0.048798047653078616,1.0,0.9807024033173037,0.7532022393592142
2007-04-23,1794,1794,1788,0.005330749025513678,0.030168407085252362,1.0,0.9776891509729813,0.7668827268104585
2007-04-24,1795,1795,1789,0.006465309820127581,0.02675764531472107,1.0,0.9839923079984783,0.7903439948538639
2007-04-25,1810,1810,1804,-0.013088195258105752,0.009786515730790918,1.0,0.9886341186884633,0.7933678231124863
2007-04-26,1821,1821,1815,-0.028782546006134672,0.010662946884363082,1.0,0.9875351125121876,0.7860391123083241
2007-04-27,1815,1815,1809,-0.01466409721492978,0.01444734678276956,1.0,0.984542815561884,0.780990467606083
2007-04-30,1821,1821,1814,0.0023180820540594353,0.032988581956922655,1.0,0.9841939540114558,0.7759828753803969
2007-05-01,1825,1825,1816,0.03596068513836307,0.06628610959959369,1.0,0.9821858202242966,0.7756719933883568
2007-05-02,1835,1835,1826,0.024565496116811913,0.05664739086892574,1.0,0.9877008891080142,0.7686888963127344
2007-05-03,1840,1840,1829,0.03695022707362004,0.07294147906194048,1.0,0.9862096642588942,0.7764211546722668
2007-05-04,1846,1846,1833,0.04101717260527042,0.06459785312927928,1.0,0.9878206465464558,0.7695582046222342
2007-05-07,1851,1851,1839,0.034496659636362524,0.04719795259404955,1.0,0.9868259255262304,0.769296526512982
2007-05-08,1849,1849,1838,0.035991674429557,0.03281026043543287,1.0,0.9877125873983286,0.7723550206428507
2007-05-09,1860,1860,1847,0.032480508065609905,0.023086680204806514,1.0,0.991230122854567,0.7780516182447025
2007-05-10,1855,1855,1842,0.03154643997552101,0.02035887860377717,1.0,0.987695378880671,0.7715963283629087
2007-05-11,1873,1873,1860,0.040592357393480855,0.04238079652882277,1.0,0.9896845158420877,0.7692885362458722
2007-05-14,1871,1871,1858,0.043042827893949316,0.045711239949529525,1.0,0.9853879936158072,0.777456472357613
2007-05-15,1878,1878,1865,0.06331799528179477,0.060617875096391,1.0,0.9898201830802813,0.7794762236940835
2007-05-16,1886,1886,1872,0.07348063852855272,0.06775573105202402,1.0,0.9893447748959165,0.785279389014031
2007-05-17,1883,1883,1869,0.08185891458727212,0.06307740105051302,1.0,0.9854438572706314,0.7821761309951696
2007-05-18,1886,1886,1871,0.07248566321965876,0.05462273994751117,1.0,0.9885362127267435,0.7935126504283826
2007-05-21,1885,1885,1869,0.06985137997692406,0.0675733987045937,1.0,0.9933713903236498,0.7993069973970306
2007-05-22,1899,1899,1883,0.08380890524366924,0.07477262444931719,1.0,0.9870352241800883,0.7973998707769365
2007-05-23,1899,1899,1884,0.12484999605152908,0.1141659201703763,1.0,0.9845994665603729,0.8077531795354279
2007-05-24,1899,1899,1883,0.1475534030525406,0.12300881116441809,1.0,0.982262732497589,0.8091604765189451
2007-05-25,1902,1902,1886,0.10285669662534308,0.08973972613343813,1.0,0.9849616578876034,0.8099245158064227
2007-05-29,1894,1894,1879,0.11282866853491645,0.08994502526213063,1.0,0.9877583988280572,0.8186994580436283
2007-05-30,1886,1886,1873,0.09061658238849651,0.06821050974928897,1.0,0.9776405663823534,0.8015553954901865
2007-05-31,1891,1891,1878,0.10062884542749737,0.07533064754109906,1.0,0.9880382352755916,0.8045031547428348
2007-06-01,1885,1885,1874,0.11423701963704344,0.10848578844114726,1.0,0.9859881013631117,0.8129414220062998
2007-06-04,1885,1885,1873,0.1423358727347409,0.13418388876949994,1.0,0.9844915664455409,0.8132475571485333
2007-06-05,1885,1885,1871,0.1281438462864266,0.12634049123343846,1.0,0.9906264019326566,0.8074848063646979
2007-06-06,1893,1893,1879,0.14087696994072735,0.13639467579172757,1.0,0.9904457838345574,0.7965628374974056
2007-06-07,1882,1882,1869,0.17600132484870698,0.16900153433537848,1.0,0.987547743383858,0.8039932425084286
2007-06-08,1889,1889,1875,0.19291602706067096,0.2001237283623042,1.0,0.9889977364791593,0.8199612492018624
2007-06-11,1873,1873,1859,0.17779337239473106,0.19491507805738867,1.0,0.992133811571436,0.8114913044732956
2007-06-12,1867,1867,1854,0.20001333582108302,0.21111357957778415,1.0,0.9920613645043442,0.8152528376620367
2007-06-13,1867,1867,1854,0.19364716466497486,0.20207892941877012,1.0,0.9900570090761195,0.8107133279028869
2007-06-14,1869,1869,1855,0.18961470684586795,0.18685153259211584,1.0,0.9925789994937576,0.8251360103026372
2007-06-15,1862,1862,1848,0.17848290783784346,0.18463828842856891,1.0,0.9890611079629164,0.8148580119016509
2007-06-18,1881,1881,1867,0.16077257527379218,0.18235511033055365,1.0,0.992576354545938,0.8260658880044077
2007-06-19,1880,1880,1868,0.16116449762717677,0.19401620194238556,1.0,0.9895545562137361,0.8232412068859705
2007-06-20,1878,1878,1866,0.17820960731838525,0.22477610784875215,1.0,0.9928833533775147,0.8229341185930621
2007-06-21,1880,1880,1867,0.1458274500805945,0.19275166295523716,1.0,0.9907553486305559,0.8197473895936958
2007-06-22,1876,1876,1864,0.16225694260101742,0.20145075209527885,1.0,0.992501738957813,0.8112227848632154
2007-06-25,1921,1921,1908,0.14910577085267715,0.19681836654625418,1.0,0.994636580854437,0.8025008338011888
2007-06-26,1940,1940,1925,0.13130524444692726,0.15830562634300907,1.0,0.985044023017766,0.8080537364898087
2007-06-27,1948,1948,1934,0.10933004428894062,0.13911771562497988,1.0,0.9894514920961044,0.812904892322874
2007-06-28,1953,1953,1938,0.08473275763482234,0.11190773561326321,1.0,0.9901100146444776,0.8207485469572966
2007-06-29,1947,1947,1933,0.10492154062936615,0.12253014375936326,1.0,0.9911980595368678,0.8219696185255887
2007-07-02,1938,1938,1926,0.07552664188519397,0.09548331303400688,1.0,0.9899622962011027,0.8237791157087457
2007-07-03,1934,1934,1923,0.05530011117846431,0.08254834454142569,1.0,0.9917858680604542,0.8318673545002365
2007-07-05,1925,1925,1913,0.05891214265165327,0.07805075745685656,1.0,0.9915499109827313,0.8334116283580159
2007-07-06,1922,1922,1908,0.06368527686996897,0.08551250920175991,1.0,0.9895031270302787,0.8345188732852813
2007-07-09,1912,1912,1899,0.019915934107781186,0.02555457631639055,1.0,0.9919728133574228,0.8343798332136845
2007-07-10,1915,1915,1901,0.0038291640501749422,-0.0005494211519360066,1.0,0.9934843226073297,0.8335792041885652
2007-07-11,1920,1920,1906,-0.0557900099754201,-0.06403465901209386,1.0,0.9843094545952857,0.8327641863085626
2007-07-12,1917,1917,1904,-0.10077611259396474,-0.0950099111478962,1.0,0.9914899791700609,0.8359292519079373
2007-07-13,1922,1922,1911,-0.06647727467916217,-0.06452674704083855,1.0,0.9919004475652571,0.8359115236702822
2007-07-16,1914,1914,1903,-0.00153054641028336,-0.0011426619678874001,1.0,0.9917327021541318,0.836088348330199
2007-07-17,1890,1890,1879,0.0026499450451574202,-0.004714385577960609,1.0,0.9897573586539683,0.8275027307697842
2007-07-18,1894,1894,1883,-0.044967891539303355,-0.05655783101324221,1.0,0.9897073027465852,0.8292744864090027
2007-07-19,1900,1900,1888,-0.1197861018400166,-0.1446998676755276,1.0,0.9883674053360335,0.8306047310938919
2007-07-20,1902,1902,1889,-0.11535322089200213,-0.13816235421559692,1.0,0.9885902885803907,0.8377866456745695
2007-07-23,1909,1909,1894,-0.10995306526770414,-0.12733208176124255,1.0,0.9908889777685196,0.8372026968652022
2007-07-24,1863,1863,1845,-0.09044038949480893,-0.116909408547158,1.0,0.9898789970608958,0.8339683110503591
2007-07-25,1859,1859,1843,-0.013139057470348036,-0.05799661034560154,1.0,0.9869801199956367,0.825795068474638
2007-07-26,1862,1862,1846,0.0254389044898824,-0.02110802368373318,1.0,0.9895143052014067,0.8152032049836325
2007-07-27,1871,1871,1855,0.06113950751590586,0.002680731507693825,1.0,0.9905369984204901,0.809658507697359
2007-07-30,1882,1882,1863,0.047285851505316036,-0.007354977425703982,1.0,0.988823277319161,0.808731238406952
2007-07-31,1890,1890,1872,-0.012313539305852448,-0.05354557567714614,1.0,0.9902040710299937,0.8060286007901459
2007-08-01,1891,1891,1875,0.01835869214516609,-0.02159169877097293,1.0,0.9914572486101688,0.8092186384089401
2007-08-02,1918,1918,1903,0.007536760583903961,-0.029016281515218442,1.0,0.9881005276436079,0.792750720674676
2007-08-03,1919,1919,1905,-0.004602562148951376,-0.036274373833939985,1.0,0.9904403201539715,0.7827231303975726
2007-08-06,1939,1939,1921,0.07849767405707588,0.04413479317808971,1.0,0.988217451072437,0.7625998795694328
2007-08-07,1949,1949,1932,0.08984807554436774,0.09657652148143954,1.0,0.99084626648148,0.7441022521756442
2007-08-08,1965,1965,1948,0.18314575853382187,0.17401482461263826,1.0,0.9919173724379609,0.7246228533508403
2007-08-09,1996,1996,1978,0.22404775555015785,0.19892443447029445,1.0,0.9921971313852522,0.7020895242499962
2007-08-10,2025,2025,2007,0.21207948244614397,0.17881716097308697,1.0,0.9915364652724915,0.649228953493938
2007-08-13,2049,2048,2031,0.12218547532931129,0.09206936743689724,0.9995119570522206,0.9907336747352153,0.726486571650083
2007-08-14,2068,2067,2050,0.1486966576125342,0.12369471453683771,0.9995164410058027,0.9914925254968381,0.7712766154467323
2007-08-15,2065,2064,2046,0.1905095490692862,0.16263068168704878,0.9995157384987894,0.9918845868624656,0.7603321867510223
2007-08-16,2059,2058,2041,0.2900955481917771,0.2920355080700445,0.9995143273433705,0.9902984854921407,0.7393720239131697
2007-08-17,2073,2072,2055,0.30665224216189846,0.308752265612799,0.9995176073323685,0.9904661529598585,0.7034585375061413
2007-08-20,2073,2072,2056,0.269861463890496,0.2547083487694369,0.9995176073323685,0.9891630837621105,0.7012752766293698
2007-08-21,2067,2066,2053,0.2626013007863094,0.2629329179872044,0.9995162070633768,0.9875351288703039,0.7245715091456616
2007-08-22,2061,2060,2047,0.25147725629467677,0.2667247920858543,0.9995147986414362,0.9859439095894416,0.7321840321359746
2007-08-23,2052,2051,2036,0.2621503751978788,0.26124314381458963,0.9995126705653021,0.9841591699606904,0.7650877370014267
2007-08-24,2041,2040,2025,0.2712020266040096,0.28413074042714737,0.9995100440960314,0.984920205615687,0.775995803551988
2007-08-27,2031,2030,2017,0.2735373337280153,0.28948630234024986,0.999507631708518,0.989169155026855,0.8055243304313234
2007-08-28,2022,2021,2007,0.2913864212158592,0.2982425112539884,0.9995054401582592,0.9876550148110124,0.8137775722412939
2007-08-29,2015,2014,2000,0.2733188300589869,0.28175092193773044,0.9995037220843672,0.9862632849351495,0.8074828857027648
2007-08-30,2011,2010,1995,0.258549468354428,0.26927305338801827,0.9995027349577325,0.9842511278903737,0.818211638833492
2007-08-31,1993,1992,1974,0.2647145379584109,0.26460619775144156,0.9994982438534872,0.9838444861425448,0.8315669095117378
2007-09-04,1981,1980,1962,0.23651888384576228,0.22332363393571025,0.9994952044422009,0.9841592891396018,0.846894794181792
2007-09-05,1954,1953,1935,0.18468646652634801,0.1612408649373201,0.9994882292732856,0.9776465959864811,0.8575057700583433
2007-09-06,1934,1933,1916,0.1932108757367136,0.18384762619748285,0.999482936918304,0.9729485252444132,0.8611862200321239
2007-09-07,1885,1885,1868,0.1980407105203361,0.16589711716638772,1.0,0.9735911241021079,0.8400295825132953
2007-09-10,1828,1828,1811,0.1753125309609196,0.1350373474327165,1.0,0.9590396753300905,0.8260098578722884
2007-09-11,1787,1787,1772,0.16835089903986059,0.146626215469243,1.0,0.9807959644442255,0.8601757788529927
2007-09-12,1772,1772,1756,0.17995665209979836,0.1512799071139731,1.0,0.9898837741522845,0.8634865208468734
2007-09-13,1761,1761,1745,0.15855196791186366,0.1494378736416687,1.0,0.9887106588554002,0.8712900746898492
2007-09-14,1762,1762,1746,0.2068285570772136,0.19711197113587633,1.0,0.9795802575001287,0.8667620775344188
2007-09-17,1729,1729,1711,0.2056211927288263,0.18397477324515635,1.0,0.9882574025570388,0.8571524691974733
2007-09-18,1714,1714,1696,0.25785421791436786,0.24404385598700815,1.0,0.9910564252339141,0.8449748938604054
2007-09-19,1719,1719,1701,0.2752300799377388,0.2512715857984414,1.0,0.9896950742562118,0.8431143915052943
2007-09-20,1724,1724,1706,0.25588366024425446,0.22491184633771139,1.0,0.9887366607190197,0.8448418310774695
2007-09-21,1723,1722,1704,0.25322582951270256,0.22341340746853913,0.9994196169471852,0.9915335999907507,0.8472375584940853
2007-09-24,1747,1746,1729,0.18640723819070276,0.16208352881611138,0.9994275901545506,0.9921314592253253,0.8382154298477544
2007-09-25,1746,1745,1728,0.1794001238076259,0.1599401152912717,0.9994272623138603,0.9922605665817459,0.8373292760634498
2007-09-26,1746,1745,1729,0.15944213097964494,0.14573904191336562,0.9994272623138603,0.991801860939114,0.8284228526254273
2007-09-27,1744,1743,1726,0.12443146600090035,0.12113765472455497,0.9994266055045872,0.9904356585653181,0.831640622651222
2007-09-28,1750,1749,1730,0.12421822012576451,0.10798334339462419,0.9994285714285714,0.9929612583582748,0.8344853826772667
2007-10-01,1758,1757,1741,0.13860022159086796,0.12132648552495179,0.9994311717861206,0.9934298740196524,0.834752807955924
2007-10-02,1769,1768,1756,0.13854697078857567,0.12757917517920853,0.9994347088750707,0.9922987659152337,0.8252175388717815
2007-10-03,1772,1771,1758,0.17580836705443365,0.1775433244206754,0.9994356659142212,0.9909372083508013,0.8235968933960117
2007-10-04,1774,1773,1760,0.18063929429354142,0.18986716515245783,0.9994363021420518,0.9914242469820702,0.8261707748204329
2007-10-05,1771,1770,1758,0.20699572353339407,0.2235564811584494,0.9994353472614342,0.9926844365125242,0.8258709815117228
2007-10-08,1768,1767,1753,0.20179983879362812,0.22362703328244238,0.9994343891402715,0.9931073410742927,0.8153955664481425
2007-10-09,1770,1769,1754,0.20420701212654999,0.2337940485833556,0.9994350282485875,0.9905432620097192,0.8226678767185648
2007-10-10,1772,1771,1756,0.2019155818555576,0.23040767195083986,0.9994356659142212,0.9920599580009838,0.8318495764225221
2007-10-11,1778,1777,1762,0.1977945845623389,0.23926805356612538,0.999437570303712,0.9921323698882539,0.8334388783220114
2007-10-12,1785,1784,1767,0.13561246144555625,0.1816251905017591,0.9994397759103641,0.9914164663243914,0.8411779498551404
2007-10-15,1779,1778,1764,0.04063011845251005,0.0819368335823873,0.9994378864530635,0.9899823661438377,0.8437213291498381
2007-10-16,1780,1779,1765,0.009941031641120934,0.041275377455657555,0.999438202247191,0.984580024907629,0.8444172364312523
2007-10-17,1772,1771,1755,0.030472588316378432,0.06474822895707877,0.9994356659142212,0.9893294528201884,0.8397693144572246
2007-10-18,1765,1764,1746,-0.016361835523338482,0.02921180603211048,0.9994334277620397,0.9907966496776778,0.8419278372886109
2007-10-19,1763,1762,1743,0.023999219901869245,0.0720275745859404,0.9994327850255247,0.9899081064493434,0.8440726771763013
2007-10-22,1759,1759,1738,0.051594165885968345,0.097642196542713,1.0,0.9905883568187729,0.8457775736538835
2007-10-23,1763,1763,1743,0.03850515476180835,0.09527388988008409,1.0,0.9903149519907679,0.8492427797956555
2007-10-24,1769,1769,1748,0.04230362119617477,0.08405697180446163,1.0,0.9912064351406278,0.8588651263906604
2007-10-25,1768,1768,1747,0.02927135824121772,0.07029367280355968,1.0,0.99376097849893,0.8560740020559803
2007-10-26,1767,1767,1747,0.06767214135956479,0.0995402815283067,1.0,0.9923210862292555,0.8407983932858218
2007-10-29,1774,1774,1755,0.06657712156063081,0.11283912961406366,1.0,0.9884586050380696,0.8424521263053026
2007-10-30,1764,1763,1744,0.08722452192009415,0.12229177632015,0.9994331065759637,0.9910466441198735,0.8421412859524934
2007-10-31,1760,1759,1741,0.07302942790833779,0.11055907438796242,0.9994318181818181,0.9923597393706778,0.8284036897398989
2007-11-01,1765,1764,1746,0.030143077966348176,0.061228624902058805,0.9994334277620397,0.993299069997983,0.8290176746097508
2007-11-02,1784,1782,1763,0.006527869419830327,0.027453958966452693,0.9988789237668162,0.9922486723271152,0.8237724110125278
2007-11-05,1790,1788,1769,0.005527247894881798,0.011799837691778899,0.9988826815642458,0.993819126875518,0.8123651161723437
2007-11-06,1798,1796,1778,0.012204702710688256,-0.0034657444778313402,0.9988876529477196,0.9930758193260016,0.8098051006506711
2007-11-07,1793,1791,1775,-0.032126545176223736,-0.03458175206821598,0.9988845510317903,0.9933360938248077,0.8096907454890978
2007-11-08,1799,1797,1782,-0.018805492467322465,-0.02289198458616841,0.9988882712618121,0.991590578714173,0.8008324548695073
2007-11-09,1809,1807,1793,0.05423078682402825,0.03344868405134637,0.9988944168048646,0.9922947882154924,0.7964310346673971
2007-11-12,1814,1812,1798,0.20645554167186567,0.18091446195465474,0.9988974641675854,0.9927106682308067,0.790275348549489
2007-11-13,1813,1811,1796,0.23706242694061455,0.2378865214380976,0.9988968560397132,0.9925394570960088,0.776506317085431
2007-11-14,1822,1820,1807,0.20602975332448395,0.21992253653592592,0.9989023051591658,0.9932163244343347,0.7850033535138152
2007-11-15,1816,1814,1800,0.21507956161638564,0.22618839491411333,0.998898678414097,0.9916390468788945,0.7930898629048628
2007-11-16,1817,1815,1802,0.12537176830897975,0.1507514554052807,0.9988992845349477,0.9906725718102707,0.7927931795099411
2007-11-19,1806,1804,1793,0.09649381816862253,0.11082363596992466,0.9988925802879292,0.9898150156155485,0.7964165289243234
2007-11-20,1816,1814,1801,0.10256661086572279,0.11848458218735262,0.998898678414097,0.9880067565139552,0.7914388364075636
2007-11-21,1822,1820,1808,0.15051820269952257,0.1614573718020802,0.9989023051591658,0.9894834602174734,0.7890229362948384
2007-11-23,1822,1820,1806,0.1845531859834403,0.18715466200641387,0.9989023051591658,0.9808258122440885,0.8040127771768216
2007-11-26,1805,1803,1789,0.13743020572940015,0.13512651385318178,0.9988919667590028,0.9897801849698545,0.8364623785010087
2007-11-27,1805,1803,1789,0.16860413877835584,0.16991017117907348,0.9988919667590028,0.9924155587296372,0.8261719876930259
2007-11-28,1803,1801,1787,0.17804008950527284,0.195910206892033,0.9988907376594565,0.9882682758566566,0.8293395732379543
2007-11-29,1804,1802,1787,0.17185698071443944,0.19667207265232875,0.9988913525498891,0.9888962052054467,0.8435338107218037
2007-11-30,1795,1794,1780,0.19823984209748338,0.22155270557354534,0.9994428969359331,0.9894623384212511,0.8500646023143019
2007-12-03,1782,1781,1767,0.21568175200052284,0.23276446343248924,0.999438832772166,0.9908319779473267,0.8514725582943752
2007-12-04,1775,1774,1762,0.2595932295272823,0.2852872046206235,0.9994366197183099,0.9924470050177451,0.8556750385715558
2007-12-05,1769,1767,1754,0.2561031596847556,0.3000525052103682,0.9988694177501414,0.9905675931349125,0.8613873126746142
2007-12-06,1759,1758,1744,0.24736707539781347,0.28899717584356416,0.9994314951677089,0.9921248751075664,0.8690612430160516
2007-12-07,1759,1758,1744,0.30590975354283084,0.34247404093988454,0.9994314951677089,0.9861238736293361,0.8706476265516401
2007-12-10,1743,1742,1728,0.35154596494869567,0.3699448040505706,0.9994262765347103,0.9895598458796855,0.8801777480965124
2007-12-11,1735,1734,1720,0.33111246726716126,0.3424484111877076,0.9994236311239193,0.9852296815763772,0.8851955895216275
2007-12-12,1731,1731,1718,0.27473053142075887,0.2902676893760975,1.0,0.9922835841455891,0.893348540784705
2007-12-13,1727,1727,1714,0.23487374676186695,0.24630839833849788,1.0,0.9912983125431036,0.8867993491470689
2007-12-14,1723,1723,1711,0.20622024669103797,0.2313138446492029,1.0,0.9934516298193469,0.8854351536397327
2007-12-17,1716,1716,1705,0.1895200878434342,0.18569114888386265,1.0,0.992864903813911,0.8831779583743716
2007-12-18,1706,1706,1696,0.17693455291592428,0.17851262228640977,1.0,0.9921231104833028,0.8700294963113848
2007-12-19,1700,1700,1691,0.17444464285404748,0.16982963996952524,1.0,0.994366554893939,0.8670576893668356
2007-12-20,1700,1700,1692,0.07533407191355505,0.053880420548013404,1.0,0.99387224333147,0.8692704918562266
2007-12-21,1705,1705,1700,-0.06162791875419675,-0.0712960254840708,1.0,0.9965501465936009,0.8621216663075335
2007-12-24,1747,1747,1743,-0.056019021105843225,-0.06770899174520491,1.0,0.9918474464338954,0.8508636605643928
2007-12-26,1739,1739,1734,-0.07611819846466435,-0.09136136769871507,1.0,0.9943308103778796,0.8391056181283152
2007-12-27,1730,1730,1721,-0.14491367863505414,-0.15248223527617874,1.0,0.9920442065580893,0.8168176579099485
2007-12-28,1717,1717,1708,-0.22699257204620335,-0.21797609432120826,1.0,0.9930634611882786,0.8107327484847302
2007-12-31,1714,1714,1705,-0.22090970622212983,-0.21892057048468408,1.0,0.9939446024152031,0.803106763478699
2008-01-02,1704,1703,1695,-0.26739713285270295,-0.25956363723102516,0.9994131455399061,0.9904213982175808,0.7850776481943098
2008-01-03,1706,1705,1695,-0.35922185769886267,-0.36272720471592507,0.9994138335287222,0.9948133714730067,0.7769908117560975
2008-01-04,1706,1705,1696,-0.3529999137721324,-0.36395172725325564,0.9994138335287222,0.9937507937474405,0.8234148832022493
2008-01-07,1707,1706,1697,-0.3415045089112772,-0.36374633775427984,0.9994141769185706,0.9924871552658754,0.8449413867158605
2008-01-08,1710,1709,1699,-0.37057677154045116,-0.38675199528645277,0.9994152046783625,0.9931474085693766,0.845115997574558
2008-01-09,1711,1710,1700,-0.3679454470630564,-0.3952718664689951,0.9994155464640561,0.9907549459457048,0.8389610158807287
2008-01-10,1728,1727,1717,-0.3150034242505452,-0.33952198416234486,0.9994212962962963,0.9927494037188197,0.8269609559201151
2008-01-11,1734,1733,1723,-0.2838887517930365,-0.31095854622127295,0.9994232987312572,0.9925194462677008,0.833842952484657
2008-01-14,1730,1729,1719,-0.291248360799314,-0.3154527323326488,0.999421965317919,0.9899080501418708,0.8352497995027814
2008-01-15,1724,1723,1714,-0.28374568383403326,-0.3252194307305027,0.9994199535962877,0.989961053176582,0.8383521727824244
2008-01-16,1725,1724,1714,-0.20141853514174055,-0.24773759635326767,0.9994202898550725,0.9891921554538667,0.8433945465840298
2008-01-17,1731,1730,1721,-0.17981968133169768,-0.23122244173075165,0.9994222992489891,0.9896906072449614,0.8462190453713483
2008-01-18,1725,1724,1716,-0.16806529924006763,-0.2225533965873645,0.9994202898550725,0.9928666747500484,0.8356620409715074
2008-01-22,1737,1736,1726,-0.12321707663784522,-0.17639109147835777,0.9994242947610823,0.9916776325382737,0.8450173894378796
2008-01-23,1741,1740,1730,0.023291855010244507,-0.01627074522388824,0.9994256174612292,0.9881365323339584,0.8368027922276414
2008-01-24,1724,1723,1712,-0.0005245925219791346,-0.02778672304506191,0.9994199535962877,0.9911441040668656,0.8004862398252511
2008-01-25,1743,1742,1730,-0.010665739550063717,-0.04669520384808507,0.9994262765347103,0.9900899868684945,0.8123668332709093
2008-01-28,1751,1750,1741,0.027630828320984274,-0.008004028295577014,0.9994288977727013,0.9873645652761958,0.8125637535145583
2008-01-29,1759,1758,1750,0.088143192203911,0.0630151314801586,0.9994314951677089,0.9866205400122438,0.7945840013611677
2008-01-30,1759,1758,1749,0.16626795030426467,0.14154504913936747,0.9994314951677089,0.9793542840966896,0.7763493383143257
2008-01-31,1766,1765,1755,0.2310333253833258,0.22889652696900822,0.9994337485843715,0.9821493680902246,0.7702998433479605
2008-02-01,1764,1763,1754,0.28704595674578154,0.27334841403637467,0.9994331065759637,0.9682691091781317,0.7255383013070604
2008-02-04,1769,1768,1758,0.2125111907742002,0.20399040496900522,0.9994347088750707,0.9862795845504111,0.7280025466559666
2008-02-05,1765,1765,1755,0.24697036612586903,0.22315376785497762,1.0,0.9914452165379215,0.7646118982688008
2008-02-06,1748,1748,1739,0.2732286265821018,0.2482749219563942,1.0,0.9899719348958739,0.7599538205681815
2008-02-07,1741,1741,1731,0.2625887243431652,0.25206643679715657,1.0,0.9877439410523223,0.7506389030311933
2008-02-08,1741,1741,1730,0.20585309616922734,0.21584183519616282,1.0,0.9905584061817323,0.7363749633794058
2008-02-11,1740,1740,1729,0.1304360942901539,0.13869872732817565,1.0,0.9908453052440162,0.7527831937647204
2008-02-12,1734,1734,1723,0.17833053276442673,0.18506452526369996,1.0,0.9914757452927895,0.7722672685890325
2008-02-13,1749,1749,1738,0.18593692458773514,0.19986730799042784,1.0,0.9908017441686744,0.7735240157717206
2008-02-14,1748,1747,1737,0.17616019954191958,0.1881019433044484,0.9994279176201373,0.9893695624450266,0.7700210009779727
2008-02-15,1743,1742,1730,0.15132543970207304,0.1614104805728335,0.9994262765347103,0.9906990287432781,0.7874805455481013
2008-02-19,1741,1740,1729,0.10241084027930587,0.09972390727448512,0.9994256174612292,0.9911645036332392,0.7726643057472263
2008-02-20,1733,1732,1722,0.10336059311437353,0.10891975536726277,0.9994229659549914,0.9867079038960306,0.7680813827214833
2008-02-21,1727,1726,1716,0.024572143537948378,0.027518666540215436,0.9994209612044007,0.9783167058551006,0.7677429498726241
2008-02-22,1716,1715,1707,0.009523107010192725,-0.009409129538145237,0.9994172494172494,0.9825897204237023,0.7896246851074294
2008-02-25,1716,1715,1708,0.03573168563336801,0.02062787508981872,0.9994172494172494,0.9901258612238575,0.783537847588765
2008-02-26,1715,1714,1708,0.11552786675800694,0.10911291115953765,0.9994169096209913,0.9891167356447201,0.7793577784409442
2008-02-27,1718,1717,1711,0.14810838248233202,0.1505306917643433,0.9994179278230501,0.9872080503103285,0.7846316957701882
2008-02-28,1711,1710,1704,0.1119146019803965,0.11360711767431994,0.9994155464640561,0.9865356301087197,0.7892263127920203
2008-02-29,1700,1699,1693,0.08688622984785578,0.08195415101597363,0.9994117647058823,0.9814077608611709,0.7960699781251784
2008-03-03,1701,1700,1694,0.030490569572723298,0.028505498651702012,0.9994121105232217,0.982537180377947,0.7883943621007146
2008-03-04,1701,1700,1695,0.026683392948214042,0.008765967634877534,0.9994121105232217,0.9859489139606369,0.7766103142902036
2008-03-05,1704,1703,1697,-0.009810148152350675,-0.03238696565235688,0.9994131455399061,0.9867053906169605,0.7909493571114309
2008-03-06,1702,1701,1695,-0.01980881127510317,-0.053138053373332376,0.999412455934195,0.9856151386373291,0.8032583909722822
2008-03-07,1699,1698,1692,-0.015368106079979136,-0.047747473482771,0.9994114184814596,0.9865337042597724,0.8166986685480294
2008-03-10,1679,1678,1673,0.02450478736136856,-0.018803304350398748,0.9994044073853484,0.9907346748950918,0.8202836580170552
2008-03-11,1687,1686,1681,0.06291909216650131,0.03325123405335608,0.999407231772377,0.9862758765130044,0.8192885973723347
2008-03-12,1695,1694,1689,0.04043914764493263,0.007973322098701406,0.9994100294985251,0.9896414606365936,0.8108476153458096
2008-03-13,1690,1689,1684,0.04071639833437536,0.024224291993929118,0.9994082840236687,0.9889729391045068,0.812307394679797
2008-03-14,1688,1687,1682,0.06576152441496466,0.024479647792500826,0.9994075829383886,0.9899153244071113,0.804091453918149
2008-03-17,1683,1682,1678,0.07200696613306767,0.029566930967288085,0.9994058229352347,0.9891240350173897,0.8114768471488714
2008-03-18,1697,1696,1692,0.11531162112857388,0.07598943450159186,0.9994107248084856,0.9861886725144469,0.805983468729329
2008-03-19,1693,1692,1688,0.15683046506765097,0.09052860182669904,0.9994093325457767,0.9874232654133933,0.8121742751372025
2008-03-20,1692,1691,1687,0.201715465190111,0.11053636301805883,0.9994089834515366,0.9892426445742454,0.8141118610041168
2008-03-24,1714,1713,1709,0.2686283581007037,0.18861679277571114,0.9994165694282381,0.9899782674144294,0.7688150602919503
2008-03-25,1717,1716,1711,0.2682901016613813,0.2110179194086585,0.9994175888177053,0.9884343707226391,0.7727757259360524
2008-03-26,1720,1719,1714,0.21709229612264003,0.1851486238091998,0.9994186046511628,0.9896272895768415,0.7791633236443435
2008-03-27,1715,1714,1708,0.11003552853315891,0.07486807468802709,0.9994169096209913,0.9882208213856211,0.7918688799789079
2008-03-28,1704,1703,1697,0.06694303605293098,0.01479261846684493,0.9994131455399061,0.9894436235355917,0.7973997489518914
2008-03-31,1706,1705,1700,0.06892613069651887,0.003990517969444792,0.9994138335287222,0.9892782382677578,0.7967617033315861
2008-04-01,1714,1713,1708,0.08212619748191691,0.030269905046164773,0.9994165694282381,0.9897176829889095,0.7644516805481819
2008-04-02,1708,1707,1701,0.0921639299003615,0.05182810139331896,0.9994145199063232,0.9912555637705347,0.7450511348811293
2008-04-03,1710,1709,1703,-0.012762612766845448,-0.04704419215948783,0.9994152046783625,0.9927086233605339,0.7451996964503416
2008-04-04,1702,1701,1696,-0.025806055259587988,-0.05174907680384007,0.999412455934195,0.9918098937113744,0.7181203696991371
2008-04-07,1701,1700,1695,0.046661111927231616,0.01313823227274319,0.9994121105232217,0.9908465143425731,0.7269046803031414
2008-04-08,1692,1691,1686,0.00932919188416496,-0.01778944041526216,0.9994089834515366,0.989769285774478,0.74460105129665
2008-04-09,1691,1690,1685,-0.01496255582259885,-0.04477151616242609,0.9994086339444116,0.9802640225428298,0.7571680840664156
2008-04-10,1678,1677,1671,0.0197165861639755,-0.004770618195973843,0.9994040524433849,0.9909603392359181,0.7979186337735044
2008-04-11,1671,1670,1664,-0.006739279150530571,-0.031664136151507746,0.9994015559545183,0.9901315799731377,0.7919465099373384
2008-04-14,1661,1660,1654,-0.06600987997647538,-0.10215069855856072,0.9993979530403372,0.9918745111120153,0.8013694798549404
2008-04-15,1657,1656,1650,-0.08830419377964871,-0.11980011412642677,0.9993964996982498,0.9876523653852439,0.7970742029779251
2008-04-16,1660,1660,1654,-0.12052051976315092,-0.15799459556497616,1.0,0.9873726119539641,0.7853142227775751
2008-04-17,1655,1655,1649,-0.1221888436333988,-0.162074982457475,1.0,0.9858298695354901,0.7752663365683916
2008-04-18,1650,1650,1644,-0.10067137153374013,-0.14522634337731055,1.0,0.9762994451389111,0.7646906705473722
2008-04-21,1620,1620,1614,-0.13283837431620202,-0.16665832386309593,1.0,0.9819307450970552,0.7602414206325271
2008-04-22,1620,1620,1615,-0.12590205904248652,-0.16917652061337807,1.0,0.9905036063436616,0.7676475751120676
2008-04-23,1616,1616,1610,-0.11835161173852508,-0.13855094087050993,1.0,0.9821070831881294,0.7767856758858052
2008-04-24,1624,1624,1619,-0.013655356137771963,-0.06342177372991085,1.0,0.984581703741908,0.7994256636377723
2008-04-25,1636,1636,1631,-0.005620910043043881,-0.051818621679695004,1.0,0.9876862865339563,0.7944728640374751
2008-04-28,1625,1625,1620,-0.0014680243150889778,-0.050074640722327625,1.0,0.9846656003063011,0.790313625749945
2008-04-29,1626,1626,1620,0.040143257329427764,-0.01841931697010741,1.0,0.9872053384447715,0.7810306744201333
2008-04-30,1619,1619,1613,0.0005260755211485566,-0.06955389939972252,1.0,0.987834869869593,0.7756044766382922
2008-05-01,1624,1624,1618,0.05617190738967442,-0.020484240522160156,1.0,0.9883310132380654,0.7808041172021564
2008-05-02,1638,1638,1631,0.05833447782162993,-0.006930698765195149,1.0,0.9843896791991777,0.7743798621713028
2008-05-05,1642,1642,1635,0.0487878243495017,0.0003992238132294781,1.0,0.9833106670179038,0.7915430390712088
2008-05-06,1659,1659,1652,0.033344984060270894,-0.001049915256593103,1.0,0.9829049756820862,0.794263897561435
2008-05-07,1657,1657,1649,0.08199086268680088,0.04742387935237908,1.0,0.9844452643522167,0.7957089806725727
2008-05-08,1661,1661,1653,0.1226668304911281,0.07037413097732823,1.0,0.9862553788133437,0.7816774962777476
2008-05-09,1669,1669,1660,0.1875267868538485,0.129881588686748,1.0,0.9908506902092536,0.7813250219403317
2008-05-12,1671,1671,1661,0.20380786477551222,0.13923525188546446,1.0,0.9902888814063564,0.7867794377935263
2008-05-13,1678,1678,1668,0.2356927455643998,0.17604947270090607,1.0,0.9864050544562848,0.7736358312184698
2008-05-14,1683,1683,1673,0.2237042016191278,0.17932552139704128,1.0,0.9839893157347408,0.7824539023195842
2008-05-15,1685,1685,1676,0.19656815214001216,0.1445885417439965,1.0,0.9882879224811248,0.7824119462304624
2008-05-16,1692,1692,1683,0.17312406931345442,0.13094558954943372,1.0,0.9920818387295756,0.7712451678821368
2008-05-19,1693,1693,1684,0.23920966232682567,0.1708468120631272,1.0,0.9908117040478125,0.7716645753369383
2008-05-20,1693,1693,1684,0.24573927992929223,0.18177274566002521,1.0,0.9880593151351922,0.77086876176209
2008-05-21,1691,1691,1682,0.21568521126164067,0.1687644964289066,1.0,0.9820418491415236,0.7834166839278582
2008-05-22,1695,1695,1686,0.29149169659512997,0.24737143625074423,1.0,0.9808709543057046,0.797273925776126
2008-05-23,1692,1691,1681,0.3191818314471366,0.27554380804779927,0.9994089834515366,0.9870215542100419,0.8052652965834748
2008-05-27,1681,1680,1672,0.3568855790857947,0.2979793113383465,0.9994051160023796,0.9883404425192529,0.8166293675231466
2008-05-28,1680,1679,1672,0.31516701161506505,0.26664622224881646,0.9994047619047619,0.986742946172482,0.8146171849488573
2008-05-29,1677,1676,1669,0.3490981070816539,0.29418611040997417,0.9994036970781157,0.9843331427028035,0.8152356489085598
2008-05-30,1675,1674,1666,0.366668593602271,0.3231800049905342,0.9994029850746269,0.9812354718075819,0.8053095652038701
2008-06-02,1671,1670,1663,0.34905420914806856,0.30806192465412174,0.9994015559545183,0.9875329771348568,0.7993142865880959
2008-06-03,1677,1676,1666,0.36224028078376275,0.3159784317754401,0.9994036970781157,0.987464214604828,0.794975468180619
2008-06-04,1667,1666,1657,0.3481448797708789,0.3169082994263356,0.9994001199760048,0.9868197825467486,0.7856670292976784
2008-06-05,1665,1664,1655,0.2937967866124063,0.27698210325969774,0.9993993993993994,0.9850770200225946,0.792860428692818
2008-06-06,1653,1652,1645,0.24376569091485845,0.24251615423167022,0.999395039322444,0.9832890862499101,0.7798120080645451
2008-06-09,1652,1651,1646,0.14066463686282096,0.14472217871429868,0.9993946731234867,0.9891327150511217,0.7983299346603357
2008-06-10,1650,1649,1644,0.1935132404706982,0.19718636457185035,0.9993939393939394,0.9871714665323766,0.8036952867628976
2008-06-11,1642,1641,1635,0.20331292469341608,0.20242067599808802,0.9993909866017052,0.990742719949582,0.80892427476226
2008-06-12,1645,1644,1638,0.2571361838906201,0.24041930636085054,0.9993920972644377,0.9897196546704026,0.808239421430168
2008-06-13,1644,1643,1637,0.2625845075859505,0.23506779579221057,0.9993917274939172,0.989359209267388,0.8036563030453668
2008-06-16,1646,1645,1638,0.18186412794344478,0.1571514503871534,0.9993924665856622,0.9887181670738522,0.7761452289286283
2008-06-17,1651,1650,1644,0.10142563458707952,0.08628076784993467,0.9993943064809206,0.991146037463166,0.7527944246961056
2008-06-18,1643,1642,1636,-0.08147509495294732,-0.04361109866843209,0.9993913572732805,0.9931553923202454,0.7557177217928456
2008-06-19,1641,1640,1634,-0.03984534587208235,-0.016905882279083215,0.9993906154783668,0.9914432292989469,0.7605263890888193
2008-06-20,1637,1637,1631,-0.001965726729154314,0.017707803914635643,1.0,0.9910615727929236,0.7575751554976685
2008-06-23,1647,1647,1641,-0.18976849352152428,-0.11935314071090788,1.0,0.9917022776547784,0.7528485513271899
2008-06-24,1642,1642,1636,-0.25695165025925437,-0.18108985097472274,1.0,0.9883170123749073,0.7603750055689827
2008-06-25,1646,1646,1640,-0.16323514318150356,-0.1323416495517332,1.0,0.9871031861015958,0.7362998950774644
2008-06-26,1645,1645,1638,-0.18052109278386838,-0.14981120631495884,1.0,0.9871106993395767,0.7274981614824936
2008-06-27,1653,1653,1647,-0.17074818419771842,-0.13729198504771883,1.0,0.9840581844273307,0.7178208024316816
2008-06-30,1696,1694,1688,-0.2481277343135903,-0.1865814005484574,0.9988207547169812,0.9876931498616968,0.7371093847682201
2008-07-01,1692,1690,1685,-0.2090131679734147,-0.1664430096170987,0.9988179669030733,0.9889860068364379,0.716188675962027
2008-07-02,1686,1684,1678,-0.15894726634087142,-0.12171290231904801,0.9988137603795967,0.9853384189603959,0.6990450187945313
2008-07-03,1689,1687,1681,-0.13906243827720421,-0.11951803836420578,0.9988158673771462,0.9864875680082602,0.7060767427358886
2008-07-07,1679,1677,1671,-0.2119320154181094,-0.18135975306994895,0.9988088147706968,0.9894002861168881,0.7005434399730096
2008-07-08,1682,1680,1672,-0.2359235712783883,-0.20368392160506008,0.9988109393579072,0.9899077142516904,0.7303879826934182
2008-07-09,1688,1686,1678,-0.2560172586122475,-0.22487506325443538,0.9988151658767772,0.9885905791815941,0.746281042402477
2008-07-10,1681,1679,1670,-0.3002861265055117,-0.24354722404104234,0.998810232004759,0.9884121095398495,0.7369424692917864
2008-07-11,1680,1678,1668,-0.3750696671993434,-0.30427890567513016,0.9988095238095238,0.989182480941341,0.7435285577571644
2008-07-14,1676,1674,1665,-0.3938368233558237,-0.3168838325350906,0.9988066825775657,0.9846409644973474,0.7463593681614414
2008-07-15,1678,1676,1667,-0.40247598179493643,-0.3546346626414304,0.99880810488677,0.9790331959081263,0.7571746224320565
2008-07-16,1692,1690,1681,-0.37268520503602837,-0.3495939009788478,0.9988179669030733,0.9816218022683108,0.7667825457625007
2008-07-17,1698,1696,1687,-0.3112667646017292,-0.3073715759401836,0.9988221436984688,0.990547351434261,0.7796881751659404
2008-07-18,1704,1702,1692,-0.3499991031795529,-0.3466263225864701,0.9988262910798122,0.9885820983419482,0.7524508663772977
2008-07-21,1704,1702,1691,-0.3578877103674248,-0.3340062259586166,0.9988262910798122,0.9908960305289047,0.7663135595024029
2008-07-22,1691,1689,1677,-0.18432841613195017,-0.19584569281442227,0.9988172678888232,0.9902524308073748,0.7911713363425188
2008-07-23,1696,1694,1683,0.0101036812417221,-0.017226464511302355,0.9988207547169812,0.9873667230292827,0.7443292520075065
2008-07-24,1694,1692,1682,-0.02911862990402449,-0.09580771950528989,0.9988193624557261,0.986431101755599,0.7058355427328428
2008-07-25,1692,1690,1680,-0.17376363532853317,-0.22276058416970645,0.9988179669030733,0.9907956083313944,0.7153584454919235
2008-07-28,1688,1686,1676,-0.20679225119149133,-0.2566407373773253,0.9988151658767772,0.9904014350623475,0.7182669419374597
2008-07-29,1665,1664,1654,-0.07206173493052831,-0.11103118458842043,0.9993993993993994,0.9890925077027081,0.7179506215133177
2008-07-30,1664,1663,1654,-0.17228990115724097,-0.19320592320498559,0.9993990384615384,0.990019076040858,0.6682304706558707
2008-07-31,1657,1656,1648,-0.21537376447798992,-0.2506314774693346,0.9993964996982498,0.9891682287474296,0.698968088348379
2008-08-01,1655,1654,1646,-0.23456851502240728,-0.2576505238108501,0.9993957703927493,0.9913184467414975,0.6887574760136042
2008-08-04,1667,1666,1657,-0.27561760454979256,-0.29125396856495955,0.9994001199760048,0.9910440029866012,0.6878587044170659
2008-08-05,1675,1674,1667,-0.2387502745852849,-0.26016747473999846,0.9994029850746269,0.9857559197203257,0.6443000602468099
2008-08-06,1679,1678,1670,-0.2420321227438294,-0.24633631257653324,0.9994044073853484,0.9905919208759713,0.6339642522100606
2008-08-07,1675,1674,1667,-0.30595185381755713,-0.3264802850531285,0.9994029850746269,0.9873279196481056,0.6470775311720749
2008-08-08,1679,1678,1672,-0.3034441610058791,-0.3328355427713879,0.9994044073853484,0.9907321439219758,0.6595523314605387
2008-08-11,1686,1685,1679,-0.2540828464760729,-0.26843282576294314,0.9994068801897983,0.988852662850172,0.6406534474190385
2008-08-12,1692,1691,1685,-0.22481534488762567,-0.24857959140940192,0.9994089834515366,0.9881655015805502,0.6412783064507391
2008-08-13,1692,1691,1684,-0.2992274177166195,-0.3186448802775972,0.9994089834515366,0.9832273401922047,0.6939094647059014
2008-08-14,1701,1700,1693,-0.2155340544448986,-0.23756762522141792,0.9994121105232217,0.9784620386863115,0.7550484320897253
2008-08-15,1695,1694,1687,-0.10164036368646318,-0.1190926541099159,0.9994100294985251,0.9874857039919328,0.7652528922466358
2008-08-18,1698,1697,1690,-0.15108360769315662,-0.14599845586129415,0.9994110718492344,0.9820400836364543,0.7375892645913178
2008-08-19,1695,1694,1687,-0.2151198626665385,-0.20958634573369114,0.9994100294985251,0.9718642640690638,0.733344913708233
2008-08-20,1685,1684,1676,-0.25049327156121287,-0.20241517276036147,0.9994065281899109,0.979595872715079,0.7831049324701538
2008-08-21,1679,1678,1669,-0.23765856880687417,-0.19062393422912277,0.9994044073853484,0.9782690112231219,0.7877431234145812
2008-08-22,1675,1674,1666,-0.16801023772949003,-0.12549355285816277,0.9994029850746269,0.9815787745345214,0.8126820784092198
2008-08-25,1669,1668,1660,-0.19713878702517204,-0.15053066742530882,0.9994008388256441,0.9893789487478599,0.8186136312976224
2008-08-26,1667,1666,1660,-0.1770226896384186,-0.12704386311966276,0.9994001199760048,0.9790827020672813,0.8222371699276688
2008-08-27,1654,1653,1648,-0.14501146942537282,-0.09484113222526078,0.9993954050785974,0.9802486657526133,0.8144957586405439
2008-08-28,1659,1658,1653,-0.1455481919512682,-0.10892364282012366,0.9993972272453285,0.9806321630057813,0.8160891387410911
2008-08-29,1648,1647,1643,-0.07973374580334132,-0.05272187086915919,0.9993932038834952,0.9817705837124763,0.816750147615517
2008-09-02,1643,1642,1637,-0.038356709689892264,-0.029645938386805147,0.9993913572732805,0.9823214022107353,0.8324631617014681
2008-09-03,1637,1636,1631,-0.02486266296975162,-0.00118682626688259,0.9993891264508247,0.9849313181293634,0.8183538422354937
2008-09-04,1633,1632,1626,-0.02973218000867783,0.01479546002116496,0.9993876301285977,0.985383765425956,0.8103829401761261
2008-09-05,1633,1632,1626,0.006996367536634228,0.054314695544477924,0.9993876301285977,0.9840075903682276,0.7955161586250198
2008-09-08,1626,1625,1619,0.019669091833101466,0.049390646942891706,0.9993849938499385,0.9819799450192294,0.7681241684329215
2008-09-09,1619,1618,1611,0.05321128676006561,0.07471215843582295,0.9993823347745522,0.9844057883964026,0.7471077401448848
2008-09-10,1617,1616,1608,0.026040442618611666,0.04037384193289091,0.9993815708101422,0.9778700756345186,0.7170475109227852
2008-09-11,1609,1608,1601,0.073837736674144,0.08728040702557109,0.9993784959602238,0.9825327552724203,0.6955700158083183
2008-09-12,1610,1609,1601,0.042320000763825256,0.07174224560024511,0.9993788819875776,0.9898333318330252,0.6466623915561097
2008-09-15,1595,1594,1586,0.0853864988948398,0.10039855528044296,0.9993730407523511,0.9837117851204639,0.684505473195226
2008-09-16,1593,1592,1584,0.09089933819828676,0.1097332190080233,0.9993722536095417,0.9888765642461664,0.6879933932475257
2008-09-17,1598,1597,1590,0.0901037208533595,0.12314987186994293,0.9993742177722152,0.9902101344296279,0.6723294308624689
2008-09-18,1621,1620,1612,0.18951931628636137,0.1880326114683221,0.999383096853794,0.9876779981177677,0.6469507430148835
2008-09-19,1657,1656,1649,0.19067363650923,0.19668321542864461,0.9993964996982498,0.9873369298391971,0.5567425568581066
2008-09-22,1706,1705,1698,0.1470959060186645,0.15688507151037354,0.9994138335287222,0.9862817667642962,0.5422247838239557
2008-09-23,1708,1707,1701,0.1781682036399957,0.18404533141106003,0.9994145199063232,0.9917338256921963,0.61360504073631
2008-09-24,1699,1698,1691,0.17860466381746512,0.1908517986633466,0.9994114184814596,0.9915002080606686,0.6223206210012837
2008-09-25,1703,1702,1695,0.2056003561550084,0.2096222354127006,0.9994128009395185,0.9918710633052324,0.6275579652974319
2008-09-26,1695,1694,1687,0.1898047150931844,0.18828052894589167,0.9994100294985251,0.9877179564245399,0.6172258237027052
2008-09-29,1676,1675,1668,0.13567088969167293,0.13980021260210845,0.9994033412887828,0.989304549539913,0.6140501166114701
2008-09-30,1690,1689,1682,0.13012120286334647,0.13330405345216131,0.9994082840236687,0.9811855853766193,0.6181206251328935
2008-10-01,1693,1692,1684,0.18782475719935127,0.18529997557448408,0.9994093325457767,0.9866862692139572,0.6643307800128012
2008-10-02,1675,1674,1665,0.15722291247296746,0.14893722301810666,0.9994029850746269,0.9903540725838398,0.6596348078396059
2008-10-03,1668,1667,1658,0.14607963878858068,0.14396427380158072,0.999400479616307,0.9870648296791519,0.652904983220825
2008-10-06,1642,1641,1631,0.11405964287760773,0.12896299281712637,0.9993909866017052,0.9787081191799035,0.6430643588336322
2008-10-07,1634,1633,1623,0.0055312435990730715,0.012447366125604502,0.9993880048959608,0.9774327326400124,0.6878868369589444
2008-10-08,1623,1621,1611,0.018379760613352177,0.033687585081882784,0.9987677141096735,0.9880933063045796,0.7231155527328584
2008-10-09,1603,1601,1591,0.06341007863569208,0.08763230189823307,0.9987523393636931,0.9874708031234137,0.7323790800864382
2008-10-10,1602,1600,1591,0.010620050638824085,0.014742801921566451,0.9987515605493134,0.9842805995223847,0.7481344330691854
2008-10-13,1634,1632,1623,0.1328700467973079,0.1422842728451313,0.9987760097919217,0.9772879720576323,0.7376154835684953
2008-10-14,1631,1629,1620,0.19357162531035368,0.19430238511186293,0.9987737584304108,0.9768778215089746,0.7850577561477591
2008-10-15,1606,1604,1595,0.15732476817665175,0.15516303019439742,0.9987546699875467,0.9790510122127213,0.7913123300030135
2008-10-16,1598,1596,1588,0.13821001983057002,0.12899457088659871,0.9987484355444305,0.9639074405449324,0.7932504342302062
2008-10-17,1568,1566,1558,0.14344558565843132,0.14794692518978322,0.9987244897959183,0.9643738300873017,0.8079284925459675
2008-10-20,1539,1537,1529,0.1696635073940418,0.19187496378572574,0.9987004548408057,0.972791093658121,0.7660129547270284
2008-10-21,1521,1519,1509,0.15572702699591953,0.18827108667404707,0.9986850756081526,0.9794044355134677,0.7694052468374059
2008-10-22,1509,1507,1497,0.15319405078720633,0.18323233932076746,0.998674618952949,0.9845647754604206,0.7584096754490844
2008-10-23,1498,1496,1486,0.21984664926359124,0.24359118212713474,0.9986648865153538,0.985230806177966,0.7495792016082653
2008-10-24,1491,1489,1479,0.18915811047656841,0.20970692796840745,0.9986586183769283,0.9798158856092568,0.7493271387693923
2008-10-27,1482,1480,1469,0.13331589719811046,0.1448196119873754,0.9986504723346828,0.9737176450568399,0.7758932914436273
2008-10-28,1482,1480,1469,0.18480634955553873,0.20312219463605946,0.9986504723346828,0.9767639387508412,0.7760827578169961
2008-10-29,1489,1487,1476,0.15351177132534258,0.16034400796597376,0.9986568166554735,0.983878903410401,0.7644571131678969
2008-10-30,1501,1499,1490,0.17102097417492726,0.1929668110120645,0.9986675549633578,0.9854596812478413,0.8076968260869836
2008-10-31,1506,1504,1497,0.23478446429054395,0.25467194572061763,0.99867197875166,0.9887330741084907,0.8218244661854238
2008-11-03,1506,1504,1496,0.236195931271061,0.253042357137505,0.99867197875166,0.9883240490861719,0.8257842921934812
2008-11-04,1502,1500,1493,0.30713284631309096,0.3279314363159523,0.9986684420772304,0.9871099517488092,0.8361226098708975
2008-11-05,1488,1486,1479,0.33361109214415646,0.35748998579313246,0.9986559139784946,0.9883223322596233,0.818933070576575
2008-11-06,1462,1460,1454,0.23948269242039566,0.24487673717782915,0.9986320109439124,0.9831718390534518,0.8301421940825899
2008-11-07,1454,1452,1445,0.14980898335851034,0.1472490015128898,0.9986244841815681,0.9736302779443111,0.8234632876586003
2008-11-10,1426,1424,1416,0.09792587453603546,0.08835931167026034,0.9985974754558204,0.9806397886716537,0.8373704900323578
2008-11-11,1404,1402,1394,-0.08072213133985809,-0.08977596961395277,0.9985754985754985,0.9828577973922172,0.8262144460671376
2008-11-12,1377,1375,1367,-0.20341355674704573,-0.2300344059661628,0.9985475671750181,0.9875873324005955,0.8474932376355152
2008-11-13,1394,1392,1384,-0.11407352887969592,-0.12482538483777986,0.9985652797704447,0.9884042882718912,0.8686848903648917
2008-11-14,1368,1365,1358,-0.15753431344521757,-0.180149834799751,0.9978070175438597,0.9922359482882477,0.8696580609114712
2008-11-17,1354,1351,1344,-0.23961158905145372,-0.2649318924784162,0.9977843426883308,0.9891164874198152,0.8693064357497854
2008-11-18,1346,1343,1338,-0.29512837516988283,-0.3210829917923647,0.9977711738484398,0.9915504355033203,0.8636849026083061
2008-11-19,1321,1318,1314,-0.27172360158400066,-0.2894946755670746,0.9977289931869796,0.9891726712450511,0.8663899498082298
2008-11-20,1296,1293,1288,-0.3861685123035107,-0.44136912884172413,0.9976851851851852,0.9869400082462504,0.874582228808447
2008-11-21,1298,1295,1290,-0.27274652932559007,-0.30824844010496394,0.99768875192604,0.9918854969884817,0.8881436049228006
2008-11-24,1321,1318,1313,-0.20457239014628983,-0.22343894448814214,0.9977289931869796,0.9892781525881148,0.8789812177182561
2008-11-25,1332,1329,1324,-0.19417008469072927,-0.1880901957393195,0.9977477477477478,0.9845159925127069,0.8742434797247819
2008-11-26,1343,1340,1335,-0.059100531384788046,-0.04638733415368718,0.9977661950856291,0.9886027056569596,0.871460607352723
2008-11-28,1338,1335,1330,-0.06868019553175699,-0.05003152145525375,0.9977578475336323,0.9886885430755566,0.8644721673230141
2008-12-01,1299,1296,1289,-0.2159421816807056,-0.2055584834487114,0.9976905311778291,0.989627563638765,0.8615119390210008
2008-12-02,1301,1299,1293,-0.1993522948424405,-0.1943124615587157,0.9984627209838586,0.992165702427239,0.8710503013496284
2008-12-03,1310,1308,1298,-0.33376665812919065,-0.376209511565094,0.9984732824427481,0.9921642573538052,0.8761833117844792
2008-12-04,1307,1305,1295,-0.4760045512028223,-0.5267555311991163,0.9984697781178271,0.9907174585111713,0.8761350028435116
2008-12-05,1310,1307,1296,-0.5457799404198753,-0.5955521056908876,0.9977099236641221,0.9895206350541785,0.876257232637084
2008-12-08,1313,1310,1300,-0.4209759043528262,-0.451264953411215,0.9977151561309977,0.9932178391324379,0.8870673147813734
2008-12-09,1316,1313,1303,-0.40017134452075637,-0.43006569243336545,0.9977203647416414,0.9906246143004176,0.8813241734681432
2008-12-10,1327,1324,1314,-0.280795063536217,-0.28450888656840195,0.9977392614920875,0.9955083215392012,0.8771123022532168
2008-12-11,1319,1316,1306,-0.1748787000510169,-0.18076048534034164,0.9977255496588324,0.9947784567157733,0.8734199770674543
2008-12-12,1317,1314,1304,-0.1958298433293131,-0.20375704025626776,0.9977220956719818,0.9903730231910097,0.8757821224484289
2008-12-15,1302,1299,1290,-0.13878090298276466,-0.12177107866332294,0.9976958525345622,0.9942667135546601,0.8797160298815552
2008-12-16,1311,1308,1299,-0.09479820188401804,-0.044189639772680436,0.9977116704805492,0.9951098044763922,0.8743464949989572
2008-12-17,1314,1311,1302,-0.027117795064157305,0.03660478371646743,0.997716894977169,0.9952202508246988,0.8694057343067249
2008-12-18,1317,1314,1305,-0.03414502789982917,0.04111831146499857,0.9977220956719818,0.9945786674075372,0.8620977995367559
2008-12-19,1320,1318,1310,-0.0868739468963989,-0.04206581900208825,0.9984848484848485,0.9919447548049368,0.8791610095289772
2008-12-22,1323,1321,1313,-0.1387029969652604,-0.11758948293245967,0.99848828420257,0.9904019913308507,0.8708491937645142
2008-12-23,1311,1309,1303,-0.21384629537155622,-0.20770398950382785,0.9984744469870328,0.9899709855807557,0.885808390723474
2008-12-24,1297,1295,1288,-0.2677023407628791,-0.22562024948438483,0.9984579799537394,0.9927488265681386,0.8874744147134465
2008-12-26,1290,1288,1280,-0.27923468251423567,-0.2285875132522638,0.9984496124031008,0.992391821286924,0.8849773994971828
2008-12-29,1278,1276,1268,-0.3278512336881325,-0.3077127227685734,0.9984350547730829,0.9944902210454415,0.8882128628788185
2008-12-30,1286,1284,1278,-0.2570367294724824,-0.2096485560280796,0.9984447900466563,0.9896014348319699,0.8854081969319665
2008-12-31,1285,1283,1278,-0.1469970189659925,-0.10651116098349236,0.998443579766537,0.9904177918757996,0.8971046877861271
2009-01-02,1288,1286,1282,-0.02167781093510574,0.04138791810021088,0.9984472049689441,0.9928437114907442,0.8930621383999122
2009-01-05,1283,1281,1277,0.0005341443802299309,0.07727781956914519,0.9984411535463756,0.9931817552326021,0.8647909828406618
2009-01-06,1292,1290,1287,0.03680366266508933,0.11864598763645332,0.9984520123839009,0.9934645923538193,0.8547832303495976
2009-01-07,1287,1285,1281,-0.013984345050149177,0.03002741640695998,0.9984459984459985,0.9898935147990522,0.8767630068059008
2009-01-08,1286,1284,1280,0.005050098401064298,0.017764239663232338,0.9984447900466563,0.9927987433685418,0.8866465002655283
2009-01-09,1278,1276,1272,-0.05292652224534936,-0.03388648962995514,0.9984350547730829,0.9943507380950946,0.8828635882414615
2009-01-12,1276,1274,1270,-0.08714777785720235,-0.079653876819141,0.9984326018808778,0.9829112653733132,0.8774089094144735
2009-01-13,1273,1271,1266,-0.023907607939135687,-0.029309553347426503,0.9984289080911233,0.9899083992363772,0.9030171367331323
2009-01-14,1261,1259,1254,-0.0910757000004252,-0.09369776057544252,0.9984139571768438,0.9897417492374356,0.9068037489380262
2009-01-15,1264,1262,1257,-0.10835872228474146,-0.10571077904717574,0.9984177215189873,0.9912731575407532,0.9099405175521195
2009-01-16,1259,1257,1253,-0.04454449170728382,-0.02951216604737278,0.9984114376489277,0.9913584044860865,0.8910259271965809
2009-01-20,1248,1246,1242,-0.13101578943988607,-0.10921295892953319,0.9983974358974359,0.9898309355109625,0.8827548011184112
2009-01-21,1250,1248,1244,-0.027003273112779228,-0.015710376122790977,0.9984,0.990380361136529,0.8861158415722057
2009-01-22,1236,1234,1230,-0.038460018896054264,-0.018504538347220354,0.9983818770226537,0.991404173284134,0.8888926788739577
2009-01-23,1244,1242,1238,0.09913662734784677,0.11927538876355741,0.9983922829581994,0.9932025546015153,0.8799611743337568
2009-01-26,1243,1241,1238,0.05209308930409808,0.06971171871465065,0.998390989541432,0.9954955639457331,0.88653079784358
2009-01-27,1259,1257,1254,0.0774402315155317,0.09688035624278943,0.9984114376489277,0.994306389612064,0.8558427500320702
2009-01-28,1268,1266,1263,0.12936656525228357,0.14630121803952242,0.998422712933754,0.9931792733290205,0.8554794804919034
2009-01-29,1263,1261,1258,0.06703697113570588,0.0971981437766071,0.9984164687252574,0.9939061796269526,0.8643662180846305
2009-01-30,1258,1256,1253,0.15546902391149198,0.184031815243458,0.9984101748807631,0.9936686718822499,0.8394630630135016
2009-02-02,1249,1247,1245,0.07801694815894998,0.09885718986768677,0.9983987189751802,0.9929207521267551,0.813447923640012
2009-02-03,1248,1246,1244,0.041476393055105705,0.054533742111209906,0.9983974358974359,0.9892607668944131,0.8068610916929476
2009-02-04,1248,1246,1244,0.10328693339822088,0.11210483195882687,0.9983974358974359,0.9898271852569334,0.7969983919680942
2009-02-05,1246,1244,1242,0.14945111466764968,0.16734711867842766,0.9983948635634029,0.9901090872071903,0.7516985569472823
2009-02-06,1250,1248,1246,0.19905125872515161,0.21445251504072002,0.9984,0.9905235302549809,0.7756249851525334
2009-02-09,1254,1252,1251,0.16297430092269793,0.1617310869515257,0.9984051036682615,0.9919244562067159,0.7863658434155387
2009-02-10,1242,1240,1239,0.08753690194697976,0.084896323143165,0.998389694041868,0.9917821623381453,0.7677533637807743
2009-02-11,1245,1243,1242,0.079361455665235,0.0671245770116933,0.9983935742971888,0.9941472207074062,0.754161653761412
2009-02-12,1249,1247,1246,0.07906008131509455,0.07466759225021617,0.9983987189751802,0.9932039545507273,0.7191982046952038
2009-02-13,1248,1246,1245,0.0776228050069011,0.0721626820982314,0.9983974358974359,0.9911650259602997,0.7475439712107832
2009-02-17,1245,1243,1241,-0.04439512668022382,-0.04958802646626334,0.9983935742971888,0.9945195914879121,0.7705915004230147
2009-02-18,1244,1242,1240,-0.07304373398444666,-0.08199900015879603,0.9983922829581994,0.991088264736648,0.7841056285967544
2009-02-19,1234,1232,1230,-0.16078541777686373,-0.17312875930863014,0.9983792544570502,0.9918538130817315,0.8024541787827837
2009-02-20,1224,1222,1220,-0.11919113575901343,-0.12856881019443805,0.9983660130718954,0.9896914931673362,0.7923023878580965
2009-02-23,1227,1225,1223,-0.32629876354187237,-0.33973666897026644,0.9983700081499592,0.9938559451340362,0.8011509697642025
2009-02-24,1235,1233,1230,-0.24301644239089298,-0.26137147226906016,0.9983805668016195,0.9911029480050098,0.7888976787938117
2009-02-25,1233,1231,1228,-0.2980714841788696,-0.3232518166979837,0.9983779399837794,0.9921082926005754,0.8088437734625256
2009-02-26,1236,1234,1231,-0.34956621521518283,-0.3663314370834534,0.9983818770226537,0.9874278084556859,0.7942294882030548
2009-02-27,1226,1224,1221,-0.3337918562922066,-0.35436302025070815,0.99836867862969,0.9848367744946047,0.729218492410926
2009-03-02,1222,1220,1217,-0.36436007752404365,-0.39444340040379544,0.9983633387888707,0.9877220817694555,0.7293846607968142
2009-03-03,1216,1214,1211,-0.3739493880069794,-0.3894272363952853,0.9983552631578947,0.9891840428245446,0.7521814890761321
2009-03-04,1225,1223,1220,-0.3810855576625221,-0.3885546885183781,0.9983673469387755,0.9898743545553901,0.7320274107420387
2009-03-05,1217,1215,1211,-0.5059999981417942,-0.5201767800832342,0.9983566146261298,0.9895448399663425,0.7221655683105224
2009-03-06,1210,1208,1204,-0.5737995351053992,-0.5968524120558397,0.9983471074380166,0.9878333715100258,0.7289615057088262
2009-03-09,1205,1203,1199,-0.5524920965227933,-0.5646633602570847,0.9983402489626556,0.9835470942087525,0.7202383933895787
2009-03-10,1213,1211,1207,-0.46944384412246026,-0.44869280317823573,0.998351195383347,0.9854161479470563,0.7595903426950136
2009-03-11,1220,1218,1214,-0.4564688404680242,-0.4328588446754576,0.9983606557377049,0.9867010721829342,0.7336493889876722
2009-03-12,1231,1229,1225,-0.5281936510366166,-0.5113030269203921,0.9983753046303818,0.980368050414613,0.6754149064618032
2009-03-13,1230,1228,1224,-0.5557549298056037,-0.5498001261011356,0.9983739837398374,0.9812291092672358,0.669696222109177
2009-03-16,1220,1218,1214,-0.5399779869383635,-0.5448151429526563,0.9983606557377049,0.9876628899518785,0.6827035721656088
2009-03-17,1226,1224,1221,-0.5380759977586994,-0.5378238029092585,0.99836867862969,0.991301486757531,0.6969212530618492
2009-03-18,1233,1231,1228,-0.49778871629345717,-0.5006965956495496,0.9983779399837794,0.9918371571046342,0.6814887414191592
2009-03-19,1228,1226,1223,-0.5011918893853247,-0.49822338172836567,0.998371335504886,0.9901196518485319,0.6035213780568232
2009-03-20,1226,1224,1220,-0.4255017762978822,-0.42324547889442676,0.99836867862969,0.9887540875250791,0.5532388190436146
2009-03-23,1234,1232,1228,-0.3602891764132101,-0.35437288094779407,0.9983792544570502,0.9835833792641058,0.5993575045291426
2009-03-24,1229,1227,1224,-0.39906459376876147,-0.39932508735301275,0.9983726606997559,0.987182001111919,0.5374763676023755
2009-03-25,1226,1224,1221,-0.40775072219146485,-0.41178870055744954,0.99836867862969,0.986044288468337,0.553609338769183
2009-03-26,1235,1233,1230,-0.45158300719172095,-0.4515641308185276,0.9983805668016195,0.9703317607279632,0.606499347492135
2009-03-27,1236,1234,1232,-0.39644022989141886,-0.38913655863112406,0.9983818770226537,0.9844823725727286,0.632495010275386
2009-03-30,1232,1230,1228,-0.4699967650845866,-0.46157852793426835,0.9983766233766234,0.9875849650577725,0.6814213754458243
2009-03-31,1234,1232,1230,-0.498904204682352,-0.5076066125930211,0.9983792544570502,0.9822023243868881,0.7241013915271794
2009-04-01,1238,1236,1234,-0.44519717696421207,-0.4489451423845148,0.9983844911147012,0.9857157762054068,0.7324645688745287
2009-04-02,1246,1245,1244,-0.40453345009445674,-0.4093482740942712,0.9991974317817014,0.9841660624879236,0.7265561834242523
2009-04-03,1259,1258,1257,-0.41864279397454013,-0.45408380935081416,0.9992057188244639,0.9737279078681145,0.6626127027933922
2009-04-06,1254,1253,1252,-0.42035455791160714,-0.4474218197530964,0.9992025518341308,0.9772568806241616,0.6063985375331704
2009-04-07,1249,1248,1247,-0.49536588681613686,-0.5148773589520134,0.9991993594875901,0.9770474072749193,0.5921896588066821
2009-04-08,1254,1253,1252,-0.4866609859000202,-0.5016242077235162,0.9992025518341308,0.9768759506358136,0.6439327433236605
2009-04-09,1264,1263,1262,-0.4402969276562822,-0.44105030136625545,0.9992088607594937,0.9801652904069902,0.6428125139873528
2009-04-13,1267,1266,1265,-0.3739696705248508,-0.3675420184257229,0.9992107340173638,0.9858072385367311,0.6047010018933356
2009-04-14,1275,1274,1273,-0.40325569750754664,-0.3973839558340808,0.9992156862745099,0.9872478369620685,0.55811100052274
2009-04-15,1285,1284,1283,-0.2933249095885543,-0.29017368079576156,0.9992217898832685,0.9876439621067132,0.5365187434051935
2009-04-16,1293,1292,1291,-0.29078966527204814,-0.294180405348393,0.9992266047950503,0.9741373992513018,0.5198962637293458
2009-04-17,1297,1296,1295,-0.19065866643272533,-0.20678513576504054,0.9992289899768697,0.9787509731845015,0.5106800042259502
2009-04-20,1284,1283,1283,-0.304992900106849,-0.30952813785805394,0.9992211838006231,0.9844088026972384,0.49001682507856786
2009-04-21,1284,1283,1283,-0.24257110293137377,-0.24280363672352426,0.9992211838006231,0.9738634890415514,0.536530578409298
2009-04-22,1291,1290,1290,-0.21272572780012353,-0.2113519520731776,0.9992254066615027,0.962623544230027,0.5776522233028166
2009-04-23,1300,1299,1299,-0.19688898342938074,-0.18515684104520405,0.9992307692307693,0.9747436687881315,0.5699365217328282
2009-04-24,1309,1308,1308,-0.19217302975237946,-0.1594016769271767,0.9992360580595875,0.9743267540428073,0.5814407602082086
2009-04-27,1303,1302,1302,-0.25433507261223076,-0.22782370250827444,0.9992325402916347,0.9801171771459404,0.5816161930538304
2009-04-28,1313,1312,1312,-0.21513274295805102,-0.19411236657344536,0.9992383853769993,0.9804976091462451,0.5435708397113909
2009-04-29,1324,1323,1323,-0.21366181404714982,-0.17679603344004316,0.9992447129909365,0.9818808424343993,0.5465007955820814
2009-04-30,1323,1322,1322,-0.25246458509730313,-0.21959792119423419,0.999244142101285,0.9823446756763226,0.5012986546602395
2009-05-01,1335,1334,1334,-0.2293329932540803,-0.20143558622671018,0.9992509363295881,0.9671617469809198,0.5108041025941182
2009-05-04,1341,1340,1340,-0.09605945612358517,-0.07235736151008425,0.9992542878448919,0.9803419434678996,0.581292562477107
2009-05-05,1350,1349,1349,-0.08343524798149149,-0.07053719683921617,0.9992592592592593,0.9853391290253838,0.6162189083528757
2009-05-06,1364,1363,1363,-0.033436637670683535,-0.015474778761089776,0.999266862170088,0.9847616103207822,0.6339398672694031
2009-05-07,1372,1371,1371,0.015792003059107582,0.03504785380244256,0.999271137026239,0.9764084002890052,0.6388505703797319
2009-05-08,1395,1394,1394,0.16550828903127604,0.1747497124806218,0.9992831541218637,0.9737257745610106,0.6813113598139106
2009-05-11,1400,1399,1399,0.13350860607560805,0.1485646093009412,0.9992857142857143,0.9814150833512917,0.6550533012796481
2009-05-12,1402,1402,1402,0.1203962454332918,0.13868569883013074,1.0,0.984688828148663,0.7048150344468472
2009-05-13,1391,1391,1391,0.09753475207989284,0.113007000383975,1.0,0.9861644144519569,0.7117633948458383
2009-05-14,1397,1397,1396,0.07572777417927351,0.07376184897372803,1.0,0.9793283264909919,0.7033634950581316
2009-05-15,1396,1396,1395,0.05259287623953639,0.049760952897882404,1.0,0.9661885768424927,0.7206200636594344
2009-05-18,1403,1403,1402,-0.0023852941900753015,-0.015037205829536203,1.0,0.9711076893080345,0.7377538158561208
2009-05-19,1409,1409,1408,-0.022952992123346158,-0.0450510055948289,1.0,0.9799135033401416,0.7521946635306122
2009-05-20,1412,1412,1410,-0.020260278839637075,-0.06292806408362821,1.0,0.9832904860859539,0.759065426896595
2009-05-21,1404,1404,1402,0.024677583263606095,-0.02280284012375835,1.0,0.9787575851483596,0.7656675334136228
2009-05-22,1399,1399,1397,0.005981171195756748,-0.047575965527913905,1.0,0.9849376642715698,0.7515035161947894
2009-05-26,1401,1401,1399,-0.03507721255343752,-0.09197473539170684,1.0,0.9839165669328483,0.7714720009336749
2009-05-27,1396,1396,1394,-0.04371965216043075,-0.1117974593970763,1.0,0.9826696986301555,0.7809979582324272
2009-05-28,1399,1399,1397,0.014960072446348978,-0.033363825157901816,1.0,0.9848248888544863,0.7836428170212816
2009-05-29,1394,1394,1392,0.01499911695938592,-0.037007240343045,1.0,0.9770120077570836,0.7882852290185897
2009-06-01,1399,1399,1397,-0.06144700802732161,-0.12404606717391133,1.0,0.9760799701443531,0.8193665830228358
2009-06-02,1397,1397,1395,-0.07123312537004903,-0.1246158420219066,1.0,0.9831372125595222,0.8247285771292072
2009-06-03,1396,1396,1393,-0.029171916376004966,-0.09817934066797339,1.0,0.9813241137595773,0.8384393385946765
2009-06-04,1396,1396,1393,-0.027048791286187347,-0.09453568419519498,1.0,0.9817895450799802,0.823719428160169
2009-06-05,1385,1385,1382,-0.08821117483808509,-0.14712488242521257,1.0,0.97879138798973,0.8304044455365757
2009-06-08,1375,1375,1372,-0.07240957841815325,-0.14969327795281406,1.0,0.9762187368088527,0.8444976678787876
2009-06-09,1365,1365,1362,-0.1500312839714921,-0.22483115860945113,1.0,0.9861252095720802,0.8438196102398411
2009-06-10,1363,1363,1360,-0.09968394218376281,-0.16647282655830262,1.0,0.9821330526888121,0.846548743936374
2009-06-11,1368,1368,1365,-0.011638738608231579,-0.07953984333335289,1.0,0.9762530670138925,0.8211629022995369
2009-06-12,1364,1364,1361,0.05296172877180826,0.002166600439175827,1.0,0.9790374969130322,0.7626749309869181
2009-06-15,1358,1358,1355,0.056758577991746516,-0.0270029994060816,1.0,0.9864287352578383,0.7946357028385648
2009-06-16,1354,1354,1351,0.11532558188230767,0.0619277803813496,1.0,0.9797918540273685,0.8027979585139455
2009-06-17,1348,1348,1345,0.14599900872702787,0.09137548046610809,1.0,0.990858278684173,0.820659318105016
2009-06-18,1347,1347,1344,0.21397016257498816,0.18200372874197843,1.0,0.9931165409121672,0.8208819047832405
2009-06-19,1341,1341,1338,0.20342205123001347,0.19322788329341417,1.0,0.9917722369141087,0.7859798764817929
2009-06-22,1341,1341,1338,0.30704247601044915,0.2839461288253763,1.0,0.9928811833117513,0.7869651429455126
2009-06-23,1341,1341,1338,0.28180726906948406,0.2591132197152514,1.0,0.9901928227588055,0.7857956345827705
2009-06-24,1343,1343,1340,0.21774496016741696,0.22041291953852007,1.0,0.9910206376047836,0.7895067418595737
2009-06-25,1346,1346,1342,0.1868319374134075,0.1723486206116699,1.0,0.9897755145649073,0.77398348327633
2009-06-26,1346,1346,1342,0.11796407716837522,0.09755904038929875,1.0,0.9892329323661736,0.7536353406023824
2009-06-29,1378,1378,1374,0.06064641120337212,0.05740975490857952,1.0,0.9868185269962669,0.753748618900239
2009-06-30,1372,1372,1368,0.036287975965641976,0.03244163736140402,1.0,0.9853650311176204,0.7395982235206872
2009-07-01,1363,1363,1360,0.052472247929985893,0.04578632354109971,1.0,0.9830813508730316,0.7454969992078163
2009-07-02,1359,1359,1356,0.043022845098582334,0.04998942255678812,1.0,0.984254081235585,0.7612899239303077
2009-07-06,1355,1355,1351,0.14037107535074161,0.1469913488486616,1.0,0.9866990541425396,0.7758324289777412
2009-07-07,1343,1343,1339,0.17869539919884553,0.18248034502051233,1.0,0.9915078964102281,0.7591305444093505
2009-07-08,1335,1335,1331,0.17405246896106086,0.17611975193532342,1.0,0.98946606549803,0.7722946695231979
2009-07-09,1340,1340,1336,0.15020379244772797,0.1650691121517694,1.0,0.9877051423966365,0.766017215636134
2009-07-10,1334,1334,1330,0.15340246992214285,0.16486149170729902,1.0,0.9895026375103884,0.7615935737833626
2009-07-13,1328,1328,1325,0.13808461772905842,0.1423186775971023,1.0,0.985632737514166,0.7795901133304225
2009-07-14,1341,1341,1338,0.11540409659604728,0.12642478184106287,1.0,0.9856010905064523,0.8006341619546149
2009-07-15,1337,1337,1334,0.058595231351739045,0.06526787854839851,1.0,0.9854158050479918,0.7850605158971196
2009-07-16,1344,1344,1341,0.07603344305729347,0.08403267671285541,1.0,0.9837908194226728,0.789936650884229
2009-07-17,1339,1339,1337,0.013372442292952005,-0.001211709687673999,1.0,0.9886098023831926,0.7740241093422393
2009-07-20,1346,1346,1344,-0.05987195797748891,-0.08625615838543085,1.0,0.9890820135066709,0.7677706459845902
2009-07-21,1335,1335,1333,-0.013694756275886453,-0.02722771336701399,1.0,0.9694609898301806,0.7601946693483562
2009-07-22,1341,1341,1338,-0.07281664226209168,-0.08754173710651457,1.0,0.980305182015005,0.7062488220611017
2009-07-23,1344,1344,1341,-0.04531698954364923,-0.05660755425306046,1.0,0.985702575425269,0.7145099401031801
2009-07-24,1355,1355,1353,0.0173486474332909,-0.006262036881479639,1.0,0.9860262714355115,0.7204186654424778
2009-07-27,1362,1362,1360,0.04099613505623765,0.008781038484555933,1.0,0.983676846405443,0.7182245969839764
2009-07-28,1322,1322,1320,0.11576376623212065,0.06141624277791774,1.0,0.9867841852514148,0.7223665619375051
2009-07-29,1325,1325,1323,0.1451769132579856,0.08016465998349413,1.0,0.9854510543747158,0.7026241787538545
2009-07-30,1326,1326,1324,0.07394762784071189,0.05133137972740331,1.0,0.9807081595433338,0.692564338302018
2009-07-31,1340,1340,1336,0.03164621923513231,0.03072057124479505,1.0,0.9880077286314475,0.6681698489279246
2009-08-03,1347,1347,1345,-0.0294963232102836,-0.030515156136196563,1.0,0.9823482358195842,0.6431038000106204
2009-08-04,1361,1361,1359,-0.05856122294351616,-0.046230339613143115,1.0,0.9885738555314532,0.6357870691713456
2009-08-05,1368,1368,1365,-0.06832275282812776,-0.04279728678254951,1.0,0.9860075795497885,0.6301115507675654
2009-08-06,1379,1379,1375,0.016501528330567478,-0.006135666608195274,1.0,0.9859280468612331,0.6152296074832689
2009-08-07,1390,1390,1386,0.037448826507217724,-0.013104268239237288,1.0,0.9875774238553195,0.6496883412134568
2009-08-10,1406,1406,1401,0.047044539150486384,0.0365366654898903,1.0,0.9893556557318613,0.6770548168308967
2009-08-11,1402,1402,1397,0.10606237279630087,0.1271173916789269,1.0,0.9858271018108713,0.6844831228399327
2009-08-12,1410,1410,1405,0.10755017918683418,0.12499423797419736,1.0,0.983363231683135,0.706544588612036
2009-08-13,1408,1408,1403,0.059500660998809095,0.08936194763996068,1.0,0.9879098881227161,0.7463439940236366
2009-08-14,1407,1407,1402,0.1309578221275875,0.18060535880985357,1.0,0.9837871903359502,0.7492149709105465
2009-08-17,1402,1402,1397,0.255775563409987,0.3090836986940005,1.0,0.9866520934286632,0.7366937151141748
2009-08-18,1406,1406,1400,0.21517573240278587,0.2751031972100848,1.0,0.9823982737737958,0.761162507711004
2009-08-19,1402,1402,1397,0.1707304823189065,0.24880740818590458,1.0,0.9844527326379375,0.7834647859197689
2009-08-20,1396,1396,1391,0.14104608848758354,0.22734855374085952,1.0,0.9804481411958953,0.8062076809119761
2009-08-21,1390,1390,1385,0.1255330936122213,0.19561229968045396,1.0,0.9870835939339676,0.8378696021189204
2009-08-24,1392,1392,1387,0.15334785885643012,0.2512669642855471,1.0,0.9891926149417739,0.8520472909985612
2009-08-25,1394,1394,1389,0.07430871919320747,0.17908521714630618,1.0,0.9846965782383712,0.8513703272095323
2009-08-26,1389,1389,1385,-0.005465836606726152,0.13671494056189917,1.0,0.9899984042386716,0.8415162760932555
2009-08-27,1385,1385,1380,-0.028887129548044503,0.08023973419709823,1.0,0.9879206616713085,0.8395329031656427
2009-08-28,1377,1377,1370,0.026943979543296293,0.11731528060205494,1.0,0.9868185739614763,0.8573444337650625
2009-08-31,1366,1366,1359,0.07030652583634063,0.16190160641303109,1.0,0.9886190118871194,0.880580146942002
2009-09-01,1353,1353,1346,0.12381665493092019,0.23285441422456873,1.0,0.9897171250238465,0.8637865224225783
2009-09-02,1351,1351,1346,0.04736076840365088,0.15475529968630317,1.0,0.9893678002027796,0.8245165145953858
2009-09-03,1353,1353,1348,-0.0050455046532682304,0.09786412865996896,1.0,0.9888652982712546,0.804640117422156
2009-09-04,1348,1348,1342,0.04787467164891571,0.1469368607119594,1.0,0.987975096132862,0.8386797484866014
2009-09-08,1337,1337,1331,0.05753188678867379,0.14353016580071695,1.0,0.9866814811042455,0.8365455018692414
2009-09-09,1343,1343,1337,-0.016082742535643305,0.0891710379362687,1.0,0.9848700035241228,0.8365471826069519
2009-09-10,1352,1352,1346,-0.025003913673099665,0.07253979618754837,1.0,0.9898002993613286,0.8296959209642727
2009-09-11,1353,1353,1347,-0.010938571028243074,0.08405995055720722,1.0,0.9871025917818206,0.8618063710731428
2009-09-14,1350,1350,1344,-0.05262134640475522,0.05463061748157077,1.0,0.9910527988503186,0.8423555084816742
2009-09-15,1344,1344,1338,-0.10449929954834254,0.011497371969110447,1.0,0.9901135507732548,0.826522176540766
2009-09-16,1346,1346,1338,-0.06640826719616191,0.03616602249519588,1.0,0.9897165455167742,0.8253822510953438
2009-09-17,1360,1360,1352,0.0044629340707654785,0.07815560286664376,1.0,0.9912600979317511,0.8168350785938062
2009-09-18,1365,1365,1356,-0.04390988673785935,0.055529779262681364,1.0,0.9853855797177713,0.8217891149704365
2009-09-21,1383,1383,1375,0.009657464634893064,0.10107467895159562,1.0,0.993105175420323,0.826782705152217
2009-09-22,1382,1382,1374,-0.08209952039789509,0.005027044859650205,1.0,0.9922810971890844,0.7915430614012794
2009-09-23,1382,1382,1373,-0.025792357008503904,0.05991681712252331,1.0,0.988735769345342,0.7823120336785012
2009-09-24,1381,1381,1371,0.04722132681961924,0.10672949291886838,1.0,0.9909731727979715,0.7720982467477422
2009-09-25,1386,1386,1376,0.019063518177035367,0.09031307604084814,1.0,0.9897554111407002,0.7360596897870691
2009-09-28,1388,1388,1379,-0.0619486640511883,0.015701120939248914,1.0,0.9905698462589612,0.7214744939110023
2009-09-29,1388,1388,1378,-0.16353598879910022,-0.0672029587278864,1.0,0.9874301028420025,0.7005498458005702
2009-09-30,1388,1388,1379,-0.2642949322501915,-0.18904030762256882,1.0,0.9740636288685524,0.7338312859689442
2009-10-01,1387,1387,1377,-0.05670483649108474,0.013684803680739712,1.0,0.9842744005064605,0.6891040818621981
2009-10-02,1388,1387,1377,-0.11767642613999907,-0.06075939515367136,0.9992795389048992,0.9819513174495966,0.7151662504904412
2009-10-05,1396,1395,1386,-0.18684831140722818,-0.1413954229099504,0.9992836676217765,0.9858073004041585,0.7320130550554842
2009-10-06,1403,1402,1393,-0.14575780754931486,-0.11809347995889868,0.9992872416250891,0.9874352844931,0.7728690346778215
2009-10-07,1409,1408,1397,-0.17156182734369319,-0.14843190064451509,0.9992902767920511,0.9878186919075594,0.7594043624101389
2009-10-08,1412,1411,1399,-0.13913506118910435,-0.11604637016280006,0.9992917847025495,0.9727822659733484,0.768366108382318
2009-10-09,1420,1419,1407,-0.16643320703133183,-0.17148296373060676,0.9992957746478873,0.9813263699575241,0.7625011698327975
2009-10-12,1422,1421,1407,-0.10982017089724633,-0.09182146693193426,0.9992967651195499,0.9834311061744622,0.746712087815924
2009-10-13,1416,1415,1402,-0.08925086855874508,-0.0735331426352105,0.9992937853107344,0.9830997888767317,0.7384844256019198
2009-10-14,1405,1404,1394,-0.11785139110905012,-0.12702617478163605,0.999288256227758,0.9798806072672446,0.748487574980265
2009-10-15,1410,1408,1398,-0.1646564408925624,-0.14011302561271777,0.9985815602836879,0.9830758544450577,0.7589558761895928
2009-10-16,1409,1407,1397,-0.13611669138931592,-0.11258135563190572,0.9985805535841022,0.9860724678267776,0.7656331184680627
2009-10-19,1397,1395,1386,-0.14195916350496304,-0.11046405886632017,0.9985683607730852,0.9781132581496651,0.7408972966003262
2009-10-20,1399,1397,1387,-0.09137371846523488,-0.09661549303219909,0.9985704074338814,0.9784164365506476,0.7382289387853009
2009-10-21,1402,1400,1391,-0.0836507968600455,-0.0981750705932666,0.9985734664764622,0.9747651482172064,0.735819398524032
2009-10-22,1405,1403,1394,-0.12371715734194524,-0.1247569093940772,0.998576512455516,0.9661731181169712,0.7411321774940446
2009-10-23,1408,1406,1397,-0.09231489073484898,-0.0742338266664429,0.9985795454545454,0.9787195134652238,0.7395769823784721
2009-10-26,1409,1407,1399,-0.07062292204483082,-0.05731250183519764,0.9985805535841022,0.9758862504083027,0.7410022471447301
2009-10-27,1415,1413,1406,-0.009387657384895337,-0.005058909902179983,0.9985865724381625,0.9699790724204673,0.7305777212966429
2009-10-28,1415,1413,1405,0.11304638077933184,0.1171283231594156,0.9985865724381625,0.9674483805794611,0.7196937267651612
2009-10-29,1411,1409,1403,0.011838149268176687,0.052457841454926865,0.9985825655563431,0.9773117440151052,0.686360410128803
2009-10-30,1408,1406,1400,0.049299680383438634,0.0711758322325663,0.9985795454545454,0.9832281654801983,0.7067227702827991
2009-11-02,1416,1414,1408,0.08036652741248382,0.10981444775789209,0.998587570621469,0.9719896099816182,0.6924744359245973
2009-11-03,1425,1423,1417,0.029965871870497086,0.07703215835024836,0.9985964912280701,0.985426076352718,0.6650946198994411
2009-11-04,1428,1426,1422,0.06330721061845287,0.09347921423492767,0.9985994397759104,0.9888789845374489,0.7033927312957062
2009-11-05,1439,1437,1433,0.050381197791896044,0.05575434882142734,0.9986101459346769,0.9846256003670486,0.7001697780865813
2009-11-06,1437,1435,1430,0.026400150476246068,0.04207617660751601,0.9986082115518441,0.9856020481115765,0.7302879500841066
2009-11-09,1435,1433,1429,-0.008595737921136885,-0.017320291366311424,0.9986062717770035,0.9862899008464905,0.740005691369236
2009-11-10,1438,1436,1432,-0.007258477635994971,-0.040376992175949866,0.9986091794158554,0.9837614283366607,0.742646091852012
2009-11-11,1448,1446,1442,-0.03703223086483749,-0.05934728198124124,0.9986187845303868,0.9868975898276342,0.744674534096116
2009-11-12,1440,1437,1433,0.019407957550652808,-0.025426993738356735,0.9979166666666667,0.9845700848335825,0.7596668306794679
2009-11-13,1441,1438,1433,0.04637782180244837,0.0018826673892587747,0.9979181124219292,0.9854081264495334,0.7623882244355432
2009-11-16,1444,1441,1436,0.027947153591395144,-0.019135600534332275,0.9979224376731302,0.9848768314666807,0.7615703294847418
2009-11-17,1446,1443,1438,0.06861445764699922,0.01740431023285721,0.9979253112033195,0.9846924148107568,0.7636866383190272
2009-11-18,1437,1434,1429,0.08129813758383571,0.019138322674320054,0.9979123173277662,0.976871126961763,0.7485013649401683
2009-11-19,1423,1420,1416,0.08518038732080724,0.018341704900186523,0.9978917779339423,0.9744005183659796,0.7430408935438547
2009-11-20,1420,1417,1414,0.13927677363796628,0.050188053880641466,0.997887323943662,0.9802649104415166,0.7577818312170707
2009-11-23,1409,1406,1401,0.14551543983189408,0.04621654421054022,0.9978708303761533,0.9762104288061823,0.7663505647403861
2009-11-24,1408,1405,1398,0.15614515775335913,0.06254264457680518,0.9978693181818182,0.976459515626379,0.7629523404219922
2009-11-25,1406,1403,1396,0.11871041642583559,0.027105239553885135,0.9978662873399715,0.9779013052118645,0.7652296063804352
2009-11-27,1385,1382,1376,0.14366439521087393,0.033324936552021345,0.9978339350180505,0.9792867571939631,0.7478441040953961
2009-11-30,1366,1363,1357,0.11894697847225776,0.027114916585603145,0.9978038067349927,0.9745657892689955,0.7762409833276982
2009-12-01,1365,1362,1356,0.05330078518050282,-0.03245874767066895,0.9978021978021978,0.9803600325492671,0.7588490614004807
2009-12-02,1365,1362,1356,0.025049776377407608,-0.05185290550970779,0.9978021978021978,0.9774060444011222,0.744566411292354
2009-12-03,1359,1356,1347,0.08013964128869451,-0.010492700698567555,0.9977924944812362,0.9816189610582364,0.7834689074631079
2009-12-04,1359,1356,1347,0.08797339664214954,0.007884574577111156,0.9977924944812362,0.9794533571477558,0.810545688626756
2009-12-07,1356,1353,1345,0.11437489688479677,0.03529939913624578,0.9977876106194691,0.986585530070005,0.838840076535729
2009-12-08,1346,1343,1335,0.14063873666970214,0.08620175715815658,0.9977711738484398,0.9824224409717103,0.8497024784251737
2009-12-09,1345,1342,1334,0.14241294643501848,0.1155654014660955,0.9977695167286246,0.9899605527942378,0.8343898270708543
2009-12-10,1333,1330,1322,0.12208667364593327,0.08122951113186873,0.9977494373593399,0.9817842589553604,0.813938498521245
2009-12-11,1338,1335,1327,0.11294914911974885,0.10884100290039589,0.9977578475336323,0.9886377916880678,0.8039807815642962
2009-12-14,1338,1335,1328,0.08470421138149897,0.08299039443858408,0.9977578475336323,0.9926075938619987,0.8031008530742987
2009-12-15,1340,1337,1330,0.06446856496675382,0.058223853249662345,0.9977611940298508,0.9907996657131742,0.7992306606028826
2009-12-16,1337,1334,1327,0.02219948161365602,0.01041585999123103,0.9977561705310396,0.9882477152063118,0.7992275277925435
2009-12-17,1344,1341,1334,0.046574288718342835,0.02148695707019871,0.9977678571428571,0.9904048643482485,0.8110179450974422
2009-12-18,1347,1344,1336,0.03227789386445028,0.003925164218635975,0.9977728285077951,0.9920690489978566,0.8154522843097762
2009-12-21,1380,1377,1370,-0.048403991903004345,-0.07273253794542299,0.9978260869565218,0.9908031936403511,0.8200585023686933
2009-12-22,1390,1387,1382,-0.10157549487641529,-0.1263124068648009,0.9978417266187051,0.9879674700606158,0.8107333988357307
2009-12-23,1388,1385,1380,-0.10982688213638075,-0.13028770436922044,0.9978386167146974,0.9870859769501261,0.804396872666925
2009-12-24,1391,1388,1383,-0.12502627156386276,-0.1334795883810809,0.9978432782171099,0.9915277819372332,0.7883249329195862
2009-12-28,1379,1376,1370,-0.1308186181354077,-0.14871326874885576,0.9978245105148659,0.9928789941465515,0.7641891609722153
2009-12-29,1382,1379,1373,-0.11261601053543739,-0.1297369231596773,0.9978292329956585,0.9907208468918315,0.7529383207815453
2009-12-30,1369,1366,1359,-0.1153077135147261,-0.11630659637378704,0.997808619430241,0.9928256348363914,0.7435103524172996
2009-12-31,1357,1354,1347,-0.061010557603313136,-0.0728785040394658,0.997789240972734,0.9911303244777115,0.6943059586617927
2010-01-04,1350,1347,1343,-0.09055448503695988,-0.1069225045184172,0.9977777777777778,0.9893421212354483,0.7201286643756839
2010-01-05,1349,1346,1342,-0.168589614149205,-0.16291586782988482,0.9977761304670126,0.9873207369987828,0.7654594083204355
2010-01-06,1352,1349,1345,-0.20874063318001604,-0.1697993464635082,0.9977810650887574,0.9894505054822806,0.750820262967757
2010-01-07,1369,1366,1361,-0.22854633085881657,-0.18781272020957815,0.997808619430241,0.9873317583006701,0.7409125756879438
2010-01-08,1372,1369,1363,-0.20808215244340966,-0.17184140718939547,0.9978134110787172,0.990477154656564,0.7466183451799089
2010-01-11,1377,1374,1368,-0.14985697676201787,-0.11398041499727112,0.9978213507625272,0.9863936759677364,0.750141056677952
2010-01-12,1372,1369,1363,-0.10786706104869614,-0.09052766616747483,0.9978134110787172,0.9877323367021392,0.752935012235621
2010-01-13,1382,1379,1373,-0.10473496175253795,-0.08591686992050904,0.9978292329956585,0.9834845991899057,0.7589864317487954
2010-01-14,1388,1385,1379,-0.08446380215582984,-0.08072041599023484,0.9978386167146974,0.987750763959324,0.7640204118186891
2010-01-15,1381,1378,1371,-0.011833134739986538,-0.031012186466920166,0.997827661115134,0.985183767183621,0.7691812143115808
2010-01-19,1385,1382,1375,-0.02922946142221595,-0.0427939981720314,0.9978339350180505,0.984756592816116,0.7725145490592414
2010-01-20,1385,1382,1376,0.013119724846909235,-0.010839282013016824,0.9978339350180505,0.98460864743357,0.7574771066271552
2010-01-21,1357,1354,1348,0.03624280683393335,0.02604390938508763,0.997789240972734,0.9816625567586726,0.7664577227881424
2010-01-22,1359,1355,1348,0.05790617115113411,0.0671602484948693,0.9970566593083149,0.9823092331760799,0.7445349663589288
2010-01-25,1365,1361,1354,0.0353022862749905,0.012185193692944215,0.9970695970695971,0.9829239905894681,0.7325441960596462
2010-01-26,1371,1367,1360,0.056018339880836654,0.029122438081411618,0.9970824215900802,0.9883613784011926,0.7443926642153945
2010-01-27,1387,1383,1378,0.08781919296607744,0.06148354559313688,0.9971160778658976,0.9839801506521059,0.7495368430227175
2010-01-28,1393,1389,1383,0.10451997301466551,0.09879559761603286,0.9971284996410624,0.9847329771751935,0.7399466540312293
2010-01-29,1388,1384,1377,0.1862975125460999,0.17594628159278602,0.9971181556195965,0.9786096789117423,0.7376935020410069
2010-02-01,1415,1411,1404,0.13477823203733863,0.1391254354797141,0.9971731448763251,0.9881628499696188,0.7074319317454867
2010-02-02,1418,1414,1407,0.11122150679105358,0.12966327868380093,0.997179125528914,0.9779758520497243,0.71253382774694
2010-02-03,1419,1415,1409,0.11535527948399468,0.13065511347334735,0.9971811134601832,0.9842606484974703,0.7130266081989725
2010-02-04,1399,1395,1389,0.21592706773052425,0.19506998493051114,0.9971408148677627,0.984752204549133,0.6851885839796981
2010-02-05,1396,1392,1386,0.21263263665096746,0.20002957972864197,0.997134670487106,0.9842788643998442,0.6623176816040803
2010-02-08,1391,1387,1382,0.22668524634303525,0.21749039256507863,0.9971243709561467,0.9790966319711714,0.6493654291116512
2010-02-09,1401,1397,1391,0.19266404144998373,0.21609954556001224,0.9971448965024983,0.9840170773161411,0.5904852803465903
2010-02-10,1401,1396,1389,0.17613000945485424,0.19457939477461828,0.9964311206281228,0.9880546916672115,0.6227948604851888
2010-02-11,1405,1400,1393,0.12905927596466585,0.1577059751549809,0.99644128113879,0.988595405722196,0.6394721560426079
2010-02-12,1406,1401,1392,0.07888228573239171,0.11987056946506114,0.9964438122332859,0.9866305399842253,0.662791080974529
2010-02-16,1410,1405,1396,0.027462667667584654,0.06572839756776118,0.9964539007092199,0.9895806994782084,0.6931417099397833
2010-02-17,1409,1404,1395,0.016836008189622297,0.04246936317332078,0.9964513839602555,0.9840505831128391,0.6851210489811799
2010-02-18,1403,1398,1389,-0.03329860168139406,-0.011941673157014752,0.9964362081254454,0.988824709686762,0.7029994465011864
2010-02-19,1402,1398,1390,-0.06199373317840204,-0.033830544475762975,0.9971469329529244,0.9790899362649671,0.7258042221190193
2010-02-22,1400,1396,1388,-0.07087643566143943,-0.043567721736380724,0.9971428571428571,0.9826639830752606,0.7321384017782279
2010-02-23,1391,1387,1379,-0.01750053657185708,-0.019859311848664418,0.9971243709561467,0.9881591639212272,0.7262438923049839
2010-02-24,1399,1395,1387,-0.015268061278911331,-0.008985906974433187,0.9971408148677627,0.98283111927897,0.6989203708720041
2010-02-25,1402,1398,1390,-0.028624515323358152,-0.002338029798664024,0.9971469329529244,0.9817195497547946,0.6849247311136046
2010-02-26,1397,1394,1387,-0.0549927047812641,-0.022015005717106188,0.9978525411596277,0.9808077219024874,0.7114693877903997
2010-03-01,1400,1397,1392,-0.0994638013695865,-0.06805482633745652,0.9978571428571429,0.9817435367585409,0.72043261032173
2010-03-02,1400,1397,1392,-0.10140409610663097,-0.09597914672433314,0.9978571428571429,0.9866582205161023,0.7176166488788152
2010-03-03,1409,1406,1401,-0.07749179646516215,-0.07382361168265043,0.9978708303761533,0.9797642480339,0.7222953401208353
2010-03-04,1410,1407,1402,-0.054268589823469604,-0.05717580527677981,0.997872340425532,0.9799672703233763,0.7262941114572523
2010-03-05,1417,1414,1410,-0.0576565866534991,-0.06050767860108946,0.9978828510938603,0.9747280411444098,0.7212290508018662
2010-03-08,1427,1424,1419,-0.07184354640306191,-0.06786990126603441,0.9978976874562018,0.9798384672429867,0.7350711879259689
2010-03-09,1423,1420,1415,-0.08549567680290082,-0.08918049207020545,0.9978917779339423,0.983929606881096,0.7375845343228414
2010-03-10,1427,1424,1419,-0.07121797792170192,-0.07354046541194825,0.9978976874562018,0.9817310717171366,0.7296372841381862
2010-03-11,1435,1434,1430,-0.0842954731619483,-0.08784704900209811,0.9993031358885017,0.9824720864748477,0.7434851287499067
2010-03-12,1434,1433,1428,-0.08912751335598283,-0.08065828324382676,0.999302649930265,0.9820698851339705,0.7319338337715529
2010-03-15,1435,1434,1431,-0.08478878520841039,-0.0815654620492865,0.9993031358885017,0.9853229366660117,0.72240462414372
2010-03-16,1437,1436,1433,-0.0780687995668071,-0.08522419878009378,0.9993041057759221,0.9874985274310631,0.7034405433445293
2010-03-17,1438,1437,1434,-0.08343081301378324,-0.08480213023472342,0.9993045897079277,0.9864317875142132,0.6978668295149719
2010-03-18,1441,1440,1436,-0.07776537687805726,-0.0775947191818312,0.9993060374739764,0.9803277197425738,0.6867072852732422
2010-03-19,1435,1434,1430,-0.04993938834474736,-0.05405436321633054,0.9993031358885017,0.9867846477224528,0.6888422944136435
2010-03-22,1454,1453,1449,-0.06523176508569042,-0.06710706604077572,0.9993122420907841,0.9856889166875532,0.6734699918864994
2010-03-23,1464,1463,1459,-0.0902547614038151,-0.07777841144234404,0.9993169398907104,0.9838731241469479,0.6693740009783671
2010-03-24,1462,1461,1455,-0.08875486447458382,-0.07078277088132637,0.9993160054719562,0.9841294862370426,0.6619321916730027
2010-03-25,1464,1463,1457,-0.0794068286718588,-0.058416399375751035,0.9993169398907104,0.9783420019598472,0.660000107482522
2010-03-26,1463,1462,1456,-0.0331518744280339,-0.016205259196081134,0.9993164730006835,0.9846606422544716,0.6845962659268174
2010-03-29,1459,1458,1452,-0.06687500601531313,-0.03735308436913955,0.9993145990404386,0.9837158492327841,0.6816956850827307
2010-03-30,1453,1451,1444,-0.05885434433144419,-0.05309344744592734,0.9986235375086029,0.9809313399904117,0.6817833293467624
2010-03-31,1448,1446,1437,-0.03972607838427834,-0.030348352024282876,0.9986187845303868,0.9836582735753725,0.6903228226585044
2010-04-01,1449,1447,1439,-0.06622273003507181,-0.06106189248251423,0.9986197377501725,0.980098643796467,0.684211432272278
2010-04-05,1451,1449,1441,-0.07870602305181017,-0.0745189946173785,0.9986216402481047,0.9870064928804259,0.6909060531984723
2010-04-06,1443,1441,1434,-0.10264266935203505,-0.07221773538869813,0.9986139986139986,0.9890621150866714,0.7004361615701975
2010-04-07,1444,1442,1435,-0.09968849744963437,-0.05534799002326155,0.9986149584487535,0.9904841250997793,0.6952937616884032
2010-04-08,1443,1441,1435,-0.1277892573848578,-0.08553219756906937,0.9986139986139986,0.98466027168144,0.6860753195123372
2010-04-09,1441,1440,1434,-0.14708201136570034,-0.09388880998143596,0.9993060374739764,0.9853452555284472,0.6980642812845533
2010-04-12,1443,1442,1437,-0.08447963855699371,-0.047874008919721066,0.9993069993069993,0.9878726337772369,0.7033664576154789
2010-04-13,1437,1436,1431,-0.07004910380624546,-0.040076814721066084,0.9993041057759221,0.9864110414086753,0.7081679424675285
2010-04-14,1440,1439,1435,-0.03342619970056774,0.005572760597847547,0.9993055555555556,0.9870013610974641,0.7039595507037917
2010-04-15,1447,1446,1441,-0.03265856175837763,0.002459753060990616,0.9993089149965446,0.9837587563160275,0.6872872718738195
2010-04-16,1445,1444,1439,-0.05606802923710487,-0.024913041496197125,0.9993079584775086,0.9805223949015031,0.6972601433630802
2010-04-19,1454,1453,1447,-0.04373233271297089,-0.01691211556881568,0.9993122420907841,0.9837156035499129,0.6787774628325461
2010-04-20,1447,1446,1440,-0.055469380903024786,-0.023923409653137256,0.9993089149965446,0.9795088114414714,0.6740722351810063
2010-04-21,1449,1448,1442,-0.07361470655508266,-0.0511710222671458,0.9993098688750862,0.9759216551340213,0.6876535989573044
2010-04-22,1451,1450,1445,-0.1446229188825766,-0.12636502328712854,0.9993108201240524,0.9768458196577773,0.7148298952200887
2010-04-23,1463,1462,1456,-0.14787165222095702,-0.14447766994307526,0.9993164730006835,0.9762399115266439,0.7301240534541146
2010-04-26,1468,1467,1461,-0.09430660671345097,-0.07653685784099583,0.9993188010899182,0.9795131826206542,0.7132167995113919
2010-04-27,1469,1468,1461,-0.07709829308575569,-0.07956590830129091,0.9993192648059904,0.9864620717806264,0.7488416031011927
2010-04-28,1484,1483,1477,-0.07948406423755702,-0.05902323736206407,0.9993261455525606,0.9835856502453224,0.7499192978155773
2010-04-29,1486,1485,1481,-0.03470140321147749,-0.021798897203143493,0.9993270524899058,0.9803976962081801,0.7282960081093534
2010-04-30,1496,1496,1492,-0.00017319510802998663,0.011670619165792135,1.0,0.9783012492938418,0.7356520920920908
2010-05-03,1511,1511,1507,-0.03606633969513659,-0.025066403107724202,1.0,0.9835280728221791,0.7239598433062526
2010-05-04,1512,1512,1507,0.011464916744839,0.0012140216878761176,1.0,0.9862662355542439,0.7481355056107443
2010-05-05,1519,1519,1514,0.05006728946107182,0.01858929626051729,1.0,0.9863332266523929,0.7331918638402151
2010-05-06,1519,1519,1513,0.030389247123643482,0.004525373000788465,1.0,0.9866726787489274,0.7375497020789759
2010-05-07,1525,1525,1518,-0.00965456651175024,-0.0030419795997825173,1.0,0.9850644672513228,0.7402140459185241
2010-05-10,1553,1553,1546,-0.11684229428209078,-0.11480297898703856,1.0,0.9895904881340174,0.7441766605864023
2010-05-11,1563,1563,1555,-0.12376318482272781,-0.12082686675798007,1.0,0.9882171375740129,0.7541635043601084
2010-05-12,1564,1564,1556,-0.1454196732665239,-0.12729182237889364,1.0,0.9841327332431662,0.7506333787084262
2010-05-13,1566,1566,1559,-0.11525320187709395,-0.10250783934348061,1.0,0.9895394488934892,0.7645104348019119
2010-05-14,1565,1565,1559,-0.01957783872955013,-0.009760265285146041,1.0,0.9903416443124953,0.7574058723728598
2010-05-17,1561,1561,1556,0.006055733511312047,0.015966643106471834,1.0,0.990173290998191,0.7436312409526737
2010-05-18,1566,1566,1561,0.05556668428458194,0.05489020863555047,1.0,0.9884296145009706,0.7348361003066791
2010-05-19,1563,1563,1557,0.05537272599071585,0.04791005281265907,1.0,0.9852950554698748,0.7078597444489804
2010-05-20,1548,1548,1542,0.13009449047874938,0.09963027718508147,1.0,0.9879702829918506,0.7079739333962226
2010-05-21,1559,1559,1554,0.011163533381562467,-0.0037090044585138095,1.0,0.9894435300711728,0.6900833983688442
2010-05-24,1564,1564,1559,-0.018879500025284136,-0.034521575984989644,1.0,0.9886106335704569,0.7090952233563653
2010-05-25,1554,1554,1550,-0.04706473967708083,-0.05680181156531855,1.0,0.9800940656597242,0.7038520410527066
2010-05-26,1553,1553,1549,-0.10459044049509587,-0.12016817632426113,1.0,0.9867309121991048,0.7535771630376219
2010-05-27,1568,1568,1564,-0.12787439362773348,-0.13582074699792335,1.0,0.9810453887958428,0.7766379070847252
2010-05-28,1565,1565,1560,-0.14327346233124288,-0.12372025009998598,1.0,0.9768027577352171,0.796988038920149
2010-06-01,1543,1543,1539,-0.16286416230882755,-0.14616810247499448,1.0,0.9881214146751125,0.7876815419600589
2010-06-02,1548,1548,1545,-0.20297411040141392,-0.19271799106456924,1.0,0.9875672344838594,0.745937798717655
2010-06-03,1548,1548,1544,-0.1937315555971651,-0.16880836122703066,1.0,0.9833817805285426,0.7644965413015014
2010-06-04,1534,1534,1530,-0.15703463390823205,-0.13894234818399476,1.0,0.9855125304687881,0.7704556760357029
2010-06-07,1508,1508,1504,-0.12061911138162465,-0.127519245808941,1.0,0.9833837285208368,0.7611170639261421
2010-06-08,1491,1491,1487,-0.037342886226098326,-0.07904765000341249,1.0,0.986153284425921,0.7629143695245911
2010-06-09,1482,1482,1478,-0.04180459468611593,-0.09700388030923239,1.0,0.9878274433359137,0.7464641011139782
2010-06-10,1488,1488,1484,-0.03871824013970159,-0.10369401870311476,1.0,0.9886627969473494,0.7399537320067185
2010-06-11,1487,1487,1483,-0.07539038243851613,-0.13123118938513598,1.0,0.986870472642218,0.7653051225761711
2010-06-14,1480,1480,1473,-0.034440018151029206,-0.09411163598900878,1.0,0.9865893509826182,0.765724003229501
2010-06-15,1475,1475,1468,-0.040449140355287724,-0.09846461730866687,1.0,0.9845170991212144,0.7792610120279481
2010-06-16,1473,1473,1466,-0.08053514811249489,-0.1289173326959061,1.0,0.9893527566726457,0.7828210812447017
2010-06-17,1467,1467,1461,-0.12020511191384219,-0.14711097880961851,1.0,0.9860742183984815,0.7753472434724292
2010-06-18,1452,1452,1445,-0.12462519486187015,-0.15476223098736155,1.0,0.9890493749247818,0.7749731484861208
2010-06-21,1439,1439,1432,-0.09781485974169538,-0.11993510068776964,1.0,0.9870334460330924,0.7643716119352366
2010-06-22,1430,1430,1423,-0.09633449480863035,-0.12823728644211105,1.0,0.9913901867847363,0.7555726210947736
2010-06-23,1428,1428,1420,-0.06843331761701978,-0.11935251832179665,1.0,0.9902418577679684,0.7588699009498497
2010-06-24,1429,1429,1421,-0.03759200185050678,-0.08354181123824125,1.0,0.9919441511446491,0.7498952438805925
2010-06-25,1418,1418,1409,-0.016243334195222225,-0.04210991048839018,1.0,0.9897358721167613,0.7615072736225811
2010-06-28,1448,1446,1438,-0.042686629081139016,-0.08041235825348163,0.9986187845303868,0.9838112901511056,0.7595756589418635
2010-06-29,1436,1434,1424,-0.01569517589972253,-0.04331615892162682,0.9986072423398329,0.9836349168141733,0.7644813450308844
2010-06-30,1433,1431,1421,-0.008281004981561962,-0.0477224177305942,0.9986043265875785,0.9848879088602791,0.7504115783650298
2010-07-01,1430,1428,1417,0.0007731370668532366,-0.041137262048504784,0.9986013986013986,0.9886484812604022,0.7790922065535791
2010-07-02,1431,1429,1418,0.008090086185131108,-0.04167604121111221,0.9986023759608665,0.9859092920484687,0.7732305158195426
2010-07-06,1422,1419,1408,0.00366832754617748,-0.043907004248572135,0.9978902953586498,0.9886633512634999,0.7688706785056341
2010-07-07,1432,1429,1418,-0.03351789482421939,-0.06475505203674364,0.9979050279329609,0.9891183615609479,0.7522412549828641
2010-07-08,1433,1430,1418,-0.039108835616207184,-0.0693235537833149,0.9979064898813678,0.9875415342876356,0.7712560015320248
2010-07-09,1438,1434,1422,-0.04801779072600489,-0.06655846809227893,0.9972183588317107,0.9873545769075829,0.7787174406040522
2010-07-12,1433,1429,1417,-0.023310913082876344,-0.039917370407696336,0.9972086531751571,0.990999831493765,0.7825047890060359
2010-07-13,1432,1428,1418,-0.04024490562475655,-0.06917719883210073,0.9972067039106145,0.9895686072547001,0.7735229323378333
2010-07-14,1438,1434,1423,-0.03611207728650739,-0.05306907411573508,0.9972183588317107,0.9796223574918538,0.7786777666571917
2010-07-15,1428,1424,1414,0.01910495281341217,-0.010335234612146962,0.9971988795518207,0.985892015322822,0.7715848376251903
2010-07-16,1423,1420,1410,0.023565801925718503,-0.008142740612053863,0.9978917779339423,0.9901041257708908,0.7688026210726089
2010-07-19,1431,1428,1419,0.04412039893889342,0.008340571433082124,0.9979035639412998,0.9882750434214024,0.7605307571854644
2010-07-20,1422,1419,1410,0.042850233648785305,0.03157209742530473,0.9978902953586498,0.9865020700458018,0.744399874508594
2010-07-21,1417,1415,1405,0.05495228564122119,0.03658277840709015,0.9985885673959068,0.985502213215073,0.7646170668884096
2010-07-22,1416,1414,1405,0.027878044869324405,0.020255920911473293,0.998587570621469,0.985371223331426,0.760465127248045
2010-07-23,1428,1426,1417,0.01884407936306897,-0.0006346486746316265,0.9985994397759104,0.9805227632724558,0.7452812580517167
2010-07-26,1442,1440,1432,0.015567090825362818,0.008068721080342213,0.9986130374479889,0.9853707905082116,0.7651298977888121
2010-07-27,1388,1387,1380,0.027928148965586045,0.01523308837111817,0.9992795389048992,0.988919779690611,0.776253155811739
2010-07-28,1393,1392,1386,0.0017873061879901668,-0.013579071785365169,0.9992821249102656,0.9861824299459745,0.763225175125699
2010-07-29,1388,1387,1381,-0.0021617263339133116,0.0032090874923728302,0.9992795389048992,0.9856755580258977,0.7620611546363217
2010-07-30,1384,1383,1377,0.012431467472795662,0.02295034566670705,0.9992774566473989,0.986844068376422,0.7668259176284248
2010-08-02,1383,1382,1375,0.044300056595195765,0.04913128594772775,0.9992769342010123,0.9875596121031598,0.7740375886861063
2010-08-03,1392,1391,1384,0.0835849492764179,0.10847165261734798,0.9992816091954023,0.9827444123376166,0.7780884415501372
2010-08-04,1382,1381,1376,0.10263131854048561,0.11938033319975946,0.9992764109985528,0.9829865977364276,0.7752509185572378
2010-08-05,1381,1380,1377,0.06671109801607361,0.08659714321704902,0.999275887038378,0.9891479048678381,0.7820631182338269
2010-08-06,1381,1380,1377,0.0694237421749883,0.09709868184624831,0.999275887038378,0.9878328516348477,0.7699653201694134
2010-08-09,1389,1388,1385,0.07954773217503092,0.10869342950893779,0.9992800575953924,0.986151396599227,0.7508657533058682
2010-08-10,1396,1395,1391,0.08416919206403282,0.09974009389132017,0.9992836676217765,0.9841877900613203,0.7431666107249766
2010-08-11,1386,1385,1382,0.045403671067907325,0.056157662830837014,0.9992784992784993,0.9894896667770997,0.7307198919581559
2010-08-12,1393,1392,1389,0.017244534052524775,0.02705684998561849,0.9992821249102656,0.9852007420231418,0.7220466309137332
2010-08-13,1389,1388,1384,0.01197229935995719,0.005111277459046367,0.9992800575953924,0.9867594830508514,0.7212001063111676
2010-08-16,1385,1384,1380,-0.03349100166275502,-0.03290419798536409,0.9992779783393502,0.9860828387641059,0.7328173362553758
2010-08-17,1389,1388,1382,-0.03295402449555578,-0.006100048920148231,0.9992800575953924,0.9856624539928922,0.7421382160983286
2010-08-18,1390,1389,1383,-0.006528307866023089,0.03326622248652906,0.9992805755395684,0.9822488666919137,0.7342375452537016
2010-08-19,1386,1385,1379,0.005107182490082801,0.02494102300675883,0.9992784992784993,0.9778600034362883,0.756528540468785
2010-08-20,1378,1377,1371,-0.014384327011026439,-0.012363045263056397,0.9992743105950653,0.9775070272380046,0.748315622609626
2010-08-23,1368,1367,1361,0.0209579014679819,0.016116489807218776,0.9992690058479532,0.9881215733204378,0.7506382253583873
2010-08-24,1360,1359,1353,0.007503507984145682,-0.004676303684732606,0.9992647058823529,0.9818716043980216,0.7298776681485024
2010-08-25,1354,1353,1348,-0.010346850095845996,-0.0411276706107784,0.9992614475627769,0.9877301342536834,0.7430492519193512
2010-08-26,1349,1348,1343,-0.03575573609733232,-0.0844229608782128,0.9992587101556709,0.9809656751313356,0.7558611143315208
2010-08-27,1348,1347,1342,-0.026723158551083048,-0.06095896916709633,0.9992581602373887,0.9887472329545149,0.754995124944106
2010-08-30,1341,1340,1334,-0.03897008617160151,-0.07220471543099968,0.9992542878448919,0.9894039118918284,0.7569140676167792
2010-08-31,1338,1337,1331,-0.06562736705015833,-0.10378189773579087,0.9992526158445441,0.9861938899399187,0.734801136821028
2010-09-01,1353,1352,1346,-0.09824449200118601,-0.12243580423020325,0.9992609016999261,0.9856158834656729,0.7596982230076424
2010-09-02,1353,1352,1343,-0.07191347975884281,-0.09243644966900395,0.9992609016999261,0.9809548547134443,0.7771514455157335
2010-09-03,1351,1350,1340,-0.01875879657176539,-0.012427205412756758,0.999259807549963,0.985861904363742,0.798684484780607
2010-09-07,1352,1351,1341,-0.032129739806308025,-0.040659747502199674,0.9992603550295858,0.9900745040873503,0.8253794718977481
2010-09-08,1359,1358,1347,-0.06787272560682657,-0.06135952665311889,0.9992641648270787,0.9872675315901995,0.814031992776264
2010-09-09,1359,1358,1347,-0.05661414477359573,-0.04952880555227882,0.9992641648270787,0.9877380346644323,0.8326010962980507
2010-09-10,1341,1340,1329,-0.052390339213680366,-0.06285567770496443,0.9992542878448919,0.9886534237221608,0.8327952945800186
2010-09-13,1334,1333,1323,-0.061656238482974975,-0.07468161121386498,0.9992503748125937,0.988834099745567,0.8423466577827355
2010-09-14,1339,1338,1329,-0.10052239436868643,-0.11539690389726445,0.9992531740104555,0.9916720207725966,0.8387096608088639
2010-09-15,1344,1343,1333,-0.08970801933113222,-0.10303569145659822,0.9992559523809523,0.9883484513623775,0.8377118186564882
2010-09-16,1345,1344,1335,-0.02139123061250292,-0.033884964938641945,0.9992565055762082,0.9926021751293855,0.8321412872061491
2010-09-17,1349,1348,1339,-0.020772372475889575,-0.04778289252138663,0.9992587101556709,0.9872705563325211,0.8257187869875046
2010-09-20,1362,1361,1351,-0.049804340632698174,-0.07168946371816058,0.9992657856093979,0.9933650456980769,0.8398485865767676
2010-09-21,1366,1365,1355,-0.06640531003915695,-0.05526824022897053,0.9992679355783309,0.9923067964415804,0.8333659416224102
2010-09-22,1366,1365,1354,-0.06719650171448589,-0.07970949831695164,0.9992679355783309,0.9901660349032776,0.8260798363259865
2010-09-23,1364,1363,1352,-0.07997019453336546,-0.08610993066465693,0.999266862170088,0.9909840718712151,0.8044983567617422
2010-09-24,1365,1364,1352,-0.061927194610535176,-0.06413836190542682,0.9992673992673993,0.9923239822975545,0.8034576803492438
2010-09-27,1373,1372,1360,-0.08175778447363803,-0.08525476571503507,0.9992716678805535,0.987957316036789,0.7879504190447392
2010-09-28,1369,1368,1358,-0.03191249615474678,-0.03963848834337959,0.9992695398100804,0.9905747077112984,0.7957891938131227
2010-09-29,1373,1372,1363,-0.0006751169257424782,-0.007027788184531341,0.9992716678805535,0.9928639178029008,0.7792507723432968
2010-09-30,1374,1373,1365,0.04765055066820937,0.04269056877095556,0.9992721979621543,0.9917399201081493,0.7557495213138616
2010-10-01,1376,1374,1369,0.06287216561314876,0.052452986154745994,0.998546511627907,0.9904178404890439,0.7832466803729359
2010-10-04,1377,1375,1371,0.03728169780453954,0.014303474565428204,0.9985475671750181,0.9918261965123533,0.7727184006615266
2010-10-05,1385,1383,1379,0.03539837746180299,0.0065925142679426054,0.9985559566787003,0.9907987719420175,0.7877369528172244
2010-10-06,1386,1384,1378,0.07567643196134216,0.022617766348646713,0.9985569985569985,0.9916342664691433,0.7711436988657825
2010-10-07,1386,1384,1378,0.03658600461317224,-0.024610474020887285,0.9985569985569985,0.992780681889128,0.7550410010152974
2010-10-08,1386,1384,1378,0.04065235562710167,-0.027928168116451456,0.9985569985569985,0.9916041090279387,0.7407787767950721
2010-10-11,1388,1386,1381,0.0441683239514033,-0.023640007831155538,0.9985590778097982,0.9897180215691671,0.7079342458135859
2010-10-12,1383,1381,1375,0.059210033260904626,0.002451531153930541,0.9985538684020245,0.9859869413809034,0.7136953522922066
2010-10-13,1388,1386,1381,0.04556120143524087,-0.009246903839593265,0.9985590778097982,0.9881845656206516,0.6885055215084748
2010-10-14,1392,1390,1383,-0.03473892506871187,-0.06772136812495241,0.9985632183908046,0.989770708392589,0.6947893064234937
2010-10-15,1403,1400,1393,-0.03336853988349024,-0.06213817903932013,0.9978617248752673,0.9865315961985244,0.6779802188189792
2010-10-18,1396,1393,1387,0.008334564694654595,-0.020005440116851254,0.9978510028653295,0.98493908262801,0.7082576652834355
2010-10-19,1388,1385,1377,0.022561740670003952,-0.023907985804328687,0.9978386167146974,0.9827271163634437,0.7214688854132643
2010-10-20,1394,1390,1382,0.01765423029487565,-0.041462127939204604,0.9971305595408895,0.9797234273279815,0.7604925925697353
2010-10-21,1396,1392,1383,0.027180289499420602,-0.032413648957361214,0.997134670487106,0.9881368715265939,0.7520018156119439
2010-10-22,1397,1393,1384,0.01527042187612656,-0.036663088983988144,0.9971367215461704,0.9815007568609374,0.6998554634780961
2010-10-25,1397,1393,1385,0.062414250578264746,-0.010362794068266764,0.9971367215461704,0.9769968150172563,0.7450068878926649
2010-10-26,1394,1390,1381,0.041990701702832124,-0.004969539005711037,0.9971305595408895,0.9837196355650358,0.7678762077177819
2010-10-27,1395,1391,1382,0.04163965704212541,-0.006630760338887803,0.9971326164874552,0.9822966938682359,0.766770597135324
2010-10-28,1399,1396,1386,0.08551110282809826,0.05686775845521593,0.997855611150822,0.9789888841211992,0.769903061326654
2010-10-29,1401,1399,1389,0.049085868594936286,0.0021316567226621506,0.9985724482512491,0.9874522234133956,0.7396352420090546
2010-11-01,1397,1395,1384,0.03782141360511565,0.007338506012765462,0.9985683607730852,0.9868802434182073,0.7346239259021019
2010-11-02,1404,1402,1391,0.012556230665465228,-0.027294573275661746,0.9985754985754985,0.9877846274420023,0.7169718286489525
2010-11-03,1406,1404,1392,0.006859299954095956,-0.02022581343857246,0.9985775248933144,0.9857030133228314,0.7306016119260758
2010-11-04,1416,1414,1402,0.06027172133351172,0.03757925329274802,0.998587570621469,0.9877555504845991,0.7401810830144979
2010-11-05,1435,1433,1420,0.08667915527063548,0.07759794271099382,0.9986062717770035,0.9859020902531941,0.7336464944115454
2010-11-08,1440,1438,1426,0.0763381651578512,0.08028589298675161,0.9986111111111111,0.9887232983958304,0.7289974206854676
2010-11-09,1443,1441,1429,0.05620683690176348,0.04442719837277949,0.9986139986139986,0.9837775733643567,0.730689605108066
2010-11-10,1454,1452,1440,0.053980204343984386,0.046679452809663645,0.9986244841815681,0.9846686474230515,0.7445216442477671
2010-11-11,1457,1455,1444,0.03318916943158308,0.010919777628936256,0.9986273164035689,0.9895293763819051,0.7440359569194006
2010-11-12,1456,1454,1442,0.04643957275671165,0.04008290178897093,0.9986263736263736,0.9861379490611046,0.7497762614530223
2010-11-15,1446,1444,1433,-0.007863078316568916,-0.0021526079047196746,0.9986168741355463,0.9890705231732427,0.7571993363572014
2010-11-16,1440,1438,1429,0.0025443202079612477,-0.005402591480886473,0.9986111111111111,0.975079364480152,0.7556763766756913
2010-11-17,1442,1439,1431,-0.05887653636647076,-0.07668145482523037,0.9979195561719834,0.9825631354171935,0.7350122634298978
2010-11-18,1451,1448,1441,-0.07221398378859155,-0.1190941438931156,0.9979324603721571,0.981687027414457,0.7514701428050135
2010-11-19,1457,1453,1446,-0.0588908979713674,-0.12183886458491651,0.997254632807138,0.9855603200223931,0.7570507391079168
2010-11-22,1457,1453,1445,-0.08029770493407312,-0.14864498833068307,0.997254632807138,0.9850802815776474,0.746272397723452
2010-11-23,1463,1459,1452,-0.11078566776264125,-0.1806547103374584,0.9972658920027341,0.9794180243288091,0.7452608362984353
2010-11-24,1459,1455,1446,-0.11933419571910094,-0.187193591306583,0.9972583961617546,0.9825355929336393,0.7655339654085199
2010-11-26,1456,1452,1444,-0.12513194116033907,-0.17963616975397184,0.9972527472527473,0.9848874812202194,0.7669934012426964
2010-11-29,1430,1426,1418,-0.13068021882140282,-0.1894278206801852,0.9972027972027973,0.983811518205934,0.776604979690203
2010-11-30,1435,1431,1424,-0.13519610510589347,-0.18888931647143475,0.997212543554007,0.9870315553287883,0.7772139220670289
2010-12-01,1437,1433,1426,-0.15047385573609445,-0.21577376776815346,0.9972164231036882,0.9853193683132624,0.7745885361881368
2010-12-02,1444,1440,1434,-0.1457454205563182,-0.21942801888083027,0.997229916897507,0.9881754103467572,0.770031270241073
2010-12-03,1445,1441,1435,-0.13036001219865398,-0.20245624680429736,0.9972318339100346,0.985793230603407,0.7742894127825154
2010-12-06,1434,1430,1425,-0.1459130923001775,-0.21807377644040848,0.99721059972106,0.9825397813497833,0.7833379921313786
2010-12-07,1431,1427,1423,-0.11775078107425657,-0.19072711872419482,0.9972047519217331,0.989552724044273,0.7965099447913001
2010-12-08,1431,1427,1422,-0.09008724334645642,-0.15807060226367123,0.9972047519217331,0.9874520281562481,0.7934117015457605
2010-12-09,1430,1426,1421,-0.101211445576293,-0.15607932477741596,0.9972027972027973,0.989140842605234,0.7872269185195822
2010-12-10,1425,1421,1417,-0.07122115739272325,-0.11949349675957681,0.9971929824561403,0.9866892897653747,0.8031002049286133
2010-12-13,1426,1423,1420,-0.02191968310389092,-0.08098369950799746,0.9978962131837307,0.9905431846921264,0.8036088954654768
2010-12-14,1429,1426,1424,0.010421184435561932,-0.0725531055445053,0.9979006298110566,0.9904906139271926,0.7968202444265811
2010-12-15,1435,1432,1429,0.024854541238779174,-0.042304569015967956,0.9979094076655052,0.9878033769573699,0.7876897281508588
2010-12-16,1436,1433,1428,-0.04040476087939853,-0.08926940616030175,0.9979108635097493,0.9894931257836141,0.7792727535504939
2010-12-17,1449,1446,1440,-0.028601761582504666,-0.06861719647820204,0.9979296066252588,0.9830009266121719,0.7843673997058598
2010-12-20,1482,1479,1474,-0.02730145028831173,-0.04959922301259298,0.9979757085020243,0.9918290103395057,0.788839267500457
2010-12-21,1479,1476,1472,-0.1236664541352087,-0.1536074247036895,0.9979716024340771,0.9873771137567598,0.7869575638001994
2010-12-22,1483,1481,1477,-0.07387756761858949,-0.10009567325264117,0.9986513823331086,0.9911522051608304,0.7937702072277115
2010-12-23,1484,1482,1478,-0.07903366528680042,-0.10417793575625924,0.9986522911051213,0.989940223947505,0.7867542407027982
2010-12-27,1480,1478,1474,-0.09856269007707358,-0.12032124922008812,0.9986486486486487,0.9911850988787145,0.7975651198368485
2010-12-28,1487,1485,1481,-0.003836558218008874,-0.026419654611842553,0.9986550100874243,0.9938531004894995,0.7836009502495145
2010-12-29,1485,1483,1479,-0.028699795588483106,-0.047266114291890676,0.9986531986531987,0.9926855490495547,0.7757464773887919
2010-12-30,1463,1461,1456,-0.043896504632515425,-0.05913730327155594,0.9986329460013671,0.9912972539155183,0.7689721273372112
2010-12-31,1450,1448,1443,0.013728331632222738,0.0013204543904084915,0.9986206896551724,0.988618773278464,0.7817404837746185
2011-01-03,1445,1443,1437,0.05279126790609411,0.029739738105219102,0.9986159169550173,0.9913277430144092,0.7787886961887077
2011-01-04,1452,1450,1444,0.10055477655831428,0.07249925367035656,0.9986225895316805,0.991913814711123,0.7779221128638031
2011-01-05,1466,1464,1458,0.07434239112814967,0.05071473644430969,0.9986357435197817,0.9879820862468434,0.7807405001775777
2011-01-06,1466,1464,1459,0.09397960900972696,0.07677134457554717,0.9986357435197817,0.9889414062790053,0.7826774452889571
2011-01-07,1469,1467,1462,0.08426392961220948,0.09054375416939442,0.998638529611981,0.9885943930938669,0.775587031524921
2011-01-10,1467,1465,1460,0.030806824109666,0.038532670891534775,0.9986366734832992,0.984982295212438,0.7720533055518298
2011-01-11,1478,1475,1470,0.00134659233527209,0.01612823257017284,0.9979702300405954,0.9842707093257514,0.7966855424511152
2011-01-12,1481,1477,1472,0.012920113383787775,0.038654038287857406,0.9972991222147198,0.9809144116221736,0.7815487906998022
2011-01-13,1479,1475,1471,0.03554181970167179,0.06630833650517566,0.9972954699121027,0.9908368722159638,0.7542651221708854
2011-01-14,1468,1464,1462,0.11239395667838345,0.12490345987789687,0.997275204359673,0.9863009988389272,0.7423243835819248
2011-01-18,1474,1470,1468,0.09702548209374158,0.11080735843401651,0.9972862957937585,0.9868653937897538,0.7464933462542859
2011-01-19,1435,1431,1429,0.14185107600563207,0.15892906747473956,0.997212543554007,0.9837089138759905,0.7640667169832203
2011-01-20,1439,1435,1433,0.22178435913581082,0.23742735380585178,0.9972202918693537,0.9881322388337641,0.7792536981832106
2011-01-21,1440,1436,1432,0.2275554246307814,0.23995090991791312,0.9972222222222222,0.9913621558349047,0.7935169608455581
2011-01-24,1442,1438,1434,0.1794543615224943,0.1652164116323605,0.9972260748959778,0.9874022944086583,0.7694054716956119
2011-01-25,1449,1445,1440,0.18145827132745498,0.14409583289729497,0.9972394755003451,0.9882072158419022,0.7629907081263639
2011-01-26,1458,1454,1449,0.11784986260080352,0.09098523350794926,0.9972565157750343,0.9871593199303302,0.7685082585025033
2011-01-27,1474,1470,1465,0.16650075984645818,0.1424786287730099,0.9972862957937585,0.9874911106661289,0.7774232078017393
2011-01-28,1478,1474,1467,0.17775247269618352,0.15401946183558524,0.9972936400541272,0.9928741744504536,0.785815808075633
2011-01-31,1495,1491,1481,0.11109430826124231,0.0938562012356391,0.9973244147157191,0.9889166998865642,0.7779622946354596
2011-02-01,1503,1499,1490,0.10578206371794222,0.09135492298062584,0.9973386560212908,0.9832848877264877,0.7839164966552433
2011-02-02,1502,1498,1489,0.1149740997910324,0.11491980011896363,0.9973368841544608,0.9887080408039554,0.8080257884697679
2011-02-03,1502,1498,1489,0.1514753560602985,0.1344888858775431,0.9973368841544608,0.9887817690247872,0.80629100092628
2011-02-04,1498,1494,1482,0.09681694093038087,0.07306527101099,0.9973297730307076,0.9884564476239508,0.7943562159264241
2011-02-07,1489,1485,1472,0.025410529054194622,0.03269256573093573,0.9973136333109469,0.9886927007595208,0.8040437129465479
2011-02-08,1495,1491,1478,-0.05793757331966254,-0.040500606474341526,0.9973244147157191,0.9876102300423668,0.8131002579294345
2011-02-09,1494,1490,1478,-0.08778545988562038,-0.08045179654288426,0.9973226238286479,0.9884050477480707,0.8186188005122056
2011-02-10,1501,1496,1484,-0.09563965792073112,-0.11462605766604587,0.9966688874083944,0.9906437350659015,0.8170330545051344
2011-02-11,1501,1496,1482,-0.10328295697087327,-0.11953315289029236,0.9966688874083944,0.9933487572855847,0.8196408028539331
2011-02-14,1499,1494,1480,-0.1578629519561641,-0.18435912139073035,0.9966644429619747,0.9900317462147096,0.8273220021938757
2011-02-15,1497,1492,1478,-0.14505758837775926,-0.1623997658668872,0.9966599866399466,0.9908649924896668,0.8337399122651334
2011-02-16,1500,1495,1481,-0.12196579006749697,-0.15132396650751667,0.9966666666666667,0.9915441400072685,0.8384132700738048
2011-02-17,1496,1491,1477,-0.13832142575480516,-0.16725633615567473,0.9966577540106952,0.9866090143409493,0.8322697152419196
2011-02-18,1494,1489,1476,-0.01957481214422457,-0.04828098549165318,0.9966532797858099,0.9863213367626846,0.8258000397866322
2011-02-22,1497,1493,1480,0.04458831331537165,0.01184951827177142,0.9973279893119572,0.9868568901999072,0.8211293923956156
2011-02-23,1506,1501,1489,0.09118751694008609,0.059142105250148964,0.9966799468791501,0.9882518580511366,0.7953829890129366
2011-02-24,1520,1515,1504,0.08550434864079831,0.07142202835440264,0.9967105263157895,0.9844426401797525,0.785568640927295
2011-02-25,1528,1524,1513,0.03398851920771485,0.04309016488511344,0.9973821989528796,0.9889516037125813,0.79528691401568
2011-02-28,1533,1528,1519,0.041819983111753764,0.03871683658062182,0.9967384213959556,0.9843847342005461,0.8041365199832325
2011-03-01,1526,1521,1514,0.08622163176481952,0.09262236147908127,0.9967234600262124,0.9889125419472865,0.8063183432865876
2011-03-02,1533,1527,1521,0.06828976279523234,0.04837734064885703,0.9960861056751468,0.9888073298677805,0.8052220412085742
2011-03-03,1533,1528,1521,0.01694297435436561,0.0051564424906552645,0.9967384213959556,0.989140557751974,0.8168814173240202
2011-03-04,1539,1534,1526,-0.025972114725327042,-0.02211131966733942,0.9967511371020142,0.9865932256899158,0.8216847217533104
2011-03-07,1534,1529,1522,0.025389488274373862,0.03510565900395682,0.9967405475880052,0.9856448881827982,0.8259697614464429
2011-03-08,1538,1533,1528,0.07450452814899171,0.09341136724539764,0.9967490247074122,0.9907210593811362,0.8182515188546037
2011-03-09,1537,1532,1528,0.08423663480375812,0.09994950414722202,0.9967469095640858,0.9920640314007372,0.8131351941767154
2011-03-10,1538,1534,1531,0.15809561769889102,0.185003756726755,0.9973992197659298,0.9869825160118777,0.8101318894496731
2011-03-11,1543,1539,1536,0.1209639154530523,0.12851603974916162,0.9974076474400518,0.98729480444435,0.795018375493331
2011-03-14,1537,1533,1528,0.037540172200801976,0.05983236851503318,0.9973975276512687,0.9903381651580163,0.8151420534509356
2011-03-15,1537,1533,1528,-0.018395291253750133,-0.014688106725472088,0.9973975276512687,0.990418938193093,0.8277934930034292
2011-03-16,1545,1541,1536,0.021154641342680375,0.03717459823803268,0.997411003236246,0.9902373093654961,0.815778079664212
2011-03-17,1545,1541,1535,-0.01948685948847139,-0.019673980439039607,0.997411003236246,0.9884704455982778,0.8045501285182007
2011-03-18,1552,1548,1542,0.009819488107057156,0.005013303458259301,0.9974226804123711,0.9870362706649924,0.8055785507942753
2011-03-21,1565,1562,1556,-0.09593742535609039,-0.13063947259688702,0.9980830670926517,0.9892595984023798,0.8001343016120304
2011-03-22,1563,1560,1554,-0.06199330490759733,-0.05723012209907179,0.9980806142034548,0.9836080712073476,0.8194371192616965
2011-03-23,1560,1557,1550,-0.03965031434358536,-0.012917238634949995,0.9980769230769231,0.9848462930022418,0.8170414382760134
2011-03-24,1563,1561,1554,-0.01465230060600838,-0.015564612508604416,0.9987204094689699,0.987055745067684,0.8283249379272569
2011-03-25,1550,1548,1541,-0.04983475285985592,-0.06137763790861849,0.9987096774193548,0.9882638338353459,0.8252555294356816
2011-03-28,1548,1546,1539,-0.03890281908711779,-0.059726548378933396,0.9987080103359173,0.9895751960328204,0.8369304614755829
2011-03-29,1541,1539,1532,-0.08149371328342549,-0.10861722724843233,0.9987021414665801,0.9865647528003598,0.8285286086171788
2011-03-30,1535,1533,1524,-0.09936084098241015,-0.114811562411084,0.9986970684039088,0.9907147535895166,0.8238325922295603
2011-03-31,1535,1533,1523,-0.12587969285496017,-0.11067109057030126,0.9986970684039088,0.9902986521270152,0.8127776410036658
2011-04-01,1525,1523,1514,-0.17006257696214372,-0.1463483506978566,0.9986885245901639,0.9937827494367028,0.8037423483354142
2011-04-04,1527,1525,1515,-0.2438556575563592,-0.22426353571805843,0.9986902423051736,0.9905576894466757,0.7924783804849244
2011-04-05,1529,1527,1516,-0.27691054931582576,-0.24604798102844277,0.9986919555264879,0.9886222017365583,0.7963361714519304
2011-04-06,1527,1525,1514,-0.2204503510275246,-0.19302770143918319,0.9986902423051736,0.9857371087321548,0.790686368503192
2011-04-07,1526,1524,1513,-0.1992321688381302,-0.1833066891577848,0.9986893840104849,0.9875899227604327,0.7916949289157821
2011-04-08,1522,1520,1509,-0.15068119779197878,-0.12254984506158997,0.9986859395532195,0.9910273076590101,0.79202361344316
2011-04-11,1514,1512,1505,-0.11536467345053429,-0.08998916330155408,0.9986789960369881,0.9867431729313454,0.7923381949114335
2011-04-12,1509,1507,1499,-0.13400442365795306,-0.11762588855409786,0.998674618952949,0.9815162658942055,0.80239820596909
2011-04-13,1506,1504,1496,-0.19605123099134758,-0.18241616565271562,0.99867197875166,0.9872762386143203,0.79161794747435
2011-04-14,1499,1497,1490,-0.21671850837032974,-0.20455347370369786,0.9986657771847899,0.9841445309290435,0.7955406457970055
2011-04-15,1497,1495,1487,-0.26849753822614064,-0.24864901009986087,0.9986639946559787,0.988215246071007,0.7763580244128635
2011-04-18,1477,1475,1468,-0.2315097625174694,-0.2174648657884104,0.998645903859174,0.986184345955702,0.7677379315767466
2011-04-19,1468,1466,1456,-0.20124407737344546,-0.21677099160489055,0.9986376021798365,0.9893406309232319,0.7617718243334454
2011-04-20,1475,1473,1463,-0.24913028892899133,-0.2503598438319171,0.9986440677966102,0.987553719894978,0.7668964408935857
2011-04-21,1473,1471,1462,-0.25690173530075805,-0.28154642743337466,0.9986422267481331,0.9860191448187707,0.7808824728039471
2011-04-25,1470,1468,1459,-0.23967391120215353,-0.27306014894749137,0.998639455782313,0.9915245423484712,0.7858539578179495
2011-04-26,1468,1466,1458,-0.21764365634476138,-0.2573400800447343,0.9986376021798365,0.9884430052651539,0.7784831744238917
2011-04-27,1475,1472,1463,-0.15248188930501552,-0.2107852040739123,0.9979661016949153,0.9901796737411254,0.7704642933867744
2011-04-28,1475,1472,1463,-0.120388419931928,-0.18911816386968053,0.9979661016949153,0.983662408506078,0.7554584860496236
2011-04-29,1474,1471,1463,-0.1099678013115766,-0.17942522033594305,0.9979647218453188,0.9881892117941417,0.7533744488919211
2011-05-02,1478,1475,1466,-0.056208445452491825,-0.10825111844855499,0.9979702300405954,0.9851079648479516,0.7605091455021689
2011-05-03,1477,1474,1464,-0.006158484055444818,-0.04961712277009763,0.997968855788761,0.9891745583883552,0.7491681845483432
2011-05-04,1479,1476,1464,0.054628510230036446,0.029187233889415323,0.9979716024340771,0.9853864423008197,0.7298415793996831
2011-05-05,1485,1482,1470,0.0856321584369366,0.04394908351211455,0.997979797979798,0.9874444684534868,0.716978037333303
2011-05-06,1493,1491,1479,-0.02450681377660812,-0.04737512684439432,0.9986604152712659,0.985556743083908,0.7040679284984772
2011-05-09,1506,1504,1489,-0.07681347706390554,-0.10260370813402213,0.99867197875166,0.9882239085402208,0.6967809583255772
2011-05-10,1500,1498,1484,-0.06927007606890116,-0.10102637078298259,0.9986666666666667,0.9875071442917079,0.7291033358723914
2011-05-11,1506,1504,1491,0.03228228466475777,-0.003480834265176029,0.99867197875166,0.9874715021370907,0.7306801984656903
2011-05-12,1515,1513,1500,0.052919951278211516,0.017889188395194888,0.9986798679867986,0.9885732603262128,0.705538432138039
2011-05-13,1514,1512,1497,0.06669223832744162,-0.0002459421459628642,0.9986789960369881,0.9853651816945754,0.7100550499063956
2011-05-16,1512,1510,1496,0.14702155219451504,0.07923457667754533,0.9986772486772487,0.9886020890138469,0.7032124293537296
2011-05-17,1507,1505,1490,0.12313567972642821,0.06513772100331752,0.9986728599867286,0.9899701144805273,0.6769916501759023
2011-05-18,1510,1508,1494,0.032761568022620716,-0.006139546526341249,0.9986754966887417,0.9906497102658696,0.6567393224708681
2011-05-19,1511,1509,1494,0.009814083942278248,-0.006632082454190203,0.99867637326274,0.987661723942938,0.6838635833683092
2011-05-20,1508,1506,1490,-0.0104585002599577,-0.01781248155294977,0.9986737400530504,0.9869319965826548,0.6655852072494036
2011-05-23,1515,1513,1498,0.07068953176359247,0.07426218804684583,0.9986798679867986,0.9909874535603086,0.6747585020845952
2011-05-24,1514,1512,1496,0.07780574991914245,0.0587496062358824,0.9986789960369881,0.982899473438403,0.6622846126281898
2011-05-25,1511,1509,1493,0.014088159521288108,-0.00044756671422658135,0.99867637326274,0.9821214442725416,0.6867921246551004
2011-05-26,1518,1516,1501,-0.014150534099229561,-0.0226817274945838,0.9986824769433466,0.9844809980617727,0.7405566917254638
2011-05-27,1509,1506,1492,0.020944733600443972,-0.001264035679268698,0.9980119284294234,0.983577758674383,0.7539872724954414
2011-05-31,1509,1506,1493,0.054719082577418546,0.04051857262319398,0.9980119284294234,0.9864330983812638,0.773279016248968
2011-06-01,1517,1514,1504,0.06181092581600362,0.05314923274254508,0.998022412656559,0.9804749706691075,0.7718089785905721
2011-06-02,1525,1522,1513,0.07057180476709317,0.0555152889034257,0.9980327868852459,0.9806950164079362,0.770747305492256
2011-06-03,1532,1528,1517,0.05930200124538989,0.05501165026986476,0.9973890339425587,0.9798895701232712,0.7896971715997246
2011-06-06,1516,1512,1501,0.14941930495883143,0.12956451757416798,0.9973614775725593,0.9839452023193759,0.7904647982598213
2011-06-07,1518,1514,1503,0.16365989116676435,0.14427009793202125,0.997364953886693,0.9853896039568023,0.7890985950799175
2011-06-08,1513,1509,1497,0.16328588572693645,0.13179240755916902,0.9973562458691342,0.9855717821016456,0.7821946051638896
2011-06-09,1512,1508,1496,0.18359530374541363,0.1505588753383566,0.9973544973544973,0.9843823797817148,0.7642013005986306
2011-06-10,1508,1504,1491,0.1676062010216449,0.15231372762548318,0.9973474801061007,0.9877121634113383,0.7774633836295722
2011-06-13,1517,1513,1501,0.17430241416333714,0.14416499253493723,0.997363216875412,0.9896130514929726,0.7808403693695765
2011-06-14,1517,1513,1501,0.15972902420201399,0.12439217884925469,0.997363216875412,0.9872799001038189,0.7984810634882502
2011-06-15,1522,1518,1506,0.18021315985398195,0.1440612390333102,0.9973718791064389,0.9901088949824716,0.8120249489128334
2011-06-16,1524,1521,1508,0.17182615706043475,0.16016909618801894,0.9980314960629921,0.9916543785679957,0.8140189813173273
2011-06-17,1532,1529,1516,0.22156782092877894,0.1953634973336916,0.9980417754569191,0.9926623070207087,0.7943457128629227
2011-06-20,1539,1536,1526,0.23300908436654427,0.17653351969302997,0.9980506822612085,0.9897950946642926,0.793928800115111
2011-06-21,1535,1532,1521,0.1860672941618302,0.14095918773521837,0.9980456026058632,0.9906129232596934,0.7875009718660079
2011-06-22,1538,1535,1523,0.12356116035292357,0.07901097468506314,0.9980494148244473,0.9924324216474001,0.8042948202388058
2011-06-23,1533,1529,1517,0.1405334360860888,0.09322469423141731,0.9973907371167645,0.9883646115299017,0.8088019434964732
2011-06-24,1531,1528,1517,0.1456230217453651,0.09445408573549022,0.9980404964075767,0.9896226620720091,0.795927924450967
2011-06-27,1562,1559,1547,0.10657497531413153,0.06824358506648948,0.9980793854033291,0.9870253851273428,0.7884277507934192
2011-06-28,1576,1572,1560,0.05677013410807765,0.03099311886507332,0.9974619289340102,0.9902682611579132,0.7750632253221095
2011-06-29,1551,1547,1535,0.0983496616872747,0.07222731548526613,0.9974210186976145,0.9871516970301869,0.790664928048005
2011-06-30,1540,1536,1525,0.10040626671145102,0.1023813725044028,0.9974025974025974,0.9875236710223917,0.810474849458346
2011-07-01,1546,1542,1532,0.12076331817180987,0.10972530281956303,0.9974126778783958,0.9857994175062533,0.815936402788826
2011-07-05,1536,1535,1525,0.07056486627483165,0.07415431771585052,0.9993489583333334,0.9879517470551197,0.8273548606451592
2011-07-06,1537,1536,1528,0.024898992752623257,0.052473345208334625,0.9993493819128172,0.9880147975665601,0.8339508997807842
2011-07-07,1544,1543,1535,0.06051216093520258,0.07910396047356659,0.9993523316062176,0.9880391881196017,0.8319363081244279
2011-07-08,1542,1541,1534,0.07128342469449937,0.10016097697812724,0.9993514915693904,0.9879182250995359,0.8366324092680782
2011-07-11,1542,1541,1535,0.06428486738758744,0.09488145865273129,0.9993514915693904,0.9914619217997416,0.8353499743512788
2011-07-12,1540,1539,1533,0.11216236242143046,0.14739881564729804,0.9993506493506493,0.9896034290695513,0.8364731625205577
2011-07-13,1538,1537,1531,0.14715295136994397,0.18239074753428547,0.9993498049414824,0.9852519384793342,0.8222753113314325
2011-07-14,1532,1531,1526,0.09891877708240894,0.12272436917134291,0.9993472584856397,0.9900806071311267,0.8023365173040252
2011-07-15,1534,1533,1529,0.12486708518274235,0.1646609682604171,0.999348109517601,0.9887056303327392,0.8131773110858312
2011-07-18,1536,1535,1531,0.10122106770834131,0.14229743277575943,0.9993489583333334,0.9900421336162526,0.8231430503842357
2011-07-19,1525,1524,1520,0.097214167975581,0.12288959726505247,0.999344262295082,0.9865075398370362,0.8175294941234705
2011-07-20,1523,1522,1519,0.13911036750192018,0.1615090313623989,0.9993434011818779,0.9883869106123775,0.8129203942026035
2011-07-21,1518,1517,1515,0.14101179299466443,0.1558416145271183,0.9993412384716732,0.9887630441953991,0.8024064886508768
2011-07-22,1526,1525,1522,0.12374163114781939,0.14453958499095684,0.9993446920052425,0.9848527753039379,0.7972720998233097
2011-07-25,1519,1518,1515,0.14453893137013304,0.1723994789973342,0.9993416721527321,0.9859428644980293,0.795171065077019
2011-07-26,1481,1480,1477,0.21265737610246882,0.24701054231411126,0.9993247805536799,0.9853752788708363,0.7993563839122176
2011-07-27,1480,1479,1475,0.2150735284222469,0.2520555926070742,0.9993243243243243,0.988172440429895,0.7985930490211384
2011-07-28,1488,1487,1483,0.17508443604300444,0.20374372346675468,0.9993279569892473,0.9881715357497608,0.7890674555739251
2011-07-29,1491,1490,1485,0.18368920177558964,0.21393101567052136,0.9993293091884641,0.99227881535021,0.7851457929835317
2011-08-01,1494,1493,1488,0.1448953938217781,0.17841206762397888,0.999330655957162,0.9912843338750356,0.7834674306015205
2011-08-02,1497,1496,1491,0.14032216843967013,0.19122080124556806,0.9993319973279893,0.9892848577691928,0.7766577871231939
2011-08-03,1509,1508,1503,0.13877060017464649,0.1931078595564062,0.9993373094764745,0.9890348162958839,0.7734627759626606
2011-08-04,1507,1506,1500,0.1543326524997286,0.2063727530545575,0.9993364299933643,0.9878047801604928,0.7767107978895249
2011-08-05,1516,1515,1510,0.19237184795424792,0.21309454818635792,0.9993403693931399,0.9916777647548304,0.7656347614436856
2011-08-08,1517,1516,1510,0.2262443908939612,0.23474424947198255,0.999340804218853,0.9925275531069667,0.7667822453717393
2011-08-09,1542,1541,1535,0.1186570057382778,0.1540633931642824,0.9993514915693904,0.9868927012648847,0.7523670032292326
2011-08-10,1553,1552,1546,0.07975096820618759,0.11932277861161163,0.9993560849967804,0.989758611771376,0.7714284543646708
2011-08-11,1573,1572,1565,0.14511529582123012,0.18273275502823683,0.9993642720915448,0.9896505687385446,0.7785307786820022
2011-08-12,1579,1577,1570,0.09385751534058401,0.1346412764866629,0.9987333755541482,0.9871556167554695,0.7793352075298182
2011-08-15,1586,1584,1577,0.10027110435281227,0.1348715748928294,0.9987389659520807,0.989952116190752,0.775900713877769
2011-08-16,1583,1581,1572,0.07192512899479471,0.1011701775630392,0.9987365761212887,0.9854353710638735,0.7783200434463319
2011-08-17,1581,1579,1570,0.043319633329103116,0.05986229489647364,0.9987349778621126,0.9855168987832366,0.7657412856815784
2011-08-18,1574,1572,1562,0.02774963769862775,0.020106732870461424,0.9987293519695044,0.9878421408396852,0.7661354261671335
2011-08-19,1580,1578,1566,0.08189689160978489,0.07978678497721485,0.9987341772151899,0.986039842473611,0.7423651408426328
2011-08-22,1582,1580,1568,0.10159103281089084,0.1031854901657368,0.9987357774968394,0.9919754678147965,0.6984519041446595
2011-08-23,1583,1581,1571,0.09661228547603959,0.11334368303410478,0.9987365761212887,0.9817417787354781,0.6913911515943414
2011-08-24,1592,1590,1580,0.12588807914951355,0.14882500449850475,0.9987437185929648,0.987552964093946,0.7348665364383282
2011-08-25,1579,1577,1568,0.11134832548628051,0.13904637984392965,0.9987333755541482,0.9828179240988906,0.7553848462770767
2011-08-26,1577,1575,1564,0.09644695208323828,0.12404571827880624,0.9987317691819911,0.9864033053173952,0.750715426032239
2011-08-29,1579,1577,1566,0.12324759985942174,0.16423221650943878,0.9987333755541482,0.988584794285005,0.7631900259555117
2011-08-30,1572,1570,1559,0.11634064949138943,0.15318530670744437,0.9987277353689568,0.9827700176101495,0.7813408123432731
2011-08-31,1570,1568,1557,0.048359242189104534,0.10046451430734082,0.9987261146496815,0.9828632522868841,0.7903243918836218
2011-09-01,1562,1560,1550,0.08300870119385359,0.1530111400536457,0.998719590268886,0.974402521493828,0.8028490254235711
2011-09-02,1550,1548,1537,0.15300414083842678,0.21265845331836425,0.9987096774193548,0.9819171634453754,0.8405715740354689
2011-09-06,1538,1536,1526,0.09119063857503966,0.12323949794488144,0.9986996098829649,0.9804603860668594,0.8610511392398402
2011-09-07,1523,1521,1510,0.15404860334337636,0.19048468991626183,0.9986868023637557,0.9817998564908479,0.8714413743665846
2011-09-08,1502,1500,1488,0.07527099106467298,0.09734242111850108,0.9986684420772304,0.9863485651795629,0.8696192324001738
2011-09-09,1488,1486,1476,0.08139966251522461,0.11109172671888075,0.9986559139784946,0.99093440158219,0.8765774517413712
2011-09-12,1473,1471,1461,0.05925867745824907,0.08460813564652092,0.9986422267481331,0.9903332376802431,0.8708859940083302
2011-09-13,1476,1474,1464,0.06290720221011456,0.0743574041179678,0.9986449864498645,0.9917082369358885,0.8591820383422559
2011-09-14,1480,1478,1469,0.023757433444137385,0.02906204774670664,0.9986486486486487,0.9918831564155642,0.8617688869352371
2011-09-15,1486,1484,1475,0.1177764042077126,0.11789694468018638,0.9986541049798116,0.9933123333442698,0.8646882588454451
2011-09-16,1488,1486,1477,0.05528909013006158,0.05617791783774919,0.9986559139784946,0.9886315878563553,0.8656677465364325
2011-09-19,1482,1480,1472,0.052951258247589575,0.062371621441435314,0.9986504723346828,0.9917630277455017,0.8772937439993381
2011-09-20,1483,1481,1473,-0.11904656230716876,-0.1338395811648805,0.9986513823331086,0.9925042140297272,0.8753700309427921
2011-09-21,1476,1474,1466,-0.1512782386827373,-0.15615343259230813,0.9986449864498645,0.991476713191284,0.874192047051161
2011-09-22,1468,1466,1459,-0.26889916183880824,-0.2759193709750938,0.9986376021798365,0.9918277161244841,0.8722486722510492
2011-09-23,1483,1480,1471,-0.24505153736896582,-0.2730203069759809,0.9979770734996628,0.9942079472590635,0.872028572768613
2011-09-26,1477,1474,1468,-0.30962476589807814,-0.34738356238309176,0.997968855788761,0.9933590123698237,0.8690366550802168
2011-09-27,1485,1482,1476,-0.22696837781937038,-0.2519043280790021,0.997979797979798,0.992379681818045,0.8663213927237278
2011-09-28,1476,1473,1467,-0.3043372612794072,-0.3508684986304338,0.9979674796747967,0.9939271010771472,0.8585907933739577
2011-09-29,1471,1468,1463,-0.32099109210980803,-0.3664188531924996,0.9979605710401088,0.9936041481329843,0.8462545585299406
2011-09-30,1454,1451,1446,-0.3582822363562577,-0.4176010040195309,0.9979367262723521,0.9927386026947244,0.8295715125872127
2011-10-03,1438,1435,1431,-0.3349697306510768,-0.3878385741777757,0.997913769123783,0.992435258739933,0.8218396306334609
2011-10-04,1455,1452,1448,-0.207232627448923,-0.24736571223450565,0.9979381443298969,0.9935556138761781,0.8155466233907379
2011-10-05,1463,1460,1454,-0.19049082840821896,-0.23127310912884105,0.9979494190020506,0.9907569111264297,0.8178802418805107
2011-10-06,1472,1469,1464,-0.18897403927332532,-0.23556732530603697,0.9979619565217391,0.9929434571414975,0.8175174652041545
2011-10-07,1468,1465,1460,-0.25599923733960966,-0.30780135745673765,0.9979564032697548,0.9930041372046123,0.8271344611075808
2011-10-10,1471,1468,1462,-0.21576165591542754,-0.26492824074367904,0.9979605710401088,0.9911577882919398,0.8346556674000323
2011-10-11,1473,1470,1463,-0.23243329167592058,-0.27562511924856603,0.9979633401221996,0.9927695628770575,0.8379388163634758
2011-10-12,1475,1472,1465,-0.09363670302098596,-0.10423161476810533,0.9979661016949153,0.9920720512646982,0.8357093877584668
2011-10-13,1475,1472,1464,-0.13852024402673208,-0.1492770190405829,0.9979661016949153,0.9930500985451917,0.8263809051233234
2011-10-14,1472,1469,1462,-0.1256540095882758,-0.1413380642606848,0.9979619565217391,0.9897070649866432,0.8362580719259174
2011-10-17,1453,1450,1444,-0.17103814853325014,-0.20729355513739076,0.9979353062629044,0.9907026075751381,0.8320264980373028
2011-10-18,1455,1452,1446,-0.09395952997260125,-0.11683699237750571,0.9979381443298969,0.9900082674539527,0.8523023633987253
2011-10-19,1456,1454,1447,-0.1363685169417974,-0.18356925798643134,0.9986263736263736,0.989118024921061,0.8436230276969758
2011-10-20,1459,1457,1450,-0.09749786650172965,-0.12579410993528403,0.9986291980808774,0.991010032654769,0.8492272726050553
2011-10-21,1442,1441,1435,-0.06362534987744911,-0.07825344335590007,0.9993065187239945,0.9918065382616348,0.8566647016875014
2011-10-24,1452,1450,1444,0.07457918185477144,0.07843709435980116,0.9986225895316805,0.9902721969985744,0.834389950957382
2011-10-25,1453,1451,1445,0.06903201109316963,0.0674698365834346,0.9986235375086029,0.9901314165402871,0.8410574738768595
2011-10-26,1452,1450,1444,0.1971117896314261,0.23320272473240208,0.9986225895316805,0.9908454051955301,0.8501889026215488
2011-10-27,1463,1461,1455,0.30101829165673116,0.3648248332730529,0.9986329460013671,0.9890986158884328,0.831473310036345
2011-10-28,1480,1478,1471,0.2913602150725767,0.35421866526884577,0.9986486486486487,0.9922856779433437,0.7998658376905131
2011-10-31,1475,1473,1466,0.2111423305177125,0.26096945687810175,0.9986440677966102,0.9918743125517638,0.7646603384738961
2011-11-01,1465,1463,1456,0.028078473669217726,0.020840208479335577,0.9986348122866894,0.9889796232117236,0.803147223787408
2011-11-02,1461,1459,1453,0.08474885336154678,0.09788991212066085,0.998631074606434,0.9911948397032853,0.8259117597036749
2011-11-03,1463,1461,1453,0.11560786687532397,0.13154224659937178,0.9986329460013671,0.9917258898393828,0.8000998456609819
2011-11-04,1474,1472,1464,0.09598571914152788,0.10186850727272075,0.9986431478968792,0.9913388759689257,0.8020516431781982
2011-11-07,1472,1470,1462,0.08923122529648732,0.10002848929980743,0.998641304347826,0.9923710243385073,0.7848230068512568
2011-11-08,1477,1475,1468,0.11302294890539465,0.11103139114287075,0.998645903859174,0.9937271374843695,0.7853438846598557
2011-11-09,1476,1474,1467,0.10362752863033804,0.09958080260042636,0.9986449864498645,0.9886638756604834,0.7731079978836131
2011-11-10,1477,1475,1468,0.10664360485201521,0.09444268738094269,0.998645903859174,0.9916128086360889,0.8009478092724974
2011-11-11,1486,1484,1476,0.1589724168775476,0.19409501381198535,0.9986541049798116,0.992826917776727,0.8094743478643543
2011-11-14,1486,1485,1477,0.16363203591837766,0.21408495806584166,0.9993270524899058,0.9888027823001281,0.8012398949094022
2011-11-15,1486,1485,1476,0.21399616903191143,0.25692644059773173,0.9993270524899058,0.9876056823761301,0.7987401693374107
2011-11-16,1476,1475,1467,0.23523661029043944,0.2723498987379967,0.9993224932249323,0.9908417100824849,0.7919222638579438
2011-11-17,1474,1473,1465,0.2060186564501127,0.22165310437619212,0.9993215739484396,0.9914141221229966,0.7763592065430219
2011-11-18,1478,1477,1469,0.2586894292213003,0.2868331512096326,0.9993234100135318,0.9899641210224922,0.7939972725045211
2011-11-21,1464,1463,1454,0.12761840055473295,0.15554533452382505,0.9993169398907104,0.9894982713795152,0.7974785951205059
2011-11-22,1466,1465,1456,0.06473338734479817,0.10394370893136168,0.9993178717598908,0.9872784066778333,0.8055758343606553
2011-11-23,1456,1455,1446,-0.09009380199047357,-0.07680091970297487,0.9993131868131868,0.9823537912280047,0.8116300465195944
2011-11-25,1448,1447,1438,-0.0746584314598994,-0.06255932299323755,0.9993093922651933,0.9797166549267013,0.8155974095492857
2011-11-28,1433,1432,1424,0.002782911857371726,0.020558739106170856,0.9993021632937893,0.9808686288854936,0.7998169437168865
2011-11-29,1427,1426,1418,-0.007609171365354335,0.007156786154782593,0.9992992291520673,0.9854699899012309,0.7984550041427891
2011-11-30,1425,1424,1416,0.06300128759334268,0.09152055045279649,0.9992982456140351,0.9907991235398965,0.8150925681305445
2011-12-01,1435,1434,1427,0.03802031844032314,0.0598758254573392,0.9993031358885017,0.9857284544893451,0.8078383234420019
2011-12-02,1435,1434,1428,-0.06644559405274904,-0.06639977172930707,0.9993031358885017,0.9778026871524802,0.8165898173823576
2011-12-05,1426,1425,1419,-0.023394560001530996,-0.03740051331465231,0.9992987377279102,0.9887626255057111,0.8308137545089556
2011-12-06,1424,1423,1418,-0.05921339334043839,-0.06828625770042625,0.9992977528089888,0.9889026745843212,0.828077975849765
2011-12-07,1425,1424,1419,-0.04927217266190658,-0.05058848575369339,0.9992982456140351,0.9897210699710225,0.8167756744109645
2011-12-08,1419,1418,1414,-0.10314763256187473,-0.14533592239092402,0.9992952783650458,0.9866771161192534,0.8041076946642165
2011-12-09,1415,1413,1410,-0.10885455893090273,-0.17187486264677473,0.9985865724381625,0.9886297638497615,0.8138630776577173
2011-12-12,1414,1412,1409,-0.19097671714711204,-0.2608180452273507,0.9985855728429985,0.9899129264898061,0.8266963358213308
2011-12-13,1411,1409,1406,-0.23666336816372127,-0.3025530065425179,0.9985825655563431,0.9930048646895406,0.8246593836692715
2011-12-14,1410,1408,1405,-0.20248703813412436,-0.2677647636254142,0.9985815602836879,0.9913947376241538,0.8093861175140415
2011-12-15,1414,1412,1408,-0.18024815369212174,-0.24259984325971284,0.9985855728429985,0.9850774737841276,0.7820285181273362
2011-12-16,1420,1417,1411,-0.21394305519849424,-0.28702057731897423,0.997887323943662,0.9873084527744053,0.7751786218917684
2011-12-19,1432,1429,1423,-0.3042046607647439,-0.38621303760720427,0.9979050279329609,0.9928916798452121,0.8159222821341656
2011-12-20,1436,1433,1428,-0.2963042614158091,-0.38879208078954497,0.9979108635097493,0.9919905809486737,0.8153331823627569
2011-12-21,1441,1438,1433,-0.3265077489842369,-0.40622429611282557,0.9979181124219292,0.9927255310522866,0.8176542106758911
2011-12-22,1446,1443,1438,-0.2578702133562334,-0.36360255859041485,0.9979253112033195,0.992204083699225,0.8014095540196707
2011-12-23,1447,1444,1439,-0.31540608341418885,-0.39517086119726746,0.9979267449896337,0.9948536417460726,0.7865466799436475
2011-12-27,1448,1445,1439,-0.3130393730652851,-0.39300075662315065,0.9979281767955801,0.9898563036081435,0.7847532726679187
2011-12-28,1439,1436,1430,-0.36426388566109613,-0.4297098722782329,0.9979152189020153,0.993965927766242,0.7650873132029994
2011-12-29,1433,1430,1423,-0.32995216736955024,-0.3942880421906921,0.9979064898813678,0.9855927626482824,0.7597331864655918
2011-12-30,1421,1418,1411,-0.2614816357336201,-0.3246121972066438,0.9978888106966924,0.9880051830023496,0.7284984942400042
2012-01-03,1414,1411,1405,-0.1958542940381597,-0.259152093727858,0.9978783592644979,0.9913813198112732,0.7383757547065949
2012-01-04,1412,1409,1403,-0.22448971611747587,-0.28086009253631833,0.9978753541076487,0.9887692842609295,0.681467363788306
2012-01-05,1402,1400,1394,-0.2441387005855252,-0.3111614265639136,0.9985734664764622,0.9906076271836732,0.6977340411396695
2012-01-06,1405,1403,1397,-0.2498183544953082,-0.30406046578459667,0.998576512455516,0.9909206279888547,0.7059130657931245
2012-01-09,1411,1409,1403,-0.28168729273481713,-0.29281669096799584,0.9985825655563431,0.9862169453932801,0.723126914140516
2012-01-10,1413,1411,1404,-0.25360271887829383,-0.2750377283687966,0.9985845718329794,0.9878292179716198,0.6878273553943002
2012-01-11,1410,1408,1401,-0.1870553184377568,-0.21696230835728914,0.9985815602836879,0.9893190826045029,0.6632338597900805
2012-01-12,1412,1410,1403,-0.1410584457550685,-0.1818166254512663,0.9985835694050992,0.9852406930774581,0.5791973205803238
2012-01-13,1411,1409,1401,-0.20517062575109224,-0.24962145150331477,0.9985825655563431,0.9919123799749465,0.5104450491528986
2012-01-17,1405,1403,1395,-0.21442268652661978,-0.2516722378828639,0.998576512455516,0.9870165996699288,0.49148008806287174
2012-01-18,1403,1401,1394,-0.1954445289256014,-0.24123235035467386,0.9985744832501782,0.986127484101584,0.5373378019849263
2012-01-19,1375,1373,1365,-0.1868753909719395,-0.23208602194575104,0.9985454545454545,0.9869385393649832,0.550856568502899
2012-01-20,1377,1375,1366,-0.1927710749314515,-0.23548664997135096,0.9985475671750181,0.9847692519674323,0.5187799818231471
2012-01-23,1377,1375,1366,-0.16331930177493123,-0.20807665431335182,0.9985475671750181,0.988010187299124,0.5570855439830886
2012-01-24,1374,1372,1362,-0.12941900171569756,-0.17221524396975169,0.9985443959243085,0.9839992872626356,0.5946121667344378
2012-01-25,1380,1378,1366,-0.08257718794295908,-0.1277670433856684,0.9985507246376811,0.9879791923354072,0.6202426761103286
2012-01-26,1391,1389,1378,-0.12284562518516005,-0.1539070765311205,0.9985621854780733,0.9760988550122874,0.6106056088932972
2012-01-27,1408,1406,1395,-0.036320651015870786,-0.0750598971494285,0.9985795454545454,0.9824622433227166,0.6468679325672468
2012-01-30,1407,1405,1395,-0.040813982412716235,-0.0880281554728029,0.9985785358919688,0.9710096928855423,0.6124470057808766
2012-01-31,1407,1405,1396,-0.01988732886947762,-0.045959372842596366,0.9985785358919688,0.9758790580697538,0.6414795685824869
2012-02-01,1416,1414,1405,-0.004335415115624445,-0.03903384272367293,0.998587570621469,0.9688997268587972,0.6678941671720944
2012-02-02,1426,1424,1415,0.03105547578029546,-0.022278235789081193,0.9985974754558204,0.9789383158441735,0.681387123381248
2012-02-03,1433,1431,1422,0.12306055577881087,0.07379624417083219,0.9986043265875785,0.9815869799652296,0.6657835929191107
2012-02-06,1446,1444,1434,0.15080945278855032,0.09302637077636006,0.9986168741355463,0.983385033114529,0.6498713601329834
2012-02-07,1445,1443,1433,0.16933309767860558,0.10720010528312097,0.9986159169550173,0.9849853251774432,0.6559397242774115
2012-02-08,1444,1442,1432,0.15460906790124987,0.09074438195600901,0.9986149584487535,0.9829447910322341,0.6938671439449066
2012-02-09,1444,1442,1433,0.12735334808315152,0.06739575223121928,0.9986149584487535,0.9698346231373505,0.7233444331289332
2012-02-10,1445,1443,1433,0.10778810398052492,0.07144446847902995,0.9986159169550173,0.9820550481632851,0.7609511379845627
2012-02-13,1450,1448,1438,0.08464855342000602,0.06614999085973887,0.9986206896551724,0.9867910256782975,0.7746776640124385
2012-02-14,1447,1445,1436,0.09948088523950938,0.08467946716789551,0.9986178299930891,0.980873698978455,0.7703333787671913
2012-02-15,1447,1445,1436,0.14519749681104743,0.13997520748921222,0.9986178299930891,0.9777556785245912,0.7459780167725167
2012-02-16,1453,1451,1443,0.10460608577204929,0.08639267215767303,0.9986235375086029,0.9824467246128079,0.7262844996512159
2012-02-17,1461,1459,1452,0.11443569787205705,0.09760462904592179,0.998631074606434,0.9817060003672597,0.7283565063024288
2012-02-21,1460,1458,1451,0.13756568554559795,0.10998243956320815,0.9986301369863013,0.9866370370639717,0.7201068798101584
2012-02-22,1466,1464,1458,0.1546700249144087,0.13391360196170168,0.9986357435197817,0.9870680859158415,0.7001275971378803
2012-02-23,1461,1459,1455,0.16029358734782934,0.14011079003102545,0.998631074606434,0.9834433675563453,0.6738468261484036
2012-02-24,1466,1464,1460,0.14187877723184375,0.12604428213441107,0.9986357435197817,0.9831752649036822,0.6820916900816543
2012-02-27,1461,1459,1455,0.11102859045063776,0.11193302825877098,0.998631074606434,0.9809557645838639,0.6603551877872162
2012-02-28,1470,1468,1463,0.11913973044089383,0.11726924962543638,0.998639455782313,0.989299465985755,0.6851724150347733
2012-02-29,1479,1477,1472,0.12284927917801236,0.13297140853514164,0.9986477349560514,0.9827837370312393,0.6837843878567255
2012-03-01,1481,1479,1474,0.11870319438220206,0.1261277050333071,0.9986495611073599,0.982260616275774,0.6807346929804051
2012-03-02,1470,1468,1462,0.13151020490171067,0.14305863141830555,0.998639455782313,0.9822607625321828,0.7117725605124846
2012-03-05,1469,1467,1459,0.09814369967090193,0.1392897300245061,0.998638529611981,0.9856642739165927,0.7208811362727047
2012-03-06,1463,1461,1454,0.15949906448599444,0.1889127848447457,0.9986329460013671,0.9893205915649443,0.7502177245970455
2012-03-07,1470,1468,1461,0.09249301082745444,0.11482592915493607,0.998639455782313,0.9871380604144852,0.7537311997526832
2012-03-08,1469,1467,1461,0.0951414989104844,0.0998009449133038,0.998638529611981,0.9874356955344115,0.7631094485290154
2012-03-09,1472,1470,1463,0.0689779305646301,0.0669047557987857,0.998641304347826,0.9851812442575382,0.7696783562283528
2012-03-12,1472,1470,1463,-0.01693394950872303,-0.0013527905402466642,0.998641304347826,0.9859001371520167,0.7786931005999946
2012-03-13,1476,1474,1468,0.0005162888384808396,-0.007278866787315353,0.9986449864498645,0.9857561205789581,0.7938552220163416
2012-03-14,1479,1477,1471,-0.012341225277190192,-0.011550732077181757,0.9986477349560514,0.9845634410221431,0.7913288129417073
2012-03-15,1485,1483,1477,-0.02764986324465209,-0.05337239575274058,0.9986531986531987,0.9779539727957834,0.7977541893015133
2012-03-16,1482,1480,1475,-0.026481537667729742,-0.04735756371661207,0.9986504723346828,0.9809479491330786,0.7971460743872486
2012-03-19,1489,1488,1483,-0.05371251734739277,-0.06188880161161599,0.9993284083277367,0.9882825447045801,0.7804962990697114
2012-03-20,1493,1492,1487,-0.0074448304597458355,-0.020739829269260254,0.999330207635633,0.9879471110926498,0.7786674102291163
2012-03-21,1491,1490,1485,-0.04319593638052672,-0.0514699475592344,0.9993293091884641,0.9860912894265765,0.7808606383800212
2012-03-22,1491,1489,1484,-0.011920675533676038,-0.022386638356307054,0.9986586183769283,0.984345819300775,0.7416479657063593
2012-03-23,1491,1489,1484,-0.038239858643837825,-0.0692777834598961,0.9986586183769283,0.9885687810268688,0.6852480037259604
2012-03-26,1493,1491,1485,-0.0538486632544948,-0.09503434764106651,0.9986604152712659,0.9844990026946855,0.6798176474691853
2012-03-27,1489,1487,1481,-0.021060655615779966,-0.05051307885808035,0.9986568166554735,0.9773681833736073,0.7122988040710417
2012-03-28,1477,1475,1469,0.008746103306131245,0.015063303679100425,0.998645903859174,0.9822922971494423,0.735709734888779
2012-03-29,1468,1466,1458,0.053290703546059214,0.07437014206019057,0.9986376021798365,0.9895263967338674,0.7202597631294236
2012-03-30,1459,1457,1449,0.01839325119742273,0.031663264658120055,0.9986291980808774,0.9883699968964721,0.701320534994423
2012-04-02,1456,1454,1446,-0.023582406119185252,-0.00745948117395433,0.9986263736263736,0.9868553230356055,0.7053422921920874
2012-04-03,1459,1457,1449,0.002991373474263272,0.026133941711068632,0.9986291980808774,0.9871203875843352,0.7348470126737369
2012-04-04,1450,1448,1440,0.0009388752063680817,0.030493878035240115,0.9986206896551724,0.9892963598988734,0.7347290097816733
2012-04-05,1459,1457,1448,-0.05311426923695643,-0.02230020073899578,0.9986291980808774,0.9872610350281149,0.7427166173791971
2012-04-09,1447,1445,1436,-0.028446916418306552,-0.009261856169598978,0.9986178299930891,0.9888131258524401,0.7304929582698605
2012-04-10,1445,1443,1435,0.022711195892983295,0.03728912542827046,0.9986159169550173,0.9893638401602486,0.7333711171532699
2012-04-11,1461,1459,1451,-0.004556305115646198,-0.011188804843465771,0.998631074606434,0.9868804627225553,0.714061700429244
2012-04-12,1453,1451,1445,0.013089594895051607,-0.0006218995454431861,0.9986235375086029,0.9856712336832886,0.7170560843261283
2012-04-13,1446,1444,1437,0.0034470370638098866,-0.017747987930018274,0.9986168741355463,0.9870417241086914,0.7274321348139061
2012-04-16,1443,1441,1434,-0.017795523528272048,-0.05851513334482021,0.9986139986139986,0.9879350629554562,0.7443691251583948
2012-04-17,1422,1420,1413,0.006431883446501942,-0.0408429102131189,0.9985935302390999,0.9881981836974918,0.7255803076550336
2012-04-18,1418,1416,1408,-0.0021194723862397215,-0.04617272491340207,0.998589562764457,0.9821561415368084,0.7313370919336984
2012-04-19,1412,1410,1401,-0.042892769924610996,-0.09548415517926734,0.9985835694050992,0.9816889080625625,0.7350750527515124
2012-04-20,1419,1417,1408,-0.0320090231830903,-0.09318202539650895,0.9985905567300916,0.962896284447433,0.7488928525144651
2012-04-23,1418,1416,1407,0.03163368224811751,-0.01773503030376747,0.998589562764457,0.9787330541773002,0.7529898585595213
2012-04-24,1426,1424,1414,0.07465598564526722,0.037978540134982315,0.9985974754558204,0.9807381772025938,0.7604934621510754
2012-04-25,1421,1419,1410,0.041072202783455955,-0.014575276994263668,0.9985925404644617,0.982592979310682,0.7594559656074923
2012-04-26,1423,1421,1412,0.04117702932457618,-0.008176077441845274,0.9985945186226283,0.9787236678352386,0.7537755936788805
2012-04-27,1422,1420,1412,0.04280825535632877,-0.008778851321915047,0.9985935302390999,0.97419403428098,0.7662205991823927
2012-04-30,1433,1431,1422,0.0956686663114667,0.0662295846904312,0.9986043265875785,0.9816149071650472,0.7616776451451089
2012-05-01,1434,1432,1425,0.11117213422711822,0.07578291308743705,0.99860529986053,0.9857509453522715,0.7679460338230873
2012-05-02,1436,1434,1427,0.05063849608788112,0.007496824181708356,0.9986072423398329,0.9850021764707795,0.7644845661947673
2012-05-03,1435,1433,1425,0.0057424574547721135,-0.04680081331494201,0.9986062717770035,0.9857185750757038,0.7677801462469749
2012-05-04,1442,1440,1433,-0.01631577051557587,-0.07753718026372451,0.9986130374479889,0.9828104411240326,0.757796744280068
2012-05-07,1449,1447,1442,-0.00479271851232591,-0.07388512265115098,0.9986197377501725,0.9862799540876426,0.7436947586233561
2012-05-08,1453,1451,1444,0.03330674792673074,-0.01997605169110779,0.9986235375086029,0.9868265751445406,0.7561844323140265
2012-05-09,1452,1450,1444,0.07128200917196097,0.014080991069172641,0.9986225895316805,0.9870602365797602,0.7435314128627583
2012-05-10,1456,1454,1448,0.08437749918109194,0.030854933959021176,0.9986263736263736,0.981495694996551,0.7441825458289475
2012-05-11,1457,1456,1450,0.027522120516335315,-0.019935187471736154,0.9993136582017845,0.9855989099518493,0.7618709949622694
2012-05-14,1458,1457,1451,0.047878396051608506,0.003351016849652358,0.9993141289437586,0.9882491990413959,0.7664257641565886
2012-05-15,1459,1458,1452,-0.008808943104341861,-0.04332166205836934,0.9993145990404386,0.9893097587891497,0.761918079250328
2012-05-16,1453,1452,1447,-0.000685137796093593,-0.03367178638225244,0.9993117687543015,0.9911706622428575,0.7393412804772433
2012-05-17,1447,1446,1441,0.08157066239304173,0.056923226665871254,0.9993089149965446,0.9837842785374981,0.7300542044839464
2012-05-18,1443,1442,1437,0.07935236490737838,0.05676366327491284,0.9993069993069993,0.9892812594546175,0.6935685671683884
2012-05-21,1448,1447,1442,0.05510432115629769,0.03679024319356281,0.9993093922651933,0.9819173428286467,0.6957007138306393
2012-05-22,1445,1444,1439,0.029610415410513763,0.03268374408772343,0.9993079584775086,0.9851865932684286,0.7266485133591003
2012-05-23,1442,1441,1436,0.015768456075479817,0.00682408196153789,0.9993065187239945,0.9771169492100272,0.7417789912094884
2012-05-24,1438,1436,1432,-0.02180965111290322,-0.02028844799875756,0.9986091794158554,0.9775796660903444,0.7627548447439931
2012-05-25,1431,1429,1425,0.011357236956266923,-0.010785853329608422,0.9986023759608665,0.9804170808558132,0.7681472907419001
2012-05-29,1418,1416,1412,0.05183141731704262,0.01892170505284365,0.998589562764457,0.9796363645188808,0.764123895485079
2012-05-30,1423,1421,1417,0.010759760466787716,-0.01698397778863679,0.9985945186226283,0.9819048730733222,0.777287818821108
2012-05-31,1417,1415,1410,-0.06522371710516728,-0.08128303855068209,0.9985885673959068,0.980382600640851,0.7593018395149953
2012-06-01,1416,1414,1409,-0.0016719779428377732,0.0012440447427626313,0.998587570621469,0.9789017981145844,0.7677044722016713
2012-06-04,1410,1408,1400,0.07753673634241258,0.06918506007984192,0.9985815602836879,0.9780186139106342,0.7330048241046009
2012-06-05,1407,1405,1395,0.039417879134991146,0.030151354872835316,0.9985785358919688,0.9892629509876059,0.7372467412950796
2012-06-06,1403,1401,1392,0.08976642538077596,0.08278552031760665,0.9985744832501782,0.9798696562356661,0.7196235935077862
2012-06-07,1393,1391,1382,0.11434146060905466,0.08729053535547922,0.9985642498205313,0.9853770659732398,0.7167198222044137
2012-06-08,1398,1396,1387,0.09526147999739978,0.06410864064997046,0.9985693848354793,0.9888368136669583,0.7096012065613084
2012-06-11,1389,1386,1378,0.11006932340533365,0.07465991462904166,0.9978401727861771,0.9882284197260235,0.7210535107117373
2012-06-12,1388,1385,1377,0.06957453803037017,0.023880336291611685,0.9978386167146974,0.9895613514781343,0.6895708131778144
2012-06-13,1383,1380,1372,0.10973280171688672,0.050715878997425884,0.9978308026030369,0.9842170108398667,0.6910198151626334
2012-06-14,1386,1382,1374,0.10758195739537998,0.0594252415798704,0.9971139971139971,0.9874383806156343,0.7168157409714521
2012-06-15,1380,1377,1370,0.08952831947821958,0.04153128835203192,0.9978260869565218,0.981268602610294,0.7368378768965486
2012-06-18,1389,1386,1378,0.044175138303384195,0.02149386674758808,0.9978401727861771,0.9914180883138659,0.7696233852699077
2012-06-19,1384,1381,1373,0.06312497087037748,0.03714868884408689,0.9978323699421965,0.9879310350768576,0.770524281833312
2012-06-20,1388,1385,1378,0.038582279528734505,0.013092218273152843,0.9978386167146974,0.9910728376170154,0.7556127446748148
2012-06-21,1384,1381,1374,0.004031064545353827,-0.0289309894474252,0.9978323699421965,0.9929961094407792,0.7361128201903449
2012-06-22,1392,1389,1382,0.021783490426453275,-0.020415504692160275,0.9978448275862069,0.9914197432339559,0.7218994237307974
2012-06-25,1426,1422,1415,0.042542868052898176,-0.015436184785839113,0.9971949509116409,0.9856104662266759,0.726841191955626
2012-06-26,1423,1419,1412,0.013689191954355676,-0.0514475300851214,0.9971890372452565,0.9889014261629877,0.7244033628460608
2012-06-27,1423,1419,1412,0.05179710492079569,0.004678442456232076,0.9971890372452565,0.9885552055241953,0.7169765592126696
2012-06-28,1424,1421,1413,0.07502789553169949,0.027286390324779412,0.9978932584269663,0.9882612383130361,0.7297193667102854
2012-06-29,1426,1423,1415,0.0718528064517117,0.02462550548383685,0.9978962131837307,0.9786093244689331,0.7373740398776619
2012-07-02,1426,1423,1418,0.03906024183226011,-0.02272192183217629,0.9978962131837307,0.9857198715107858,0.7891004564464876
2012-07-03,1426,1423,1418,0.07479046657771894,0.04063753721797158,0.9978962131837307,0.9881259676145833,0.7965621878074577
2012-07-05,1420,1417,1412,0.0954460147654403,0.06372713663591842,0.997887323943662,0.9874214752674458,0.7930138239231463
2012-07-06,1419,1414,1408,0.059244352250127,0.008946313648958712,0.9964763918252291,0.9867288917628307,0.7973422597635428
2012-07-09,1416,1411,1405,0.018170147874721237,-0.04977100084798216,0.9964689265536724,0.989338735635722,0.7910064146157411
2012-07-10,1416,1412,1406,-0.06302886320854514,-0.14732214897542714,0.9971751412429378,0.9834411820157475,0.7892149666949616
2012-07-11,1417,1412,1406,-0.04732633366223541,-0.13215895657685475,0.9964714184897672,0.9895328826400411,0.822598502808673
2012-07-12,1411,1407,1400,-0.1064343751004652,-0.18442121071052822,0.997165131112686,0.9904172321986793,0.8231737798923522
2012-07-13,1415,1410,1403,-0.14229993164123647,-0.20389415903562927,0.9964664310954063,0.9928904088825594,0.8365690432589641
2012-07-16,1408,1404,1397,-0.13800233236609227,-0.1953626540471924,0.9971590909090909,0.9924716846376461,0.8459671363535398
2012-07-17,1396,1392,1385,-0.1126155334926688,-0.17370110673672784,0.997134670487106,0.988675427933575,0.8317085135298343
2012-07-18,1393,1389,1382,-0.08797071193304257,-0.14834552096145287,0.9971284996410624,0.9855127901155134,0.8276910857776186
2012-07-19,1389,1385,1378,-0.07523246416099341,-0.156385427590012,0.9971202303815695,0.9905805655847367,0.8243553594287428
2012-07-20,1380,1376,1369,-0.06653961794042076,-0.15585967232092676,0.9971014492753624,0.9910531255851559,0.8316137999530073
2012-07-23,1383,1379,1371,-0.10466155033299587,-0.19214773050959622,0.9971077368040492,0.9862654028874186,0.8254980238808413
2012-07-24,1342,1338,1331,-0.1671880794975977,-0.25944497058024624,0.9970193740685543,0.984941503736261,0.8198711512656734
2012-07-25,1347,1343,1336,-0.1786207433459769,-0.2490639035728505,0.9970304380103935,0.9917665586560888,0.8308205327107719
2012-07-26,1346,1342,1335,-0.15161260251149153,-0.22508619201803304,0.9970282317979198,0.9895962675129547,0.8224406625538911
2012-07-27,1351,1347,1341,-0.11541790051494712,-0.16058741489941838,0.997039230199852,0.9898577313173018,0.8189155710970516
2012-07-30,1355,1351,1344,-0.10640222445493527,-0.15880561626561368,0.9970479704797048,0.9897139372117824,0.8105373405042825
2012-07-31,1349,1345,1339,-0.08555527025937322,-0.11877459356066311,0.9970348406226834,0.9889807635960204,0.8031159555323949
2012-08-01,1340,1336,1332,-0.08270230178513992,-0.11058520818398723,0.9970149253731343,0.9921289910472799,0.8137003058840974
2012-08-02,1353,1349,1345,-0.14053940406477075,-0.1581656305064701,0.9970436067997044,0.9896093615818274,0.8040813167716282
2012-08-03,1368,1364,1361,-0.10966367969653038,-0.1141188979872619,0.9970760233918129,0.9916927661444359,0.8028367569374973
2012-08-06,1380,1376,1373,0.0030066582034988802,0.004531863874192301,0.9971014492753624,0.9884581750785787,0.8068528685639906
2012-08-07,1374,1370,1367,0.06447020143758653,0.09468573410796999,0.9970887918486172,0.9912188133547423,0.7996064337999014
2012-08-08,1382,1378,1375,-0.0019203487918812454,0.0040432619071804924,0.9971056439942113,0.9896024220105619,0.8016914955013632
2012-08-09,1379,1375,1373,-0.05945182723805258,-0.060967176132575865,0.9970993473531544,0.9910636145628454,0.803573419841039
2012-08-10,1388,1384,1381,-0.02575746880007795,-0.03750486884297252,0.9971181556195965,0.9938576052124458,0.8030261142462809
2012-08-13,1384,1380,1377,-0.10982647401390896,-0.12196411935235629,0.9971098265895953,0.9910619311108236,0.7808742076819591
2012-08-14,1381,1378,1376,-0.13841039079088563,-0.15639173771458448,0.997827661115134,0.990159270585586,0.7765387455874545
2012-08-15,1381,1378,1376,-0.14985945707053744,-0.16827734250853357,0.997827661115134,0.9912066377120696,0.7760052711789691
2012-08-16,1380,1377,1375,-0.18729774609599983,-0.21056410351099128,0.9978260869565218,0.9885654099551754,0.7882800048760894
2012-08-17,1384,1381,1379,-0.13187630999655006,-0.14947130173765916,0.9978323699421965,0.9871397358375344,0.7892033878958488
2012-08-20,1383,1380,1379,-0.10559321927140249,-0.1299590129745483,0.9978308026030369,0.9905326839303928,0.8004547596776135
2012-08-21,1383,1380,1379,-0.06157790919243783,-0.09405963836657139,0.9978308026030369,0.9847961850877297,0.786925921078519
2012-08-22,1382,1379,1379,-0.025479444350825834,-0.058875899629952086,0.9978292329956585,0.9874233264589612,0.7880274977867352
2012-08-23,1386,1383,1383,-0.040133264506839704,-0.06526127167267011,0.9978354978354979,0.9827638496822526,0.7941038323372916
2012-08-24,1384,1381,1381,-0.04197976940261755,-0.06630203898418577,0.9978323699421965,0.9867634142878922,0.8262606778590341
2012-08-27,1372,1369,1369,0.006083818687794147,-0.006746051010985926,0.9978134110787172,0.989643346752263,0.836623516834166
2012-08-28,1364,1361,1361,-0.006068706770892636,0.009727953528673955,0.9978005865102639,0.9887968423460877,0.8334322236104814
2012-08-29,1357,1354,1354,-0.00925071810829361,-0.009366810735384189,0.997789240972734,0.9849056273791252,0.8330084718154999
2012-08-30,1346,1343,1342,-0.025035679038527044,-0.016833813085360805,0.9977711738484398,0.987053795679072,0.8264889096965523
2012-08-31,1327,1324,1319,0.012066103601267012,0.019747384047429956,0.9977392614920875,0.9882390118270826,0.8444884850432534
2012-09-04,1317,1314,1308,-0.04009309633464081,-0.036380357363185595,0.9977220956719818,0.9910136420131536,0.8431597021735132
2012-09-05,1317,1314,1308,0.039525840287005155,0.037674526907438236,0.9977220956719818,0.9893748168914234,0.8545110053543441
2012-09-06,1322,1319,1312,0.06897011295522217,0.08286493665616627,0.9977307110438729,0.9878454145444775,0.8474156866032473
2012-09-07,1338,1335,1325,0.17213948529821405,0.21055966683544097,0.9977578475336323,0.9894554798192196,0.8315132501951512
2012-09-10,1333,1330,1321,0.14764164849232575,0.18481790873099194,0.9977494373593399,0.9912383549788085,0.8315033972409928
2012-09-11,1336,1333,1323,0.14071877744151604,0.19336539822724727,0.9977544910179641,0.9916537861566225,0.822613209422005
2012-09-12,1337,1334,1324,0.17782119903218155,0.2398100320521143,0.9977561705310396,0.9911112880401182,0.8099597466392563
2012-09-13,1333,1330,1322,0.16918679989880936,0.213187263611109,0.9977494373593399,0.993960849806657,0.7917608246635137
2012-09-14,1348,1345,1336,0.26156666990773836,0.3090470576163821,0.9977744807121661,0.9911586861739639,0.778651291230181
2012-09-17,1360,1357,1348,0.2311131883020942,0.2684227560310155,0.9977941176470588,0.9910009661505564,0.7483305172128895
2012-09-18,1358,1355,1345,0.21516732927007026,0.23977458435883955,0.9977908689248896,0.9917689731330028,0.779916781016319
2012-09-19,1367,1364,1355,0.18557959040045663,0.19671177633594367,0.9978054133138259,0.9908480087230249,0.7790163536519352
2012-09-20,1368,1365,1356,0.09710402197222925,0.14388399142532704,0.9978070175438597,0.9912001639808949,0.778373192282138
2012-09-21,1370,1367,1358,0.08370482435564298,0.132586487342095,0.9978102189781022,0.9895566109927457,0.7853285441180012
2012-09-24,1402,1399,1390,0.10976945125985224,0.12063802709425885,0.9978601997146933,0.9911914268003925,0.7823812861815692
2012-09-25,1406,1403,1394,0.047243108051901225,0.05993360721362832,0.9978662873399715,0.99141403253155,0.7743253827945236
2012-09-26,1418,1415,1405,0.1197736170002426,0.09965176899059633,0.9978843441466855,0.9896868662176139,0.7778615761221729
2012-09-27,1420,1417,1407,0.061684664079969385,0.04486792784612887,0.997887323943662,0.9932791041895378,0.7761226997366003
2012-09-28,1419,1416,1408,0.05313217923919878,0.03509423229863647,0.9978858350951374,0.9886817687187068,0.7642598478759774
2012-10-01,1419,1416,1411,0.04232190148192016,0.020314643791102836,0.9978858350951374,0.993764333107432,0.7514652836370685
2012-10-02,1428,1425,1419,-0.01636343705136519,-0.04130680245861129,0.9978991596638656,0.9865245044341789,0.7518670296147322
2012-10-03,1428,1425,1419,-0.11419590545622019,-0.09156296630200396,0.9978991596638656,0.9905784077139118,0.7355851888430874
2012-10-04,1425,1422,1417,-0.09709458551179045,-0.10346710147514099,0.9978947368421053,0.9894528765870692,0.743805731997674
2012-10-05,1418,1414,1410,-0.11677237485977097,-0.1225163163189792,0.997179125528914,0.9900853558082041,0.7306462455406392
2012-10-08,1413,1409,1405,-0.04601416970864231,-0.07029559852185721,0.997169143665959,0.9894664794148336,0.7294042932069444
2012-10-09,1404,1400,1398,-0.020278464193428877,-0.045096965046014285,0.9971509971509972,0.9872355916429251,0.7209889630414887
2012-10-10,1403,1399,1397,-0.032755528287976704,-0.07372421771440889,0.9971489665003563,0.9849207444002961,0.7223825436612609
2012-10-11,1401,1397,1395,-0.002867172596618074,-0.04717608274477018,0.9971448965024983,0.9871922219644161,0.7488292604272553
2012-10-12,1394,1390,1388,-0.0043577572002706155,-0.034882540746509934,0.9971305595408895,0.9817196553232125,0.7582233476928916
2012-10-15,1389,1385,1382,-0.04988832415056193,-0.06922073785453793,0.9971202303815695,0.9791264373463452,0.7613149476595822
2012-10-16,1390,1387,1385,-0.06428282549963452,-0.07933433191044853,0.9978417266187051,0.9783000332983708,0.7571694112854863
2012-10-17,1379,1376,1374,-0.019427359862947136,-0.02754280172798775,0.9978245105148659,0.9824414880587771,0.74042197846819
2012-10-18,1371,1368,1365,-0.009959841236647789,-0.026824641848491978,0.9978118161925602,0.9857416386580349,0.7484687656613577
2012-10-19,1371,1368,1365,0.0386234767621428,0.005460911355210472,0.9978118161925602,0.9849415607570638,0.7464292846022016
2012-10-22,1348,1345,1342,0.0198191879885587,-0.00457412264071093,0.9977744807121661,0.9830422575775832,0.7260389511986965
2012-10-23,1343,1340,1337,0.013720180588068854,-0.03348373167902237,0.9977661950856291,0.9809373600621191,0.7186730536582855
2012-10-24,1335,1332,1329,-0.05311125646345933,-0.09113146351423777,0.9977528089887641,0.9883211398680504,0.71629750071621
2012-10-25,1330,1327,1324,-0.00983379006506486,-0.03494489923883833,0.9977443609022556,0.9834443120128206,0.7104868546643528
2012-10-26,1330,1327,1324,-0.0014192988439196627,-0.04209947103734617,0.9977443609022556,0.9867027908933733,0.7307991241346627
2012-10-31,1331,1329,1325,0.004703916839619037,-0.022160854660159247,0.9984973703981969,0.9866168604235572,0.7399241592705781
2012-11-01,1331,1329,1326,0.051125956124086804,0.01770475240187859,0.9984973703981969,0.9869243317786844,0.7340557969558936
2012-11-02,1334,1333,1328,0.06791827059241935,0.04720945323051243,0.9992503748125937,0.9876406486390854,0.7129980430715712
2012-11-05,1338,1337,1331,0.046165559806908195,0.028047065498131202,0.9992526158445441,0.9866798649056354,0.6914982980617519
2012-11-06,1340,1339,1333,-0.0012177587787358013,-0.0118560121411287,0.9992537313432835,0.9901923735572418,0.7086326525532208
2012-11-07,1335,1334,1327,-0.05694871232313809,-0.05988043257262988,0.9992509363295881,0.9900348989677106,0.692451665106856
2012-11-08,1344,1343,1336,-0.057914661907067594,-0.06290676485724918,0.9992559523809523,0.9842312540260819,0.700650309848931
2012-11-09,1349,1348,1341,-0.0594229574388683,-0.08413658908171764,0.9992587101556709,0.9899823601019129,0.7132051931954598
2012-11-12,1352,1351,1343,-0.08562117049223883,-0.09119636672605706,0.9992603550295858,0.987816503426485,0.7040824812239703
2012-11-13,1350,1349,1341,-0.13295587211140353,-0.1250315402055329,0.9992592592592593,0.9885160423715816,0.7112958569103525
2012-11-14,1346,1345,1337,-0.09857539156807821,-0.09618807871275727,0.9992570579494799,0.989967412118619,0.7151146212772918
2012-11-15,1350,1349,1341,-0.05987608004873735,-0.060292611697213845,0.9992592592592593,0.9817580483752971,0.690268545568012
2012-11-16,1350,1349,1340,-0.08890956436678527,-0.08422479529614114,0.9992592592592593,0.9823371820307,0.6919124195683011
2012-11-19,1354,1353,1345,-0.09839078679120258,-0.08517816306690143,0.9992614475627769,0.9858548973602803,0.7062105224717199
2012-11-20,1353,1352,1343,-0.13612616968196134,-0.14633456289569233,0.9992609016999261,0.9868517953804444,0.6920446455162202
2012-11-21,1351,1350,1341,-0.10035203512988004,-0.10864929396367211,0.999259807549963,0.987132011323182,0.6927590954911842
2012-11-23,1360,1359,1348,-0.08294058704273691,-0.10119888211337942,0.9992647058823529,0.9807393815239505,0.6923714774067499
2012-11-26,1344,1343,1329,-0.05211908297820604,-0.06073434592764318,0.9992559523809523,0.9807043568812668,0.7087523696815913
2012-11-27,1350,1349,1335,-0.05292195274076428,-0.06269671293667786,0.9992592592592593,0.9799012412002466,0.7077898038141287
2012-11-28,1349,1348,1334,-0.048929089845992625,-0.04360979991135758,0.9992587101556709,0.9762043783918612,0.7158749839862765
2012-11-29,1349,1348,1336,-0.030440094585453797,-0.037848520350240514,0.9992587101556709,0.9754716670983054,0.7303591614620051
2012-11-30,1349,1348,1335,-0.02412736724534882,-0.03951822951472699,0.9992587101556709,0.976285276008634,0.7399037338748929
2012-12-03,1342,1341,1327,-0.0045227292338496225,-0.02273556302429458,0.9992548435171386,0.9829378945619905,0.7569784447603167
2012-12-04,1343,1342,1329,-0.00964438587030451,-0.03497204248348209,0.9992553983618764,0.9884699531267735,0.7837056237163255
2012-12-05,1343,1342,1329,0.01095122218332957,0.013505886271882398,0.9992553983618764,0.9845222628593323,0.7818592772537275
2012-12-06,1343,1343,1331,0.014923628635095516,0.02663263128682792,1.0,0.9837717427187708,0.7869884383592253
2012-12-07,1339,1339,1326,0.01992711463423357,0.02244977225017088,1.0,0.9812789827898484,0.7876497129515359
2012-12-10,1337,1337,1324,0.036788401436489766,0.02931475533457605,1.0,0.9875694874878366,0.7761365735803005
2012-12-11,1336,1336,1324,0.06135976328664061,0.05174937435880097,1.0,0.9877358991905391,0.7562406103736735
2012-12-12,1346,1346,1334,0.03578268680726467,0.034615889961237434,1.0,0.99094547653331,0.7725677877584786
2012-12-13,1352,1352,1340,0.025185557320772347,0.024517801746661818,1.0,0.9847347830835295,0.7716580028633057
2012-12-14,1339,1339,1327,0.008728502693424288,0.01697070345165636,1.0,0.9838495319036338,0.7511253102920611
2012-12-17,1340,1340,1329,0.008218561425202157,0.031403057536415,1.0,0.9868774888210412,0.7490476924468943
2012-12-18,1339,1339,1328,0.05890155679292704,0.09024238538644835,1.0,0.9881738404258752,0.7468575164791081
2012-12-19,1345,1345,1335,0.07535893933597254,0.11536798713608216,1.0,0.9852820363498765,0.7483054687148583
2012-12-20,1355,1355,1345,0.07619119160200781,0.10379167754973631,1.0,0.9873965585318986,0.718355456873338
2012-12-21,1372,1372,1363,0.09859411200570552,0.12338660319915486,1.0,0.9901157677989105,0.7120442882036709
2012-12-24,1417,1417,1411,0.04085744055961802,0.08064230600548158,1.0,0.9878610914151702,0.703065278800599
2012-12-26,1407,1407,1400,0.050871768821326796,0.07928537864414306,1.0,0.9896166299597791,0.7108925462863149
2012-12-27,1404,1404,1397,0.008629075876948795,0.0310115861157514,1.0,0.989779587488514,0.6842757669094147
2012-12-28,1400,1400,1393,0.02269662659123663,0.048256989124688426,1.0,0.9865361534588406,0.6862070361914021
2012-12-31,1394,1393,1386,0.009407052402844571,0.02968087346599615,0.9992826398852224,0.989717948221575,0.7119573155957682
2013-01-02,1390,1389,1385,-0.05565311375513241,-0.007617298708888146,0.9992805755395684,0.989676171540417,0.7246093024151449
2013-01-03,1411,1410,1405,-0.018312299866661313,0.037711724432083475,0.9992912827781715,0.9892910961924485,0.7090455416557019
2013-01-04,1413,1412,1408,0.00977860057813076,0.061446407884352856,0.9992922859164898,0.9794329340303844,0.7067492923915378
2013-01-07,1420,1418,1414,0.027216427907455897,0.07339047006556648,0.9985915492957746,0.9882822052287384,0.6969873301542466
2013-01-08,1419,1416,1413,-0.011111607158609737,0.025870091590968834,0.9978858350951374,0.9914980056075097,0.6902507354356399
2013-01-09,1431,1428,1425,-0.01923025798849499,0.013078404522582293,0.9979035639412998,0.9866556461457533,0.6899042703037073
2013-01-10,1435,1432,1428,-0.02288219696010289,0.014854923546845956,0.9979094076655052,0.9825883107386267,0.7005756805745483
2013-01-11,1430,1427,1423,-0.022494237349421273,0.0198526659985413,0.9979020979020979,0.982848179165995,0.7240275465091107
2013-01-14,1431,1428,1424,0.0024110189087072596,0.046693062731761055,0.9979035639412998,0.9862093253514835,0.7357081886568704
2013-01-15,1436,1433,1428,0.004937485714356565,0.054870385003465354,0.9979108635097493,0.9887932267175304,0.727197968389914
2013-01-16,1440,1437,1431,0.02819742990459492,0.06779567246522061,0.9979166666666667,0.9825802272135925,0.7301760537629548
2013-01-17,1443,1440,1433,0.017177048694921454,0.05400109954832033,0.997920997920998,0.9769412771537473,0.749316842258586
2013-01-18,1435,1432,1424,0.0351014043822911,0.043223161102989335,0.9979094076655052,0.9747232627416629,0.7576596486582378
2013-01-22,1430,1427,1419,-0.010359145615037615,-0.012797801728805056,0.9979020979020979,0.9774483230142408,0.7778092708573078
2013-01-23,1433,1430,1421,-0.04018194985310793,-0.04939883946274894,0.9979064898813678,0.9868966843568823,0.798679009832039
2013-01-24,1403,1400,1390,-0.024678172135095967,-0.0300864314037635,0.9978617248752673,0.9831544549372956,0.8057768506335597
2013-01-25,1422,1419,1410,-0.06058983609842003,-0.07507419067373143,0.9978902953586498,0.9832527560625914,0.7955289268755541
2013-01-28,1432,1429,1420,-0.0024445184413517383,-0.02173316091887815,0.9979050279329609,0.9778856352356912,0.7961407548730566
2013-01-29,1439,1436,1428,-0.008607781793401884,-0.019576958026817935,0.9979152189020153,0.9811776248064408,0.7995578323492921
2013-01-30,1450,1447,1440,0.01357247798143002,-0.003356450949933882,0.9979310344827587,0.9889621779385339,0.7921253127672
2013-01-31,1452,1449,1441,0.07379221499661821,0.03400111585837489,0.9979338842975206,0.9757735702665996,0.785361428042459
2013-02-01,1443,1440,1432,0.09055270384878064,0.04453365782825995,0.997920997920998,0.9806460275855059,0.7847938204440202
2013-02-04,1445,1442,1434,0.10813727014708936,0.058726922964975906,0.9979238754325259,0.9842771624710657,0.7956091561656943
2013-02-05,1445,1442,1434,0.0982046501241532,0.06488416778483687,0.9979238754325259,0.9855818819975631,0.7981734408635713
2013-02-06,1446,1443,1435,0.10524442933939854,0.07022799333048628,0.9979253112033195,0.9888884539264011,0.795375853889762
2013-02-07,1451,1448,1440,0.11828941840130283,0.07802268342786238,0.9979324603721571,0.9871708767555987,0.7934971373957458
2013-02-08,1458,1455,1448,0.14314475955899955,0.07326072573245644,0.9979423868312757,0.9886690275919139,0.7812190551451036
2013-02-11,1456,1453,1446,0.11256601522883726,0.07072117357979796,0.9979395604395604,0.9866137714426512,0.7747662941649953
2013-02-12,1453,1450,1443,0.10383667887262642,0.05917486299650321,0.9979353062629044,0.9889736209070801,0.7667329520675116
2013-02-13,1449,1446,1440,0.09565892374741534,0.05349529168047077,0.9979296066252588,0.9881710487502919,0.7827527262345455
2013-02-14,1462,1459,1453,0.07298926534248824,0.03335509090325527,0.9979480164158687,0.9891221715779256,0.7698238047459897
2013-02-15,1467,1464,1458,0.08166911980332124,0.05142887170046257,0.9979550102249489,0.9885167918015635,0.7618886185032357
2013-02-19,1472,1469,1463,0.05826117101456346,0.05423575815140512,0.9979619565217391,0.9878960548129647,0.7657786078983392
2013-02-20,1475,1472,1466,0.14131840755033853,0.1267982689462306,0.9979661016949153,0.9886031699861879,0.7533957461325342
2013-02-21,1481,1478,1473,0.1612171539454011,0.1498658084023421,0.9979743416610398,0.989519163922404,0.7462289083421604
2013-02-22,1491,1488,1485,0.1504449224237796,0.1376001272570519,0.9979879275653923,0.9877097903832254,0.7437965957982908
2013-02-25,1486,1483,1480,0.19887434922549627,0.16847863075372252,0.9979811574697174,0.9883142587163937,0.7623252595314076
2013-02-26,1488,1485,1482,0.17470934932182083,0.14315783154694464,0.9979838709677419,0.9854203918335069,0.7565267145943892
2013-02-27,1490,1487,1485,0.1557278715230816,0.11157557296362168,0.9979865771812081,0.9875783714327093,0.7688027424825644
2013-02-28,1486,1483,1481,0.11952756388667281,0.09059105085616351,0.9979811574697174,0.9855857671253457,0.7728841768057703
2013-03-01,1487,1484,1481,0.08378323558162278,0.05364311146499516,0.9979825151311366,0.9819829509758267,0.7738064680522562
2013-03-04,1483,1480,1478,-0.0021658374505280457,-0.028278644357486154,0.9979770734996628,0.9854509853489807,0.7711300987784596
2013-03-05,1486,1483,1481,-0.0983474465992278,-0.11931331164957015,0.9979811574697174,0.9838184647144956,0.7648768806554104
2013-03-06,1493,1490,1487,-0.06582101474983491,-0.09619286263669367,0.9979906229068989,0.9876827063795192,0.7783904164037805
2013-03-07,1488,1485,1482,-0.052303433925110256,-0.08373463449762364,0.9979838709677419,0.9884048082412503,0.7872083274756699
2013-03-08,1492,1489,1486,-0.0025294551353518785,-0.0444515957088348,0.9979892761394102,0.9836647567293987,0.79438020814784
2013-03-11,1496,1493,1490,0.02209290075916778,-0.020427365850193783,0.9979946524064172,0.9855678239603852,0.7941794420222964
2013-03-12,1491,1488,1485,0.01148741294004775,-0.024713302447628326,0.9979879275653923,0.9848746563962691,0.8024617665915481
2013-03-13,1491,1488,1484,0.03546349965156087,-0.015894451877096965,0.9979879275653923,0.9851675907580371,0.7877194412341176
2013-03-14,1489,1486,1483,0.024098171870257427,-0.03388564326462905,0.9979852249832102,0.9876611223664651,0.7997556285180822
2013-03-15,1487,1484,1479,-0.004646268652208843,-0.06465449178081095,0.9979825151311366,0.98119858173373,0.7977400077959212
2013-03-18,1508,1505,1500,-0.013312654906862887,-0.07435991571551756,0.9980106100795756,0.986950069390755,0.79659328079062
2013-03-19,1503,1500,1496,-0.038097531640406974,-0.10132739859559392,0.998003992015968,0.9879061048487335,0.7972707114132559
2013-03-20,1499,1496,1492,-0.07893592690051132,-0.12332204468187581,0.9979986657771848,0.9869707776924597,0.7994906619948446
2013-03-21,1490,1487,1483,-0.03562731395302155,-0.06944602457535581,0.9979865771812081,0.9851234323850254,0.7879746049868999
2013-03-22,1484,1481,1477,-0.012300069412030068,-0.06040802140293454,0.9979784366576819,0.9873216460252745,0.7994126814159835
2013-03-25,1488,1485,1480,-0.005239511465046805,-0.07246546084661942,0.9979838709677419,0.9867689097299688,0.8074856524839031
2013-03-26,1484,1481,1476,-0.02352628196511161,-0.06046168203669266,0.9979784366576819,0.9890486643487714,0.7894503984495616
2013-03-27,1483,1480,1475,-0.05364803797315043,-0.11204996476522468,0.9979770734996628,0.9903332332518962,0.7814064167787627
2013-03-28,1480,1477,1471,-0.05533580265190176,-0.12209316905906699,0.9979729729729729,0.9859416117438394,0.7639820462931064
2013-04-01,1480,1477,1472,-0.05103456081219228,-0.11199305330609477,0.9979729729729729,0.9837828727030546,0.758582084547932
2013-04-02,1480,1478,1473,-0.009702516706057755,-0.08458500426712194,0.9986486486486487,0.984057967663202,0.7551372531526367
2013-04-03,1482,1480,1475,0.0018349947632295255,-0.04828398875254427,0.9986504723346828,0.9918945375395636,0.751316855957883
2013-04-04,1479,1477,1472,0.04350936683465303,-0.013511013692930032,0.9986477349560514,0.9896236443315696,0.7327563933797167
2013-04-05,1474,1472,1467,0.06431302134227376,0.00571491975465192,0.9986431478968792,0.9894046521893386,0.7267132102333124
2013-04-08,1478,1476,1471,0.07265204246076305,0.01775008188479152,0.9986468200270636,0.9912054810875007,0.7257781246267151
2013-04-09,1471,1469,1463,0.07110462508977242,0.011649271506700346,0.9986403806934059,0.992826805737775,0.7276642227576195
2013-04-10,1468,1466,1460,0.027194684869114926,-0.02579487068062387,0.9986376021798365,0.9932479027669313,0.7201602203847203
2013-04-11,1470,1468,1462,0.04238775834740008,-0.0075562415314542235,0.998639455782313,0.9927991438101259,0.7273719160020845
2013-04-12,1465,1463,1457,0.04346733780966168,-0.0026335801997354716,0.9986348122866894,0.9889923765542498,0.7265664340750809
2013-04-15,1456,1454,1451,0.08051271990194057,0.038443631901348134,0.9986263736263736,0.9867767439099818,0.7196602728839487
2013-04-16,1448,1446,1443,0.05813690176416087,0.013854764722096947,0.9986187845303868,0.9892404242657338,0.6964263216511406
2013-04-17,1446,1445,1442,0.07226871058650143,0.0342152494379568,0.9993084370677732,0.9912054563938774,0.6977229058323206
2013-04-18,1450,1449,1446,0.0865787808736315,0.04949736561857632,0.9993103448275862,0.9920594926995328,0.6846254582885286
2013-04-19,1448,1447,1444,0.07792220588134681,0.043552830802779725,0.9993093922651933,0.9887010464839403,0.6668674297008106
2013-04-22,1451,1450,1447,0.030668112013848947,0.004232156968959946,0.9993108201240524,0.9830501475744812,0.6773984909604038
2013-04-23,1450,1449,1447,-0.016059033954135864,-0.03956957528889145,0.9993103448275862,0.9809295436780936,0.6816951380159113
2013-04-24,1455,1454,1452,-0.03810832680312917,-0.045477733976191995,0.9993127147766323,0.9819655128761854,0.7078891929141042
2013-04-25,1461,1460,1458,0.003304418303186274,-0.013303843810453212,0.999315537303217,0.9793958448415657,0.7140238430247431
2013-04-26,1466,1465,1464,-0.0017806882870890078,-0.018812924744835858,0.9993178717598908,0.9826708019831468,0.7077311931941098
2013-04-29,1474,1473,1472,0.007728861999932377,-0.0170078263590488,0.9993215739484396,0.9844560692390291,0.727957435164872
2013-04-30,1469,1468,1467,0.00673470293437452,-0.019106238568527653,0.9993192648059904,0.9809304069175979,0.7396900919886574
2013-05-01,1471,1470,1469,0.023867950428797045,-0.023459793564204152,0.9993201903467029,0.9841753424506038,0.7505845080451757
2013-05-02,1473,1472,1469,-0.01569533440678607,-0.06747224053637992,0.9993211133740665,0.9825559168880109,0.7482175929200793
2013-05-03,1483,1482,1479,-0.008515992269471145,-0.05891847678566787,0.9993256911665542,0.9825511280090349,0.7581996993456719
2013-05-06,1497,1496,1492,-0.04385360140779533,-0.08447235328058962,0.9993319973279893,0.9893492508422539,0.7731730915552008
2013-05-07,1499,1498,1495,-0.07340650320355982,-0.12489142447852003,0.9993328885923949,0.9864862319931913,0.7759874982552113
2013-05-08,1511,1510,1506,0.054735284777780606,-0.04694099549483398,0.99933818663137,0.9855791873375985,0.777808558703347
2013-05-09,1518,1517,1513,0.06552178479317737,-0.0016500527055914986,0.9993412384716732,0.9855915568738972,0.7719861811322153
2013-05-10,1518,1517,1509,0.07372858958240125,0.007919647083157746,0.9993412384716732,0.984840493907662,0.7794840228340089
2013-05-13,1523,1522,1514,0.029282630781849412,-0.056063889520350844,0.9993434011818779,0.9769255175319627,0.7725725101307716
2013-05-14,1514,1513,1505,0.0015014725273870759,-0.07041441922984694,0.9993394980184941,0.9881034718528858,0.7732832470119387
2013-05-15,1517,1516,1507,0.001375467651101964,-0.0851127391956242,0.999340804218853,0.9877968806702264,0.7684349756588029
2013-05-16,1513,1511,1502,0.054438363693207176,-0.03642453261816902,0.998678122934567,0.9858838369822439,0.7615744771627135
2013-05-17,1506,1504,1495,0.07964247007843812,-0.013353447772452186,0.99867197875166,0.9854658039500478,0.7540596843273236
2013-05-20,1514,1512,1503,0.11758812971716989,0.036552383942203545,0.9986789960369881,0.9870953137581163,0.7536237836164603
2013-05-21,1519,1517,1508,0.09136292921183244,0.03142823212938595,0.9986833443054641,0.986087331192463,0.7491272097074533
2013-05-22,1513,1511,1502,0.0914285250821961,0.019774988223119416,0.998678122934567,0.9823652284649439,0.7504670721061467
2013-05-23,1518,1516,1507,0.06398759761107133,0.012049331623288263,0.9986824769433466,0.9760368553048243,0.7580495409760178
2013-05-24,1518,1516,1507,0.043514448091009635,0.002910866693589337,0.9986824769433466,0.9847224848616315,0.7860861444146451
2013-05-28,1518,1516,1506,0.04627968912115425,0.0023199171910729933,0.9986824769433466,0.990165078078951,0.7998087543522442
2013-05-29,1520,1518,1508,0.11579909085557129,0.06947025889700084,0.9986842105263158,0.9839615485566467,0.7874080001356457
2013-05-30,1515,1513,1503,0.11110950641511096,0.07341116772037111,0.9986798679867986,0.977072850040168,0.7860488243534602
2013-05-31,1494,1492,1484,0.12232555311330812,0.08410060770777826,0.998661311914324,0.9863046425306298,0.7952426849495443
2013-06-03,1494,1493,1484,0.14226586100055652,0.09148374692465497,0.999330655957162,0.9833595989901307,0.800143463084732
2013-06-04,1498,1497,1487,0.1684405873770414,0.11203108162899812,0.9993324432576769,0.9882178471851447,0.8016384353592041
2013-06-05,1511,1510,1500,0.2007469619859286,0.1412831881258606,0.99933818663137,0.9876586998425052,0.793379697341498
2013-06-06,1501,1500,1491,0.15994405869012018,0.11596817350836604,0.9993337774816788,0.9863922259603651,0.7847665175577969
2013-06-07,1502,1501,1492,0.15459611318339375,0.103741595398579,0.9993342210386151,0.9869582995079871,0.7930561357565523
2013-06-10,1497,1496,1491,0.15278189669357778,0.10634642915158649,0.9993319973279893,0.9864207986886417,0.797700077538861
2013-06-11,1501,1500,1495,0.1401250928469786,0.10214077923842756,0.9993337774816788,0.9900031612016887,0.7989564608639448
2013-06-12,1500,1499,1493,0.16747884024813897,0.12663417434149343,0.9993333333333333,0.9886597597719305,0.8107665329830052
2013-06-13,1496,1495,1489,0.20189493533082706,0.13652148300934033,0.9993315508021391,0.9911189918520279,0.8042071924436281
2013-06-14,1495,1494,1488,0.14440610156141814,0.1104358654283388,0.9993311036789297,0.989403292071965,0.8096193236691093
2013-06-17,1486,1485,1479,0.10979168482895596,0.06969755192450834,0.9993270524899058,0.9872693148290923,0.8183068416899373
2013-06-18,1481,1480,1474,0.11577266658281454,0.05953630589907246,0.9993247805536799,0.991117714098376,0.8172143934988658
2013-06-19,1484,1483,1476,0.09959093674470824,0.061304565367698814,0.9993261455525606,0.9921875164022183,0.8214579293074694
2013-06-20,1475,1474,1467,0.14532203076441313,0.1000684481022479,0.9993220338983051,0.9915340616639775,0.8054538996641102
2013-06-21,1475,1474,1466,0.17203776089845027,0.12146439050827468,0.9993220338983051,0.9930988600343009,0.7893253264462655
2013-06-24,1499,1498,1490,0.1367173482294778,0.07616142675734236,0.9993328885923949,0.9895385369247642,0.7616669613722906
2013-06-25,1509,1508,1500,0.11809654778428079,0.07439152106289719,0.9993373094764745,0.9884503538852236,0.7578240009523474
2013-06-26,1503,1502,1495,0.07244335009076713,0.0399647882392151,0.9993346640053227,0.9862860397265263,0.7639193107085464
2013-06-27,1509,1508,1501,0.08349591580762612,0.060520838748425676,0.9993373094764745,0.9876020041980771,0.7747125379528902
2013-06-28,1509,1508,1502,0.06979178548016014,0.051037242313493596,0.9993373094764745,0.9855089072824464,0.7887706179542896
2013-07-01,1559,1558,1552,0.04183392610151028,0.014327683413280433,0.9993585631815266,0.9881761661760822,0.7860979792058818
2013-07-02,1553,1552,1545,0.05996403798040901,0.04447212231673013,0.9993560849967804,0.9867782628404672,0.7879070493500928
2013-07-03,1543,1542,1535,0.04906384087565072,0.043264960700772126,0.9993519118600129,0.9894795055904801,0.777761895406887
2013-07-05,1535,1534,1527,0.037786912630627986,0.02344295109107488,0.9993485342019544,0.9879210900061481,0.7739932189888551
2013-07-08,1532,1531,1524,0.03341269083801781,0.033648171350679656,0.9993472584856397,0.9885309231315396,0.7788695029192614
2013-07-09,1535,1534,1528,0.019073999971166378,0.022654582473580816,0.9993485342019544,0.9907731960053213,0.7835868002209818
2013-07-10,1538,1537,1531,0.015502555385425004,0.025094038549977854,0.9993498049414824,0.989110673494219,0.7900570318754057
2013-07-11,1540,1539,1534,0.04043744537742385,0.04589381632903708,0.9993506493506493,0.989359796869314,0.7899466362709725
2013-07-12,1544,1543,1539,0.022982195770837835,0.02724942618858083,0.9993523316062176,0.9899594109404337,0.7961140880635327
2013-07-15,1552,1551,1547,0.003428168466629964,0.018689085976272828,0.9993556701030928,0.9914749805228942,0.7907211711254192
2013-07-16,1558,1557,1553,0.0328561338781077,0.04491027775027574,0.9993581514762516,0.9898600371037635,0.7842840288151293
2013-07-17,1561,1560,1555,0.009703969143717857,0.03592986446704859,0.9993593850096092,0.9892967491382808,0.7848234590599493
2013-07-18,1561,1560,1555,-0.052519899484343116,-0.004349799245605845,0.9993593850096092,0.9885029502702232,0.7880630916930857
2013-07-19,1564,1563,1558,-0.0003804644804187592,0.03698471917715783,0.9993606138107417,0.9847370659114797,0.7974489200204677
2013-07-22,1557,1556,1551,0.002053674713680192,0.051911429745809465,0.9993577392421323,0.983689256919081,0.8085011116247801
2013-07-23,1542,1541,1536,0.05166765600360902,0.08444343278394659,0.9993514915693904,0.9808186139215164,0.8122096793581052
2013-07-24,1536,1535,1530,0.06856168328956776,0.061828109963017255,0.9993489583333334,0.9837299544829055,0.8053615732982696
2013-07-25,1542,1541,1535,0.046762313640446654,0.018383653341841517,0.9993514915693904,0.9859843447022871,0.8008037360237024
2013-07-26,1552,1551,1546,0.04525538575576767,0.017693893866371598,0.9993556701030928,0.9889461153341116,0.781048089581716
2013-07-29,1553,1552,1546,0.06427583918200425,0.026718869495091096,0.9993560849967804,0.9873193056099931,0.7934018581054252
2013-07-30,1512,1511,1505,0.004968278851201549,-0.014781370735337545,0.9993386243386243,0.9875656056058506,0.7990669233406089
2013-07-31,1509,1508,1505,0.00950044365686437,-0.011952729831365907,0.9993373094764745,0.9875769435379913,0.8015245030281907
2013-08-01,1512,1511,1509,0.06911879642767997,0.03883078817309766,0.9993386243386243,0.9900106020987024,0.802767494295073
2013-08-02,1530,1529,1527,0.024505535299794226,-0.009656947656663641,0.9993464052287582,0.9919216892937076,0.7921924961307063
2013-08-05,1536,1535,1533,0.025713088786199916,0.010978079142054587,0.9993489583333334,0.9900420354006781,0.8057243373106012
2013-08-06,1531,1530,1528,0.07329486827576807,0.03794413415367733,0.999346832135859,0.990557139022765,0.7954719565171058
2013-08-07,1533,1532,1530,0.11389203583322001,0.04614757817737723,0.9993476842791911,0.9854345993816233,0.7851020842278462
2013-08-08,1536,1535,1533,0.07686793121558767,0.0009556372793466698,0.9993489583333334,0.9882750286340798,0.7806520345059152
2013-08-09,1535,1534,1532,0.0969201368655389,0.019719710278522273,0.9993485342019544,0.986550133707903,0.7749727834866883
2013-08-12,1532,1531,1529,0.14705428976660417,0.0646634054852597,0.9993472584856397,0.987018378593485,0.7740241441079665
2013-08-13,1530,1529,1526,0.11513051796886542,0.04920907539416829,0.9993464052287582,0.9886961075451784,0.7663235427065322
2013-08-14,1532,1531,1528,0.13302663603194242,0.0781706558273753,0.9993472584856397,0.9904257717442955,0.76761545759393
2013-08-15,1529,1528,1525,0.20191786848808277,0.14298937516251803,0.999345977763244,0.9873630379309507,0.7622878110763498
2013-08-16,1526,1525,1522,0.18071421887815373,0.10812154010741176,0.9993446920052425,0.9865748517686634,0.762691785923467
2013-08-19,1522,1521,1518,0.1928266877909835,0.11826769783775162,0.9993429697766097,0.9884977479212987,0.7843734871769612
2013-08-20,1525,1524,1521,0.1581108720502096,0.03648290759711813,0.999344262295082,0.9862628380804943,0.7880198389984845
2013-08-21,1522,1521,1517,0.12772029706929144,0.006072019691329761,0.9993429697766097,0.9878297260215037,0.7907132848240161
2013-08-22,1520,1519,1515,0.10699152720872364,0.012208107179979045,0.9993421052631579,0.9820667678899198,0.8008188487900316
2013-08-23,1507,1506,1502,0.09934661916672335,0.010313226433489479,0.9993364299933643,0.9848637959426877,0.8023622767365822
2013-08-26,1503,1502,1499,0.07872554145566094,0.004010114442116053,0.9993346640053227,0.9900897412911979,0.8093511277102539
2013-08-27,1495,1494,1491,0.12145966845486972,0.06268282817078173,0.9993311036789297,0.9862967328634263,0.8041041592824691
2013-08-28,1497,1495,1492,0.09421523094655361,0.04217430843615792,0.9986639946559787,0.9884073881661466,0.8117884652780942
2013-08-29,1487,1485,1481,0.06085706286220987,0.03372971229327005,0.9986550100874243,0.9842070331830903,0.8154761832788746
2013-08-30,1473,1471,1466,0.11731864946301478,0.08679772848825112,0.9986422267481331,0.9884408326171567,0.829927929674746
2013-09-03,1474,1472,1463,0.1543192785968531,0.10060388156451856,0.9986431478968792,0.9887523503792711,0.8373663463543137
2013-09-04,1476,1474,1464,0.10085941030453219,0.05447247055141153,0.9986449864498645,0.9882087173606753,0.8361079334178253
2013-09-05,1479,1477,1467,0.07418722190538173,0.0527987775322945,0.9986477349560514,0.9873451203464427,0.8180323691841437
2013-09-06,1474,1472,1462,0.10551643569281197,0.09029883439750554,0.9986431478968792,0.9866596683543429,0.7871375870627638
2013-09-09,1478,1476,1465,0.09830399304913906,0.0952641225124153,0.9986468200270636,0.9894374334402003,0.7907873889620376
2013-09-10,1475,1474,1462,-0.03365252711280329,-0.01962832095951118,0.9993220338983051,0.9927073404856248,0.7818520680333619
2013-09-11,1472,1471,1460,-0.034524070591710025,-0.021934087721028273,0.9993206521739131,0.9871593023405414,0.7863140759980873
2013-09-12,1473,1472,1462,0.0374672594123231,0.029023855064819446,0.9993211133740665,0.9885673618457725,0.7884221735907473
2013-09-13,1476,1475,1464,0.01300146519636903,0.022650745468167297,0.9993224932249323,0.9909951037955241,0.804645619805374
2013-09-16,1475,1474,1463,0.04801453066521819,0.051212958829435565,0.9993220338983051,0.9940706477026675,0.8144345772099302
2013-09-17,1476,1475,1465,0.027247241361168018,0.03295751844395001,0.9993224932249323,0.9928021623528501,0.8184165420289454
2013-09-18,1477,1476,1465,0.08726251863010609,0.13136402214533255,0.999322951929587,0.9925708083441465,0.8050307407146634
2013-09-19,1482,1481,1469,0.049214774155670764,0.09968289770078947,0.9993252361673415,0.991573727073607,0.7993128535441371
2013-09-20,1490,1489,1476,0.03236179617131807,0.06968389962522023,0.9993288590604027,0.9886375046582444,0.8049515928442176
2013-09-23,1523,1522,1509,0.034222148802903626,0.09980088202668497,0.9993434011818779,0.9907475254751078,0.8164588006210602
2013-09-24,1526,1525,1512,-0.03213944108915452,0.04256746732829968,0.9993446920052425,0.9929280700851632,0.8189697942268906
2013-09-25,1534,1533,1521,-0.05151853576149764,-0.001028484541680853,0.999348109517601,0.989136427984017,0.8269901291001417
2013-09-26,1535,1534,1522,-0.025319108615669127,-0.00796394376374012,0.9993485342019544,0.9932897405455741,0.8252252798925425
2013-09-27,1539,1538,1527,-0.07424653648757654,-0.05789869481283498,0.9993502274204028,0.9898535030254705,0.8267630246148545
2013-09-30,1541,1540,1529,-0.14293267280125213,-0.1024011901714179,0.9993510707332901,0.9894037551753075,0.8303876527660413
2013-10-01,1547,1546,1538,-0.17736675606751354,-0.12415762190561945,0.9993535875888817,0.9895112676596455,0.8261642697742037
2013-10-02,1549,1548,1540,-0.20675770711085817,-0.11973071398598276,0.9993544222078761,0.9905339049045055,0.8258961331690532
2013-10-03,1546,1545,1537,-0.18595942385956155,-0.10761794713389726,0.999353169469599,0.9870041370169359,0.829488970676712
2013-10-04,1547,1546,1538,-0.22803172313652187,-0.1726107380979597,0.9993535875888817,0.9912798341664143,0.8241571306191965
2013-10-07,1555,1554,1545,-0.19000001894303792,-0.11912311398579858,0.9993569131832798,0.9878074690728289,0.8267046831291214
2013-10-08,1542,1541,1531,-0.09217777680591814,-0.02843605905268731,0.9993514915693904,0.9882148746996873,0.8186582280840302
2013-10-09,1542,1540,1529,-0.09924789265488848,-0.043351932111671466,0.9987029831387808,0.9862187030047905,0.8000250296073076
2013-10-10,1542,1540,1529,-0.20670015947154338,-0.1632725591512126,0.9987029831387808,0.9930127054531369,0.785579225159276
2013-10-11,1539,1537,1528,-0.13087589011268896,-0.09434302215374976,0.9987004548408057,0.9915930397504822,0.7850290532108527
2013-10-14,1547,1545,1536,-0.10542098628938966,-0.10363673920599255,0.9987071751777634,0.9868295778796602,0.7902718688570219
2013-10-15,1557,1555,1546,-0.09074101697566761,-0.09418926317907682,0.9987154784842646,0.9847130436491605,0.8024678854361802
2013-10-16,1564,1562,1553,-0.10760409970145286,-0.09317808026492931,0.9987212276214834,0.9866327939814361,0.812517754104119
2013-10-17,1566,1564,1554,-0.13019322005752065,-0.10210353695031357,0.9987228607918263,0.9913642030789379,0.8181881499951054
2013-10-18,1572,1570,1561,-0.12429777823846178,-0.11521675444494715,0.9987277353689568,0.9893834093747916,0.8020057278993011
2013-10-21,1559,1557,1547,-0.1618592996976941,-0.1428232233354852,0.9987171263630532,0.9869593911751956,0.7998024054722594
2013-10-22,1557,1555,1544,-0.15650251383899064,-0.1319464712254448,0.9987154784842646,0.988725797326909,0.8021007645842178
2013-10-23,1554,1553,1543,-0.13307431771168163,-0.09359784404237864,0.9993564993564994,0.9880235430733005,0.8009622723456552
2013-10-24,1562,1561,1551,-0.11934790143666979,-0.05588047296475908,0.9993597951344431,0.9894035034204771,0.7950099784032022
2013-10-25,1564,1563,1552,-0.07985842289478445,-0.03875881938789509,0.9993606138107417,0.9901915587614463,0.7973414395764439
2013-10-28,1570,1569,1558,-0.060332556341040566,-0.012196536345255854,0.9993630573248408,0.9915850396054561,0.7890525881444408
2013-10-29,1567,1566,1554,-0.021888414214410276,0.021154983296094398,0.9993618379068283,0.988769571170913,0.7851916838185775
2013-10-30,1567,1566,1556,0.03361093084445049,0.046255786586058445,0.9993618379068283,0.9909269023271077,0.7814458970646968
2013-10-31,1575,1574,1564,0.008755331493215944,0.020921871354334896,0.9993650793650793,0.993380062560481,0.7603334572185249
2013-11-01,1589,1588,1578,0.02316109405003006,0.026806556781759538,0.9993706733794839,0.9936114571627622,0.7586458431099451
2013-11-04,1606,1605,1596,-0.0215098764640905,-0.0004887395889338097,0.9993773349937733,0.9923288262113938,0.7456998259340383
2013-11-05,1611,1610,1602,-0.033369372585428096,-0.015015383143087487,0.9993792675356921,0.9900820231400547,0.7485475985820501
2013-11-06,1614,1613,1606,0.08367204464627269,0.05902762285498243,0.9993804213135068,0.9886838867718594,0.7515406865508788
2013-11-07,1616,1615,1608,0.09997537245115135,0.11220519779963925,0.9993811881188119,0.9899214897382117,0.7326543131705373
2013-11-08,1622,1621,1611,0.02073858392434784,0.036045687279360764,0.9993834771886559,0.9920632642606532,0.7250314169974245
2013-11-11,1629,1628,1618,-0.0076518205756313,0.03253618798484488,0.9993861264579497,0.9910648294891002,0.730148101885372
2013-11-12,1630,1629,1619,-0.040948266435122394,-0.010602780802764736,0.9993865030674847,0.9911543243730638,0.7191691618328377
2013-11-13,1630,1629,1620,-0.037373081763519125,-0.010070256226425428,0.9993865030674847,0.9914673524781146,0.7148951734656108
2013-11-14,1630,1629,1621,-0.010691899194094131,0.01807745967415109,0.9993865030674847,0.9878467897708052,0.7111266173542626
2013-11-15,1627,1626,1618,-0.020551988900467867,0.01761098265263361,0.9993853718500307,0.9884143405021742,0.7168146825299572
2013-11-18,1618,1617,1609,0.030470952419892172,0.062171695978913824,0.9993819530284301,0.9890541017210809,0.7197810773880591
2013-11-19,1616,1615,1607,0.0442400495848982,0.07970976948434785,0.9993811881188119,0.9883908950683872,0.712219248894396
2013-11-20,1621,1620,1612,0.05527311473842456,0.08110012754627814,0.999383096853794,0.979962931754941,0.7076316661411907
2013-11-21,1622,1621,1612,0.04773484869548688,0.0549536516420959,0.9993834771886559,0.9806538797289629,0.7230639765867032
2013-11-22,1621,1620,1611,0.039655077392235186,0.03923649017163901,0.999383096853794,0.9827189088263828,0.7364399464483905
2013-11-25,1613,1612,1603,0.04065210381688764,0.05009545011142981,0.9993800371977681,0.9891120485056194,0.744017545389192
2013-11-26,1619,1618,1608,-0.012636963942057442,0.0025004788026854593,0.9993823347745522,0.9815453357446451,0.7299479626963695
2013-11-27,1616,1615,1605,-0.01802305450868253,-0.019023599391205057,0.9993811881188119,0.9824856639402905,0.7694000055745788
2013-11-29,1607,1606,1596,-0.038952108634156754,-0.03928520547407852,0.9993777224642191,0.9839316567619091,0.7749317988491021
2013-12-02,1590,1589,1579,-0.03366306672340529,-0.01979054212495543,0.9993710691823899,0.9837004529028968,0.78635586781767
2013-12-03,1580,1579,1567,-0.028005600948858192,-0.026362025603028923,0.9993670886075949,0.9871125049490255,0.7992257391457541
2013-12-04,1586,1585,1572,-0.05348430677945798,-0.05688361274494515,0.9993694829760403,0.9854272938504953,0.805729617750292
2013-12-05,1575,1574,1561,-0.08291552148254785,-0.08294365269670056,0.9993650793650793,0.9849689031245968,0.8136940168867871
2013-12-06,1581,1580,1567,-0.02267868033374014,-0.050354592504140996,0.9993674889310563,0.9838197195204199,0.8239842599953784
2013-12-09,1576,1574,1565,0.02538991550044262,0.003080624694229375,0.998730964467005,0.9870297518216518,0.8276715834537646
2013-12-10,1571,1569,1560,0.04000472487237856,0.017151558405725808,0.9987269255251432,0.9868571917975961,0.8118747879655648
2013-12-11,1565,1563,1554,0.06295058019163417,0.04888713758177017,0.9987220447284345,0.9847847574319594,0.8120860114337954
2013-12-12,1582,1580,1571,0.0493530553585309,0.0029174927718358607,0.9987357774968394,0.9866886862928248,0.8222530574031159
2013-12-13,1578,1576,1567,0.0853826312246511,0.035896680115024955,0.9987325728770595,0.9901675753568278,0.8162211905315985
2013-12-16,1584,1581,1572,0.06420609195902302,0.03453822513717568,0.9981060606060606,0.9902469418934532,0.8236561218136542
2013-12-17,1581,1578,1571,0.09792985714777994,0.058841499751924375,0.9981024667931688,0.9890444578883559,0.8125512429265423
2013-12-18,1588,1585,1578,0.06600045869922212,0.045584699148841654,0.9981108312342569,0.9888618675491114,0.8073844481514821
2013-12-19,1587,1583,1577,0.07375721234217342,0.028796422860135576,0.9974795211090107,0.9910272743928,0.8098187535698645
2013-12-20,1595,1591,1586,0.0687819776479358,0.018621473731468344,0.9974921630094044,0.9898789614021405,0.8038860176239843
2013-12-23,1622,1618,1612,0.052351857729614,0.007887562844210284,0.9975339087546239,0.99120297703655,0.8066720544191828
2013-12-24,1623,1619,1614,0.03342934448495493,-0.04409781348644296,0.9975354282193469,0.9896805896389025,0.7934571510281475
2013-12-26,1624,1620,1614,0.008339900565496964,-0.07495847964545324,0.9975369458128078,0.9889259437461018,0.7837705547882876
2013-12-27,1613,1609,1603,0.047541200848991834,-0.021487364436846797,0.9975201487910725,0.9868117060139608,0.7846154576837123
2013-12-30,1616,1612,1605,0.04841821977389104,-0.02153885139689803,0.9975247524752475,0.9931232799802651,0.7778136214917813
2013-12-31,1629,1625,1618,0.07437279561453151,-0.001157452825501713,0.9975445058317987,0.9873488376894551,0.7731108790790204
2014-01-02,1633,1629,1624,0.0838232797464468,0.0067942500485044174,0.9975505205143906,0.9876767539623439,0.773503511979111
2014-01-03,1623,1619,1615,0.04974047900533965,-0.027029733167706037,0.9975354282193469,0.9876700771028198,0.765940841517003
2014-01-06,1618,1614,1609,0.05048852964078966,-0.008758128108420003,0.9975278121137207,0.9868522358769666,0.7706301787955776
2014-01-07,1628,1624,1618,0.021521214307026065,-0.03656184319969167,0.9975429975429976,0.9872201110470962,0.7686037807138011
2014-01-08,1627,1623,1617,-0.02370800836986712,-0.0726152456823846,0.9975414874001229,0.9890931164775909,0.7713163027123514
2014-01-09,1642,1638,1631,-0.022411314142721118,-0.06731127507218038,0.997563946406821,0.989038386642483,0.7747461159560118
2014-01-10,1650,1646,1639,-0.04499616329114783,-0.07646887678807589,0.9975757575757576,0.9876329686937488,0.7735924808509433
2014-01-13,1655,1651,1643,-0.03283737887122377,-0.058109262952257726,0.997583081570997,0.9884370819672036,0.7587919461327809
2014-01-14,1659,1655,1646,-0.03684854709950323,-0.05973904811712654,0.997588908981314,0.9881034646370059,0.7623478707543048
2014-01-15,1661,1657,1647,0.00442123912507162,-0.01908344086332004,0.9975918121613486,0.984878626716338,0.7707878458937759
2014-01-16,1657,1653,1643,-0.0011046874469187004,-0.02990185412140586,0.9975859987929994,0.9831965821159133,0.7656548412709537
2014-01-17,1658,1654,1644,0.04536252430749671,0.0028102190456185923,0.9975874547647768,0.9894141165251228,0.7615223598857612
2014-01-21,1652,1648,1638,0.053610489507643376,0.0055800604479853185,0.9975786924939467,0.9819565760249219,0.769317991223554
2014-01-22,1659,1655,1645,0.07224652840550332,0.015271063312737958,0.997588908981314,0.9844341626203752,0.7664665551210362
2014-01-23,1625,1621,1611,0.08677990170025689,0.040225254620327174,0.9975384615384615,0.9787423372209976,0.781039729528995
2014-01-24,1625,1621,1612,0.12417474326340373,0.09369181725331971,0.9975384615384615,0.9893200494759083,0.7902711100305516
2014-01-27,1635,1631,1623,0.12340671370474934,0.0980357806546962,0.9975535168195718,0.993429006218771,0.7911081042624603
2014-01-28,1650,1646,1638,0.09184116997605105,0.07021468880820267,0.9975757575757576,0.9906471667837069,0.7782267362244923
2014-01-29,1658,1654,1646,0.1070413548923118,0.07910444486973568,0.9975874547647768,0.9872595042557634,0.7739318464978773
2014-01-30,1667,1663,1654,0.049114661249261844,0.05037516271645752,0.9976004799040192,0.9877433434670553,0.7696033061813037
2014-01-31,1663,1659,1649,0.04669323608439153,0.040420951048457714,0.9975947083583885,0.9889350224215551,0.7681596287126378
2014-02-03,1661,1657,1648,0.14542766277002903,0.13475078390223258,0.9975918121613486,0.9916169281141926,0.759218677305407
2014-02-04,1676,1672,1664,0.1258177701081267,0.10702481530052245,0.9976133651551312,0.9897750301046929,0.7418307663383857
2014-02-05,1678,1674,1668,0.14557603735080246,0.11735993254211506,0.9976162097735399,0.9825249490148841,0.758331790800197
2014-02-06,1678,1674,1668,0.14197680543332436,0.10575101768228687,0.9976162097735399,0.9845649317146158,0.7691856304190507
2014-02-07,1675,1671,1665,0.10799268828471044,0.08613559249063255,0.9976119402985074,0.9871419086758487,0.771339793868129
2014-02-10,1670,1666,1660,0.09199769670459171,0.1128283799944541,0.9976047904191617,0.9870951425338759,0.775748235243531
2014-02-11,1674,1670,1664,0.0760032688213937,0.08711392193803363,0.997610513739546,0.9866885992512892,0.764116595959299
2014-02-12,1674,1670,1665,0.011600356647385443,0.014008675195650381,0.997610513739546,0.9898855760591333,0.7818707374570562
2014-02-13,1676,1672,1666,-0.02138969588152532,-0.04041463015920241,0.9976133651551312,0.989568714347585,0.7808375023210458
2014-02-14,1678,1674,1669,0.020237199943526647,0.004526375778000192,0.9976162097735399,0.9883884450157987,0.7857546298582826
2014-02-18,1677,1673,1669,-0.0031905445035701643,-0.028869610546784438,0.9976147883124628,0.9916217392852376,0.7887557368011655
2014-02-19,1676,1671,1666,0.0176219735557425,-0.011480403377485593,0.997016706443914,0.9871557193054176,0.7915102554565611
2014-02-20,1677,1672,1667,-0.008869333903712891,-0.027442945172959008,0.9970184853905785,0.9923652840393892,0.7881248290727508
2014-02-21,1683,1678,1673,-0.08258859819721812,-0.08413107876953262,0.9970291146761735,0.9898558678074292,0.7923622874326665
2014-02-24,1688,1683,1678,-0.15705497015317652,-0.1355726964261142,0.9970379146919431,0.9895134066867978,0.793194453653669
2014-02-25,1689,1684,1680,-0.16076962455338514,-0.09221395648575233,0.9970396684428656,0.9872921517024872,0.7890395952812935
2014-02-26,1686,1681,1677,-0.18195851688732384,-0.09978569235205549,0.9970344009489917,0.9850741752860737,0.7799189513548589
2014-02-27,1694,1689,1684,-0.2125502677886172,-0.13856191142042307,0.9970484061393152,0.9897884946779388,0.7863174534897533
2014-02-28,1696,1691,1686,-0.1815519762389807,-0.14339905909866982,0.9970518867924528,0.983012543288382,0.7928508272621531
2014-03-03,1705,1700,1696,-0.1444844826468893,-0.11446530877222921,0.9970674486803519,0.984384282155973,0.8006506156951037
2014-03-04,1704,1699,1694,-0.1558824542704752,-0.1244943099187495,0.9970657276995305,0.9847386546573847,0.8010867904731326
2014-03-05,1712,1708,1702,-0.16592437218301911,-0.13851009768699896,0.9976635514018691,0.9872090491395185,0.7934869142642057
2014-03-06,1716,1712,1706,-0.2018595261754554,-0.15811693151802036,0.9976689976689976,0.9881250186283611,0.8019230862778015
2014-03-07,1706,1702,1696,-0.22506168138368327,-0.16776301140580635,0.9976553341148886,0.9840181138446861,0.807556996554142
2014-03-10,1709,1705,1700,-0.2667772472088892,-0.1912480279099662,0.9976594499707431,0.9886458245828503,0.8082122142713886
2014-03-11,1709,1704,1698,-0.27306351979345594,-0.2238240355403521,0.9970743124634289,0.9902757217152391,0.8111782365085103
2014-03-12,1705,1700,1694,-0.2403317683831937,-0.19232011721050127,0.9970674486803519,0.9868751942717053,0.8131314793385958
2014-03-13,1709,1704,1698,-0.2926452311047243,-0.21856893331488425,0.9970743124634289,0.9884870083770325,0.8087918284315678
2014-03-14,1711,1705,1699,-0.27370223772015884,-0.20035183741790416,0.9964932787843367,0.9867284661590512,0.8051616960202164
2014-03-17,1710,1704,1699,-0.2937728305364581,-0.2090929323850602,0.9964912280701754,0.9886877597366606,0.797549214288126
2014-03-18,1714,1708,1703,-0.3062457165116466,-0.19861351738826274,0.9964994165694282,0.9902353624897927,0.7947255449145161
2014-03-19,1706,1700,1696,-0.2898971887207483,-0.17736725491529357,0.9964830011723329,0.9870897136759746,0.7977422543530118
2014-03-20,1707,1701,1696,-0.2807169565384188,-0.16372226266717804,0.9964850615114236,0.9876767585964972,0.797093856619491
2014-03-21,1693,1687,1682,-0.2349644383645463,-0.1218677291448858,0.9964559952746603,0.9879959523519116,0.7905489629349931
2014-03-24,1711,1705,1700,-0.15651790343442112,-0.0920682647091498,0.9964932787843367,0.9904746055191408,0.7812290145940564
2014-03-25,1716,1710,1704,-0.17958118247428612,-0.120827856814624,0.9965034965034965,0.9865526119023761,0.7805469594143902
2014-03-26,1708,1702,1697,-0.17122227010348096,-0.12738005456501875,0.9964871194379391,0.987613414882015,0.7810307345278661
2014-03-27,1710,1704,1700,-0.22806129659241026,-0.16364189745394164,0.9964912280701754,0.9890211441977833,0.7885898449564487
2014-03-28,1704,1698,1695,-0.2339229205840817,-0.17598632715665352,0.9964788732394366,0.9863416059526657,0.7779505816123023
2014-03-31,1697,1691,1687,-0.2417022727998112,-0.16198914705569925,0.9964643488509134,0.9923143790612823,0.7777983533888237
2014-04-01,1698,1692,1688,-0.2495105233722588,-0.16483956134342717,0.9964664310954063,0.9874816168733738,0.7836466666084949
2014-04-02,1688,1682,1676,-0.25658318350968695,-0.16863981568115458,0.9964454976303317,0.9864770642652768,0.7742360969224703
2014-04-03,1681,1675,1668,-0.21729365461578623,-0.13362959695520335,0.9964306960142773,0.9884386406254695,0.7787333512775678
2014-04-04,1675,1669,1662,-0.11693725303512471,-0.05573797465498438,0.9964179104477612,0.9899179691222246,0.765427785741798
2014-04-07,1680,1674,1667,-0.11744545665396713,-0.043802901350689066,0.9964285714285714,0.9938706434831566,0.7337890634567769
2014-04-08,1685,1679,1672,-0.10405608516492248,-0.024507197356049035,0.9964391691394658,0.9900704541488742,0.7123339458054685
2014-04-09,1680,1674,1668,-0.1785331190094292,-0.09110317372969148,0.9964285714285714,0.9913349563157083,0.6900407427126852
2014-04-10,1679,1673,1667,-0.13586921503650184,-0.06248786602547094,0.9964264443120905,0.9899927137079689,0.710475442380187
2014-04-11,1681,1676,1669,-0.08599135289489022,-0.02924862845056281,0.9970255800118977,0.9889389420712235,0.681369234299164
2014-04-14,1683,1678,1671,-0.056749916861333786,-0.01475604536419333,0.9970291146761735,0.9926109138171713,0.6791367288293997
2014-04-15,1681,1677,1670,-0.029964200042024786,-0.002147087713983862,0.9976204640095181,0.9893825327950106,0.6643555034855444
2014-04-16,1679,1675,1668,-0.08936707368008623,-0.060519589121992706,0.9976176295413937,0.9854658249098203,0.6627812998100815
2014-04-17,1676,1672,1666,-0.11530727027181388,-0.08627362876278089,0.9976133651551312,0.9799161729855859,0.6851837825490985
2014-04-21,1677,1673,1668,-0.12389404514514123,-0.0867438600679861,0.9976147883124628,0.984170614947879,0.6871013868830642
2014-04-22,1656,1651,1646,-0.17554611057043099,-0.11397211683953974,0.9969806763285024,0.9910021833989754,0.6981280218433036
2014-04-23,1654,1649,1644,-0.1462793936161822,-0.10118514039961861,0.9969770253929867,0.9859117126047938,0.7129336982282828
2014-04-24,1651,1647,1642,-0.14141114392757753,-0.09264397976010982,0.9975772259236826,0.9844643755778787,0.7149928280110047
2014-04-25,1649,1644,1639,-0.07388002831802123,-0.032205283121965085,0.9969678593086719,0.9790865177407413,0.7030665848861575
2014-04-28,1651,1646,1641,-0.03935774326522339,-0.01746556848917353,0.9969715324046032,0.9857251444483797,0.700952463837404
2014-04-29,1651,1646,1641,-0.051151275775655015,-0.01343465579785778,0.9969715324046032,0.9848537344457218,0.6981831328499628
2014-04-30,1643,1638,1634,-0.04186175462282396,-0.006560927762806132,0.996956786366403,0.9828264651553349,0.6998053537728495
2014-05-01,1640,1633,1629,-0.03805873475827977,0.006230180287055448,0.9957317073170732,0.9835088769797148,0.694496813355341
2014-05-02,1648,1641,1636,0.004403043439229091,0.03726431693173708,0.995752427184466,0.9804336952732289,0.7035466795856399
2014-05-05,1656,1649,1644,-0.014075919193865383,0.0365873800800768,0.9957729468599034,0.9711410603864206,0.7079507973522648
2014-05-06,1650,1643,1637,0.029670653902601336,0.06837411888245894,0.9957575757575757,0.984773806737878,0.7426390869011399
2014-05-07,1647,1640,1635,0.024287682201250778,0.03316451451385644,0.9957498482088646,0.9829542330047852,0.7350128033407007
2014-05-08,1642,1635,1630,0.055822163031645194,0.03863788694646771,0.9957369062119367,0.9871720543440502,0.744664610237147
2014-05-09,1648,1641,1636,0.0821313494380024,0.07532932888988768,0.995752427184466,0.9788939983970735,0.7224876366721013
2014-05-12,1654,1648,1644,0.07247835948533739,0.05188593565649841,0.9963724304715841,0.9860143531489997,0.7468164458917832
2014-05-13,1655,1649,1644,0.06941091448344446,0.03879464676893571,0.9963746223564954,0.9841544101741754,0.761824504209616
2014-05-14,1657,1651,1646,0.07329991031013329,0.004331427575269209,0.996378998189499,0.9885573427980039,0.7495786978821148
2014-05-15,1649,1644,1639,0.06013664091807596,0.0025039237512631076,0.9969678593086719,0.9881962675489548,0.7392434135941509
2014-05-16,1656,1651,1645,0.10129229555208404,0.0320627865491265,0.9969806763285024,0.989125232784808,0.729497437861502
2014-05-19,1657,1652,1646,0.08986132744092283,0.015269570555365652,0.9969824984912492,0.9889081401962776,0.7180290733581031
2014-05-20,1654,1649,1643,0.09768966777223737,0.005070170266662196,0.9969770253929867,0.9878449953145398,0.7275961123665411
2014-05-21,1659,1654,1647,0.08800303611434912,0.04801543489634873,0.9969861362266426,0.9811471105038798,0.7121043847048114
2014-05-22,1658,1653,1646,0.08618901140833878,0.0768462359604872,0.996984318455971,0.9845057716237771,0.7402663489874668
2014-05-23,1658,1653,1646,0.08034712021356863,0.07164081408004373,0.996984318455971,0.9849605137264303,0.7578861634223883
2014-05-27,1657,1652,1645,0.03297807247110624,0.05493406012155917,0.9969824984912492,0.9853428657769148,0.7662565044477515
2014-05-28,1655,1650,1643,0.0026871376529438106,0.001594044700645134,0.9969788519637462,0.9850923088168595,0.7716323478930708
2014-05-29,1649,1644,1637,0.003840709618392303,0.019337121037110112,0.9969678593086719,0.9812285711841914,0.7709455713023263
2014-05-30,1638,1633,1628,-0.015967193868327394,-0.04352655883962849,0.996947496947497,0.9793319706218364,0.7763487500936049
2014-06-02,1630,1625,1621,-0.03134952383624142,-0.056206345129319664,0.9969325153374233,0.9786841157752793,0.7926669028886779
2014-06-03,1626,1621,1616,-0.033760848995189476,-0.06902428696145609,0.9969249692496925,0.9870004369950862,0.7947797585028367
2014-06-04,1628,1624,1618,-0.02665078823240746,-0.058477484363710565,0.9975429975429976,0.9873618246645548,0.7885004606008019
2014-06-05,1624,1620,1614,-0.04135974808009018,-0.08321911241565161,0.9975369458128078,0.9855011676960488,0.7992395391867753
2014-06-06,1622,1618,1612,-0.019732156631633087,-0.03779210863735376,0.9975339087546239,0.9787890935914044,0.7947562409391032
2014-06-09,1615,1611,1605,0.035075221468051684,0.061008632269955065,0.9975232198142415,0.9841192153728445,0.799548799302627
2014-06-10,1616,1612,1606,0.04768898873425024,0.07935178758258894,0.9975247524752475,0.9898406285003751,0.8050834331723545
2014-06-11,1605,1601,1596,0.061821332181837836,0.10629130718454384,0.9975077881619938,0.9878211699292999,0.7955717906090807
2014-06-12,1602,1598,1593,0.06697294880466857,0.11019361636030307,0.9975031210986267,0.9852378936870088,0.7902844402374026
2014-06-13,1596,1592,1587,0.10643078852872302,0.1326069924609059,0.9974937343358395,0.9845006517413057,0.7859781764135357
2014-06-16,1582,1578,1573,0.08819536049945452,0.1136512753119178,0.9974715549936789,0.983029582029465,0.7865696439109435
2014-06-17,1589,1585,1580,0.1399768773905065,0.20429909976507374,0.9974826935179358,0.9913342628010442,0.8042094713753459
2014-06-18,1592,1588,1583,0.12693027516600783,0.20515095708243059,0.9974874371859297,0.9923282469771522,0.7986700052716046
2014-06-19,1589,1585,1581,0.13080484615224144,0.18731246908184454,0.9974826935179358,0.9926503977891762,0.7910786912154458
2014-06-20,1586,1582,1578,0.1316659841878735,0.17465308305136937,0.9974779319041615,0.9918491127509886,0.7981078278503715
2014-06-23,1607,1603,1599,0.1305443698791367,0.17834851608600819,0.9975108898568762,0.9900696242847727,0.7906222566649149
2014-06-24,1610,1607,1601,0.06936785870534168,0.1744065185148794,0.9981366459627329,0.990578514744556,0.7784229379896879
2014-06-25,1613,1610,1603,0.05702891578238784,0.1376654875436384,0.9981401115933044,0.9898290214353214,0.7615276132613107
2014-06-26,1621,1618,1611,0.0427478921489749,0.1121952504050336,0.9981492905613819,0.9919425209307747,0.7469218300653514
2014-06-27,1622,1619,1612,0.041560964265809,0.12272939887752203,0.9981504315659679,0.9903271082566794,0.7329032190524325
2014-06-30,1660,1657,1650,0.008913387630472842,0.08407814224424703,0.9981927710843373,0.9828258765075414,0.7448758904671112
2014-07-01,1659,1656,1650,-0.023326135375022542,0.04444180411920454,0.9981916817359855,0.9879932382014078,0.7547451597306094
2014-07-02,1668,1665,1660,-0.05287939851911387,0.023844417497629358,0.9982014388489209,0.9881122972577024,0.756016426701121
2014-07-03,1675,1672,1667,-0.008299993496026328,0.08017779880851782,0.9982089552238806,0.9868666872216489,0.7652026248283073
2014-07-07,1662,1659,1655,-0.016630063788320933,0.03837832971275245,0.9981949458483754,0.9886157083086299,0.7623629230417152
2014-07-08,1662,1659,1655,-0.08284326549057039,-0.05519635291528084,0.9981949458483754,0.9853993494737474,0.7809187857474664
2014-07-09,1663,1660,1655,-0.12244714561335204,-0.11775647555071583,0.9981960312687913,0.9887095978485358,0.7841234353245018
2014-07-10,1659,1656,1651,-0.13736273544933006,-0.13466375610243264,0.9981916817359855,0.9863199530499737,0.7874164434513748
2014-07-11,1663,1660,1655,-0.11680083351017943,-0.11173363113319561,0.9981960312687913,0.9892466440029387,0.7940538011487377
2014-07-14,1662,1658,1653,-0.12903255390160656,-0.11936968106752331,0.9975932611311673,0.9871669831660347,0.7838167059403235
2014-07-15,1660,1656,1650,-0.1196236597202918,-0.10580304345382796,0.9975903614457832,0.988029473293821,0.7808936058695508
2014-07-16,1655,1651,1645,-0.12375655775485923,-0.10614470183497868,0.997583081570997,0.9861790743086606,0.7542669237453403
2014-07-17,1652,1648,1642,-0.12192276128835589,-0.11525104533416294,0.9975786924939467,0.985691575724367,0.7644768909262896
2014-07-18,1660,1656,1649,-0.11617133975914112,-0.10975238677376553,0.9975903614457832,0.9888626138694118,0.7556651758100329
2014-07-21,1663,1659,1650,-0.12355351782461035,-0.1279509357195164,0.9975947083583885,0.9859089971765709,0.750016894064519
2014-07-22,1643,1639,1630,-0.11256039614064493,-0.11972922850460856,0.9975654290931223,0.9875190381739966,0.7540452621416273
2014-07-23,1639,1635,1628,-0.07656684495363325,-0.09317724485456731,0.9975594874923734,0.9781822358421292,0.7563149842211241
2014-07-24,1641,1636,1630,-0.06310317137457638,-0.07832946548875575,0.9969530773918343,0.9787820349498592,0.7628950185595166
2014-07-25,1646,1641,1635,-0.057596158153339294,-0.08295411125327322,0.996962332928311,0.9873356288614116,0.7576172274915077
2014-07-28,1642,1638,1632,-0.022619291097671558,-0.07650467418187934,0.997563946406821,0.9846871891458545,0.7324688669150631
2014-07-29,1604,1599,1594,-0.01746311027706943,-0.08263440570257466,0.9968827930174564,0.9860711427621109,0.7361860603696473
2014-07-30,1600,1595,1590,0.04462091023877789,-0.013980251713782312,0.996875,0.9691141927822716,0.7281393335506265
2014-07-31,1585,1581,1577,0.11567373715043655,0.03810633270060538,0.9974763406940063,0.9826755218713353,0.7250348991543044
2014-08-01,1586,1582,1576,0.11220093166837243,0.028199288509329616,0.9974779319041615,0.9887190250689493,0.722384812714362
2014-08-04,1603,1599,1594,0.059362415786405734,-0.023775733986657215,0.9975046787273861,0.9847705439289149,0.7244023149200656
2014-08-05,1606,1602,1597,0.09164053096485544,0.03174758309987903,0.9975093399750934,0.9833324434018849,0.7400654677202847
2014-08-06,1608,1605,1601,0.05957683629792315,0.009563100777369632,0.9981343283582089,0.9849425012217553,0.7260479950070076
2014-08-07,1614,1611,1607,0.08026672065617643,0.03451717718365391,0.9981412639405205,0.9872296113042441,0.7251460770291748
2014-08-08,1613,1610,1606,0.0270625797404502,-0.008065589142982511,0.9981401115933044,0.9884427557980763,0.7348117825773745
2014-08-11,1629,1626,1621,0.035978794884079235,0.021345099598009572,0.998158379373849,0.9875020540340831,0.7438869384700378
2014-08-12,1633,1630,1625,-0.012564106944202999,-0.0314645433457009,0.998162890385793,0.9786825913361531,0.7372032572969495
2014-08-13,1632,1628,1623,-0.06265786301563962,-0.0576204628919025,0.9975490196078431,0.9821686605625453,0.7270911643097073
2014-08-14,1631,1627,1621,-0.07586329770242375,-0.06809625244228056,0.9975475168608215,0.9856024239480488,0.7252285486934282
2014-08-15,1624,1621,1616,-0.034087792027535584,-0.043619520857755806,0.9981527093596059,0.9893373414629377,0.710701363285022
2014-08-18,1620,1617,1613,0.01868685675753455,0.03569373484145194,0.9981481481481481,0.9865280027167294,0.7037869598634767
2014-08-19,1623,1620,1616,-0.02247023938414207,0.005221488851354279,0.9981515711645101,0.985028104102175,0.6925622563529059
2014-08-20,1626,1623,1619,-0.03842220759492963,-0.045563070864210256,0.9981549815498155,0.9771711186850758,0.700614984120791
2014-08-21,1621,1618,1613,-0.02100711315199386,-0.02220089271051827,0.9981492905613819,0.9802561462857852,0.7214764548203441
2014-08-22,1623,1620,1615,-0.012175409287068738,0.0299859940993121,0.9981515711645101,0.9805858978290934,0.7398882677344959
2014-08-25,1619,1616,1611,0.002634035533074427,0.04773172429467931,0.9981470043236566,0.9867878542560309,0.7493985576467401
2014-08-26,1610,1607,1602,0.025977847235535735,0.07211623217660702,0.9981366459627329,0.9799710015315509,0.746755611574039
2014-08-27,1607,1604,1599,0.0015515228188293538,0.038611391584696765,0.9981331673926571,0.9816212397904713,0.7221023237238035
2014-08-28,1598,1595,1590,-0.00475319333798478,0.028808163986474025,0.9981226533166458,0.9843257539060387,0.7225444767817916
2014-08-29,1573,1570,1566,-0.00522141556108069,0.02633021034414091,0.9980928162746344,0.9834252731860288,0.7239935884935402
2014-09-02,1555,1552,1548,0.051042086178337776,0.06494439543430096,0.9980707395498393,0.9837556882026869,0.7293471604286829
2014-09-03,1561,1558,1554,-0.0013481478478014938,0.013390299987136244,0.9980781550288277,0.9846636705184105,0.7429565640408834
2014-09-04,1564,1560,1556,-0.01111861456198952,-0.023607903032457946,0.9974424552429667,0.986135185615442,0.7280746845533892
2014-09-05,1559,1555,1551,-0.010032073267864877,-0.043554690892109525,0.9974342527261065,0.9838423732180893,0.7090220973428953
2014-09-08,1552,1548,1544,0.028484969886542255,0.006886905571317587,0.9974226804123711,0.9848361881046089,0.6950872421251334
2014-09-09,1545,1541,1538,0.03192619383229719,0.0061993424307185616,0.997411003236246,0.9877299480927851,0.6518717942285392
2014-09-10,1544,1540,1537,0.05394403142885427,0.026004378452443154,0.9974093264248705,0.9914115998791166,0.6933064117847918
2014-09-11,1551,1547,1544,0.05567375791847569,0.04743039197905633,0.9974210186976145,0.9837412845850693,0.6761389498559196
2014-09-12,1557,1554,1551,0.08312175147070688,0.07565325973759464,0.9980732177263969,0.9866495593924521,0.7148452031150645
2014-09-15,1552,1549,1546,-0.002900057841230849,0.005447376550342448,0.9980670103092784,0.9908123290593835,0.7441352027766481
2014-09-16,1548,1545,1542,-0.05910037415099677,-0.04729599433150233,0.998062015503876,0.983686150869435,0.747364211982512
2014-09-17,1551,1548,1545,-0.0960109718344599,-0.10186370751324966,0.9980657640232108,0.9853719253409343,0.7547476602908344
2014-09-18,1549,1547,1543,-0.0952314172825886,-0.10290672384814452,0.9987088444157521,0.9864107740693477,0.7299398208202904
2014-09-19,1551,1549,1545,-0.05661308712507018,-0.06628651530634747,0.9987105093488072,0.984796727605207,0.711522458190767
2014-09-22,1577,1575,1571,-0.07560349602269101,-0.08249095804223812,0.9987317691819911,0.9886537422743182,0.7027628422921698
2014-09-23,1584,1583,1578,-0.05008964348177233,-0.061135178707503485,0.9993686868686869,0.987925597849529,0.6923866296525732
2014-09-24,1585,1584,1579,-0.036300655425277786,-0.03913560761014432,0.9993690851735015,0.9819926528189887,0.7045478072999551
2014-09-25,1577,1576,1571,-0.02166079104806358,-0.04101688796706411,0.9993658845909955,0.9856038790616982,0.7184840197328577
2014-09-26,1582,1581,1576,-0.03241268201824312,-0.03184502446256985,0.9993678887484198,0.9869535332038308,0.7216517758853953
2014-09-29,1584,1583,1579,-0.06891057907823829,-0.06266403912861847,0.9993686868686869,0.9892589325417183,0.6966960700869151
2014-09-30,1592,1591,1587,-0.0593745317501993,-0.0758709832824903,0.9993718592964824,0.9834941915769391,0.6821638115798953
2014-10-01,1599,1598,1594,-0.012028770121069393,-0.029248562141563354,0.9993746091307066,0.9818113652094438,0.6849925482997362
2014-10-02,1600,1599,1595,0.00222855000536518,-0.008943545484384101,0.999375,0.9862931797638248,0.6998226661693285
2014-10-03,1608,1607,1603,-0.003357043247381742,-0.03253347329151887,0.9993781094527363,0.9885449715251473,0.7015745153932931
2014-10-06,1609,1608,1604,0.05108128400044593,0.012825062709800918,0.9993784959602238,0.9833192912548508,0.6966487942278913
2014-10-07,1604,1603,1599,0.07775683698271728,0.03408319674921939,0.9993765586034913,0.9877374798138615,0.707237602946199
2014-10-08,1607,1606,1601,0.04223881492440526,-0.006420214893780457,0.9993777224642191,0.9886853404191659,0.7106087623882728
2014-10-09,1610,1608,1603,0.05349255992318924,0.0006079966916434447,0.9987577639751553,0.9902654725350143,0.7104374331615028
2014-10-10,1607,1605,1601,0.05310706028207372,0.008245177405506794,0.998755444928438,0.9820849167227854,0.6921551157818553
2014-10-13,1619,1616,1612,0.09586792977565699,0.042005421230377045,0.9981470043236566,0.9875511374933152,0.6804765447840376
2014-10-14,1624,1621,1617,0.08198499636225248,0.0506157752325776,0.9981527093596059,0.985798403679395,0.652255619366666
2014-10-15,1626,1623,1619,0.11495710646101084,0.07561085954041583,0.9981549815498155,0.9741846497779,0.6502487390245598
2014-10-16,1638,1635,1630,0.1257789795876175,0.12864350554047918,0.9981684981684982,0.9853247742764681,0.6426519607934115
2014-10-17,1642,1639,1634,0.0924688509279229,0.09576458761847409,0.9981729598051157,0.982305773366527,0.6522820308539564
2014-10-20,1628,1625,1620,0.12263446899725064,0.1162719399614785,0.9981572481572482,0.9809077666138193,0.6744673555258069
2014-10-21,1628,1625,1620,0.13885946452582415,0.13072857753266545,0.9981572481572482,0.9808620660963442,0.6875135059996975
2014-10-22,1622,1619,1613,0.11228168734024944,0.10136877632352108,0.9981504315659679,0.9831254500175479,0.7146957970208678
2014-10-23,1625,1622,1616,0.08806820683582925,0.06895088415772908,0.9981538461538462,0.9887687333943346,0.7086330806667196
2014-10-24,1626,1623,1617,0.04496653287054597,0.023955998561436192,0.9981549815498155,0.9837089768675781,0.7127415669176681
2014-10-27,1627,1624,1617,0.05081692312962484,0.024096702195635634,0.9981561155500922,0.9753458466821381,0.7123316340616114
2014-10-28,1627,1625,1618,0.0679549617726356,0.07276050631230344,0.9987707437000615,0.9835806545525274,0.7127203206711394
2014-10-29,1627,1625,1619,0.10154179363335566,0.0876087159935256,0.9987707437000615,0.9781816709573604,0.722332120480917
2014-10-30,1629,1627,1620,0.12727825733678827,0.12031036721451624,0.9987722529158993,0.9864389199075149,0.7468364184462142
2014-10-31,1642,1640,1633,0.13434445125289407,0.13828457161687543,0.9987819732034104,0.9848929536403467,0.7459402894555237
2014-11-03,1654,1652,1646,0.18901928753487857,0.1553549623314893,0.9987908101571947,0.9872557501602278,0.7567648841535587
2014-11-04,1664,1662,1656,0.15407998274383047,0.11247589625502304,0.9987980769230769,0.9895751146359556,0.7576936123408978
2014-11-05,1665,1663,1657,0.25898850944918567,0.1875036933414521,0.9987987987987988,0.9814721858205594,0.7506189519162004
2014-11-06,1663,1661,1654,0.26922657495412083,0.20433297060268105,0.9987973541791942,0.9826279982404577,0.7371211352934948
2014-11-07,1674,1672,1663,0.3395179911953911,0.2682023646969182,0.998805256869773,0.976994003201525,0.7540902163310368
2014-11-10,1682,1680,1671,0.307612070664012,0.2199659703211327,0.9988109393579072,0.9766214560977465,0.7616580323430695
2014-11-11,1687,1685,1675,0.36203019702200223,0.27380187368646164,0.998814463544754,0.9894004848085407,0.7769158937567286
2014-11-12,1690,1687,1677,0.37601704307212364,0.2974337308103195,0.9982248520710059,0.985850900636916,0.7830889988307627
2014-11-13,1673,1670,1661,0.3735708243470771,0.30637867850338707,0.9982068141063957,0.9832452018796941,0.7692939963479755
2014-11-14,1662,1659,1650,0.34709417114172814,0.29267592351398836,0.9981949458483754,0.9826879256475579,0.7576881946599284
2014-11-17,1658,1655,1645,0.30973789786947986,0.24163309100918776,0.9981905910735827,0.9897972930644908,0.7673668801123169
2014-11-18,1658,1655,1646,0.28594628574955383,0.2412555621945935,0.9981905910735827,0.9836082799398154,0.7717257113260663
2014-11-19,1658,1655,1647,0.2888932981447442,0.233311756426407,0.9981905910735827,0.9853083256393756,0.773207701930689
2014-11-20,1658,1655,1647,0.2984167737585494,0.2371880950826173,0.9981905910735827,0.9778004988875281,0.7722985547128751
2014-11-21,1653,1650,1641,0.3253602202706135,0.2599072524759857,0.9981851179673321,0.9841250625153413,0.7775131202870029
2014-11-24,1660,1657,1648,0.24916666415046282,0.21158319515314838,0.9981927710843373,0.9868879363458265,0.78698141657726
2014-11-25,1668,1665,1656,0.27311045018006347,0.24116226141041286,0.9982014388489209,0.9872069326467927,0.8068604927042278
2014-11-26,1663,1660,1651,0.239752295891241,0.21202371097473255,0.9981960312687913,0.9859043117452415,0.8077715087330959
2014-11-28,1658,1655,1647,0.09604026816375538,0.08261269923721382,0.9981905910735827,0.9832959168385398,0.8223981025111766
2014-12-01,1644,1641,1632,0.07221632288911996,0.06836421534597091,0.9981751824817519,0.9847644357693836,0.8259146834884111
2014-12-02,1634,1632,1623,0.014632420368746912,0.03900054546912397,0.9987760097919217,0.9856966076037833,0.8232296776263209
2014-12-03,1634,1633,1623,0.03436216442464132,0.06637457539709092,0.9993880048959608,0.9842092366929823,0.8332468984887592
2014-12-04,1633,1632,1622,0.06201102005863226,0.11551790406959629,0.9993876301285977,0.9832205170428127,0.8397952257752563
2014-12-05,1614,1613,1605,0.04531634319795653,0.11839427339171889,0.9993804213135068,0.9828166471752592,0.8396902722094861
2014-12-08,1609,1608,1601,-0.0010853714134036606,0.06317433275551294,0.9993784959602238,0.9804315582358141,0.8470223271112958
2014-12-09,1614,1613,1606,0.05545514551831791,0.10624757853604086,0.9993804213135068,0.9902414519424746,0.8416870477437419
2014-12-10,1614,1613,1607,0.011348991267439315,0.03487577529800101,0.9993804213135068,0.9917820304668423,0.859193339944293
2014-12-11,1616,1615,1609,0.06938733504776537,0.06901583132748024,0.9993811881188119,0.9894218825290207,0.8560533419663235
2014-12-12,1614,1613,1605,0.06786484459267712,0.06981009435652448,0.9993804213135068,0.9922217175970792,0.8544797514050734
2014-12-15,1616,1615,1607,0.05161147802966499,0.04816690797208021,0.9993811881188119,0.9898821455675707,0.8405364000675974
2014-12-16,1624,1623,1616,0.11805785973309417,0.13099366991099684,0.999384236453202,0.9896152932257692,0.8272277291138301
2014-12-17,1627,1626,1619,0.1775704576026335,0.18555376813538058,0.9993853718500307,0.9927312427545705,0.818214486681888
2014-12-18,1633,1632,1624,0.210166097837589,0.22836428126656952,0.9993876301285977,0.9914919854215998,0.8135307332525251
2014-12-19,1645,1644,1635,0.23287600657723348,0.24169952966389655,0.9993920972644377,0.992373914139085,0.8140542769522139
2014-12-22,1680,1679,1671,0.21218226171713234,0.2397766397573444,0.9994047619047619,0.991236325414245,0.8120161877002617
2014-12-23,1680,1679,1671,0.27292682451916106,0.2956804240899288,0.9994047619047619,0.9933780594852544,0.8032019310025923
2014-12-24,1680,1679,1671,0.21539086398562213,0.25001436656636133,0.9994047619047619,0.9912287400549927,0.8064541092763502
2014-12-26,1665,1664,1655,0.1848107801375531,0.22152517546594533,0.9993993993993994,0.9895721004245684,0.8137944194389894
2014-12-29,1663,1661,1652,0.24421346478887312,0.27205215098307334,0.9987973541791942,0.989497018503378,0.8126887125025678
2014-12-30,1671,1669,1660,0.2721372035262462,0.3011394426358666,0.9988031119090365,0.9905127242254989,0.823627127378044
2014-12-31,1665,1663,1652,0.19572411260621375,0.2344536279039705,0.9987987987987988,0.9919547125112638,0.8223019033244107
2015-01-02,1665,1663,1652,0.12745189939576673,0.1756469177844677,0.9987987987987988,0.9933161011114463,0.8331449877339802
2015-01-05,1661,1659,1648,-0.06479759732162897,0.00862619012206366,0.9987959060806743,0.9930121898520855,0.8352625804482967
2015-01-06,1660,1658,1647,-0.05564085775575725,0.016243412586323065,0.9987951807228915,0.9878619380330735,0.8311820009874307
2015-01-07,1663,1662,1652,-0.1540307289133135,-0.06922103583548823,0.9993986770895971,0.9913760211202346,0.8344905085721179
2015-01-08,1659,1658,1647,-0.19780776277186732,-0.11618048361193885,0.9993972272453285,0.9929103270596447,0.8394301162196292
2015-01-09,1658,1657,1646,-0.23537009617382157,-0.17241456222690332,0.9993968636911942,0.9927932281946306,0.8406872728679069
2015-01-12,1652,1651,1639,-0.23610508525661694,-0.1781268112582564,0.9993946731234867,0.9902259010130737,0.8430615232545157
2015-01-13,1655,1654,1644,-0.23176226478514408,-0.19012451282959,0.9993957703927493,0.9866302260292714,0.8454372446027284
2015-01-14,1663,1662,1653,-0.24074206664996023,-0.2172902505316832,0.9993986770895971,0.9872018697039001,0.8544561622162605
2015-01-15,1651,1650,1640,-0.28970415450368375,-0.26613534800305005,0.9993943064809206,0.9881654670110893,0.8524990639409331
2015-01-16,1648,1647,1637,-0.28698187344795567,-0.2751902617771843,0.9993932038834952,0.9888804736511413,0.8508930731334406
2015-01-20,1641,1640,1628,-0.27923059108479076,-0.2567051991440845,0.9993906154783668,0.986760238255037,0.8492166366282308
2015-01-21,1641,1640,1628,-0.19447344956894236,-0.19254642035274025,0.9993906154783668,0.9848549396574571,0.8502453966058935
2015-01-22,1601,1600,1589,-0.18442191946123165,-0.19838026683436774,0.9993753903810119,0.986396578310419,0.8549479299019925
2015-01-23,1607,1606,1596,-0.17062329768624565,-0.19381594101026253,0.9993777224642191,0.9875210201344429,0.8630059850612302
2015-01-26,1609,1608,1598,-0.17047394947996025,-0.1756863734546412,0.9993784959602238,0.9910764444115527,0.8542100425654462
2015-01-27,1626,1625,1615,-0.17963706874478202,-0.1914740888558233,0.9993849938499385,0.9908571295523398,0.8551688998883827
2015-01-28,1627,1626,1616,-0.19777261224955237,-0.2094307361487416,0.9993853718500307,0.9898024398536444,0.852553866571438
2015-01-29,1632,1631,1621,-0.25390007454980323,-0.24911635392857767,0.9993872549019608,0.9901434457510812,0.8462318665518543
2015-01-30,1642,1641,1632,-0.1082641871099744,-0.10718409112236968,0.9993909866017052,0.990325347626733,0.8455961224745062
2015-02-02,1646,1645,1637,-0.01645967095348777,-0.044325455670377455,0.9993924665856622,0.9928534937494424,0.8356436889665193
2015-02-03,1653,1652,1644,0.09862346191228574,0.0481998452527267,0.999395039322444,0.990482762549438,0.8405414261180324
2015-02-04,1661,1660,1652,0.08751572815397386,-0.011683313565554075,0.9993979530403372,0.9914391962809067,0.8502378507361268
2015-02-05,1657,1656,1648,0.1243694656403114,0.021859028102255283,0.9993964996982498,0.9902348745604588,0.8524216525986011
2015-02-06,1659,1658,1651,0.21302967417776814,0.0929211586491709,0.9993972272453285,0.9921397894759678,0.8537229466002592
2015-02-09,1657,1656,1648,0.27422315251476415,0.16835789733528908,0.9993964996982498,0.991887539344569,0.852535002880629
2015-02-10,1657,1656,1649,0.19810992175099823,0.08758047215756293,0.9993964996982498,0.9919973558159166,0.8515539974639788
2015-02-11,1656,1655,1647,0.20413517830232128,0.10372827797029834,0.9993961352657005,0.9893286544114427,0.8588945005149015
2015-02-12,1656,1655,1646,0.25705807697718014,0.14643726073627017,0.9993961352657005,0.9939251193810317,0.8598477475359763
2015-02-13,1662,1661,1653,0.34287005038358165,0.23399977080107576,0.9993983152827918,0.9912038027060849,0.851590314114856
2015-02-17,1659,1658,1647,0.3674256189000765,0.24942837258723205,0.9993972272453285,0.9955198403673555,0.8351159757632366
2015-02-18,1656,1655,1646,0.27573692046060344,0.1776710917067463,0.9993961352657005,0.9931346573810637,0.8338215880637481
2015-02-19,1659,1658,1649,0.34673274716780655,0.24985630382852492,0.9993972272453285,0.9942117325011633,0.8359359180551159
2015-02-20,1654,1653,1644,0.28026939517429184,0.19000786159583516,0.9993954050785974,0.9921288603836214,0.832815527965873
2015-02-23,1653,1653,1644,0.21206738998886265,0.14236806271624877,1.0,0.9943716441342684,0.8356746291366911
2015-02-24,1654,1654,1645,0.23099940827860183,0.16941108010580086,1.0,0.9939369879041995,0.8353045885370461
2015-02-25,1654,1654,1645,0.15605702977768263,0.12702708086967482,1.0,0.9922749264011134,0.823792130598612
2015-02-26,1663,1663,1653,0.0729638312997493,0.07014826105452361,1.0,0.9927734980587392,0.8098777812742934
2015-02-27,1665,1665,1655,0.20768525850842276,0.18496452720168785,1.0,0.9922355232337696,0.8117091846687355
2015-03-02,1666,1666,1657,0.17843889884090305,0.14383525670897868,1.0,0.9892188034860031,0.8080397154605116
2015-03-03,1668,1668,1659,0.19158009364362302,0.15983271446345299,1.0,0.9938057173115652,0.8053405569122457
2015-03-04,1671,1671,1661,0.17587918349919635,0.13914525252938303,1.0,0.9927186006704602,0.7958939801140322
2015-03-05,1669,1669,1659,0.11050987884891555,0.09516047073620201,1.0,0.9911043680476571,0.7908327891784133
2015-03-06,1662,1662,1652,0.01450802125924748,0.0238066647516434,1.0,0.9897790317305282,0.7795313234012139
2015-03-09,1661,1661,1651,-0.07128886834076868,-0.06102007428044944,1.0,0.9859199088200811,0.7304226761660798
2015-03-10,1656,1656,1647,-0.020898120005428334,-0.03407322688439259,1.0,0.9935784875531678,0.7471302991769566
2015-03-11,1661,1661,1652,-0.06712710181038986,-0.08614217981363634,1.0,0.9921466084957978,0.74872828542199
2015-03-12,1661,1661,1652,-0.0924528612698752,-0.10115913002551463,1.0,0.9918924584581971,0.7613170434683383
2015-03-13,1680,1679,1671,-0.11952993024176983,-0.13548262069831837,0.9994047619047619,0.9888560324314971,0.7863667401037393
2015-03-16,1680,1679,1671,-0.19944004354191197,-0.1893772667013397,0.9994047619047619,0.9884903697110412,0.8077177917586323
2015-03-17,1677,1676,1670,-0.28165553566428075,-0.2689522710433351,0.9994036970781157,0.9942933855571126,0.8261062824351527
2015-03-18,1681,1680,1674,-0.18680043887722256,-0.22069957432499343,0.9994051160023796,0.9887666936259659,0.8327417262379359
2015-03-19,1683,1682,1677,-0.281440883691213,-0.3072665080088808,0.9994058229352347,0.991854301791649,0.8192980869079993
2015-03-20,1684,1683,1678,-0.22392818753792565,-0.2632011758004325,0.9994061757719715,0.9907541376694304,0.8368984503026542
2015-03-23,1702,1701,1696,-0.10844654576986465,-0.1747820498452652,0.999412455934195,0.9939621281164411,0.833153170017028
2015-03-24,1703,1702,1697,-0.13465239903179457,-0.21619240830944425,0.9994128009395185,0.991513271709508,0.8300603410214538
2015-03-25,1704,1703,1699,-0.013010065343974794,-0.15867621887207115,0.9994131455399061,0.986750296305199,0.8381058398398384
2015-03-26,1700,1699,1695,0.02620681067002129,-0.11856619317627434,0.9994117647058823,0.9899026132560271,0.8378877590865837
2015-03-27,1694,1693,1688,-0.18430835426913836,-0.2793319363903647,0.999409681227863,0.9885066588699843,0.8279722772875535
2015-03-30,1689,1688,1682,-0.2773537874844334,-0.3320275770740953,0.9994079336885732,0.9892334775985423,0.8305446985263192
2015-03-31,1690,1689,1682,-0.3318887461416346,-0.3590358156742121,0.9994082840236687,0.9920606425529565,0.8390291160579909
2015-04-01,1694,1693,1687,-0.3722619365818755,-0.3585711380409155,0.999409681227863,0.9882691158293448,0.8216676829977805
2015-04-02,1693,1692,1686,-0.2764617913885362,-0.28991783414982464,0.9994093325457767,0.9911443299283216,0.8369596810079529
2015-04-06,1690,1689,1683,-0.20295012207597884,-0.21529231991661654,0.9994082840236687,0.9814631354189929,0.8325186283746172
2015-04-07,1688,1687,1681,-0.2304173811189368,-0.22373077350986684,0.9994075829383886,0.9882326731918578,0.8165711294096548
2015-04-08,1688,1687,1681,-0.22553301730426056,-0.2416922534826277,0.9994075829383886,0.9887987982512385,0.805582606337327
2015-04-09,1693,1692,1686,-0.16113909594155912,-0.15776522403320736,0.9994093325457767,0.9864988531751948,0.818007789511055
2015-04-10,1686,1685,1678,-0.14576745596793844,-0.13115190760561513,0.9994068801897983,0.9856623555080017,0.8130817773937713
2015-04-13,1678,1677,1669,-0.14228321210535025,-0.10856371751154863,0.9994040524433849,0.9892728457652663,0.8158313029101861
2015-04-14,1680,1679,1670,-0.11633175956987299,-0.09728817780651046,0.9994047619047619,0.9906089741734834,0.8241083969929953
2015-04-15,1683,1682,1674,-0.05233461770323701,-0.015818083547004952,0.9994058229352347,0.9914016557892199,0.8116826810873942
2015-04-16,1685,1684,1676,-0.05410166304876135,-0.011504659427724613,0.9994065281899109,0.9881943938454851,0.8031342315840766
2015-04-17,1679,1677,1668,-0.02981735474821468,0.0033236633662623483,0.9988088147706968,0.9877346685446763,0.8144285260014524
2015-04-20,1679,1676,1667,-0.009153917819477244,0.02271289374829838,0.9982132221560452,0.9878747665125717,0.8232951658165989
2015-04-21,1650,1648,1638,-0.030351543019627787,-0.00540951711656064,0.9987878787878788,0.9915139973779467,0.8311759256088405
2015-04-22,1647,1645,1635,-0.01385578041572778,0.02924535997175746,0.9987856709168185,0.9880772708259731,0.8372528001747912
2015-04-23,1644,1642,1631,-0.032387155263573796,0.015917954769784196,0.9987834549878345,0.9869600141033142,0.8365822846549741
2015-04-24,1642,1640,1628,-0.017349173349701527,0.023472670767797188,0.9987819732034104,0.9844274758927826,0.8217639733378864
2015-04-27,1638,1636,1624,0.09876189735190948,0.1178195095744977,0.9987789987789988,0.9806443285106445,0.7686079876734921
2015-04-28,1641,1639,1628,0.18059433867495847,0.1736790985382602,0.9987812309567337,0.9928268209497141,0.7442661518825476
2015-04-29,1633,1631,1623,0.24094341811334105,0.24347702495798185,0.9987752602571953,0.9884109741159062,0.7347813725150713
2015-04-30,1626,1624,1615,0.31895156094770055,0.2954544322790034,0.998769987699877,0.9837825123343233,0.713092476395887
2015-05-01,1638,1636,1627,0.29403866484310465,0.2757451288739497,0.9987789987789988,0.9861747079727012,0.6915483985989267
2015-05-04,1646,1644,1635,0.2538488965667507,0.2574703748436716,0.9987849331713244,0.9840196853117568,0.7005034877459333
2015-05-05,1645,1643,1636,0.3078655313022448,0.2759478155779321,0.9987841945288753,0.9906471841044696,0.6624316861867631
2015-05-06,1653,1650,1643,0.2685720255555463,0.2603163243042076,0.9981851179673321,0.9914920693153706,0.668576477713591
2015-05-07,1660,1657,1649,0.24507612627974384,0.22964997642263005,0.9981927710843373,0.9895330681453587,0.6228506173704681
2015-05-08,1670,1667,1660,0.23239553267801932,0.21795878837127883,0.9982035928143712,0.9908790886045936,0.641045292045897
2015-05-11,1683,1680,1672,0.19641372718486902,0.1916989549989819,0.9982174688057041,0.9892344545734185,0.6105499808276361
2015-05-12,1690,1687,1679,0.19696522090597074,0.21271999176128953,0.9982248520710059,0.9905785159905973,0.602274174082822
2015-05-13,1687,1684,1675,0.23787713170734745,0.2431350599378198,0.998221695317131,0.9913538084621959,0.6279737565704889
2015-05-14,1687,1683,1673,0.1966560358051735,0.20780123353451682,0.997628927089508,0.990527093446673,0.6662632942214453
2015-05-15,1684,1680,1671,0.224440277211579,0.2449734532292639,0.997624703087886,0.9889734757858898,0.6730832839939722
2015-05-18,1687,1683,1674,0.19340140125434394,0.20462135523591615,0.997628927089508,0.9887218973079674,0.69258939970928
2015-05-19,1691,1687,1679,0.18517070004024655,0.1817087200214748,0.9976345357776464,0.989911714661378,0.6840585526528729
2015-05-20,1696,1692,1684,0.2192178351626385,0.21288088950840725,0.9976415094339622,0.9899080817128401,0.7262152104653967
2015-05-21,1703,1699,1691,0.24509449443816653,0.25821249465719387,0.997651203758074,0.9882310801169826,0.7215242479308182
2015-05-22,1695,1691,1684,0.2539415123515942,0.24307597815420834,0.9976401179941002,0.9589667859615031,0.7225506795257581
2015-05-26,1695,1691,1684,0.17920744308713935,0.1853547291352792,0.9976401179941002,0.9829340055770822,0.7638424614146492
2015-05-27,1695,1691,1684,0.12996952216367644,0.13664995175392153,0.9976401179941002,0.9796859678889369,0.7749366617407563
2015-05-28,1691,1687,1680,0.14329989185242228,0.18261944132329502,0.9976345357776464,0.9819676095082874,0.7848559783703937
2015-05-29,1688,1684,1678,0.07671227429858245,0.11690828091017384,0.9976303317535545,0.9760066864444645,0.7989562589260729
2015-06-01,1682,1677,1671,0.06537458446251303,0.1107102366440446,0.9970273483947681,0.9781009991995387,0.8113302274731702
2015-06-02,1668,1663,1656,0.11477459374183492,0.11892480128340789,0.9970023980815348,0.983770433683558,0.8170991158541336
2015-06-03,1673,1669,1661,0.04128637219982641,0.08206372197418507,0.9976090854751942,0.9753781350639662,0.8147066964032643
2015-06-04,1666,1662,1652,0.07730993919893825,0.11321825288666122,0.9975990396158463,0.9843134244427493,0.8167816887623162
2015-06-05,1655,1651,1640,0.021079642309335803,0.08342900495303736,0.997583081570997,0.9823884758073175,0.8208754905689551
2015-06-08,1662,1658,1646,0.037807119038174436,0.0731678261637694,0.9975932611311673,0.9802577015377538,0.8180631918554004
2015-06-09,1650,1646,1633,0.002929563764849767,0.041527891598054076,0.9975757575757576,0.9863292763479408,0.8108561825266547
2015-06-10,1650,1646,1634,0.04199295067374515,0.05749494533378478,0.9975757575757576,0.9860096820107291,0.7965057045992966
2015-06-11,1647,1642,1631,0.07703677957786367,0.09047770428637988,0.9969641772920461,0.983198424758835,0.7994777609615998
2015-06-12,1644,1639,1629,0.12036428377091327,0.11040302318816463,0.9969586374695864,0.9863085588980892,0.797757191009668
2015-06-15,1636,1631,1621,0.16490690263246333,0.14583523888142472,0.9969437652811736,0.9786824359956368,0.7868875035051016
2015-06-16,1650,1646,1636,0.19500791415532512,0.17746918134654405,0.9975757575757576,0.9894506767447813,0.7734153213960074
2015-06-17,1650,1646,1636,0.2196601344491145,0.17885763919495973,0.9975757575757576,0.9857185234671652,0.7862458843877593
2015-06-18,1651,1647,1637,0.2803323577543794,0.24663442496021426,0.9975772259236826,0.9918000754292269,0.7759246845080053
2015-06-19,1659,1655,1645,0.26383987805333464,0.2478557088394399,0.997588908981314,0.9931514906133477,0.7890205734960724
2015-06-22,1680,1676,1665,0.2211166507925866,0.20202723761022162,0.9976190476190476,0.9929734725229831,0.7788152665537271
2015-06-23,1688,1684,1675,0.2293191292191915,0.20760349457577704,0.9976303317535545,0.9935880073316811,0.7729119403226037
2015-06-24,1683,1679,1669,0.24241799964143393,0.21520444074629413,0.9976232917409388,0.9927130054400276,0.7556025679479972
2015-06-25,1690,1686,1676,0.22591963115322358,0.18996933818149972,0.9976331360946745,0.9899364984483396,0.7440224716381237
2015-06-26,1701,1697,1686,0.23970407998986507,0.19554861651869437,0.9976484420928865,0.98684710216812,0.7617237533988331
2015-06-29,1730,1726,1715,0.19843752497978795,0.15606909224416857,0.9976878612716763,0.9889777238648654,0.7598827085277067
2015-06-30,1733,1729,1719,0.12030800660745324,0.0708914513703604,0.9976918638199653,0.9857117072634061,0.7714950960328221
2015-07-01,1736,1732,1723,0.08175328003474673,0.02655993681150178,0.9976958525345622,0.9904738261976018,0.7628402529373837
2015-07-02,1741,1737,1730,0.11246158137375163,0.05618202910566819,0.9977024698449167,0.9892590929676089,0.7626690623076495
2015-07-06,1738,1734,1727,0.09447935638133707,0.055792684131466076,0.997698504027618,0.9818899123314128,0.7674057230785879
2015-07-07,1744,1739,1732,0.11989332765211778,0.09330217688386501,0.9971330275229358,0.9866251688554908,0.7618183184388077
2015-07-08,1746,1741,1736,0.1478910955859956,0.11274012244702132,0.9971363115693013,0.9888607789305265,0.7658074213692958
2015-07-09,1756,1750,1745,0.10128873917802242,0.0710190582940394,0.9965831435079726,0.9872653029119608,0.7328831474334888
2015-07-10,1748,1742,1736,0.04625086205889495,0.015062543635767252,0.9965675057208238,0.9903665380472935,0.7181623472376396
2015-07-13,1752,1746,1740,0.06845631585568626,0.04138340599950423,0.9965753424657534,0.990318281506169,0.7264307243432122
2015-07-14,1756,1750,1744,0.016258190795179456,-0.01267500311399526,0.9965831435079726,0.9872575516428067,0.7404277190965711
2015-07-15,1757,1751,1745,0.009054753453097523,-0.04700901252230077,0.9965850882185544,0.9894649097229851,0.7669247721643524
2015-07-16,1759,1753,1747,-0.007128857797426049,-0.034531023299709564,0.9965889710062535,0.9889815551495165,0.7466385482663686
2015-07-17,1758,1752,1746,-0.04467585135764841,-0.04994588965920696,0.9965870307167235,0.9892703990734812,0.7437890544602199
2015-07-20,1757,1751,1744,-0.02027318029918724,-0.05221164129417442,0.9965850882185544,0.9909664314917481,0.7480842091152896
2015-07-21,1739,1733,1725,-0.026425857761138438,-0.038753496088036764,0.9965497412305923,0.9860445077497797,0.7481452695009321
2015-07-22,1736,1730,1722,-0.0778172489816093,-0.09452666880085925,0.9965437788018433,0.9881299326138764,0.7317500629203453
2015-07-23,1735,1729,1721,-0.11757154064875114,-0.12977714529983692,0.9965417867435159,0.9852680453614774,0.7143471503476356
2015-07-24,1726,1720,1712,-0.10256429228090858,-0.12536610135245504,0.996523754345307,0.9835108521420122,0.7350875653841712
2015-07-27,1727,1721,1713,-0.09051841051400289,-0.12460670455949385,0.9965257672264042,0.9869790890126754,0.7466578067672276
2015-07-28,1673,1667,1660,-0.04236836904954925,-0.06264580166916071,0.9964136282127914,0.9889868218071713,0.7595561163925536
2015-07-29,1672,1666,1658,0.03170110054946688,-0.011234827186135332,0.9964114832535885,0.9863529463690804,0.7637114608091439
2015-07-30,1668,1662,1654,-0.01380975982325096,-0.03327969624320485,0.9964028776978417,0.9819487283720973,0.7575738464318558
2015-07-31,1661,1655,1646,-0.04054180405754104,-0.05909868682221566,0.9963877182420229,0.9920864587395289,0.7834738133413904
2015-08-03,1675,1669,1660,-0.11577571578428415,-0.1353687904569783,0.9964179104477612,0.9908748617281681,0.7873790467319869
2015-08-04,1675,1670,1662,-0.1458634015655558,-0.15391190268642974,0.9970149253731343,0.9890138199832023,0.7808830150753132
2015-08-05,1671,1666,1658,-0.13103740943991155,-0.12639495441590015,0.9970077797725913,0.9839135863675122,0.7831258031395607
2015-08-06,1672,1667,1658,-0.07932904568751316,-0.07433408224739006,0.9970095693779905,0.9884906729747639,0.7854352305244827
2015-08-07,1678,1673,1665,-0.052353623824436736,-0.04604996104470928,0.9970202622169249,0.9914968458346978,0.7686093833060573
2015-08-10,1692,1688,1681,0.054867099237612495,0.04614072416996255,0.9976359338061466,0.9897693136975125,0.7598053350741198
2015-08-11,1698,1694,1687,0.03381681487878089,0.031844791181293096,0.9976442873969376,0.991286702861548,0.7663030624986813
2015-08-12,1706,1702,1695,0.06054615391140485,0.09074858413190727,0.9976553341148886,0.9916533615750103,0.7414946632218085
2015-08-13,1705,1701,1694,0.07659050373667732,0.0985283684320322,0.9976539589442815,0.9910239907436832,0.7413550831408932
2015-08-14,1701,1697,1689,0.09518893617052399,0.10545185332329611,0.9976484420928865,0.9899448539561689,0.7571777273635714
2015-08-17,1701,1697,1689,0.04407912642301687,0.07116278841565088,0.9976484420928865,0.9904526412069958,0.7539330533682761
2015-08-18,1697,1693,1687,0.009554318426799189,0.00011144334609321569,0.9976428992339422,0.9864073655753317,0.7873143492190144
2015-08-19,1694,1690,1683,0.03701380022256965,0.004402982091854951,0.9976387249114522,0.9859342013437874,0.7911839860997456
2015-08-20,1692,1688,1682,0.13991325263512389,0.08586099518830553,0.9976359338061466,0.9874404039952109,0.7947773736967897
2015-08-21,1685,1681,1675,0.09049037656465624,0.08801387371148282,0.997626112759644,0.9880130770224981,0.7834899032283552
2015-08-24,1681,1677,1672,0.12883461451261685,0.15419055788804795,0.9976204640095181,0.9896630525106996,0.8054247218327112
2015-08-25,1689,1685,1680,0.1535874167554306,0.192234536748956,0.9976317347542925,0.9917633128689104,0.8112153734592303
2015-08-26,1691,1687,1683,0.11697043599315475,0.16189387559384064,0.9976345357776464,0.9848469624731473,0.8251301566766543
2015-08-27,1703,1699,1695,0.10568452194471589,0.18326259003371673,0.997651203758074,0.9866680167121172,0.8363088852569946
2015-08-28,1710,1706,1703,0.09268615889875369,0.17464213448165516,0.9976608187134502,0.9841871422090431,0.8491172913685656
2015-08-31,1704,1700,1698,0.12904687700947903,0.19063447998411445,0.9976525821596244,0.9905562688054804,0.846321650207609
2015-09-01,1695,1691,1689,0.13647274944135662,0.19401902030666712,0.9976401179941002,0.9871914586552494,0.8478950126785549
2015-09-02,1699,1695,1689,0.11313815194937805,0.17514822536761224,0.9976456739258387,0.9862951088894393,0.8523122854223462
2015-09-03,1700,1696,1690,0.10157157381259531,0.15040633847055312,0.9976470588235294,0.9778682625121888,0.8624415612085374
2015-09-04,1701,1697,1691,0.016181226014478783,0.06621952255473669,0.9976484420928865,0.9864501779397831,0.8666025963473054
2015-09-08,1692,1688,1681,-0.08731441946063756,-0.020185529636226753,0.9976359338061466,0.9876583518838306,0.8767159771914443
2015-09-09,1681,1677,1670,-0.1233669460034592,-0.06698114098995597,0.9976204640095181,0.9861355323890368,0.877653538043179
2015-09-10,1685,1682,1675,-0.1393260630421106,-0.10614071327351873,0.9982195845697329,0.9900935651834816,0.8644580178393144
2015-09-11,1678,1675,1667,-0.18043066538210997,-0.13114547066490806,0.9982121573301549,0.992238889834368,0.8664552323301908
2015-09-14,1678,1675,1667,-0.12262999652880732,-0.08916207810973975,0.9982121573301549,0.9940473369010523,0.8646485562249505
2015-09-15,1678,1675,1667,-0.11381530769565015,-0.07568967434975483,0.9982121573301549,0.9874557135132971,0.8548296834182015
2015-09-16,1675,1672,1663,-0.18600824173915972,-0.12104682578818542,0.9982089552238806,0.9905414561812895,0.8628967334733594
2015-09-17,1673,1670,1661,-0.1855804388836156,-0.11917228768758027,0.9982068141063957,0.9929114342224828,0.8532879475484842
2015-09-18,1672,1669,1660,-0.17747786783567057,-0.09946067353418013,0.9982057416267942,0.98944737290412,0.8543000161960166
2015-09-21,1693,1690,1680,-0.11564906269455107,-0.06708974983946019,0.9982279976373302,0.9896744130045506,0.8456521570212215
2015-09-22,1683,1680,1670,-0.18290990461961032,-0.14104821392044004,0.9982174688057041,0.9866952367319503,0.8494613051767737
2015-09-23,1670,1667,1657,-0.2326686996940576,-0.20485516050785832,0.9982035928143712,0.9895436331455496,0.8496687096463831
2015-09-24,1665,1662,1653,-0.23786978893312102,-0.22016665610933212,0.9981981981981982,0.9907866811181977,0.8595344339284421
2015-09-25,1659,1656,1647,-0.23099517005308554,-0.23558972201771264,0.9981916817359855,0.9913625265006936,0.8601604856879128
2015-09-28,1651,1648,1639,-0.18967423191867283,-0.19827444885555995,0.9981829194427619,0.9903393043094644,0.8435392148293671
2015-09-29,1654,1651,1642,-0.10800394921941625,-0.10452370965223151,0.998186215235792,0.9928965274291984,0.8166115492125321
2015-09-30,1649,1646,1635,-0.1447944866643179,-0.15096366475204462,0.9981807155852032,0.9907031988374385,0.818144445327403
2015-10-01,1652,1649,1642,-0.19494398026354293,-0.20361196857505692,0.9981840193704601,0.992266467376512,0.8266192994707166
2015-10-02,1660,1657,1650,-0.1435066279809539,-0.14416640406813122,0.9981927710843373,0.9903322354250587,0.8275653790188414
2015-10-05,1669,1666,1657,-0.08959075432113825,-0.10340893424585647,0.9982025164769323,0.9934227173571505,0.827534744667122
2015-10-06,1677,1675,1665,-0.03224955066713112,-0.04340236874375271,0.9988073941562313,0.9925075268890402,0.8268642535066791
2015-10-07,1676,1674,1665,0.015549588002773037,0.01415580525349396,0.9988066825775657,0.9848938158855246,0.8011262484454278
2015-10-08,1675,1673,1664,0.05342536299531122,0.08145763975965535,0.9988059701492538,0.9921072659532938,0.8081577927422399
2015-10-09,1680,1678,1670,0.06444642935841988,0.09651222547026424,0.9988095238095238,0.9925225105994648,0.7859404444050158
2015-10-12,1677,1675,1667,0.003044616019271882,0.022434845598440344,0.9988073941562313,0.9919938171220645,0.7890762277305557
2015-10-13,1679,1677,1669,0.04344514297448663,0.03719907624952426,0.9988088147706968,0.9913405574607587,0.7965879499882318
2015-10-14,1681,1679,1671,0.10195901674358217,0.13327094618884963,0.998810232004759,0.9855542757919965,0.7967318585576293
2015-10-15,1683,1681,1672,0.10531918348137755,0.138458777573296,0.9988116458704694,0.9860265968344267,0.7900429080076092
2015-10-16,1684,1682,1673,0.09426985163001961,0.09623076800620532,0.998812351543943,0.9908602896709264,0.7832500483065076
2015-10-19,1656,1654,1646,0.032758410586214474,0.00920768670080865,0.998792270531401,0.9891403201692938,0.7790123509423525
2015-10-20,1651,1649,1641,0.10524332651743891,0.0785530067589173,0.9987886129618413,0.9894187476582903,0.8020438144816504
2015-10-21,1643,1641,1632,0.10540874185076612,0.05315666487205691,0.9987827145465612,0.9903108393934508,0.7753568239391001
2015-10-22,1651,1649,1640,0.11926136339976534,0.09040717367252214,0.9987886129618413,0.9940382077254873,0.7794797551392177
2015-10-23,1653,1651,1641,0.1319614521870903,0.11440461832399461,0.9987900786448881,0.988923846803449,0.7621801180008628
2015-10-26,1648,1646,1635,0.08637936415224197,0.057473375721396144,0.9987864077669902,0.9849253164752771,0.7709486874486203
2015-10-27,1643,1641,1630,-0.050668639724083864,-0.06534845109122223,0.9987827145465612,0.988331674658768,0.8019162542684927
2015-10-28,1649,1647,1637,-0.01715617884646045,-0.027603803709688932,0.9987871437234688,0.9909858206007106,0.8114588928535842
2015-10-29,1659,1657,1648,0.030874591256040668,0.018481880665703995,0.9987944544906571,0.9909288629693552,0.8123010744645888
2015-10-30,1655,1653,1646,0.00983358378418582,0.009478433466912675,0.9987915407854985,0.9864035671666705,0.8089586396979441
2015-11-02,1660,1659,1654,0.05011848050009434,0.0632809386428247,0.9993975903614458,0.9922982013015376,0.7970745780836033
2015-11-03,1669,1668,1663,0.13105213105003674,0.14342219103215817,0.9994008388256441,0.9874431961990414,0.8051244772691899
2015-11-04,1680,1679,1674,0.11489632383758401,0.12672713021284654,0.9994047619047619,0.9903644000536898,0.8004810101408141
2015-11-05,1682,1681,1676,0.1669563751041813,0.1636764971365519,0.9994054696789536,0.9895524851181032,0.7890647224499078
2015-11-06,1684,1683,1677,0.2173407399328947,0.22270551870575958,0.9994061757719715,0.990590609891604,0.7916452526875104
2015-11-09,1700,1699,1693,0.23908954394877788,0.2456736800284769,0.9994117647058823,0.9897105176960772,0.7958141925301488
2015-11-10,1701,1700,1692,0.2016584199548216,0.19791132907044387,0.9994121105232217,0.9919461382684864,0.8094756399881111
2015-11-11,1700,1699,1692,0.12547177531550835,0.1276069663170567,0.9994117647058823,0.99101608104945,0.8075182436600126
2015-11-12,1691,1690,1685,0.14226973853425753,0.15834752808413644,0.9994086339444116,0.9901635030947605,0.8118735727990016
2015-11-13,1691,1690,1684,0.1966972210765761,0.2078093629267407,0.9994086339444116,0.9917250445780098,0.8117198012562085
2015-11-16,1696,1695,1687,0.21680644455052162,0.21303592069884653,0.9994103773584906,0.9941530076742517,0.7987605420236942
2015-11-17,1703,1702,1694,0.16509666312489085,0.18517120379923263,0.9994128009395185,0.9863753025538412,0.7815090347151424
2015-11-18,1712,1711,1702,0.18194701538555363,0.20317985236670505,0.9994158878504673,0.9874483237177272,0.7713291722233825
2015-11-19,1712,1711,1702,0.12881989970075208,0.16005135387810346,0.9994158878504673,0.9806678737521062,0.778337756810354
2015-11-20,1710,1709,1700,0.11019688687307119,0.12673809881025525,0.9994152046783625,0.9795375441641587,0.7974623656759863
2015-11-23,1708,1707,1699,0.08386091912463804,0.09124074966029087,0.9994145199063232,0.9931745408282525,0.810556235180018
2015-11-24,1706,1705,1698,0.06448689599500187,0.08589592256439904,0.9994138335287222,0.9871804642814906,0.8169867428455825
2015-11-25,1702,1701,1693,0.1063229040714703,0.15024048108908944,0.999412455934195,0.9879575938464304,0.7936927736233546
2015-11-27,1686,1685,1677,0.11968858610167164,0.157560296788654,0.9994068801897983,0.9845507909895439,0.8072602406144144
2015-11-30,1678,1678,1669,0.1419622292081405,0.1839144983349934,1.0,0.9865469451655874,0.8075578011792061
2015-12-01,1676,1676,1666,0.16925802008120533,0.19864686872495155,1.0,0.9917941276882061,0.8030524862732542
2015-12-02,1673,1673,1663,0.0896751794386712,0.14407912869295703,1.0,0.9899134843570161,0.8054097440242894
2015-12-03,1658,1658,1647,0.011664477806507315,0.061349851641171814,1.0,0.9881658016219957,0.8182595121168319
2015-12-04,1653,1653,1640,-0.009851413753267223,0.049749831689025824,1.0,0.9878858385332506,0.8270774662910222
2015-12-07,1640,1640,1628,0.011351811260543127,0.06895297069396407,1.0,0.9774355996142259,0.8295314377235968
2015-12-08,1634,1634,1623,0.04421425600592804,0.0629723797353886,1.0,0.9910231407544123,0.8379690012089441
2015-12-09,1624,1624,1615,0.10517156429600495,0.12878820812784494,1.0,0.9909049014969039,0.8481901886194773
2015-12-10,1631,1631,1622,0.19385109274904386,0.21188491579999835,1.0,0.9921352944622811,0.8258468577796656
2015-12-11,1628,1628,1619,0.20872757679287837,0.2180165732675303,1.0,0.9921439072998919,0.8299958013018414
2015-12-14,1626,1626,1618,0.18523571645710873,0.18637485226301037,1.0,0.9907442032790482,0.8216843362563374
2015-12-15,1636,1636,1629,0.16739146274527333,0.18899374549647258,1.0,0.9888494806243449,0.8322192765987005
2015-12-16,1642,1642,1633,0.22066018887501088,0.22082648813396147,1.0,0.9894585229585516,0.8267693346507822
2015-12-17,1642,1642,1635,0.24998806151868763,0.24689736012539737,1.0,0.9918533067162977,0.8273998640953304
2015-12-18,1643,1643,1636,0.22430597002967054,0.22833618234547448,1.0,0.9901936134018596,0.833530446224308
2015-12-21,1685,1685,1677,0.2064563163081179,0.21536130935983866,1.0,0.9895855688307971,0.824980031872154
2015-12-22,1688,1688,1679,0.24077401262312959,0.24595535012641542,1.0,0.9929723299055061,0.8314500984899097
2015-12-23,1691,1691,1682,0.2956955702258787,0.2787870120596159,1.0,0.987557117281346,0.811889233132119
2015-12-24,1687,1687,1679,0.22664327704355142,0.21295788907698648,1.0,0.9919449186533178,0.7952456207334995
2015-12-28,1677,1677,1670,0.17151540145009483,0.16038186494186113,1.0,0.9944058185150156,0.7784656247899608
2015-12-29,1687,1687,1678,0.14676144253834889,0.14385354195994635,1.0,0.9897814633814025,0.7605794913687002
2015-12-30,1677,1677,1668,0.11859472626355974,0.1295114133890514,1.0,0.9939618618556381,0.7762655554681861
2015-12-31,1669,1669,1656,0.15946722561443638,0.16595186271891413,1.0,0.9906613487039765,0.7736652053180754
2016-01-04,1661,1661,1649,0.22946453358228364,0.2364406736115976,1.0,0.9927379460286877,0.7770614996780004
2016-01-05,1659,1659,1649,0.21437755362224561,0.217987897664047,1.0,0.9930655832701956,0.763127481416402
2016-01-06,1651,1651,1640,0.06413923290156737,0.0771925580093043,1.0,0.9889082913446006,0.7720944154407492
2016-01-07,1649,1649,1639,0.034406664726418346,0.06329738630442439,1.0,0.9905691585893005,0.7844472667549469
2016-01-08,1650,1650,1639,0.05294688004518116,0.07474440766305317,1.0,0.9888891374282375,0.7820440647166469
2016-01-11,1656,1656,1645,0.06691502902784507,0.10771000379861835,1.0,0.9873503272064786,0.784323509393247
2016-01-12,1657,1657,1645,0.05316097220448268,0.0937032402599833,1.0,0.990341452317954,0.7996412028136295
2016-01-13,1646,1646,1634,0.04985496386040056,0.10733284332099537,1.0,0.9871084168493588,0.8083917615493231
2016-01-14,1653,1653,1641,0.04834814291644716,0.09257235017800566,1.0,0.9836480285169243,0.8122450115091846
2016-01-15,1644,1644,1634,-0.0018883214719802221,0.01693662007932444,1.0,0.990610388418873,0.8061618688655892
2016-01-19,1648,1648,1638,-0.16447742798439727,-0.11328688585333284,1.0,0.9873925317973373,0.8091853247157743
2016-01-20,1643,1643,1633,-0.12414936373986568,-0.09382920129535428,1.0,0.9842580430279848,0.8188226317810464
2016-01-21,1607,1607,1597,-0.023064319637589092,-0.005781390348276918,1.0,0.9882948164556601,0.8242609769482858
2016-01-22,1612,1612,1603,-0.05120386845029804,-0.04532521106457311,1.0,0.986780168503698,0.8272922191009896
2016-01-25,1608,1608,1599,-0.04658778553417126,-0.04691077554729289,1.0,0.9838774201980355,0.8332362192091655
2016-01-26,1616,1616,1607,-0.005882907204910525,-0.012046155433227183,1.0,0.9851794581961761,0.8028404881546595
2016-01-27,1627,1627,1618,-0.024787934415430292,-0.025728231048855785,1.0,0.9811382567341141,0.8114563210057865
2016-01-28,1627,1627,1620,-0.10425388865859174,-0.12583029062611562,1.0,0.9825589708967685,0.8205343757534417
2016-01-29,1637,1637,1628,-0.07973571087210486,-0.1105787268809733,1.0,0.9896511073145923,0.8056488441570313
2016-02-01,1645,1645,1640,-0.11682882728744766,-0.15807156908756367,1.0,0.9912471964353435,0.7966735265533506
2016-02-02,1644,1644,1639,-0.2300982735567297,-0.26374224346069325,1.0,0.981686727055566,0.7981430181820636
2016-02-03,1640,1640,1634,-0.2171173842103519,-0.25385682342273397,1.0,0.9853806155995983,0.7861163569286209
2016-02-04,1639,1639,1633,-0.1848931507186531,-0.22035565632192589,1.0,0.9892395843318822,0.7772469360831196
2016-02-05,1637,1637,1631,-0.2581761470138292,-0.2817354144849165,1.0,0.9872701395023373,0.7628836056003486
2016-02-08,1629,1629,1623,-0.20752313995138708,-0.22488005107826567,1.0,0.9904448876023306,0.7509421042381176
2016-02-09,1628,1628,1622,-0.263199599625734,-0.27087231639711157,1.0,0.9885298279168142,0.7551619567954854
2016-02-10,1617,1617,1612,-0.2473050061317752,-0.26635267089532466,1.0,0.9886683461897096,0.7693689370490376
2016-02-11,1610,1610,1605,-0.3170473463100504,-0.3341438393169916,1.0,0.9896570168708112,0.7610051031641561
2016-02-12,1607,1607,1602,-0.29031943497715035,-0.28654471831551803,1.0,0.9837928972104051,0.7653406030241021
2016-02-16,1602,1602,1597,-0.20572110010073555,-0.18550552704229928,1.0,0.9885970832941483,0.7531120674110628
2016-02-17,1606,1606,1601,-0.18571444617941502,-0.1617557027793972,1.0,0.9877809532064644,0.7567054678469062
2016-02-18,1604,1604,1599,-0.22812374421096432,-0.22510243221475076,1.0,0.9880079515908179,0.7631526911484404
2016-02-19,1598,1598,1593,-0.3079455896090651,-0.309744291236456,1.0,0.9902268358411459,0.7545641446209479
2016-02-22,1594,1594,1589,-0.2807981886264242,-0.27846240979544845,1.0,0.9934201209244998,0.7692155377104737
2016-02-23,1598,1598,1593,-0.3394034851217723,-0.32210020820560675,1.0,0.9885638106001585,0.7499812616000181
2016-02-24,1599,1599,1593,-0.28312619780871434,-0.2554690855217014,1.0,0.9880382946552441,0.7561137463442559
2016-02-25,1602,1602,1594,-0.2606638412163288,-0.23865132422617788,1.0,0.9878717474303983,0.760555102902796
2016-02-26,1605,1605,1597,-0.13783513877145748,-0.12235529662854337,1.0,0.9845838458830244,0.7680868420962318
2016-02-29,1603,1603,1596,-0.1412819661081128,-0.1429852881192589,1.0,0.9904328473701755,0.7699388723200312
2016-03-01,1598,1598,1591,-0.10020146534732692,-0.07472688323321632,1.0,0.9912564504293928,0.7831598958465843
2016-03-02,1604,1604,1597,-0.0709278674893106,-0.05977135521736848,1.0,0.9910092383679127,0.7873358713947983
2016-03-03,1611,1611,1604,0.050312891409114914,0.06833717357715599,1.0,0.9889160218894916,0.7850687764929855
2016-03-04,1617,1617,1609,0.08510703122688265,0.09715668383604975,1.0,0.9827532544333152,0.7846979927809363
2016-03-07,1626,1626,1617,0.19368914653733352,0.20483705682442105,1.0,0.9835492478135901,0.8075550711449283
2016-03-08,1620,1620,1612,-0.057503285347192214,-0.061053222639617835,1.0,0.9884938900456349,0.7872530091135668
2016-03-09,1616,1616,1607,-0.04546511741970012,-0.03883511602316869,1.0,0.9857038381002998,0.8001843420736421
2016-03-10,1613,1613,1604,-0.1011215456817039,-0.10168952651166693,1.0,0.9913365834037681,0.8066781090859352
2016-03-11,1616,1616,1607,-0.0036981620398670867,0.0250364057399421,1.0,0.9908224813398887,0.8164330223798376
2016-03-14,1615,1615,1606,-0.07854925612575289,-0.015373762646626073,1.0,0.9911196951196062,0.7988201785487098
2016-03-15,1610,1610,1601,-0.2727780647672531,-0.26920981327213495,1.0,0.9902082071139032,0.7977585541618716
2016-03-16,1611,1611,1601,-0.2529173017083966,-0.25621623715982766,1.0,0.987208883426584,0.8149743709485672
2016-03-17,1607,1607,1597,-0.19327883713745386,-0.17883550359814446,1.0,0.9904363841235307,0.8148702753940322
2016-03-18,1610,1610,1599,-0.1868945329222745,-0.1518987882367014,1.0,0.9874577557346121,0.7841480083821739
2016-03-21,1629,1629,1618,-0.15226178073104393,-0.12027581011417278,1.0,0.9848898006849628,0.7749971720605776
2016-03-22,1624,1624,1613,-0.1851947149928738,-0.18270301551423496,1.0,0.9838964546771133,0.7760291053441148
2016-03-23,1622,1622,1612,-0.302314263920065,-0.30731531842225096,1.0,0.9890031959363066,0.7654894957533097
2016-03-24,1622,1622,1614,-0.3385201118384104,-0.336281422341241,1.0,0.9836743126000539,0.7972806403419793
2016-03-28,1624,1624,1613,-0.35710450590984605,-0.3475072193409322,1.0,0.9859517849624161,0.7914648652090501
2016-03-29,1618,1618,1608,-0.3835387732779211,-0.3551504336879569,1.0,0.9899351797060957,0.7892323920581781
2016-03-30,1613,1613,1603,-0.40294725220219624,-0.37886019517247715,1.0,0.985572568852232,0.807112629774831
2016-03-31,1615,1615,1604,-0.3460730342297609,-0.3037375689919707,1.0,0.9874113662039823,0.8038072510129827
2016-04-01,1611,1610,1599,-0.33266478848149084,-0.29422704741151556,0.9993792675356921,0.9888931668321174,0.8018768449285502
2016-04-04,1606,1606,1595,-0.3014003604451729,-0.2843189123518967,1.0,0.9870769909034104,0.8044649011028423
2016-04-05,1603,1603,1593,-0.2325764871850009,-0.20194077305838093,1.0,0.9821159578902695,0.798865196301931
2016-04-06,1601,1601,1591,-0.11073009571789644,-0.10436265742216148,1.0,0.9867051812768379,0.7835011707021863
2016-04-07,1594,1594,1585,-0.14163489485841294,-0.14692440172607718,1.0,0.9883342904135569,0.7897808111388629
2016-04-08,1602,1602,1593,-0.1251136294559694,-0.12305601831186196,1.0,0.9857019022908458,0.7830687645957146
2016-04-11,1604,1604,1594,-0.09789009704147043,-0.10806581063997159,1.0,0.9852132028476307,0.7746783697230665
2016-04-12,1603,1603,1594,-0.07857671658761377,-0.09696952364025473,1.0,0.9883803115850103,0.7699684940539834
2016-04-13,1604,1604,1595,-0.011442111922013568,-0.005902322031091309,1.0,0.9845885292939531,0.7691014956588181
2016-04-14,1605,1605,1596,0.05018372313263775,0.05837510963433277,1.0,0.9877813169298467,0.756372038088683
2016-04-15,1605,1605,1596,0.054509610281391105,0.0518222385855315,1.0,0.9730622011285526,0.7675456334302077
2016-04-18,1599,1599,1591,0.023521986626403008,0.027427699793036008,1.0,0.9789120689600679,0.7764813974493072
2016-04-19,1567,1567,1559,-0.042835835880517266,-0.020787297030091897,1.0,0.9885346324157744,0.7881587511172885
2016-04-20,1571,1571,1562,-0.004703249409871376,-0.006805589450769006,1.0,0.9814714422530908,0.7891320282904195
2016-04-21,1568,1568,1559,0.06569314928481187,0.07809977176959645,1.0,0.9747716052094092,0.7929935601081746
2016-04-22,1570,1570,1561,0.08052016757287102,0.08867227322036875,1.0,0.974311981988914,0.7963173988069278
2016-04-25,1571,1571,1563,0.035419547745695834,0.046684040119575484,1.0,0.9858437174754995,0.7948061199109816
2016-04-26,1574,1574,1566,0.038273171813633454,0.052067497774893716,1.0,0.9898785298247063,0.8002797691062952
2016-04-27,1577,1576,1568,-0.013242028967982647,-0.015551742763725814,0.9993658845909955,0.9868641804434566,0.790163171816111
2016-04-28,1578,1577,1570,0.029270624725657335,-0.0016451856893569042,0.9993662864385298,0.9876654995745008,0.761403071699236
2016-04-29,1575,1574,1567,-0.044543588967023345,-0.06135083481272461,0.9993650793650793,0.9837266967170654,0.760888040293158
2016-05-02,1574,1573,1567,-0.06512645516094528,-0.10291921546032225,0.9993646759847522,0.9773525362768551,0.7189854954137206
2016-05-03,1570,1569,1562,-0.15889318618914963,-0.18078071712872598,0.9993630573248408,0.9909041907019381,0.712218764093588
2016-05-04,1570,1569,1562,-0.23780603269336856,-0.27311576249210096,0.9993630573248408,0.9882048982709694,0.7186744508072553
2016-05-05,1572,1571,1564,-0.13655301378113563,-0.18518163213208172,0.9993638676844784,0.9850878110738118,0.7277908266880952
2016-05-06,1580,1578,1571,-0.20642694178254656,-0.2419918202473547,0.9987341772151899,0.9870675829730174,0.729424762833343
2016-05-09,1586,1584,1577,-0.19809802753470707,-0.2336843608213731,0.9987389659520807,0.9866505892949363,0.7294752433854844
2016-05-10,1589,1587,1580,-0.17896516622843278,-0.20272770113261113,0.9987413467589679,0.9917799618417844,0.7263536036007386
2016-05-11,1598,1596,1589,-0.14078205171630104,-0.14214626787719492,0.9987484355444305,0.9844666158985762,0.7309781215124236
2016-05-12,1586,1584,1578,-0.14879661045337858,-0.13040763866363822,0.9987389659520807,0.9899903263556707,0.7127667776724005
2016-05-13,1592,1590,1583,-0.11931590392409812,-0.1003358814777453,0.9987437185929648,0.988739285969597,0.6997453015122008
2016-05-16,1588,1586,1578,-0.046860720535311914,-0.00045599133593633625,0.9987405541561712,0.986096460959664,0.6987214193804507
2016-05-17,1595,1593,1585,-0.004760082830407151,0.029184662711064544,0.9987460815047022,0.9876918815954966,0.7173861384836322
2016-05-18,1594,1592,1585,0.07416028247971677,0.12125087983675299,0.998745294855709,0.9860068201915297,0.7294860861654607
2016-05-19,1595,1593,1586,0.04058243370055457,0.06979246415955256,0.9987460815047022,0.9846167258338759,0.7226444526717225
2016-05-20,1595,1593,1586,0.0927751076023231,0.11188454485926559,0.9987460815047022,0.9886736002338327,0.7301788013169527
2016-05-23,1598,1596,1590,0.11529620179302029,0.13212907898497353,0.9987484355444305,0.9842339497288867,0.7329462949209808
2016-05-24,1596,1593,1586,0.13626030815799553,0.15953396462515937,0.9981203007518797,0.9862172022735496,0.7261360308650691
2016-05-25,1596,1593,1586,0.11932737040791909,0.13381670578003227,0.9981203007518797,0.9801161402120274,0.7308861793000885
2016-05-26,1598,1595,1587,0.1606792659874023,0.19467990178882227,0.9981226533166458,0.9750236814688064,0.7507821045971302
2016-05-27,1599,1596,1589,0.25186271815089734,0.3045677280435634,0.99812382739212,0.9754583695266331,0.7548709428685104
2016-05-31,1599,1596,1590,0.2504200307300995,0.31862162939090216,0.99812382739212,0.9879908752497322,0.7685474328385475
2016-06-01,1601,1598,1593,0.23561760108794064,0.30225416080822304,0.9981261711430356,0.9796501539330122,0.764055993953482
2016-06-02,1604,1601,1597,0.2680067756823934,0.3333362481370162,0.9981296758104738,0.98113112795168,0.7430296200803037
2016-06-03,1599,1596,1589,0.21239258695067567,0.3100860081708666,0.99812382739212,0.9837734268298256,0.7289964657749618
2016-06-06,1590,1587,1580,0.2674645904374786,0.3587963109658089,0.9981132075471698,0.9849006641469107,0.7375865864950343
2016-06-07,1585,1582,1574,0.21089667451159091,0.30346504752419046,0.9981072555205047,0.9860164195570529,0.7377299349305377
2016-06-08,1588,1585,1577,0.1705213619756528,0.27859573061432136,0.9981108312342569,0.9855035017809288,0.6896826248668331
2016-06-09,1582,1579,1571,0.12381294853419361,0.21027006269150642,0.9981036662452591,0.9832104505056007,0.7257050387652805
2016-06-10,1587,1584,1576,0.06090990232142513,0.14333179901009052,0.998109640831758,0.987975817659421,0.7456757237562035
2016-06-13,1586,1583,1574,0.03590750742478199,0.07998091931556398,0.998108448928121,0.9910107284108648,0.7316018842774991
2016-06-14,1584,1581,1571,0.045639960944572074,0.06794650462692584,0.9981060606060606,0.9918774431083739,0.7625612261882097
2016-06-15,1578,1575,1565,0.027502507477442248,0.04278917047145577,0.9980988593155894,0.9907074208359669,0.7773575753321018
2016-06-16,1573,1570,1560,0.017812028705870474,0.01810030203130435,0.9980928162746344,0.9780786237927714,0.7829607210264504
2016-06-17,1572,1569,1559,-0.0449558242819121,-0.04344372650785985,0.9980916030534351,0.9909310897503484,0.7555982508388569
2016-06-20,1600,1597,1587,0.006599505518267971,0.029895447113649033,0.998125,0.9880951668224397,0.7325679338377132
2016-06-21,1598,1595,1585,-0.1037093466696214,-0.07366105090028222,0.9981226533166458,0.9925499658226206,0.7306330171939466
2016-06-22,1597,1594,1584,-0.11402564265790982,-0.07189334774900183,0.9981214777708203,0.9938014056407619,0.7127542774044473
2016-06-23,1588,1585,1575,-0.0676095490590949,0.0028622475635163205,0.9981108312342569,0.9919985134682717,0.7151026724535039
2016-06-24,1583,1580,1571,-0.1576984794533231,-0.11411684969188238,0.998104864181933,0.9829783788814395,0.7010646635019817
2016-06-27,1632,1629,1620,-0.17492968126556635,-0.1659561477306386,0.9981617647058824,0.9899674853640008,0.6936822124425616
2016-06-28,1648,1645,1636,-0.14775351255184135,-0.13522040701599752,0.9981796116504854,0.9824007436767109,0.7330014811701684
2016-06-29,1652,1649,1638,-0.09191162751843357,-0.06844964628682633,0.9981840193704601,0.9847497763924575,0.72912509684014
2016-06-30,1649,1646,1634,-0.05936416932814228,-0.05676268153790909,0.9981807155852032,0.9838057490423667,0.6787479400921594
2016-07-01,1658,1655,1644,-0.08862393707845109,-0.060654658023551106,0.9981905910735827,0.9848046819557424,0.6554862292784642
2016-07-05,1654,1651,1640,-0.05188204611299449,-0.06356174556767548,0.998186215235792,0.9753762733367863,0.655772270666196
2016-07-06,1652,1649,1638,-0.02828917350523524,-0.06554832629293363,0.9981840193704601,0.9781115463024822,0.6699054651953126
2016-07-07,1652,1648,1638,0.03729699283606117,-0.0020491617208459405,0.9975786924939467,0.983159684612074,0.6997441956492311
2016-07-08,1649,1645,1634,-0.012612049934554618,-0.028027010948547863,0.9975742874469375,0.9869648799732933,0.6844219902572993
2016-07-11,1648,1644,1633,0.012331644874458477,-0.013488538754274556,0.9975728155339806,0.9886314568930312,0.7012538402612725
2016-07-12,1651,1647,1638,-0.019970944533802635,-0.02233786024317896,0.9975772259236826,0.9833145779332676,0.7084344213706505
2016-07-13,1653,1649,1642,-0.010852941538857746,-0.024547743373742804,0.9975801572897761,0.9836057203687526,0.6899832607587945
2016-07-14,1657,1653,1646,0.005914054672622739,-0.010274725008226893,0.9975859987929994,0.9891962368020681,0.7101748798750307
2016-07-15,1658,1654,1647,-0.017568502907593018,-0.03209717736926664,0.9975874547647768,0.987976218523125,0.7004210444689645
2016-07-18,1654,1651,1644,0.008039322470589758,-0.0170753715697463,0.998186215235792,0.9874966493501711,0.7066081483156307
2016-07-19,1638,1635,1627,0.014869535665072368,-0.019176460133601615,0.9981684981684982,0.9824916588631428,0.7076302744284189
2016-07-20,1636,1632,1622,0.05226136825045162,0.014254018421657404,0.9975550122249389,0.9805766891113534,0.7294476855558956
2016-07-21,1635,1631,1622,0.08432067927222885,0.053082838953435234,0.9975535168195718,0.9828110745707035,0.7386012925753245
2016-07-22,1643,1639,1630,0.06012605167992669,0.02692763116664095,0.9975654290931223,0.9813328892442938,0.7351958191698191
2016-07-25,1635,1631,1621,0.08124737083120807,0.05761483781521369,0.9975535168195718,0.9763458082177016,0.7379679896272616
2016-07-26,1599,1595,1582,0.04396831083174593,0.0027405199561308263,0.9974984365228268,0.966184792158155,0.7465938741293625
2016-07-27,1593,1589,1576,-0.022638986544360865,-0.054550761344680926,0.997489014438167,0.9750192044610027,0.7476737698330971
2016-07-28,1585,1581,1570,-0.0168477024532265,-0.05677196323825505,0.9974763406940063,0.9568887581153458,0.7439448989703351
2016-07-29,1582,1578,1568,-0.033454108446370624,-0.05916110234825546,0.9974715549936789,0.9756388748304785,0.7399555347330351
2016-08-01,1590,1586,1577,0.027914414705683416,-0.023147504183508576,0.9974842767295597,0.9794501897968654,0.7703281897553489
2016-08-02,1590,1586,1578,0.008382439302524448,-0.0418168188810905,0.9974842767295597,0.9804708994166927,0.7281799981306173
2016-08-03,1600,1596,1587,-0.04872483020640819,-0.08398281223316369,0.9975,0.9804184840734173,0.7315350500535155
2016-08-04,1605,1601,1589,-0.047010129906215364,-0.07762855277099938,0.9975077881619938,0.9774363967522499,0.7326712405970576
2016-08-05,1611,1607,1595,0.0059198454300340335,-0.025555224104911695,0.9975170701427685,0.9850764170748345,0.7402819122938362
2016-08-08,1621,1617,1604,0.05901105855103423,0.017743541752542242,0.9975323874151758,0.9844113741880112,0.72521116603853
2016-08-09,1615,1611,1597,0.04307370440591865,-0.017618096792015404,0.9975232198142415,0.9776467501869508,0.7132907054371175
2016-08-10,1620,1616,1600,0.10801815238971786,0.0236901596445942,0.9975308641975309,0.9865038981658729,0.6966425578234295
2016-08-11,1626,1622,1606,0.033337739117557906,-0.018126361383748898,0.997539975399754,0.9876029485975624,0.6848658203405875
2016-08-12,1630,1626,1610,0.048187880500712564,-0.012154695926073914,0.9975460122699387,0.9859527056545985,0.7039443482235616
2016-08-15,1631,1627,1611,-0.06134481768259939,-0.05692281918942418,0.9975475168608215,0.988180655373769,0.6973417848503618
2016-08-16,1624,1620,1606,-0.050969580769326596,-0.02803374167962642,0.9975369458128078,0.9857417316590558,0.7224370004479779
2016-08-17,1626,1622,1610,-0.058011716066316374,-0.023921465272422077,0.997539975399754,0.9796087358439202,0.7103346168785892
2016-08-18,1632,1628,1614,-0.07807262178553889,-0.03720038107230684,0.9975490196078431,0.9843647013073644,0.7239434654300282
2016-08-19,1629,1624,1606,-0.0385550615129249,-0.002005893215448743,0.9969306322897483,0.981115323333379,0.7364077152154702
2016-08-22,1636,1631,1613,-0.031153294998642517,-0.0026566292782528316,0.9969437652811736,0.983719380395511,0.7278812105221747
2016-08-23,1634,1629,1614,0.0481944158707465,0.050820811213766234,0.9969400244798041,0.9805949952856055,0.7244399883443718
2016-08-24,1622,1617,1602,0.10287646840129103,0.0890414321140808,0.9969173859432799,0.9784811459284125,0.7411735377474761
2016-08-25,1620,1615,1599,0.07649758025158915,0.05566923476108716,0.9969135802469136,0.9712391555176666,0.7425926165417843
2016-08-26,1616,1612,1596,0.08101933783422688,0.07760522885093031,0.9975247524752475,0.9659750045686386,0.7319859252460383
2016-08-29,1611,1607,1589,0.06992260707314148,0.06006518365399501,0.9975170701427685,0.979778340748095,0.7535923585117291
2016-08-30,1607,1602,1584,0.13793988590606102,0.12259862656247078,0.9968886123210952,0.9799870113382209,0.7391334660698284
2016-08-31,1598,1593,1576,0.12286309760948606,0.11692086310203982,0.9968710888610763,0.9841027519593164,0.742525582551072
2016-09-01,1593,1588,1574,0.07859683915318837,0.06707541890168675,0.9968612680477087,0.9826037161319746,0.7500791583613279
2016-09-02,1592,1587,1572,0.06356917919421379,0.06500352383997211,0.996859296482412,0.9724368002938485,0.7790039595790039
2016-09-06,1587,1582,1568,0.026099815818464763,0.028620441198183175,0.9968494013862634,0.9908271681624902,0.8020415315540137
2016-09-07,1588,1583,1570,0.04545889715250763,0.048443695486309224,0.9968513853904282,0.9823573287631362,0.8080591486059792
2016-09-08,1584,1579,1567,0.03161216107517694,0.05258951958604679,0.9968434343434344,0.9807908507837315,0.7999264770120792
2016-09-09,1584,1579,1567,0.07126476614579613,0.08175936608533436,0.9968434343434344,0.9887301299187372,0.8050881178818512
2016-09-12,1587,1582,1570,0.08557828962216386,0.09643110685407348,0.9968494013862634,0.990487888958479,0.799767062601205
2016-09-13,1592,1587,1575,0.10398906038677432,0.09292472339525018,0.996859296482412,0.9792732643672034,0.8134466123972396
2016-09-14,1586,1581,1569,0.05938394780327345,0.06275850398129687,0.9968474148802018,0.9874882552585595,0.7746301148508474
2016-09-15,1589,1584,1572,0.05090395450540959,0.04366534922840212,0.9968533668974198,0.989562242091698,0.7832774222770059
2016-09-16,1578,1573,1562,0.015630095426028112,0.027098855912142547,0.9968314321926489,0.9872443339727501,0.7927916819219661
2016-09-19,1594,1590,1582,0.036293563577372595,0.05859288909548681,0.9974905897114178,0.9923495363298604,0.7810833533371009
2016-09-20,1587,1583,1576,0.01303035759439931,0.029489686542820654,0.9974795211090107,0.9917034676140557,0.7727122156316908
2016-09-21,1597,1594,1587,-0.055664617738476335,-0.026503238324125322,0.9981214777708203,0.9859140038045031,0.7742834812494189
2016-09-22,1602,1599,1592,0.0013013904407018835,0.0073870454874811154,0.99812734082397,0.9813829541372195,0.7582563484977104
2016-09-23,1608,1605,1598,0.05346819501301916,0.04913541736381198,0.9981343283582089,0.9911911551300487,0.7660525638849305
2016-09-26,1612,1609,1602,0.030140704473131663,0.05406576269608621,0.9981389578163772,0.9888491068881513,0.7651825627564247
2016-09-27,1609,1606,1599,0.05627590898391434,0.05985356343647241,0.9981354878806712,0.9905989264485536,0.7603030516587593
2016-09-28,1608,1606,1600,-0.04733129682759793,-0.0174485751752252,0.9987562189054726,0.9901376296435338,0.7318004206030833
2016-09-29,1611,1609,1603,-0.052010703043972845,-0.030633901320329955,0.9987585350713842,0.9915650921691406,0.7498658148246142
2016-09-30,1605,1603,1597,-0.07934381593990666,-0.0675254911809085,0.9987538940809969,0.9847143817059489,0.767183685607151
2016-10-03,1613,1611,1606,-0.059867385975984094,-0.06693415501788529,0.9987600743955363,0.9879453729022996,0.7694383031373451
2016-10-04,1618,1616,1611,-0.015987714524542236,-0.04042370666282598,0.9987639060568603,0.9859672800288443,0.7309830330754218
2016-10-05,1612,1610,1605,-0.03339671025240186,-0.04509524073917999,0.9987593052109182,0.9875943845662891,0.7127996767237171
2016-10-06,1613,1611,1605,-0.01776679312859791,-0.04090317728217652,0.9987600743955363,0.9902811131571048,0.7173357223360489
2016-10-07,1614,1612,1605,-0.03280464519172149,-0.05705381626879356,0.9987608426270136,0.9834217748039613,0.7285331601293684
2016-10-10,1609,1607,1599,-0.0346780579395931,-0.039582146538707244,0.9987569919204475,0.9889197142195858,0.7347926050884299
2016-10-11,1602,1600,1588,-0.03443009152527814,-0.041812185818207975,0.9987515605493134,0.9830128738917187,0.7275921064686244
2016-10-12,1604,1602,1590,-0.023337168325545048,-0.05623214077768389,0.9987531172069826,0.9870895227999286,0.7072118636593565
2016-10-13,1600,1598,1585,-0.06453509226803174,-0.10512131892516668,0.99875,0.9888070918847015,0.7229219174363382
2016-10-14,1598,1597,1585,-0.039430389143608614,-0.0702996797207374,0.9993742177722152,0.9851613895764249,0.7461156712845454
2016-10-17,1572,1571,1559,-0.04066384672615228,-0.10078144828161581,0.9993638676844784,0.9838557203761413,0.7243638038981951
2016-10-18,1573,1572,1560,-0.00818049647781597,-0.06285164166639118,0.9993642720915448,0.981626301066338,0.7384143181307651
2016-10-19,1565,1563,1551,0.004927516474282487,-0.0490318206583102,0.9987220447284345,0.9823720366401975,0.7407120129328182
2016-10-20,1568,1566,1554,-0.0014888248408866352,-0.04949774765648052,0.9987244897959183,0.9898318805913511,0.7424253595279758
2016-10-21,1558,1557,1547,0.011960485158338684,-0.03281894743377871,0.9993581514762516,0.9827262048559448,0.7429667526533382
2016-10-24,1554,1552,1541,0.002057856485625474,-0.046148524952524576,0.9987129987129987,0.9867324796511552,0.740837710522557
2016-10-25,1549,1547,1538,-0.013362331379515337,-0.04213787545197901,0.9987088444157521,0.9822593381618604,0.7392481215003199
2016-10-26,1544,1542,1533,0.051084211632303554,0.011234984207209898,0.9987046632124352,0.9792639108839543,0.7463647793730496
2016-10-27,1538,1537,1528,0.07252425395621975,0.017920437342885943,0.9993498049414824,0.9773177225674266,0.7328769025531543
2016-10-28,1540,1539,1530,0.06374959553799553,0.013651311387835976,0.9993506493506493,0.98450704161908,0.7281239597348882
2016-10-31,1538,1537,1526,0.0930597785633147,0.03600866629996395,0.9993498049414824,0.9851542164920599,0.7210969457980336
2016-11-01,1541,1540,1530,0.09844581682968685,0.07918795635486167,0.9993510707332901,0.9874933302005485,0.7144591966753692
2016-11-02,1551,1550,1540,0.07717822432906074,0.06814631607828153,0.9993552546744036,0.9869553074402495,0.7401282102886672
2016-11-03,1543,1542,1531,0.14058330461083587,0.12666452053890748,0.9993519118600129,0.9845177205174727,0.7367335974008098
2016-11-04,1547,1546,1536,0.1454709768035733,0.11921338326173693,0.9993535875888817,0.9876861163296516,0.7379416248390884
2016-11-07,1552,1551,1540,0.09729918374594648,0.07725820887472523,0.9993556701030928,0.9851692987483152,0.7442543699090877
2016-11-08,1561,1560,1551,0.07814850185389315,0.05319886094277853,0.9993593850096092,0.9882528195360858,0.7430418675923994
2016-11-09,1565,1564,1554,0.05485035144417467,0.057978869844712,0.9993610223642172,0.9881441594731073,0.7481069257705247
2016-11-10,1589,1588,1576,0.03207167123015476,0.03921742770478851,0.9993706733794839,0.9884916513150497,0.7233043802695561
2016-11-11,1610,1609,1597,0.015452741960797222,0.01708532999595338,0.9993788819875776,0.9904196227153536,0.6653438812427015
2016-11-14,1630,1629,1618,0.016239586904768073,0.043487652741810774,0.9993865030674847,0.9839269299946549,0.658602214581797
2016-11-15,1663,1662,1650,-0.021855698246918485,0.008420788801356603,0.9993986770895971,0.985529969249557,0.6120336504463155
2016-11-16,1668,1667,1655,-0.02314351629945484,0.012464177373679351,0.999400479616307,0.9869856135950276,0.6285744459445057
2016-11-17,1679,1678,1666,-0.011288460770133785,-0.003610754439747988,0.9994044073853484,0.9874928775174538,0.636814317796599
2016-11-18,1685,1684,1672,-0.017248959037362614,-0.0185536429445445,0.9994065281899109,0.9893702584253717,0.641315488586758
2016-11-21,1705,1704,1692,-0.016420456939538242,-0.010726615205557094,0.9994134897360704,0.987460235411827,0.6485584706001161
2016-11-22,1714,1713,1700,0.02058479055077003,0.009294915489794907,0.9994165694282381,0.9845415751905501,0.6497487510381148
2016-11-23,1718,1717,1704,-0.0039017504455936985,-0.00022540624626453471,0.9994179278230501,0.9803986711586196,0.6785103258406325
2016-11-25,1724,1723,1710,0.009330241661072942,0.020764551237415788,0.9994199535962877,0.9724733255679513,0.6560699281556737
2016-11-28,1713,1712,1699,0.005160601192373699,0.016275579470188144,0.9994162288382954,0.982499551569271,0.6726242926344321
2016-11-29,1705,1704,1693,-0.030659427811011095,-0.015018345796689573,0.9994134897360704,0.985977855143466,0.6763188317233875
2016-11-30,1714,1713,1702,-0.02367672872530215,-0.03462710366129173,0.9994165694282381,0.9826067843760476,0.7158373351708937
2016-12-01,1717,1716,1706,-0.0045162012301710516,-0.02744952068023595,0.9994175888177053,0.9834131595824747,0.7140031893185064
2016-12-02,1726,1725,1715,-0.052305656091417844,-0.06341574982539071,0.9994206257242179,0.9726096016522271,0.7047555039199301
2016-12-05,1732,1731,1720,-0.05440015527258907,-0.07532865454560875,0.9994226327944573,0.9858417395233956,0.7270712469109457
2016-12-06,1729,1728,1719,-0.09337504840152153,-0.12211175001480278,0.9994216310005783,0.9880973665455656,0.7397680336609535
2016-12-07,1733,1732,1723,-0.08681803702424645,-0.10348156355382868,0.9994229659549914,0.9822142883150331,0.7549895110454397
2016-12-08,1740,1739,1731,-0.01827842772055895,-0.05363525190460576,0.9994252873563219,0.9625494722835156,0.7341119520664531
2016-12-09,1738,1737,1730,0.06525715006551847,0.004279708103763734,0.9994246260069045,0.9743026591050766,0.7812407643091603
2016-12-12,1726,1725,1717,0.030125848398293468,0.00622965467128132,0.9994206257242179,0.983636972469485,0.8041560745300802
2016-12-13,1713,1712,1704,0.041417297295617814,-0.04092253335588644,0.9994162288382954,0.9877672300634556,0.807363835234674
2016-12-14,1712,1711,1704,-0.00581808993034437,-0.0862027526493042,0.9994158878504673,0.9797243064383807,0.805952245885979
2016-12-15,1708,1707,1698,-0.09561086110899988,-0.22923804280199647,0.9994145199063232,0.9872044065816248,0.8364290904540903
2016-12-16,1711,1709,1699,0.020320758900418807,-0.08401059764819559,0.9988310929281122,0.9909233036407984,0.8344590428773841
2016-12-19,1745,1742,1732,0.0119481787166467,-0.08968147365498153,0.9982808022922636,0.9924550692716113,0.8053020127172162
2016-12-20,1745,1742,1732,-0.02366761068424211,-0.136904211297657,0.9982808022922636,0.9894042260621235,0.8103548939823658
2016-12-21,1744,1741,1732,-0.015060787605967631,-0.11899943667115082,0.9982798165137615,0.9902393664313607,0.8160821291105548
2016-12-22,1742,1739,1730,0.0014192363246822999,-0.07738932967629142,0.9982778415614236,0.9907920017990975,0.8118299292887322
2016-12-23,1739,1736,1727,-0.0006855671252252318,-0.046822661596888845,0.9982748706152962,0.9961724049052036,0.8132137677369101
2016-12-27,1736,1733,1724,0.027948697935475473,-0.02433183554732383,0.9982718894009217,0.9935284035791844,0.8125172164008373
2016-12-28,1733,1730,1720,0.03663077076967185,-0.02228145366211821,0.9982688978649741,0.9914592001894967,0.8118647656332336
2016-12-29,1727,1725,1715,0.04623120121634581,-0.024431672915944693,0.9988419224088014,0.9779421301810693,0.7992545782558881
2016-12-30,1719,1717,1707,0.01797632461049882,-0.07131973775559988,0.9988365328679465,0.9871119761218369,0.8227974540345392
2017-01-03,1717,1715,1707,0.05818000942685504,-0.04328849873025477,0.9988351776354106,0.9926337620964107,0.8354516687552554
2017-01-04,1721,1719,1711,0.01928984567269477,-0.0881926778196768,0.9988378849506101,0.9939166985525227,0.8232217920610115
2017-01-05,1718,1716,1709,0.10249367968633906,0.008183594844530682,0.9988358556461001,0.9941529713612521,0.811244990551349
2017-01-06,1711,1709,1701,0.08641908030263257,-0.012772124212873305,0.9988310929281122,0.9922255564968406,0.8047394987579732
2017-01-09,1708,1706,1698,0.08615277897533546,0.007158573956856336,0.9988290398126464,0.9877733770451573,0.8041592792772714
2017-01-10,1705,1703,1694,0.0076253503259679535,-0.09180911281311578,0.9988269794721407,0.991072800104913,0.7948848080822044
2017-01-11,1697,1695,1686,0.010200129780720392,-0.10623323925254675,0.9988214496169712,0.991767115718025,0.8136412969813981
2017-01-12,1696,1695,1685,0.025537580991769095,-0.043158402683370345,0.9994103773584906,0.9922413949117953,0.8047969434997183
2017-01-13,1687,1686,1675,0.0443667810353702,-0.028353740318858154,0.999407231772377,0.9934003282771131,0.7998208717169346
2017-01-17,1679,1678,1668,0.08885613266054669,0.07194625491193747,0.9994044073853484,0.9895299277842325,0.8179662122065643
2017-01-18,1673,1672,1663,0.026254934958769738,0.01636498275934934,0.9994022713687986,0.9867399200239869,0.816830753637239
2017-01-19,1618,1617,1607,0.003980748906024146,-0.011583313311133958,0.9993819530284301,0.9870840927365492,0.8224897323546216
2017-01-20,1611,1610,1600,-0.016395401431952308,-0.04319504519337755,0.9993792675356921,0.9888091765640952,0.828613819517304
2017-01-23,1602,1601,1591,-0.017672090511126563,-0.03797698631554256,0.9993757802746567,0.9926306878097775,0.8420609054336876
2017-01-24,1605,1604,1594,-0.0753709275653301,-0.10596149643541705,0.9993769470404984,0.991745561825141,0.8354749768732915
2017-01-25,1612,1611,1601,-0.09637024696060063,-0.13483676517719498,0.999379652605459,0.9928135421605959,0.8420196243357907
2017-01-26,1622,1621,1609,-0.11948576966965803,-0.18562092182986448,0.9993834771886559,0.9900231569773884,0.8530320613113834
2017-01-27,1628,1627,1615,-0.10500345044368363,-0.15993454910765545,0.9993857493857494,0.9918899746914231,0.8562515962348258
2017-01-30,1628,1627,1614,-0.09580538115590853,-0.11602930461068538,0.9993857493857494,0.9948195050053215,0.853091632793511
2017-01-31,1636,1635,1621,0.0012560419001780903,0.015243415579481143,0.9993887530562348,0.9921876682419267,0.8482244002758071
2017-02-01,1637,1636,1622,-0.0546059631747381,-0.09119133478345488,0.9993891264508247,0.9903508359596777,0.8470026175883065
2017-02-02,1639,1638,1625,-0.008605284208102358,-0.029294840799862745,0.9993898718730934,0.9922676101150895,0.8428599974201691
2017-02-03,1634,1633,1620,-0.03257804517566582,-0.0771537096754394,0.9993880048959608,0.9910599916766688,0.8411280217912225
2017-02-06,1633,1632,1619,-0.025713915219717224,-0.06688073858090525,0.9993876301285977,0.9916785798968603,0.8569496908234895
2017-02-07,1632,1631,1618,-0.048294897704286514,-0.07641269625049449,0.9993872549019608,0.986604212307258,0.8532374868544069
2017-02-08,1626,1625,1613,-0.02255321490620062,-0.032069331201867765,0.9993849938499385,0.9904393191345218,0.8491094642944943
2017-02-09,1625,1624,1613,-0.04521145348876735,-0.08072525371096931,0.9993846153846154,0.9918092850101417,0.844697395556882
2017-02-10,1621,1620,1608,0.0038616148126824285,-0.03736882727171332,0.999383096853794,0.9927761438723344,0.8500475788545476
2017-02-13,1620,1619,1608,-0.02635074737676677,-0.07311318305549269,0.9993827160493827,0.9942705861518972,0.8377395603192381
2017-02-14,1623,1622,1612,-0.03380861433870944,-0.08571811432611645,0.9993838570548367,0.9910779920035099,0.8426182732069556
2017-02-15,1619,1618,1608,-0.035746546920527436,-0.07261490443332855,0.9993823347745522,0.9917319466188547,0.8322146878698855
2017-02-16,1617,1616,1607,-0.05923266430371533,-0.07817667037670678,0.9993815708101422,0.9920794345455912,0.8282427030227322
2017-02-17,1623,1622,1613,-0.04062896178207051,-0.057438292335571746,0.9993838570548367,0.9929484575816896,0.831458362902219
2017-02-21,1625,1624,1616,-0.11108960945373687,-0.1397769236075689,0.9993846153846154,0.993811512185571,0.8320805988363773
2017-02-22,1629,1628,1618,-0.08347680194847422,-0.12031927109568359,0.9993861264579497,0.9901401490346652,0.8270686599297143
2017-02-23,1632,1631,1621,-0.07255858935385096,-0.09915566224089079,0.9993872549019608,0.9903425484048518,0.8261769261191034
2017-02-24,1638,1637,1626,-0.08317735633788331,-0.12234416629259244,0.9993894993894994,0.9879664518330789,0.8053688756015245
2017-02-27,1648,1647,1638,-0.11355676811306306,-0.1674213623433212,0.9993932038834952,0.9911006521458036,0.7994775611858294
2017-02-28,1663,1662,1653,-0.08290347536626375,-0.10550249526021192,0.9993986770895971,0.9908457639593262,0.8110176538989737
2017-03-01,1664,1663,1655,-0.16786185648352916,-0.2088855943552733,0.9993990384615384,0.990353464870684,0.8066502376925737
2017-03-02,1668,1667,1659,-0.10166199822258162,-0.08831269821967928,0.999400479616307,0.9887472669282157,0.805433830640902
2017-03-03,1670,1669,1660,-0.12277031268780149,-0.127214764233994,0.9994011976047904,0.9860028660849716,0.7928575003238324
2017-03-06,1675,1674,1665,-0.14083389379570257,-0.1578891119857516,0.9994029850746269,0.9906356119169487,0.7923058712894936
2017-03-07,1681,1680,1672,-0.12719220493173916,-0.13593403351134617,0.9994051160023796,0.9923793050172423,0.7916695941566914
2017-03-08,1676,1675,1666,-0.10476194448094968,-0.12224465979261243,0.9994033412887828,0.9917549136197016,0.7806506025028223
2017-03-09,1671,1670,1659,-0.05635242510786595,-0.0716268775063393,0.9994015559545183,0.9909856038084116,0.7729875749007054
2017-03-10,1678,1677,1666,-0.03403482612198834,-0.05141432373464973,0.9994040524433849,0.9888671620278608,0.7659726496109335
2017-03-13,1674,1673,1665,-0.10367457662860327,-0.11032539575081793,0.9994026284348865,0.9876358846490524,0.754088166592166
2017-03-14,1676,1675,1667,-0.09592901167496105,-0.08905173027594859,0.9994033412887828,0.9915303647329231,0.7583307941572291
2017-03-15,1669,1668,1659,-0.18617211816615384,-0.19937335268913042,0.9994008388256441,0.9899755479525622,0.7574730885967391
2017-03-16,1670,1669,1659,-0.22657406371971783,-0.27181353057905727,0.9994011976047904,0.9917544617656382,0.7560042627198236
2017-03-17,1668,1667,1657,-0.2011593503629441,-0.25231258696991743,0.999400479616307,0.9892143368203854,0.7743426336989334
2017-03-20,1698,1697,1686,-0.2290406445838182,-0.26272126205367685,0.9994110718492344,0.9910375047035511,0.7687670698737461
2017-03-21,1690,1689,1677,-0.16063144250273653,-0.14828832160639094,0.9994082840236687,0.9894620754967587,0.7747113918307287
2017-03-22,1694,1693,1684,-0.1489934655404894,-0.09959142510992522,0.999409681227863,0.9833250434029269,0.743713112562161
2017-03-23,1692,1691,1680,-0.16398677342670723,-0.13441914130496568,0.9994089834515366,0.9867029524822338,0.7602744280666457
2017-03-24,1690,1689,1679,-0.08101305768001765,-0.03742337436834084,0.9994082840236687,0.9887246421488166,0.7503415831509194
2017-03-27,1691,1690,1679,-0.0501529889256134,-0.011865646455290332,0.9994086339444116,0.9831376201748953,0.7567765415327439
2017-03-28,1683,1682,1672,-0.09056814965614975,-0.0386774345347286,0.9994058229352347,0.9843984830164214,0.7628262364631282
2017-03-29,1672,1671,1661,-0.015865312602585488,0.010487356372283837,0.9994019138755981,0.9884409396864754,0.773291873261656
2017-03-30,1664,1663,1652,-0.07705726618099508,-0.05833405661508885,0.9993990384615384,0.983863315484295,0.764858263006254
2017-03-31,1665,1664,1654,-0.016535389400024057,0.007953106551657815,0.9993993993993994,0.9923437245703881,0.7737445673716403
2017-04-03,1666,1665,1655,-0.06630664581984813,-0.030687656770729422,0.9993997599039616,0.9892793487631997,0.7753059277747212
2017-04-04,1671,1670,1660,-0.059521974071466616,-0.04794189173231112,0.9994015559545183,0.9908668429715106,0.7704560399729755
2017-04-05,1676,1676,1666,-0.023871240883886452,-0.004264629699543552,1.0,0.9876916026850803,0.7715749119619264
2017-04-06,1677,1677,1668,-0.017006856865655093,-0.008340561543152608,1.0,0.9888355845574064,0.7154922270326832
2017-04-07,1678,1678,1668,-0.028006394270217713,-0.009013133297577108,1.0,0.9921287141833163,0.6541294335253915
2017-04-10,1684,1684,1674,0.01085070034611276,0.027567334004000438,1.0,0.9914891719368318,0.6284340503512362
2017-04-11,1686,1686,1676,0.010863837499454578,0.016106913186403737,1.0,0.992554128143929,0.5723437963668022
2017-04-12,1683,1683,1674,0.050829664546833096,0.05438298868088653,1.0,0.9909376656991206,0.5948678889721919
2017-04-13,1678,1678,1669,0.05949081806345002,0.06783789645773207,1.0,0.9875055723977693,0.5916606256531679
2017-04-17,1670,1670,1660,0.07062065065984667,0.06872865465845773,1.0,0.9893771491508211,0.5711950347336331
2017-04-18,1632,1632,1624,0.10456869622649743,0.10407542766367588,1.0,0.9912704314991264,0.5824422227310727
2017-04-19,1636,1636,1628,0.01591375399137287,-0.0010897864011934196,1.0,0.9852193166916149,0.5977812619574074
2017-04-20,1632,1632,1623,0.05875764073549816,0.017153158664575688,1.0,0.9869599718807395,0.6271367929867119
2017-04-21,1625,1625,1618,0.06784794573528087,0.02483318016720546,1.0,0.9724779183030381,0.6497156992856833
2017-04-24,1626,1626,1619,0.040674605383444064,0.007053729522466918,1.0,0.9867752412149295,0.6601796742121949
2017-04-25,1628,1628,1621,0.042660990699272476,0.022772820324148752,1.0,0.9883165067045584,0.6970096353501924
2017-04-26,1635,1635,1628,0.033537128494438254,0.01693520386026283,1.0,0.9889797965282363,0.7033795600940637
2017-04-27,1644,1644,1637,0.0262420292207785,0.016389533201998478,1.0,0.977879544712882,0.6538054936451357
2017-04-28,1645,1645,1639,0.023476439114479452,0.019033375638384975,1.0,0.9763053991898528,0.5884332364353281
2017-05-01,1654,1654,1646,-0.04008761838056775,-0.04534346917606936,1.0,0.9826393616804253,0.5762347638504995
2017-05-02,1648,1648,1641,0.028193324748745266,0.0022500013170361245,1.0,0.9835817006742344,0.5862771159597524
2017-05-03,1646,1646,1638,0.030098003765498423,0.014723683043945397,1.0,0.9806504342654646,0.5727176667328423
2017-05-04,1651,1651,1643,0.056365412115984975,0.023192211593878978,1.0,0.93697116631337,0.5494788029107834
2017-05-05,1661,1661,1653,0.09844575513011243,0.10910902008288789,1.0,0.9723307634340469,0.6276424518330526
2017-05-08,1665,1665,1658,0.15305675796367213,0.17653171643832197,1.0,0.9783424891172401,0.6637823786281192
2017-05-09,1661,1661,1654,0.1803439745832508,0.20803913902893253,1.0,0.9778024250031251,0.6845127836977165
2017-05-10,1672,1672,1665,0.1763562045159872,0.20722361969735903,1.0,0.981809890058658,0.6876558767849493
2017-05-11,1684,1684,1676,0.08981548054073148,0.08790491847634334,1.0,0.984426748959516,0.7073944873358986
2017-05-12,1691,1691,1683,0.043039021878737045,0.024327945322533028,1.0,0.9883069380944884,0.7176494504174279
2017-05-15,1693,1693,1685,0.06112058511118737,0.04655173594429821,1.0,0.9885575208638765,0.7201258896371169
2017-05-16,1699,1699,1691,0.05794751505371142,0.04780703305453167,1.0,0.9858550086928051,0.7259967000571818
2017-05-17,1694,1694,1685,0.11662939144713967,0.08892116139795887,1.0,0.9841745527971063,0.7284675547981565
2017-05-18,1699,1699,1690,0.07919702848012898,0.07824978494946463,1.0,0.9869858257664934,0.7409273528552975
2017-05-19,1704,1704,1694,0.14231792796951087,0.11648342229900233,1.0,0.9925776883043017,0.7276499835750233
2017-05-22,1708,1708,1698,0.16578507402542658,0.12561759797547592,1.0,0.9854381633065691,0.735180145670782
2017-05-23,1705,1705,1696,0.20434117827762188,0.15678827260702785,1.0,0.9808105200828883,0.7287956910675554
2017-05-24,1702,1702,1693,0.16040075889903613,0.11103488244772089,1.0,0.968944631063907,0.7328136041476466
2017-05-25,1689,1689,1679,0.20309326341028958,0.1294650913057772,1.0,0.9678540654791944,0.765748774238369
2017-05-26,1685,1685,1675,0.1811831609543605,0.10213560728193638,1.0,0.9857893018129826,0.804508060621732
2017-05-30,1675,1675,1667,0.11902679284540532,0.034171911936284875,1.0,0.9907216241693417,0.8182384188190953
2017-05-31,1660,1660,1651,0.11770559028403212,0.02024794636832419,1.0,0.9800855103406749,0.8176039052449539
2017-06-01,1658,1657,1649,0.0486845276111006,-0.04022134894667313,0.9993968636911942,0.9782058864628931,0.8369771717807959
2017-06-02,1654,1653,1646,-0.020445155807221643,-0.0876194423689469,0.9993954050785974,0.9806162668359121,0.8401286280619918
2017-06-05,1653,1652,1644,-0.08861153117369133,-0.17304393431476592,0.999395039322444,0.9845971653591575,0.853699707185039
2017-06-06,1646,1645,1637,-0.023260884221884208,-0.09460797203522167,0.9993924665856622,0.9879244723575632,0.8579818103241937
2017-06-07,1649,1648,1639,-0.03545566083047088,-0.10604555045543693,0.9993935718617344,0.9855484437912055,0.8556912545839102
2017-06-08,1640,1639,1631,0.01684999310387298,-0.04902772175512284,0.999390243902439,0.9850992687232749,0.8640755933894586
2017-06-09,1638,1637,1630,0.18354185478306728,0.1525013681420861,0.9993894993894994,0.9889935924654835,0.8619668062306514
2017-06-12,1641,1640,1633,0.2593814363784886,0.25436186773824865,0.9993906154783668,0.9911019749941015,0.8569092540683412
2017-06-13,1643,1642,1634,0.287998023302136,0.2639243180621324,0.9993913572732805,0.9937352420548804,0.8552137572289895
2017-06-14,1643,1643,1635,0.22954624751087752,0.19995327087023343,1.0,0.9882257207442855,0.8613336252011026
2017-06-15,1640,1640,1633,0.22415022024285403,0.19390561195167513,1.0,0.9885019881304874,0.86439705133204
2017-06-16,1637,1637,1631,0.18558855239797692,0.13104666035033521,1.0,0.9881918436799676,0.8641210342698112
2017-06-19,1648,1648,1642,0.17195689404809425,0.11261229198905676,1.0,0.9923123906905276,0.8673017923178264
2017-06-20,1643,1643,1637,0.08365135761463553,0.018857266588893116,1.0,0.9923911353084184,0.8707022850735765
2017-06-21,1641,1641,1634,-0.020688158824406173,-0.09088823021366468,1.0,0.9952429565547479,0.8701650035500557
2017-06-22,1646,1646,1639,0.015099605930575561,-0.05554552393642411,1.0,0.9932580630116755,0.867122650630649
2017-06-23,1649,1649,1642,0.07780786666123618,0.00986352182957081,1.0,0.9927883049732751,0.8606820660427829
2017-06-26,1684,1684,1676,0.032100837178068234,-0.04370471898367228,1.0,0.9914912534624744,0.8664045293009578
2017-06-27,1687,1687,1679,0.14501197716702915,0.08030761957969425,1.0,0.9921234248271625,0.8511377484712241
2017-06-28,1689,1689,1682,0.047830036953934486,0.011008917830621816,1.0,0.9931341216740733,0.8307685827758139
2017-06-29,1687,1687,1679,0.15694605056263627,0.13939025737044536,1.0,0.99161303962281,0.8356924157931988
2017-06-30,1687,1687,1678,0.14656183825243135,0.12013148919644383,1.0,0.9916549838024779,0.8242705812063388
2017-07-03,1686,1686,1677,0.25512477060908045,0.24122919543927382,1.0,0.9904634330440791,0.8119085113833399
2017-07-05,1678,1678,1669,0.1570788202028422,0.14560399139993466,1.0,0.9921265757768469,0.78765135094299
2017-07-06,1674,1674,1666,0.1398480133195468,0.13107793937140536,1.0,0.9921723212598993,0.8110873239037065
2017-07-07,1677,1677,1669,0.07646375885434444,0.05202057575173884,1.0,0.9928442480112748,0.8284411063891469
2017-07-10,1673,1673,1665,0.1155532060943802,0.07679889003418475,1.0,0.9851852844359081,0.8311582722074269
2017-07-11,1670,1670,1660,0.10930649295047283,0.05861452282495569,1.0,0.9911949837046911,0.8443802555551267
2017-07-12,1665,1665,1656,0.09183014239132167,0.0446635038589636,1.0,0.9925929699541421,0.8517449928131954
2017-07-13,1666,1666,1656,0.12057517428910247,0.08438412119070358,1.0,0.9915792047385226,0.8529585847112384
2017-07-14,1666,1666,1656,0.13146862935654624,0.10098361644259417,1.0,0.9932401260560587,0.8540717685836983
2017-07-17,1664,1664,1654,0.17957909266010366,0.14751927922231584,1.0,0.9886856032690944,0.8543759972051286
2017-07-18,1636,1636,1627,0.17607373713158678,0.1563465155785249,1.0,0.9899950733844229,0.8473132179523148
2017-07-19,1635,1635,1626,0.20796346060842033,0.19264311423692002,1.0,0.9901393452943164,0.8461190580974163
2017-07-20,1636,1636,1628,0.17733885147855818,0.1843170622335737,1.0,0.9910603011370084,0.8409875420613074
2017-07-21,1639,1639,1631,0.15128706530095223,0.15901848179699535,1.0,0.9901759449934778,0.8303390814746703
2017-07-24,1636,1636,1630,0.10063835029810414,0.13176054957024555,1.0,0.9892740237972202,0.8363311001893124
2017-07-25,1601,1601,1597,0.17546903955915283,0.2043034122312359,1.0,0.9897464598534069,0.8530198126549443
2017-07-26,1606,1606,1603,0.15408590235413905,0.16735242438109096,1.0,0.9865634611416605,0.8243338478019228
2017-07-27,1613,1613,1610,0.2197589351966914,0.21801391399294787,1.0,0.9907456218128969,0.8195654809339826
2017-07-28,1614,1614,1612,0.16575618746535103,0.16478225172697863,1.0,0.9912414659897999,0.8078595534393996
2017-07-31,1612,1612,1609,0.23229124469596293,0.21758854127925956,1.0,0.991570111876702,0.7955396702633064
2017-08-01,1610,1610,1607,0.22556458383990238,0.20225066083084622,1.0,0.9869781004399493,0.786093120980952
2017-08-02,1621,1621,1618,0.23145082947558326,0.19245485404847817,1.0,0.9842101993995368,0.7709868047198924
2017-08-03,1627,1627,1624,0.23798616512038828,0.19658982180417545,1.0,0.9877477191206518,0.7785422210879187
2017-08-04,1637,1637,1631,0.2528632191165877,0.2081078834809426,1.0,0.9906963230640322,0.7719211932538809
2017-08-07,1650,1650,1643,0.20457845420307,0.18161474559881854,1.0,0.9888882593428737,0.7637244822522403
2017-08-08,1646,1646,1640,0.1406229356387087,0.14757336343882696,1.0,0.9921980890728335,0.7767015418921415
2017-08-09,1645,1645,1639,0.18159291624859136,0.18575448396204614,1.0,0.9903800350350084,0.7714120225558863
2017-08-10,1649,1649,1644,0.21876898136718312,0.23695145302867712,1.0,0.9917240535062899,0.7713098037330459
2017-08-11,1653,1653,1647,0.17048425402257392,0.198937870498205,1.0,0.9911248911859298,0.7570735664980055
2017-08-14,1665,1665,1658,0.0791801301089775,0.09971967422370828,1.0,0.9902181570283854,0.765550683468445
2017-08-15,1673,1673,1665,-0.01314920021189738,-0.001729062207002342,1.0,0.9886950251490545,0.7620279401685354
2017-08-16,1676,1676,1667,0.014224671425446348,0.017296174575443853,1.0,0.9880925994116444,0.7706838397353175
2017-08-17,1674,1674,1665,0.00890814190362163,0.005329390072037849,1.0,0.9837564664038897,0.776538046838221
2017-08-18,1671,1671,1661,-0.0074790407035654795,-0.02194740443810573,1.0,0.9879498441008449,0.7734848214502779
2017-08-21,1673,1673,1662,-0.026844825767237564,-0.039642312555779276,1.0,0.9875732798670592,0.788084709218074
2017-08-22,1668,1668,1657,-0.08613764666485042,-0.1224611452566381,1.0,0.9801496541082868,0.789732259077422
2017-08-23,1651,1651,1641,-0.0402727637554935,-0.07452482861298203,1.0,0.9834425196111255,0.8003255904781315
2017-08-24,1647,1647,1637,-0.053635541469592686,-0.08370199962623097,1.0,0.9851875159771697,0.8002735714833303
2017-08-25,1641,1641,1630,-0.0824084622622552,-0.12607878767991484,1.0,0.9831363804390809,0.8069570618833457
2017-08-28,1634,1633,1622,-0.1502272283697215,-0.17205430027186636,0.9993880048959608,0.9864846885872066,0.8155487392293461
2017-08-29,1633,1632,1620,-0.1440294419094798,-0.1804393084819564,0.9993876301285977,0.9873727589471819,0.8080880650594953
2017-08-30,1627,1626,1614,-0.11801724663055728,-0.16403917777892638,0.9993853718500307,0.9817048779004457,0.8105827397668839
2017-08-31,1625,1624,1610,-0.1193007162772051,-0.16907674182820642,0.9993846153846154,0.9814339431810054,0.8214763626134527
2017-09-01,1610,1609,1594,-0.114302862330952,-0.15966751354393652,0.9993788819875776,0.9821578387956845,0.8365899820531225
2017-09-05,1603,1602,1585,-0.10873595436791285,-0.16087021656008454,0.9993761696818465,0.989623457096735,0.8439951735551832
2017-09-06,1607,1606,1588,-0.0557830252139894,-0.10387911285674263,0.9993777224642191,0.9856155822496879,0.8475132491199191
2017-09-07,1611,1610,1591,-0.1000437166661309,-0.15811104310137156,0.9993792675356921,0.9866216846862245,0.8491269571001167
2017-09-08,1599,1598,1580,-0.1015657773507028,-0.15093280411737806,0.9993746091307066,0.9877204875207846,0.8522119434805095
2017-09-11,1597,1596,1579,-0.0649455250526542,-0.11644611284772075,0.9993738259236068,0.9856902846205199,0.8381122106670201
2017-09-12,1595,1594,1577,-0.00492947959464108,-0.03926393203667179,0.9993730407523511,0.9917134253748422,0.855726068179533
2017-09-13,1589,1588,1572,0.0629549567947323,0.05960444701311172,0.9993706733794839,0.9913888932919372,0.8541007788324025
2017-09-14,1595,1594,1577,0.06602609679302915,0.06769427689272109,0.9993730407523511,0.9938496773884841,0.8554380088481361
2017-09-15,1606,1605,1588,0.07118160712931379,0.07539363958640251,0.9993773349937733,0.9911686707436329,0.8465880098716957
2017-09-18,1629,1628,1612,0.0743884620182263,0.06369918621384794,0.9993861264579497,0.9934794465391487,0.8412525528201229
2017-09-19,1629,1628,1613,0.04757515550738347,0.04217125010818093,0.9993861264579497,0.9936212863862321,0.8260306496007135
2017-09-20,1636,1635,1620,0.08573336686776001,0.08690127332574611,0.9993887530562348,0.9905443022941128,0.8083656440107463
2017-09-21,1640,1639,1623,0.07529659433028163,0.08106184771947725,0.999390243902439,0.9915431137131568,0.801709990405167
2017-09-22,1645,1644,1627,0.09409997827063872,0.10048202868960478,0.9993920972644377,0.9901396114212132,0.79992617280359
2017-09-25,1642,1641,1626,0.17188667857405382,0.2045015526208396,0.9993909866017052,0.9885912969347359,0.8016935625662226
2017-09-26,1650,1649,1634,0.21669923324680557,0.2443463334813816,0.9993939393939394,0.9901392265626568,0.7761738729167726
2017-09-27,1651,1650,1636,0.191610815432995,0.2408997962800223,0.9993943064809206,0.9934180366558133,0.757539952569291
2017-09-28,1660,1659,1646,0.14560519809406586,0.20145186160533976,0.9993975903614458,0.9933741542976015,0.7544814340826589
2017-09-29,1671,1670,1658,0.18988392866395665,0.21792222693479527,0.9994015559545183,0.993149214548217,0.7631694013534513
2017-10-02,1673,1672,1664,0.1700241969114585,0.21402161157873673,0.9994022713687986,0.9937368562904796,0.7549352846948768
2017-10-03,1681,1680,1674,0.18007043277627918,0.21450666699410137,0.9994051160023796,0.9885051053297566,0.7447651602312072
2017-10-04,1688,1687,1679,0.09728309009791537,0.13220898536594677,0.9994075829383886,0.991757893853421,0.750676373146232
2017-10-05,1691,1690,1683,0.14581991384682144,0.17246852097617943,0.9994086339444116,0.9893117472294808,0.7570241908765059
2017-10-06,1685,1684,1679,0.1523635368966451,0.17091613664535457,0.9994065281899109,0.9876691067443922,0.7447526529953417
2017-10-09,1691,1690,1685,0.11064757705698151,0.13812907009798528,0.9994086339444116,0.9911740530963615,0.7547443300983699
2017-10-10,1691,1690,1685,0.09162175955063968,0.15306756238180144,0.9994086339444116,0.9878598066137901,0.7365219016043512
2017-10-11,1692,1691,1687,0.09014982996138207,0.1295345792146893,0.9994089834515366,0.9910208843050868,0.7236716582529249
2017-10-12,1692,1691,1687,0.037605171460716964,0.06542020844874562,0.9994089834515366,0.9894452195748987,0.7365482237722734
2017-10-13,1693,1692,1689,0.06985911913588468,0.09230164778202775,0.9994093325457767,0.9885939971480862,0.7290490955933371
2017-10-16,1672,1671,1667,0.06410246315724923,0.09984410745650119,0.9994019138755981,0.9853820957592321,0.7417337026660746
2017-10-17,1662,1661,1657,0.07723890275142316,0.10596435989989084,0.9993983152827918,0.9851487119966713,0.7436181648258591
2017-10-18,1663,1662,1658,0.06374702381514817,0.08730098269445996,0.9993986770895971,0.9853563211739733,0.7523618413201731
2017-10-19,1658,1657,1654,0.09261771575762295,0.10442493098164786,0.9993968636911942,0.989116539350718,0.7710175000320143
2017-10-20,1656,1655,1650,0.045718465783999074,0.06937326197865847,0.9993961352657005,0.9854555249808826,0.7607852728192789
2017-10-23,1657,1656,1648,0.06239986044704997,0.07112395477155171,0.9993964996982498,0.9832561585354757,0.7678333787528595
2017-10-24,1659,1658,1650,0.06420053398956271,0.07996346538435951,0.9993972272453285,0.9763581564091929,0.7929735454797838
2017-10-25,1656,1655,1646,0.06363072677351346,0.08631081281795923,0.9993961352657005,0.9742445158235984,0.7922483744559768
2017-10-26,1653,1652,1643,0.08762588044919911,0.08624870630885297,0.999395039322444,0.984775506264033,0.8127869143422976
2017-10-27,1650,1648,1640,0.05163909503634442,0.04866676244665424,0.9987878787878788,0.9849464123438563,0.7982781502482359
2017-10-30,1649,1647,1639,0.013637536283425946,0.022453230187720497,0.9987871437234688,0.9832324088675025,0.8081327041045215
2017-10-31,1642,1640,1632,-0.09394257331480477,-0.09119718365073373,0.9987819732034104,0.9885093543109134,0.800886911715441
2017-11-01,1647,1645,1638,-0.022286979196030354,-0.03478213073027644,0.9987856709168185,0.9907231820028299,0.8200083280691406
2017-11-02,1647,1645,1636,-0.05654320384177265,-0.10570788509482444,0.9987856709168185,0.991787211609828,0.8090166887415821
2017-11-03,1651,1649,1640,-0.1478416336111341,-0.17236055653196095,0.9987886129618413,0.9906202740493728,0.8095978847508016
2017-11-06,1663,1661,1651,-0.13162946483289636,-0.13515814493793904,0.9987973541791942,0.9839241891776482,0.7811300959718193
2017-11-07,1669,1667,1657,-0.11059041395651095,-0.10676929864478661,0.9988016776512882,0.989945429656666,0.7619884277181478
2017-11-08,1673,1671,1662,-0.051974606406102235,-0.05637442702397928,0.9988045427375971,0.9904842987120718,0.7528213568539319
2017-11-09,1670,1668,1659,-0.06889517529238672,-0.044661524224097526,0.9988023952095808,0.9889063477326676,0.7395095766580383
2017-11-10,1676,1673,1663,-0.12074213989856847,-0.10056347878829837,0.9982100238663485,0.9891277983088537,0.7219074678609361
2017-11-13,1680,1677,1670,-0.14890499099817908,-0.12415394933617271,0.9982142857142857,0.9903672550493017,0.7105240826068715
2017-11-14,1682,1679,1672,-0.13377638854837984,-0.11405486173577606,0.9982164090368609,0.9862160137738039,0.719049655687002
2017-11-15,1684,1681,1674,-0.13111025108882848,-0.11956537361524926,0.9982185273159145,0.991049329844049,0.7262484996077087
2017-11-16,1686,1683,1676,-0.12071967545538778,-0.1026766645380907,0.998220640569395,0.990078811594797,0.7270086637043724
2017-11-17,1685,1682,1677,-0.0650784819748854,-0.05848991655797991,0.9982195845697329,0.9895831565567316,0.7265466024150278
2017-11-20,1691,1688,1684,-0.10359787667730173,-0.09061625107545557,0.9982259018332348,0.987345339251994,0.7106309617569637
2017-11-21,1699,1696,1691,-0.04873338075144259,-0.10357413762095015,0.998234255444379,0.9880895588283808,0.7362806103848029
2017-11-22,1701,1698,1694,-0.07090862547463822,-0.06821027218290018,0.9982363315696648,0.9884524499542363,0.7409014356817712
2017-11-24,1698,1695,1691,-0.09238980643490026,-0.0876379999930003,0.9982332155477032,0.9784564392364343,0.7433444967074301
2017-11-27,1692,1689,1685,-0.04279601044892595,-0.06495412534294433,0.99822695035461,0.9787464985737783,0.7385705532770502
2017-11-28,1699,1696,1690,0.0025292469616445116,-0.04760685630104117,0.998234255444379,0.9797526613640752,0.766108991013551
2017-11-29,1704,1701,1695,0.10517473462416473,0.04218881802785677,0.9982394366197183,0.9757231036003663,0.7878749658824338
2017-11-30,1708,1705,1698,0.04973792156944896,-0.008653123018860438,0.9982435597189696,0.9893156378595116,0.7735226974984454
2017-12-01,1705,1702,1696,0.03525894310196193,-0.01855426020184559,0.9982404692082112,0.9796137771551119,0.7817062170434788
2017-12-04,1701,1698,1692,0.14913245984115403,0.10067947083562592,0.9982363315696648,0.9816285931278399,0.7816369564567226
2017-12-05,1699,1696,1690,0.14170875387957396,0.1122660017683613,0.998234255444379,0.9822613545528014,0.7640856698331608
2017-12-06,1698,1695,1689,0.16500876698959638,0.1282017618335351,0.9982332155477032,0.9843184815852016,0.7688887906864598
2017-12-07,1695,1692,1684,0.10040633619012282,0.08090952524378493,0.9982300884955753,0.9858985693861341,0.7876274784202496
2017-12-08,1696,1693,1686,0.12200414647859642,0.08466755280916846,0.9982311320754716,0.9856782555629178,0.8026190719571188
2017-12-11,1695,1692,1685,0.10410383887126128,0.0790014592611003,0.9982300884955753,0.9871426505021688,0.8111077759153631
2017-12-12,1695,1692,1685,0.15066415057003366,0.13975040331787583,0.9982300884955753,0.9889670263382568,0.8275040881139256
2017-12-13,1702,1699,1691,0.15118334424092078,0.12622208764750018,0.9982373678025852,0.9825826501805,0.8231001580833543
2017-12-14,1702,1699,1691,0.06357913284208726,0.05701658716144571,0.9982373678025852,0.9875789092620518,0.8291796498917762
2017-12-15,1703,1700,1691,0.11052401024738057,0.09377663725123615,0.9982384028185555,0.987101637561943,0.8374880676673648
2017-12-18,1742,1739,1730,0.12698631556048845,0.0782490293252458,0.9982778415614236,0.9899318024203784,0.8179594263643294
2017-12-19,1745,1742,1733,0.14168547245105378,0.11764131093971315,0.9982808022922636,0.9910238984106323,0.8246775247343483
2017-12-20,1743,1740,1733,0.1229706786122501,0.07932612262038695,0.9982788296041308,0.9926492191987292,0.8081337831016483
2017-12-21,1737,1734,1726,0.1771998599600389,0.09874826042585608,0.998272884283247,0.9931279392836322,0.8068280211781701
2017-12-22,1741,1737,1729,0.15007829981289503,0.09479223663129983,0.9977024698449167,0.9925014036982376,0.7742906184900138
2017-12-26,1750,1746,1738,0.11975724244035237,0.08793869019040751,0.9977142857142857,0.9926042165293671,0.7817552917660628
2017-12-27,1746,1742,1736,0.10857733445530265,0.07623456983387099,0.997709049255441,0.9919962045299906,0.755812418735658
2017-12-28,1737,1733,1727,0.08731910594684666,0.043108595438410696,0.9976971790443293,0.9796704464599684,0.7799021510265456
2017-12-29,1724,1720,1716,0.07149028066365384,0.018526769368889726,0.9976798143851509,0.9888672119201796,0.7878513331874396
2018-01-02,1716,1712,1707,0.07570680744580276,0.055485435938245405,0.9976689976689976,0.9881104162295856,0.7811429187254739
2018-01-03,1718,1714,1708,0.08783502742501523,0.058584343993006466,0.9976717112922002,0.9857558864578233,0.7717224011789027
2018-01-04,1719,1715,1708,0.09140062285264507,0.049028840875574436,0.997673065735893,0.9919641188496869,0.7486500207743519
2018-01-05,1728,1724,1716,0.0953686921717128,0.052660182578287106,0.9976851851851852,0.9894245037671604,0.7517083772075577
2018-01-08,1726,1722,1715,0.08525929703501692,0.04567261614626622,0.9976825028968713,0.9885362620334958,0.7384458495659761
2018-01-09,1729,1725,1718,0.07608381172735104,0.021946833291259512,0.9976865240023135,0.9906596050740398,0.7498329525547105
2018-01-10,1736,1732,1724,0.05548205588791764,0.008163650573687984,0.9976958525345622,0.988172775588721,0.7514439173409388
2018-01-11,1734,1730,1722,0.03709268750388081,0.010155982538372205,0.9976931949250288,0.9856955701943129,0.7478341259112601
2018-01-12,1731,1727,1719,0.02654152805563761,0.008310915321550809,0.997689196995956,0.9901590337352711,0.7547786515693158
2018-01-16,1719,1715,1705,0.03977400443676356,0.025507122003731286,0.997673065735893,0.9865342772799844,0.7366528379894608
2018-01-17,1718,1714,1705,0.018149683647993388,0.023081105577124852,0.9976717112922002,0.9840623078676625,0.7233672219785036
2018-01-18,1674,1670,1659,0.002789289067451894,0.016424166860729818,0.997610513739546,0.9842234347851092,0.7422721122273577
2018-01-19,1674,1670,1659,-0.014168954170171852,-0.018677774988776843,0.997610513739546,0.9843455731460158,0.7642027520605077
2018-01-22,1675,1672,1661,-0.0368424374703545,-0.0044920962318814464,0.9982089552238806,0.9890117894243113,0.7866360906797724
2018-01-23,1678,1675,1663,-0.02401185200251128,-0.005382260648516909,0.9982121573301549,0.9867955217671807,0.7923222841334551
2018-01-24,1675,1672,1660,0.0009240078166839101,0.014319328650811598,0.9982089552238806,0.9853871042633433,0.8059423212075273
2018-01-25,1688,1685,1673,-0.010372898648488326,-0.0040199995073504835,0.9982227488151659,0.9810201806980055,0.8086782217395978
2018-01-26,1697,1694,1682,-0.016580867791581688,-0.015007994962981518,0.9982321744254566,0.9824760260628302,0.8237388127619395
2018-01-29,1703,1700,1687,-0.009289491625647357,-0.0046626348376273795,0.9982384028185555,0.990681609841248,0.8291494842965382
2018-01-30,1708,1705,1690,0.008504095558620738,0.005832335991883343,0.9982435597189696,0.9837029864050738,0.811277472447544
2018-01-31,1711,1708,1694,-0.02506231060974796,-0.012961678302044111,0.9982466393921683,0.9801622573970242,0.8029192519630739
2018-02-01,1710,1707,1695,0.01355700413535591,-0.009817238234679197,0.9982456140350877,0.9828177098013421,0.7747366624309776
2018-02-02,1714,1711,1701,0.05270255499368442,0.020096401358120932,0.9982497082847142,0.989172242764557,0.7888869981395622
2018-02-05,1717,1714,1704,0.032758042999031796,0.026944200421558952,0.9982527664531159,0.9889054926102463,0.7868956473128259
2018-02-06,1726,1723,1712,0.015465950824151895,-0.018801475749722064,0.9982618771726536,0.9872423313716573,0.77676859485274
2018-02-07,1733,1730,1719,-0.018325882668160022,-0.039987302562861336,0.9982688978649741,0.9902622129008837,0.7851680228978511
2018-02-08,1728,1725,1711,0.03942885585489355,0.05785571098499565,0.9982638888888888,0.9862382404928782,0.7773680286016521
2018-02-09,1728,1725,1710,0.018905672792068475,0.03341048590388096,0.9982638888888888,0.9874155172149072,0.7590376701566657
2018-02-12,1738,1735,1720,-0.027466667768298914,0.009525060761769732,0.9982738780207134,0.9918293564141087,0.742801738018736
2018-02-13,1745,1742,1729,-0.04147398745551864,-0.015796489705070423,0.9982808022922636,0.98918908758743,0.7461826768653138
2018-02-14,1740,1737,1724,-0.10580552524812124,-0.08075514316398008,0.9982758620689656,0.9899350242239721,0.7364383964433323
2018-02-15,1742,1739,1728,-0.08816318651083012,-0.03617615669241829,0.9982778415614236,0.9901092831757912,0.7449984929096836
2018-02-16,1741,1738,1727,-0.057159983140818195,-0.007649910344783551,0.9982768523836876,0.9925044173919798,0.7277313783249995
2018-02-20,1750,1747,1736,0.0018766442162377296,0.037649753300148164,0.9982857142857143,0.9918311788089275,0.7100448158923734
2018-02-21,1745,1742,1732,0.0008023580855560553,0.04883532470217329,0.9982808022922636,0.9899665389664882,0.704850685859648
2018-02-22,1747,1744,1734,-0.06728849790952506,-0.025481027756654777,0.998282770463652,0.9886656454593057,0.7045023615620277
2018-02-23,1743,1740,1730,-0.07345926100677831,-0.02458892221008823,0.9982788296041308,0.9880114846512364,0.7132380919895236
2018-02-26,1742,1739,1728,-0.06702048780571794,0.0037589635938620304,0.9982778415614236,0.9899868308398808,0.7233267021276825
2018-02-27,1740,1737,1726,-0.0996325444117579,-0.03246724116237887,0.9982758620689656,0.9819932082886559,0.7414369881750763
2018-02-28,1738,1735,1725,-0.1246644715630808,-0.0781389560789504,0.9982738780207134,0.9865796217910576,0.7455049634750412
2018-03-01,1740,1737,1729,-0.07466312242329479,-0.027011914791427095,0.9982758620689656,0.9835142266307038,0.7534004307855524
2018-03-02,1748,1745,1736,-0.14029505212406204,-0.042279101890653835,0.9982837528604119,0.9856167843143671,0.7585609506988966
2018-03-05,1755,1753,1744,-0.1435229765027767,-0.0324499121588209,0.9988603988603989,0.9865827596465528,0.7492629939916621
2018-03-06,1755,1753,1743,-0.1141574798923372,-0.0333662656730089,0.9988603988603989,0.9869017183922252,0.7490664506924909
2018-03-07,1763,1761,1752,-0.11464078348036662,-0.012116956473595812,0.9988655700510494,0.9855123875330901,0.7615900659211763
2018-03-08,1757,1755,1745,-0.12605296251464246,-0.04299890170950469,0.9988616960728515,0.9811111649263566,0.7656961248315005
2018-03-09,1752,1750,1743,-0.10813435600516956,-0.05521465236877489,0.9988584474885844,0.9794047071916205,0.7714665867234376
2018-03-12,1753,1751,1745,-0.0372875092850037,0.00692073419427783,0.9988590986879635,0.9846981927449107,0.7898420283617179
2018-03-13,1751,1749,1743,-0.04073293824333934,-0.007977150886938282,0.9988577955454027,0.9895710166334979,0.7887554490900106
2018-03-14,1755,1753,1746,-0.005466107413362265,0.012789744686293918,0.9988603988603989,0.9871095804940749,0.8056689822781772
2018-03-15,1758,1756,1749,-0.039965025666712804,-0.026954364059152885,0.9988623435722411,0.9865942300500213,0.8086844319961474
2018-03-16,1773,1771,1764,-0.02077741815291003,-0.020967158208161335,0.9988719684151156,0.9871987392311927,0.8148211544055007
2018-03-19,1795,1791,1783,-0.026360203232475215,-0.02436175877672353,0.9977715877437325,0.9874248325998255,0.8182566855176
2018-03-20,1798,1794,1786,-0.07832156217409765,-0.08878100857429327,0.9977753058954394,0.9856626277930477,0.8241064702827422
2018-03-21,1797,1793,1785,-0.08904951453197309,-0.07755445174670418,0.9977740678909294,0.9880486265258238,0.8240896020938047
2018-03-22,1791,1788,1780,-0.046749337713526545,-0.02806380031489962,0.998324958123953,0.9839329411784986,0.8129065791297486
2018-03-23,1788,1786,1778,-0.051780883539834864,-0.036408109091454206,0.9988814317673378,0.9881612955354825,0.7962033780831324
2018-03-26,1788,1786,1779,-0.09792420410335091,-0.12268960345131145,0.9988814317673378,0.9905766188064882,0.8050155810148301
2018-03-27,1786,1784,1776,-0.03380615269146951,-0.06891707023231154,0.9988801791713325,0.986204016546343,0.8128452796533763
2018-03-28,1782,1780,1772,0.023600395287192336,0.008790037668598458,0.9988776655443322,0.9874041191068063,0.810290203688145
2018-03-29,1774,1772,1765,0.004178799544001529,-0.022600355353290035,0.9988726042841037,0.987547253582554,0.8062207756466624
2018-04-02,1773,1771,1765,0.028262863482889856,0.009211086319038055,0.9988719684151156,0.9871346769773032,0.8045313678190206
2018-04-03,1773,1771,1765,0.037988095530151485,0.009665778861792559,0.9988719684151156,0.9920892618154007,0.787205521377225
2018-04-04,1772,1770,1763,0.043484734040206384,0.026314980593470073,0.9988713318284425,0.9922547029762165,0.7856750159495635
2018-04-05,1768,1766,1759,0.06840478201812127,0.050553432310442716,0.998868778280543,0.9900157021119653,0.7775982621409097
2018-04-06,1760,1758,1752,0.06021706119727867,0.06665478694536138,0.9988636363636364,0.9870292579421577,0.7790655279658735
2018-04-09,1760,1759,1754,0.04352242886496136,0.052370894920268446,0.9994318181818181,0.986918724072326,0.7633483032662249
2018-04-10,1753,1752,1747,0.030768802057355937,0.06132863280902893,0.9994295493439818,0.991777919805649,0.7542782366428477
2018-04-11,1756,1755,1750,0.05289783686311697,0.09294669633244852,0.9994305239179955,0.9920337469099151,0.7589036763529589
2018-04-12,1755,1754,1749,-0.003883411283516009,0.04508513135325391,0.9994301994301994,0.9903923381543526,0.7407472133778169
2018-04-13,1750,1749,1744,0.030427231631869632,0.09499672900255662,0.9994285714285714,0.9918290656541906,0.7468824970260926
2018-04-16,1736,1735,1729,0.04634600854211846,0.0959495736153757,0.9994239631336406,0.9921993183910229,0.7391303837274518
2018-04-17,1703,1702,1696,0.023408487410593933,0.0819080979635333,0.9994128009395185,0.9920134192565603,0.7385948652364163
2018-04-18,1700,1699,1693,0.041978387400174885,0.08880698058173712,0.9994117647058823,0.9895706495115717,0.7359264560770147
2018-04-19,1697,1696,1690,0.0491475171602239,0.08550933639818394,0.9994107248084856,0.9865200655922576,0.7472327304721101
2018-04-20,1697,1696,1690,0.07660802834065517,0.11083440453312828,0.9994107248084856,0.9810492491235342,0.7668944926880652
2018-04-23,1695,1694,1686,0.10620231840990425,0.12423256632975112,0.9994100294985251,0.98363070805049,0.7646512644073012
2018-04-24,1684,1683,1676,0.0930686038893353,0.08982031831526459,0.9994061757719715,0.9869965279519104,0.7682237517283305
2018-04-25,1683,1682,1676,0.1113575425857938,0.1264378896649929,0.9994058229352347,0.9844380826968941,0.7682649835367827
2018-04-26,1678,1677,1671,0.12243728683213041,0.12638384420202176,0.9994040524433849,0.9835141572216977,0.7594753225136571
2018-04-27,1677,1676,1670,0.12114692451436855,0.11513270084413274,0.9994036970781157,0.9724018590062181,0.747715094036842
2018-04-30,1666,1665,1658,0.10181844850193397,0.09483257989185444,0.9993997599039616,0.9741988490119157,0.7520030197623284
2018-05-01,1669,1668,1661,0.10733255709245981,0.10443761060233216,0.9994008388256441,0.9849002968697693,0.7372450198899634
2018-05-02,1670,1669,1664,0.12310938353944322,0.11850332686171423,0.9994011976047904,0.9787546997323534,0.7302061349499162
2018-05-03,1672,1671,1664,0.14804554254376653,0.12822521136937856,0.9994019138755981,0.9819800791685054,0.7096353751936761
2018-05-04,1681,1680,1673,0.1765992702526287,0.17577198516809636,0.9994051160023796,0.9841206501343427,0.7152356867113855
2018-05-07,1685,1684,1676,0.1969592567318607,0.1901830131473605,0.9994065281899109,0.9855254927190662,0.7053163343922275
2018-05-08,1692,1691,1682,0.19555996753471014,0.16853927316912007,0.9994089834515366,0.9835531051929,0.729938409838242
2018-05-09,1704,1703,1692,0.1578743117918044,0.11231857090299614,0.9994131455399061,0.9851630801628907,0.7422563353971555
2018-05-10,1707,1706,1695,0.17704175152935442,0.12671822534544236,0.9994141769185706,0.988637470558473,0.7488854141424178
2018-05-11,1719,1718,1707,0.14399107240790263,0.10602376852531524,0.9994182664339732,0.988128368369107,0.7591692247396857
2018-05-14,1720,1719,1709,0.16733457192361256,0.1287964320820373,0.9994186046511628,0.9875054213794309,0.7655492320036519
2018-05-15,1728,1727,1718,0.15521038283811417,0.12386764597584059,0.9994212962962963,0.9904954772269587,0.7525108971341792
2018-05-16,1731,1730,1721,0.14817429969680002,0.1121624671869191,0.9994222992489891,0.9885783432796565,0.7535938031798637
2018-05-17,1733,1732,1721,0.1026951850693569,0.059834505720435485,0.9994229659549914,0.9897564314613368,0.7616698389335055
2018-05-18,1736,1735,1724,0.11893627418374361,0.07323669259762719,0.9994239631336406,0.991255217593399,0.7569608974728046
2018-05-21,1737,1736,1724,0.12285433383529229,0.0480964050618209,0.9994242947610823,0.9928592737660618,0.7554365172229734
2018-05-22,1740,1739,1727,0.13729082448027002,0.07620539520721062,0.9994252873563219,0.988340019406156,0.7537649667663815
2018-05-23,1737,1736,1724,0.11242683072060262,0.06542877532501458,0.9994242947610823,0.982338072607932,0.7618037711475405
2018-05-24,1734,1733,1721,0.10194255079493789,0.03162515871260804,0.9994232987312572,0.9752210264285959,0.7764488289894771
2018-05-25,1740,1739,1726,0.08219811060760723,0.01586949739205045,0.9994252873563219,0.9840801467106622,0.8055696327904207
2018-05-29,1744,1743,1731,0.08640605013237707,0.03191347847520016,0.9994266055045872,0.981059488579379,0.7969018148215906
2018-05-30,1745,1744,1732,0.035573176309362985,-0.02691133834632773,0.9994269340974212,0.9856485440530154,0.8009677176325726
2018-05-31,1746,1745,1734,-0.03279693056253912,-0.047930734555541546,0.9994272623138603,0.9782019343806051,0.8132882988915974
2018-06-01,1742,1739,1730,-0.07233098519642062,-0.07788310422098632,0.9982778415614236,0.9801693840819038,0.8223648778492889
2018-06-04,1745,1742,1732,-0.02532070980788059,-0.04943558182635122,0.9982808022922636,0.9862005673623206,0.835426070743958
2018-06-05,1750,1747,1737,-0.04264897092744801,-0.09738289896152963,0.9982857142857143,0.9864617701853136,0.8322747743034724
2018-06-06,1752,1749,1740,-0.036168512458434186,-0.10323943164203728,0.9982876712328768,0.9867110036742286,0.8323991259517126
2018-06-07,1749,1746,1738,0.029787415478058528,-0.03228741716396674,0.9982847341337907,0.9852357394793138,0.8373700279356547
2018-06-08,1744,1741,1732,0.039211399543975546,-0.04328590259804748,0.9982798165137615,0.9895424793932988,0.8352570520520602
2018-06-11,1748,1744,1734,0.028034581592444006,-0.03200833044676584,0.9977116704805492,0.989857557170376,0.8286075497209764
2018-06-12,1750,1746,1736,0.040301658553013354,-0.005791132604086456,0.9977142857142857,0.9907551962075168,0.8279581976267906
2018-06-13,1756,1752,1743,0.03307600927377115,-0.01224512599892054,0.9977220956719818,0.9928228892804963,0.8234417781078488
2018-06-14,1755,1751,1742,0.004689302141068275,-0.0337731940939897,0.9977207977207977,0.9943403595278408,0.8309935180746715
2018-06-15,1753,1749,1741,0.03495356925308097,0.002648851977373909,0.9977181973759269,0.9902766217794708,0.8205923229707066
2018-06-18,1767,1763,1756,0.03787588109919324,-0.009558621505364106,0.9977362761743067,0.9933128254076399,0.8110150233714489
2018-06-19,1764,1760,1754,0.059431060734237456,0.021375981198170975,0.9977324263038548,0.99254851936885,0.8154301192773691
2018-06-20,1766,1762,1754,0.031124969640222277,-0.015195589288804368,0.9977349943374858,0.9913211776300721,0.8068053252229809
2018-06-21,1773,1769,1761,0.07954230991286745,0.02957192407222893,0.9977439368302312,0.9925046935760361,0.8057565892220705
2018-06-22,1775,1771,1763,0.12452859800147782,0.12267910751081997,0.9977464788732394,0.9933879701880949,0.802129140593837
2018-06-25,1813,1807,1799,0.1152442792835001,0.13319297603435273,0.9966905681191396,0.9882729755616035,0.8072937262217925
2018-06-26,1819,1813,1805,0.12988419502779908,0.14874820611657932,0.9967014843320505,0.9902255455744856,0.8041875550808673
2018-06-27,1819,1813,1805,0.11947479215688211,0.12068997680717841,0.9967014843320505,0.9899773184474395,0.8073257939405195
2018-06-28,1821,1815,1807,-0.005955991257584832,-0.003462771916810919,0.9967051070840197,0.9884046714521425,0.7915024144140643
2018-06-29,1820,1815,1807,-0.06988694324030306,-0.08973022026100765,0.9972527472527473,0.9899208153999212,0.8043596009515307
2018-07-02,1823,1818,1810,-0.12523617596865055,-0.1375330698144932,0.9972572682391662,0.9863311759633757,0.7961139333150746
2018-07-03,1820,1815,1806,-0.03809438533786949,-0.032616606430909335,0.9972527472527473,0.9906768159693571,0.8073473035148281
2018-07-05,1812,1807,1798,0.001248448790917595,0.016495836512897998,0.9972406181015453,0.9920415212580628,0.8116218058440187
2018-07-06,1807,1802,1794,-0.04638640074253935,-0.03550371053490041,0.9972329828444937,0.9908505222056504,0.783623035764024
2018-07-09,1809,1804,1797,-0.006117701056519011,0.0002397854815576013,0.9972360420121614,0.9909715892312704,0.7968145989760723
2018-07-10,1812,1807,1800,0.008850337750701683,0.0024906900691447154,0.9972406181015453,0.990310738528928,0.7835601135180419
2018-07-11,1808,1803,1796,0.01038628718926073,-0.004644996014591365,0.9972345132743363,0.9921176892261354,0.786103679823801
2018-07-12,1802,1797,1790,0.0032061171166791152,-0.0177653425194154,0.9972253052164262,0.9920061297761669,0.7952881155967907
2018-07-13,1798,1793,1786,0.04713449564880536,0.020880282183914804,0.9972191323692993,0.9900037045566596,0.8040677304504857
2018-07-16,1782,1777,1771,0.058845696172453124,0.034163054782333356,0.9971941638608305,0.9919456786768348,0.7980136543100473
2018-07-17,1764,1759,1753,0.06053813266240553,0.03594268167123928,0.9971655328798186,0.9873703321452121,0.795271559742407
2018-07-18,1763,1757,1751,0.06282009401404343,0.0325702707203373,0.996596710153148,0.9868736349360929,0.8060299862974006
2018-07-19,1756,1752,1748,0.031663392161059956,-0.0012114451763627575,0.9977220956719818,0.9913147306728433,0.822359869339603
2018-07-20,1750,1746,1742,0.012642323064724634,-0.028740446187442054,0.9977142857142857,0.9906183866729871,0.8217034050008644
2018-07-23,1743,1739,1734,0.02056939057453843,-0.04009542895510063,0.9977051061388411,0.9880200811816788,0.8206695102387891
2018-07-24,1698,1694,1689,0.04926743914452315,-0.01117073919592934,0.9976442873969376,0.9901208495772613,0.8314824815590677
2018-07-25,1699,1695,1690,0.06521779685947254,0.0198346301916094,0.9976456739258387,0.9878872847054628,0.8141748580575535
2018-07-26,1700,1696,1690,0.11244845771655865,0.08722372428826078,0.9976470588235294,0.9826318637560394,0.8066194333810913
2018-07-27,1689,1685,1679,0.16607815293989178,0.1497941666201026,0.9976317347542925,0.9912058203857734,0.8092376811032146
2018-07-30,1692,1688,1680,0.22776252270887679,0.17148977822463304,0.9976359338061466,0.9866445609522007,0.7864932774812801
2018-07-31,1689,1685,1678,0.22677186393843077,0.19038448785314355,0.9976317347542925,0.9870703591282813,0.779013346700414
2018-08-01,1692,1688,1683,0.20979889340842456,0.1804978457718743,0.9976359338061466,0.9838890680984275,0.7704620765396759
2018-08-02,1706,1702,1697,0.21054073186490996,0.1907807726368582,0.9976553341148886,0.9881977316880773,0.7969663416804305
2018-08-03,1712,1708,1703,0.2689927363595971,0.25311420512964933,0.9976635514018691,0.9926298403048971,0.7914300945108924
2018-08-06,1719,1715,1709,0.2652861087382864,0.23891473352394535,0.997673065735893,0.9887973025374647,0.7822253820881399
2018-08-07,1720,1716,1711,0.20418304558614137,0.18014555327070178,0.9976744186046511,0.988582172028433,0.7809760651703852
2018-08-08,1728,1724,1719,0.20490293753651506,0.18729553471570676,0.9976851851851852,0.9892371933642767,0.786391754094114
2018-08-09,1733,1730,1725,0.19132942171032458,0.17216459442807058,0.9982688978649741,0.9877156981297182,0.7865256837644902
2018-08-10,1739,1736,1730,0.1694993047521508,0.12056980607201292,0.9982748706152962,0.9908482864823934,0.794909421789033
2018-08-13,1744,1741,1735,0.20782507317730306,0.15930796031562522,0.9982798165137615,0.9890349991962938,0.7952742627607423
2018-08-14,1754,1751,1744,0.17176340451795627,0.13364066245944134,0.9982896237172177,0.9869751886027324,0.790446306985217
2018-08-15,1755,1752,1745,0.2138804357888015,0.15310874566426885,0.9982905982905983,0.9887735976655062,0.783018815536682
2018-08-16,1754,1751,1744,0.20227874785095287,0.1449982243544528,0.9982896237172177,0.9893884967545867,0.7768937038161039
2018-08-17,1753,1750,1742,0.12889207835918098,0.09730671010470696,0.9982886480319453,0.9898830444286737,0.7716438894107838
2018-08-20,1750,1747,1740,0.13568592216151973,0.10159874153606871,0.9982857142857143,0.9880017583073153,0.7842749875769588
2018-08-21,1749,1746,1740,0.056974740435974884,0.03205150921287273,0.9982847341337907,0.9822398193005957,0.7913905337809787
2018-08-22,1749,1746,1740,0.025647781655278472,-0.0041196135720201555,0.9982847341337907,0.9846964346238836,0.8000440520603745
2018-08-23,1750,1747,1742,-0.019958242606277668,-0.04029409435659829,0.9982857142857143,0.9835886538134295,0.8066635438778853
2018-08-24,1743,1740,1735,0.027999399644846622,0.013502908887664429,0.9982788296041308,0.9842312215984432,0.816079589238196
2018-08-27,1731,1728,1724,0.10365110784829909,0.11337436627270184,0.9982668977469671,0.9832431668822964,0.8157884749814277
2018-08-28,1728,1726,1722,0.09489517912977585,0.12532190330827248,0.9988425925925926,0.9839285974782752,0.80327095750275
2018-08-29,1716,1714,1710,0.07823871519641423,0.13211475914041287,0.9988344988344988,0.984016013387441,0.7968330948999977
2018-08-30,1703,1701,1697,0.06189463301607374,0.11415818999993765,0.998825601879037,0.9810261144199249,0.80697859790788
2018-08-31,1691,1689,1684,0.010157708376623057,0.08586397871159533,0.9988172678888232,0.9848895154742945,0.8292312528315283
2018-09-04,1685,1683,1679,-0.07601960316760245,0.0026151033687341536,0.998813056379822,0.9915508925615495,0.8288372031486042
2018-09-05,1689,1687,1683,-0.03069618494461992,0.03138016576204331,0.9988158673771462,0.9811764744158756,0.840155942520211
2018-09-06,1683,1680,1676,-0.09205268851218021,-0.03258751605114314,0.9982174688057041,0.9859603745750056,0.843573085630528
2018-09-07,1681,1678,1673,-0.0823522350758629,-0.007422942686598785,0.9982153480071386,0.9853041733229495,0.8427208079530717
2018-09-10,1672,1669,1664,-0.1276104069692251,-0.05091374099942886,0.9982057416267942,0.9893027315546804,0.8449016272342933
2018-09-11,1671,1668,1662,-0.10656328598184346,-0.04044936870491295,0.9982046678635548,0.9897296602328417,0.8378969579816391
2018-09-12,1669,1666,1659,-0.1659288390883801,-0.08554850502904529,0.9982025164769323,0.99170730152059,0.8563890929075643
2018-09-13,1671,1668,1659,-0.14900164255167603,-0.083255664591718,0.9982046678635548,0.9875632510413318,0.853465398678139
2018-09-14,1676,1673,1664,-0.09054191077267375,-0.017574698640542275,0.9982100238663485,0.9924587486497636,0.8635390774617641
2018-09-17,1668,1665,1655,-0.06971598178410025,0.008357924534884738,0.9982014388489209,0.9910515682657632,0.8454278036608208
2018-09-18,1668,1664,1654,-0.07022499372218532,0.015952836736325627,0.9976019184652278,0.9917978492691935,0.837232259371922
2018-09-19,1671,1667,1657,-0.017977049198809963,0.05896521901819405,0.997606223818073,0.9928448356985963,0.8250432894832815
2018-09-20,1679,1675,1665,0.02281680045350237,0.08953486800125565,0.9976176295413937,0.9898954183939725,0.8084497881494866
2018-09-21,1681,1677,1666,-0.016399555279080075,0.053152873529639925,0.9976204640095181,0.9928827986098568,0.7992332650375549
2018-09-24,1716,1712,1700,0.0005431449003034218,0.07681679189671287,0.9976689976689976,0.9883583521515299,0.7919128130853684
2018-09-25,1719,1714,1701,-0.05441686709182936,0.019347417079727675,0.9970913321698662,0.9913097232546998,0.7930094718755827
2018-09-26,1729,1724,1710,-0.093190117310797,-0.009718036822412795,0.9971081550028918,0.9927159095043162,0.7930222185445417
2018-09-27,1730,1725,1711,-0.1151683440414136,-0.039712134832730735,0.9971098265895953,0.9920580616603895,0.7711406632587693
2018-09-28,1732,1727,1711,-0.15833065878846056,-0.07292634227626965,0.9971131639722863,0.9880634978883435,0.7718724405908578
2018-10-01,1739,1733,1719,-0.10711056480136023,-0.033601291118726624,0.9965497412305923,0.9922985300655978,0.7698927833734384
2018-10-02,1743,1737,1724,-0.040021386486335415,0.02066304416619482,0.9965576592082617,0.992911653304747,0.7554111331206899
2018-10-03,1747,1741,1727,0.011400817014391891,0.07580393725506765,0.996565540927304,0.9910265790875256,0.7479226756576172
2018-10-04,1747,1741,1727,0.022573022737494675,0.04383482383451086,0.996565540927304,0.9874489408068302,0.753486321318748
2018-10-05,1748,1742,1730,0.019354567560465254,0.02643019147709834,0.9965675057208238,0.9913691304112376,0.7529127088696653
2018-10-08,1755,1749,1734,0.03813353513742136,0.049843537134974,0.9965811965811966,0.9914758488279659,0.7511682112369921
2018-10-09,1754,1748,1735,0.02384736994128476,0.0378230552237615,0.9965792474344356,0.9902815674178076,0.7326030097881067
2018-10-10,1751,1745,1733,0.1421125670066789,0.13383557817977054,0.9965733866362079,0.9908926491700254,0.7248980200543406
2018-10-11,1751,1745,1735,0.12334068720444916,0.1340670533725967,0.9965733866362079,0.9906375987422992,0.7115053759051089
2018-10-12,1751,1746,1735,0.056953365499745445,0.07603214240106015,0.9971444888635066,0.9892434597546325,0.7312376688224687
2018-10-15,1756,1751,1740,0.01717185221208909,0.040432145782163455,0.9971526195899773,0.9882601653403915,0.7489922218568107
2018-10-16,1757,1752,1742,-0.044669457828440395,-0.010161563528995571,0.9971542401821286,0.9839228437062979,0.7406760479782819
2018-10-17,1759,1754,1744,-0.06660301161245284,-0.02963795381385146,0.9971574758385446,0.9835632771404129,0.7603520670326794
2018-10-18,1751,1746,1735,-0.06293035473805851,-0.03635741266960977,0.9971444888635066,0.9856755111843072,0.7439028008893211
2018-10-19,1747,1742,1731,-0.03564582913308237,-0.015776685995414364,0.9971379507727532,0.9852563784979685,0.7149621740563129
2018-10-22,1715,1711,1702,-0.15261287829784387,-0.12560348382894967,0.997667638483965,0.9833221108952359,0.7159918600194566
2018-10-23,1705,1701,1692,-0.15733418460758106,-0.13754926028359163,0.9976539589442815,0.9835731009698163,0.7379660008795381
2018-10-24,1702,1698,1688,-0.1307137796798211,-0.13678549374348067,0.9976498237367802,0.9862601131671515,0.7246139228025588
2018-10-25,1709,1705,1695,-0.12441190740440686,-0.12096425353210458,0.9976594499707431,0.9900253713559432,0.7013084761712485
2018-10-26,1706,1702,1693,-0.10994970035242815,-0.11553230517026226,0.9976553341148886,0.9857740128016702,0.7209146519110139
2018-10-29,1694,1691,1680,-0.0902758912927523,-0.09572907404557048,0.9982290436835891,0.9821181701605104,0.7344007488948757
2018-10-30,1699,1696,1686,-0.044261655580123,-0.035752924848335484,0.998234255444379,0.9888825202134178,0.741750236571303
2018-10-31,1705,1704,1693,-0.05271986240877568,-0.023069449790697468,0.9994134897360704,0.9870924773013897,0.7518359563748626
2018-11-01,1719,1718,1706,-0.02942633364639924,0.023809417498212748,0.9994182664339732,0.9867244955259602,0.7522709304286784
2018-11-02,1728,1727,1716,-0.025878935668647667,0.020247464372837795,0.9994212962962963,0.9894520096690153,0.7678583053179222
2018-11-05,1729,1728,1719,0.021453983683286056,0.08925770311895205,0.9994216310005783,0.9902879207153736,0.7801207432680232
2018-11-06,1729,1728,1718,0.04572921806178338,0.10916541133224102,0.9994216310005783,0.9890192607960407,0.7814548136038597
2018-11-07,1733,1732,1722,-0.005291002000029313,0.0802082653071945,0.9994229659549914,0.9846510681872788,0.7836954572253471
2018-11-08,1732,1731,1720,0.037822194580367605,0.11439501804075232,0.9994226327944573,0.9883509551037022,0.7942352402335086
2018-11-09,1728,1727,1717,0.04432301870666795,0.13157283653817956,0.9994212962962963,0.9882428819986612,0.7875921477027514
2018-11-12,1725,1724,1714,0.0502018608014398,0.12001137757087539,0.9994202898550725,0.9904066342753407,0.7650886712757836
2018-11-13,1728,1727,1716,0.10042893434737721,0.1622122733624763,0.9994212962962963,0.9916433057077526,0.7648971182053674
2018-11-14,1731,1730,1719,0.11739731040596768,0.17737659628079544,0.9994222992489891,0.9902462132373032,0.7392910142641481
2018-11-15,1734,1733,1723,0.06474661925227447,0.13297308063220833,0.9994232987312572,0.9856622409222169,0.736790395169207
2018-11-16,1734,1733,1724,0.07699240632282502,0.11768921948286039,0.9994232987312572,0.9863188898983395,0.749676655393253
2018-11-19,1743,1742,1732,0.16166705716921514,0.19385710500568423,0.9994262765347103,0.9861648719907441,0.7526974909404415
2018-11-20,1736,1735,1724,0.15548270721803087,0.18877115407820577,0.9994239631336406,0.9899540823154243,0.7365836595412051
2018-11-21,1741,1740,1726,0.1657461909471716,0.21492851573677707,0.9994256174612292,0.9853358858699227,0.7410110130107771
2018-11-23,1731,1730,1716,0.16548831655781557,0.20528343324154774,0.9994222992489891,0.9866925000400568,0.7566262183498516
2018-11-26,1717,1716,1702,0.15805319678530888,0.19338055481434094,0.9994175888177053,0.9877772882669059,0.7644322285626194
2018-11-27,1703,1702,1690,0.13428860944322643,0.1649941377088041,0.9994128009395185,0.9851288488345427,0.7690924238830102
2018-11-28,1701,1700,1687,0.15327429631352424,0.19328694656099163,0.9994121105232217,0.9859532386822993,0.7879534550513516
2018-11-29,1703,1702,1691,0.13608227820337712,0.1702244175736747,0.9994128009395185,0.9818473614198955,0.8089291232570557
2018-11-30,1699,1698,1685,0.08464620078656329,0.11273373304634453,0.9994114184814596,0.9824512501410244,0.8146767179838835
2018-12-03,1694,1693,1679,0.07675816572849645,0.10153949991922505,0.999409681227863,0.9818164913246684,0.8064081271295072
2018-12-04,1684,1682,1667,-0.026100742811364673,-0.03833881327580303,0.998812351543943,0.9868672334656605,0.8238056236438014
2018-12-06,1680,1678,1665,-0.07091226447743662,-0.10669176714344862,0.9988095238095238,0.9832077830327146,0.8221650797106462
2018-12-07,1676,1674,1663,-0.07742149748469498,-0.12772698833573917,0.9988066825775657,0.9807341634074445,0.8252811729701897
2018-12-10,1673,1671,1661,-0.12763805173035633,-0.1935823878521575,0.9988045427375971,0.9821944959137637,0.8344780276958026
2018-12-11,1670,1668,1656,-0.18896598563068323,-0.24214507984481615,0.9988023952095808,0.9836840827160336,0.8484868126399078
2018-12-12,1667,1665,1653,-0.19516469995269492,-0.2395172882775729,0.9988002399520096,0.9878770620165201,0.8575488645044491
2018-12-13,1669,1667,1654,-0.24990037958594097,-0.30026970195742114,0.9988016776512882,0.9895604037001074,0.8603834236650116
2018-12-14,1661,1659,1646,-0.23510966425383883,-0.3055928882805374,0.9987959060806743,0.988383795226511,0.8656013349778076
2018-12-17,1663,1661,1648,-0.19636559697718534,-0.2666377399576044,0.9987973541791942,0.990349223851516,0.8577808928692545
2018-12-18,1671,1668,1655,-0.20010895865899664,-0.2844918927524492,0.9982046678635548,0.9894071209898269,0.849482700669714
2018-12-19,1662,1659,1646,-0.26531519413702936,-0.34438463256940993,0.9981949458483754,0.9808211694402671,0.8457436954268784
2018-12-20,1662,1659,1647,-0.24172726439913964,-0.31332130278147124,0.9981949458483754,0.9895943161032119,0.8249035308195899
2018-12-21,1661,1658,1649,-0.20917136014005952,-0.29834989726047556,0.9981938591210114,0.9918152614504862,0.8261729532804325
2018-12-24,1699,1696,1687,-0.21675525889051067,-0.2985008625487041,0.998234255444379,0.9934359400264333,0.8187450993647903
2018-12-26,1704,1701,1692,-0.2346312857333212,-0.3157061741420018,0.9982394366197183,0.9922312842638032,0.8155735630867487
2018-12-27,1705,1702,1692,-0.22676162268066388,-0.30069636707942277,0.9982404692082112,0.9918732310055195,0.8101159539909019
2018-12-28,1709,1706,1697,-0.24966329234968132,-0.30888158454327247,0.9982445874780573,0.9901825628726459,0.8112100755931831
2018-12-31,1706,1703,1694,-0.28638111706749486,-0.35485020330603306,0.9982415005861665,0.99263038629321,0.8264832885631017
2019-01-02,1704,1701,1695,-0.1560274923233281,-0.22767360980372708,0.9982394366197183,0.9908464250826766,0.8253081289300851
2019-01-03,1702,1699,1690,-0.14927769941104363,-0.22076550762495747,0.9982373678025852,0.9890923224466458,0.8158516297879629
2019-01-04,1701,1698,1688,-0.12220693182039319,-0.18831197160337027,0.9982363315696648,0.9902188087536975,0.7973390331660154
2019-01-07,1700,1697,1687,-0.10993578283787689,-0.1391148054119911,0.9982352941176471,0.9887172745536011,0.810692096897786
2019-01-08,1696,1693,1683,-0.13733374327900136,-0.14434177507938228,0.9982311320754716,0.9888615334410471,0.8087232165160431
2019-01-09,1696,1693,1683,-0.04473610432983256,-0.03956032511613397,0.9982311320754716,0.9887165321183242,0.813491955268688
2019-01-10,1694,1691,1682,-0.019752987726516156,-0.015465898321269966,0.9982290436835891,0.9930789796354372,0.8104830698064799
2019-01-11,1696,1693,1684,-0.034755967802661214,-0.02802245529214013,0.9982311320754716,0.9928053695295984,0.8154301659149358
2019-01-14,1692,1689,1680,-0.06055708990633014,-0.06110521328031541,0.99822695035461,0.9903576446893532,0.8157262947171434
2019-01-15,1691,1688,1679,-0.12014067868628117,-0.12014196512299705,0.9982259018332348,0.9910146646437329,0.8095041810511999
2019-01-16,1688,1685,1675,-0.09304233790601407,-0.07748603455379376,0.9982227488151659,0.9857207779529772,0.8151656852642981
2019-01-17,1682,1679,1667,-0.13149841598818224,-0.1299677993529802,0.9982164090368609,0.9874438196601167,0.8179099107568107
2019-01-18,1686,1683,1671,-0.09769824289931658,-0.08680038409603999,0.998220640569395,0.9826205555353447,0.8230741108312545
2019-01-22,1681,1678,1667,-0.17519156033851066,-0.18290329860133941,0.9982153480071386,0.9895147300313343,0.823814450115011
2019-01-23,1679,1676,1665,-0.18233867094966463,-0.18371022265455056,0.9982132221560452,0.9868525095540522,0.8373653272041272
2019-01-24,1636,1633,1621,-0.1432773672071464,-0.14483203384179885,0.9981662591687042,0.9903243099040546,0.8470090737537858
2019-01-25,1647,1644,1632,-0.1237230057559886,-0.10307274091405252,0.9981785063752276,0.9883431570080075,0.8385900649109684
2019-01-28,1643,1640,1629,-0.10008326121791601,-0.0761325372788606,0.9981740718198417,0.9908663583237101,0.8200686214662618
2019-01-29,1638,1635,1624,-0.06842539400953819,-0.0631888486298553,0.9981684981684982,0.9944765881713106,0.8078893831801982
2019-01-30,1638,1635,1624,0.0037896466240936806,0.017214564134320976,0.9981684981684982,0.9895234371825051,0.8051866923490507
2019-01-31,1637,1635,1622,-0.040788246352647196,-0.056081050306772656,0.9987782529016493,0.9865146088988855,0.8061618953777334
2019-02-01,1640,1638,1629,-0.04959732151213537,-0.061076943743114946,0.998780487804878,0.9846713232153698,0.8015207253448388
2019-02-04,1634,1632,1624,-0.03153920088951337,-0.02347313544381813,0.9987760097919217,0.9893074396027793,0.7865925756466084
2019-02-05,1629,1627,1619,0.013346633386596213,0.048321964226882834,0.9987722529158993,0.9840906239941571,0.8035262945425957
2019-02-06,1631,1629,1621,0.06755869906561995,0.09833136672036688,0.9987737584304108,0.989936557571059,0.8049648540158032
2019-02-07,1624,1622,1612,0.03840317025322659,0.06150938492752142,0.9987684729064039,0.9863924180705564,0.7883780434954684
2019-02-08,1623,1621,1612,0.01235244419766436,0.015231602935223725,0.9987677141096735,0.9912949601875803,0.7848172678027779
2019-02-11,1626,1624,1615,0.0356594279570434,0.05614982507722866,0.998769987699877,0.9934308147043605,0.7926974394748098
2019-02-12,1624,1622,1614,0.0677721392678155,0.08242343771204098,0.9987684729064039,0.986019370039075,0.7960543160846171
2019-02-13,1629,1627,1618,0.09117163711160381,0.12293519383351996,0.9987722529158993,0.9904936349063532,0.790942744828301
2019-02-14,1641,1639,1631,0.07893387805334369,0.10526264680547599,0.9987812309567337,0.991288924592794,0.794239400649484
2019-02-15,1637,1636,1630,0.05500724565436841,0.09167971147654914,0.9993891264508247,0.9920529223568499,0.7999099092637131
2019-02-19,1646,1645,1639,0.08417092103982154,0.12044593972077942,0.9993924665856622,0.9906105238244683,0.7936018481019563
2019-02-20,1643,1642,1633,0.10559970130260103,0.15494104369271508,0.9993913572732805,0.9880615476065064,0.7918366712658615
2019-02-21,1653,1652,1643,0.056103887580520415,0.09628285078865836,0.999395039322444,0.9909562768566265,0.7798014208195686
2019-02-22,1657,1656,1648,0.13498490547912073,0.1867562409082582,0.9993964996982498,0.9891997717503478,0.7602326766937618
2019-02-25,1653,1652,1644,0.19195153585441843,0.222265647940107,0.999395039322444,0.987394266488098,0.7597498273678935
2019-02-26,1657,1656,1648,0.16846822869848416,0.20237717320709214,0.9993964996982498,0.9895074433293372,0.7604683845742112
2019-02-27,1664,1663,1655,0.14033677082239518,0.1816666642841817,0.9993990384615384,0.986993376787425,0.75360872264772
2019-02-28,1664,1663,1655,0.10326619141123476,0.1279358458581813,0.9993990384615384,0.9822487851056451,0.7375292141065306
2019-03-01,1667,1666,1660,0.14296851786457268,0.170079765352397,0.9994001199760048,0.9802298545832387,0.7556016577039714
2019-03-04,1670,1669,1662,0.04912395761844186,0.14125576210065557,0.9994011976047904,0.9885659938433982,0.7427744176432649
2019-03-05,1676,1674,1666,0.11298527406230678,0.15473411206600984,0.9988066825775657,0.9887647945940776,0.7317127908872026
2019-03-06,1673,1671,1663,0.03892176606661029,0.10300170354647142,0.9988045427375971,0.9868618890680437,0.7314519138800358
2019-03-07,1676,1674,1666,-0.017764703594853163,0.014385132447571582,0.9988066825775657,0.9818323741382644,0.7396584300710907
2019-03-08,1676,1674,1667,-0.08260180434043128,-0.038018400966268795,0.9988066825775657,0.9814500937906948,0.7316445914080153
2019-03-11,1675,1673,1666,-0.05214422459878522,-0.03702968825137424,0.9988059701492538,0.9850238407224657,0.7418370639230385
2019-03-12,1676,1674,1667,0.023442343047734838,0.023133978574493355,0.9988066825775657,0.9883595773379102,0.7441577407462167
2019-03-13,1680,1678,1671,-0.0026506086753638586,0.000836640309787273,0.9988095238095238,0.9881537533585864,0.7515617379623007
2019-03-14,1678,1676,1670,-0.01822395792875842,-0.02296304927130933,0.99880810488677,0.9877721182192083,0.7685866259327881
2019-03-15,1681,1679,1673,-0.040774312795639554,-0.0625642110322922,0.998810232004759,0.9865955806508242,0.7725894100418376
2019-03-18,1701,1699,1693,0.03965473112476633,0.038271039151900395,0.9988242210464433,0.9860657066544555,0.7568902974353348
2019-03-19,1699,1697,1690,-0.03975560038836159,-0.0427643634276341,0.9988228369629194,0.9866464649936729,0.7515420193934849
2019-03-20,1693,1691,1685,-0.04425882558034302,-0.060732278826954096,0.9988186650915535,0.9846044112365059,0.7443704810109114
2019-03-21,1694,1692,1686,-0.004348984631329626,-0.03280797402308234,0.9988193624557261,0.9816409718041017,0.730838647984962
2019-03-22,1692,1690,1686,-0.084764154785711,-0.09846342284143676,0.9988179669030733,0.9832564407612776,0.6986967855145155
2019-03-25,1691,1689,1685,-0.09169866086910537,-0.11024265994325111,0.9988172678888232,0.9879656876733302,0.7517242624932648
2019-03-26,1688,1686,1681,-0.05913258074464032,-0.08375273733037254,0.9988151658767772,0.9794888276259923,0.7545937000196062
2019-03-27,1687,1685,1680,-0.018338343951350013,-0.02599991051179139,0.998814463544754,0.9842993857640797,0.7300951563694996
2019-03-28,1683,1681,1677,-0.01921015983283896,-0.011387356070132042,0.9988116458704694,0.984217241692505,0.7344924012568438
2019-03-29,1682,1680,1676,-0.036503813482511735,-0.03631144128644428,0.9988109393579072,0.9812175627233378,0.7451008205323671
2019-04-01,1678,1676,1673,0.002517220304494202,0.03143375695073128,0.99880810488677,0.9866184489983116,0.7749885713761323
2019-04-02,1678,1676,1673,0.008804250166816546,0.026532520046809564,0.99880810488677,0.9890061474876285,0.7494628343886054
2019-04-03,1682,1680,1677,-0.003516102338854928,0.013635976034554105,0.9988109393579072,0.9854456504514458,0.7549236337937586
2019-04-04,1677,1675,1671,0.054504526418631564,0.05442368336437656,0.9988073941562313,0.9866056777907473,0.7591335978610855
2019-04-05,1679,1677,1673,0.08257801771846845,0.07364839150149974,0.9988088147706968,0.9888621134800137,0.7632063999986215
2019-04-08,1688,1686,1682,0.12014805980927393,0.12412225654263344,0.9988151658767772,0.9893686540604564,0.7359796041724861
2019-04-09,1682,1680,1676,0.08662575101038934,0.08859595354737927,0.9988109393579072,0.9901251013284411,0.7118811472729425
2019-04-10,1680,1678,1674,0.0802132310276765,0.07820259838164789,0.9988095238095238,0.9886138111225418,0.7147690315730345
2019-04-11,1678,1676,1672,0.06279750819153376,0.07364314489086654,0.99880810488677,0.9921671523537248,0.6865794175643442
2019-04-12,1670,1668,1665,0.10137196630279385,0.12209501004143944,0.9988023952095808,0.9885772759160386,0.6928231039789378
2019-04-15,1646,1644,1641,0.08642550085441533,0.09317331201021584,0.9987849331713244,0.9838253720317732,0.6986731477638493
2019-04-16,1634,1632,1629,0.10794060884886039,0.1006962187079478,0.9987760097919217,0.9882145372675706,0.7112593797722631
2019-04-17,1631,1629,1627,0.1486145118480954,0.12850555776321756,0.9987737584304108,0.9807090982143063,0.701288008293883
2019-04-18,1626,1624,1622,0.14028850334654933,0.11861364987287436,0.998769987699877,0.9761888346424697,0.6895222865797389
2019-04-22,1629,1628,1626,0.09155103785252912,0.05345007232304867,0.9993861264579497,0.968387059975333,0.723337102150815
2019-04-23,1625,1624,1622,0.12212515486472561,0.11527109838012693,0.9993846153846154,0.981948330043813,0.7016365072140189
2019-04-24,1624,1623,1622,0.155434519623619,0.1495962760906078,0.999384236453202,0.9841232889013279,0.724182688689706
2019-04-25,1623,1622,1620,0.13259081811000573,0.12846614772739548,0.9993838570548367,0.9822584161315547,0.7401914607246479
2019-04-26,1628,1627,1625,0.13390605811051634,0.14076890077729762,0.9993857493857494,0.9803128938856185,0.7505776835544681
2019-04-29,1627,1626,1624,0.17123022270555047,0.19388466896733733,0.9993853718500307,0.9761443074275586,0.7427354683290488
2019-04-30,1628,1627,1625,0.17513949002189985,0.2011129201629259,0.9993857493857494,0.9768140343491286,0.7246690268133682
2019-05-01,1632,1632,1630,0.19403810410173983,0.23523224825383865,1.0,0.983311796483536,0.7571060629385168
2019-05-02,1645,1645,1643,0.1990051007644298,0.23892930492732195,1.0,0.984574531726866,0.7375224340826747
2019-05-03,1653,1653,1652,0.15681470794628874,0.18728594412202804,1.0,0.972817599915628,0.7366801844503756
2019-05-06,1659,1659,1658,0.13904348745592987,0.18055033808566476,1.0,0.9746581832820435,0.7282900538283344
2019-05-07,1666,1666,1665,0.1771870991785483,0.2082630271443294,1.0,0.9784897181956376,0.7206051367769737
2019-05-08,1673,1673,1672,0.16357002191660017,0.17940308355227327,1.0,0.9834055640197347,0.7338421846342056
2019-05-09,1675,1675,1674,0.1822848570882703,0.19080402319045028,1.0,0.988965869729928,0.7249477699781126
2019-05-10,1684,1684,1683,0.1917966249184688,0.20459144876497679,1.0,0.9885046717940749,0.6970863111727383
2019-05-13,1680,1680,1678,0.20623433141631747,0.21249869796938153,1.0,0.9825308529999341,0.7052547008355085
2019-05-14,1694,1694,1691,0.19282789009994963,0.18598998745223816,1.0,0.9858076576505839,0.7265814395424286
2019-05-15,1690,1690,1687,0.16356368578289857,0.13975703431010386,1.0,0.9826389790069213,0.7256737940681531
2019-05-16,1692,1692,1689,0.12006183120097277,0.08443699763753033,1.0,0.9800061959697954,0.7321782269208125
2019-05-17,1683,1683,1680,0.15215876483820642,0.10759797908496622,1.0,0.9883904532443322,0.7188317230245188
2019-05-20,1687,1687,1684,0.20140097299993298,0.17067994562385974,1.0,0.98745927492653,0.7081583321369997
2019-05-21,1690,1690,1686,0.19481495658062195,0.15950310527435776,1.0,0.9871913879012919,0.7036793248822212
2019-05-22,1687,1687,1683,0.17804738581901663,0.17217181590726696,1.0,0.9863244192515151,0.7080209598294434
2019-05-23,1686,1686,1683,0.14098065650859795,0.13996412423187304,1.0,0.9807547177507288,0.6999201751574666
2019-05-24,1687,1687,1684,0.12498135568274324,0.126966260612099,1.0,0.9885096812395018,0.7219562492154836
2019-05-28,1684,1684,1681,0.06576726860350496,0.045640092453077055,1.0,0.9885100430305787,0.7215495035101404
2019-05-29,1687,1687,1684,0.03207936551205804,0.03482040511679746,1.0,0.9793696624531486,0.7336243677589847
2019-05-30,1682,1682,1679,-0.014760095869671808,-0.012639716565658918,1.0,0.978033796299999,0.7507460497489051
2019-05-31,1668,1668,1665,0.009781429475368609,-0.0032052815928866655,1.0,0.9804185456879636,0.7529641247241722
2019-06-03,1664,1664,1660,0.10890913989279688,0.1138589783009012,1.0,0.9785634198473153,0.7410528712354789
2019-06-04,1662,1662,1655,0.14281868710984197,0.1749565315867299,1.0,0.9862867676667147,0.7217720561056232
2019-06-05,1658,1658,1651,0.08842343430636654,0.10106381540520054,1.0,0.984234170350354,0.7413818932195964
2019-06-06,1657,1657,1650,0.0629538733575375,0.05852909137056516,1.0,0.9854638115785032,0.7444783583405745
2019-06-07,1654,1654,1647,0.05289985835109349,0.052354844939040766,1.0,0.9781194580428063,0.7515557982219851
2019-06-10,1648,1648,1640,0.07602586258050766,0.04324458504146075,1.0,0.9858103762546574,0.7458572116883305
2019-06-11,1646,1646,1639,0.13327439075341,0.07701495318126546,1.0,0.9806146980004995,0.7815009991503518
2019-06-12,1638,1638,1632,0.11820339119997164,0.078828770455958,1.0,0.9870722964866959,0.8099594053014911
2019-06-13,1637,1637,1631,0.12274068354929686,0.11777750187465266,1.0,0.9884833646138814,0.7881150242692609
2019-06-14,1633,1633,1627,0.12561381545917177,0.12210996059089864,1.0,0.9801782695995424,0.7788909187398605
2019-06-17,1632,1632,1624,0.0867059204192432,0.08842752709079248,1.0,0.986776128537119,0.7724450392621021
2019-06-18,1629,1629,1621,0.07530223221858334,0.09920386052844425,1.0,0.987846389726917,0.7903653886598347
2019-06-19,1631,1631,1624,0.07951613541656354,0.09873847358581936,1.0,0.9919456560352667,0.8034797977249489
2019-06-20,1627,1627,1621,0.0554287352797422,0.05614088527362263,1.0,0.9903929075940722,0.7943459739045314
2019-06-21,1623,1623,1618,0.12909512305081255,0.11976117101375318,1.0,0.9896563847998575,0.804182113450916
2019-06-24,1639,1639,1633,0.10188248956949857,0.07773971090533793,1.0,0.9932728529222481,0.8215107785305634
2019-06-25,1649,1649,1643,0.12918803979739904,0.10302631100976165,1.0,0.9866003843019326,0.8065729008531474
2019-06-26,1650,1650,1644,0.17755687647054508,0.1586051485370879,1.0,0.9845549031085786,0.8233032989549912
2019-06-27,1648,1648,1642,0.17672738230220142,0.1544053806463617,1.0,0.9886423200499959,0.8252203809438327
2019-06-28,1651,1651,1643,0.16603276964943,0.1526259150913931,1.0,0.9815554155546105,0.8436836357070238
2019-07-01,1691,1691,1683,0.11562343231646012,0.09349721256376815,1.0,0.9858949001490543,0.8508859241902866
2019-07-02,1695,1695,1688,0.06280941086388082,0.010741710469937767,1.0,0.9920944052309821,0.8576444673823688
2019-07-03,1692,1692,1682,0.13377228186988743,0.09827528754942567,1.0,0.9910796897344188,0.8443210834450371
2019-07-05,1684,1684,1674,0.15544155384613412,0.1319048383275621,1.0,0.9899063448023313,0.8374693090047162
2019-07-08,1688,1688,1678,0.12813071445358815,0.10578063828010538,1.0,0.9917246021621423,0.8385240564949386
2019-07-09,1689,1689,1680,0.12220920508931853,0.11742051455415854,1.0,0.9913622541988037,0.8533271413689844
2019-07-10,1684,1684,1674,0.1310227405320447,0.12011886143839498,1.0,0.99180640429857,0.8519008044008256
2019-07-11,1679,1679,1669,0.1565022271323027,0.1369578243756478,1.0,0.9936415709477614,0.8503040430441117
2019-07-12,1683,1683,1672,0.20950708963265152,0.19037419173996337,1.0,0.9928292149288848,0.8590775217892169
2019-07-15,1682,1682,1671,0.2007136075166518,0.19193156298623068,1.0,0.9933338343655431,0.8580203321657136
2019-07-16,1685,1685,1675,0.20951762492812656,0.2018258056600259,1.0,0.9871646497615532,0.8565695348478285
2019-07-17,1685,1685,1675,0.20416897554953617,0.1960165043338752,1.0,0.9904553369143135,0.8516323792826899
2019-07-18,1684,1684,1674,0.195807993040857,0.19507278472441877,1.0,0.9906822693402245,0.8385820177716942
2019-07-19,1683,1683,1673,0.217497527853284,0.22685411426700464,1.0,0.9912112008783528,0.8440106473742722
2019-07-22,1682,1682,1672,0.16818525735235962,0.181134819124536,1.0,0.9906768163078967,0.8253118716795433
2019-07-23,1666,1666,1657,0.2003008583304002,0.2185903604096707,1.0,0.9874992594778711,0.818929105495227
2019-07-24,1665,1665,1656,0.22234276192629177,0.2492016707543445,1.0,0.9872432643751152,0.8231050340122312
2019-07-25,1668,1668,1659,0.19185499283495477,0.2156092817315283,1.0,0.9902852232540825,0.8123442701961631
2019-07-26,1674,1674,1665,0.19275175213251797,0.21939600424369282,1.0,0.9908242665557788,0.801391993240727
2019-07-29,1679,1679,1672,0.2047421639192177,0.23418852758339784,1.0,0.9891578335074891,0.7970973155936777
2019-07-30,1627,1627,1621,0.23901183063654383,0.2939483905876746,1.0,0.9873789252205765,0.7872230410283568
2019-07-31,1626,1626,1621,0.22271439610806282,0.2841111674288434,1.0,0.9859916739985974,0.7818179870126787
2019-08-01,1636,1636,1634,0.15059072264351728,0.22330179687747806,1.0,0.9865229339491828,0.7769863311586622
2019-08-02,1655,1655,1651,0.1265466740918727,0.2143559656678569,1.0,0.9927355369202874,0.7814666471320354
2019-08-05,1658,1658,1654,0.14783687247575972,0.22891104684602429,1.0,0.990003492546064,0.7719938356366561
2019-08-06,1665,1665,1661,0.10175201904752679,0.1866769477185415,1.0,0.9908601005721293,0.7775803937979259
2019-08-07,1669,1669,1666,0.04111780075057955,0.09491880670619794,1.0,0.9911394966369232,0.7744824678768096
2019-08-08,1674,1674,1671,-0.014931165018188974,0.06360714184492132,1.0,0.991371619156642,0.7670060409747435
2019-08-09,1678,1678,1676,-0.222168403481737,-0.1947982053178907,1.0,0.9895256503718202,0.7823658868365332
2019-08-12,1676,1676,1674,-0.33621448306428336,-0.3521109490244245,1.0,0.9911174006946436,0.7707117007083594
2019-08-13,1679,1679,1677,-0.3818136231995149,-0.4035519711961353,1.0,0.9904720085632803,0.7592705689357349
2019-08-14,1679,1679,1677,-0.37787948526110515,-0.37502306163694193,1.0,0.9862816563057007,0.7587004617911076
2019-08-15,1680,1680,1677,-0.4198044289831303,-0.42840391885827267,1.0,0.9898458302202022,0.7609314316999727
2019-08-16,1678,1678,1675,-0.4599939458135641,-0.4598751284254174,1.0,0.9901852646476766,0.7749647881852331
2019-08-19,1683,1683,1680,-0.38243525146060386,-0.36617484932903727,1.0,0.9855877378251313,0.7793906981148084
2019-08-20,1682,1682,1678,-0.37085141861915255,-0.36027994642202754,1.0,0.9861742266273973,0.7885749398883831
2019-08-21,1681,1681,1676,-0.35060846316710875,-0.3255906046636547,1.0,0.9856725690936737,0.789290859864214
2019-08-22,1683,1683,1678,-0.34998559493834647,-0.3264439932142271,1.0,0.983218064355309,0.7957011603989552
2019-08-23,1673,1673,1668,-0.38323787243700225,-0.3770044013534362,1.0,0.9874931345236114,0.8054728833365709
2019-08-26,1673,1673,1667,-0.3763318557313136,-0.353663351466961,1.0,0.989956701132156,0.8104428779662918
2019-08-27,1670,1670,1662,-0.3941823808945809,-0.389265377150707,1.0,0.9840534120105298,0.8060001568695163
2019-08-28,1671,1671,1661,-0.3310584358857341,-0.31293142454428974,1.0,0.9855703843277948,0.8091456646682109
2019-08-29,1666,1666,1656,-0.34443738646471095,-0.32561838038001123,1.0,0.9774512193039224,0.8153322513625682
2019-08-30,1648,1648,1640,-0.3412392998777358,-0.33185845212450243,1.0,0.9851712614835035,0.8454326727313203
2019-09-03,1637,1637,1629,-0.32467385640949614,-0.3377023638929217,1.0,0.9875434060504108,0.8611004573409929
2019-09-04,1631,1631,1623,-0.27918465282841215,-0.27961423365540106,1.0,0.9895241056405907,0.8681070741706045
2019-09-05,1632,1632,1622,-0.20018105639314762,-0.18958216666551736,1.0,0.9855176897861416,0.8631672695744056
2019-09-06,1627,1627,1617,-0.152402089317734,-0.13887843780468073,1.0,0.9871993796461346,0.87391793994414
2019-09-09,1619,1619,1608,0.02991379847673107,0.058748681109942455,1.0,0.989930941732367,0.879566921030596
2019-09-10,1622,1622,1610,0.17726832552725932,0.2953144208252974,1.0,0.9928507344207596,0.8720930563587529
2019-09-11,1627,1627,1615,0.22177884528564454,0.3537648108325975,1.0,0.9904797436692933,0.8547644108184327
2019-09-12,1636,1636,1624,0.18429955891992816,0.2908229423709061,1.0,0.9885120198070814,0.8496104243146009
2019-09-13,1643,1643,1630,0.1518134660806041,0.24594042156766083,1.0,0.9928840993573581,0.8483832453573561
2019-09-16,1644,1644,1630,0.24156589819256116,0.2869216727927825,1.0,0.9920342350205968,0.8456490326563307
2019-09-17,1646,1646,1632,0.12129361904163552,0.17018815692084505,1.0,0.991828367072726,0.8402018182902973
2019-09-18,1642,1642,1630,0.06929388092019952,0.1036744097471606,1.0,0.9928281284905219,0.8452838806932109
2019-09-19,1638,1638,1627,0.06043895750803117,0.07601291064051607,1.0,0.994137846611245,0.8513265453581011
2019-09-20,1641,1641,1630,0.05787013645422507,0.07443747679859519,1.0,0.9931300480208315,0.855534491109315
2019-09-23,1660,1660,1649,0.048506520387396876,0.0527261460448079,1.0,0.99403066332171,0.8539361209545727
2019-09-24,1661,1661,1649,-0.08031044038311347,-0.11615087000760674,1.0,0.9939098449442986,0.8403852974202332
2019-09-25,1670,1670,1662,-0.09162384951036986,-0.12131359222871936,1.0,0.993249918908218,0.8410287928520626
2019-09-26,1677,1677,1669,-0.05160819963926719,-0.10750008188682264,1.0,0.9951851348671126,0.8267288139841757
2019-09-27,1676,1676,1668,-0.02984557069443155,-0.1155427504702986,1.0,0.9950060885438005,0.8208087559943597
2019-09-30,1673,1673,1666,-0.02908359424532479,-0.14165882050221149,1.0,0.9945426677871557,0.7942728804604654
2019-10-01,1677,1677,1668,-0.025676910753462637,-0.14596423189854618,1.0,0.99368593724085,0.7910345709962211
2019-10-02,1681,1681,1672,-0.04646097197245642,-0.1395037693492615,1.0,0.9951899503293128,0.7891471396128996
2019-10-03,1678,1678,1669,-0.016757363774213364,-0.10968832494198895,1.0,0.993215782787611,0.7879513020206038
2019-10-04,1678,1678,1668,-0.10121412645044563,-0.2005086342155,1.0,0.9940513618108588,0.7843291306561262
2019-10-07,1675,1674,1665,-0.17713325460046356,-0.28035439487645425,0.9994029850746269,0.9887470964366546,0.8011416514766146
2019-10-08,1669,1668,1660,-0.1990434990292439,-0.3096057740788067,0.9994008388256441,0.9823434515580706,0.8048996716832093
2019-10-09,1666,1665,1657,-0.15399208625044677,-0.26051611488026755,0.9993997599039616,0.9883184181800282,0.7970717304999315
2019-10-10,1657,1656,1648,-0.19065062181520145,-0.2803638350053457,0.9993964996982498,0.9875420345655036,0.7890566931230772
2019-10-11,1641,1640,1633,-0.14445295658336418,-0.22490599622049268,0.9993906154783668,0.9896334189773729,0.7979942558393687
2019-10-14,1642,1640,1633,-0.10944193752024181,-0.19842542208835665,0.9987819732034104,0.9839643107517443,0.7897699312056368
2019-10-15,1635,1633,1625,-0.10592682877887251,-0.16658956414497855,0.998776758409786,0.9861018943100662,0.7542553863255848
2019-10-16,1635,1633,1625,-0.07090093748274597,-0.13404368477939915,0.998776758409786,0.9907870347654202,0.7594516748349815
2019-10-17,1636,1634,1626,-0.052607449191171725,-0.12164171697411875,0.9987775061124694,0.9920972238523275,0.7564902897124806
2019-10-18,1636,1634,1626,-0.08981908319369826,-0.17397666297215286,0.9987775061124694,0.9874054578455368,0.7513089750965213
2019-10-21,1609,1607,1599,-0.03465529403741835,-0.11373198674703525,0.9987569919204475,0.9849024620803893,0.7414556080149014
2019-10-22,1613,1611,1604,0.07074615044343639,-0.009896824394433321,0.9987600743955363,0.9855900061415565,0.7270386559939028
2019-10-23,1602,1600,1592,0.08314629379967078,0.01205510341553277,0.9987515605493134,0.985460757936148,0.6749944058287494
2019-10-24,1599,1597,1587,0.038355378429124745,-0.04048524072331142,0.9987492182614134,0.9879423931378485,0.7002882452938318
2019-10-25,1592,1590,1580,0.017392220357436115,-0.03822710789583252,0.9987437185929648,0.9855802417751871,0.7498186452050012
2019-10-28,1597,1595,1585,-0.010485773671564592,-0.06165285689126016,0.9987476518472135,0.9848877588392726,0.709511070271374
2019-10-29,1595,1593,1585,-0.025610044797299683,-0.059671715865799634,0.9987460815047022,0.9822910360825106,0.6795279285630599
2019-10-30,1596,1594,1586,-0.06557105297563076,-0.13814650592245512,0.9987468671679198,0.9869928155426135,0.6929631407511782
2019-10-31,1594,1592,1585,-0.09292558182477324,-0.18209865671726236,0.998745294855709,0.9855610684342357,0.726164517211746
2019-11-01,1599,1597,1591,0.020847643838969476,-0.07218036984729188,0.9987492182614134,0.9920624802199685,0.7514229185824537
2019-11-04,1614,1612,1606,0.10043070796896263,0.0670541332497267,0.9987608426270136,0.991098878456339,0.7026727297599248
2019-11-05,1614,1612,1605,0.1272572636016745,0.09466280876642451,0.9987608426270136,0.989153051376556,0.6776106690065732
2019-11-06,1626,1624,1615,0.10947377970596017,0.06148788679321538,0.998769987699877,0.9912338824795135,0.6439687924779376
2019-11-07,1632,1630,1621,0.08788006324025804,0.06248906854217497,0.9987745098039216,0.9872998057984146,0.6709276888505492
2019-11-08,1643,1641,1632,0.07881138757954716,0.05885811835989525,0.9987827145465612,0.9879772354823215,0.6598447628130361
2019-11-11,1647,1645,1636,-0.005448472135266905,0.004262398587911419,0.9987856709168185,0.9901765342874848,0.6487584998280616
2019-11-12,1650,1648,1640,-0.007021160301441161,-0.001501129568149801,0.9987878787878788,0.9862450009836634,0.6839407482232054
2019-11-13,1653,1651,1643,-0.08036586734054797,-0.11897960165100085,0.9987900786448881,0.9904689246960922,0.71509008496737
2019-11-14,1657,1655,1647,-0.0950320861056867,-0.124729270682065,0.9987929993964997,0.9892416011744712,0.7124314325391325
2019-11-15,1655,1653,1646,-0.06223298269181543,-0.10512880958963483,0.9987915407854985,0.988539352761641,0.7255885334055788
2019-11-18,1662,1660,1651,-0.10048797143257977,-0.13635913265968175,0.9987966305655837,0.988235876575979,0.7278028068985793
2019-11-19,1667,1665,1656,-0.12377225460384671,-0.14050710461144764,0.9988002399520096,0.9781754615054001,0.7348672064285051
2019-11-20,1666,1664,1655,-0.12727508598989504,-0.14063232332441641,0.9987995198079231,0.9786413479528421,0.7415888260833351
2019-11-21,1672,1670,1663,-0.09754097307694717,-0.107136610011618,0.9988038277511961,0.9795666036758482,0.7544215066270527
2019-11-22,1674,1672,1664,-0.10466598118677847,-0.12545909733221944,0.998805256869773,0.9756855357603004,0.766022271049146
2019-11-25,1676,1674,1665,-0.06154744344874273,-0.08608954756538842,0.9988066825775657,0.9796156326123743,0.7723391867972107
2019-11-26,1679,1677,1668,-0.06426804876111883,-0.10737863806990466,0.9988088147706968,0.9839795081796002,0.7825819219248463
2019-11-27,1688,1685,1676,-0.05554671009627568,-0.08206804557017514,0.9982227488151659,0.9842725520960721,0.7769525950843384
2019-11-29,1686,1683,1672,-0.04615650087313989,-0.06474082225613223,0.998220640569395,0.9810515684551991,0.784355002270019
2019-12-02,1673,1670,1660,-0.08348863565431484,-0.11339972057853756,0.9982068141063957,0.979796041123401,0.7808330364819599
2019-12-03,1673,1670,1660,-0.06352862198856009,-0.09869251046053068,0.9982068141063957,0.9847417519407973,0.7883986178832948
2019-12-04,1668,1665,1656,-0.08714543676075162,-0.09032611397517804,0.9982014388489209,0.9786273939009396,0.7904495193778762
2019-12-05,1664,1661,1653,-0.11455887519199658,-0.1341751509651446,0.9981971153846154,0.9751102274332746,0.7956610034401268
2019-12-06,1668,1665,1657,-0.12423245368405363,-0.13797473291806672,0.9982014388489209,0.9768607114520462,0.8049226089555195
2019-12-09,1667,1664,1657,-0.12142659283415155,-0.1461378048589931,0.9982003599280144,0.9837487840259879,0.8173550218165826
2019-12-10,1670,1667,1659,-0.12117417652203347,-0.1458021967833007,0.9982035928143712,0.9895020721204931,0.8295310934522256
2019-12-11,1673,1670,1661,-0.14092881236046417,-0.1650740070500064,0.9982068141063957,0.9873309573174148,0.8173127727239791
2019-12-12,1671,1668,1658,-0.10838507653979515,-0.12416020360772759,0.9982046678635548,0.9893538243036704,0.8237153640222337
2019-12-13,1673,1670,1660,-0.13388389060066824,-0.15322398252142216,0.9982068141063957,0.9886945237862524,0.823216756879445
2019-12-16,1675,1672,1661,-0.12501100190775155,-0.0986685416336131,0.9982089552238806,0.987968522143839,0.8084758933169574
2019-12-17,1671,1668,1657,-0.1034355192236385,-0.07615618375954913,0.9982046678635548,0.9880592820288571,0.7929059950815872
2019-12-18,1681,1678,1667,-0.07519628381443443,-0.03962174478488426,0.9982153480071386,0.988890420581351,0.7783059434001612
2019-12-19,1685,1682,1672,-0.028934303402153878,0.025293559167850834,0.9982195845697329,0.9894275146669006,0.7716157799477944
2019-12-20,1682,1679,1669,-0.03470835628171223,0.03550459073404511,0.9982164090368609,0.9876874865957801,0.778088939613272
2019-12-23,1724,1721,1711,0.020542372638949456,0.05937294718960748,0.9982598607888631,0.9909809969289961,0.7883480289371086
2019-12-24,1724,1721,1711,0.01637841407564377,0.04895469157881922,0.9982598607888631,0.9908249486390895,0.7448187251232423
2019-12-26,1715,1712,1702,0.02838881444534324,0.057996571659587284,0.9982507288629737,0.9876180825480483,0.73013048385373
2019-12-27,1714,1711,1700,0.019460697575409202,0.055284781189524464,0.9982497082847142,0.9902746905069368,0.7225763110017651
2019-12-30,1707,1704,1695,0.006921153058438388,0.0350019900711315,0.9982425307557118,0.9933617950316251,0.7312198482029767
2019-12-31,1720,1717,1708,0.018244644919765202,0.04675371581029758,0.9982558139534884,0.9903521556041839,0.7033537764192553
2020-01-02,1718,1715,1706,0.01596218925258268,0.02478513850466368,0.9982537834691502,0.9851454683742881,0.7009347016209685
2020-01-03,1710,1707,1697,0.061196497277054736,0.06433617623221605,0.9982456140350877,0.9902962926271138,0.6530809191980503
2020-01-06,1716,1713,1705,0.06877600195808076,0.06228254933194517,0.9982517482517482,0.9900873759176678,0.6466161346001534
2020-01-07,1714,1711,1703,0.05447407049915771,0.07261435889026575,0.9982497082847142,0.9865848820941292,0.6383509540682143
2020-01-08,1712,1709,1700,0.019523393457749484,0.023897232775350795,0.9982476635514018,0.9872431378405038,0.6419404945954753
2020-01-09,1709,1706,1697,0.030083606628452813,0.02217087503339024,0.9982445874780573,0.9884509241323374,0.6452829287906199
2020-01-10,1703,1700,1692,0.07008502667547471,0.05677512732796563,0.9982384028185555,0.9903396445671618,0.6446480569440973
2020-01-13,1706,1703,1694,0.09683732802518018,0.07139950491957521,0.9982415005861665,0.9864344334230571,0.6590628464529357
2020-01-14,1707,1703,1694,0.11651540141141975,0.07130929685245763,0.9976567076742824,0.9834429295858994,0.658879566387962
2020-01-15,1706,1702,1694,0.1220783424072843,0.0946353286183339,0.9976553341148886,0.978811916953928,0.6398811487277174
2020-01-16,1695,1691,1684,0.07507775406069869,0.056043490861387366,0.9976401179941002,0.9844531012173945,0.6585061688944043
2020-01-17,1695,1691,1684,0.045773524391114415,0.017356680261706524,0.9976401179941002,0.991055582888493,0.6575836580497288
2020-01-21,1691,1687,1680,0.03835221115167649,0.009534399130465741,0.9976345357776464,0.9802474474862736,0.6675898491448162
2020-01-22,1688,1684,1676,0.031332054529226765,0.0022419290570514032,0.9976303317535545,0.9772790861010282,0.6729607386167583
2020-01-23,1649,1645,1639,0.010735285012510769,-0.017013043703173483,0.9975742874469375,0.9605490429645561,0.6866503626642119
2020-01-24,1651,1647,1642,0.00465919720846286,-0.056371861931203464,0.9975772259236826,0.9785732080523196,0.7179955243994189
2020-01-27,1660,1656,1651,0.012603981211595104,-0.05236045683930492,0.9975903614457832,0.9898727814651336,0.7126796559052865
2020-01-28,1662,1658,1654,0.0061346676322193115,-0.06532428191387303,0.9975932611311673,0.9865653212311999,0.7168892916472837
2020-01-29,1663,1659,1655,-0.018823576494198656,-0.08018513009392887,0.9975947083583885,0.9810303832494975,0.7109734554899093
2020-01-30,1665,1661,1657,0.009406104397439406,-0.047866646848568783,0.9975975975975976,0.9797040032584114,0.6767483062348258
2020-01-31,1658,1654,1649,0.0810595310283197,-0.006255895011392717,0.9975874547647768,0.9806683706305303,0.6716065423280545
2020-02-03,1657,1653,1649,0.031194430691751297,-0.0399534688171213,0.9975859987929994,0.9889822594368108,0.5990666650289163
2020-02-04,1657,1653,1648,0.007964601212347572,-0.07740713025522514,0.9975859987929994,0.9851751128159992,0.5603650598363201
2020-02-05,1665,1661,1657,0.006308157380567138,-0.08099221511936616,0.9975975975975976,0.9835377780208856,0.5676511988479706
2020-02-06,1665,1661,1658,-0.0416840470476257,-0.1356098445539637,0.9975975975975976,0.9858889942873887,0.5967160187658214
2020-02-07,1660,1656,1652,-0.07327081935300013,-0.171857417334684,0.9975903614457832,0.9879655757076354,0.5659357150520292
2020-02-10,1656,1652,1648,-0.057234655023256635,-0.13687902257858628,0.9975845410628019,0.9884000783533438,0.5732707414034025
2020-02-11,1659,1655,1652,-0.04540337340896369,-0.1181478320552839,0.997588908981314,0.98699738297876,0.6187194848533618
2020-02-12,1659,1655,1652,-0.06891124956961756,-0.1352968001382477,0.997588908981314,0.9865723613701008,0.6270788260946472
2020-02-13,1662,1658,1655,-0.06681557159650635,-0.11868655479264811,0.9975932611311673,0.9869800181954216,0.6486069137490974
2020-02-14,1656,1652,1648,-0.05725283394763463,-0.10784791225850113,0.9975845410628019,0.985932471046413,0.654055031644977
2020-02-18,1654,1650,1646,-0.0710090718487709,-0.11540174920891706,0.9975816203143894,0.9887739438959438,0.62276296593916
2020-02-19,1657,1653,1649,-0.07855775972855507,-0.1186999984477993,0.9975859987929994,0.9803565985268559,0.6129223070347496
2020-02-20,1657,1653,1650,-0.04799012747243192,-0.10806269467199846,0.9975859987929994,0.9840151109654438,0.6193151244006011
2020-02-21,1659,1655,1652,-0.04117517294668965,-0.08739370988758964,0.997588908981314,0.9819984767758019,0.6385174439192091
2020-02-24,1652,1648,1645,0.008660578016470234,-0.04653077029435706,0.9975786924939467,0.9845562592965235,0.6344709905569301
2020-02-25,1645,1642,1638,0.03308588685432491,-0.00959531982068663,0.998176291793313,0.9850568441198442,0.6414909554658521
2020-02-26,1644,1641,1637,0.03337337579783338,-0.02080647114872583,0.9981751824817519,0.9854154976921112,0.6576156693452357
2020-02-27,1647,1643,1639,0.019761497015252774,-0.010227506438014074,0.9975713418336369,0.9795799167240657,0.6777667242142565
2020-02-28,1661,1658,1654,0.010880658144471499,-0.01149529599685083,0.9981938591210114,0.9837097401368786,0.7185182928800065
2020-03-02,1674,1671,1666,-0.01868858803124981,-0.022471496745717773,0.9982078853046595,0.9622128955383066,0.7189358839020928
2020-03-03,1674,1670,1665,0.015794241029716664,0.04776870207542546,0.997610513739546,0.9776239247449033,0.7650938722080284
2020-03-04,1676,1672,1665,0.03938002369921469,0.05708173342102012,0.9976133651551312,0.9839658717885584,0.7626786000191955
2020-03-05,1677,1673,1665,0.0006623625024370517,0.0328143627513376,0.9976147883124628,0.9707364496308303,0.7665665425741952
2020-03-06,1677,1673,1664,-0.022086493713996524,-0.001378747902351402,0.9976147883124628,0.9787968320135426,0.7423877487236977
2020-03-09,1657,1654,1646,-0.003249522390968722,0.019687502713990442,0.9981894990947495,0.9776759353785536,0.7389226053739922
2020-03-10,1661,1658,1649,-0.03111959407870465,-0.022207521528735306,0.9981938591210114,0.9884663752925041,0.6935830392623107
2020-03-11,1660,1657,1647,-0.051485422050854664,-0.02050857445416641,0.9981927710843373,0.9872207140127767,0.7008830813726799
2020-03-12,1646,1643,1633,-0.06367772918497693,-0.02727117895242959,0.9981773997569866,0.9886821279745107,0.666887372840456
2020-03-13,1670,1667,1657,0.020129072373762814,0.020278890971947787,0.9982035928143712,0.9878235159846309,0.5987304162891389
2020-03-16,1649,1647,1638,0.1437327843254647,0.15084216900028247,0.9987871437234688,0.9856934352419159,0.5949611133898135
2020-03-17,1656,1653,1644,0.12696890114761675,0.13306882070350548,0.9981884057971014,0.9886621068277365,0.5017783242853454
2020-03-18,1625,1623,1613,0.15976545145753945,0.1716588282941525,0.9987692307692307,0.9890695022304693,0.4726122442117797
2020-03-19,1660,1657,1647,0.19411695955927452,0.1900825636051407,0.9981927710843373,0.9816063170393723,0.4139885387991482
2020-03-20,1665,1662,1652,0.18920430020852538,0.20687977000813987,0.9981981981981982,0.9866005505189124,0.441927264284543
2020-03-23,1669,1666,1656,0.11500021395115705,0.14219679711748956,0.9982025164769323,0.9882063995570123,0.458563461299655
2020-03-24,1685,1682,1673,0.15293717535410914,0.15207812770698506,0.9982195845697329,0.9840143414226923,0.4993701168316372
2020-03-25,1695,1692,1683,0.15692654281439444,0.13217924355270702,0.9982300884955753,0.9841034923591531,0.5668821861070701
2020-03-26,1701,1698,1689,0.18675441193870088,0.15071279826073306,0.9982363315696648,0.9812740326790258,0.6301532300284617
2020-03-27,1691,1688,1679,0.11023539179373486,0.09760258253744336,0.9982259018332348,0.9724796313293473,0.6488128460501077
2020-03-30,1675,1673,1665,0.0661261230850839,0.03778090758132836,0.9988059701492538,0.9842635524947597,0.6016921895674305
2020-03-31,1672,1670,1662,0.007012439400256341,-0.031172930616997,0.9988038277511961,0.9857595896304541,0.606682360936467
2020-04-01,1651,1650,1645,-0.006362655619529862,-0.025869461013952537,0.9993943064809206,0.988159401162094,0.6171232609624518
2020-04-02,1653,1652,1648,-0.0030212379365933484,-0.03168202019340331,0.999395039322444,0.9795882877048343,0.5982314175899047
2020-04-03,1639,1638,1634,0.009599578348144561,-0.037879236463965224,0.9993898718730934,0.9813145298643715,0.6480860346420348
2020-04-06,1653,1652,1648,0.06762161444585939,0.03682621388071868,0.999395039322444,0.9681012461484603,0.6626535833243821
2020-04-07,1651,1650,1647,0.1565934417260806,0.14611214338179668,0.9993943064809206,0.9840510924270399,0.7353549134901285
2020-04-08,1662,1661,1658,0.15826146578394573,0.15746484187872123,0.9993983152827918,0.9857589167328508,0.7441577246181791
2020-04-09,1665,1664,1661,0.13693119310747673,0.12234051169566089,0.9993993993993994,0.9715299881138175,0.782545901769617
2020-04-13,1656,1655,1652,0.1596117642102705,0.13342030352292605,0.9993961352657005,0.9735376081843158,0.8037413803260893
2020-04-14,1649,1648,1644,0.15218008496451924,0.12497097323920671,0.9993935718617344,0.9567452832941116,0.8084436811395853
2020-04-15,1648,1647,1643,0.13922021778149915,0.09271243936090426,0.9993932038834952,0.966537542021945,0.8264114072284379
2020-04-16,1639,1638,1635,-0.031071116762431107,-0.08542822099539828,0.9993898718730934,0.960507355767367,0.834258385835405
2020-04-17,1639,1638,1636,0.04869860149487067,0.018616040151880748,0.9993898718730934,0.9742377988341194,0.8388149661091009
2020-04-20,1637,1636,1634,-0.15135627164646454,-0.22572292607162375,0.9993891264508247,0.9751720539309581,0.8460174960938511
2020-04-21,1622,1622,1620,-0.08880577964031293,-0.1795770468675753,1.0,0.9816817003906388,0.8637636274270701
2020-04-22,1609,1609,1608,-0.12616954715525544,-0.2481003068002642,1.0,0.9771592380523131,0.8705394763369679
2020-04-23,1607,1607,1606,-0.0889575419561772,-0.18714198952979516,1.0,0.9755538505059576,0.8735350695855423
2020-04-24,1605,1605,1604,-0.0555373823113346,-0.12775629096753136,1.0,0.9806297404391994,0.8635809157918528
2020-04-27,1602,1602,1601,-0.13243309655316424,-0.2098840232111488,1.0,0.982555682176512,0.8556020740230486
2020-04-28,1601,1601,1600,-0.14420710889544197,-0.24459390706793305,1.0,0.9891980555918541,0.871341070231878
2020-04-29,1610,1610,1609,0.06602488544917501,0.05374603825024134,1.0,0.9905250705855789,0.8744975884518643
2020-04-30,1617,1617,1615,0.12011804801545055,0.1053223647603306,1.0,0.987931500148136,0.8607075472362079
2020-05-01,1613,1612,1609,0.0128124814043206,-0.08863932444521463,0.9993800371977681,0.9892677190016347,0.8670556918801616
2020-05-04,1616,1615,1613,-0.09716847689933696,-0.1930891610043578,0.9993811881188119,0.986719007083653,0.8808970833297594
2020-05-05,1618,1617,1615,-0.3025629676255232,-0.44613405918031623,0.9993819530284301,0.9898777811856706,0.8901660344587988
2020-05-06,1617,1616,1615,-0.42708977090529515,-0.5692102533995725,0.9993815708101422,0.9914306718838725,0.896443076281705
2020-05-07,1616,1615,1614,-0.5055661502126096,-0.6363974926037694,0.9993811881188119,0.9889407052937399,0.8822322000186057
2020-05-08,1625,1624,1622,-0.4436502146189829,-0.6340051795646573,0.9993846153846154,0.9900701825709123,0.8817675192706778
2020-05-11,1632,1630,1628,-0.49646846456420796,-0.6396614101708052,0.9987745098039216,0.9899775145453693,0.8669987650858779
2020-05-12,1635,1633,1630,-0.5114404692714486,-0.614750169437923,0.998776758409786,0.9927429443417273,0.8733365854756227
2020-05-13,1626,1625,1621,-0.4927995031686898,-0.599141995541516,0.9993849938499385,0.9936650416156518,0.881803127730551
2020-05-14,1636,1635,1631,-0.5055246439242852,-0.6333124027409205,0.9993887530562348,0.9939719182045093,0.8952586782062693
2020-05-15,1641,1640,1635,-0.483346991323671,-0.6311679781252766,0.9993906154783668,0.9943094780951626,0.8948744573937355
2020-05-18,1651,1650,1645,-0.37611929611590467,-0.5152197600118319,0.9993943064809206,0.9944551058551988,0.8923673690480394
2020-05-19,1665,1664,1659,-0.3503170953534196,-0.44929870276088135,0.9993993993993994,0.9936971097126601,0.8838385358646328
2020-05-20,1671,1670,1665,-0.2667700500822917,-0.36511863581191417,0.9994015559545183,0.9944477872073917,0.8785580854603527
2020-05-21,1676,1675,1670,-0.1900715582192761,-0.2677185757761295,0.9994033412887828,0.995144804909064,0.881001223872285
2020-05-22,1682,1681,1675,-0.17250997454582334,-0.2825611465857019,0.9994054696789536,0.9962826861063865,0.8754187436562413
2020-05-26,1688,1687,1681,0.01643702062711236,-0.07372480900707355,0.9994075829383886,0.9942588416166938,0.8773969703819834
2020-05-27,1691,1690,1684,0.26085264712242195,0.24076511153361974,0.9994086339444116,0.9883180955085238,0.8750251508180878
2020-05-28,1688,1687,1681,0.19683930248507697,0.08802101485572977,0.9994075829383886,0.9878962794109285,0.8747588613236441
2020-05-29,1688,1687,1682,0.13232975741335232,0.03862981251859483,0.9994075829383886,0.9896402393924274,0.8867074527409213
2020-06-01,1696,1695,1689,0.06521364475751229,-0.035606831275347306,0.9994103773584906,0.990973393716474,0.8951076179356169
2020-06-02,1693,1692,1685,0.14572226356794968,0.0476874924264631,0.9994093325457767,0.9936830952251042,0.8922963843471562
2020-06-03,1697,1696,1688,0.3617036107358011,0.3886633711435127,0.9994107248084856,0.9931694518466139,0.8920107823863446
2020-06-04,1706,1705,1696,0.45121664295756314,0.5094818623969115,0.9994138335287222,0.9917439631689324,0.885709219186856
2020-06-05,1708,1707,1698,0.5350978114380205,0.6127341513805643,0.9994145199063232,0.9920454634977032,0.8753275039026374
2020-06-08,1726,1725,1717,0.5924971291116555,0.690355438759231,0.9994206257242179,0.9913228931977242,0.8574081793315605
2020-06-09,1727,1726,1718,0.5551593870216661,0.6390139391649705,0.9994209612044007,0.9918978802845413,0.8626071737606086
2020-06-10,1722,1721,1714,0.534576811333876,0.6270733162033082,0.9994192799070848,0.9944447242536874,0.8785586869267199
2020-06-11,1704,1703,1696,0.4337772424485331,0.45562609480571037,0.9994131455399061,0.9949220388763491,0.8985175848456728
2020-06-12,1715,1714,1707,0.44667323792055585,0.49778507033807134,0.9994169096209913,0.9960899234651267,0.9174182980628246
2020-06-15,1724,1723,1717,0.40994495578404766,0.47836028131071207,0.9994199535962877,0.9957637506539293,0.9030559235305732
2020-06-16,1728,1727,1721,0.3839004593150143,0.4247406087360314,0.9994212962962963,0.99103957988641,0.9021012545959304
2020-06-17,1721,1720,1714,0.3101112329881229,0.30607664747679747,0.999418942475305,0.9945999877920366,0.8962581374962978
2020-06-18,1719,1718,1712,0.3563468260577469,0.37462008056920315,0.9994182664339732,0.9948585501343254,0.8915753399837099
2020-06-19,1724,1723,1717,0.36537649485113527,0.41727108435325827,0.9994199535962877,0.9960289856067718,0.8830958755177994
2020-06-22,1742,1741,1735,0.2663375075981849,0.2488621165236034,0.9994259471871412,0.9967286103633572,0.88250507678046
2020-06-23,1750,1749,1742,0.2544812347394786,0.2710945123164837,0.9994285714285714,0.9934644925078221,0.8876705265393161
2020-06-24,1746,1745,1738,0.11158541886238006,0.06999302814593894,0.9994272623138603,0.9925175714401592,0.880735343037863
2020-06-25,1746,1745,1738,0.11650987072033414,0.10339567475327668,0.9994272623138603,0.9913315372289231,0.8761790391939028
2020-06-26,1742,1741,1734,0.11759511338568653,0.08864241029968371,0.9994259471871412,0.9940903017652627,0.8687252527939131
2020-06-29,1766,1765,1760,0.20903793094493864,0.21857758585395845,0.9994337485843715,0.995291419420574,0.8765755970582415
2020-06-30,1769,1768,1764,0.13626305037167058,0.1377962027454622,0.9994347088750707,0.9946235764435388,0.8805672995257778
2020-07-01,1770,1769,1765,0.14253424217091448,0.10492294884261075,0.9994350282485875,0.9924165196133681,0.8810162742445912
2020-07-02,1771,1770,1767,0.16688119230892903,0.15203832021595273,0.9994353472614342,0.9887205942691237,0.8758503632510909
2020-07-06,1776,1775,1771,0.2442138336157021,0.21247819037708784,0.9994369369369369,0.9856674554104115,0.8700956836181274
2020-07-07,1764,1763,1759,0.1094537346327168,0.057829295355636655,0.9994331065759637,0.9841678469941353,0.8634369368026883
2020-07-08,1757,1757,1753,0.028654357335594367,-0.018610715414054933,1.0,0.9876372475530664,0.8676293298712527
2020-07-09,1750,1750,1746,-0.08256120680096413,-0.16331744485835614,1.0,0.9892042052943231,0.8701998668950519
2020-07-10,1754,1754,1750,-0.07510396767449988,-0.15143765140821355,1.0,0.9905175703654567,0.8825531668810164
2020-07-13,1747,1747,1743,-0.10149375386357114,-0.21070372634777695,1.0,0.987573652753902,0.8821487115476223
2020-07-14,1751,1751,1747,-0.2182747924752232,-0.3185072467504121,1.0,0.990916022287877,0.8828889879678051
2020-07-15,1751,1751,1747,-0.13526424019652006,-0.15469967199291276,1.0,0.9919248679941278,0.8839637694514234
2020-07-16,1752,1752,1748,-0.08677619975981882,-0.08781261002324224,1.0,0.9907381397768515,0.880368777873328
2020-07-17,1759,1759,1755,-0.1698017598764296,-0.21878891564192487,1.0,0.9935447567853819,0.8824724106856882
2020-07-20,1762,1762,1757,-0.1823001920633075,-0.24241079571632265,1.0,0.9935637729124176,0.8824846522978531
2020-07-21,1738,1738,1734,-0.09477312296536099,-0.054711989075532236,1.0,0.993346900641372,0.881211595473981
2020-07-22,1736,1736,1732,-0.09746308354732583,-0.05841989481074316,1.0,0.9938974957591629,0.8768637621482007
2020-07-23,1735,1735,1731,-0.006040721792675407,0.08001688380168127,1.0,0.99301591226678,0.8815507400408678
2020-07-24,1731,1731,1726,-0.0029847422055223954,0.09186532728586226,1.0,0.991726329947418,0.8758237520306874
2020-07-27,1733,1733,1728,-0.17310468813244134,-0.16567066347069828,1.0,0.9912624745244233,0.8642699403234615
2020-07-28,1699,1699,1694,-0.14006521908749534,-0.12190355141221576,1.0,0.9907541285670906,0.8624958642930615
2020-07-29,1696,1696,1691,-0.06248309855443495,0.009189124691626948,1.0,0.9931662012981526,0.839744229506944
2020-07-30,1688,1688,1684,-0.21893363613977207,-0.17057791654710422,1.0,0.991301353721119,0.8121501807636168
2020-07-31,1687,1687,1684,-0.2483306416059996,-0.24161124125028027,1.0,0.9938381536437785,0.7249731054842957
2020-08-03,1692,1692,1689,-0.2704553658629817,-0.2191536797363754,1.0,0.9951801450468254,0.760913984617775
2020-08-04,1698,1698,1695,-0.23673518564993862,-0.16076371222092767,1.0,0.9936530332739812,0.7317327963353917
2020-08-05,1704,1704,1700,-0.21749845353894193,-0.12446828569022883,1.0,0.9938205241965596,0.6550119631770114
2020-08-06,1716,1716,1712,-0.30343317838493844,-0.2522055020976469,1.0,0.9934229468798925,0.6728768148185489
2020-08-07,1715,1715,1710,-0.30802198459045954,-0.2559016544685468,1.0,0.9944055627511503,0.5616196011803137
2020-08-10,1720,1720,1715,-0.17699618846409557,-0.08314432453931642,1.0,0.9899608011263752,0.44770722845028854
2020-08-11,1733,1733,1728,-0.07025781407535385,0.09032126103865988,1.0,0.9914898418425843,0.26723071734596254
2020-08-12,1738,1738,1733,-0.04861321214341525,0.05427710778899799,1.0,0.9922902286234624,0.32123833598544194
2020-08-13,1736,1736,1731,-0.11809869119539416,-0.04929564567226465,1.0,0.993858263935634,0.36442401742889396
2020-08-14,1739,1739,1734,-0.05559101702128701,-0.019972448541889818,1.0,0.9914976010854886,0.3732699784187754
2020-08-17,1735,1735,1731,-0.10890660903684304,-0.05759044486397458,1.0,0.9919629000043273,0.4670224016543431
2020-08-18,1736,1736,1732,-0.15317610982467397,-0.18248526547592642,1.0,0.9864558593724981,0.5754269705728959
2020-08-19,1729,1729,1726,-0.15333595229431624,-0.1996658430676793,1.0,0.9864873489883474,0.6305434640529547
2020-08-20,1732,1732,1729,-0.09437309503755441,-0.18114104040670823,1.0,0.9870296561609351,0.597127979233793
2020-08-21,1728,1728,1725,-0.021743613945746778,-0.08104429276303105,1.0,0.9906140603263707,0.5818304097788227
2020-08-24,1736,1736,1733,0.10363808853280478,0.10431839871417914,1.0,0.9897066662088815,0.6009189551766558
2020-08-25,1738,1738,1735,0.058097388937429356,0.07634376741471476,1.0,0.9879287524902062,0.5214988511460262
2020-08-26,1738,1738,1736,0.0031377451708710633,-0.01714686052639986,1.0,0.9833550517546075,0.5329001385663659
2020-08-27,1732,1732,1730,0.1316399786104106,0.0944355485967063,1.0,0.952159585128006,0.5731134381757161
2020-08-28,1734,1734,1731,0.11717245908814264,0.06168730248854303,1.0,0.9818133534861339,0.6300049990623671
2020-08-31,1727,1727,1726,0.15966937261562827,0.07171723933182629,1.0,0.9839301445020738,0.6461805457741205
2020-09-01,1724,1724,1723,0.12430546297986156,-0.011539181702265734,1.0,0.9690679267630468,0.7247618153324922
2020-09-02,1721,1721,1718,0.1792436838220479,0.06169849352378717,1.0,0.9718665781992183,0.7706348379376513
2020-09-03,1713,1713,1709,0.26584256807054274,0.16639905022077559,1.0,0.9458540650101194,0.7527983287467263
2020-09-04,1702,1702,1697,0.3777641072890418,0.31401850135128057,1.0,0.9510777615457332,0.76005992869602
2020-09-08,1692,1692,1686,0.36076065240895133,0.28020932004018767,1.0,0.9396600072008745,0.7584666257331462
2020-09-09,1691,1691,1685,0.30735535370435946,0.2192359117542479,1.0,0.9631168438816624,0.7623854108738253
2020-09-10,1685,1685,1678,0.2529511434156133,0.19077228766403362,1.0,0.9688851437727388,0.7944754434189555
2020-09-11,1683,1683,1676,0.28640758181170334,0.24540355590940507,1.0,0.9717022595192957,0.7934807170892334
2020-09-14,1691,1691,1683,0.22790988199784668,0.17317963342177775,1.0,0.9702079576084218,0.8046353338232729
2020-09-15,1696,1696,1687,0.26067252803735064,0.21936792127426866,1.0,0.9645157586150195,0.7758938702751793
2020-09-16,1699,1699,1690,0.2706468319863027,0.2889096697750717,1.0,0.9783613435592441,0.7476763879155353
2020-09-17,1702,1702,1692,0.24155686860859868,0.30507162072343363,1.0,0.9832555472525025,0.7363668082749364
2020-09-18,1710,1709,1699,0.16608630714468167,0.23781931954299834,0.9994152046783625,0.9819121271499763,0.7684059084098285
2020-09-21,1748,1747,1737,0.10353662083906998,0.18362156574062954,0.9994279176201373,0.9863096399791371,0.8098249330380916
2020-09-22,1745,1744,1734,0.04480102925787186,0.10842854364387727,0.9994269340974212,0.9725756140930636,0.8076944356075949
2020-09-23,1746,1745,1735,0.03431097706861876,0.08309665903557677,0.9994272623138603,0.988547404700404,0.78200322025886
2020-09-24,1749,1748,1738,0.062034161470924776,0.09009211413730354,0.9994282447112636,0.9891186753432322,0.7946274268453241
2020-09-25,1754,1753,1742,0.05031680128544629,0.09997433234166146,0.999429874572406,0.9852579478664761,0.7919892167340422
2020-09-28,1760,1759,1749,-0.016466623225861766,0.0032348916141496323,0.9994318181818181,0.988315204785044,0.7981418505637318
2020-09-29,1756,1755,1745,-0.006616929748436683,0.014358504131598287,0.9994305239179955,0.9846216886741826,0.7909999482550526
2020-09-30,1753,1752,1742,-0.007399764202155582,0.014745947756788428,0.9994295493439818,0.9842515868623313,0.7957848996100615
2020-10-01,1748,1747,1739,-0.09796887311696077,-0.06418998497622443,0.9994279176201373,0.9838252813469912,0.7854752339694299
2020-10-02,1747,1746,1737,-0.16457495867138275,-0.11701393074301958,0.9994275901545506,0.9842330104592322,0.7827485608264113
2020-10-05,1756,1755,1747,-0.2001961849262379,-0.13516812098972503,0.9994305239179955,0.9808167811324429,0.770903587887421
2020-10-06,1754,1753,1746,-0.14054003576167917,-0.04495369620360443,0.999429874572406,0.9833656519150752,0.7939858939095203
2020-10-07,1761,1760,1753,-0.14622608856048808,-0.05851876246788706,0.9994321408290744,0.9812573404041397,0.8042526757840153
2020-10-08,1764,1763,1757,-0.030544119385651044,0.043145822421623715,0.9994331065759637,0.9872564882607741,0.7871869212835724
2020-10-09,1760,1759,1752,-0.03875549591817205,0.045093132943447155,0.9994318181818181,0.9917310858280343,0.8007899743384096
2020-10-12,1758,1757,1751,-0.2141360321469198,-0.12854607431481688,0.9994311717861206,0.9868685833388143,0.8000732325312049
2020-10-13,1754,1753,1748,-0.23821468490473074,-0.15546311332481635,0.999429874572406,0.9868666376989432,0.8012926825385037
2020-10-14,1747,1746,1741,-0.23234090417197928,-0.15930881398976565,0.9994275901545506,0.9889922461970861,0.8124657299343518
2020-10-15,1738,1737,1733,-0.19408296593113444,-0.14583727486837703,0.9994246260069045,0.9873476258753482,0.8079355455986678
2020-10-16,1735,1734,1730,-0.191086694697543,-0.1580477788613516,0.9994236311239193,0.9771589650018405,0.8066563841535141
2020-10-19,1705,1704,1699,-0.21842955340650058,-0.22460890036554187,0.9994134897360704,0.9679884509379595,0.8193792263695203
2020-10-20,1700,1699,1693,-0.20142041917320092,-0.2813764678891406,0.9994117647058823,0.9868608792830761,0.8235183619705143
2020-10-21,1694,1693,1687,-0.11610126967762989,-0.19318038954623185,0.999409681227863,0.9871099983236659,0.8063265943361584
2020-10-22,1691,1690,1684,-0.023704757249668813,-0.09841617849872004,0.9994086339444116,0.9835052237361548,0.8021142439627101
2020-10-23,1693,1692,1687,0.02742196732590478,-0.08788599780590353,0.9994093325457767,0.9870785193528656,0.7972122235734848
2020-10-26,1689,1688,1683,0.08365348474667195,-0.02914914593128439,0.9994079336885732,0.979561948426809,0.7999228218667639
2020-10-27,1687,1686,1681,0.014914720236694103,-0.05468256163294248,0.999407231772377,0.9827352220177246,0.7603973472148315
2020-10-28,1677,1676,1671,0.008037000455399092,-0.08514933487632788,0.9994036970781157,0.9831405139783617,0.7710696772109515
2020-10-29,1678,1677,1672,0.037239091847760225,-0.10203504949084559,0.9994040524433849,0.9791778182134409,0.7849295853469966
2020-10-30,1671,1670,1667,0.10186915485469972,0.00611478488500853,0.9994015559545183,0.9783716244235723,0.7730601876969722
2020-11-02,1671,1670,1666,0.05608590474294856,0.0007179317518942258,0.9994015559545183,0.9830849671864933,0.7671675064260961
2020-11-03,1686,1685,1680,-0.0023873605741589884,-0.010065277294750123,0.9994068801897983,0.9880587114762601,0.8043376639520811
2020-11-04,1679,1677,1672,-0.0014942516038973762,-0.0043309434782385515,0.9988088147706968,0.9894079132947137,0.7995877035715514
2020-11-05,1678,1676,1671,-0.057095150649727644,-0.04438981211380935,0.99880810488677,0.980879041882538,0.7583557102906032
2020-11-06,1677,1675,1671,-0.05262468285478711,-0.09537509983426316,0.9988073941562313,0.9907822112131307,0.8029468808393382
2020-11-09,1685,1683,1679,0.13863722496896172,0.08469441829423595,0.998813056379822,0.9899176451708027,0.7936842984777086
2020-11-10,1704,1702,1698,0.11079254250996637,0.0634595261287795,0.9988262910798122,0.9878961031603801,0.7418632772844759
2020-11-11,1720,1718,1714,0.06187367092023672,0.00404540659322552,0.9988372093023256,0.991263521969426,0.7188420827113642
2020-11-12,1722,1720,1716,0.02697411028301048,0.010410385259731555,0.9988385598141696,0.9813903287091219,0.7497402857073211
2020-11-13,1725,1723,1719,0.035235704880726464,-0.008276988869450847,0.998840579710145,0.981694774035134,0.7446696390828111
2020-11-16,1730,1728,1724,0.07563873466302466,0.030347304193027218,0.9988439306358381,0.9853888575472869,0.6805034870708402
2020-11-17,1745,1743,1740,0.07599461549404807,0.05973830566159845,0.9988538681948425,0.9842687931472448,0.6754684138929326
2020-11-18,1756,1754,1751,0.08466741509242857,0.04509295554902471,0.9988610478359908,0.9862783097020746,0.694177210016856
2020-11-19,1762,1759,1756,0.04026181440362679,0.007737707542587962,0.9982973893303064,0.9852547711495779,0.7241830993464519
2020-11-20,1765,1762,1758,0.04652428335962064,0.05053844751674464,0.998300283286119,0.9812624199936482,0.7397146065014732
2020-11-23,1779,1776,1772,0.0872741121457209,0.11000437696292018,0.9983136593591906,0.9786342139879116,0.6924477444520908
2020-11-24,1790,1787,1783,0.14233067005499273,0.16124328882968683,0.9983240223463687,0.973758963017104,0.5925468542159213
2020-11-25,1803,1800,1795,0.15700560045456,0.17225595327622834,0.9983361064891847,0.9770481889292882,0.46000445865373146
2020-11-27,1805,1802,1797,0.06507124197123174,0.05642363889541395,0.9983379501385041,0.9816239489620043,0.4008406619124407
2020-11-30,1798,1795,1790,0.006549504175043654,-0.014446963267569805,0.9983314794215795,0.975033549213051,0.4789394372419212
2020-12-01,1802,1799,1794,0.05071235682768026,0.0333003358946768,0.9983351831298557,0.9737223935962314,0.5587526613934728
2020-12-02,1812,1809,1805,0.08725047388589086,0.08711204404691511,0.9983443708609272,0.9880381840593253,0.6516873467132144
2020-12-03,1812,1810,1804,0.08117798563666782,0.07233739199513457,0.9988962472406181,0.9746728002396124,0.6169699971454243
2020-12-04,1816,1814,1808,0.13566355427046095,0.12192320861618458,0.998898678414097,0.9821941337199687,0.5689315815737616
2020-12-07,1817,1815,1809,0.10100526372361618,0.050518762062502054,0.9988992845349477,0.9844800473071348,0.593933432040429
2020-12-08,1823,1820,1812,0.15774645827470313,0.09884322531046275,0.9983543609434997,0.9202171201118616,0.6336727052086012
2020-12-09,1810,1808,1800,0.1881059989644037,0.1398225822497691,0.9988950276243094,0.9759677514762144,0.7235814015361747
2020-12-10,1814,1812,1804,0.20715473220928365,0.1410939734731759,0.9988974641675854,0.983672205035896,0.7203674655980431
2020-12-11,1826,1824,1816,0.20603080754691633,0.1347641746069674,0.9989047097480832,0.9862798705396485,0.7133352598158103
2020-12-14,1836,1834,1825,0.23131149263098377,0.14317165693645778,0.9989106753812637,0.9792591197770167,0.6873156099736324
2020-12-15,1844,1842,1833,0.22086121874710124,0.1419980424411758,0.9989154013015185,0.9830458112068463,0.7251092440476257
2020-12-16,1852,1849,1840,0.19386620221597792,0.1254829442101033,0.9983801295896328,0.9820617427202918,0.7379554656015687
2020-12-17,1856,1852,1842,0.2048908785652767,0.1324350855806174,0.9978448275862069,0.9846654734142527,0.7639568754616899
2020-12-18,1851,1848,1839,0.20004352358541824,0.1676140163360587,0.9983792544570502,0.9874958872430732,0.7638066000744248
2020-12-21,1906,1903,1895,0.19488285330841185,0.16956115065718597,0.9984260230849947,0.9871543814219541,0.7536556441790083
2020-12-22,1909,1906,1896,0.14533325760279583,0.17182771170228167,0.9984284965950759,0.9875217636937681,0.7506135083871066
2020-12-23,1913,1910,1900,0.1623752790040365,0.11709238292397191,0.9984317825405122,0.9825045215529736,0.7483554702662372
2020-12-24,1908,1905,1896,0.16257986363283372,0.08174235018555305,0.9984276729559748,0.9897720828629673,0.7628064332969897
2020-12-28,1896,1893,1884,0.15495629410462325,0.011211562424577019,0.9984177215189873,0.9892293679905401,0.781226655794387
2020-12-29,1904,1901,1892,0.17441609456335322,0.11766595490030106,0.9984243697478992,0.9893816672394271,0.7703380163571458
2020-12-30,1903,1900,1889,0.16074322182208545,0.040581756834412855,0.9984235417761429,0.9893032347982931,0.7673037890487524
2020-12-31,1894,1891,1881,0.17231380533475085,0.07258075986043944,0.9984160506863781,0.9829706326301892,0.7536425662778214
2021-01-04,1895,1892,1884,0.16628036297972879,0.15811481850622763,0.9984168865435357,0.9879689718471802,0.7589879857592864
2021-01-05,1899,1896,1888,0.14891585478769193,0.12925685586138652,0.9984202211690363,0.9862548828432336,0.7642343685356175
2021-01-06,1902,1899,1891,0.16239910367737118,0.08484988857746048,0.998422712933754,0.9890869138567725,0.7831954195866492
2021-01-07,1918,1915,1909,0.15596407104193893,0.046457504077533004,0.9984358706986444,0.9878728183241345,0.7958022946784732
2021-01-08,1920,1917,1910,0.13286171442077002,0.07887088848852038,0.9984375,0.9820122811910954,0.8029011378533137
2021-01-11,1922,1919,1911,0.11341470883392528,0.02926975588385699,0.9984391259105099,0.9840387686745116,0.7881937315074373
2021-01-12,1925,1922,1914,0.08468548841424531,-0.014508763670965989,0.9984415584415585,0.9892623004070739,0.8042912457132638
2021-01-13,1928,1925,1916,0.08863508133435527,0.013035563727250255,0.9984439834024896,0.9835103746929743,0.7969548407767422
2021-01-14,1926,1923,1915,0.08276769388986102,0.0033572258516857785,0.9984423676012462,0.9895099198667762,0.7859590442290596
2021-01-15,1930,1927,1919,0.14503116394679183,0.08363227631212022,0.9984455958549223,0.9885073995495639,0.7857141783475513
2021-01-19,1929,1925,1919,0.10400395808081164,0.0319021535509286,0.997926386728875,0.987068281041475,0.7823281052840672
2021-01-20,1935,1931,1925,0.09364710279439831,0.019783222586960754,0.9979328165374677,0.9819291337527121,0.7759557011540037
2021-01-21,1899,1894,1888,0.12349200545142332,0.08180164912099877,0.9973670352817272,0.9856555486644806,0.7799841659146929
2021-01-22,1898,1893,1888,0.045038688449623394,0.04973540490513961,0.9973656480505796,0.9849867235272743,0.7843124194167975
2021-01-25,1907,1902,1897,0.004230850655226577,0.07943011905914432,0.9973780807551127,0.9867027296960137,0.7843033695111173
2021-01-26,1914,1909,1905,0.054911102269083606,0.1910763729606328,0.9973876698014629,0.9894605860825274,0.7723936508346707
2021-01-27,1925,1920,1916,0.0625914242075469,0.2009426317576659,0.9974025974025974,0.979988362919717,0.7409684486600862
2021-01-28,1930,1925,1920,0.05022725347789256,0.17797570203334032,0.9974093264248705,0.9806423062577212,0.7061893227623426
2021-01-29,1938,1933,1927,0.12251351727898159,0.23730331388944967,0.9974200206398349,0.9850170064225562,0.754769206009805
2021-02-01,1953,1948,1942,0.0841415154301672,0.17410765740051523,0.9974398361495136,0.9851922068168257,0.7405457511906776
2021-02-02,1961,1956,1950,0.0058965838211195425,0.08010037528558826,0.9974502804691484,0.9796666107741224,0.7181057919435729
2021-02-03,1970,1965,1959,-0.12432066656485569,-0.03710041540857919,0.9974619289340102,0.9854308804038185,0.7566034201651849
2021-02-04,1980,1975,1969,-0.12696894983208828,-0.043374360907799836,0.9974747474747475,0.9771214640254314,0.7651655403528714
2021-02-05,1979,1974,1968,-0.07400591944545148,0.031243847569172357,0.9974734714502274,0.9840464893834177,0.7787135129183799
2021-02-08,1991,1987,1982,-0.11469087637640205,-0.01802886160978625,0.9979909593169262,0.9871207155521351,0.7852723442290265
2021-02-09,1999,1995,1991,-0.0875847054723678,0.003756902732389947,0.9979989994997499,0.9902888097709569,0.770337907999997
2021-02-10,2010,2006,2002,0.003347600282140266,0.08531017904588739,0.9980099502487563,0.9915455070488229,0.7705372749333673
2021-02-11,2005,2001,1999,0.0006564837828324582,0.08311392332802843,0.9980049875311721,0.9915777213677021,0.7744405934965154
2021-02-12,2017,2013,2010,-0.018304702768608766,0.0667460450475938,0.9980168567178979,0.9885380801995922,0.7751443041341388
2021-02-16,2026,2022,2019,-0.08699322775942624,-0.0003895996890364019,0.998025666337611,0.9875744481456671,0.8109030317595506
2021-02-17,2036,2033,2030,-0.0653852879345813,0.0005110886793405407,0.9985265225933202,0.990609905094769,0.8165886968686128
2021-02-18,2027,2024,2021,-0.04809132264404076,-0.005207503543784387,0.9985199802664035,0.9914986527284193,0.8238442530027189
2021-02-19,2036,2033,2030,-0.04451216330905142,-0.03547296151291621,0.9985265225933202,0.9879182666033124,0.8257146151626229
2021-02-22,2036,2033,2030,-0.04675157139574179,-0.11171828297445008,0.9985265225933202,0.9916774700688488,0.8240910581130795
2021-02-23,2030,2027,2024,-0.030739046291882722,-0.1870894448869465,0.9985221674876847,0.9878474667609823,0.8143309549518537
2021-02-24,2050,2047,2044,-0.19543082182875188,-0.29077808471833233,0.9985365853658537,0.9815325446755477,0.8077800611120391
2021-02-25,2039,2036,2032,-0.10119431097192672,-0.17765074064602965,0.9985286905345758,0.9716910143927187,0.800839188994971
2021-02-26,2034,2031,2027,-0.15288534022485004,-0.22305188477317633,0.9985250737463127,0.976538359247348,0.7944764162809534
2021-03-01,2038,2035,2033,-0.2955258540818346,-0.3762786262631561,0.9985279685966634,0.9861813897976183,0.8056714352989875
2021-03-02,2035,2032,2030,-0.21503376594540918,-0.3256367689351196,0.9985257985257985,0.984350567898256,0.7785923925317284
2021-03-03,2031,2028,2026,-0.07094977901995149,-0.2429492018981011,0.9985228951255539,0.9842672055217997,0.781319200267969
2021-03-04,2014,2011,2008,0.07676190940786815,-0.1009816603397999,0.9985104270109235,0.9897436984445729,0.7635858306548848
2021-03-05,2026,2022,2019,0.11936751907473278,-0.09214765899075326,0.998025666337611,0.9899591037553018,0.7626054933644415
2021-03-08,2031,2027,2023,0.13973496427051063,-0.046904141911304355,0.9980305268340719,0.9887168054423405,0.7448190411518691
2021-03-09,2046,2042,2037,-0.11474051810577257,-0.20836327218065923,0.9980449657869013,0.9902471373114875,0.7094812118673074
2021-03-10,2045,2041,2036,-0.12419550445074616,-0.20888474570446608,0.9980440097799511,0.986667690235303,0.7572708820413219
2021-03-11,2051,2047,2042,-0.2485698162811254,-0.29774795415147465,0.9980497318381277,0.9877938563916011,0.7447180378638433
2021-03-12,2051,2047,2042,-0.3199354502635805,-0.31169014269774775,0.9980497318381277,0.9899031808582202,0.7873700056971658
2021-03-15,2060,2057,2053,-0.32327859040569035,-0.28744940103336575,0.9985436893203884,0.9873203033196355,0.780137965502972
2021-03-16,2053,2049,2045,-0.31060073573643227,-0.2798411683317905,0.9980516317584024,0.9896940478560573,0.8131072400625039
2021-03-17,2057,2053,2047,-0.4134843686805424,-0.3503761036016509,0.9980554205153136,0.9926247141320256,0.8338202676647314
2021-03-18,2048,2044,2036,-0.3887146375840895,-0.31615912756212267,0.998046875,0.9914323191197798,0.849150629004749
2021-03-19,2058,2054,2046,-0.47071632962638316,-0.3789244160320907,0.9980563654033042,0.9927792679808191,0.8248134628527276
2021-03-22,2080,2076,2068,-0.487012400747668,-0.41849963406678004,0.9980769230769231,0.9911196638178953,0.8409783433306991
2021-03-23,2065,2060,2050,-0.35984906458906385,-0.20812740948752134,0.9975786924939467,0.9900785045653762,0.8643266807757422
2021-03-24,2054,2049,2037,-0.23654809158819923,-0.13102797940796895,0.9975657254138267,0.9925923454550327,0.8598892663314324
2021-03-25,2058,2053,2042,-0.25223264609945123,-0.12359552990920446,0.9975704567541303,0.9887944283909794,0.8465311556566029
2021-03-26,2054,2049,2037,-0.12430611414632169,-0.11035323372872397,0.9975657254138267,0.9887227884901933,0.8461818785462466
2021-03-29,2043,2038,2027,-0.025244561483148686,0.06748484355861058,0.9975526186979932,0.9924776821476888,0.8362290942879133
2021-03-30,2044,2039,2027,-0.0740239438737774,0.003887000196091954,0.9975538160469667,0.9925347214771655,0.8334732632523322
2021-03-31,2052,2047,2034,-0.19189878460143267,-0.044330140813392635,0.9975633528265108,0.9886498488193245,0.8509291346709705
2021-04-01,2058,2053,2042,-0.21974368969564717,-0.10576147070826626,0.9975704567541303,0.9909926415744872,0.87406838029687
2021-04-05,2056,2051,2039,-0.16605808499247676,-0.032681052048689194,0.997568093385214,0.9909655122771479,0.8785655114519798
2021-04-06,2053,2049,2038,-0.06698016620560977,0.018777430730059497,0.9980516317584024,0.9881721742092155,0.8700929881931885
2021-04-07,2045,2041,2031,-0.054852111620659325,0.08692828790762806,0.9980440097799511,0.991992866266344,0.8112768545181723
2021-04-08,2044,2040,2030,-0.09189667706438698,0.04620688170490241,0.9980430528375733,0.9929019568593316,0.8119587939041258
2021-04-09,2037,2033,2022,-0.07150162014707098,0.08334249715342511,0.9980363279332352,0.9918321914114014,0.8404279190127119
2021-04-12,2016,2012,2001,-0.1087880758183999,0.017037628039125313,0.998015873015873,0.9953426464356688,0.8449618022321523
2021-04-13,2006,2002,1991,-0.06592646593793304,0.07488215648142511,0.9980059820538385,0.9940341875764017,0.8351876691804361
2021-04-14,2007,2003,1992,-0.12002992411383516,-0.027347103642377957,0.9980069755854509,0.9950733279747545,0.8096642847732078
2021-04-15,1998,1994,1985,-0.10776823647636868,0.029219247906714815,0.997997997997998,0.9925622865888908,0.8237893183249628
2021-04-16,1986,1982,1974,-0.033024966518608596,0.08565653715798534,0.9979859013091642,0.9898690180662889,0.8199909360813077
2021-04-19,1975,1971,1962,0.039622868182737546,0.1628943376716866,0.9979746835443037,0.9932775507535161,0.8200449666634939
2021-04-20,1925,1922,1913,0.10906406860492392,0.22446166132620177,0.9984415584415585,0.9936668646710899,0.8097510020217734
2021-04-21,1928,1925,1918,-0.009156188974144653,0.1098289829462226,0.9984439834024896,0.9895394384145482,0.7529447718090495
2021-04-22,1919,1916,1911,-0.010589004478889007,0.09997458939729367,0.9984366857738406,0.9866349294662674,0.7567984851835857
2021-04-23,1917,1914,1909,-0.04280105581242983,0.0827311600058925,0.9984350547730829,0.9892511449587784,0.7603631265187932
2021-04-26,1906,1903,1898,-0.08613403055496048,0.08419841733163277,0.9984260230849947,0.9887713909570177,0.7900272323859112
2021-04-27,1908,1905,1899,-0.07956531327032873,0.022667377396290274,0.9984276729559748,0.9904799208297076,0.8268027220764201
2021-04-28,1899,1896,1889,-0.039556347619167764,0.07400030271684499,0.9984202211690363,0.9917492942416755,0.8238771316597084
2021-04-29,1891,1888,1882,0.03209107539740407,0.13661652093003004,0.9984135378106822,0.9880161583859727,0.817296342559251
2021-04-30,1882,1880,1874,0.0320502079516426,0.16746778286735964,0.9989373007438895,0.9904275265288222,0.7852194855551569
2021-05-03,1887,1884,1879,0.12103868663655026,0.20597517311447566,0.9984101748807631,0.9877198179660613,0.7586966786801135
2021-05-04,1892,1890,1883,0.17079120216771873,0.16091674670793996,0.9989429175475687,0.9440589199303278,0.7689900794815046
2021-05-05,1901,1899,1892,0.0886638689354868,0.09505424648443106,0.9989479221462388,0.9857939720585773,0.747031560707128
2021-05-06,1898,1896,1888,0.15595440618941792,0.1279653092858261,0.9989462592202318,0.9897791072377289,0.7472868670010477
2021-05-07,1903,1901,1893,0.19014732679897436,0.0999479766914664,0.998949027850762,0.9909263423455936,0.7201202548567561
2021-05-10,1892,1890,1882,0.22264798360627677,0.12841413393098083,0.9989429175475687,0.9914654386151509,0.7621905116726262
2021-05-11,1911,1909,1900,0.2059399031551344,0.08575865446004416,0.998953427524856,0.9853555344385093,0.7376242063214877
2021-05-12,1913,1911,1902,0.18757525868133199,0.08706016834433127,0.9989545216936748,0.9913394931430078,0.7128056506431192
2021-05-13,1908,1906,1897,0.2014325876159914,0.06776456110912492,0.9989517819706499,0.9901264598828057,0.7078495547649897
2021-05-14,1924,1921,1911,0.14586323708948587,-0.025257031736911798,0.9984407484407485,0.9887679054278389,0.6900907992389168
2021-05-17,1924,1921,1911,0.08369342940485909,-0.08339789210642519,0.9984407484407485,0.987915622980458,0.7363077681850679
2021-05-18,1924,1921,1911,0.0890433639999035,-0.06844005895369382,0.9984407484407485,0.9764312645961369,0.7533628644007436
2021-05-19,1927,1924,1914,0.058203055888016955,-0.1381740854913261,0.9984431759211209,0.9792813759059971,0.7264478824796186
2021-05-20,1920,1917,1907,0.059945376786967146,-0.1114312477964009,0.9984375,0.9863697669132419,0.6874772570361267
2021-05-21,1930,1927,1917,0.07324499883884615,-0.08375903270052161,0.9984455958549223,0.9887025992873428,0.7058421376487113
2021-05-24,1932,1929,1918,0.04813997275812988,-0.11807808986552297,0.9984472049689441,0.9838804527602032,0.7308046712348425
2021-05-25,1930,1927,1918,0.09827390185615587,-0.04793917276044696,0.9984455958549223,0.9891533168351206,0.755506526056331
2021-05-26,1937,1934,1926,0.08817688843961649,-0.0586492084690344,0.9984512132163139,0.9881662377411049,0.7423664622250298
2021-05-27,1945,1942,1934,0.028180398655150034,-0.10914748306584643,0.9984575835475579,0.979787306864732,0.7611996278514258
2021-05-28,1944,1941,1933,0.04619346658381944,-0.15920660097424127,0.9984567901234568,0.9809211535119321,0.7897792788065234
2021-06-01,1945,1942,1934,-0.0464332855499834,-0.19528918346964733,0.9984575835475579,0.9818406460179313,0.780153935398466
2021-06-02,1947,1944,1938,-0.07262490143654685,-0.18204418988888293,0.9984591679506933,0.9811644549740565,0.7962848084216364
2021-06-03,1944,1941,1932,-0.0716658473241922,-0.1941039603603951,0.9984567901234568,0.9824488664060399,0.7844758777580858
2021-06-04,1939,1936,1928,-0.10461570325977101,-0.21041553615786776,0.998452810727179,0.9757573956160187,0.7909829425165585
2021-06-07,1943,1940,1933,-0.16159634550422383,-0.2615242523806941,0.9984559958826557,0.9887338774992144,0.8084704862590192
2021-06-08,1954,1951,1944,-0.15667266992402443,-0.24857020076790198,0.9984646878198568,0.9804190420891149,0.7978796746395356
2021-06-09,1942,1939,1933,-0.13908139655050675,-0.25447203915588384,0.9984552008238929,0.9888417367804817,0.8185544877290014
2021-06-10,1937,1934,1928,-0.034412153757209685,-0.12088741199453612,0.9984512132163139,0.9882271395574358,0.8146950190155391
2021-06-11,1939,1936,1929,-0.053789871591499255,-0.11273857316232745,0.998452810727179,0.9877812594437807,0.8065081183734731
2021-06-14,1930,1927,1922,-0.027740647115739335,-0.06654095639346459,0.9984455958549223,0.9892380445292647,0.795648104082035
2021-06-15,1937,1934,1929,-0.08703826457075872,-0.12160997549172718,0.9984512132163139,0.9890232040797345,0.7945984760574453
2021-06-16,1939,1936,1930,-0.10219828860853158,-0.13220749997677003,0.998452810727179,0.9912145492314078,0.8229259163204491
2021-06-17,1945,1941,1934,-0.05883669915843586,-0.059198435833014776,0.9979434447300771,0.9922614081878726,0.8239124405193495
2021-06-18,1946,1942,1934,-0.07744283561427949,-0.07107154472036192,0.9979445015416238,0.9934296191676996,0.7987475856729661
2021-06-21,1983,1979,1971,-0.13978499608629488,-0.13647690369512847,0.9979828542612204,0.9925818129735247,0.7758512047117755
2021-06-22,1984,1980,1970,-0.08596555012068849,-0.09318218870013059,0.9979838709677419,0.993651892678733,0.7633083352636253
2021-06-23,1990,1986,1976,-0.10831700525610972,-0.13081629328162112,0.9979899497487437,0.9903608883760451,0.7996371396679022
2021-06-24,1997,1993,1982,-0.10282996752868073,-0.09642352211284855,0.9979969954932398,0.9911985533854957,0.8013100244556152
2021-06-25,1993,1989,1978,-0.06562401291705355,-0.050371550544004266,0.9979929754139488,0.9858921564678059,0.7925783564505593
2021-06-28,2060,2056,2045,-0.10015884037625718,-0.02045374110378867,0.9980582524271845,0.9884011015819765,0.8153908939873138
2021-06-29,2062,2059,2048,-0.08154090021181275,-0.030215403284079463,0.998545101842871,0.9839299307379187,0.790063471810005
2021-06-30,2053,2050,2039,-0.11548828780518038,-0.02608374559055161,0.9985387238188017,0.9814146033573179,0.7917262292088465
2021-07-01,2058,2055,2047,-0.15229445105621903,-0.06466124088636596,0.9985422740524781,0.9863487000408475,0.7897532673786077
2021-07-02,2056,2054,2046,-0.10730146932485127,-0.055339157949287704,0.9990272373540856,0.9902106174787513,0.7745324501401317
2021-07-06,2055,2053,2045,-0.061479762681520625,0.0448055631297914,0.9990267639902677,0.9869682675465397,0.7563666044037537
2021-07-07,2040,2038,2031,-0.11471458273921618,-0.03304010768582144,0.9990196078431373,0.9882308861827525,0.7364854116209159
2021-07-08,2042,2040,2033,-0.08389036956123945,0.002195841582099068,0.9990205680705191,0.9814083518254165,0.7173531821862127
2021-07-09,2039,2038,2032,-0.02879907069699162,0.05169077994754098,0.9995095635115253,0.98687332419389,0.747655584551851
2021-07-12,2035,2034,2028,-0.036992377336985516,0.020848760081799176,0.9995085995085995,0.9826408348032574,0.7504680077572317
2021-07-13,2029,2028,2022,0.01975869403411278,0.08572987644396096,0.9995071463775259,0.9852070772845584,0.7612908892246049
2021-07-14,2021,2020,2015,0.012695936068352273,0.08373065400286277,0.9995051954477981,0.9879532173256949,0.760303347753298
2021-07-15,2020,2020,2016,0.026241622381540573,0.07704497298192793,1.0,0.9918254731627404,0.7386312625704918
2021-07-16,2013,2013,2009,0.06933649693760469,0.13368750209595257,1.0,0.983936768231578,0.7036085420816502
2021-07-19,2002,2002,1999,0.12123211838547605,0.20295787833857007,1.0,0.9762337087388102,0.6878911900197519
2021-07-20,1987,1987,1983,0.07118279550029168,0.15696113029810105,1.0,0.9691446056795002,0.627768057401866
2021-07-21,1982,1982,1980,0.024327934404493184,0.12124333634036984,1.0,0.9779465351048822,0.6254249944070103
2021-07-22,1980,1980,1978,0.036075629108166585,0.12364674832041539,1.0,0.984016669490428,0.6763612194170532
2021-07-23,1977,1977,1976,0.025245645980532742,0.09898497146021618,1.0,0.9860659828247166,0.6130438941468648
2021-07-26,1973,1973,1972,-0.031559075123026435,0.03234300786340465,1.0,0.9794575479205784,0.6014056719328503
2021-07-27,1884,1884,1883,0.04553878061739206,0.07279160092338795,1.0,0.9790124921437916,0.5822085108491285
2021-07-28,1879,1879,1878,0.09639817202750108,0.150631416859188,1.0,0.9848569523962104,0.603728638175319
2021-07-29,1872,1872,1869,0.06292845972708684,0.09227797752404715,1.0,0.9823341211179876,0.5880672481215619
2021-07-30,1857,1857,1853,0.08045919974377473,0.10979131477769709,1.0,0.9817089460931998,0.5257789175968374
2021-08-02,1864,1864,1859,0.06579148681925834,0.08968476973856387,1.0,0.9867760849393665,0.6063914852441707
2021-08-03,1867,1867,1861,0.06044781344092166,0.039103601708131305,1.0,0.9844340949361704,0.5940093956575646
2021-08-04,1868,1868,1861,0.09400355670531682,0.05256389363228357,1.0,0.9838968711823517,0.6732862405136559
2021-08-05,1871,1871,1863,0.07969987440792455,0.05911200203775371,1.0,0.9884616170938103,0.6240032913520834
2021-08-06,1870,1870,1862,0.04524061137373602,0.019736153055985223,1.0,0.9840079544108133,0.6375241305116642
2021-08-09,1879,1879,1870,0.060046615812894014,0.02613434739237052,1.0,0.9864077356724339,0.6633686650023171
2021-08-10,1882,1882,1872,0.016745016506698508,-0.004864289472163568,1.0,0.9868873300585763,0.6420782725205704
2021-08-11,1884,1884,1874,-0.014301448654070664,-0.047600416865861556,1.0,0.9817905600940071,0.6566984854004532
2021-08-12,1880,1880,1870,0.008753969844296614,-0.019086585581132215,1.0,0.9808564761944428,0.6837001562527941
2021-08-13,1873,1873,1863,-0.014891304671960459,-0.04903181136507816,1.0,0.984094967415611,0.7289751318106448
2021-08-16,1869,1869,1858,-0.05969008440184719,-0.08453085736973528,1.0,0.9770982148394821,0.7425968840455982
2021-08-17,1855,1855,1844,-0.050390160301561,-0.1266924692155941,1.0,0.9762103509250367,0.7373422680336789
2021-08-18,1855,1855,1844,-0.02109093881423582,-0.09796692323479347,1.0,0.98030197119552,0.7628475525850522
2021-08-19,1846,1846,1835,-0.11917183695041382,-0.20662105472843875,1.0,0.9803417457120616,0.7498792835789982
2021-08-20,1854,1854,1843,-0.10231233437866297,-0.15001016871782744,1.0,0.9853794875084718,0.7407594055752905
2021-08-23,1864,1864,1854,-0.04632734909171317,-0.054354217272211895,1.0,0.9842670676914396,0.7632483343845861
2021-08-24,1868,1868,1857,-0.00948614440199286,-0.015124728592287485,1.0,0.9799790006583339,0.7833895636242703
2021-08-25,1864,1864,1852,-0.04129350683992788,-0.06487633739976423,1.0,0.9786914803665,0.7900612693657293
2021-08-26,1864,1864,1854,-0.013969934945976984,-0.0645346081749919,1.0,0.9741906573200285,0.7757344449992886
2021-08-27,1868,1868,1859,-0.036580996007870285,-0.09479507209743525,1.0,0.970370385340201,0.7620570096589997
2021-08-30,1873,1873,1865,-0.06535617394079604,-0.1451312880431277,1.0,0.9831487290297546,0.7774225705684604
2021-08-31,1868,1868,1861,-0.028558409512050145,-0.07875761904308867,1.0,0.9766632862556459,0.7785466214191473
2021-09-01,1863,1863,1857,-0.0020537894598750906,-0.06793725387115605,1.0,0.9811735748911509,0.7740665969375516
2021-09-02,1855,1855,1847,-0.037464989154832956,-0.09599791722495492,1.0,0.9754251065539467,0.7667357154663057
2021-09-03,1850,1850,1842,0.004867585686967913,-0.06547025700224902,1.0,0.9813985666189773,0.7899455115624551
2021-09-07,1846,1846,1838,0.05759668590306186,0.0032669012529448096,1.0,0.9860649824682786,0.8182131953616538
2021-09-08,1846,1846,1838,0.017351702222252584,-0.02842697089924357,1.0,0.9762065372972693,0.8016510611765603
2021-09-09,1844,1844,1837,0.044421482111163195,-0.012411003959620992,1.0,0.983412997169852,0.8186511403344712
2021-09-10,1840,1840,1832,0.03529281888127637,-0.003963637555784425,1.0,0.9883822281478823,0.7837229688443124
2021-09-13,1850,1850,1842,0.07082207948222793,0.05225865535200037,1.0,0.9853453906835232,0.7717546216568287
2021-09-14,1854,1854,1847,0.03501578399077099,0.012553789043262181,1.0,0.9863193718706811,0.7839293711838292
2021-09-15,1857,1857,1851,-0.01862748628462738,-0.025126556943646176,1.0,0.9828391961590135,0.7892436614178312
2021-09-16,1863,1863,1857,-0.04558415714816202,-0.029268341056885677,1.0,0.9875054509144751,0.7862219306370256
2021-09-17,1872,1872,1865,0.0018774609135639557,0.02836320756689284,1.0,0.9882038861117104,0.800407885897641
2021-09-20,1916,1916,1909,0.058869410138265875,0.05289279732522008,1.0,0.990654877390876,0.7831052129744158
2021-09-21,1925,1925,1918,-0.006942261285328503,0.013234396793365372,1.0,0.9908241592118956,0.8112996146236586
2021-09-22,1934,1934,1928,-0.005385516294036388,0.034686136186365034,1.0,0.9880036067492581,0.7892990048488362
2021-09-23,1942,1942,1937,0.005714600315749601,0.06159050683221639,1.0,0.9877211887659066,0.780438968229986
2021-09-24,1940,1940,1935,0.02977451238427785,0.10148858615296548,1.0,0.989140014086983,0.7701308144465426
2021-09-27,1943,1943,1938,0.07257295955528056,0.16254824147936892,1.0,0.986951156623129,0.752183480039963
2021-09-28,1944,1944,1939,0.07528938019126762,0.18913709280809662,1.0,0.9904251004965965,0.7438771361006532
2021-09-29,1941,1941,1936,0.05313372955464051,0.18017496193851562,1.0,0.9882531672203773,0.7262756250370526
2021-09-30,1930,1930,1925,0.021458397837555952,0.1575426728697781,1.0,0.988483803318883,0.7543638208662812
2021-10-01,1936,1936,1931,0.05458752574183192,0.1829445479975372,1.0,0.9881009756236119,0.7248973145906245
2021-10-04,1941,1941,1936,-0.022806290883571806,0.07300055370276833,1.0,0.9889847913870398,0.7194730780018261
2021-10-05,1943,1943,1938,0.0040223257389558065,0.09787809679634679,1.0,0.9856159695885415,0.7335394844194763
2021-10-06,1945,1945,1940,-0.007922969578541574,0.04976928819966586,1.0,0.988002791689562,0.7349942070041293
2021-10-07,1947,1947,1942,-0.0047774161277684924,0.06648535744126974,1.0,0.9855092445422634,0.759308479280668
2021-10-08,1948,1948,1943,0.01467323052686511,0.05360550380377329,1.0,0.9835685819535763,0.7635620402886925
2021-10-11,1945,1945,1940,0.03517953596971317,0.08104110141580284,1.0,0.9810318169758742,0.7682346271173427
2021-10-12,1937,1937,1931,0.01913477398040912,0.07986878529290668,1.0,0.9877523652926069,0.7712018914252834
2021-10-13,1934,1934,1928,-0.00706507686894774,0.046225519638832334,1.0,0.9879909944448408,0.7623959494612602
2021-10-14,1925,1925,1919,0.020430713470830957,0.0548452094091209,1.0,0.9895163915407067,0.7550877452087518
2021-10-15,1917,1917,1911,0.027992272340499315,0.057868599981711316,1.0,0.9838199704717104,0.7565690297308496
2021-10-18,1867,1867,1860,-0.010874336488726585,0.03910889579231346,1.0,0.9849098878882665,0.757393392255628
2021-10-19,1863,1863,1856,0.035016388825061084,0.08290669524000716,1.0,0.9823695071666844,0.7597332465952541
2021-10-20,1862,1862,1855,0.052802416133654995,0.10766770185027748,1.0,0.987902058097251,0.7760396519083549
2021-10-21,1857,1857,1850,0.06913839382799095,0.13659242022324092,1.0,0.9839787743130174,0.7850648956248393
2021-10-22,1854,1854,1846,0.056275662872627,0.1111561672444848,1.0,0.9857927586923262,0.7862757962575269
2021-10-25,1863,1863,1854,0.0034207446047233676,0.0528875121526399,1.0,0.9831220413882493,0.7572619566401977
2021-10-26,1855,1855,1844,-0.02626531560871379,0.0034310731926805254,1.0,0.9794135539811294,0.7571264032492956
2021-10-27,1851,1851,1838,-0.013289484372005805,-0.003127082514107855,1.0,0.9760907648059899,0.761834851924344
2021-10-28,1855,1854,1841,0.006093925739971555,0.04658884543099712,0.9994609164420485,0.9691615245392803,0.7653174974877321
2021-10-29,1854,1853,1843,-0.035166913155105346,0.0032948202306884587,0.9994606256742179,0.9789490042950179,0.7445125124985494
2021-11-01,1865,1864,1850,-0.008041325889137318,0.057456494390382,0.9994638069705094,0.9825245914499889,0.7516161649142992
2021-11-02,1868,1867,1854,-0.035288845502359924,0.036623862174128045,0.9994646680942184,0.9823642153081235,0.7636585325361965
2021-11-03,1874,1873,1859,-0.05350375744494564,0.02512248226896289,0.9994663820704376,0.9831402168039243,0.7489727907881071
2021-11-04,1884,1883,1869,-0.0756754122150842,-0.004589932203575753,0.9994692144373672,0.9900632444972914,0.7550227547711045
2021-11-05,1885,1884,1871,-0.10794176519349427,-0.027262031206130796,0.9994694960212201,0.9861944344692624,0.7656688389735427
2021-11-08,1899,1898,1885,-0.041625411211128775,0.033107363336531546,0.9994734070563455,0.986198161328664,0.7653591147953792
2021-11-09,1905,1903,1890,-0.04173462867751392,0.0171461724316226,0.9989501312335958,0.9841500427021961,0.7525583023647895
2021-11-10,1905,1903,1890,-0.011798315282033563,0.0339740766085608,0.9989501312335958,0.9862264607129128,0.7445918824616169
2021-11-11,1915,1913,1900,-0.04293993213517757,0.018490997395085546,0.9989556135770234,0.9887151384241191,0.7269339179036878
2021-11-12,1924,1922,1909,-0.05447118702993437,0.014211296737227373,0.998960498960499,0.987703940161818,0.7249085105570767
2021-11-15,1917,1915,1902,-0.050203871054648554,0.009822052631606277,0.9989567031820553,0.9892160012483908,0.7262254556562437
2021-11-16,1926,1924,1911,-0.006696553627658858,0.06393846699955988,0.9989615784008308,0.9871974733604789,0.7353943300430085
2021-11-17,1932,1930,1917,-0.012991838518673922,0.047323316336155274,0.9989648033126294,0.9894146052380676,0.7262005989764361
2021-11-18,1935,1933,1920,-0.07019889820187723,-0.032155175348626844,0.9989664082687338,0.9856893970160405,0.7217565279365636
2021-11-19,1947,1945,1933,-0.06248365126269983,-0.01861452514204174,0.9989727786337956,0.9817434544723066,0.7100062093489994
2021-11-22,1946,1943,1932,0.002466846536152465,0.012792020201310601,0.9984583761562179,0.986474862940265,0.7482734212171371
2021-11-23,1953,1950,1941,-0.019167542581196066,-0.002306989372600885,0.9984639016897081,0.9897481641006816,0.7252701365339562
2021-11-24,1962,1959,1951,-0.04380367371395692,-0.0380356631546023,0.9984709480122325,0.9827698203894056,0.7179733657254183
2021-11-26,1956,1953,1945,0.021219450347108426,0.03162690560001517,0.9984662576687117,0.9855006751247322,0.7302887393698103
2021-11-29,1958,1955,1946,-0.04234469214923546,-0.05635953425761653,0.998467824310521,0.9882950929338224,0.7513556852139424
2021-11-30,1953,1950,1944,-0.00342796726531743,-0.028183894129406795,0.9984639016897081,0.9842752201126425,0.767603227707132
2021-12-01,1942,1939,1933,-0.07162403400788228,-0.10694673443627255,0.9984552008238929,0.9870371530239721,0.7958780617091354
2021-12-02,1954,1951,1945,-0.028747034304669634,-0.055659514498819826,0.9984646878198568,0.9796612358764132,0.7893223640450159
2021-12-03,1941,1938,1933,-0.09722526179155722,-0.1475986840709432,0.9984544049459042,0.9787577688302296,0.801235137269125
2021-12-06,1945,1942,1935,-0.05058406215297324,-0.09173887297407421,0.9984575835475579,0.9793124980534308,0.7826024869630535
2021-12-07,1953,1950,1942,-0.10235916811400231,-0.138753713447703,0.9984639016897081,0.978479970906832,0.7935949121403736
2021-12-08,1949,1946,1939,-0.025719273007272205,-0.04160208302740246,0.9984607491021037,0.9862448350344994,0.8278168018137406
2021-12-09,1939,1936,1929,-0.048646684276818494,-0.06726516264504324,0.998452810727179,0.9852622360450602,0.8354227745231491
2021-12-10,1934,1931,1924,-0.08601068516331084,-0.1206926159812286,0.9984488107549121,0.9884630852238393,0.8240786801704713
2021-12-13,1929,1926,1920,-0.08062198314967235,-0.10811594356715162,0.9984447900466563,0.990722501706768,0.8230168909650893
2021-12-14,1929,1926,1921,-0.044715583582418124,-0.07986270476485222,0.9984447900466563,0.9885573192725077,0.8127197243343725
2021-12-15,1937,1935,1929,-0.0649612062117698,-0.08573177036845088,0.9989674754775426,0.9895767753015965,0.8102998130875966
2021-12-16,1939,1937,1932,-0.08138263457020942,-0.11785233644408119,0.998968540484786,0.9877209408823627,0.8206225186821425
2021-12-17,1946,1944,1939,0.03623657514475671,0.019439518904184067,0.998972250770812,0.9915805287815685,0.8274403292872174
2021-12-20,1983,1980,1975,0.025982046609010545,0.01903191029844182,0.9984871406959153,0.9858288210657615,0.8286222555187109
2021-12-21,1993,1990,1985,-0.02532340481392707,-0.025307030582404258,0.9984947315604616,0.9895802023975688,0.8065564726361035
2021-12-22,1991,1988,1983,0.013391914267601716,0.00828124851494911,0.9984932194876946,0.9890351790050265,0.8138431590583576
2021-12-23,1985,1982,1979,0.05615425976966016,0.05158602003328067,0.9984886649874055,0.9926525403994455,0.8300094093072448
2021-12-27,1984,1981,1977,-0.021752272835355933,0.0044101129826571335,0.9984879032258065,0.9866473764083499,0.8205268750469772
2021-12-28,1973,1970,1967,-0.03412878399719121,-0.011567564438574074,0.9984794728839331,0.9901761649944891,0.7958022143186931
2021-12-29,1969,1966,1963,-0.047434771620294226,-0.016457586992169787,0.9984763839512443,0.9902312151609997,0.7904603541841257
2021-12-30,1961,1958,1954,-0.038886535036239775,-0.022368618019027408,0.998470168281489,0.9895503364251439,0.7864943134970174
2021-12-31,1953,1950,1945,-0.06321347057000755,-0.06331574720637159,0.9984639016897081,0.986898410229465,0.7951527377566332
2022-01-03,1957,1954,1947,0.012617486555355294,0.012416823412981453,0.9984670413898825,0.9913612162571781,0.7918553889426293
2022-01-04,1957,1954,1949,0.06456493905515581,0.06042609687126032,0.9984670413898825,0.9852559687310513,0.779057874267062
2022-01-05,1946,1943,1938,0.07667386448851636,0.06509442395022981,0.9984583761562179,0.9863290523463399,0.7710303816403179
2022-01-06,1947,1944,1939,0.01963945557435822,0.014807756716457177,0.9984591679506933,0.9890067007581209,0.7394162764578449
2022-01-07,1944,1941,1936,0.058646488516536595,0.05484662241476471,0.9984567901234568,0.9890280645850461,0.7508475635190753
2022-01-10,1947,1944,1939,0.10817870004061693,0.09630842117674414,0.9984591679506933,0.9901970907790946,0.7600689801564536
2022-01-11,1954,1951,1946,0.10715617414183537,0.09391099748912485,0.9984646878198568,0.9887745735627075,0.7592873375312263
2022-01-12,1952,1949,1944,0.048740130726774585,0.02589056281365153,0.9984631147540983,0.9914770525558543,0.743128017042911
2022-01-13,1943,1940,1935,0.023731035173557596,0.004772145415271619,0.9984559958826557,0.9863714897481898,0.7637785168029416
2022-01-14,1934,1931,1925,0.01434703317481338,-0.0024639366695432836,0.9984488107549121,0.9900776682918875,0.720521069756826
2022-01-18,1923,1920,1913,-0.05591418406660659,-0.09114305715006192,0.9984399375975039,0.9892637118317991,0.733217859145281
2022-01-19,1862,1861,1853,0.01798925467016547,-0.01594630800899137,0.9994629430719656,0.9833965354099246,0.6993193125259889
2022-01-20,1852,1851,1843,0.07026872190068362,0.042351058322049474,0.9994600431965442,0.9844593182598601,0.690180761881352
2022-01-21,1844,1843,1835,0.1089517313544895,0.08379574028722547,0.9994577006507592,0.9913035964232062,0.6970008141144909
2022-01-24,1846,1845,1837,0.1489691657734111,0.13529518967685839,0.9994582881906826,0.9852670488789265,0.6919972053858072
2022-01-25,1858,1857,1849,0.13368483707065296,0.13107154009804006,0.9994617868675996,0.9784682800359641,0.6928314740686474
2022-01-26,1856,1855,1847,0.048324358024855865,0.02060701143340063,0.9994612068965517,0.9836111059322479,0.702065743358423
2022-01-27,1865,1864,1856,0.036344323928610034,-0.00785814663787667,0.9994638069705094,0.9880020602181454,0.7260915375892818
2022-01-28,1865,1864,1856,0.01788317153074346,-0.003340390079547738,0.9994638069705094,0.9899657179546889,0.6914830903781017
2022-01-31,1875,1874,1866,0.07689276917667096,0.061644623166729924,0.9994666666666666,0.9896835015329459,0.7003488527987933
2022-02-01,1884,1883,1877,0.12644459162735255,0.11457109382990481,0.9994692144373672,0.9815521870633878,0.7158512866936176
2022-02-02,1884,1883,1877,0.09610830702725144,0.08614083781680312,0.9994692144373672,0.9754668757975853,0.7151520967809515
2022-02-03,1887,1886,1879,0.10323588951498902,0.1101369822822681,0.9994700582935877,0.9862494885589862,0.7631881691232879
2022-02-04,1891,1890,1882,0.15047216065582994,0.1616391319609017,0.9994711792702274,0.9875538573779675,0.7908676663421205
2022-02-07,1886,1885,1876,0.13488622484414423,0.1439116732344057,0.9994697773064687,0.9875722899415018,0.7970648858664033
2022-02-08,1892,1891,1882,0.1331449191398836,0.12084453598942514,0.9994714587737844,0.9867916381511295,0.8109227057017206
2022-02-09,1888,1887,1878,0.21518359151070135,0.20503498215598623,0.9994703389830508,0.9857516006143188,0.8169975395928959
2022-02-10,1895,1894,1883,0.24661157698213473,0.22417706788028335,0.9994722955145119,0.9903612766249342,0.8058716557526946
2022-02-11,1896,1895,1884,0.25347315327691544,0.24884448080739402,0.9994725738396625,0.9812052509841546,0.8236105740409262
2022-02-14,1900,1899,1888,0.24988182469042008,0.25430296679532116,0.9994736842105263,0.9897649696011832,0.8358835446588425
2022-02-15,1910,1909,1899,0.24308108256115263,0.24726549667883682,0.9994764397905759,0.9888665456150442,0.8427277660064058
2022-02-16,1906,1905,1896,0.1744525981367375,0.17878350177242733,0.9994753410283316,0.9931865377193152,0.8547523798178275
2022-02-17,1900,1899,1889,0.03603645179713249,0.04944403106611297,0.9994736842105263,0.9886539908763857,0.8445166476601662
2022-02-18,1893,1892,1882,0.0515849204089278,0.07434116772646246,0.9994717379820391,0.9922839036937733,0.837972280884951
2022-02-22,1886,1885,1875,-0.06786898807216941,-0.03847701392412733,0.9994697773064687,0.986319638236158,0.842270836310346
2022-02-23,1882,1881,1871,-0.07083720268838235,-0.04100146403098723,0.9994686503719448,0.9871776009070883,0.8279412875803719
2022-02-24,1880,1879,1869,0.0768985101494112,0.10490263136026864,0.999468085106383,0.9916127881054209,0.8436811730527587
2022-02-25,1891,1890,1880,0.12224273888607487,0.1398707052743805,0.9994711792702274,0.9912941665766949,0.8251812600092213
2022-02-28,1885,1884,1875,0.09741589695710513,0.12024967948790787,0.9994694960212201,0.990950884920364,0.8068465186054342
2022-03-01,1878,1877,1868,-0.0005237250988892468,0.04606147799451484,0.9994675186368477,0.9856347572452269,0.8022992403744758
2022-03-02,1889,1887,1877,0.020489420596174875,0.024571697049853992,0.9989412387506618,0.9924199535625768,0.7742545007953726
2022-03-03,1884,1882,1871,-0.05275288647000686,-0.06146017578485382,0.9989384288747346,0.989601017190818,0.7909904721371557
2022-03-04,1873,1871,1861,-0.1648975146544789,-0.16564354176918972,0.99893219434063,0.9879235868667777,0.7903196303216082
2022-03-07,1872,1870,1860,-0.2635736389327946,-0.28123912813352286,0.9989316239316239,0.9887829682399847,0.7917815918434244
2022-03-08,1885,1883,1872,-0.141278752203275,-0.17076029302411036,0.9989389920424403,0.9923989642156512,0.7586117222284011
2022-03-09,1895,1893,1882,-0.00996949478474038,-0.013402790658448543,0.9989445910290238,0.9909026501414427,0.7656511757707203
2022-03-10,1897,1895,1881,-0.04868819598513332,-0.07655579383858024,0.9989457037427517,0.984573878617685,0.7814877593151401
2022-03-11,1892,1890,1878,-0.08523696286159718,-0.09295176052779597,0.9989429175475687,0.9902505764222118,0.778048944130157
2022-03-14,1881,1879,1865,-0.1966900108567847,-0.19419280410055972,0.998936735778841,0.9863601236197734,0.7749830428934352
2022-03-15,1884,1882,1869,-0.07341701150402952,-0.09043246671822165,0.9989384288747346,0.9922675362286082,0.8176609563559238
2022-03-16,1897,1895,1882,0.055298779941013294,0.013052785359855866,0.9989457037427517,0.991624589208614,0.8188895052899161
2022-03-17,1907,1905,1893,0.17289152731151766,0.15286371736115567,0.9989512323020451,0.9909051000983403,0.8317526371519358
2022-03-18,1913,1911,1900,0.31192673636699725,0.2913690837733275,0.9989545216936748,0.9878110938561887,0.8211429092807363
2022-03-21,1937,1935,1924,0.23467947932177335,0.20520361032061496,0.9989674754775426,0.990907562345815,0.8355808532052951
2022-03-22,1941,1940,1929,0.35259109856611087,0.31622655770846086,0.9994848016486347,0.9913913860724193,0.8326290596036376
2022-03-23,1933,1932,1922,0.35324215888021765,0.30708003398802675,0.999482669425763,0.9868293019898808,0.8345875129333482
2022-03-24,1937,1936,1925,0.38353983366705113,0.34207421609290617,0.9994837377387713,0.9786879552701345,0.8345068542180674
2022-03-25,1934,1933,1922,0.22500943038761606,0.17911455319617273,0.999482936918304,0.9831272715422162,0.8244471640823869
2022-03-28,1934,1933,1922,0.31392006517790233,0.2827253255919296,0.999482936918304,0.984439579276684,0.815714550779337
2022-03-29,1935,1934,1924,0.4146835479065916,0.3822122895445816,0.999483204134367,0.9811925685289485,0.8137432733662481
2022-03-30,1928,1927,1918,0.3655462745955127,0.35005631574349433,0.9994813278008299,0.9907357827394038,0.8213350005885606
2022-03-31,1929,1928,1920,0.3727846391692053,0.35041832320646804,0.9994815966822188,0.9877687920196423,0.8094356898085227
2022-04-01,1932,1931,1923,0.33323432502833183,0.3190694340375888,0.9994824016563147,0.9867179878293185,0.7988115054773172
2022-04-04,1948,1947,1939,0.43369492169385493,0.4108784312650026,0.9994866529774127,0.9818363969082019,0.8181916497199745
2022-04-05,1934,1933,1926,0.34923494411687606,0.34069215318127516,0.999482936918304,0.987328200493893,0.8199273137025292
2022-04-06,1924,1923,1915,0.3584982614241286,0.3385515740083645,0.9994802494802495,0.9910927306897849,0.8076793184520118
2022-04-07,1922,1921,1915,0.3545028343402322,0.34197707754260265,0.9994797086368367,0.9909900705499406,0.7831683992835108
2022-04-08,1921,1920,1914,0.32506833135952895,0.31786177870082405,0.9994794377928162,0.9894848948648752,0.7900112404738054
2022-04-11,1912,1911,1907,0.3902384564622853,0.35822619216536616,0.9994769874476988,0.9885464881132013,0.8007095132363553
2022-04-12,1909,1908,1904,0.4728377759673393,0.42614507581161226,0.9994761655316919,0.9915011472872635,0.7954462463172314
2022-04-13,1918,1917,1913,0.4175632413375832,0.38242652935518606,0.9994786235662148,0.9906089696508641,0.7853050135191699
2022-04-14,1912,1911,1905,0.2873120583527858,0.26854969582416277,0.9994769874476988,0.9898044077561335,0.7600477659304318
2022-04-18,1903,1902,1896,0.2629165384997563,0.2603457331838895,0.999474513925381,0.9906934654112759,0.76086827492374
2022-04-19,1872,1871,1864,0.29151684599958666,0.27579980422263933,0.999465811965812,0.9897440888052075,0.7527979309194998
2022-04-20,1871,1870,1863,0.24288260423547348,0.2464391458747104,0.9994655264564404,0.9893787998839014,0.7672714738207251
2022-04-21,1863,1862,1855,0.149071700231176,0.1413465425649527,0.9994632313472893,0.9846662866171136,0.7807124000740501
2022-04-22,1858,1857,1851,0.1493238986591499,0.1361232080714275,0.9994617868675996,0.9898424199838018,0.824518441992848
2022-04-25,1867,1866,1859,0.2542262190627361,0.23614801676459724,0.9994643813604713,0.9904809389935811,0.8216588350189586
2022-04-26,1864,1863,1856,0.26403051855694054,0.2554268331686388,0.9994635193133047,0.9863883234802432,0.8373162466414023
2022-04-27,1865,1864,1855,0.21308723250337433,0.19173799063687408,0.9994638069705094,0.9889002194782033,0.8398554279452425
2022-04-28,1864,1863,1855,0.20643411629512468,0.1839696994102327,0.9994635193133047,0.9855662510600401,0.8433150621682445
2022-04-29,1862,1861,1853,0.14195562848380597,0.11004173805539061,0.9994629430719656,0.9831893670233937,0.850970336133715
2022-05-02,1863,1862,1855,0.2634004087305548,0.24683873642628162,0.9994632313472893,0.9886635503647545,0.8579277944023628
2022-05-03,1859,1858,1850,0.2899461808215284,0.2827251211247472,0.9994620763851533,0.9902875293898937,0.8636876849907329
2022-05-04,1863,1863,1855,0.24301520812773936,0.23451821286972452,1.0,0.9910827947211903,0.8599126583586133
2022-05-05,1853,1853,1845,0.2081540291545047,0.17889967968851977,1.0,0.9907599672599232,0.8531883199918183
2022-05-06,1855,1855,1846,0.12005337969403326,0.0899362297032621,1.0,0.9942748609590994,0.8526146576712708
2022-05-09,1840,1840,1831,0.08421847050629859,0.004177212012601909,1.0,0.993905223558814,0.8389730257082326
2022-05-10,1839,1839,1829,0.010351665463072077,-0.07078127884005546,1.0,0.9896004199648667,0.8329085697162545
2022-05-11,1841,1841,1831,-0.12580240429559117,-0.20172785850732575,1.0,0.9947453771232986,0.8635231055463168
2022-05-12,1846,1846,1836,0.10158734337343636,0.039694671185976506,1.0,0.9927303608093233,0.8615692170474277
2022-05-13,1856,1856,1847,0.27244022747290075,0.2709919563343841,1.0,0.993764310568836,0.8387464916422814
2022-05-16,1854,1854,1846,0.1573618598384906,0.13840040765696837,1.0,0.9929612181415369,0.8407764521725398
2022-05-17,1861,1861,1854,0.15438874991671234,0.14720487481416358,1.0,0.9930705271066006,0.8463513424288753
2022-05-18,1856,1856,1850,0.15532185362490245,0.16487163516672798,1.0,0.9931623083133414,0.8346515369879911
2022-05-19,1867,1866,1859,0.08311291331589864,0.11350628900303494,0.9994643813604713,0.9912214347054155,0.8456068099801557
2022-05-20,1873,1872,1865,0.07985534398611738,0.12508814612201807,0.999466097170315,0.9919272073264729,0.8584852072723116
2022-05-23,1873,1872,1865,-0.07419935230027448,-0.018000964456333146,0.999466097170315,0.9917693234783556,0.8547216085337943
2022-05-24,1862,1861,1854,-0.3444763478261543,-0.30115082157031103,0.9994629430719656,0.9941932687757561,0.8550918291283361
2022-05-25,1868,1867,1861,-0.3365456843770462,-0.29202345485889053,0.9994646680942184,0.9934191855270931,0.8529500034870089
2022-05-26,1871,1870,1864,-0.2174543553934617,-0.15883366185546288,0.9994655264564404,0.9889034854103308,0.865768053112162
2022-05-27,1886,1885,1878,-0.07795062244672037,-0.005518588321603051,0.9994697773064687,0.9910940166510821,0.8566683586168884
2022-05-31,1880,1879,1871,-0.08361328182778931,-0.004586426819742273,0.999468085106383,0.9924400809967369,0.8653269039249427
2022-06-01,1870,1869,1862,-0.13693291044529401,-0.02829537054493925,0.9994652406417113,0.989609139380416,0.8627075756525071
2022-06-02,1880,1879,1869,-0.09407990717064094,0.03286194141168468,0.999468085106383,0.9873191172752431,0.8722114424994543
2022-06-03,1880,1879,1869,-0.306185710030251,-0.16506833340541383,0.999468085106383,0.9913113341102068,0.8652814353961853
2022-06-06,1874,1873,1861,-0.2643727845714504,-0.12974719886704822,0.9994663820704376,0.9864059699791174,0.868345305171442
2022-06-07,1874,1873,1860,-0.3561532785065097,-0.23075255346813495,0.9994663820704376,0.9885630654691643,0.8795846870849403
2022-06-08,1880,1879,1867,-0.30673850275016273,-0.18663443356471013,0.999468085106383,0.9902345680363844,0.8722043103136257
2022-06-09,1865,1864,1853,-0.25596920107951115,-0.1294158608473162,0.9994638069705094,0.9932305489958583,0.8449485582510295
2022-06-10,1848,1847,1836,-0.35940020299153563,-0.21312909401972263,0.9994588744588745,0.9925439472503693,0.8365583960212932
2022-06-13,1828,1827,1818,-0.3966253590767327,-0.3006301870988138,0.99945295404814,0.9911107546767974,0.8234632790497765
2022-06-14,1830,1829,1820,-0.3999534915445999,-0.2938275820669504,0.9994535519125683,0.9921121897927868,0.8417558714966364
2022-06-15,1830,1829,1820,-0.3404545076549395,-0.23571902863310717,0.9994535519125683,0.9951259749656409,0.847619935675276
2022-06-16,1816,1815,1806,-0.40753304041739874,-0.34288078731807436,0.9994493392070485,0.991742374108439,0.8236328533921962
2022-06-17,1831,1830,1821,-0.33132814292324647,-0.2938508958115568,0.9994538503549972,0.9933406571707165,0.8370353026613748
2022-06-21,1847,1846,1837,-0.42282712972351577,-0.43927626970208133,0.9994585814834868,0.9945085484238861,0.8021279923842247
2022-06-22,1844,1843,1833,-0.403718267851571,-0.4469862345890836,0.9994577006507592,0.995387236316153,0.7970123977338466
2022-06-23,1856,1855,1845,-0.1548570704746086,-0.16927951689276827,0.9994612068965517,0.9925726435436231,0.7568428801427549
2022-06-24,1861,1860,1850,0.006409574863085836,0.0007238684127970666,0.999462654486835,0.9935576150034217,0.722837038230948
2022-06-27,1886,1885,1874,-0.03991469441374331,-0.020195426441350056,0.9994697773064687,0.9924785461547521,0.7747682825606041
2022-06-28,1877,1876,1866,-0.19672306165699435,-0.2316500430716312,0.9994672349493873,0.9903158789384799,0.7915063730060345
2022-06-29,1875,1874,1864,-0.17456878253953503,-0.23773993042753386,0.9994666666666666,0.9938713788765284,0.8226198455416738
2022-06-30,1864,1863,1852,-0.13992330843698184,-0.21823940541779083,0.9994635193133047,0.9926729899993432,0.8051651175104382
2022-07-01,1864,1863,1855,-0.12442463075687181,-0.19029679111129058,0.9994635193133047,0.9877239013053514,0.8119509676137598
2022-07-05,1879,1878,1870,0.07936760762684285,0.025584258179867043,0.9994678020223523,0.9897540559308307,0.8108877514568167
2022-07-06,1878,1877,1869,-0.041675287340164215,-0.10010988684384643,0.9994675186368477,0.9918222259004956,0.7717326392507075
2022-07-07,1889,1888,1880,-0.10071596104457722,-0.12795445863307942,0.9994706193753309,0.9923337711351117,0.7751127408721236
2022-07-08,1887,1886,1878,-0.11506624410275687,-0.1547162517755358,0.9994700582935877,0.9889481814510498,0.7748051841396433
2022-07-11,1866,1865,1857,-0.21164522116073184,-0.26370568466520955,0.9994640943193998,0.9896041598668349,0.766789370015942
2022-07-12,1867,1866,1858,-0.09591031219659027,-0.11125836771093721,0.9994643813604713,0.9903214202496998,0.7859834214734986
2022-07-13,1872,1870,1862,-0.17979525770216082,-0.20681407656479006,0.9989316239316239,0.9877633562314262,0.8004281364731056
2022-07-14,1859,1858,1850,-0.1435786914303131,-0.1986351727202825,0.9994620763851533,0.9909446486665954,0.7952904680631117
2022-07-15,1856,1855,1847,-0.14830102441839033,-0.18746198668150557,0.9994612068965517,0.9889380594605024,0.7662317175221801
2022-07-18,1854,1853,1844,-0.17502490042044744,-0.21472420063039388,0.9994606256742179,0.9826700879857463,0.7562333106984442
2022-07-19,1859,1858,1848,-0.1507358915542598,-0.18691507701517204,0.9994620763851533,0.9842156679093675,0.7889085014983349
2022-07-20,1845,1843,1832,-0.0012815035538567164,-0.010829451614253369,0.9989159891598915,0.987804803189562,0.7830575777234946
2022-07-21,1846,1845,1836,0.09718104873271752,0.07811635177240475,0.9994582881906826,0.9867735288788634,0.8080164159919953
2022-07-22,1833,1832,1824,0.13791896799394904,0.11876885949422206,0.9994544462629569,0.987384822749285,0.7968913969635684
2022-07-25,1826,1825,1817,0.10695688047063416,0.10053976001951197,0.9994523548740416,0.9831189754311147,0.7798705959248967
2022-07-26,1784,1783,1775,0.0315284347123733,0.013549210801541858,0.999439461883408,0.9902923961334568,0.7827856056909125
2022-07-27,1782,1781,1773,0.05706283645278008,0.058891997455726354,0.999438832772166,0.9928728571658717,0.7981918342436667
2022-07-28,1784,1783,1775,0.048100769895823806,0.03846348452395238,0.999439461883408,0.9901425685715406,0.7646070798533422
2022-07-29,1785,1784,1778,0.1006357004199752,0.12605928771311994,0.9994397759103641,0.9870118553143039,0.7175708402773723
2022-08-01,1785,1784,1776,0.1345204368764577,0.158938352621011,0.9994397759103641,0.9912149603418896,0.6599938975190985
2022-08-02,1791,1790,1783,0.1283412647157883,0.15105345231423956,0.9994416527079844,0.9838569689271834,0.6755682470663529
2022-08-03,1784,1783,1778,0.2505277706612669,0.26533800171029825,0.999439461883408,0.9899481923179778,0.7405127551226263
2022-08-04,1787,1786,1781,0.3012423642982018,0.32869195650299665,0.9994404029099049,0.9871472648503857,0.674035414289824
2022-08-05,1804,1802,1796,0.31693037458823736,0.3311808099908718,0.9988913525498891,0.9882803737067207,0.6312921903224051
2022-08-08,1815,1813,1808,0.34316099915650894,0.3608439422222411,0.9988980716253444,0.9915063248546931,0.6356328392039678
2022-08-09,1819,1817,1812,0.26188712812942005,0.2868579593565712,0.9989004947773502,0.9902073763377233,0.6286451093315061
2022-08-10,1831,1829,1825,0.33200013598792827,0.35995603045333496,0.9989077007099946,0.989498671419404,0.7152683872359397
2022-08-11,1840,1838,1834,0.27793007792722546,0.3090575004016174,0.9989130434782608,0.9893033458866866,0.68993955110042
2022-08-12,1855,1853,1848,0.2691595363451676,0.2838799264068126,0.9989218328840971,0.9911678915921808,0.719885919186012
2022-08-15,1859,1857,1853,0.31242585059221367,0.3294777171471648,0.9989241527703067,0.9883340116674841,0.6974641869971032
2022-08-16,1859,1857,1852,0.33033411400422524,0.33798721693600536,0.9989241527703067,0.9834400746540393,0.7175654861762747
2022-08-17,1868,1866,1862,0.22234840704752626,0.2100574202527914,0.9989293361884368,0.9819279824426301,0.6920301092671269
2022-08-18,1868,1866,1862,0.23321814012652947,0.24705146507602577,0.9989293361884368,0.9791953015104728,0.7245063617942712
2022-08-19,1857,1855,1851,0.10879090245232005,0.1366358389782554,0.9989229940764675,0.9745872549817189,0.7201660806245476
2022-08-22,1860,1858,1854,0.04225646624232107,0.08193792243020931,0.9989247311827957,0.9813636071923296,0.7542219226902771
2022-08-23,1861,1859,1855,0.04917910521291466,0.12302089753411848,0.99892530897367,0.9815859680471681,0.7920229447898763
2022-08-24,1862,1860,1856,0.16581183157644638,0.24986488938666732,0.9989258861439313,0.9790124801424258,0.7779323420821668
2022-08-25,1860,1858,1854,0.1437654160409073,0.23369948943224608,0.9989247311827957,0.9682196746605122,0.7691263958270389
2022-08-26,1855,1853,1850,0.09589048422258745,0.17937939183888268,0.9989218328840971,0.9640696986763505,0.7622377389859364
2022-08-29,1851,1849,1846,0.06707678377308975,0.13361310796218379,0.9989195029713668,0.9751470507887645,0.7504313666979769
2022-08-30,1847,1845,1841,0.06480726492466493,0.13222028245980283,0.9989171629669734,0.9741287167282567,0.7488189786265866
2022-08-31,1842,1840,1836,0.10328844420928014,0.16505572253182768,0.998914223669924,0.9690382169294954,0.756750808842844
2022-09-01,1841,1839,1834,0.11191726643298366,0.17387804301093632,0.9989136338946225,0.9606402710912396,0.7346377278829694
2022-09-02,1838,1836,1830,0.06878188130375529,0.15009515018537598,0.998911860718172,0.9558374886590603,0.7355484318181614
2022-09-06,1834,1832,1825,0.045489475334425246,0.09085260883607886,0.9989094874591058,0.9814825766788621,0.7419655657938315
2022-09-07,1837,1835,1827,0.040235920715156935,0.09029159723478475,0.9989112683723462,0.959216144026365,0.7588442812585593
2022-09-08,1829,1827,1820,0.057157875730295446,0.11480076809905788,0.9989065062875888,0.9819309644017473,0.7960123325544142
2022-09-09,1823,1821,1813,0.13870522470222924,0.20459381526463058,0.9989029072956664,0.9799163519155382,0.8064739758036084
2022-09-12,1820,1818,1811,0.19711112139938408,0.25843620554455704,0.9989010989010989,0.97939118998682,0.8049469671603385
2022-09-13,1812,1810,1803,0.1307028305474497,0.18449643571219707,0.9988962472406181,0.9865579484932105,0.8333709012057205
2022-09-14,1819,1818,1811,0.1196768349965107,0.1710714998680415,0.999450247388675,0.9831121542543731,0.8215677912682795
2022-09-15,1817,1816,1808,0.1477135590302848,0.1960124269238278,0.9994496422674739,0.9861965287256705,0.786138024136307
2022-09-16,1813,1812,1803,0.15673317728497668,0.20379243658643426,0.9994484280198566,0.9867361321548898,0.7751712307061831
2022-09-19,1846,1845,1836,0.12294965580294298,0.1603269324324742,0.9994582881906826,0.9862760626771911,0.803573590438008
2022-09-20,1842,1841,1831,0.13206048848051755,0.16379215715973064,0.999457111834962,0.986856223293045,0.7895484030959419
2022-09-21,1836,1835,1823,0.16649655392993395,0.20542112919798977,0.9994553376906318,0.9888448693162147,0.7795470801216479
2022-09-22,1831,1830,1817,0.10959416079741319,0.12261291705385366,0.9994538503549972,0.9885941294779826,0.7939347165614283
2022-09-23,1823,1822,1808,0.1161703293975451,0.12925542845038707,0.9994514536478333,0.9860927956430591,0.8060682905563844
2022-09-26,1830,1829,1815,0.11217226393357456,0.13501468074207845,0.9994535519125683,0.9828505822945005,0.7935344502704329
2022-09-27,1833,1832,1819,0.05703285268239972,0.08739704749371777,0.9994544462629569,0.990743559876102,0.7594022710614393
2022-09-28,1844,1843,1831,0.08556281067331116,0.1323975175741209,0.9994577006507592,0.9855601790860147,0.7365724360100321
2022-09-29,1849,1848,1836,0.061734403978853415,0.11136831283350161,0.9994591671173607,0.9900991427296872,0.7102154060604456
2022-09-30,1847,1846,1834,0.008972442943847636,0.06774799129926291,0.9994585814834868,0.9849385101384008,0.6856780125963141
2022-10-03,1855,1854,1843,0.03643765020307482,0.07998268294976768,0.9994609164420485,0.9896037306482154,0.6622254205063497
2022-10-04,1865,1864,1854,0.09603893523659235,0.13952089316797522,0.9994638069705094,0.98740353254644,0.6855521384816953
2022-10-05,1859,1858,1849,0.10603710297951714,0.15591810131020442,0.9994620763851533,0.9860560478796332,0.6241319778437256
2022-10-06,1860,1859,1850,0.11649064297755087,0.15788716642114164,0.9994623655913979,0.9830357704620654,0.6385675295237508
2022-10-07,1845,1844,1835,0.010221155323028672,0.053376829928538004,0.9994579945799458,0.987371958951637,0.7126781474800353
2022-10-10,1847,1846,1837,-0.04961464449955421,-0.0009441760169329059,0.9994585814834868,0.9868135561332307,0.7224223653561321
2022-10-11,1847,1846,1837,-0.03689565190435517,0.005225355472249019,0.9994585814834868,0.9850971281355559,0.7410371429072216
2022-10-12,1843,1842,1834,-0.0030446401565810692,0.03930374842099447,0.9994574064026045,0.981015907291439,0.7353904586636721
2022-10-13,1833,1832,1825,-0.10507806694513139,-0.11282079487906288,0.9994544462629569,0.985088771108427,0.746207766743458
2022-10-14,1825,1824,1817,-0.17231454289519757,-0.1993998171331424,0.9994520547945206,0.9801734987307444,0.7463195950384655
2022-10-17,1795,1794,1787,-0.08806908263126378,-0.12063126599323389,0.9994428969359331,0.9875530781209257,0.7398718146392234
2022-10-18,1793,1792,1785,-0.09895904063317063,-0.1331602000393207,0.9994422755158952,0.990620060462477,0.7083280662324146
2022-10-19,1781,1780,1775,-0.0968972899996117,-0.13169648593287425,0.9994385176866929,0.9874956210221858,0.7382950718312512
2022-10-20,1782,1781,1776,-0.0829942822693974,-0.10626308031461801,0.999438832772166,0.9906559881960686,0.7584410372485229
2022-10-21,1778,1777,1772,-0.08378722757871039,-0.08686412213606072,0.999437570303712,0.9850766132400482,0.7474213488799237
2022-10-24,1779,1778,1772,-0.06630753133172114,-0.06717387089072879,0.9994378864530635,0.9836206770659357,0.7367042556510673
2022-10-25,1786,1785,1778,-0.02866635510276849,-0.025272105610368925,0.9994400895856663,0.9848411081172018,0.7536588142721902
2022-10-26,1791,1790,1781,-0.08207132793204422,-0.07530102540354272,0.9994416527079844,0.9761707462883659,0.7761364795136176
2022-10-27,1793,1792,1783,-0.11576666072025009,-0.09989279097624053,0.9994422755158952,0.9808445826429675,0.7847542328634621
2022-10-28,1794,1793,1785,-0.12729266115467408,-0.11226601527981032,0.9994425863991081,0.9662200445743544,0.7922469635316928
2022-10-31,1798,1797,1788,-0.193109497873093,-0.20739950927994985,0.9994438264738599,0.9796417758576376,0.7700506175394286
2022-11-01,1804,1803,1794,-0.1814644684833352,-0.20035458767733563,0.9994456762749445,0.9680657459983719,0.7598489484900584
2022-11-02,1797,1796,1785,-0.19130047219214155,-0.22814181648636017,0.9994435169727324,0.983504071097588,0.7418841583855527
2022-11-03,1804,1803,1791,-0.1881322859498326,-0.24117703984473995,0.9994456762749445,0.9809961075608145,0.7488198715815982
2022-11-04,1810,1809,1799,-0.15522195998389685,-0.21771511920168235,0.9994475138121547,0.9889158257465056,0.7705321481571973
2022-11-07,1822,1821,1810,-0.12122331903893696,-0.18495783218418316,0.9994511525795828,0.9846941038092284,0.7443876406018232
2022-11-08,1833,1832,1819,-0.0847641683251534,-0.16201124718915605,0.9994544462629569,0.9814555177241211,0.7354495864392089
2022-11-09,1829,1828,1816,-0.11665796153326337,-0.200863304439839,0.9994532531437944,0.9863972375114918,0.7258907837076001
2022-11-10,1849,1848,1836,-0.053522642530886795,-0.10643517251343267,0.9994591671173607,0.9844232898276992,0.7281835903154381
2022-11-11,1863,1862,1850,0.06080448855504799,0.05097988404442431,0.9994632313472893,0.984896997113488,0.7051860483016984
2022-11-14,1865,1864,1851,-0.0035641784480056025,-0.05253087680621343,0.9994638069705094,0.9738194918301925,0.6501254702838307
2022-11-15,1873,1872,1860,0.02440393820325554,-0.023245692403527547,0.999466097170315,0.9860465530853518,0.6365304368300878
2022-11-16,1872,1871,1857,0.035178309274335434,-0.024460339844518498,0.999465811965812,0.9820893624206178,0.6453929461690806
2022-11-17,1872,1871,1852,0.04451163497836004,-0.019734187786657472,0.999465811965812,0.982892133512291,0.6717086515623762
2022-11-18,1873,1872,1854,0.01784397527845274,-0.00926201679382298,0.999466097170315,0.9866533102861879,0.6771046597091197
2022-11-21,1871,1870,1853,0.035753151279787676,-0.022442615176609036,0.9994655264564404,0.9880442769349309,0.6779219237033364
2022-11-22,1871,1870,1855,0.05119701649863754,-0.004739627183504703,0.9994655264564404,0.9892606571718796,0.6755883798210438
2022-11-23,1868,1867,1854,0.08402986418768328,0.05350924187660988,0.9994646680942184,0.986007858131341,0.6490958658197576
2022-11-25,1866,1865,1853,0.041271044981124806,0.006775645605208378,0.9994640943193998,0.9838977137501571,0.6160094264380314
2022-11-28,1851,1850,1838,0.027936095004938117,-0.01559654772697118,0.9994597514856834,0.9838063202204629,0.6021311039708797
2022-11-29,1852,1851,1839,0.06677204529960809,0.05140027603652477,0.9994600431965442,0.9897471508919472,0.635506162544327
2022-11-30,1850,1849,1834,0.058854082493244635,0.03439446800836477,0.9994594594594595,0.9869336886385999,0.6436633526099537
2022-12-01,1859,1858,1846,0.06843163788826467,0.029400428960041382,0.9994620763851533,0.9791254736969351,0.6504593941616394
2022-12-02,1860,1860,1845,0.00505912218745343,-0.043287769086834835,1.0,0.9728927869544585,0.6532696802104054
2022-12-05,1853,1853,1838,-0.05180252566833945,-0.13652416643078105,1.0,0.9750481340773115,0.6931982450535614
2022-12-06,1840,1840,1829,-0.03660074185542603,-0.12067862038569865,1.0,0.9819949004904661,0.721043425963202
2022-12-07,1829,1829,1817,-0.062489588168748146,-0.1415751258148857,1.0,0.9771932890436736,0.749605425267497
2022-12-08,1826,1826,1815,-0.07444364086564421,-0.15629402973254228,1.0,0.9733362162538385,0.7860891279324342
2022-12-09,1822,1822,1812,-0.04049754292630422,-0.0944400003006964,1.0,0.963495532621182,0.8018437530871856
2022-12-12,1813,1813,1801,-0.06314287916739592,-0.10329596559481179,1.0,0.9708075336336814,0.7869228880231285
2022-12-13,1804,1804,1793,-0.03788318201556574,-0.054689465226020695,1.0,0.968803546211875,0.7785983711399033
2022-12-14,1816,1816,1804,-0.062273045040267504,-0.06104005061410117,1.0,0.9850676223794841,0.8252287754376174
2022-12-15,1806,1806,1797,-0.10593413129867034,-0.1296780021819953,1.0,0.9855602776012471,0.8071540700947362
2022-12-16,1814,1814,1805,-0.1172118748204142,-0.16001790266524218,1.0,0.9863381794318112,0.8144345687585081
2022-12-19,1848,1848,1839,-0.16852735191174648,-0.19516934731941116,1.0,0.9869339491217753,0.8116747169325936
2022-12-20,1849,1849,1839,-0.20604401216273602,-0.21995416987954253,1.0,0.989777782905993,0.7883366585965474
2022-12-21,1846,1846,1837,-0.24653733360027025,-0.267543544067564,1.0,0.9842172940013961,0.7757514081774222
2022-12-22,1842,1842,1834,-0.18232425062424087,-0.1958356686690109,1.0,0.9846492487303387,0.7715001311045007
2022-12-23,1842,1842,1834,-0.21225885679537568,-0.2507905677320516,1.0,0.9924703246720059,0.7540860507528848
2022-12-27,1841,1841,1833,-0.23544638490270117,-0.2671110255152046,1.0,0.9880244260823137,0.7580140363632427
2022-12-28,1839,1839,1832,-0.30065099176742405,-0.31819058736132283,1.0,0.9923925591502345,0.7804282936561131
2022-12-29,1843,1843,1837,-0.2461308355937315,-0.25440787661369946,1.0,0.9813089928610089,0.7731684215679451
2022-12-30,1833,1833,1826,-0.21703767731415274,-0.21008078569392133,1.0,0.9862425947449418,0.7349458363727139
2023-01-03,1832,1832,1823,-0.20150706238204188,-0.20979560135799954,1.0,0.9911741306424205,0.7442759986722313
2023-01-04,1838,1838,1829,-0.22264778404677485,-0.23803502157107398,1.0,0.9907482715496846,0.7121485485230097
2023-01-05,1833,1833,1825,-0.22253847289662254,-0.230241617318063,1.0,0.9897572272735291,0.7163441515626959
2023-01-06,1835,1835,1828,-0.2317977447074443,-0.24094545760993463,1.0,0.9856059963855961,0.7312324378784317
2023-01-09,1836,1836,1829,-0.2484557452214314,-0.2504155674247614,1.0,0.9902266707808784,0.7563648705397701
2023-01-10,1843,1843,1836,-0.21538310734834967,-0.24094316139755714,1.0,0.9880682849564594,0.7638632058881013
2023-01-11,1848,1848,1843,-0.17223269883957298,-0.2071551846480793,1.0,0.9850475378486734,0.7723418345297987
2023-01-12,1851,1851,1847,-0.11231220122468788,-0.13467413268765963,1.0,0.9850495283783707,0.7690682023689036
2023-01-13,1850,1849,1845,-0.13053248361950853,-0.1539809612990024,0.9994594594594595,0.9856057963450285,0.7612621962993203
2023-01-17,1842,1841,1837,-0.09910912126794634,-0.11023112137812738,0.999457111834962,0.9884626425133578,0.7607380136263358
2023-01-18,1840,1839,1835,-0.15171381423743927,-0.1511190430648068,0.9994565217391305,0.9842176805679484,0.7538004987934842
2023-01-19,1803,1802,1798,-0.14194662319726717,-0.1304923371173238,0.9994453688297282,0.9769688226928854,0.7437267222339105
2023-01-20,1796,1795,1792,-0.10294088949705346,-0.08232648023868297,0.9994432071269488,0.9889014808258656,0.7687535163043894
2023-01-23,1797,1796,1793,0.004311407330540178,0.04113653584345683,0.9994435169727324,0.9906524213928485,0.7404612514586246
2023-01-24,1796,1795,1790,-0.11304006250179026,-0.0789285605056859,0.9994432071269488,0.9845542310770843,0.7029132507898638
2023-01-25,1797,1796,1790,-0.10229558969727083,-0.06539034136407922,0.9994435169727324,0.9822076286079197,0.7476148405423816
2023-01-26,1801,1800,1793,-0.030453723393008742,-0.008739651586076837,0.9994447529150472,0.9802286448660893,0.7188092929358108
2023-01-27,1812,1811,1804,0.08647553890989147,0.09570572070178335,0.9994481236203091,0.9887709815360554,0.6798315921548564
2023-01-30,1816,1815,1807,0.035006957958751285,0.025605909479156547,0.9994493392070485,0.9886247331904973,0.6405377735027771
2023-01-31,1821,1820,1810,0.14169092686016888,0.12368398516360528,0.99945085118067,0.9862246343556698,0.6660459499220026
2023-02-01,1826,1825,1817,0.19688231184196875,0.18268300206768442,0.9994523548740416,0.982600208203958,0.6990593213077725
2023-02-02,1839,1838,1829,0.2804015412402896,0.2789346950233407,0.9994562262098967,0.9848262294474421,0.6593016586155508
2023-02-03,1843,1842,1832,0.21262418426879068,0.20932169271111867,0.9994574064026045,0.9874140737522876,0.6428832965720539
2023-02-06,1847,1846,1836,0.20089751134591372,0.1666088602155253,0.9994585814834868,0.9877068051320671,0.6672040288218679
2023-02-07,1848,1847,1837,0.19561859557999925,0.17742740677048796,0.9994588744588745,0.9847973950930647,0.662782155722934
2023-02-08,1852,1851,1841,0.20828820250217553,0.18914369318781116,0.9994600431965442,0.9866949744272332,0.6483294989101943
2023-02-09,1842,1841,1830,0.16242637707887947,0.16987609517214586,0.999457111834962,0.9877752411935387,0.7083960074899175
2023-02-10,1847,1846,1833,0.12962275787612715,0.10958319061106774,0.9994585814834868,0.9829525050465578,0.7190527651493246
2023-02-13,1837,1836,1823,0.13486590044047658,0.10086458640971054,0.9994556341861731,0.9900462219637169,0.7568124455309592
2023-02-14,1840,1839,1826,0.10645874694383745,0.0689535781169196,0.9994565217391305,0.9882086498783301,0.7564369374382633
2023-02-15,1839,1838,1825,0.17219363880597013,0.1318076592928693,0.9994562262098967,0.9851344109956887,0.7394506915697742
2023-02-16,1834,1833,1820,0.16640587849696328,0.13014510724007866,0.9994547437295529,0.9847439420036819,0.7059177506513145
2023-02-17,1833,1832,1818,0.19171721965119076,0.16020257776259295,0.9994544462629569,0.9826009761290407,0.6858316401890996
2023-02-21,1828,1827,1812,0.13208456329051,0.11999283124442324,0.99945295404814,0.9852518553323123,0.7295933789552319
2023-02-22,1832,1831,1818,0.16331368782440955,0.15148557120099443,0.9994541484716157,0.9850819374933043,0.7701769031059605
2023-02-23,1837,1836,1824,0.16835594113185828,0.1456699957801076,0.9994556341861731,0.9871573838009885,0.7689648252315036
2023-02-24,1843,1842,1830,0.13500081559260688,0.09360312346158585,0.9994574064026045,0.975660405031373,0.7611132006069248
2023-02-27,1841,1840,1827,0.14248822798868085,0.09221267729684689,0.9994568169473113,0.9846433895122434,0.771794002246526
2023-02-28,1837,1836,1824,0.1465880976329384,0.08181714581089648,0.9994556341861731,0.9866673248049819,0.7847266195486883
2023-03-01,1840,1838,1828,0.06717178347046757,0.01874351037326774,0.9989130434782608,0.980638564465825,0.7886453590688172
2023-03-02,1838,1836,1825,0.05734097105816999,0.01233885532297596,0.998911860718172,0.9835478972112381,0.7846001827495844
2023-03-03,1839,1837,1827,0.04571532278771806,0.021538992426238433,0.9989124524197933,0.9793521220632482,0.782849761426814
2023-03-06,1838,1836,1827,0.07103540561597559,0.03680750099383226,0.998911860718172,0.9831277724493007,0.788428492100047
2023-03-07,1838,1836,1826,0.025652983343442726,-0.03247461858180495,0.998911860718172,0.9892746505945347,0.759935772011767
2023-03-08,1845,1843,1833,-0.0008240176143362382,-0.06591283149544366,0.9989159891598915,0.9862429255505284,0.7544625628640038
2023-03-09,1840,1838,1828,-0.022671000770437967,-0.10536855247232932,0.9989130434782608,0.9830359116391023,0.7548164353386312
2023-03-10,1836,1834,1825,0.0019022167806194356,-0.0750077902223029,0.9989106753812637,0.9827016703080953,0.7577300405227625
2023-03-13,1847,1845,1838,-0.032663391373625464,-0.06135161978787559,0.9989171629669734,0.9847278348450085,0.7657655609086025
2023-03-14,1852,1850,1843,-0.013017652714617004,-0.028982523120307174,0.9989200863930886,0.9893418914327851,0.7328658996272052
2023-03-15,1864,1862,1855,0.02653331161193226,0.03263804917144671,0.9989270386266095,0.989097062290177,0.7452387092778564
2023-03-16,1872,1870,1863,0.04321850599678837,0.04738711651157436,0.9989316239316239,0.9800071425756567,0.715289559760308
2023-03-17,1873,1871,1864,0.03470831768056348,0.02632096403647502,0.99893219434063,0.9773016452840879,0.7220846861098101
2023-03-20,1894,1892,1886,0.06229753189833761,0.07395356331146645,0.9989440337909187,0.9871389796363358,0.6690402450572889
2023-03-21,1899,1897,1892,0.08110691563160916,0.04320739444050215,0.9989468141126909,0.9790634024633244,0.6813528748417373
2023-03-22,1891,1889,1884,0.05388452192977601,0.026997204657425486,0.9989423585404548,0.987281245559938,0.7145965855964012
2023-03-23,1890,1888,1883,0.014679414646113324,-0.027014986884574477,0.9989417989417989,0.9826249051846893,0.7139742477046421
2023-03-24,1889,1887,1883,0.053977112684286496,0.017818285699246834,0.9989412387506618,0.9863437953820318,0.701636301657613
2023-03-27,1889,1887,1884,0.026503445157866255,0.006015637800393617,0.9989412387506618,0.9898469415228695,0.6859816096353137
2023-03-28,1884,1882,1879,-0.0172196096219116,-0.03656560428093786,0.9989384288747346,0.9833904496993134,0.6980096949362948
2023-03-29,1879,1877,1874,0.02477612496436864,0.007785833512344629,0.9989356040447046,0.9862305949072924,0.708237250176202
2023-03-30,1871,1869,1866,0.02445797907371398,-0.005535469016485832,0.9989310529128808,0.986833771604618,0.6952578809662083
2023-03-31,1874,1872,1868,0.0791098031418109,0.030205252742432173,0.9989327641408752,0.9851288860364366,0.6823410549000202
2023-04-03,1880,1878,1873,0.08160357316096127,0.08138338740664537,0.9989361702127659,0.9820036955403325,0.6643601913992404
2023-04-04,1873,1872,1866,0.07707981942945598,0.07961421920081135,0.999466097170315,0.9875881240396376,0.6833431410061706
2023-04-05,1870,1869,1863,0.09096594240423773,0.0871993448286308,0.9994652406417113,0.9875980043867189,0.6698599546609304
2023-04-06,1865,1864,1859,0.09708592498234911,0.10893931209620585,0.9994638069705094,0.9849627813634136,0.6610246918128112
2023-04-10,1860,1859,1853,0.11576805867984676,0.13741533762456143,0.9994623655913979,0.9899612409353125,0.6822187419589004
2023-04-11,1857,1856,1851,0.11085247050736503,0.13611580397673353,0.9994614970382337,0.9833403874091167,0.6953152901934712
2023-04-12,1854,1853,1848,0.12855528453596732,0.13262752421937396,0.9994606256742179,0.989975856781939,0.7193689328541144
2023-04-13,1853,1852,1847,0.15268484235781588,0.15040692433990838,0.9994603345925526,0.9813009353501007,0.720053283393734
2023-04-14,1844,1843,1837,0.1776731793530936,0.16805850513772447,0.9994577006507592,0.985330731925599,0.7254147794372657
2023-04-17,1834,1833,1826,0.12777195483864293,0.15687608349217264,0.9994547437295529,0.9876532717994897,0.718815026867953
2023-04-18,1795,1794,1787,0.12471133752514209,0.13926436406267795,0.9994428969359331,0.9921467679035488,0.7295205465306251
2023-04-19,1793,1792,1785,0.0835611348042672,0.10791531492655769,0.9994422755158952,0.9821151829672558,0.7435996630398519
2023-04-20,1779,1778,1771,0.04333772604215165,0.07402901580986776,0.9994378864530635,0.9862780480597416,0.7293309138179637
2023-04-21,1775,1774,1767,0.05717341506452302,0.08423589580953096,0.9994366197183099,0.98506488207692,0.7451284587680043
2023-04-24,1776,1775,1768,0.02210630215881065,0.04434203574662309,0.9994369369369369,0.9848928979926588,0.7581937440369079
2023-04-25,1778,1777,1770,-0.041656695939141127,-0.05324872521141028,0.999437570303712,0.9924021246426068,0.7593705146138094
2023-04-26,1778,1777,1769,-0.005796329593249619,-0.014397319846349262,0.999437570303712,0.9862589522508912,0.7620856232276996
2023-04-27,1781,1780,1772,0.05103890202797522,0.031873883942875984,0.9994385176866929,0.9778813129294786,0.7623965198036867
2023-04-28,1775,1774,1768,0.08337855893197905,0.08162528253210799,0.9994366197183099,0.9792063160353969,0.7502202980576368
2023-05-01,1771,1770,1765,0.0733792715752156,0.06657373949615164,0.9994353472614342,0.9703554847120628,0.7463111504256652
2023-05-02,1757,1756,1752,0.07346078961241193,0.017126305651220787,0.9994308480364257,0.9886541373727745,0.7605833721060649
2023-05-03,1759,1758,1753,0.0659408117306897,-0.005844786935418588,0.9994314951677089,0.9805271796992772,0.775102688321577
2023-05-04,1758,1757,1752,-0.0056951888180894975,-0.07728539329505345,0.9994311717861206,0.9816454168160937,0.7659696260913424
2023-05-05,1766,1765,1760,0.04185583766483028,-0.041792925746683966,0.9994337485843715,0.9698973642629801,0.7454048191899363
2023-05-08,1774,1773,1768,-0.06444389669822598,-0.15337234704420324,0.9994363021420518,0.9793288069160444,0.7438932385325293
2023-05-09,1773,1772,1767,-0.13605949660587416,-0.20984109063131245,0.9994359842075579,0.9833904931433017,0.7491345077399598
2023-05-10,1773,1772,1767,-0.1232118594578101,-0.19118597126114506,0.9994359842075579,0.9841710554259375,0.7554289585536262
2023-05-11,1787,1786,1781,-0.13282042631590654,-0.20134747470924202,0.9994404029099049,0.9820861440357863,0.7543294396667534
2023-05-12,1785,1784,1780,-0.09941962061884389,-0.1726142552462182,0.9994397759103641,0.9858970020863447,0.7577241272945882
2023-05-15,1789,1788,1783,-0.10162836422816779,-0.1678853846341255,0.9994410285075461,0.9899703037233754,0.7652418366832975
2023-05-16,1792,1791,1785,-0.09690034167583533,-0.16518706729951513,0.9994419642857143,0.9895323517378799,0.7647863973921111
2023-05-17,1802,1801,1794,-0.070057006039122,-0.11439249803025223,0.9994450610432852,0.986555817692299,0.7693953219343579
2023-05-18,1802,1801,1793,-0.06159395704281438,-0.1236800904983255,0.9994450610432852,0.9873699314042405,0.7608957947324415
2023-05-19,1808,1807,1798,-0.07826646437063005,-0.12308010132411318,0.9994469026548672,0.9928632084342702,0.7478523163106974
2023-05-22,1808,1807,1798,-0.0305842215770079,-0.038789899492260804,0.9994469026548672,0.987937287056382,0.7560679437618657
2023-05-23,1815,1814,1805,0.05246661533918167,0.0914276731732485,0.9994490358126722,0.9842464108594708,0.7430230802350545
2023-05-24,1810,1809,1801,0.04552104438584309,0.07518604269466003,0.9994475138121547,0.9860442798287874,0.7276204809657169
2023-05-25,1805,1804,1795,-0.033151180713872755,-0.01563908613452798,0.9994459833795014,0.9778792092739863,0.7344192286833297
2023-05-26,1808,1807,1798,-0.05773232475372261,-0.008837509646408805,0.9994469026548672,0.9823453134780566,0.7503498923072842
2023-05-30,1808,1807,1797,-0.022093506473686356,0.014588074396024305,0.9994469026548672,0.9861829555547438,0.7425922271377694
2023-05-31,1815,1814,1804,-0.0660142492452225,-0.030776461188918795,0.9994490358126722,0.9858048184592565,0.752129704023018
2023-06-01,1821,1820,1813,-0.013808984086740849,0.03490449398080396,0.99945085118067,0.9820461174222035,0.7472178993974921
2023-06-02,1822,1821,1814,0.003104284971201125,0.0696673250547158,0.9994511525795828,0.9793995680927157,0.7563721947833383
2023-06-05,1820,1819,1812,-0.045859369315597025,0.017250123684209626,0.9994505494505495,0.9825004599921704,0.7622179188136459
2023-06-06,1819,1818,1811,0.005964313133842196,0.06979877805759933,0.999450247388675,0.9898034763167349,0.7700483433637818
2023-06-07,1825,1824,1817,0.04262647760030978,0.08600984298653398,0.9994520547945206,0.9845829939144695,0.7794328080308098
2023-06-08,1826,1826,1819,0.019047218625940873,0.05843589929013948,1.0,0.9842607671120606,0.7830207484561993
2023-06-09,1829,1829,1821,0.007533179187066256,-0.0011859583532553366,1.0,0.9865812240426693,0.8031320024354014
2023-06-12,1827,1827,1819,-0.002098718755396296,-0.005452236770174021,1.0,0.9910792851455196,0.815050961614474
2023-06-13,1830,1830,1823,0.025966865058311982,0.016410711380857375,1.0,0.9839991881277337,0.8104009034813199
2023-06-14,1831,1831,1825,0.03284712151812835,0.014947369605576613,1.0,0.9921565396972367,0.8075540158541658
2023-06-15,1834,1834,1829,0.06528009981197237,0.0598530728391259,1.0,0.9897276560178632,0.8162246405158795
2023-06-16,1831,1831,1826,0.061521618701939465,0.04312668275812247,1.0,0.9891845330211875,0.8159545723143106
2023-06-20,1855,1854,1850,0.011263272756749116,-0.04207414681652231,0.9994609164420485,0.9901310285020933,0.8281659574485863
2023-06-21,1856,1855,1851,-0.06171796344332923,-0.13295119778213896,0.9994612068965517,0.9845561227375623,0.8236634010827304
2023-06-22,1857,1856,1852,-0.07523982286645059,-0.17314934626519324,0.9994614970382337,0.9934288191162276,0.8093175244350924
2023-06-23,1856,1855,1851,-0.0842207970243464,-0.20530424386321663,0.9994612068965517,0.9908943966246578,0.7919160362306423
2023-06-26,1893,1892,1889,-0.037737487232410744,-0.1603279354169872,0.9994717379820391,0.9887509550372593,0.8233413078270535
2023-06-27,1903,1902,1899,-0.08455787247010302,-0.21586070260074278,0.999474513925381,0.9884160810630143,0.8282461054117501
2023-06-28,1897,1896,1894,-0.13449668383912913,-0.22673019086866644,0.9994728518713759,0.9847568654489357,0.8181830139767661
2023-06-29,1901,1900,1897,-0.06495879950366329,-0.17911541329279004,0.9994739610731194,0.9861812789855208,0.8187782260926186
2023-06-30,1901,1900,1897,-0.05439247221549767,-0.18975372814511737,0.9994739610731194,0.9891243530890027,0.8176713021154298
2023-07-03,1904,1903,1899,-0.02543209170948718,-0.13013198350777916,0.9994747899159664,0.9810080995103595,0.8258998384778464
2023-07-05,1893,1892,1888,-0.051763183269293765,-0.1368382672650785,0.9994717379820391,0.9870767194259444,0.838942273863058
2023-07-06,1895,1894,1890,-0.07057965152595051,-0.16353655691753477,0.9994722955145119,0.9895043911052293,0.8450789767878266
2023-07-07,1892,1891,1887,-0.07670348006772143,-0.1326839320964076,0.9994714587737844,0.9891782979098245,0.8372134923253486
2023-07-10,1896,1895,1890,-0.12476386449000408,-0.13599303760920103,0.9994725738396625,0.9907757746097914,0.8467173118649847
2023-07-11,1892,1891,1887,-0.09813663796357727,-0.10863545544616375,0.9994714587737844,0.991085761970229,0.8559654491557911
2023-07-12,1887,1886,1881,-0.11310845904491977,-0.1100057467763917,0.9994700582935877,0.991050761224288,0.847175450352165
2023-07-13,1896,1896,1891,-0.12383850459039848,-0.13751662314131025,1.0,0.9878594600023081,0.8456686446755555
2023-07-14,1884,1884,1877,-0.15489639778684325,-0.19561908181155327,1.0,0.9886009481401055,0.8386803392684588
2023-07-17,1879,1879,1873,-0.14269862423945975,-0.17893362402788437,1.0,0.9903915060468517,0.8460522941262985
2023-07-18,1874,1874,1868,-0.07484938351175471,-0.08982350966240896,1.0,0.9897288384156016,0.838439918100661
2023-07-19,1848,1848,1842,-0.054153614406136835,-0.04487023262203172,1.0,0.9901124287285474,0.8375071094766109
2023-07-20,1846,1846,1840,-0.07703655657956399,-0.08408964866624025,1.0,0.9876338938157644,0.8319864087662734
2023-07-21,1843,1843,1836,-0.04381855595468115,-0.050227150647052445,1.0,0.98801014835007,0.8238437237821782
2023-07-24,1846,1846,1838,0.03389673133907498,0.0471635631744308,1.0,0.9925868992735399,0.8209584945334263
2023-07-25,1802,1802,1794,0.042113807841143505,0.062416921895289953,1.0,0.9921724728933885,0.8116057757042485
2023-07-26,1805,1805,1796,0.12867035148930245,0.15945502245290977,1.0,0.9891676471728854,0.8062806573806117
2023-07-27,1803,1803,1794,0.07874625597756592,0.10166427353272427,1.0,0.9860399602620894,0.7855968667456831
2023-07-28,1805,1805,1797,0.08673466227425754,0.13570272355767274,1.0,0.991354878227082,0.7882538021263072
2023-07-31,1800,1800,1793,0.0770042423076172,0.12089362899370527,1.0,0.9931354669895218,0.7828197968296986
2023-08-01,1795,1795,1789,0.07029246306030443,0.1066896549657247,1.0,0.9894818914614721,0.7769833819075969
2023-08-02,1798,1798,1792,0.09457702949884728,0.13513970829835084,1.0,0.9898618657521392,0.7644345194363189
2023-08-03,1809,1809,1802,0.1335779183604006,0.1905937900925923,1.0,0.9901907598723622,0.7333169238206843
2023-08-04,1801,1801,1792,0.14078701935105406,0.19443929237721622,1.0,0.9868697153433147,0.7067459846178861
2023-08-07,1804,1804,1795,0.12874212978450425,0.16486101813737797,1.0,0.9909846903652221,0.640686556856799
2023-08-08,1802,1802,1793,0.14470272934489012,0.19851646586275762,1.0,0.9906952692296859,0.6288647029566173
2023-08-09,1810,1810,1802,0.19591486649998424,0.23830055408911646,1.0,0.9870378010835474,0.6198599090086078
2023-08-10,1813,1813,1805,0.17616980074338545,0.22511094585734467,1.0,0.9818296946083757,0.6192266534958928
2023-08-11,1816,1816,1809,0.18922419540488034,0.254700241438547,1.0,0.9896546368237964,0.6076593203740133
2023-08-14,1815,1815,1808,0.10461512482347447,0.1578190522574566,1.0,0.985053917654127,0.6173035988610257
2023-08-15,1812,1812,1804,0.03475813101380904,0.08749354250073024,1.0,0.9897381096235724,0.6648670524442217
2023-08-16,1807,1807,1799,0.03823421723199662,0.0707413668410105,1.0,0.9865255699386973,0.6757321188476761
2023-08-17,1803,1803,1795,0.0794739257830234,0.10884023645975306,1.0,0.9869687666252173,0.6452440130502319
2023-08-18,1801,1801,1794,0.06817481612360296,0.12431306158465308,1.0,0.9879810935047475,0.6369473819121599
2023-08-21,1805,1805,1799,0.02021033612367362,0.079271648670635,1.0,0.9871036981238434,0.6424838167106893
2023-08-22,1800,1800,1794,-0.03389649760087201,0.019246801192293612,1.0,0.9801201433165765,0.670969512710082
2023-08-23,1798,1798,1792,-0.0992980409302776,-0.038688876769714775,1.0,0.9809581339012596,0.6837562863292135
2023-08-24,1797,1797,1791,-0.05378107942077236,0.022584891737217276,1.0,0.9819810598427872,0.697375261235087
2023-08-25,1787,1787,1781,-0.030480315044684306,0.04118092010325273,1.0,0.982898650136077,0.6822866205362594
2023-08-28,1789,1789,1782,-0.03135493041239708,0.03016145708073762,1.0,0.988595888998336,0.7005034789312347
2023-08-29,1785,1785,1778,-0.042458670939847454,0.048068501335688046,1.0,0.9824932795524226,0.682759030544656
2023-08-30,1778,1778,1770,-0.03361315707299608,0.06807948349522687,1.0,0.9797201232288519,0.7205577370548618
2023-08-31,1775,1775,1768,-0.03620519605905687,0.03260152591733839,1.0,0.9728854538815681,0.7449972630282312
2023-09-01,1769,1769,1764,0.003667440624736448,0.06837284135219801,1.0,0.9521723426965611,0.7766647808735312
2023-09-05,1763,1763,1759,-0.046410335484075735,0.019672022277346532,1.0,0.9811484804685489,0.8192142436589575
2023-09-06,1761,1761,1757,-0.02990724667393404,0.03474309525861935,1.0,0.9778713674441383,0.8208347423038154
2023-09-07,1750,1750,1746,-0.057431415130805984,-0.0029727740856613826,1.0,0.977348797516082,0.8353835862217434
2023-09-08,1750,1750,1746,-0.009990229715163328,0.01943024448053524,1.0,0.9838871343228605,0.8358530199934038
2023-09-11,1747,1747,1743,0.005121101032328438,0.04704471531398595,1.0,0.9911854157494795,0.8511353649659503
2023-09-12,1752,1752,1748,0.00766463428399234,0.024679967994512886,1.0,0.9845509476238011,0.8488872888745103
2023-09-13,1744,1744,1740,0.07531216560433245,0.10346650585337544,1.0,0.9912436983054238,0.8546048957403362
2023-09-14,1744,1744,1740,0.06422435502160063,0.1262920631622404,1.0,0.9860003220026602,0.8551729549292795
2023-09-15,1750,1750,1745,0.10024849896222873,0.1566516968353282,1.0,0.9906361565399991,0.8477652454803833
2023-09-18,1797,1797,1792,0.080660275815393,0.10531190197928818,1.0,0.992396905554121,0.8552856251862332
2023-09-19,1793,1793,1787,0.08091643027880353,0.11099380564709443,1.0,0.9854718824111705,0.8440104997398339
2023-09-20,1794,1794,1787,0.07282880216762619,0.1040661583667122,1.0,0.9902652612427665,0.8546611698694209
2023-09-21,1786,1786,1780,0.09356805548839763,0.11364323719996287,1.0,0.9918715814148403,0.837013953520779
2023-09-22,1788,1788,1782,0.06672134673189498,0.07755105587840416,1.0,0.9867257294567694,0.8290290153813865
2023-09-25,1789,1789,1783,0.07655495990480461,0.09760108938384597,1.0,0.9883213467605144,0.8238732483790232
2023-09-26,1793,1793,1787,0.07394092786220911,0.08383768477124762,1.0,0.9883978700823852,0.8012752450937759
2023-09-27,1796,1796,1790,-0.013272371899039112,-0.021587746538097502,1.0,0.9869698889657045,0.7975631021883036
2023-09-28,1795,1795,1790,-0.06895349556194122,-0.07154817423542544,1.0,0.9933966930494453,0.7741103276889076
2023-09-29,1797,1797,1792,-0.03418095897646017,-0.022967459015123592,1.0,0.9896665947713462,0.775908429736041
2023-10-02,1786,1786,1781,-0.06315360209796572,-0.05078118008488165,1.0,0.9907034015243061,0.7734081496249103
2023-10-03,1787,1787,1782,-0.017984227083221224,-0.004161328366822605,1.0,0.9888144757086216,0.773376737896771
2023-10-04,1786,1786,1780,-0.00958858732538384,0.01742794630362051,1.0,0.9909873746982742,0.7595122592727149
2023-10-05,1787,1787,1780,-0.012340313867411704,0.007326845762328006,1.0,0.9888664237859525,0.7644563644272859
2023-10-06,1787,1787,1780,-0.04815376771863944,-0.03363491300152137,1.0,0.991444702962885,0.7639977988982526
2023-10-09,1784,1784,1777,-0.054282824493572385,-0.04762316717627067,1.0,0.9909328781506388,0.7768698229937521
2023-10-10,1780,1780,1771,-0.009212013803284251,-0.013676346459790361,1.0,0.9896318350394745,0.7621761835072237
2023-10-11,1781,1781,1770,-0.030715860820454036,-0.027423977773419594,1.0,0.9908885041335331,0.7851150405104983
2023-10-12,1772,1771,1759,-0.024846468028283542,-0.027861181809184454,0.9994356659142212,0.9892870326625944,0.773719158649979
2023-10-13,1765,1764,1754,0.010683260573765042,0.030635646946632712,0.9994334277620397,0.9916806689360961,0.7749381148190828
2023-10-16,1718,1717,1706,0.0545730736261007,0.07379670472266038,0.9994179278230501,0.9861186489906345,0.7657627007186586
2023-10-17,1716,1715,1705,0.036901623018721866,0.034683197250355416,0.9994172494172494,0.9888518189336346,0.7789088156436242
2023-10-18,1711,1710,1700,0.01758929983039253,0.0035626138930282183,0.9994155464640561,0.9846710529356039,0.7734144346881068
2023-10-19,1709,1708,1698,0.013528099424561225,0.01099185003009985,0.9994148624926857,0.9870514017462487,0.7559247715756067
2023-10-20,1705,1704,1694,0.01070488893907603,0.01298697842737181,0.9994134897360704,0.9894436680975068,0.7473563315020102
2023-10-23,1701,1700,1691,-0.008575985863385233,0.003266587068381787,0.9994121105232217,0.982625167323872,0.7437517804062033
2023-10-24,1704,1703,1694,-0.020709593590211225,0.005115911707107561,0.9994131455399061,0.9890527632875404,0.7518615997200692
2023-10-25,1696,1695,1685,-0.008011322951448963,0.0030970413272366575,0.9994103773584906,0.9825652346565037,0.7582312438269418
2023-10-26,1694,1693,1683,-0.004132175265391361,0.00033760056684118225,0.999409681227863,0.9841200867220488,0.739248144693137
2023-10-27,1691,1690,1680,-0.019337282287586993,-0.004399097059933105,0.9994086339444116,0.990007326973421,0.7385420968555926
2023-10-30,1692,1691,1681,-0.021036857865460893,-0.016233037292566734,0.9994089834515366,0.9887899021523505,0.7268784405610451
2023-10-31,1682,1681,1671,-0.007469592915252313,0.0023225691761987136,0.9994054696789536,0.9806718033006685,0.7236860421445576
2023-11-01,1682,1681,1671,-0.042032695276206414,-0.043176907161681745,0.9994054696789536,0.9885388914931412,0.7422288784085889
2023-11-02,1693,1692,1682,-0.044845898951678044,-0.04373419640202179,0.9994093325457767,0.9896227420884914,
2023-11-03,1699,1698,1688,-0.02874464839063785,-0.028080239759536742,0.9994114184814596,0.9905495321412221,
2023-11-06,1701,1700,1690,-0.04204264264075381,-0.044237105872785926,0.9994121105232217,0.9888772228883512,
2023-11-07,1703,1702,1694,-0.08025682623798124,-0.10904613090538551,0.9994128009395185,0.9893961710429503,
2023-11-08,1699,1698,1691,-0.1279308648547062,-0.16954105958830182,0.9994114184814596,0.9918430971983718,
2023-11-09,1699,1698,1692,-0.13840574549769338,-0.194494160129833,0.9994114184814596,0.9915538584448859,
2023-11-10,1708,1707,1701,-0.15551741834244698,-0.2132547234849003,0.9994145199063232,0.9845889537155604,
2023-11-13,1710,1709,1703,-0.2132359525063429,-0.2631419573578678,0.9994152046783625,0.9905350698442212,
2023-11-14,1715,1714,1708,-0.21220809527590279,-0.27268526996432646,0.9994169096209913,0.9920466427588449,
2023-11-15,1723,1722,1716,-0.1878298702134457,-0.22597402359921456,0.9994196169471852,0.9845016004639843,
2023-11-16,1724,1723,1717,-0.17695414706066495,-0.21583218114583183,0.9994199535962877,0.9886661613706681,
2023-11-17,1728,1727,1722,-0.16781476011398538,-0.21474647552045797,0.9994212962962963,0.9889094034476141,
2023-11-20,1729,1728,1723,-0.19744038465963465,-0.2425411332770521,0.9994216310005783,0.9865426685789825,
2023-11-21,1724,1723,1718,-0.18484910274333125,-0.21220553565341893,0.9994199535962877,0.9864457766661286,
2023-11-22,1727,1726,1721,-0.2006468771633733,-0.24869432499228566,0.9994209612044007,0.9817458607306478,
2023-11-24,1723,1722,1717,-0.24234244864530854,-0.2977567864614677,0.9994196169471852,0.9781254819944851,
2023-11-27,1716,1715,1710,-0.24331053455769364,-0.2883042485607626,0.9994172494172494,0.9820735523322591,
2023-11-28,1718,1717,1712,-0.2432762942612861,-0.3025586082863895,0.9994179278230501,0.9868282375389721,
2023-11-29,1721,1720,1715,-0.2579725413112964,-0.32657951197945817,0.999418942475305,0.987954569884336,
2023-11-30,1717,1716,1712,-0.2676220176907862,-0.32830288160168003,0.9994175888177053,,
