date,gross_return,turnover,names_without_target,net_return_1bp,net_return_5bp,net_return_10bp,net_return_20bp,offset
2006-01-04,-0.053943449933742546,1.0000000000000022,8,-0.054143449933742545,-0.05494344993374255,-0.05594344993374255,-0.05794344993374256,0
2006-02-02,0.02047271788560315,1.525665483406762,6,0.020167584788921798,0.01894705240219639,0.017421386918789628,0.014370055951976103,0
2006-03-03,-0.028720125969756108,1.335968672053503,7,-0.02898731970416681,-0.03005609464180961,-0.031392063313863114,-0.03406400065797012,0
2006-03-31,0.013194706966728871,1.3233238687262903,10,0.012930042192983613,0.011871383098002581,0.010548059229276291,0.00790141149182371,0
2006-05-01,0.09268099826575645,1.3716820803236291,7,0.09240666184969172,0.09130931618543281,0.08993763410510919,0.08719426994446193,0
2006-05-30,0.05641431380483357,1.2689706610241809,7,0.05616051967262873,0.05514534314380939,0.053876372482785206,0.051338431160736844,0
2006-06-27,0.04507048829682876,1.0753109261858784,8,0.04485542611159159,0.04399517737064288,0.04291986644445701,0.040769244592085245,0
2006-07-26,0.003157469546894333,1.1609825934453317,3,0.002925273028205267,0.0019964869534490016,0.0008355043600036696,-0.001486460826886994,0
2006-08-23,-0.041080565530691136,1.2745529784097431,6,-0.04133547612637308,-0.04235511850910088,-0.043629671487510624,-0.04617877744433011,0
2006-09-21,-0.05950286472997713,1.2745701099595117,5,-0.05975777875196903,-0.06077743483993664,-0.062052004949896156,-0.06460114516981517,0
2006-10-19,-0.0012427221709511342,1.322193576102151,11,-0.0015071608861715645,-0.0025649157470532856,-0.0038871093231554366,-0.006531496475359739,0
2006-11-16,0.006702693817956783,1.3201493761442464,11,0.006438663942727934,0.005382544441812537,0.00406239506566829,0.0014220963133797972,0
2006-12-15,0.0480117383631959,1.2706610819091129,9,0.04775760614681408,0.04674107728128679,0.045470416199377674,0.04292909403555945,0
2007-01-18,-0.018143779195780918,1.2254267482505032,15,-0.018388864545431018,-0.019369205944031423,-0.020594632692281924,-0.02304548618878293,0
2007-02-15,0.016292904351206058,1.4495551125326707,6,0.016002993328699523,0.014843349238673387,0.013393794126140716,0.010494683901075375,0
2007-03-16,-0.04484761948558453,1.3812541007389474,9,-0.04512387030573232,-0.04622887358632348,-0.04761012768706242,-0.05037263588854032,0
2007-04-16,0.03522682722134723,1.3700500647805844,11,0.034952817208391114,0.033856777156566646,0.03248672709178606,0.02974662696222489,0
2007-05-14,-0.021145044211811386,1.3385829598928838,13,-0.021412760803789965,-0.02248362717170427,-0.023822210131597153,-0.02649937605138292,0
2007-06-12,-0.04730818439184991,1.4272155632146204,11,-0.047593627504492836,-0.04873539995506453,-0.05016261551827915,-0.05301704664470839,0
2007-07-11,0.06142726994278015,1.3594809842184943,10,0.06115537374593645,0.06006778895856166,0.05870830797434316,0.055989346005906174,0
2007-08-08,0.009185181573963763,1.3223046213241436,13,0.008920720649698934,0.00786287695263962,0.006540572331315475,0.003895963088667188,0
2007-09-06,-0.02120863407424578,1.2858408464436795,16,-0.021465802243534515,-0.02249447492068946,-0.023780315767133138,-0.0263519974600205,0
2007-10-04,0.07518673156267665,1.2508477216713632,12,0.07493656201834238,0.07393588384100529,0.07268503611933393,0.07018334067599119,0
2007-11-01,0.05379979530489839,1.2315966699147252,15,0.05355347597091544,0.052568198634983666,0.05133660196506894,0.048873408625239485,0
2007-11-30,0.01001745156138782,1.2537877943673577,9,0.00976669400251435,0.008763663767020462,0.007509875972653105,0.00500230038391839,0
2007-12-31,0.028489979476491244,1.1180117170017794,8,0.028266377133090888,0.027371967759489465,0.026253956042487685,0.024017932608484126,0
2008-01-30,0.038029943928592984,1.1956056778466562,5,0.037790822793023655,0.03683433825074633,0.03563873257289967,0.03324752121720636,0
2008-02-28,0.029483049528021527,1.2768436474323843,5,0.02922768079853505,0.02820620588058914,0.026929362233156756,0.02437567493829199,0
2008-03-28,-0.03515532489209132,1.1424434576292306,3,-0.03538381358361717,-0.03629776834972055,-0.03744021180734978,-0.039725098722608244,0
2008-04-25,0.034034103127484,1.1707620919115174,3,0.033799950709101696,0.03286334103557248,0.03169257894366096,0.02935105475983793,0
2008-05-23,0.02266101063464547,1.2715598645054036,7,0.02240669866174439,0.021389450770140067,0.020117890905634664,0.017574771176623857,0
2008-06-23,-0.00533651513936173,1.2569633106967766,5,-0.005587907801501085,-0.006593478450058506,-0.007850441760755283,-0.010364368382148836,0
2008-07-22,0.05257829464755446,1.1391426269862386,9,0.05235046612215721,0.05143915202056822,0.05030000939358198,0.048021724139609506,0
2008-08-19,-0.005946521949421379,1.1280452668793846,5,-0.0061721310027972555,-0.007074567216300763,-0.008202612483180148,-0.010458703016938917,0
2008-09-17,0.1649983883891208,1.0854296518809037,5,0.16478130245874462,0.16391295873723988,0.16282752908535897,0.16065666978159718,0
2008-10-15,0.1467956959460996,1.1118911744261373,7,0.14657331771121437,0.14568380477167345,0.1445719135972473,0.14234813124839504,0
2008-11-12,-0.08166807659552588,1.1383139209845317,6,-0.08189573937972279,-0.08280639051651041,-0.08394470443749495,-0.086221332279464,0
2008-12-11,-0.04313233302997892,1.1478809620880168,7,-0.04336190922239652,-0.044280213992066934,-0.04542809495415495,-0.047723856878330986,0
2009-01-12,0.0555874360289576,1.062510744104215,3,0.055374933880136756,0.05452492528485338,0.05346241454074917,0.05133739305254074,0
2009-02-10,0.046907298381217134,0.9773151351506236,1,0.046711835354187006,0.04592998324606651,0.04495266811091589,0.042998037840614636,0
2009-03-11,-0.19026762574238668,1.112729943485889,1,-0.19049017173108385,-0.19138035568587256,-0.19249308562935846,-0.19471854551633022,0
2009-04-08,-0.36199127943271586,1.4595951870351778,1,-0.3622831984701229,-0.36345087461975106,-0.3649104698067862,-0.36782966018085655,0
2009-05-07,0.02211243178439007,1.8695195479651596,0,0.021738527874797037,0.02024291223642491,0.01837339268845975,0.014634353592529431,0
2009-06-05,0.15011556627915895,1.0467765562985183,1,0.14990621096789924,0.14906878972286045,0.1480220131665619,0.14592846005396487,0
2009-07-06,-0.19323679478234085,1.112810767576893,4,-0.19345935693585622,-0.19434960554991773,-0.19546241631749464,-0.1976880378526484,0
2009-08-03,-0.043017132223282024,1.635790023227354,1,-0.0433442902279275,-0.04465292224650938,-0.04628871226973673,-0.04956029231619144,0
2009-08-31,-0.058757981985497615,1.342219833069807,4,-0.05902642595211158,-0.06010020181856742,-0.06144242165163723,-0.06412686131777684,0
2009-09-29,0.08807354332979488,1.2899018735241439,5,0.08781556295509005,0.08678364145627074,0.08549373958274659,0.0829139358356983,0
2009-10-27,0.028400407422311365,1.0750459280185214,6,0.02818539823670766,0.027325361494292846,0.026250315566274322,0.02410022371023728,0
2009-11-24,-0.06157873164556947,1.201536571670093,4,-0.06181903895990349,-0.06278026821723956,-0.06398180478890966,-0.06638487793224984,0
2009-12-23,0.01618583804611217,1.3570393867000983,3,0.01591443016877215,0.014828798659412072,0.013471759272711974,0.010757680499311778,0
2010-01-25,0.010958749476926804,1.2027414259099007,5,0.010718201191744823,0.009756008051016903,0.008553266625107003,0.006147783773287201,0
2010-02-23,-0.06879593664790176,1.2227034418028233,7,-0.06904047733626233,-0.07001864008970458,-0.0712413435315074,-0.07368675041511305,0
2010-03-23,-0.03360588692281096,1.4933342394470677,3,-0.033904553770700376,-0.035099221162258026,-0.0365925554017051,-0.03957922388059923,0
2010-04-21,0.0708359747098145,1.2573427516729743,5,0.0705845061594799,0.06957863195814153,0.06832128920646854,0.0658066037031226,0
2010-05-19,0.028715978946291073,1.0872856920063547,4,0.028498521807889803,0.027628693254284718,0.026541407562278362,0.024366836178265655,0
2010-06-17,0.05712550181927571,1.112593479390153,4,0.05690298312339768,0.05601290833988556,0.0549003148604954,0.0526751279017151,0
2010-07-16,-0.0057998314677587814,1.0665423010660589,8,-0.006013139927971993,-0.00686637376882484,-0.007932916069890899,-0.010066000672023016,0
2010-08-13,-0.040740445933486635,1.147676183475036,2,-0.04096998117018164,-0.04188812211696167,-0.04303579830043671,-0.04533115066738678,0
2010-09-13,-0.05431983296606895,1.0809570310324401,7,-0.05453602437227544,-0.05540078999710139,-0.056481747028133834,-0.05864366109019871,0
2010-10-11,-0.04618790436274506,1.1963136998118513,6,-0.04642716710270743,-0.04738421806255691,-0.04858053176236876,-0.050973159161992465,0
2010-11-08,-0.034189631461973895,1.2030776452552119,9,-0.03443024699102494,-0.03539270910722911,-0.036595786752484316,-0.039001942042994744,0
2010-12-07,-0.032564163156129776,1.306282821151958,3,-0.03282541972036017,-0.033870445977281734,-0.03517672879843369,-0.03778929444073761,0
2011-01-05,0.03379128460932706,1.2701343458988543,5,0.033537257740147285,0.0325211502634282,0.03125101591752935,0.028710747225731643,0
2011-02-03,0.001192358751953579,1.2441912663562626,6,0.0009435204986823264,-5.183251440268378e-05,-0.0012960237807589465,-0.003784406313471472,0
2011-03-04,0.025194557864205616,1.2066769463388984,7,0.024953222474937836,0.023987880917866716,0.02278120397152782,0.020367850078850024,0
2011-04-01,0.04266061206334019,1.1782495040230692,8,0.04242496216253557,0.041482362559317115,0.04030411305529405,0.03794761404724791,0
2011-05-02,0.01010872365266349,1.2767252638516289,6,0.009853378599893164,0.00883199838881186,0.007555273124960231,0.005001822597256973,0
2011-05-31,0.027096819064100035,1.3072123022362614,9,0.02683537660365278,0.025789606761863773,0.024482394459627514,0.02186796985515499,0
2011-06-28,-5.226406611437916e-05,1.181911672663722,9,-0.0002886464006471236,-0.001234175738778101,-0.0024160874114418232,-0.004779910756769267,0
2011-07-27,0.16137781404132473,1.1363134736566192,2,0.1611505513465934,0.16024150056766812,0.1591051870940115,0.15683256014669825,0
2011-08-24,0.09148932159816872,1.1434829727107088,8,0.09126062500362658,0.09034583862545802,0.0892023556527473,0.08691538970732589,0
2011-09-22,-0.050939225027631756,1.0008431492816203,6,-0.05113939365748808,-0.05194006817691338,-0.052940911326194995,-0.05494259762475824,0
2011-10-20,-0.03538523031992974,1.0004977131848132,5,-0.035585329862566704,-0.03638572803311455,-0.037386225746299365,-0.03938722117266899,0
2011-11-17,0.06587235828471748,1.0003512034132067,7,0.06567228804403484,0.06487200708130426,0.06387165587789106,0.06187095347106465,0
2011-12-16,-0.10436950936142395,0.9900596224714111,4,-0.10456752128591823,-0.10535956898389535,-0.10634962860636676,-0.1083297478513096,0
2012-01-18,-0.05884606216471531,1.199983680094992,7,-0.0590860589007343,-0.0600460458448103,-0.06124602952490529,-0.06364599688509527,0
2012-02-15,0.024456547346277353,1.2116574197640098,8,0.02421421586232455,0.023244889926513343,0.022033232506749333,0.019609917667221314,0
2012-03-15,0.058522784663982926,1.2016380251802885,4,0.05828245705894687,0.05732114663880264,0.056119508613622346,0.05371623256326177,0
2012-04-13,0.0677110525929977,1.048718778325478,3,0.0675013088373326,0.06666233381467222,0.06561361503634675,0.06351617747969579,0
2012-05-11,0.0646800519104189,1.0984514366238436,4,0.06446036162309413,0.06358160047379505,0.062483149037171205,0.06028624616392352,0
2012-06-11,-0.03708724836349902,1.1762659172305994,8,-0.037322501546945136,-0.03826351428072962,-0.03943978019796022,-0.04179231203242142,0
2012-07-10,-0.04003569614206702,1.0102616928534294,5,-0.04023774848063771,-0.041045957834920446,-0.04205621952777388,-0.04407674291348074,0
2012-08-07,-0.0339078758430786,1.1719246908515457,3,-0.034142260781248907,-0.035079800533930144,-0.03625172522478169,-0.03859557460648478,0
2012-09-05,0.012723803579993241,1.352145424136053,4,0.012453374495166031,0.011371658155857188,0.010019512731721135,0.0073152218834490286,0
2012-10-03,0.0353988318131439,1.2030415753006802,5,0.035158223498083764,0.03419579023784322,0.03299274866254254,0.030586665511941176,0
2012-11-02,-0.013248301875017238,1.2223403681870966,1,-0.013492769948654657,-0.014470642243204334,-0.01569298261139143,-0.018137663347765624,0
2012-12-03,-0.040005139700152216,1.3867450017987315,10,-0.04028248870051196,-0.041391884701950946,-0.04277862970374968,-0.04555211970734714,0
2013-01-02,-0.009631597782400268,1.4003944566166742,4,-0.009911676673723602,-0.011031992239016943,-0.012432386695633617,-0.015233175608866965,0
2013-01-31,0.03161895630616103,1.4065563745643415,7,0.03133764503124816,0.03021239993159669,0.02880584355703235,0.025992730807903666,0
2013-03-01,0.023598101257691993,1.3286588794250118,3,0.02333236948180699,0.02226944237826698,0.02094078349884197,0.018283465739991945,0
2013-04-01,-0.017798683100944554,1.23798874403791,4,-0.018046280849752135,-0.019036671844982464,-0.020274660589020374,-0.022750638077096194,0
2013-04-29,-0.037235788761065,1.2835673207678044,1,-0.03749250222521856,-0.03851935608183281,-0.03980292340260061,-0.04237005804413622,0
2013-05-28,0.010583840850872064,1.4694533577896438,5,0.010289950179314136,0.00911438749308242,0.007644934135292777,0.0047060274197134894,0
2013-06-25,-0.0320488140826656,1.274201633209276,7,-0.03230365440930746,-0.03332301571587488,-0.03459721734908415,-0.0371456206155027,0
2013-07-24,-0.002057434800163955,1.4183133200228568,5,-0.0023410974641685264,-0.0034757481201868118,-0.004894061440209669,-0.007730688080255382,0
2013-08-21,-0.056600018292910566,1.2911298424970976,3,-0.056858244261409986,-0.05789114813540766,-0.05918227797790476,-0.06176453766289896,0
2013-09-19,0.010160176612508707,1.3892211824322982,10,0.009882332376022247,0.008770955430076409,0.007381734247644111,0.004603291882779514,0
2013-10-17,0.04598388816813107,1.2996823826482002,9,0.045723951691601435,0.04468420578548287,0.04338452340283467,0.040785158637538274,0
2013-11-14,0.0007046786639086783,1.3056612090562174,6,0.00044354642209743476,-0.0006009825451475392,-0.0019066437542037567,-0.004517966172316192,0
2013-12-13,-0.06104850170007864,1.3513060368735024,6,-0.06131876290745334,-0.06239980773695214,-0.06375111377382564,-0.06645372584757264,0
2014-01-14,0.001291042521231107,1.3720217097234755,7,0.001016638179286412,-8.097918849236854e-05,-0.001453000898215844,-0.004197044317662795,0
2014-02-12,-0.003322826260643412,1.3003520835696911,2,-0.0035828966773573502,-0.004623178344213103,-0.005923530427782794,-0.008524234594922176,0
2014-03-13,0.08593948799282172,1.4435822574126274,3,0.0856507715413392,0.08449590573540909,0.08305232347799647,0.08016515896317121,0
2014-04-10,0.09386406103903602,1.1742311367965843,4,0.0936292148116767,0.09268982990223944,0.09151559876544285,0.08916713649184968,0
2014-05-09,-0.045857458082955084,1.0692964861459142,5,-0.04607131738018427,-0.046926754569101,-0.047996051055246916,-0.05013464402753874,0
2014-06-09,0.003163746766981987,1.2698043306699447,4,0.002909785900847998,0.001893942436312042,0.0006241381056420973,-0.0019154705556977923,0
2014-07-08,0.010614437122642107,1.1801453833425837,3,0.01037840804597359,0.009434291739299524,0.00825414635595694,0.005893855589271773,0
2014-08-05,-0.032479287284415195,1.3095100201601615,4,-0.03274118928844723,-0.03378879730457536,-0.03509830732473552,-0.03771732736505584,0
2014-09-03,0.05062313386846214,1.4214283547240898,3,0.05033884819751733,0.04920170551373805,0.047780277159013965,0.044937420449565786,0
2014-10-01,0.026221301966930805,1.1930786350484108,4,0.025982686239921123,0.025028223331882395,0.023835144696833982,0.021448987426737162,0
2014-10-29,0.017307907366689912,1.3117981276502848,4,0.017045547741159853,0.015996109239039626,0.014684311111389342,0.012060714856088773,0
2014-11-26,0.04401555121079393,1.2796145927923168,7,0.04375962829223547,0.04273593661800162,0.0414563220252093,0.03889709283962466,0
2014-12-26,0.02968914441205299,1.2894353777270386,4,0.02943125733650758,0.02839970903432595,0.02711027365659891,0.024531402901144833,0
2015-01-27,-0.03105590888923051,1.1260774017659536,8,-0.0312811243695837,-0.032181986290996466,-0.033308063692762416,-0.03556021849629432,0
2015-02-25,0.031551159219736565,1.3377591549704957,7,0.03128360738874247,0.03021340006476607,0.028875640909795573,0.026200122599854582,0
2015-03-25,-0.054338402505468064,1.3634479605106702,1,-0.054611092097570195,-0.05570185046597873,-0.05706529842648941,-0.05979219434751074,0
2015-04-23,0.04652843621813466,1.3432553692222229,7,0.046259785144290216,0.04518518084891244,0.043841925479690215,0.041155414741245774,0
2015-05-21,-0.01985329218352492,1.2153675240736939,6,-0.020096365688339658,-0.02106865970759861,-0.022284027231672308,-0.024714762279819696,0
2015-06-19,0.036904674685687276,1.4003059870463408,8,0.03662461348827801,0.03550436869864094,0.03410406271159459,0.03130345073750191,0
2015-07-20,0.11559525213604485,1.2537251303512527,5,0.1153445071099746,0.1143415270056936,0.11308780187534234,0.11058035161463985,0
2015-08-17,0.003931722675085968,1.3032007167577988,7,0.0036710825317344087,0.0026285219583281694,0.0013253212415703709,-0.0012810801919452266,0
2015-09-15,0.1097782045190541,1.393101299222669,6,0.10949958425920957,0.10838510321983143,0.10699200192060876,0.10420579932216342,0
2015-10-13,-0.08159960156072399,1.1525380380474173,5,-0.08183010916833347,-0.08275213959877141,-0.08390467763681882,-0.08620975371291366,0
2015-11-10,0.048483777151646354,1.4086333533504947,8,0.048202050480976255,0.04707514379829586,0.045666510444945366,0.04284924373824438,0
2015-12-09,0.07002818835411397,1.3444453684069024,3,0.06975929928043259,0.06868374298570706,0.06733929761730016,0.06465040688048636,0
2016-01-08,0.12557971651468722,1.0984258529819466,10,0.12536003134409082,0.12448129066170527,0.12338286480872332,0.12118601310275944,0
2016-02-08,-0.12883580913584028,1.0809984374258683,5,-0.12905200882332546,-0.12991680757326615,-0.13099780601069203,-0.13315980288554374,0
2016-03-08,-0.02869425210438148,1.3258714285349178,5,-0.02895942639008846,-0.030020123532916398,-0.031345994961451316,-0.033997737818521154,0
2016-04-06,-0.003159845050716651,1.113021712645522,7,-0.0033824493932457554,-0.004272866763362173,-0.005385888476007695,-0.007611931901298739,0
2016-05-04,-0.06481506331694738,1.1178722856435785,4,-0.06503863777407609,-0.06593293560259096,-0.06705080788823453,-0.06928655245952169,0
2016-06-02,0.03278044917423756,1.4083458734061536,5,0.032498779999556325,0.03137210330083141,0.029963757427425252,0.027147065680612942,0
2016-06-30,-0.08073402454606078,1.2663067092629987,9,-0.08098728588791339,-0.08200033125532379,-0.08326663796458678,-0.08579925138311277,0
2016-07-29,-0.050050325593768874,1.3454112683823636,8,-0.05031940784744535,-0.05139573686215124,-0.0527411481305336,-0.055431970667298325,0
2016-08-26,-0.020734639362528888,1.4763818832696423,14,-0.021029915739182815,-0.022211021245798532,-0.023687403129068172,-0.026640166895607456,0
2016-09-26,0.0400650187722247,1.4549312365945277,7,0.03977403252490579,0.03861008753563017,0.037155156299035645,0.03424529382584659,0
2016-10-24,-0.050718594735445315,1.2235332676825437,8,-0.05096330138898182,-0.051942128003127856,-0.053165661270810405,-0.05561272780617549,0
2016-11-21,0.025549804657281953,1.3842056799409228,9,0.025272963521293768,0.02416559897734103,0.02278139329740011,0.020012981937518264,0
2016-12-20,0.016707857630431425,1.3174597733856475,6,0.016444365675754295,0.015390397857045778,0.014072938083660131,0.011438018536888837,0
2017-01-20,-0.027267405527029945,1.1696853840699089,7,-0.027501342603843928,-0.028437090911099853,-0.029606776295169765,-0.03194614706330958,0
2017-02-17,0.035529578134879426,1.3382531445689307,7,0.03526192750596564,0.034191324990310495,0.032853071845741565,0.030176565556603703,0
2017-03-20,0.03316828365301075,1.4062332623786973,10,0.03288703700053501,0.031762050390632054,0.030355817128253356,0.02754335060349596,0
2017-04-18,0.010949169895393778,1.1385749950916806,6,0.010721454896375443,0.009810594900302097,0.008672019905210417,0.006394869915027056,0
2017-05-16,0.02720803932368006,1.2115888437437576,5,0.026965721554931307,0.0259964504799363,0.02478486163619254,0.022361683948705028,0
2017-06-14,-0.03851589054230015,1.1751389022566168,4,-0.038750918322751474,-0.03969102944455677,-0.040866168346813385,-0.043216446151326623,0
2017-07-13,0.060502389972651394,1.0399491369326332,9,0.06029440014526487,0.05946244083571876,0.058422491698786126,0.05634259342492086,0
2017-08-10,-0.02373040989580441,1.2537948665037781,3,-0.023981168869105167,-0.024984204762308188,-0.026237999628811966,-0.028745589361819524,0
2017-09-08,-0.06997753044927206,1.3058344553350458,15,-0.07023869734033907,-0.0712833649046071,-0.07258919935994215,-0.07520086827061224,0
2017-10-06,0.039238636642713154,1.3634089800759572,3,0.038965954846697966,0.0378752276626372,0.03651181868256124,0.03378500072240932,0
2017-11-03,-0.006538111429557531,1.3402121134541403,5,-0.006806153852248359,-0.007878323543011672,-0.009218535656465812,-0.011898959883374093,0
2017-12-04,-0.07724595664506867,1.376167026958504,5,-0.07752119005046038,-0.07862212367202717,-0.07999829069898567,-0.08275062475290268,0
2018-01-03,0.04003171034452321,1.3525685376650722,6,0.039761196636990195,0.038679141806858136,0.03732657326919306,0.03462143619386292,0
2018-02-01,-0.03428936042021072,1.3011947826364494,10,-0.03454959937673801,-0.035590555202847166,-0.03689174998548362,-0.039494139550756514,0
2018-03-02,0.05698359804985151,1.514963517914348,7,0.05668060534626864,0.055468634531937164,0.05395367101402281,0.050923743978194116,0
2018-04-02,-0.01538200501548145,1.31360990892788,5,-0.015644726997267027,-0.01669561492440933,-0.01800922483333721,-0.02063644465119297,0
2018-04-30,-0.06509398865447336,1.2631878655703117,6,-0.06534662622758741,-0.06635717652004366,-0.06762036438561397,-0.0701467401167546,0
2018-05-29,-0.04352004191388802,1.626489615533127,7,-0.04384533983699465,-0.04514653152942115,-0.046773021144954276,-0.05002600037602053,0
2018-06-26,0.04896802215516823,1.6045182700292615,4,0.04864711850116238,0.04736350388513897,0.04575898561510971,0.042549949075051184,0
2018-07-25,0.01890678267376662,1.292771643311369,4,0.018648228345104347,0.017614011030455252,0.01632123938714388,0.013735696100521142,0
2018-08-22,0.004167332381931103,1.5191966622071988,1,0.003863493049489663,0.0026481357197239044,0.0011289390575167056,-0.001909454266897692,0
2018-09-20,0.06392959216692032,1.4092443957600287,8,0.06364774328776832,0.06252034777116029,0.06111110337540026,0.0582926145838802,0
2018-10-18,0.09738449215586902,1.2566942034127226,8,0.09713315331518647,0.0961277979524563,0.09487110374904358,0.09235771534221812,0
2018-11-15,0.0555937253662155,1.1924167322675976,8,0.05535524201976198,0.054401308633947904,0.0532088919016803,0.05082405843714511,0
2018-12-17,-0.0645297576375935,1.1763722707407922,8,-0.06476503209174166,-0.06570612990833428,-0.06688250217907508,-0.06923524672055667,0
2019-01-16,-0.03312573468368889,1.2650547597994786,8,-0.033378745635648785,-0.03439078944348837,-0.035655844203287844,-0.0381859537228868,0
2019-02-14,0.010669609968042946,1.375967695592453,8,0.010394416428924455,0.009293642272450494,0.00791767457685804,0.005165739185673135,0
2019-03-15,0.02358742473411269,1.4663423167266554,4,0.02329415627076736,0.022121082417386036,0.020654740100659378,0.01772205546720607,0
2019-04-12,0.07237435101762954,1.1713909184250022,4,0.07214007283394454,0.07120296009920454,0.07003156918077953,0.06768878734392952,0
2019-05-13,0.07752539669137858,1.1677048464931072,1,0.07729185572207996,0.07635769184488547,0.07518998699839236,0.07285457730540615,0
2019-06-11,-0.03420228140704873,1.2487727296272777,7,-0.034452035952974185,-0.035451054136676007,-0.036699826866303284,-0.03919737232555784,0
2019-07-10,0.08271442807822665,1.2944819905525893,4,0.08245553168011614,0.08141994608767407,0.08012546409712147,0.0775365001160163,0
2019-08-07,0.02856260492850854,1.2995450856532234,3,0.028302695911377896,0.027263059842855316,0.025963514757202093,0.023364424585895646,0
2019-09-05,0.035732265658366756,1.3006232659618102,6,0.035472141005174394,0.03443164239240495,0.03313101912644314,0.030529772594519514,0
2019-10-03,-0.002307266936539305,1.1455290223899912,8,-0.0025363727410173034,-0.003452795958929296,-0.004598324981319287,-0.00688938302609927,0
2019-10-31,-0.06619298606611959,1.1639430102209967,4,-0.0664257746681638,-0.06735692907634058,-0.06852087208656159,-0.07084875810700358,0
2019-11-29,-0.06066538972608578,1.6287536740838098,6,-0.060991140460902545,-0.06229414340016959,-0.0639228970742534,-0.06718040442242101,0
2019-12-30,0.05535051056408611,1.4420083562240826,5,0.05506210889284129,0.05390850220786203,0.052466493851637944,0.04958247713918978,0
2020-01-29,-0.013594615374125511,1.1913440055788047,3,-0.013832884175241271,-0.014785959379704316,-0.01597730338528312,-0.01835999139644073,0
2020-02-27,0.1145530709138949,1.23383956674823,4,0.11430630300054526,0.11331923134714667,0.11208539178039843,0.10961771264690198,0
2020-03-26,0.01883804202760004,1.3892017587806984,5,0.0185602016758439,0.017448840268819342,0.016059638510038644,0.013281234992477246,0
2020-04-24,-0.16959865569741805,1.1371506203329649,0,-0.16982608582148465,-0.170735806317751,-0.171872956938084,-0.1741472581787499,0
2020-05-22,-0.09895056588363525,1.5311242500641382,4,-0.09925679073364808,-0.1004816901336994,-0.10201281438376353,-0.1050750628838918,0
2020-06-22,0.014880212051039465,1.174889627119836,3,0.014645234125615497,0.01370532242391963,0.012530432796799792,0.01018065354256012,0
2020-07-21,-0.006507759081205829,1.1504119382998053,2,-0.0067378414688657896,-0.007658171019505634,-0.00880858295780544,-0.01110940683440505,0
2020-08-18,0.02012714153548483,1.251631451935776,4,0.019876815245097677,0.018875510083549055,0.017623878631613278,0.015120615727741727,0
2020-09-16,-0.03295397116885952,1.2269929886261366,6,-0.033199369766584746,-0.03418096415748566,-0.03540795714611179,-0.03786194312336407,0
2020-10-14,0.03484991257093103,1.2820866429280682,3,0.034593495242345416,0.03356782592800296,0.032285739285074895,0.029721565999218755,0
2020-11-11,-0.165760425232134,1.3145087427102746,4,-0.16602332698067604,-0.16707493397484427,-0.16838944271755454,-0.1710184602029751,0
2020-12-10,-0.08393651510189344,1.6281965874475528,6,-0.08426215441938295,-0.08556471168934099,-0.08719290827678855,-0.09044930145168366,0
2021-01-11,-0.349898939012947,1.3576405410578187,3,-0.35017046712115857,-0.3512565795540048,-0.35261422009506266,-0.35532950117717826,0
2021-02-09,0.16149495225038327,2.018803828213706,4,0.16109119148474052,0.15947614842216956,0.15745734459395586,0.15341973693752844,0
2021-03-10,0.0625478038780965,1.1223720494798235,3,0.06232332946820053,0.06142543182861667,0.06030305977913685,0.058058315680177205,0
2021-04-08,0.14662855478017195,1.0130369885832775,9,0.1464259473824553,0.14561551779158868,0.1446024808030054,0.14257640682583883,0
2021-05-06,-0.11469615370195706,1.1329370837383992,7,-0.11492274111870474,-0.11582909078569546,-0.11696202786943385,-0.11922790203691065,0
2021-06-04,-0.025035000695409954,1.3764951466152513,5,-0.025310299724733004,-0.026411495842025207,-0.027787990988640456,-0.03054098128187096,0
2021-07-02,0.1317621115373763,1.1139414169772934,6,0.13153932325398085,0.130648170120399,0.1295342287034217,0.12730634586946712,0
2021-08-02,-0.04067132609347657,1.1210299293859698,4,-0.04089553207935376,-0.041792356022862534,-0.04291338595224851,-0.04515544581102045,0
2021-08-30,-0.05955326413398691,1.2376704451387968,7,-0.05980079822301467,-0.06079093457912571,-0.06202860502426451,-0.0645039459145421,0
2021-09-28,0.03972352983320027,1.2052123960000514,4,0.03948248735400026,0.038518317437200224,0.03731310504120017,0.03490268024920007,0
2021-10-26,0.04655375857979429,1.2445427691768758,5,0.04630485002595892,0.04530921581061741,0.04406467304144054,0.041575587503086785,0
2021-11-23,0.07162179139678161,1.2638212862767446,9,0.07136902713952627,0.07035797011050486,0.06909414882422812,0.06656650625167464,0
2021-12-22,0.2198172919671599,1.1972293955583007,4,0.21957784608804826,0.2186200625716016,0.2174228331760433,0.2150283743849267,0
2022-01-21,-0.00013660508688279668,1.084648364254339,4,-0.0003535347597336645,-0.0012212534511371357,-0.002305901815391475,-0.004475198543900153,0
2022-02-18,-0.028463741183162257,1.0761038504740914,9,-0.028678961953257077,-0.02953984503363635,-0.03061594888411044,-0.03276815658505862,0
2022-03-21,0.08832468401046373,1.2402882579658534,5,0.08807662635887056,0.08708439575249788,0.08584410749453202,0.08336353097860032,0
2022-04-19,0.16401990616844384,1.1347459798039843,5,0.16379295697248303,0.16288516018863985,0.16175041420883587,0.15948092224922789,0
2022-05-17,0.051375410987443276,1.072491940043285,5,0.051160912599434616,0.05030291904739999,0.04923042710735671,0.04708544322727014,0
2022-06-15,-0.04392925316772309,0.9978437711944005,8,-0.044128821921961964,-0.044927096938917485,-0.04592494071011189,-0.04792062825250069,0
2022-07-15,-0.18999799294975506,1.2141983683781,7,-0.19024083262343067,-0.19121219131813316,-0.19242638968651127,-0.19485478642326745,0
2022-08-12,0.050166092314195485,1.57950083618268,5,0.049850192146958947,0.0485865914780128,0.047007090641830125,0.043848088969464766,0
2022-09-12,0.11436630135356937,1.0811425408970405,7,0.11415007284538996,0.11328515881267233,0.11220401627177529,0.11004173118998122,0
2022-10-10,0.061179012769886895,1.0699458075502202,8,0.06096502360837685,0.06010906696233668,0.059039121154786454,0.056899229539686014,0
2022-11-07,0.02109032502495801,1.3248410262252657,8,0.020825356819712957,0.019765483998732746,0.01844064297250748,0.015790960920056947,0
2022-12-06,0.044871705352256035,1.2899241616997748,13,0.04461372051991608,0.04358178119055626,0.04229185702885649,0.039712008705456936,0
2023-01-05,-0.2283907374385759,1.0967159159134117,7,-0.22861008062175858,-0.2294874533544893,-0.23058416927040273,-0.23277760110222956,0
2023-02-03,0.09202416971795148,1.5890918380279395,9,0.0917063513503459,0.09043507787992354,0.0888459860418956,0.08566780236583972,0
2023-03-06,0.013249555735094252,1.3047816078751249,5,0.012988599413519228,0.011944774127219128,0.010639992519344003,0.008030429303593753,0
2023-04-03,0.07713800012987376,1.3833389662383029,5,0.0768613323366261,0.07575466116363545,0.07437132219739716,0.07160464426492055,0
2023-05-02,-0.09375696291654054,1.2080134676856806,3,-0.09399856561007768,-0.09496497638422621,-0.0961729898519119,-0.09858901678728325,0
2023-05-31,-0.04048859530668393,1.4658854476167942,8,-0.04078177239620729,-0.04195448075430072,-0.04342036620191752,-0.04635213709715111,0
2023-06-29,-0.042257969699264056,1.345989539547934,3,-0.04252716760717364,-0.04360395923881199,-0.04494994877835992,-0.047641927857455794,0
2023-07-28,0.10542783358011314,1.3155684781271448,6,0.10516471988448771,0.104112265101986,0.10279669662385885,0.10016555966760456,0
2023-08-25,0.057060839457827285,1.2838640765552003,2,0.05680406664251624,0.05577697538127208,0.05449311130471689,0.05192538315160648,0
2023-09-25,0.07272962772628462,1.24891996875184,6,0.07247984373253426,0.07148070775753278,0.07023178778878095,0.06773394785127726,0
2023-10-23,-0.0556938873895364,1.1991558797204354,7,-0.05593371856548049,-0.056893043269256836,-0.05809219914897727,-0.060490510908418144,0
2023-11-20,-0.16079376188994268,1.3962716012389442,3,-0.16107301621019046,-0.16219003349118163,-0.16358630509242056,-0.16637884829489846,0
2006-01-05,-0.04192938054977186,0.9999999999999968,7,-0.04212938054977186,-0.042929380549771856,-0.04392938054977186,-0.04592938054977185,1
2006-02-03,0.012673703087829124,1.4991036056372349,7,0.012373882366701677,0.01117459948219189,0.009675495876554654,0.006677288665280184,1
2006-03-06,-0.03692050484503226,1.382744858500147,9,-0.03719705381673229,-0.038303249703532403,-0.039685994562032555,-0.04245148427903285,1
2006-04-03,-0.003081020208263009,1.3230455772489325,6,-0.0033456293237127954,-0.0044040657855119415,-0.005727111362760874,-0.008373202517258739,1
2006-05-02,0.08519648675242536,1.3591072556531099,7,0.08492466530129474,0.08383737949677225,0.08247827224111914,0.07976005772981293,1
2006-05-31,0.06682930465625263,1.2883583379977108,7,0.06657163298865308,0.06554094631825491,0.06425258798025721,0.06167587130426178,1
2006-06-28,0.06240874160308219,1.0816987696523233,7,0.06219240184915173,0.06132704283342987,0.060245344063777545,0.0580819465244729,1
2006-07-27,-0.00865044922848134,1.1934565322720654,4,-0.008889140534935754,-0.009843905760753406,-0.011037362293025472,-0.013424275357569602,1
2006-08-24,-0.0320812331427362,1.3292871814565532,4,-0.03234709057902751,-0.033410520324192755,-0.034739807505649305,-0.03739838186856241,1
2006-09-22,-0.0566617676455909,1.21956006871021,4,-0.05690567965933294,-0.057881327714301115,-0.05910088778301132,-0.06154000792043174,1
2006-10-20,-0.01461778994180689,1.3069691254099205,11,-0.014879183766888874,-0.015924759067216812,-0.017231728192626732,-0.019845666443446573,1
2006-11-17,0.014857935299387021,1.3265292924402252,12,0.014592629440898976,0.013531406006946797,0.012204876714506572,0.00955181812962612,1
2006-12-18,0.027111727038265,1.2956269201354897,9,0.026852601654237904,0.02581610011812951,0.02452047319799402,0.021929219357723042,1
2007-01-19,-0.005627476454990662,1.250507301542963,15,-0.005877577915299254,-0.006877983756533625,-0.008128491058076587,-0.010629505661162515,1
2007-02-16,0.01926493601299664,1.438429592371967,6,0.018977250094522245,0.017826506420624673,0.016388076828252704,0.01351121764350877,1
2007-03-19,-0.03642569703763194,1.3789838930039826,9,-0.036701493816232736,-0.03780468093063592,-0.039183664823639906,-0.041941632609647866,1
2007-04-17,0.03641370546979408,1.35653445869581,11,0.03614239857805492,0.03505717101109827,0.03370063655240246,0.030987567635010843,1
2007-05-15,-0.02666064999421511,1.3345213607839763,13,-0.026927554266371907,-0.02799517135499909,-0.029329692715783062,-0.03199873543735102,1
2007-06-13,-0.047080238936167154,1.4542685615175346,11,-0.04737109264847066,-0.04853450749768469,-0.049988776059202225,-0.052897313182237296,1
2007-07-12,0.0639446151472701,1.383890670153401,11,0.06366783701323941,0.06256072447711669,0.061176833806963295,0.058409052466656494,1
2007-08-09,0.029841282762719048,1.3088906938839449,12,0.02957950462394226,0.028532392068835104,0.027223501374951158,0.024605719987183267,1
2007-09-07,-0.056359925706530534,1.2338042587286628,15,-0.05660668655827627,-0.057593729965259195,-0.05882753422398786,-0.06129514274144519,1
2007-10-05,0.0862432171983431,1.280430790906048,11,0.0859871310401619,0.08496278640743705,0.083682355616531,0.08112149403471891,1
2007-11-02,0.05363696839851817,1.1657743841672563,14,0.05340381352168472,0.052471194014350915,0.05130541963018366,0.04897387086184914,1
2007-12-03,0.0028765623598258263,1.2092373025372625,10,0.002634714899318374,0.0016673250572885638,0.0004580877547513012,-0.001960386850323224,1
2008-01-02,-0.0063039783845820095,1.1192571840328829,6,-0.006527829821388586,-0.007423235568614892,-0.008542492752647776,-0.010781007120713542,1
2008-01-31,0.07208851833337901,1.258672655966858,7,0.07183678380218564,0.07082984567741216,0.06957117302144529,0.06705382770951157,1
2008-02-29,0.022804124352063363,1.2386440703918162,5,0.022556395537985,0.021565480281671545,0.02032683621127973,0.0178495480704961,1
2008-03-31,-0.04688664075670227,1.1538309129461264,4,-0.04711740693929149,-0.048040471669648394,-0.049194302582594523,-0.051501964408486776,1
2008-04-28,0.019588057607732433,1.2049787268499523,4,0.019347061862362444,0.018383078880882482,0.017178100154032528,0.014768142700332623,1
2008-05-27,0.029441857168890785,1.3380456335920285,7,0.02917424804217238,0.028103811535298756,0.026765765901706727,0.02408967463452267,1
2008-06-24,-0.009188817330025202,1.259916666578465,4,-0.009440800663340895,-0.010448733996603666,-0.011708650663182132,-0.014228483996339062,1
2008-07-23,0.06219019712924963,1.12589920265748,8,0.06196501728871813,0.06106429792659215,0.059938398723934666,0.057686600318619705,1
2008-08-20,-0.06379394802693918,1.1532202473742208,6,-0.06402459207641402,-0.06494716827431339,-0.06610038852168762,-0.06840682901643606,1
2008-09-18,0.16218339430597573,1.2413336143449536,5,0.16193512758310674,0.16094206069163078,0.15970072707728583,0.1572180598485959,1
2008-10-16,0.11765404188968814,1.1061724615585127,6,0.11743280739737644,0.11654786942812963,0.11544169696657111,0.11322935204345409,1
2008-11-13,-0.03229472108573876,1.1303592934026818,6,-0.0325207929444193,-0.03342508037914144,-0.034555439672544125,-0.03681615825934949,1
2008-12-12,-0.04153462161189902,1.081650404230805,7,-0.04175095169274518,-0.04261627201612982,-0.04369792242036063,-0.04586122322882224,1
2009-01-13,0.050860775619166104,1.0012913926434004,3,0.05066051734063742,0.049859484226522706,0.0488581928338793,0.046855610048592504,1
2009-02-11,0.025390832404909316,1.0368878343280328,1,0.02518345483804371,0.024353944570581283,0.023317056736253252,0.021243281067597184,1
2009-03-12,-0.2239218324799444,1.1228140357495218,1,-0.22414639528709432,-0.22504464651569392,-0.22616746055144346,-0.2284130886229425,1
2009-04-09,-0.3113164489692895,1.4631435337987677,1,-0.3116090776760493,-0.3127795925030883,-0.314242736036887,-0.3171690231044846,1
2009-05-08,0.08667418603862563,1.7016135363794274,0,0.08633386333134975,0.0849725725022462,0.08327095896586678,0.07986773189310792,1
2009-06-08,0.1459944192876851,1.0229813248880555,1,0.1457898230227075,0.14497143796279705,0.143948456637909,0.1419024939881329,1
2009-07-07,-0.2121889748846055,1.1455136482005706,4,-0.2124180776142456,-0.21333448853280607,-0.21448000218100666,-0.21677102947740778,1
2009-08-04,0.002616208116980239,1.7567797753478067,1,0.0022648521619106775,0.0008594283416324322,-0.0008973514337153746,-0.004410910984410988,1
2009-09-01,-0.09549316904310236,1.2631995694837055,4,-0.09574580895699909,-0.09675636861258606,-0.09801956818206976,-0.10054596732103718,1
2009-09-30,0.12160875166052455,1.3370459528832992,5,0.12134134246994789,0.12027170570764126,0.11893465975475795,0.11626056784899136,1
2009-10-28,-0.024814137584633137,1.0852240112085956,5,-0.025031182386874858,-0.025899361595841733,-0.02698458560705033,-0.02915503362946752,1
2009-11-25,-0.04981687919827666,1.293371421853204,4,-0.0500755534826473,-0.05111025062012987,-0.05240362204198307,-0.05499036488568948,1
2009-12-24,0.02108003870935047,1.3326552580390199,3,0.020813507657742664,0.01974738345131145,0.01841472819327243,0.01574941767719439,1
2010-01-26,0.009081108388498038,1.1818765311330235,6,0.008844733082271433,0.007899231857365015,0.0067173553262319914,0.004353602263965944,1
2010-02-24,-0.06311525282389825,1.222988139244152,7,-0.06335985045174708,-0.0643382409631424,-0.06556122910238656,-0.06800720538087486,1
2010-03-24,-0.045377167400577206,1.4520373744025308,5,-0.045667574875457716,-0.04682920477497974,-0.048281242149382265,-0.05118531689818733,1
2010-04-22,0.11179601288965957,1.313211914698411,4,0.11153337050671988,0.11048280097496116,0.10916958906026275,0.10654316523086592,1
2010-05-20,-0.009158804992990861,1.0957858382581465,5,-0.00937796216064249,-0.010254590831249008,-0.011350376669507153,-0.013541948346023448,1
2010-06-18,0.07004919815823973,1.132636749750639,4,0.0698226708082896,0.06891656140848909,0.06778392465873846,0.06551865115923718,1
2010-07-19,-0.012184512510396674,1.0412222428534188,8,-0.012392756958967358,-0.013225734753250094,-0.014266956996103513,-0.016349401481810348,1
2010-08-16,-0.032437081618506364,1.1280240356469895,2,-0.03266268642563576,-0.033565105654153354,-0.034693129689800345,-0.03694917776109432,1
2010-09-14,-0.0635745824431785,1.063334218654453,6,-0.06378724928690939,-0.06463791666183295,-0.06570125088048741,-0.0678279193177963,1
2010-10-12,-0.011056776714796565,1.2273392923704352,5,-0.011302244573270653,-0.012284116007167,-0.013511455299537435,-0.015966133884278304,1
2010-11-09,-0.05253214879570253,1.1744133044200182,8,-0.05276703145658654,-0.05370656210012255,-0.05488097540454257,-0.057229802013382604,1
2010-12-08,-0.03496830577835606,1.3540512959596902,3,-0.03523911603754799,-0.03632235707431575,-0.03767640837027544,-0.04038451096219482,1
2011-01-06,0.024871790103557247,1.277853049778548,4,0.024616219493601536,0.0235939370537787,0.02231608400400015,0.019760377904443054,1
2011-02-04,0.01902214260018994,1.2374918834812487,9,0.018774644223493692,0.01778465071670869,0.016547158833227445,0.014072175066264948,1
2011-03-07,0.008921210642973179,1.2073334787190717,6,0.008679743947229365,0.007713877164254107,0.006506543685535035,0.004091876728096892,1
2011-04-04,0.05493603308601026,1.2038449620542295,7,0.05469526409359941,0.053732188123956026,0.052528343161901796,0.05012065323779334,1
2011-05-03,0.014667857382630966,1.3078701419082623,5,0.014406283354249315,0.013359987240722704,0.012052117098814442,0.009436376814997916,1
2011-06-01,0.012483731059833412,1.2941897970348455,8,0.012224893100426444,0.011189541262798567,0.009895351465763721,0.00730697187169403,1
2011-06-29,0.0022178461794320264,1.1535481953245958,10,0.0019871365403671074,0.0010642979841074306,-8.92502112171652e-05,-0.002396346601866357,1
2011-07-28,0.1558643994686991,1.117026278829835,3,0.15564099421293312,0.15474737318986925,0.1536303469110394,0.15139629435337976,1
2011-08-25,0.07208549761452289,1.1179933392773151,7,0.07186189894666743,0.07096750427524558,0.06984951093596826,0.06761352425741363,1
2011-09-23,-0.048165052358994376,1.0387025808663397,6,-0.048372792875167644,-0.04920375493986071,-0.050242457520727056,-0.052319862682459736,1
2011-10-21,-0.016394172670876016,0.9972946447455052,4,-0.016593631599825118,-0.017391467315621523,-0.018388761960367025,-0.020383351249858038,1
2011-11-18,0.07228758316636397,0.9381652217687857,7,0.0720999501220102,0.07134941794459518,0.07041125272282639,0.06853492227928883,1
2011-12-19,-0.12557584192213297,0.9995445037125191,4,-0.12577575082287548,-0.12657538642584548,-0.12757493092955802,-0.12957401993698306,1
2012-01-19,-0.06098665981088468,1.2643810598606522,7,-0.06123953602285681,-0.06225104087074533,-0.06351542193060598,-0.06604418405032729,1
2012-02-16,0.02647153875518405,1.197883704899469,7,0.026231962014204156,0.02527365505028458,0.024075771345385112,0.021680003935586174,1
2012-03-16,0.07462628079524547,1.2106792221779954,4,0.07438414495080987,0.07341560157306748,0.07220492235088947,0.0697835639065335,1
2012-04-16,0.0670171654090628,1.0754109235303917,5,0.06680208322435673,0.06594175448553241,0.06486634356200202,0.06271552171494124,1
2012-05-14,0.04878950825860364,1.114421989733739,4,0.048566623860656896,0.047675086268869904,0.04656066427913616,0.04433182029966869,1
2012-06-12,-0.01262843009506577,1.1954460163773775,7,-0.012867519298341247,-0.013823876111443149,-0.015019322127820527,-0.017410214160575282,1
2012-07-11,-0.042903544947816445,0.9601475588112744,5,-0.0430955744595787,-0.04386369250662772,-0.04482384006543899,-0.046744135183061544,1
2012-08-08,-0.05240386319066178,1.2010477191203692,3,-0.052644072734485854,-0.05360491090978215,-0.054805958628902515,-0.05720805406714326,1
2012-09-06,0.018313097272496127,1.3741067621552274,5,0.018038275920065083,0.0169389905103409,0.015564883748185671,0.012816670223875216,1
2012-10-04,0.030494604296969978,1.2117210368044118,5,0.030252260089609094,0.029282883260165565,0.028071162223361153,0.02564772014975233,1
2012-11-05,-0.004552324369724222,1.2345949371595863,4,-0.004799243357156139,-0.005786919306883808,-0.007021514244043394,-0.009490704118362567,1
2012-12-04,-0.03950441640865229,1.3770501206119103,9,-0.039779826432774675,-0.0408814665292642,-0.042258516649876114,-0.045012616891099935,1
2013-01-03,0.01529726873932727,1.3865121454427214,4,0.015019966310238726,0.013910756593884549,0.012524244448441827,0.009751220157556386,1
2013-02-01,0.012771782136098147,1.4087808777166495,7,0.012490025960554818,0.011363001258381498,0.009954220380664848,0.007136658625231549,1
2013-03-04,0.024339052648639878,1.335130354798975,2,0.024072026577680084,0.023003922293840903,0.021668791939041927,0.018998531229443977,1
2013-04-02,-0.020366992969790804,1.2341068151676202,5,-0.020613814332824328,-0.021601099784958423,-0.022835206600126043,-0.025303420230461286,1
2013-04-30,-0.04737749834287031,1.3324770518289766,1,-0.04764399375323611,-0.04870997539469929,-0.05004245244652827,-0.05270740655018622,1
2013-05-29,0.009807338679770518,1.4699126514503351,6,0.009513356149480451,0.008337426028320183,0.006867513376869848,0.0039276880739691775,1
2013-06-26,-0.038736222725832714,1.3209342470166,6,-0.03900040957523603,-0.04005715697284931,-0.041378091219865916,-0.04401995971389911,1
2013-07-25,-0.011203319485630277,1.452761126551966,6,-0.01149387171094067,-0.012656080612182243,-0.01410884173873421,-0.01701436399183814,1
2013-08-22,-0.03368585846012314,1.3284823521800915,3,-0.03395155493055916,-0.03501434081230323,-0.036342823164483326,-0.038999787868843505,1
2013-09-20,0.007793881520179466,1.3420989311640152,11,0.007525461733946663,0.006451782589015451,0.005109683657851435,0.0024254857955234048,1
2013-10-18,0.03408284688044596,1.2910761558260837,9,0.03382463164928074,0.032791770724619876,0.03150069456879379,0.028918542257141626,1
2013-11-15,-0.008037914407080082,1.4062254194436044,6,-0.008319159490968803,-0.009444139826523685,-0.01085036524596729,-0.0136628160848545,1
2013-12-16,-0.06120362541002398,1.3291408924183632,6,-0.06146945358850765,-0.06253276630244234,-0.0638619071948607,-0.06652018897969743,1
2014-01-15,-0.006331130123434505,1.3702104649940492,7,-0.006605172216433314,-0.007701340588428554,-0.009071551053422604,-0.011811971983410701,1
2014-02-13,0.0051388982034985455,1.3190880823481645,3,0.004875080587028913,0.0038198101211503813,0.0025007220388022166,-0.00013745412589411237,1
2014-03-14,0.11141774780447833,1.3963246748454199,2,0.11113848286950924,0.11002142312963291,0.10862509845478749,0.10583244910509665,1
2014-04-11,0.04722136938862634,1.0912230728199845,5,0.04700312477406234,0.04613014631580636,0.04503892324298637,0.0428564770973464,1
2014-05-12,-0.05114501638315392,1.143220049672122,4,-0.05137366039308834,-0.05228823643282604,-0.05343145648249816,-0.05571789658184241,1
2014-06-10,-9.114022589912316e-05,1.3435526657420385,4,-0.0003598507590475309,-0.0014346928916411617,-0.0027782455573832003,-0.005465350888867277,1
2014-07-09,0.007416985341847648,1.1673536714472201,4,0.0071835146075582045,0.006249631670400428,0.005082277998953208,0.0027475706560587676,1
2014-08-06,-0.018205599186798257,1.2868628179075179,3,-0.01846297175037976,-0.019492462004705776,-0.020779324822613292,-0.02335305045842833,1
2014-09-04,0.03271099165846454,1.4515415394572486,3,0.03242068335057309,0.03125945011900729,0.029807908579550044,0.026904825500635547,1
2014-10-02,0.03896000927013384,1.1897591429360774,4,0.03872205744154663,0.037770250127197764,0.036580490984261686,0.03420097269838953,1
2014-10-30,0.06518143637958236,1.2560961240656314,3,0.06493021715476924,0.06392534025551673,0.0626692441314511,0.06015705188331984,1
2014-11-28,-0.0007213591908846513,1.2297990469264766,7,-0.0009673190002699466,-0.0019511582378111277,-0.0031809572847376045,-0.0056405553785905576,1
2014-12-29,0.059740908015505904,1.292394902582257,4,0.05948242903498945,0.05844851311292365,0.05715611821034139,0.054571328405176873,1
2015-01-28,-0.08046403456808286,1.122610063626039,7,-0.08068855658080808,-0.08158664463170891,-0.08270925469533494,-0.08495447482258701,1
2015-02-26,0.020824280829590595,1.4286023825749197,8,0.02053856035307561,0.019395678447015674,0.017967076064440757,0.015109871299290915,1
2015-03-26,-0.05227863957779914,1.326455086428651,1,-0.052543930595084866,-0.05360509466422779,-0.054931549750656436,-0.05758445992351374,1
2015-04-24,0.037625327930976206,1.313596670650715,8,0.037362608596846064,0.03631173126032549,0.034998134589674774,0.03237094124837334,1
2015-05-22,-0.019622495651866932,1.2948579652260257,6,-0.01988146724491214,-0.02091735361709296,-0.022212211582318984,-0.024801927512771035,1
2015-06-22,0.03431233354010523,1.4007657268840006,8,0.03403218039472843,0.03291156781322123,0.03151080208633723,0.028709270632569228,1
2015-07-21,0.11747588062835085,1.2525209112768356,7,0.11722537644609549,0.11622335971707401,0.11497083880579717,0.11246579698324351,1
2015-08-18,-0.027010554929790632,1.3282181527727768,5,-0.02727619856034519,-0.02833877308256341,-0.029666991235336185,-0.03232342754088174,1
2015-09-16,0.09626041711855675,1.4061712287727832,7,0.09597918287280219,0.09485424588978397,0.09344807466101118,0.09063573220346562,1
2015-10-14,-0.022285588496712482,1.1714904479316577,5,-0.022519886586298814,-0.02345707894464414,-0.024628569392575798,-0.026971550288439113,1
2015-11-11,0.01217484748144011,1.3366022191586033,7,0.01190752703760839,0.010838245262281507,0.009501643043122905,0.006828438604805698,1
2015-12-10,0.12246256232175085,1.3580448354809778,3,0.12219095335465464,0.12110451748626987,0.11974647265078889,0.11703038297982693,1
2016-01-11,0.09802481830985753,1.078400112081891,10,0.09780913828744114,0.09694641819777564,0.09586801808569374,0.09371121786152997,1
2016-02-09,-0.1657239881911404,1.0812292386084008,5,-0.16594023403886207,-0.1668052174297488,-0.1678864466683572,-0.170048905145574,1
2016-03-09,-0.010875023014275545,1.4176593665983905,6,-0.011158554887595224,-0.012292682380873936,-0.013710341747472326,-0.016545660480669105,1
2016-04-07,0.012660406873367861,1.1362685237875794,5,0.012433153168610345,0.011524138349580281,0.010387869825792703,0.008115332778217544,1
2016-05-05,-0.058252909645505946,1.227355013400013,4,-0.05849838064818595,-0.05948026465890596,-0.06070761967230597,-0.063162329699106,1
2016-06-03,0.013784915254596408,1.3914460341012935,6,0.01350662604777615,0.012393469220495114,0.01100202318639382,0.008219131118191234,1
2016-07-01,-0.047009578366464765,1.297390211592637,7,-0.04726905640878329,-0.0483069685780574,-0.04960435878965004,-0.05219913921283531,1
2016-08-01,-0.07073692721799388,1.3066718926017893,8,-0.07099826159651423,-0.07204359911059567,-0.07335027100319745,-0.07596361478840104,1
2016-08-29,-0.02572899286906416,1.4522420316899063,15,-0.026019441275402143,-0.027181234900754067,-0.028633476932443974,-0.03153796099582379,1
2016-09-27,0.03503194574047601,1.4308025351095286,7,0.034745785233454105,0.03360114320536648,0.03217034067025695,0.029308735600037893,1
2016-10-25,-0.05693246014374933,1.1519867897789287,6,-0.05716285750170511,-0.05808444693352826,-0.05923643372330718,-0.061540407302865044,1
2016-11-22,0.021482598254053922,1.3821010923223855,10,0.021206178035589444,0.020100497161731536,0.01871839606940915,0.01595419388476438,1
2016-12-21,0.020213473106607323,1.2572562637046885,5,0.019962021853866384,0.018956216842902635,0.017698960579197946,0.01518444805178857,1
2017-01-23,-0.02772528715205419,1.163084926411633,8,-0.027957904137336516,-0.028888372078465823,-0.030051457004877456,-0.03237762685770072,1
2017-02-21,0.06303660017959935,1.3447778209243113,6,0.06276764461541448,0.061691822358675034,0.06034704453775072,0.0576574888959021,1
2017-03-21,0.004444073359679529,1.3496413025954164,11,0.004174145099160446,0.003094432057084113,0.0017447907544886963,-0.0009544918507021364,1
2017-04-19,0.033533096860311966,1.1520912614121577,5,0.03330267860802953,0.03238100559889981,0.031228914337487652,0.028924731814663335,1
2017-05-17,0.010829503020379203,1.1638692673258941,6,0.010596729166914023,0.009665633753053309,0.008501764485727415,0.006174025951075626,1
2017-06-15,-0.058757741129976906,1.1761996097421719,4,-0.05899298105192534,-0.059933940739719076,-0.06111014034946125,-0.0634625395689456,1
2017-07-14,0.04835066280840796,1.089729886053329,9,0.0481327168311973,0.04726093292235463,0.0461712030363013,0.043991743264194645,1
2017-08-11,-0.014824160420176884,1.2026414234965423,3,-0.015064688704876192,-0.016026801843673427,-0.01722944326716997,-0.019634726114163052,1
2017-09-11,-0.06284305648594372,1.2160279084015486,12,-0.06308626206762404,-0.06405908439434527,-0.06527511230274682,-0.06770716811954992,1
2017-10-09,0.029952362660806132,1.3779188369653186,3,0.029676778893413067,0.028574443823840813,0.027196524986875494,0.024440687312944857,1
2017-11-06,0.007942241399018531,1.3440692776570249,5,0.007673427543487126,0.006598172121361506,0.005254102843704481,0.002565964288390431,1
2017-12-05,-0.08168682696605642,1.36265490391619,5,-0.08195935794683966,-0.08304948186997262,-0.0844121367738888,-0.08713744658172118,1
2018-01-04,0.04331198656073919,1.3958773540850824,7,0.04303281108992217,0.041916109206654104,0.040520231852569026,0.03772847714439886,1
2018-02-02,-0.05461157110688184,1.2613775526479962,8,-0.05486384661741144,-0.05587294865952984,-0.05713432621217784,-0.059657081317473826,1
2018-03-05,0.06185304769727004,1.5253903177222572,7,0.06154796963372559,0.06032765737954778,0.05880226706182553,0.05575148642638101,1
2018-04-03,-0.021186285750152644,1.2757065102249705,5,-0.021441427052197638,-0.022461992260377615,-0.023737698770602583,-0.026289111791052526,1
2018-05-01,-0.07994228572735564,1.2340801281465033,5,-0.08018910175298494,-0.08117636585550214,-0.08241044598364865,-0.08487860623994165,1
2018-05-30,-0.01848353497151071,1.6553106655127008,8,-0.01881459710461325,-0.020138845637023412,-0.021794156302536113,-0.025104777633561514,1
2018-06-27,0.0353188008196129,1.4946552134212316,4,0.035019869776928655,0.03382414560619167,0.03232949039277044,0.029340179965927977,1
2018-07-26,0.02747031834631229,1.303684377810998,4,0.027209581470750088,0.02616663396850129,0.02486294959069029,0.022255580835068296,1
2018-08-23,0.01302025789733337,1.5042624374143903,2,0.012719405409850492,0.011515995459918979,0.010011733022504589,0.0070032081476758086,1
2018-09-21,0.0780722038579289,1.3617200932082405,9,0.07779985983928725,0.07671048376472066,0.07534876367151241,0.07262532348509594,1
2018-10-19,0.06987143010844711,1.230305514164305,8,0.06962536900561425,0.0686411245942828,0.0674108190801185,0.06495020805178989,1
2018-11-16,0.06363176482832673,1.1813297770670885,7,0.06339549887291332,0.06245043505125965,0.061269105274192555,0.05890644572005838,1
2018-12-18,-0.07294800196173246,1.1676951394084272,8,-0.07318154098961414,-0.07411569710114088,-0.07528339224054931,-0.07761878251936616,1
2019-01-17,-0.038868398822754203,1.2142403316035233,10,-0.039111246889074906,-0.040082639154357724,-0.04129687948596125,-0.043725360149168294,1
2019-02-15,0.003933579259378426,1.3904490926525506,6,0.003655489440847916,0.0025431301667258755,0.0011526810740733252,-0.001628217111231776,1
2019-03-18,0.03883244451684605,1.4658418335533887,4,0.038539276150135374,0.037366602683292664,0.035900760849739276,0.0329690771826325,1
2019-04-15,0.04946389375865554,1.165992638951797,3,0.049230695230865186,0.048297901119703744,0.04713190848075195,0.044799923202848355,1
2019-05-14,0.09925064362976126,1.0939796482744175,3,0.09903184770010637,0.09815666398148684,0.09706268433321243,0.09487472503666358,1
2019-06-12,-0.04150289909810108,1.197638708608579,5,-0.041742426839822794,-0.042700537806709654,-0.04389817651531824,-0.046293453932535394,1
2019-07-11,0.07554231341717249,1.3130814823614665,5,0.07527969712070019,0.07422923193481103,0.07291615045244956,0.07028998748772662,1
2019-08-08,0.017519523262649543,1.2980976832082818,3,0.017259903726007886,0.01622142557944126,0.01492332789623298,0.012327132529816416,1
2019-09-06,0.03459492392975639,1.2846451017555964,7,0.03433799490940527,0.03331027882800079,0.032025633726245194,0.029456343522734005,1
2019-10-04,-0.04383643400663371,1.1715826438469301,8,-0.044070750535403096,-0.04500801665048064,-0.04617959929432757,-0.04852276458202143,1
2019-11-01,-0.02667025313935023,1.266977699315676,4,-0.026923648679213368,-0.027937230838665908,-0.029204208537981582,-0.03173816393661293,1
2019-12-02,-0.06303710326674998,1.5174102976146462,7,-0.06334058532627292,-0.06455451356436463,-0.06607192386197927,-0.06910674445720856,1
2019-12-31,0.07318653586786728,1.478620874005946,5,0.07289081169306609,0.07170791499386132,0.07022929411985539,0.06727205237184349,1
2020-01-30,-0.05310588630804524,1.16835034706357,3,-0.05333955637745796,-0.05427423665510881,-0.05544258700217238,-0.057779287696299524,1
2020-02-28,0.17285897537293646,1.3023652483182424,4,0.1725985023232728,0.1715566101246182,0.17025424487629998,0.1676495143796635,1
2020-03-27,-0.060027959193516604,1.3508502387349115,4,-0.060298129241263584,-0.06137880943225152,-0.06272965967098643,-0.06543136014845626,1
2020-04-27,-0.16909581260252865,1.2397693925789581,0,-0.16934376648104443,-0.17033558199510762,-0.17157535138768656,-0.17405489017284448,1
2020-05-26,-0.08292034228405999,1.430272885092386,4,-0.08320639686107847,-0.08435061516915238,-0.08578088805424476,-0.08864143382442953,1
2020-06-23,0.019677319775920316,1.18709727806285,3,0.019439900320307745,0.018490222497857468,0.017303125219794616,0.014928930663668917,1
2020-07-22,-0.015209320772739416,1.1229606589708316,2,-0.015433912904533583,-0.016332281431710248,-0.01745524209068108,-0.01970116340862274,1
2020-08-19,0.009795013745794022,1.263475563766432,4,0.009542318633040735,0.00853153818202759,0.007268062618261158,0.004741111490728293,1
2020-09-17,-0.01851914238866708,1.2305947259711705,6,-0.018765261333861315,-0.01974973711463825,-0.02098033184060942,-0.02344152129255176,1
2020-10-15,0.01831182625793613,1.2788778844677386,2,0.018056050681042584,0.01703294837346839,0.015754070489000654,0.013196314720065175,1
2020-11-12,-0.1720176916965547,1.3078396679129176,4,-0.1722792596301373,-0.17332553136446763,-0.17463337103238052,-0.17724905036820637,1
2020-12-11,-0.16859168398047392,1.6113003336828524,6,-0.1689139440472105,-0.17020298431415676,-0.17181428464783963,-0.17503688531520534,1
2021-01-12,-0.3083857562209586,1.4984950296023953,3,-0.30868545522687907,-0.309884251250561,-0.3113827462801634,-0.31437973633936817,1
2021-02-10,0.10246717669512305,1.9176491217224718,4,0.10208364687077856,0.10054952757340058,0.0986318784516781,0.09479658020823316,1
2021-03-11,0.13112312792338673,1.1094904709645803,4,0.1309012298291938,0.13001363745242214,0.12890414698145758,0.12668516603952842,1
2021-04-09,0.12773076285000576,0.9878532718149117,10,0.12753319219564277,0.12674290957819084,0.12575505630637593,0.12377934976274611,1
2021-05-07,-0.15703075501768285,1.1308275481735732,7,-0.15725692052731757,-0.1581615825658564,-0.15929241011403,-0.16155406521037713,1
2021-06-07,0.01856439809868413,1.4459000038964154,4,0.018275218097904847,0.017118498094787715,0.015672598090891297,0.012780798083098469,1
2021-07-06,0.1334939223080842,1.0870279523725546,6,0.1332765167176097,0.13240689435571165,0.1313198664033391,0.129145810498594,1
2021-08-03,-0.0580093960459593,1.1390192861770756,5,-0.05823719990319471,-0.05914841533213637,-0.06028743461831345,-0.0625654731906676,1
2021-08-31,-0.013497845420787316,1.251594419100139,6,-0.013748164304607343,-0.014749439839887454,-0.016001034258987593,-0.018504223097187873,1
2021-09-29,0.02067957988361683,1.1695158342015057,4,0.020445676716776526,0.019510064049415323,0.018340548215213817,0.016001516546810805,1
2021-10-27,0.02153546150629628,1.1748672568377385,7,0.021300488054928735,0.020360594249458543,0.019185726992620805,0.01683599247894533,1
2021-11-24,0.08434994315463931,1.2941308059065388,7,0.084091116993458,0.08305581234873277,0.08176168154282623,0.07917341993101315,1
2021-12-23,0.20880406863361037,1.1989182508142275,2,0.20856428498344753,0.20760515038279614,0.20640623213198192,0.20400839563035345,1
2022-01-24,0.039522111519167014,1.0547906938648601,3,0.039311153380394044,0.03846732082530215,0.03741253013143729,0.035302948743707575,1
2022-02-22,-0.08792625831574963,1.0183491911238252,9,-0.0881299281539744,-0.08894460750687345,-0.08996295669799728,-0.09199965508024494,1
2022-03-22,0.14399196564702138,1.3555067726821028,5,0.14372086429248496,0.1426364588743393,0.14128095210165717,0.13856993855629296,1
2022-04-20,0.15260639162728376,1.1262640875442302,5,0.1523811388097749,0.15148012753973952,0.1503538634521953,0.14810133527710684,1
2022-05-18,0.05567355470305557,1.0269675166218446,5,0.055468161199731206,0.054646587186433726,0.05361961966981188,0.051565684636568195,1
2022-06-16,-0.09239546566982994,1.0224082652582627,8,-0.09259994732288158,-0.0934178739350882,-0.09444028220034646,-0.09648509873086299,1
2022-07-18,-0.18575407114931622,1.2504502671068516,8,-0.18600416120273758,-0.18700452141642307,-0.18825497168352992,-0.19075587221774362,1
2022-08-15,0.06787845346365591,1.5283319815731953,4,0.06757278706734127,0.06635012148208272,0.06482178950050951,0.06176512553736313,1
2022-09-13,0.09492219015604307,1.0912487022844188,7,0.09470394041558619,0.09383094145375866,0.09273969275147423,0.0905571953469054,1
2022-10-11,0.05753413081926992,1.090556223296271,8,0.05731601957461067,0.05644357459597365,0.05535301837267738,0.05317190592608483,1
2022-11-08,0.035654773848196576,1.3121603517098184,9,0.035392341777854615,0.034342613496486755,0.03303045314477694,0.030406132441357304,1
2022-12-07,0.042286363633796405,1.2573174800498519,9,0.042034900137786435,0.04102904615374655,0.0397717286736967,0.037257093713597,1
2023-01-06,-0.20377948276757207,1.1020843097049664,7,-0.20399989962951307,-0.20488156707727703,-0.20598365138698202,-0.20818782000639194,1
2023-02-06,0.08473055190066282,1.507998880027941,9,0.08442895212465723,0.08322255302063489,0.08171455414060694,0.07869855638055107,1
2023-03-07,0.03393186740180333,1.3186014606686836,6,0.033668147109669595,0.032613265941134645,0.031294664480465965,0.028657461559128596,1
2023-04-04,0.05876630395762248,1.377141077728436,4,0.058490875742076794,0.05738916287989405,0.05601202180216561,0.053257739646708734,1
2023-05-03,-0.08540020706663794,1.255616040670529,3,-0.08565133027477204,-0.08665582310730846,-0.087911439147979,-0.09042267122932006,1
2023-06-01,-0.029877842043161604,1.4384747063810037,6,-0.030165536984437805,-0.031316316749542605,-0.03275479145592361,-0.03563174086868562,1
2023-06-30,-0.08270322631101011,1.2808792042971386,3,-0.08295940215186953,-0.08398410551530724,-0.08526498471960439,-0.08782674312819866,1
2023-07-31,0.11422832647075055,1.3908557262732253,5,0.1139501553254959,0.11283747074447734,0.1114466150182041,0.10866490356565765,1
2023-08-28,0.055968569841282165,1.310555464827409,3,0.05570645874831668,0.054658014376454754,0.05334745891162734,0.05072634798197253,1
2023-09-26,0.0649467480561836,1.2491870799728433,5,0.06469691064018902,0.06369756097621075,0.06244837389623791,0.059949999736292225,1
2023-10-24,-0.018327170873812096,1.19191478734542,7,-0.01856555383128118,-0.019519085661157516,-0.020711000448502936,-0.023094830023193777,1
2023-11-21,-0.1606011599516057,1.329989492780118,3,-0.16086715785016173,-0.16193114944438583,-0.16326113893716593,-0.16592111792272618,1
2006-01-06,-0.0406917659270168,0.9999999999999979,7,-0.0408917659270168,-0.0416917659270168,-0.042691765927016796,-0.04469176592701679,2
2006-02-06,0.04345749958851514,1.4730546970488505,7,0.04316288864910537,0.04198444489146629,0.04051139019441744,0.03756528080031974,2
2006-03-07,-0.05243643290143673,1.403278568577319,10,-0.052717088615152195,-0.05383971147001405,-0.055242990038591365,-0.05804954717574601,2
2006-04-04,-0.0032556346803209097,1.3900913744444914,5,-0.003533652955209808,-0.004645726054765402,-0.006035817429209892,-0.008816000178098875,2
2006-05-03,0.07291103649064871,1.3380560488394575,8,0.07264342528088083,0.07157298044180926,0.0702349243929698,0.06755881229529088,2
2006-06-01,0.05235608991700377,1.3000126068142024,6,0.052096087395640936,0.051056077310189574,0.04975606470337537,0.04715603948974696,2
2006-06-29,0.07880346120359907,1.104660235217035,9,0.07858252915655567,0.07769880096838204,0.076594140733165,0.07438482026273094,2
2006-07-28,-0.0010020753156745376,1.153897587367329,4,-0.0012328548331480033,-0.0021559729030418665,-0.0033098704904091954,-0.005617665665143853,2
2006-08-25,-0.039429110142829224,1.3146849801408342,5,-0.03969204713885739,-0.04074379512297006,-0.04205848010311089,-0.04468785006339256,2
2006-09-25,-0.054322778256514756,1.2237758866636004,5,-0.05456753343384747,-0.055546554143178356,-0.056770330029841956,-0.059217881803169156,2
2006-10-23,-0.019690592477007527,1.3184144605221595,12,-0.01995427536911196,-0.021009006937529686,-0.022327421398051845,-0.024964250319096166,2
2006-11-20,0.02112126415038376,1.340048481625978,10,0.020853254454058567,0.019781215668757783,0.018441167187131804,0.01576107022387985,2
2006-12-19,0.03868733904056485,1.2760936807297365,10,0.03843212030441891,0.037411245359835116,0.03613515167910538,0.0335829643176459,2
2007-01-22,-0.024785172486048272,1.2249306064113852,17,-0.02503015860733055,-0.026010103092459658,-0.027235033698871043,-0.029684894911693814,2
2007-02-20,0.02290638581148874,1.4664085393635267,5,0.022613104103616034,0.02143997727212521,0.019973568732761685,0.017040751654034632,2
2007-03-20,-0.02509822605449796,1.3832432164575537,9,-0.02537487469778947,-0.026481469270955512,-0.027864712487413068,-0.030631198920328173,2
2007-04-18,0.0307496757814414,1.332759540198691,11,0.03048312387340166,0.029416916241242708,0.028084156701044017,0.025418637620646636,2
2007-05-16,-0.03219294073705189,1.364918567729727,14,-0.03246592445059783,-0.03355785930478161,-0.03492277787251134,-0.0376526150079708,2
2007-06-14,-0.043361017708238574,1.4580041708255773,9,-0.04365261854240369,-0.04481902187906415,-0.04627702604988973,-0.04919303439154088,2
2007-07-13,0.06112257023339504,1.3742904879361473,9,0.06084771213580781,0.05974827974545889,0.05837398925752275,0.055625408281650454,2
2007-08-10,0.03083334968272999,1.3085787586324988,13,0.03057163393100349,0.029524770924097492,0.028216192165464993,0.025599034648199993,2
2007-09-10,-0.06138735787235598,1.1865312642568413,15,-0.061624664125207354,-0.06257388913661283,-0.06376042040086967,-0.06613348292938334,2
2007-10-08,0.09095173375448297,1.280690907096452,12,0.09069559557306368,0.08967104284738651,0.08839035194029006,0.08582897012609716,2
2007-11-05,0.06060352168883777,1.2056003944216809,16,0.06036240160995344,0.05939792129441609,0.05819232089999441,0.05578112011115105,2
2007-12-04,-0.002189023526888422,1.2257004035498147,8,-0.002434163607598385,-0.0034147239304382366,-0.004640424333988051,-0.007091825141087681,2
2008-01-03,-0.038370739784164824,1.1222105136911433,6,-0.03859518188690305,-0.03949295029785597,-0.04061516081154711,-0.0428595818389294,2
2008-02-01,0.11464081326054576,1.2573119102618966,7,0.11438935087849338,0.11338350135028387,0.11212618944002196,0.10961156561949817,2
2008-03-03,0.00029553932114802163,1.262713425970334,5,4.2996635953954814e-05,-0.0009671741048223124,-0.0022298875307926467,-0.004755314382733315,2
2008-04-01,-0.010070856020504847,1.2159834569227979,4,-0.010314052711889407,-0.011286839477427646,-0.012502822934350443,-0.014934789848196038,2
2008-04-29,0.003645592161680454,1.180617459240423,4,0.0034094686698323694,0.002464974702440031,0.0012843572431996079,-0.0010768776752812384,2
2008-05-28,0.03425540281078954,1.3729641031644004,5,0.03398080999015666,0.03288243870762514,0.031509474604460734,0.028763546398131935,2
2008-06-25,0.03667975823254124,1.2401436357739895,4,0.036431729505386444,0.035439614596767255,0.03419947096099327,0.031719183689445284,2
2008-07-24,-0.007605724578260353,1.0471092937553195,9,-0.007815146437011417,-0.008652833872015672,-0.009699943165770991,-0.01179416175328163,2
2008-08-21,-0.11393615380427535,1.235686434640725,7,-0.1141832910912035,-0.11517184023891608,-0.1164075266735568,-0.11887889954283826,2
2008-09-19,0.18369598737216236,1.3227507940498715,5,0.1834314372133524,0.1823732365781125,0.18105048578406263,0.17840498419596287,2
2008-10-17,0.17578437239090763,1.0777461110028725,8,0.17556882316870706,0.17470662627990477,0.17362888016890188,0.17147338794689615,2
2008-11-14,-0.04541414568020968,1.1059660110728493,5,-0.045635338882424256,-0.046520111691282534,-0.047626077702355385,-0.04983800972450108,2
2008-12-15,-0.016432001516077828,1.0894320348050053,7,-0.016649887923038828,-0.017521433550882832,-0.01861086558568784,-0.02078972965529785,2
2009-01-14,0.002066309866812256,0.981906574669697,4,0.0018699285518783168,0.0010844032921425591,0.00010249671747286204,-0.0018613164318665321,2
2009-02-12,0.02367381460968753,1.102240511057268,1,0.02345336650747608,0.022571574098630264,0.021469333587572994,0.01926485256545846,2
2009-03-13,-0.30064976017533457,1.0858348219185419,1,-0.3008669271397183,-0.3017355949972531,-0.30282142981917165,-0.30499309946300873,2
2009-04-13,-0.23177764452951824,1.644263724055539,1,-0.23210649727432936,-0.23342190825357378,-0.23506617197762933,-0.2383546994257404,2
2009-05-11,0.03273664825013721,1.445500600137233,0,0.03244754813010976,0.031291147649999976,0.029845647049862742,0.026954645849588278,2
2009-06-09,0.1755533600838799,1.0825555135313545,1,0.17533684898117363,0.17447080457034855,0.17338824905681718,0.17122313802975447,2
2009-07-08,-0.26747188395835336,1.0983148360589081,4,-0.2676915469255651,-0.2685701987944123,-0.2696685136304712,-0.271865143302589,2
2009-08-05,0.016945935590964616,1.8732723613217332,2,0.01657128111870027,0.015072663229642883,0.01319939086832115,0.009452846145677683,2
2009-09-02,-0.05048025709632623,1.2141543585954226,3,-0.05072308796804532,-0.05169441145492165,-0.05290856581351708,-0.05533687453070792,2
2009-10-01,0.05407894494105743,1.2563544739673786,6,0.05382767404626396,0.05282259046709005,0.05156623599312267,0.049053527045187915,2
2009-10-29,0.037301656610763796,1.0705557270888748,4,0.03708754546534602,0.03623110088367492,0.035160545156586044,0.0330194337024083,2
2009-11-27,-0.06464246983930023,1.213928599743413,4,-0.06488525555924891,-0.06585639843904365,-0.06707032703878706,-0.06949818423827389,2
2009-12-28,0.007669138121949869,1.3824329940292663,3,0.007392651523144016,0.006286705127920603,0.004904272133891337,0.002139406145832804,2
2010-01-27,-0.0009956682702117986,1.190433626429052,4,-0.001233754995497609,-0.0021861018966408507,-0.003376535523069903,-0.005757402775928008,2
2010-02-25,-0.05461601946063624,1.1953276140228972,7,-0.05485508498344082,-0.05581134707465914,-0.057006674688682035,-0.05939732991672783,2
2010-03-25,-0.06651719562173229,1.4337502845700185,5,-0.0668039456786463,-0.06795094590630231,-0.06938469619087233,-0.07225219676001236,2
2010-04-23,0.09437296026323952,1.3883449816834155,5,0.09409529126690283,0.0929846152815561,0.09159627029987269,0.08881958033650586,2
2010-05-21,0.020234776604844427,1.1420550141051535,4,0.020006365602023398,0.019092721590739273,0.01795066657663412,0.01566655654842381,2
2010-06-21,0.037758544376147514,1.1095674850877553,5,0.037536630879129965,0.03664897689105976,0.035539409405972,0.03332027443579649,2
2010-07-20,0.003185958572134726,1.0913805423303264,8,0.0029676824636686605,0.002094578029804399,0.0010031974874740728,-0.0011795635971865804,2
2010-08-17,-0.022166962404926514,1.1467375095907175,2,-0.022396309906844658,-0.023313699914517233,-0.024460437424107948,-0.026753912443289386,2
2010-09-15,-0.07323011257806399,1.066785577923079,7,-0.07344346969364861,-0.07429689815598707,-0.07536368373391014,-0.0774972548897563,2
2010-10-13,-0.007551831425783333,1.2444807056887621,5,-0.007800727566921086,-0.008796312131472096,-0.010040792837160858,-0.012529754248538381,2
2010-11-10,-0.04697854835116559,1.1787204744317703,8,-0.04721429244605194,-0.048157268825597364,-0.04933598930002913,-0.051693430248892676,2
2010-12-09,-0.031079372647925128,1.3455483531039565,3,-0.031348482318545916,-0.03242492100102908,-0.03377046935413304,-0.036461566060340955,2
2011-01-07,0.012153775805292045,1.227154815021038,4,0.011908344842287838,0.010926620990271007,0.00969946617524997,0.007245156545207893,2
2011-02-07,0.030989937267240218,1.2672894950970677,10,0.030736479368220805,0.02972264777214315,0.028455358277046084,0.025920779286851946,2
2011-03-08,-0.012004028545258805,1.1765252951608107,5,-0.012239333604290968,-0.013180553840419615,-0.014357079135580427,-0.016710129725902047,2
2011-04-05,0.0689335617748985,1.2462481067242026,8,0.06868431215355365,0.06768731366817429,0.06644106556145009,0.0639485693480017,2
2011-05-04,0.004768791851848775,1.3006846810934696,6,0.004508654915630081,0.0034681071707553055,0.002167422489661836,-0.00043394687252510354,2
2011-06-02,0.00742469801386974,1.3028497158579546,8,0.007164128070698149,0.0061218482980117854,0.00481899858215383,0.002213299150437921,2
2011-06-30,0.011201657620942182,1.1804956148125778,7,0.010965558497979666,0.010021162006129604,0.008840666391317026,0.006479675161691871,2
2011-07-29,0.12723378432411228,1.111888432292599,4,0.12701140663765376,0.12612189589181969,0.1250100074595271,0.12278623059494188,2
2011-08-26,0.08704949384856475,1.1648978160334877,7,0.08681651428535805,0.08588459603253126,0.08471969821649777,0.0823899025844308,2
2011-09-26,-0.07364687370955404,1.0263277167487033,6,-0.07385213925290378,-0.07467320142630275,-0.07569952914305145,-0.07775218457654885,2
2011-10-24,0.040191841794205554,1.0007243092296734,4,0.03999169693235962,0.03919111748497588,0.038190393175746205,0.03618894455728686,2
2011-11-21,0.03887814223249899,0.8762997115872445,8,0.03870288229018154,0.038001842520911745,0.0371255428093245,0.03537294338615001,2
2011-12-20,-0.08518164574060025,0.9984635936102946,3,-0.0853813384593223,-0.08618010933421054,-0.08717857292782084,-0.08917550011504143,2
2012-01-20,-0.062481838468057015,1.1839519538677556,8,-0.06271862885883056,-0.06366579042192477,-0.06484974237579252,-0.06721764628352804,2
2012-02-17,0.01962235540053316,1.2482813538521609,6,0.01937269912976273,0.018374074046681,0.017125792692828837,0.014629229985124517,2
2012-03-19,0.07121045825619197,1.2039380618495572,3,0.07096967064382206,0.07000652019434242,0.06880258213249286,0.06639470600879374,2
2012-04-17,0.08760723884615663,1.0526927843535188,4,0.08739670028928594,0.08655454606180311,0.0855018532774496,0.08339646770874257,2
2012-05-15,0.056545414399202125,1.072145339596478,4,0.05633098533128283,0.055473269059605645,0.054401123720009166,0.052256833040816214,2
2012-06-13,-0.028028308960804424,1.1740093830402096,7,-0.028263110837412467,-0.029202318343844635,-0.030376327726884842,-0.03272434649296526,2
2012-07-12,-0.0475502698015366,0.9962557193840433,5,-0.04774952094541341,-0.04854652552092065,-0.04954278124030469,-0.051535292679072774,2
2012-08-09,-0.059971898189380056,1.2063325800486724,2,-0.06021316470538979,-0.06117823076942873,-0.0623845633494774,-0.06479722850957474,2
2012-09-07,0.035377472963260555,1.3443920291473626,7,0.03510859455743108,0.03403308093411319,0.03268868890496583,0.029999904846671106,2
2012-10-05,0.029826266868445195,1.144569171165655,4,0.029597353034212064,0.02868169769727954,0.027537128526113886,0.025247990183782574,2
2012-11-06,0.006731023458884015,1.2523888495869817,4,0.006480545688966619,0.005478634609297033,0.004226245759710052,0.0017214680605360877,2
2012-12-05,-0.053724453292027845,1.3318748485262524,9,-0.0539908282617331,-0.0550563281405541,-0.05638820298908035,-0.05905195268613286,2
2013-01-04,0.034778067067976974,1.3843805579961883,4,0.034501190956377735,0.033393686509980786,0.0320093059519846,0.02924054483599222,2
2013-02-04,-0.009995291416924096,1.3704667615492014,8,-0.010269384769233936,-0.011365758178473297,-0.012736224940022498,-0.0154771584631209,2
2013-03-05,0.03732000450373918,1.3834649511087624,2,0.037043311513517425,0.03593653955263042,0.034553074601521655,0.03178614469930413,2
2013-04-03,-0.01908789685759751,1.2251101431383236,4,-0.019332918886225174,-0.020313007000735833,-0.021538117143874158,-0.023988337430150806,2
2013-05-01,-0.06829046763170542,1.3562535063280414,1,-0.06856171833297102,-0.06964672113803345,-0.0710029746443615,-0.07371548165701758,2
2013-05-30,0.006635752570921487,1.5526159082691469,5,0.006325229389267658,0.00508313666265234,0.003530520754383193,0.0004252889378448992,2
2013-06-27,-0.03280665364382861,1.290439775026799,6,-0.03306474159883396,-0.034097093418855404,-0.03538753319388221,-0.0379684127439358,2
2013-07-26,-0.008393204406954706,1.4578102992102513,5,-0.008684766466796756,-0.009851014706164956,-0.011308825005375209,-0.01422444560379571,2
2013-08-23,-0.017403340317209783,1.3300093118053733,3,-0.017669342179570856,-0.018733349629015156,-0.02006335894082053,-0.022723377564431275,2
2013-09-23,0.017712298040713528,1.3014718951435371,11,0.01745200366168482,0.01641082614556999,0.015109354250426452,0.012506410460139379,2
2013-10-21,0.045129657055273144,1.3427796984314258,10,0.04486110111558686,0.04378687735684172,0.04244409765841029,0.03975853826154744,2
2013-11-18,-0.028985794893623473,1.3992582928298531,6,-0.029265646552189443,-0.030385053186453327,-0.03178431147928318,-0.03458282806494289,2
2013-12-17,-0.06777560221828481,1.3696710793725992,5,-0.06804953643415933,-0.0691452732976574,-0.07051494437703001,-0.0732542865357752,2
2014-01-16,0.02042234504881333,1.3575254918709725,7,0.020150839950439134,0.019064819556942357,0.017707294065071384,0.014992243081329439,2
2014-02-14,-0.002256669337309087,1.272517370841246,3,-0.002511172811477336,-0.003529186708150333,-0.004801704078991579,-0.0073467388206740715,2
2014-03-17,0.11885335180021711,1.4089218396908314,2,0.11857156743227894,0.11744442996052627,0.11603550812083545,0.11321766444145379,2
2014-04-14,0.036222201392582004,1.1281489023963454,5,0.035996571612102735,0.03509405249018566,0.033965903587789316,0.03170960578299662,2
2014-05-13,-0.06640415382636945,1.1379363695611422,4,-0.06663174110028168,-0.06754209019593059,-0.06868002656549174,-0.07095589930461402,2
2014-06-11,0.018570740074059476,1.3996570925676528,4,0.018290808655545946,0.017171082981491823,0.01577142588892417,0.012972111703788865,2
2014-07-10,-0.0008277368832791927,1.1617398123976044,4,-0.0010600848457587135,-0.001989476695676797,-0.0031512165080744016,-0.0054746961328696105,2
2014-08-07,-0.02132962543548501,1.3141137257305273,3,-0.021592448180631114,-0.022643739161215537,-0.023957852886946067,-0.02658608033840712,2
2014-09-05,0.036154409239643304,1.4967007041435256,4,0.0358550690988146,0.03465770853549978,0.033161007831356254,0.0301676064230692,2
2014-10-03,0.030860234351198702,1.1444782950502064,4,0.03063133869218866,0.029715756056148495,0.028571277761098288,0.026282321170997876,2
2014-10-31,0.11786465647707126,1.277960481105464,3,0.11760906438085016,0.11658669599596579,0.11530873551486033,0.1127528145526494,2
2014-12-01,-0.0076685804174269285,1.1994023538198861,7,-0.007908460888190905,-0.008867982771246815,-0.010067385125066702,-0.012466189832706472,2
2014-12-30,0.047262365968506866,1.2337178490126908,4,0.047015622398704326,0.04602864811949418,0.04479493027048148,0.042327494572456104,2
2015-01-29,-0.06422753003693428,1.119517464938101,7,-0.0644514335299219,-0.06534704750187238,-0.06646656496681048,-0.06870559989668669,2
2015-02-27,0.020233809673894373,1.4323480715404908,8,0.019947340059586274,0.01880146160235388,0.017369113530813392,0.014504417387732409,2
2015-03-27,-0.022906412762115837,1.3531187330092853,2,-0.023177036508717695,-0.024259531495125122,-0.025612650228134408,-0.02831888769415298,2
2015-04-27,0.025156109680669538,1.3252039908394226,8,0.024891068882501654,0.023830905689830116,0.02250570169899069,0.019855293717311845,2
2015-05-26,-0.026040609093067844,1.3446926931638912,7,-0.02630954763170062,-0.027385301786231737,-0.028729994479395626,-0.03141937986572341,2
2015-06-23,0.029076817730231123,1.4235673300173328,7,0.028792104264227656,0.02765325040021379,0.026229683070196456,0.023382548410161793,2
2015-07-22,0.12014759490384733,1.268542427554072,7,0.11989388641833651,0.11887905247629325,0.11761051004873918,0.11507342519363103,2
2015-08-19,-0.05460410241262882,1.2852942945479624,5,-0.054861161271538415,-0.05588939670717678,-0.057174691001724745,-0.05974527959082067,2
2015-09-17,0.08350922816715847,1.399880686345031,6,0.08322925202988947,0.08210934748081344,0.08070946679446842,0.07790970542177834,2
2015-10-15,0.032983485958348505,1.198142347974675,6,0.03274385748875357,0.03178534361037383,0.030587201262399156,0.028190916566449807,2
2015-11-12,0.02857420525213857,1.2123965479529577,6,0.028331725942547976,0.02736180870418561,0.026149412156232652,0.02372461906032674,2
2015-12-11,0.09737507850936523,1.3529360277489164,3,0.09710449130381545,0.09602214248161632,0.09466920645386741,0.09196333439836957,2
2016-01-12,0.1295639434596257,1.1149247438454357,10,0.1293409585108566,0.12844901871578027,0.12733409397193485,0.12510424448424398,2
2016-02-10,-0.1664640606048077,1.0635833938230375,4,-0.1666767772835723,-0.16752764399863074,-0.16859122739245377,-0.17071839418009985,2
2016-03-10,-0.028719147216389827,1.4198624411804721,6,-0.02900311970462592,-0.030139009657570298,-0.03155887209875077,-0.034398596981111716,2
2016-04-08,0.019841728953563,1.1219796944040776,5,0.019617333014682183,0.01871974925915892,0.017597769564754843,0.015353810175946688,2
2016-05-06,-0.08342885928131917,1.2151958823498146,4,-0.08367189845778913,-0.08464405516366899,-0.0858592510460188,-0.08828964281071842,2
2016-06-06,0.06287648471235338,1.397448339648098,6,0.06259699504442376,0.061479036372705284,0.06008158803305719,0.057286691353760986,2
2016-07-05,-0.07327361131793356,1.2597328935156928,8,-0.0735255578966367,-0.07453334421144925,-0.07579307710496494,-0.07831254289199632,2
2016-08-02,-0.08055595765244844,1.3023750788870547,8,-0.08081643266822586,-0.0818583327313355,-0.08316070781022256,-0.08576545796799666,2
2016-08-30,-0.03169315852999919,1.4744501798643326,15,-0.03198804856597206,-0.03316760870986352,-0.03464205888972786,-0.03759095924945652,2
2016-09-28,0.06586484003707252,1.4465235337421398,6,0.06557553533032409,0.06441831650333038,0.06297179296958824,0.060078745902103964,2
2016-10-26,-0.08394383578125551,1.1844280633734383,7,-0.0841807213939302,-0.08512826384462895,-0.08631269190800239,-0.08868154803474927,2
2016-11-23,0.04735389008857406,1.4889104367035504,10,0.04705610800123335,0.04586497965187051,0.04437606921516696,0.041398248341759855,2
2016-12-22,-0.0011747736805102745,1.2499429554665427,5,-0.001424762271603583,-0.002424716635976817,-0.00367465959144336,-0.006174545502376445,2
2017-01-24,-0.012420558178141491,1.1985118843936917,8,-0.012660260555020229,-0.013619070062535182,-0.014817581946928875,-0.017214605715716258,2
2017-02-22,0.05111540099709028,1.3030600457324102,8,0.050854788987943794,0.049812340951357864,0.04850928090562546,0.04590316081416063,2
2017-03-22,0.004936461453088858,1.3234398991076348,9,0.00467177347326733,0.003613021553981223,0.002289581654873588,-0.0003572981433416821,2
2017-04-20,0.027368571805696133,1.1115438566897826,5,0.027146263034358176,0.02625702794900635,0.025145484092316567,0.022922396378937,2
2017-05-18,0.008229645744585092,1.206840248909232,5,0.007988277694803246,0.00702280549567586,0.005815965246766628,0.003402284748948164,2
2017-06-16,-0.04478569391851711,1.1802297536335373,4,-0.04502173986924382,-0.045965923672150646,-0.04714615342578419,-0.04950661293305126,2
2017-07-17,0.052683213316464826,1.1224782467287306,9,0.05245871766711908,0.051560735069736095,0.050438256823007364,0.0481933003295499,2
2017-08-14,-0.02542298147686868,1.1916924066378523,4,-0.02566131995819625,-0.026614673883506534,-0.027806366290144387,-0.03018975110342009,2
2017-09-12,-0.05304169626119179,1.2359368853468575,11,-0.05328888363826116,-0.05427763314653865,-0.055513570031885506,-0.05798544380257922,2
2017-10-10,0.054746266900155424,1.3715437766101186,3,0.0544719581448334,0.053374723123545305,0.052003179346935186,0.04926009179371495,2
2017-11-07,0.004525853969630241,1.2986554093277727,6,0.004266122887764687,0.0032271985603024686,0.0019285431509746959,-0.0006687676676808496,2
2017-12-06,-0.08687880581510792,1.3801726026882042,5,-0.08715484033564555,-0.08825897841779612,-0.08963915102048432,-0.09239949622586073,2
2018-01-05,0.025537487148199534,1.399406023851696,8,0.025257605943429195,0.024138081124347836,0.022738675100496143,0.019939863052792748,2
2018-02-05,-0.05272012738053908,1.2606203690432451,7,-0.052972251454347724,-0.05398074774958232,-0.05524136811862557,-0.057762608856712055,2
2018-03-06,0.04525754446320472,1.5561975915588437,7,0.044946304944892955,0.043701346871645876,0.04214514928008704,0.039032754096969345,2
2018-04-04,-0.018721139161144148,1.3427296970882148,6,-0.01898968510056179,-0.020063868858232362,-0.021406598555320577,-0.02409205794949701,2
2018-05-02,-0.07192295478739648,1.2340887301515284,6,-0.07216977253342678,-0.07315704351754801,-0.07439113224769954,-0.07685930970800259,2
2018-05-31,-0.007979688149525302,1.675052200594478,8,-0.008314698589644199,-0.00965474035011978,-0.011329792550714257,-0.014679896951903214,2
2018-06-28,0.05885465384289022,1.4693762535016273,4,0.058560778592189895,0.05738527758938859,0.05591590133588697,0.05297714882888371,2
2018-07-27,-0.004795055453183304,1.3479333383205263,4,-0.005064642120847409,-0.00614298879150383,-0.007490922129824357,-0.010186788806465409,2
2018-08-24,0.0038535463435036697,1.5812300278394247,1,0.0035373003379357846,0.002272316315664245,0.0006910862878248204,-0.002471373767854029,2
2018-09-24,0.09297771475840208,1.3530933547414057,10,0.0927070960874538,0.09162462140366068,0.09027152804891928,0.08756534133943646,2
2018-10-22,0.09628170135184305,1.2300914381031336,6,0.09603568306422243,0.09505160991373991,0.09382151847563679,0.09136133559943052,2
2018-11-19,0.040823103720454584,1.1963968179212596,7,0.04058382435687033,0.039626706902533324,0.03843031008461206,0.03603751644876955,2
2018-12-19,-0.1176432016722443,1.2014015713074586,8,-0.11788348198650579,-0.11884460324355177,-0.12004600481485922,-0.12244880795747413,2
2019-01-18,-0.028712606849098002,1.3038902067112526,10,-0.028973384890440254,-0.030016497055809256,-0.03132038726252051,-0.03392816767594301,2
2019-02-19,0.007052882910786855,1.3791086799152634,6,0.006777061174803802,0.005673774230871591,0.004294665550956328,0.001536448191125801,2
2019-03-19,0.038105977500766185,1.4497438033591314,5,0.037816028740094355,0.03665623369740705,0.03520648989404792,0.03230700228732966,2
2019-04-16,0.045164153224666416,1.1471890965113667,3,0.044934715405364145,0.04401696412815505,0.04286977503164368,0.04057539683862095,2
2019-05-15,0.08568969252368701,1.0993164487494356,3,0.08546982923393712,0.08459037607493758,0.08349105962618814,0.08129242672868926,2
2019-06-13,-0.027001328533547638,1.2025913599440143,5,-0.02724184680553644,-0.028203919893491653,-0.029406511253435668,-0.031811693973323694,2
2019-07-12,0.08315523390776779,1.263251590258232,6,0.08290258358971614,0.08189198231750955,0.08062873072725132,0.07810222754673486,2
2019-08-09,-0.015311363148222798,1.2219679912684869,2,-0.015555756746476496,-0.016533331139491285,-0.017755299130759773,-0.020199235113296746,2
2019-09-09,0.058036005939160085,1.2758878783341698,8,0.05778082836349325,0.05676011806082591,0.055484230182491746,0.05293245442582341,2
2019-10-07,-0.06037360135745388,1.0640858585140516,7,-0.06058641852915669,-0.06143768721596793,-0.06250177307448199,-0.06462994479151009,2
2019-11-04,-0.008449190713066441,1.2193903722748765,4,-0.008693068787521416,-0.009668581085341318,-0.010887971457616195,-0.013326752202165948,2
2019-12-03,-0.05221437556185259,1.5538537585655907,8,-0.05252514631356571,-0.053768229320418186,-0.05532208307898377,-0.05842979059611496,2
2020-01-02,0.07683023231122188,1.503402565382011,5,0.07652955179814548,0.07532682974583987,0.07382342718045785,0.07081662204969384,2
2020-01-31,-0.0438519994301273,1.1942327131533743,4,-0.044090845972757975,-0.04504623214328067,-0.046240464856434044,-0.0486289302827408,2
2020-03-02,0.15158210517299278,1.3479522935495942,4,0.15131251471428286,0.1502341528794432,0.14888620058589358,0.1461902959987944,2
2020-03-30,-0.16629298623851294,1.330752392209427,3,-0.16655913671695483,-0.16762373863072236,-0.16895449102293178,-0.17161599580735065,2
2020-04-28,-0.16542203799767274,1.429737804777677,0,-0.16570798555862828,-0.16685177580245042,-0.1682815136072281,-0.17114098921678345,2
2020-05-27,-0.0411749545638306,1.459459057863412,4,-0.04146684637540328,-0.04263441362169401,-0.04409387267955742,-0.04701279079528425,2
2020-06-24,0.0032977171205456836,1.062167441328561,4,0.0030852836322799713,0.0022355496792171225,0.0011733822378885619,-0.0009509526447685599,2
2020-07-23,-0.013154535688204896,1.1465801540046698,2,-0.01338385171900583,-0.014301115842209566,-0.015447695996214235,-0.017740856304223576,2
2020-08-20,-0.012871394287002954,1.263942977433732,3,-0.013124182882489701,-0.014135337264436686,-0.015399280241870417,-0.017927166196737884,2
2020-09-18,0.013991576285119692,1.2467507773867137,6,0.013742226129642349,0.012744825507732978,0.011498074730346265,0.009004573175572838,2
2020-10-16,0.014130696227402803,1.2485455845325273,2,0.013880987110496297,0.012882150642870276,0.011633605058337748,0.009136513889272693,2
2020-11-13,-0.1388269051290014,1.317351026303204,4,-0.13909037533426202,-0.1401442561553046,-0.1414616071816078,-0.1440963092342142,2
2020-12-14,-0.15794060235332644,1.5043715134884963,6,-0.15824147665602414,-0.15944497386681494,-0.16094934538030342,-0.16395808840728043,2
2021-01-13,-0.28811950947968135,1.4649675110680538,5,-0.28841250298189497,-0.2895844769907494,-0.29104944450181747,-0.2939793795239536,2
2021-02-11,0.0958096004510786,1.8374075709482454,2,0.09544211893688895,0.09397219288013035,0.09213478530918211,0.08845997016728561,2
2021-03-12,0.1729368627900693,1.1085302654404376,4,0.17271515673698123,0.17182833252462887,0.17071980225918842,0.16850274172830756,2
2021-04-12,0.1266639576719539,1.0376489674782026,10,0.12645642787845826,0.1256263087044757,0.1245886597369975,0.12251336180204109,2
2021-05-10,-0.22800471985493617,1.124888610416642,7,-0.2282296975770195,-0.22912960846535282,-0.23025449707576945,-0.23250427429660275,2
2021-06-08,0.08049982774232278,1.5718633519355305,4,0.08018545507193568,0.07892796439038725,0.07735610103845172,0.07421237433458067,2
2021-07-07,0.10522405293785742,1.0512274646159003,5,0.10501380744493423,0.10417282547324151,0.10312159800862561,0.10101914307939382,2
2021-08-04,-0.07288952801506862,1.1467864009326736,6,-0.07311888529525516,-0.0740363144160013,-0.07518310081693397,-0.07747667361879931,2
2021-09-01,-0.01740100846940549,1.2973156646108723,5,-0.017660471602327664,-0.018698324134016363,-0.019995639798627233,-0.022590271127848977,2
2021-09-30,0.023933795572847087,1.1559414382754036,4,0.023702607285192006,0.022777854134571684,0.021621912696296278,0.019310029819745472,2
2021-10-28,0.05799216687325881,1.1820081878547615,8,0.05775576523568786,0.056810158685404046,0.05562815049754929,0.053264134121839765,2
2021-11-26,0.09248323095420617,1.2393532372989564,7,0.09223536030674638,0.09124387771690722,0.09000452447960826,0.08752581800501034,2
2021-12-27,0.20618880874303713,1.2126330206154425,3,0.20594628213891406,0.2049761757224217,0.20376354270180624,0.20133827666057535,2
2022-01-25,0.05901155622972597,1.041891220672323,3,0.0588031779855915,0.05796966500905364,0.05692777378838132,0.05484399134703667,2
2022-02-23,-0.11963449026753188,1.021434936884619,9,-0.11983877725490881,-0.1206559252044165,-0.12167736014130112,-0.12372023001507036,2
2022-03-23,0.18720235857607082,1.3918457933942738,5,0.18692398941739197,0.18581051278267655,0.18441866698928228,0.1816349754024937,2
2022-04-21,0.08120286501073644,1.1222252843230773,6,0.08097841995387182,0.08008063972641336,0.07895841444209029,0.07671396387344413,2
2022-05-19,0.04320863556747369,1.0709015914583184,4,0.04299445524918202,0.04213773397601537,0.04106683238455705,0.03892502920164041,2
2022-06-17,-0.06652980447704498,1.0243670266051332,7,-0.066734677882366,-0.06755417150365012,-0.06857853853025525,-0.07062727258346552,2
2022-07-19,-0.11442556467773159,1.2341086139229485,9,-0.11467238640051618,-0.11565967329165454,-0.11689378190557749,-0.11936199913342338,2
2022-08-16,0.046829553592256004,1.4402727975064589,4,0.046541499032754716,0.04538928079474955,0.043949007997243085,0.041068462402230166,2
2022-09-14,0.09659861250336649,1.1104227502803554,7,0.09637652795331042,0.09548818975308614,0.09437776700280577,0.09215692150224507,2
2022-10-12,0.1166339479834985,1.121233250168624,8,0.11640970133346479,0.11551271473332989,0.11439148148316126,0.11214901498282401,2
2022-11-09,-0.01830853584428364,1.263418682545357,10,-0.018561219580792713,-0.019571954526828996,-0.020835373209374355,-0.023362210574465067,2
2022-12-08,0.0371557887204213,1.3339038408321844,10,0.03688900795225487,0.035821884879589115,0.03448798103875693,0.031820173357092564,2
2023-01-09,-0.18535587072447293,1.0660161399369903,6,-0.18556907395246033,-0.1864218868644099,-0.18748790300434692,-0.1896199352842209,2
2023-02-07,0.09099145757128999,1.508716249423443,9,0.0906897143214053,0.08948274132186654,0.0879740250724431,0.08495659257359621,2
2023-03-08,0.07155122779302248,1.2849132625986228,6,0.07129424514050275,0.07026631453042385,0.06898140126782523,0.06641157474262799,2
2023-04-05,0.05744392078534135,1.3306221673611147,6,0.05717779635186913,0.056113298617980235,0.05478267645061912,0.05212143211589689,2
2023-05-04,-0.1016989735211684,1.3143638882403181,4,-0.10196184629881647,-0.10301333740940871,-0.10432770129764904,-0.10695642907412967,2
2023-06-02,-0.037561278339085964,1.5304581339542598,6,-0.037867369965876814,-0.03909173647304023,-0.04062219460699448,-0.043683110874903,2
2023-07-03,-0.05797795799127121,1.2546074410446835,4,-0.05822887947948015,-0.05923256543231589,-0.06048717287336058,-0.06299638775544994,2
2023-08-01,0.0833773912949325,1.276638654461344,4,0.08312206356404024,0.08210075264047116,0.08082411398600982,0.07827083667708713,2
2023-08-29,0.06589329498632347,1.3516329391586719,3,0.06562296839849174,0.0645416620471648,0.06319002910800613,0.06048676322968878,2
2023-09-27,0.09802408838206168,1.2629681429452735,6,0.09777149475347263,0.09676112023911641,0.09549815209617113,0.09297221581028059,2
2023-10-25,-0.06230126813840964,1.1674469847171456,7,-0.06253475753535306,-0.06346871512312678,-0.06463616210784393,-0.06697105607727823,2
2023-11-22,-0.1753491040355878,1.4004707956373434,3,-0.17562919819471526,-0.17674957483122514,-0.17815004562686249,-0.18095098721813715,2
2006-01-09,-0.008756423339518486,0.9999999999999978,6,-0.008956423339518484,-0.009756423339518483,-0.01075642333951848,-0.012756423339518477,3
2006-02-07,0.03379699751454855,1.3985482298993468,7,0.03351728786856868,0.0323984492846492,0.030999901054749857,0.028202804594951163,3
2006-03-08,-0.06928412708987615,1.3942000840486428,11,-0.06956296710668587,-0.07067832717392479,-0.07207252725797343,-0.07486092742607071,3
2006-04-05,-0.005939728149948437,1.39810899625347,5,-0.0062193499491991315,-0.007337837146201907,-0.008735946142455377,-0.011532164134962317,3
2006-05-04,0.07106994210849281,1.3448995417006193,8,0.07080096220015268,0.06972504256679218,0.06838014302509157,0.06569034394169034,3
2006-06-02,0.04095292425424865,1.3158402701100742,5,0.040689756200226634,0.03963708398413858,0.0383212437140285,0.03568956317380836,3
2006-06-30,0.07389752227468807,1.1181051065488645,10,0.0736739012533783,0.07277941716813921,0.07166131206159035,0.06942510184849261,3
2006-07-31,0.003144871274424367,1.2051237476632999,4,0.0029038465248917068,0.001939747526761067,0.000734623779097767,-0.001675623716228833,3
2006-08-28,-0.033442540359602355,1.384861334851111,4,-0.03371951262657258,-0.03482740169445347,-0.036212263029304574,-0.0389819856990068,3
2006-09-26,-0.044359970354903404,1.2397933373644865,5,-0.0446079290223763,-0.04559976369226789,-0.04683955702963238,-0.04931914370436135,3
2006-10-24,-0.02174017065523731,1.2668918248334065,12,-0.02199354902020399,-0.023007062480070714,-0.024273954304904123,-0.026807737954570934,3
2006-11-21,0.025120617514314922,1.333573114402109,12,0.0248539028914345,0.02378704439991281,0.022453471285510705,0.019786325056706487,3
2006-12-20,0.032877995047514076,1.2749718901802827,8,0.03262300066947802,0.03160302315733379,0.03032805126715351,0.027778107486792946,3
2007-01-23,-0.015883802807440707,1.2020895068063888,17,-0.016124220708801984,-0.017085892314247095,-0.018287981821053484,-0.02069216083466626,3
2007-02-21,0.025373185382026375,1.4632726101246627,4,0.025080530860001442,0.02390991277190171,0.02244664016177705,0.019520094941527726,3
2007-03-21,-0.011583321509657895,1.4127843317481106,9,-0.011865878376007517,-0.012996105841406005,-0.014408890173154117,-0.017234458836650337,3
2007-04-19,0.020691463949591836,1.3305927662980246,12,0.020425345396332232,0.019360871183293812,0.018030278416995785,0.015369092884399738,3
2007-05-17,-0.04500390411334247,1.397017233727684,13,-0.045283307560088006,-0.046400921347070155,-0.04779793858079784,-0.050591973048253205,3
2007-06-15,-0.0276647435104036,1.4762575455528897,10,-0.027959995019514176,-0.02914100105595649,-0.03061725860150938,-0.03356977369261516,3
2007-07-16,0.05556519913357386,1.3629381518616048,9,0.05529261150320154,0.054202260981712255,0.052839322829850655,0.050113446526127446,3
2007-08-13,0.015263826841243196,1.3210029488946693,12,0.014999626251464263,0.013942823892348527,0.012621820943453857,0.009979815045664519,3
2007-09-11,-0.06180132893873906,1.2694651937523476,16,-0.06205522197748953,-0.0630707941324914,-0.06434025932624375,-0.06687918971374845,3
2007-10-09,0.08298845712280044,1.262537396795823,13,0.08273594964344128,0.08172591972600461,0.08046338232920879,0.07793830753561715,3
2007-11-06,0.053961177950475656,1.221549332331958,15,0.053716868084009266,0.0527396286181437,0.05151807928581174,0.049074980621147825,3
2007-12-05,0.04522179627487461,1.2507090110971364,10,0.044971654472655186,0.04397108726377747,0.04272037825268034,0.040218960230486066,3
2008-01-04,-0.04848437836211834,1.0765649392732635,6,-0.04869969134997299,-0.0495609433013916,-0.05063750824066486,-0.05279063811921139,3
2008-02-04,0.09829202061225985,1.2629511147246346,8,0.09803943038931492,0.09702906949753522,0.09576611838281057,0.09324021615336131,3
2008-03-04,-0.011402480639408692,1.251714286210262,4,-0.011652823496650744,-0.012654194925618954,-0.013905909211829217,-0.01640933778424974,3
2008-04-02,0.00678391952921573,1.2609066879973034,5,0.006531738191616269,0.005523012841218426,0.004262106153221123,0.0017402927772265158,3
2008-04-30,-0.012410059648588965,1.1852319581831434,4,-0.012647106040225594,-0.013595291606772109,-0.014780523564955251,-0.017150987481321538,3
2008-05-29,0.038491421846017615,1.3964488892203197,4,0.03821213206817355,0.0370949729567973,0.035698524067576974,0.03290562628913633,3
2008-06-26,0.004233106344439336,1.2429512462591108,4,0.003984516095187514,0.002990155098180225,0.001747203851921114,-0.0007386986405971078,3
2008-07-25,-0.015360521089851602,1.1063674233506229,7,-0.015581794574521727,-0.016466888513202226,-0.01757325593655285,-0.019785990783254093,3
2008-08-22,-0.0335552980326652,1.2222097397101348,7,-0.03379973998060723,-0.034777507772375336,-0.03599971751208547,-0.03844413699150574,3
2008-09-22,0.15586394845276516,1.191472995750038,5,0.15562565385361515,0.15467247545701512,0.1534810024612651,0.151098056469765,3
2008-10-20,0.2151469202771659,1.0765804014602214,7,0.21493160419687385,0.21407033987570567,0.21299375947424545,0.210840598671325,3
2008-11-17,-0.1253824625735365,1.1268413859091,5,-0.1256078308507183,-0.1265093039594456,-0.1276361453453547,-0.1298898281171729,3
2008-12-16,0.031345246879136555,1.2910252038882777,7,0.0310870418383589,0.030054221675248276,0.02876319647136,0.026181146063583446,3
2009-01-15,0.004427545364368654,0.9949982942649337,4,0.004228545705515667,0.00343254707010372,0.0024375487758387863,0.00044755218730891874,3
2009-02-13,0.019830990423483148,1.1112013127570308,1,0.01960875016093174,0.018719789110726116,0.017608587797969085,0.015386185172455024,3
2009-03-16,-0.26366571962301155,1.0880216894726527,1,-0.2638833239609061,-0.2647537413124842,-0.26584176300195683,-0.26801780638090217,3
2009-04-14,-0.2344632597762344,1.5493029185146983,1,-0.23477312035993733,-0.2360125626947491,-0.23756186561326378,-0.24066047145029318,3
2009-05-12,-0.0011491372250365345,1.4899637912597552,0,-0.0014471299832884855,-0.0026391010162962894,-0.004129064807556045,-0.007108992390075555,3
2009-06-10,0.15527246930553043,1.1385211379022295,1,0.15504476507794998,0.1541339481676282,0.15299542702972596,0.15071838475392152,3
2009-07-09,-0.2123866550413468,1.1062263034257727,4,-0.21260790030203194,-0.21349288134477257,-0.21459910764819834,-0.21681156025504988,3
2009-08-06,-0.012763658279713614,1.7713587410499223,3,-0.013117930027923599,-0.014535017020763536,-0.016306375761813457,-0.019849093243913304,3
2009-09-03,-0.03303455059773941,1.2096232980677404,2,-0.03327647525735296,-0.034244173895807146,-0.03545379719387489,-0.03787304379001037,3
2009-10-02,0.08731465348813158,1.1516375149560396,7,0.08708432598514038,0.08616301597317555,0.0850113784582195,0.08270810342830742,3
2009-10-30,0.0057789669232215304,1.0618644842265652,2,0.005566594026376217,0.004717102438994965,0.0036552379547684,0.00153150898631527,3
2009-11-30,-0.05202239935214652,1.298203413923351,4,-0.052282040034931185,-0.05332060276606987,-0.05461880617999322,-0.057215213007839924,3
2009-12-29,0.017868931595285173,1.3700641517344634,3,0.01759491876493828,0.01649886744355071,0.015128803291816246,0.01238867498834732,3
2010-01-28,-0.015130537870254668,1.1863559028819701,5,-0.015367809050831063,-0.016316893773136637,-0.017503249676018608,-0.01987596148178255,3
2010-02-26,-0.02965227589481664,1.2513366283326646,6,-0.029902543220483174,-0.030903612523149306,-0.03215494915148197,-0.0346576224081473,3
2010-03-26,-0.061193049698764754,1.3917423037743117,5,-0.061471398159519616,-0.06258479200253907,-0.06397653430631338,-0.066760018913862,3
2010-04-26,0.09977514177609564,1.4035685997991254,5,0.09949442805613581,0.09837157317629652,0.09696800457649739,0.09416086737689915,3
2010-05-24,0.030682081427073404,1.1224769059156547,4,0.030457586045890273,0.02955960452115775,0.028437127615242093,0.026192173803410785,3
2010-06-22,0.035323551500185374,1.0872753570413751,5,0.0351060964287771,0.034236276143144,0.033149000786102625,0.030974450072019873,3
2010-07-21,-0.00873881844364243,1.0517379375855243,9,-0.008949166031159535,-0.009790556381227954,-0.01084229431881348,-0.012945770193984529,3
2010-08-18,-0.018642111734363764,1.209774710255376,3,-0.01888406667641484,-0.01985188644461914,-0.021061661154874515,-0.02348121057538527,3
2010-09-16,-0.06214123692432139,1.0740630215960707,7,-0.06235604952864061,-0.06321529994591746,-0.06428936296751353,-0.06643748901070567,3
2010-10-14,-0.023645061884394258,1.2308582931517764,7,-0.023891233543024613,-0.024875920177546033,-0.02610677847069781,-0.028568495057001365,3
2010-11-11,-0.05643545713545453,1.2167361161719907,9,-0.05667880435868893,-0.05765219325162652,-0.058868929367798514,-0.0613024016001425,3
2010-12-10,-0.034912297237984384,1.351690663492938,2,-0.035182635370682974,-0.03626398790147732,-0.03761567856497026,-0.04031905989195614,3
2011-01-10,0.0077854217208922615,1.278738632171858,4,0.00752967399445789,0.0065066830887204035,0.0052279444565485455,0.0026704671922048295,3
2011-02-08,0.0613656372137124,1.2929265735120636,11,0.06110705189900999,0.06007271064020034,0.058779784066688275,0.056193930919664146,3
2011-03-09,-0.016595239359211415,1.1754816500528875,3,-0.016830335689221994,-0.017770721009264304,-0.01894620265931719,-0.021297165959422965,3
2011-04-06,0.051069540817259076,1.2687069537668927,8,0.0508157994265057,0.04980083386349218,0.04853212690972529,0.045994713002191503,3
2011-05-05,0.011475782651031153,1.2682928339834838,6,0.011222124084234456,0.01020748981704767,0.008939196983064186,0.006402611315097217,3
2011-06-03,0.0036881558007924287,1.256794898745189,10,0.003436796821043391,0.00243136090204724,0.001174566003302051,-0.0013390237941883266,3
2011-07-01,0.020750164791339898,1.1434952276178951,6,0.020521465745816318,0.019606669563722003,0.01846317433610411,0.016176183880868316,3
2011-08-01,0.0903494724517749,1.157321894097367,4,0.09011800807295542,0.08919215055767753,0.08803482866358016,0.08572018487538542,3
2011-08-29,0.10677365014076613,1.2081488982166533,7,0.1065320203611228,0.10556550124254947,0.10435735234433283,0.10194105454789952,3
2011-09-27,-0.026088867902991954,1.0196985890985482,6,-0.026292807620811664,-0.0271085664920905,-0.02812826508118905,-0.030167662259386146,3
2011-10-25,0.02048351374411539,0.9268686120101691,4,0.020298140021713356,0.01955664513210522,0.01862977652009505,0.016776039296074713,3
2011-11-22,0.0332265061814362,0.941846427961377,8,0.03303813689584393,0.032284659753474824,0.03134281332551345,0.029459120469590695,3
2011-12-21,-0.09426114670544986,1.0015047179726198,3,-0.09446144764904438,-0.09526265142342248,-0.0962641561413951,-0.09826716557734033,3
2012-01-23,-0.05690315363318356,1.2159973233135388,8,-0.05714635309784627,-0.0581191509564971,-0.05933514827981064,-0.061767142926437715,3
2012-02-21,0.032788163659299666,1.2745102195353788,6,0.03253326161539259,0.03151365343976429,0.030239143220228908,0.02769012278115815,3
2012-03-20,0.0827509052206942,1.2573383570581622,3,0.08249943754928257,0.08149356686363604,0.08023622850657787,0.07772155179246155,3
2012-04-18,0.09961636153223187,1.0637110029759402,5,0.09940361933163669,0.09855265052925594,0.09748893952627999,0.0953615175203281,3
2012-05-16,0.04505047474833144,1.054659831926805,3,0.04483954278194608,0.043995814916404634,0.04294115508447783,0.04083183542062422,3
2012-06-14,-0.026225904358475053,1.134150451716594,7,-0.026452734448818373,-0.027360054810191648,-0.02849420526190824,-0.03076250616534143,3
2012-07-13,-0.03879642241881927,1.012465350088754,5,-0.03899891548883702,-0.03980888776890802,-0.040821353118996775,-0.04284628381917428,3
2012-08-10,-0.05433504503959505,1.197869690200353,3,-0.05457461897763512,-0.0555329147297954,-0.05673078441999575,-0.05912652380039646,3
2012-09-10,0.038086603816397786,1.314652365482904,7,0.0378236733433012,0.03677195145091488,0.03545729908543198,0.03282799435446617,3
2012-10-08,0.036044598128751736,1.090003775605923,4,0.03582659737363055,0.03495459435314581,0.03386459057753989,0.03168458302632804,3
2012-11-07,0.008895202476207408,1.2351765623928335,5,0.008648167163728841,0.007660025913814575,0.006424849351421741,0.0039544962266360745,3
2012-12-06,-0.05351516274264457,1.3448600171991414,9,-0.0537841347460844,-0.05486002275984371,-0.05620488277704285,-0.058894602811441134,3
2013-01-07,0.03266439484838836,1.325137197305069,4,0.03239936740892734,0.03133925765108329,0.03001412045377822,0.027363846059168084,3
2013-02-05,-0.007977903261868854,1.3206933109445953,8,-0.008242041924057773,-0.00929859657281345,-0.010619289883758045,-0.013260676505647235,3
2013-03-06,0.04354736309689163,1.3764746457237198,2,0.04327206816774689,0.04217088845116791,0.04079441380544419,0.03804146451399675,3
2013-04-04,-0.03139589152658318,1.2130968896821182,4,-0.03163851090451961,-0.0326089884162653,-0.03382208530594742,-0.036248279085311655,3
2013-05-02,-0.058563267962365884,1.365091424100701,1,-0.05883628624718602,-0.05992835938646658,-0.061293450810567286,-0.06402363365876869,3
2013-05-31,0.002820557063149997,1.4962077388357884,6,0.0025213155153828394,0.0013243493243142086,-0.00017185841452157982,-0.0031642738921931566,3
2013-06-28,-0.02457054139959018,1.2689017535454046,5,-0.024824321750299264,-0.025839443153135588,-0.02710834490668099,-0.0296461484137718,3
2013-07-29,-0.018379949756502017,1.4464670329411031,6,-0.018669243163090238,-0.01982641678944312,-0.021272883822384223,-0.02416581788826643,3
2013-08-26,-0.011265916407480437,1.3319880593221063,2,-0.01153231401934486,-0.012597904466802545,-0.01392989252612465,-0.01659386864476886,3
2013-09-24,0.02693891780242676,1.2788571224427918,11,0.026683146377938203,0.025660060679983967,0.024381203557541177,0.021823489312655594,3
2013-10-22,0.05191591660065208,1.291601576248126,10,0.05165759628540246,0.050624315024403954,0.04933271344815583,0.04674951029565958,3
2013-11-19,-0.03336211091593303,1.344813488706203,6,-0.03363107361367427,-0.03470692440463923,-0.03605173789334544,-0.03874136487075784,3
2013-12-18,-0.06847437354552117,1.3721996779187826,5,-0.06874881348110493,-0.06984657322343996,-0.07121877290135874,-0.0739631722571963,3
2014-01-17,-0.0018773189657374707,1.3627876798038803,8,-0.0021498765016982465,-0.003240106645541351,-0.004602894325345231,-0.0073284696849529925,3
2014-02-18,-0.01358604638404213,1.3217174133485872,3,-0.013850389866711848,-0.014907763797390717,-0.016229481210739305,-0.01887291603743648,3
2014-03-18,0.14219864485952283,1.38209314347544,2,0.14192222623082773,0.1408165517160474,0.13943445857257195,0.13667027228562106,3
2014-04-15,0.04138659143759603,1.0963233295198738,5,0.041167326771692055,0.040290268108076156,0.03919394477855628,0.03700129811951654,3
2014-05-14,-0.06871421460029263,1.1330932193097454,3,-0.06894083324415458,-0.06984730781960237,-0.07098040103891212,-0.07324658747753161,3
2014-06-12,0.011286411056507972,1.4509565590321454,3,0.010996219744701543,0.009835454497475827,0.008384497938443682,0.00548258482037939,3
2014-07-11,-0.006554503769704506,1.2158920742366162,4,-0.006797682184551829,-0.007770395843941121,-0.008986287918177738,-0.01141807206665097,3
2014-08-08,-0.031248998380154693,1.342846855119598,3,-0.03151756775117861,-0.03259184523527429,-0.03393469209039389,-0.036620385800633086,3
2014-09-08,0.06294278270896672,1.4742566807277706,3,0.06264793137282117,0.06146852602823895,0.05999426934751118,0.057045755986055637,3
2014-10-06,0.01755962692210082,1.1591143676209712,4,0.017327804048576628,0.01640051255447985,0.015241398186858879,0.012923169451616937,3
2014-11-03,0.08804220449032427,1.2557743562072827,3,0.08779104961908281,0.08678643013411698,0.0855306557779097,0.08301910706549513,3
2014-12-02,-0.001865532623726333,1.2370873267016504,6,-0.002112950089066663,-0.0031026199504279837,-0.004339707277129634,-0.006813881930532935,3
2014-12-31,0.04139184100774701,1.1714062416049347,5,0.041157559759426025,0.04022043476614207,0.03904902852453714,0.036706216041327275,3
2015-01-30,-0.05212072839183096,1.1704299243231677,6,-0.0523548143766956,-0.05329115831615413,-0.054461588240477296,-0.05680244808912363,3
2015-03-02,0.019069487431802427,1.456667160154536,8,0.018778153999771518,0.01761282027164789,0.016156153111493356,0.013242818791184281,3
2015-03-30,-0.0037601128276587687,1.3395386214848748,3,-0.0040280205519557435,-0.0050996514491436435,-0.006439190070628518,-0.009118267313598268,3
2015-04-28,0.007132970891676121,1.2216842309771911,6,0.006888634045480683,0.0059112866606989296,0.004689602429721738,0.002246233967767356,3
2015-05-27,-0.01023606020183982,1.324611812563842,6,-0.01050098256435259,-0.011560672014403663,-0.012885283826967506,-0.015534507452095189,3
2015-06-24,0.022669669087773982,1.3941339725889674,6,0.022390842293256188,0.021275535115185016,0.019881401142596046,0.017093133197418113,3
2015-07-23,0.14151230809909948,1.2589834312721753,7,0.14126051141284504,0.1402533246678273,0.13899434123655513,0.13647637437401078,3
2015-08-20,-0.06611641232913375,1.2805930556417497,5,-0.0663725309402621,-0.0673970053847755,-0.06867759844041725,-0.07123878455170074,3
2015-09-18,0.09121251009771118,1.4349990453181662,7,0.09092551028864755,0.08977751105239301,0.08834251200707485,0.08547251391643852,3
2015-10-16,0.001977035635934634,1.1831658725102674,6,0.0017404024614325808,0.0007938697634243667,-0.0003892961090859008,-0.002755627854106436,3
2015-11-13,0.05546458703731525,1.2242960617181184,6,0.05521972782497163,0.054240290975597134,0.05301599491387901,0.05056740279044278,3
2015-12-14,0.12716608674701393,1.3395667664854995,3,0.12689817339371684,0.12582651998052843,0.12448695321404293,0.12180781968107193,3
2016-01-13,0.08557700439252573,1.0252561205475321,10,0.08537195316841623,0.0845517482719782,0.08352649215143067,0.0814759799103356,3
2016-02-11,-0.2017849918021455,1.0868146467284054,4,-0.2020023547314912,-0.20287180644887393,-0.2039586210956023,-0.20613225038905914,3
2016-03-11,-0.006096789359395454,1.570951310432109,6,-0.006410979621481876,-0.007667740669827563,-0.009238691980259672,-0.01238059460112389,3
2016-04-11,0.020453025019110522,1.0810022973001068,6,0.0202368245596505,0.019372022721810416,0.018291020424510307,0.016129015829910096,3
2016-05-09,-0.10344983433012299,1.2461686981500506,4,-0.103699068069753,-0.10469600302827303,-0.10594217172642309,-0.10843450912272319,3
2016-06-07,0.061369428911353836,1.4225241732898664,7,0.061084924076695864,0.05994690473806397,0.0585243805647741,0.05567933221819437,3
2016-07-06,-0.10066586841741436,1.265907140060055,7,-0.10091904984542636,-0.10193177555747442,-0.10319768269753447,-0.10572949697765457,3
2016-08-03,-0.03925120240764963,1.374030593356592,8,-0.039526008526320947,-0.04062523300100622,-0.04199926359436281,-0.044747324781075994,3
2016-08-31,-0.033287677425683775,1.405532012724029,15,-0.03356878382822858,-0.034693209438407806,-0.03609874145113183,-0.03890980547657989,3
2016-09-29,0.07840046406385706,1.426397538202205,6,0.07811518455621662,0.07697406652565486,0.07554766898745265,0.07269487391104824,3
2016-10-27,-0.09659949257790754,1.2050034755614882,7,-0.09684049327301983,-0.09780449605346903,-0.09900949952903051,-0.10141950648015349,3
2016-11-25,0.028788172995389,1.503475567134356,10,0.02848747788196213,0.027284697428254644,0.02578122186112029,0.022774270726851578,3
2016-12-23,0.009901645831172158,1.2641414328034708,5,0.009648817544611464,0.008637504398368686,0.007373362965565216,0.004845080099958274,3
2017-01-25,0.002160042068957875,1.204238481142291,8,0.0019191943727294167,0.000955803587815584,-0.00024843489332670695,-0.002656911855611289,3
2017-02-23,0.036218086237228435,1.2345407051141315,8,0.035971178096205605,0.0349835455321143,0.03374900482700017,0.03127992341677191,3
2017-03-23,0.014990726893895402,1.3543532882992437,10,0.014719856236235552,0.013636373605596157,0.012282020317296914,0.009573313740698426,3
2017-04-21,0.016723020164855676,1.1621334254205085,3,0.016490593479771574,0.015560886739435167,0.014398753314014658,0.01207448646317364,3
2017-05-19,0.0057502920531008455,1.201036273809906,5,0.005510084798338864,0.004549255779290939,0.0033482195054810333,0.000946146957861221,3
2017-06-19,-0.03571520589192182,1.2166333871235018,5,-0.03595853256934652,-0.03693183927904532,-0.038148472666168824,-0.04058173944041583,3
2017-07-18,0.06903925506181995,1.0615166007443404,8,0.06882695174167108,0.0679777384610756,0.06691622186033126,0.06479318865884258,3
2017-08-15,-0.04863194902799833,1.14832837581349,6,-0.04886161470316103,-0.049780277403811815,-0.050928605779625304,-0.05322526253125229,3
2017-09-13,-0.026028430548663654,1.2567763784913444,11,-0.026279785824361922,-0.027285206927154998,-0.02854198330564634,-0.031055536062629032,3
2017-10-11,0.048375886662198705,1.2813276452578255,2,0.04811962113314714,0.04709455901694088,0.045813231371683055,0.043250576081167405,3
2017-11-08,-0.012139370749393292,1.2619904061366596,6,-0.012391768830620624,-0.013401361155529952,-0.01466335156166661,-0.01718733237393993,3
2017-12-07,-0.06071165461210406,1.371086314570703,6,-0.0609858718750182,-0.06208274092667476,-0.06345382724124546,-0.06619599987038687,3
2018-01-08,-0.01131033528539476,1.3517859440687665,7,-0.011580692474208513,-0.012662121229463526,-0.014013907173532292,-0.016717479061669826,3
2018-02-06,-0.02984229639745712,1.3419025137717142,8,-0.030110676900211464,-0.031184198911228835,-0.03252610142500055,-0.035209906452543974,3
2018-03-07,0.04616418774184953,1.497358272305897,7,0.045864716087388346,0.04466682946954363,0.043169471197237734,0.04017475465262594,3
2018-04-05,-0.021148073177092858,1.3508677042401902,6,-0.021418246717940896,-0.022498940881333047,-0.02384980858557324,-0.026551543994053618,3
2018-05-03,-0.0908826900001159,1.266969532206277,6,-0.09113608390655716,-0.09214965953232217,-0.09341662906452845,-0.09595056812894101,3
2018-06-01,5.808776584445921e-05,1.6960996472946501,8,-0.00028113216361447084,-0.001638011881450191,-0.003334111528744841,-0.006726310823334141,3
2018-06-29,0.06012238864296957,1.4079554067762434,4,0.059840797561614326,0.05871443323619333,0.057306477829417085,0.0544905670158646,3
2018-07-30,-0.019588056547072685,1.377840705537633,5,-0.01986362468818021,-0.02096589725261032,-0.022343737958147952,-0.02509941936922322,3
2018-08-27,-0.003314794226804937,1.6113991595562127,0,-0.0036370740587161796,-0.00492619338636115,-0.006537592545917363,-0.009760390865029788,3
2018-09-25,0.09163586248019483,1.302607543007659,11,0.09137534097159329,0.09033325493718716,0.08903064739417951,0.08642543230816419,3
2018-10-23,0.09837001168658437,1.22747763007778,6,0.0981245161605688,0.09714253405650658,0.09591505642642881,0.09346010116627325,3
2018-11-20,0.04599411527234434,1.1792572539042243,10,0.04575826382156349,0.04481485801844011,0.04363560076453589,0.041277086256727435,3
2018-12-20,-0.11995956589425122,1.189082084832708,8,-0.12019738231121777,-0.12114864797908392,-0.12233773006391663,-0.12471589423358205,3
2019-01-22,-0.055945183177926294,1.3443520934920719,9,-0.05621405359662471,-0.05728953527141837,-0.05863388736491044,-0.06132259155189458,3
2019-02-20,0.005458882994696673,1.4358282348581943,9,0.005171717347725034,0.0040230547598384785,0.0025872265249802843,-0.00028442994473610456,3
2019-03-20,0.060559356416519466,1.4301102407123614,4,0.06027333436837699,0.05912924617580711,0.05769913593509474,0.05483891545367002,3
2019-04-17,0.03463579143821011,1.1146671473643721,2,0.03441285800873724,0.03352112429084574,0.032406457143481365,0.030177122848752624,3
2019-05-16,0.09868952554471262,1.1301883611203176,2,0.09846348787248856,0.0975593371835923,0.09642914882247199,0.09416877210023135,3
2019-06-14,-0.03783632767305827,1.2109724117297822,5,-0.03807852215540423,-0.03904730008478805,-0.04025827249651784,-0.0426802173199774,3
2019-07-15,0.07876093814030759,1.278963768982994,6,0.07850514538651099,0.07748197437132459,0.0762030106023416,0.07364508306437562,3
2019-08-12,-0.038181590589109325,1.2104084092727097,2,-0.03842367227096387,-0.039391998998382034,-0.04060240740765474,-0.04302322422620016,3
2019-09-10,0.10978971721163033,1.3018588615396438,8,0.1095293454393224,0.10848785835009069,0.10718599948855105,0.10458228176547175,3
2019-10-08,-0.07025315356781109,1.0484375993543493,7,-0.07046284108768196,-0.07130159116716543,-0.07235002876651979,-0.07444690396522849,3
2019-11-05,-0.020494952255146703,1.3270818120616847,5,-0.02076036861755904,-0.02182203406720839,-0.02314911587927007,-0.025803279503393443,3
2019-12-04,-0.03236608702973584,1.5759993073274408,6,-0.03268128689120133,-0.03394208633706328,-0.03551808564439072,-0.038670084259045605,3
2020-01-03,0.050613293314040776,1.4321174316668304,6,0.05032686982770741,0.049181175882373945,0.047749058450707114,0.04488482358737345,3
2020-02-03,-0.033397599764453646,1.205442859566963,3,-0.03363868833636704,-0.03460304262402061,-0.035808485483587574,-0.0382193712027215,3
2020-03-03,0.11292732140166038,1.380760920428254,5,0.11265116921757473,0.11154656048123213,0.11016579956080387,0.10740427771994737,3
2020-03-31,-0.2539908424359422,1.3625907202406284,3,-0.2542633605799903,-0.25535343315618286,-0.2567160238764235,-0.25944120531690473,3
2020-04-29,-0.034710686148334634,1.687641823462382,0,-0.03504821451302711,-0.03639832797179702,-0.0380859697952594,-0.04146125344218416,3
2020-05-28,-0.10224136672117842,1.1962243326757864,4,-0.10248061158771359,-0.10343759105385421,-0.10463381538653,-0.10702626405188156,3
2020-06-25,0.024601373181424323,1.171973067401374,4,0.024366978567944047,0.02342940011402295,0.022257427046621574,0.019913480911818826,3
2020-07-24,0.006781774084997657,1.1524205472965765,3,0.006551289975538342,0.005629353537701081,0.004476932990404504,0.0021720918958113514,3
2020-08-21,-0.023170430603466727,1.239667257396258,2,-0.02341836405494598,-0.024410097860862984,-0.025649765118259244,-0.028129099633051758,3
2020-09-21,0.007233384100012897,1.2651702811506396,6,0.006980350043782769,0.0059682138188622575,0.004703043537711618,0.0021727029754103388,3
2020-10-19,0.00010492099980326632,1.2672679030908203,3,-0.00014853258081489774,-0.001162346903287554,-0.0024296148063783743,-0.004964150612560015,3
2020-11-16,-0.13455927316328528,1.3500894140204234,3,-0.13482929104608937,-0.1359093625773057,-0.13725945199132614,-0.13995963081936696,3
2020-12-15,-0.20112187489661795,1.4816586612447251,6,-0.2014182066288669,-0.20260353355786268,-0.2040851922191074,-0.20704850954159684,3
2021-01-14,-0.25755016548332405,1.5611929528435067,5,-0.25786240407389277,-0.25911135843616756,-0.2606725513890111,-0.26379493729469805,3
2021-02-12,0.09479444319299633,1.772937668881245,3,0.09443985565922008,0.09302150552411509,0.09124856785523384,0.08770269251747136,3
2021-03-15,0.18361223112497785,1.117225668364083,3,0.18338878599130504,0.18249500545661376,0.18137777978824968,0.1791433284515215,3
2021-04-13,0.09360505068801885,1.050148208139387,10,0.09339502104639097,0.09255490247987946,0.09150475427174007,0.08940445785546129,3
2021-05-11,-0.19210048378176506,1.1224472855305143,7,-0.19232497323887116,-0.19322293106729557,-0.1943453783528261,-0.19659027292388712,3
2021-06-09,0.05833376108175644,1.5107411579288734,4,0.058031612850170666,0.056823019923827565,0.05531227876589869,0.05229079645004095,3
2021-07-08,0.09038467622773516,1.042540612290991,5,0.09017616810527697,0.08934213561544417,0.08829959500315318,0.0862145137785712,3
2021-08-05,-0.03286949184091376,1.138369856504725,6,-0.03309716581221471,-0.03400786169741849,-0.03514623155392321,-0.03742297126693266,3
2021-09-02,-0.0034098783950692723,1.280763616887064,6,-0.003666031118446685,-0.004690642011956336,-0.0059714056288434,-0.00853293286261753,3
2021-10-01,0.01903919065780047,1.1111155018607242,4,0.018816967557428326,0.01792807515593975,0.016816959654079023,0.014594728650357575,3
2021-10-29,0.06412214954352273,1.1593297032697039,7,0.06389028360286879,0.06296281984025302,0.06180349013698332,0.059484830730443916,3
2021-11-29,0.11304683899425556,1.194498000019374,8,0.11280793939425168,0.11185234099423619,0.11065784299421681,0.10826884699417808,3
2021-12-28,0.21347733034933083,1.1669472039120132,1,0.21324394090854842,0.21231038314541884,0.2111434359415068,0.20880954153368278,3
2022-01-26,-0.026442547060855803,1.0528153692300632,3,-0.026653110134701816,-0.027495362430085865,-0.02854817779931593,-0.030653808537776057,3
2022-02-24,-0.0382219064270603,1.0335279242933368,9,-0.03842861201191897,-0.03925543435135363,-0.04028896227564697,-0.042356018124233646,3
2022-03-24,0.20259857469610387,1.3071092970622311,6,0.20233715283669143,0.20129146539904164,0.1999843561019794,0.19737013750785495,3
2022-04-22,0.07554557729180227,1.1025179231317137,5,0.07532507370717592,0.07444305936867056,0.07334054144553884,0.07113550559927541,3
2022-05-20,0.020195781329473635,1.0868212834362652,5,0.019978417072786383,0.01910896004603737,0.018022138762601104,0.015848496195728576,3
2022-06-21,-0.10960914645614096,1.0163079719577695,7,-0.10981240805053252,-0.11062545442809874,-0.11164176240005651,-0.11367437834397204,3
2022-07-20,-0.05316700551314762,1.2162994962589435,10,-0.053410265412399405,-0.05438330500940656,-0.055599604505665506,-0.058032203498183395,3
2022-08-17,0.025397828973922065,1.3086973170743073,4,0.025136089510507203,0.024089131656847756,0.02278043433977345,0.020163039705624837,3
2022-09-15,0.11106380908147953,1.1465715887583912,8,0.11083449476372785,0.10991723749272114,0.10877066590396275,0.10647752272644596,3
2022-10-13,0.04274245094700018,1.110741181023954,7,0.04252030271079539,0.04163170976597623,0.04052096858495227,0.03829948622290436,3
2022-11-10,0.06757161855414572,1.306008433173203,9,0.06731041686751107,0.06626561012097251,0.06495960168779931,0.0623475848214529,3
2022-12-09,-0.0038750970494942473,1.19154376418536,9,-0.004113405802331319,-0.005066640813679607,-0.006258184577864968,-0.008641272106235687,3
2023-01-10,-0.11829584207713877,1.1831534287279768,6,-0.11853247276288437,-0.11947899550586674,-0.12066214893459472,-0.12302845579205067,3
2023-02-08,0.10001640665212391,1.3491867198411998,9,0.09974656930815567,0.09866721993228271,0.09731803321244151,0.09461965977275912,3
2023-03-09,0.042296101928282336,1.2817319221080266,6,0.04203975554386073,0.041014370006174306,0.03973263808406628,0.03716917423985023,3
2023-04-06,0.02511604166161199,1.3478624555684986,5,0.02484646917049829,0.02376817920604349,0.022420316750474994,0.019724591839337995,3
2023-05-05,-0.08401047582535578,1.3628149090372117,3,-0.08428303880716323,-0.085373290734393,-0.0867361056434302,-0.08946173546150463,3
2023-06-05,-0.02379361559787712,1.4429820654586814,6,-0.024082212010968856,-0.025236597663335802,-0.02667957972879448,-0.029565543859711847,3
2023-07-05,-0.017011807726639207,1.1855031471009676,4,-0.0172489083560594,-0.018197310873740175,-0.019382814020841143,-0.02175382031504308,3
2023-08-02,0.05939405017191332,1.256135841745761,5,0.05914282300356417,0.05813791433016756,0.0568817784884218,0.05436950680493027,3
2023-08-30,0.06733532390088301,1.3477473929790558,4,0.0670657744222872,0.06598757650790395,0.0646398291149249,0.06194433432896679,3
2023-09-28,0.10430863646239129,1.2823682416447044,5,0.10405216281406235,0.10302626822074658,0.10174389997910188,0.09917916349581248,3
2023-10-26,-0.06517185260341728,1.1668150993700939,7,-0.0654052156232913,-0.06633866770278737,-0.06750548280215747,-0.06983911300089765,3
2023-11-24,-0.17201683421262262,1.4164937268884477,4,-0.1723001329580003,-0.17343332793951108,-0.1748498216663995,-0.17768280912017642,3
2006-01-10,-0.000497767252196704,0.9999999999999979,6,-0.0006977672521967036,-0.001497767252196702,-0.0024977672521967,-0.0044977672521966956,4
2006-02-08,0.03347305624509583,1.4079188926691923,8,0.03319147246656199,0.03206513735242664,0.03065721845975744,0.027841380674419058,4
2006-03-09,-0.07101272083951776,1.4170675329765159,11,-0.07129613434611307,-0.07242978837249428,-0.0738468559054708,-0.07668099097142382,4
2006-04-06,0.004191084624521687,1.4486326524355295,5,0.0039013580940345815,0.002742451972086158,0.0012938193196506283,-0.0016034459852204306,4
2006-05-05,0.07587219545132105,1.3588922779467618,8,0.0756004169957317,0.07451330317337429,0.07315441089542753,0.070436626339534,4
2006-06-05,0.013151430228120334,1.3032931469248694,7,0.01289077159873536,0.011848137081195465,0.010544843934270595,0.007938257640420856,4
2006-07-03,0.09962089692275314,1.107147703981261,8,0.09939946738195689,0.09851374921877187,0.09740660151479062,0.09519230610682809,4
2006-08-01,-0.027983888481042024,1.1623863666913488,3,-0.028216365754380295,-0.029146274847733373,-0.03030866121442472,-0.03263343394780742,4
2006-08-29,-0.03006620046481548,1.4085632318015606,3,-0.03034791311117579,-0.03147476369661704,-0.0328833269284186,-0.03570045339202172,4
2006-09-27,-0.052866420015673016,1.2513422134815446,6,-0.053116688458369324,-0.05411776222915456,-0.055369104442636104,-0.05787178886959919,4
2006-10-25,-0.015615465414938648,1.3117837626399094,11,-0.01587782216746663,-0.016927249177578558,-0.018239032940218468,-0.020862600465498284,4
2006-11-22,0.0335675896326826,1.3418008948191689,11,0.03329922945371877,0.032225788737863435,0.030883987843044265,0.028200386053405926,4
2006-12-21,0.021564238788021023,1.2607209644018167,10,0.02131209459514066,0.020303517823619208,0.01904279685921739,0.016521354930413755,4
2007-01-24,-0.01835067845162301,1.2330447155097128,16,-0.01859728739472495,-0.01958372316713272,-0.020816767882642435,-0.02328285731366186,4
2007-02-22,0.019975963273927453,1.4669850183160835,4,0.019682566270264237,0.018508978255611368,0.017041993237295286,0.014108023200663119,4
2007-03-22,-0.012389920890022313,1.4087985502328717,14,-0.012671680600068888,-0.013798719440255186,-0.015207517990488056,-0.0180251150909538,4
2007-04-20,0.010877955032056028,1.3571471163216045,6,0.010606525608791707,0.009520807915734423,0.008163660799412819,0.00544936656676961,4
2007-05-18,-0.03699844441204614,1.4170075181495903,14,-0.03728184591567606,-0.03841545193019573,-0.03983245944834532,-0.0426664744846445,4
2007-06-18,-0.028472452272224603,1.4861202604212698,10,-0.028769676324308855,-0.02995857253264587,-0.03144469279306714,-0.03441693331390968,4
2007-07-17,0.07847212061226945,1.3234485320581235,9,0.07820743090585783,0.07714867208021133,0.0758252235481532,0.07317832648403695,4
2007-08-14,0.011339503231217157,1.3383214826924628,12,0.011071838934678665,0.010001181748524695,0.008662860265832233,0.005986217300447306,4
2007-09-12,-0.07597370148293198,1.3126398126073326,15,-0.07623622944545344,-0.07728634129553931,-0.07859898110814664,-0.08122426073336131,4
2007-10-10,0.10697726895584084,1.3035391369629319,14,0.10671656112844825,0.1056737298188779,0.10437019068191497,0.1017631124079891,4
2007-11-07,0.012729266524377185,1.234108599641148,13,0.012482444804448956,0.011495157924736037,0.01026104932509489,0.007792832125812593,4
2007-12-06,0.08951236993395995,1.2790982872992331,11,0.0892565502765001,0.08823327164666071,0.08695417335936148,0.08439597678476302,4
2008-01-07,-0.042736851045659434,1.0080710040862948,6,-0.042938465246476695,-0.04374492204974573,-0.04475299305383203,-0.04676913506200461,4
2008-02-05,0.0938465412033483,1.2585486548958056,8,0.09359483147236915,0.0925879925484525,0.0913294438935567,0.08881234658376508,4
2008-03-05,-0.016892730858034253,1.3093679618896459,5,-0.017154604450412184,-0.0182020988199239,-0.019511466781813546,-0.022130202705592836,4
2008-04-03,0.009155240322321971,1.3087628276857812,5,0.008893487756784816,0.00784647749463619,0.006537714666950409,0.0039201890115788465,4
2008-05-01,0.005463427012338043,1.2256449621758936,4,0.005218298019902864,0.0042377820501621494,0.0030121370879862557,0.0005608471636344686,4
2008-05-30,0.038405202845616146,1.3582566729616286,4,0.03813355151102382,0.03704694617265452,0.03568868949969289,0.03297217615376963,4
2008-06-27,0.049844601877814934,1.2054960386761635,3,0.0496035026700797,0.04863910583913877,0.04743360980046261,0.04502261772311028,4
2008-07-28,-0.026382228959678997,1.0435836272134082,7,-0.02659094568512168,-0.027425812586892404,-0.028469396214105814,-0.03055656346853263,4
2008-08-25,-0.039981954578893426,1.2445084030145246,8,-0.04023085625949633,-0.04122646298190795,-0.04247097138492248,-0.044959988190951525,4
2008-09-23,0.13811432428005652,1.2023036970008112,4,0.13787386354065637,0.1369120205830557,0.1357097168860549,0.13330510949205326,4
2008-10-21,0.2209984100351772,1.1568932157114187,7,0.2207670313920349,0.2198415168194658,0.21868462360375437,0.21637083717233152,4
2008-11-18,-0.22323503106772113,1.141956377063817,4,-0.2234634223431339,-0.22437698744478496,-0.22551894382184876,-0.2278028565759764,4
2008-12-17,0.05988514465906145,1.524229489716466,7,0.05958029876111816,0.05836091516934499,0.05683668567962852,0.05378822670019559,4
2009-01-16,0.07613340635203458,1.031485878688779,4,0.07592710917629683,0.07510192047334581,0.07407043459465702,0.07200746283727946,4
2009-02-17,-0.06287498998918949,1.1231333258183176,2,-0.06309961665435315,-0.0639981233150078,-0.06512125664082612,-0.06736752329246276,4
2009-03-17,-0.27473525577962854,1.1685265826908087,0,-0.2749689610961667,-0.2759037823623193,-0.27707230894501017,-0.2794093621103918,4
2009-04-15,-0.10963755429363617,1.5656201185023981,1,-0.10995067831733665,-0.11120317441213856,-0.11276879453064097,-0.11590003476764577,4
2009-05-13,-0.09011655648542166,1.2118664889704693,0,-0.09035892978321576,-0.09132842297439213,-0.0925402894633626,-0.09496402244130354,4
2009-06-11,0.15724643389235554,1.3064815989515899,1,0.15698513757256521,0.15593995229340396,0.15463347069445235,0.1520205074965492,4
2009-07-10,-0.24016077058431332,1.0868845218596903,4,-0.24037814748868525,-0.241247655106173,-0.2423345396280327,-0.24450830867175208,4
2009-08-07,-0.013104897354604376,1.9216950664052463,3,-0.013489236367885425,-0.015026592421009623,-0.016948287487414868,-0.020791677620225362,4
2009-09-04,-0.029452540404903277,1.1902929502127966,3,-0.029690598994945836,-0.030642833355116073,-0.03183312630532887,-0.03421371220575446,4
2009-10-05,0.11712626868411487,1.1972913707464337,6,0.11688681040996558,0.11592897731336843,0.114731685942622,0.11233710320112913,4
2009-11-02,-0.015814485603661405,1.0354836926947348,2,-0.01602158234220035,-0.01684996929635614,-0.017885452989050876,-0.019956420374440346,4
2009-12-01,-0.04277958779201697,1.3103990746626355,4,-0.043041667606949496,-0.0440899868666796,-0.045400385941342235,-0.04802118409066751,4
2009-12-30,0.03162569889601842,1.36229443735603,4,0.031353240008547216,0.03026340445866239,0.02890111002130636,0.0261765211465943,4
2010-01-29,-0.05304044349931352,1.1297153571494924,6,-0.05326638657074342,-0.054170158856463015,-0.05529987421361251,-0.05755930492791149,4
2010-03-01,-0.013904195017645461,1.3199060391858874,4,-0.014168176225482639,-0.015224101056831349,-0.016544007096017235,-0.01918381917438901,4
2010-03-29,-0.03643394497896028,1.3197125209659732,5,-0.036697887483153474,-0.03775365749992625,-0.03907337002089222,-0.04171279506282417,4
2010-04-27,0.0741114224668803,1.342951183731473,5,0.073842832230134,0.07276847128314883,0.07142552009941736,0.0687396177319544,4
2010-05-25,0.030665137702098864,1.1857842782063055,5,0.030427980846457602,0.02947935342389256,0.028293569145686252,0.02592200058927364,4
2010-06-23,0.0010916728205167035,1.0880143252265841,5,0.0008740699554713867,3.658495290119381e-06,-0.0010843558299364648,-0.0032603844803896333,4
2010-07-22,0.03455907079148917,1.1374882234143193,9,0.03433157314680631,0.03342158256807485,0.03228409434466053,0.030009117897831894,4
2010-08-19,-0.038668944735128705,1.1718010959507146,3,-0.038903304954318846,-0.03984074583107942,-0.04101254692703014,-0.04335614911893156,4
2010-09-17,-0.05904511369534001,1.1199832225108832,7,-0.05926911033984219,-0.060165096917850894,-0.061285080140361776,-0.06352504658538355,4
2010-10-15,-0.008910447488077459,1.1811057493204675,7,-0.009146668637941552,-0.010091553237397927,-0.011272658986718394,-0.01363487048535933,4
2010-11-12,-0.06143240077005566,1.2159056970873585,9,-0.061675581909473136,-0.06264830646714302,-0.06386421216423038,-0.0662960235584051,4
2010-12-13,-0.05150455038388639,1.381476995159708,2,-0.05178084578291833,-0.0528860273790461,-0.054267504374205806,-0.05703045836452522,4
2011-01-11,0.021468216980319157,1.269245193499431,4,0.02121436794161927,0.020198971786819727,0.018929726593320297,0.016391236206321432,4
2011-02-09,0.07262089089291758,1.2457062609555234,10,0.07237174964072647,0.07137518463196206,0.07012947837100654,0.06763806584909549,4
2011-03-10,-0.036517785664052796,1.167596597853745,3,-0.03675130498362354,-0.03768538226190654,-0.03885297885976029,-0.04118817205546778,4
2011-04-07,0.05480206093891001,1.2733143446913593,8,0.05454739806997174,0.053528746594218655,0.05225543224952729,0.04970880356014457,4
2011-05-06,0.04644903652828641,1.2878542501233097,6,0.046191465678261746,0.0451611822781631,0.04387332802803979,0.04129761952779317,4
2011-06-06,-0.03303616034642355,1.235377188217191,9,-0.033283235784066986,-0.03427153753464074,-0.035506914722857934,-0.037977669099292316,4
2011-07-05,0.0499643751800702,1.1747003389476804,6,0.049729435112280666,0.04878967484112252,0.04761497450217484,0.04526557382427948,4
2011-08-02,0.0722638633099972,1.1760073870069268,4,0.07202866183259582,0.07108785592299027,0.06991184853598335,0.0675598337619695,4
2011-08-30,0.1553793375209989,1.228901455956387,7,0.15513355722980762,0.1541504360650425,0.1529215346090861,0.15046373169717334,4
2011-09-28,-0.09765767206043384,0.991245736096869,6,-0.09785592120765321,-0.0986489177965307,-0.09964016353262757,-0.10162265500482132,4
2011-10-26,0.08165806783192842,1.0683761682343893,4,0.08144439259828154,0.08058969166369402,0.07952131549545964,0.07738456315899087,4
2011-11-23,-0.01533959952169471,0.9512653251645263,8,-0.015529852586727616,-0.016290864846859238,-0.017242130172023765,-0.019144660822352815,4
2011-12-22,-0.08391958614171188,1.0896803789604539,3,-0.08413752221750398,-0.08500926652067234,-0.0860989468996328,-0.08827830765755369,4
2012-01-24,-0.0386554258893499,1.1787682764054637,9,-0.03889117954463099,-0.039834194165755364,-0.04101296244216083,-0.04337049899497175,4
2012-02-22,0.002925762164955695,1.2209295585011193,6,0.002681576253255471,0.0017048326064545759,0.0004839030479534567,-0.0019579560690487817,4
2012-03-21,0.06787801778078968,1.273336862079048,3,0.06762335040837388,0.06660468091871063,0.06533134405663159,0.0627846703324735,4
2012-04-19,0.11520490518715834,1.049177825484678,6,0.11499506962206141,0.11415572736167366,0.11310654953618898,0.11100819388521962,4
2012-05-17,0.016193640229108155,1.0996133406022803,3,0.0159737175609877,0.015094026888505875,0.013994413547903595,0.011795186866699035,4
2012-06-15,-0.002389875595204657,1.1455985872522587,6,-0.0026189953126551087,-0.0035354741824569157,-0.0046810727697091745,-0.006972269944213692,4
2012-07-16,-0.0413189197471396,0.9838980769892666,6,-0.041515699362537455,-0.04230281782412887,-0.043286715901118135,-0.04525451205509667,4
2012-08-13,-0.0646108910562707,1.223197209091026,3,-0.06485553049808891,-0.06583408826536173,-0.06705728547445275,-0.0695036798926348,4
2012-09-11,0.04248601067791027,1.3233675716518865,8,0.04222133716357989,0.04116264310625838,0.03983927553460649,0.03719254039130272,4
2012-10-09,0.03411752344095507,1.0525852239712303,3,0.03390700639616082,0.033064938216983836,0.03201235299301261,0.029907182545070146,4
2012-11-08,-0.003767004901359451,1.2384032233238667,5,-0.004014685546024225,-0.005005408124683318,-0.006243811348007184,-0.008720617794654918,4
2012-12-07,-0.047959370497287164,1.329795838196269,10,-0.04822532966492642,-0.049289166335483435,-0.0506189621736797,-0.05327855385007224,4
2013-01-08,0.015647268946627903,1.3676242947178145,3,0.01537374408768434,0.01427964465191009,0.012912020357192274,0.010176771767756644,4
2013-02-06,0.0012898095786309301,1.3581336266985709,8,0.001018182853291216,-6.832404806764083e-05,-0.0014264576747662118,-0.004142724928163354,4
2013-03-07,0.05033076102247249,1.3909280749431976,3,0.050052575407483854,0.048939832947529294,0.0475489048725861,0.0447670487226997,4
2013-04-05,-0.031960464863691654,1.2359602437625463,4,-0.03220765691244416,-0.0331964251074542,-0.034432385351216746,-0.03690430583874184,4
2013-05-03,-0.043011308059637675,1.3598277217731156,1,-0.0432832736039923,-0.04437113578141079,-0.045730963503183904,-0.04845061894673014,4
2013-06-03,-0.007972420631995363,1.5370154961168552,7,-0.008279823731218734,-0.009509436128112218,-0.011046451624229073,-0.014120482616462784,4
2013-07-01,-0.01982186129275606,1.2334880500689864,4,-0.020068558902769856,-0.021055349342825044,-0.022288837392894032,-0.024755813493032006,4
2013-07-30,0.005298460165435255,1.4328200762007568,6,0.005011896150195104,0.0038656400892344983,0.0024328200130337417,-0.0004328201393677721,4
2013-08-27,-0.0410915096926232,1.3766401386768647,2,-0.041366837720358575,-0.04246814983130007,-0.04384478996997693,-0.04659807024733066,4
2013-09-25,0.04209257444272766,1.3183630404064648,12,0.04182890183464637,0.040774211402321195,0.03945584836191473,0.036819122281101804,4
2013-10-23,0.046696488943504255,1.276844558273378,11,0.04644112003184958,0.04541964438523088,0.0441427998269575,0.04158911071041074,4
2013-11-20,-0.038043765095247484,1.3461332149152525,6,-0.03831299173823054,-0.039389898310162735,-0.04073603152507799,-0.04342829795490849,4
2013-12-19,-0.0697248514994785,1.401258599853119,5,-0.07000510321944912,-0.07112611009933162,-0.07252736869918475,-0.07532988589889097,4
2014-01-21,0.008344661211590509,1.4189777231447782,7,0.008060865666961552,0.00692568348844573,0.005506705765300952,0.0026687503190113955,4
2014-02-19,-0.016981242444413885,1.3192979168859267,3,-0.01724510202779107,-0.01830054036129981,-0.01961983827818574,-0.02225843411195759,4
2014-03-19,0.13857513852184272,1.3501062277993392,2,0.13830511727628286,0.13722503229404337,0.13587492606624405,0.13317471361064537,4
2014-04-16,0.05830399165781113,1.0915923079271177,5,0.05808567319622571,0.057212399349884015,0.0561208070419569,0.05393762242610266,4
2014-05-15,-0.06882791800120903,1.0994460491229578,3,-0.06904780721103362,-0.069927364050332,-0.07102681009945495,-0.07322570219770086,4
2014-06-13,0.010512294143186413,1.3684003669568914,3,0.010238614069795034,0.009143893776229522,0.007775493409272629,0.005038692675358847,4
2014-07-14,-0.019899165844993003,1.2026282882710873,4,-0.02013969150264722,-0.02110179413326409,-0.022304422421535176,-0.024709678998077352,4
2014-08-11,-0.009000746774483759,1.358568977479257,4,-0.00927246056997961,-0.010359315751963015,-0.011717884729442274,-0.014435022684400788,4
2014-09-09,0.06168199120759883,1.3443792652081048,3,0.061413115354557214,0.06033761194239073,0.05899323267718262,0.05630447414676641,4
2014-10-07,0.015791027268167848,1.1450246950895904,3,0.01556202232914993,0.014646002573078258,0.013500977877988667,0.011210928487809486,4
2014-11-04,0.06392106535024157,1.2615652266395734,3,0.06366875230491366,0.062659500123602,0.06139793489696242,0.058874804443683273,4
2014-12-03,-0.0018753661601850153,1.2658009970145374,6,-0.0021285263595879227,-0.0031411671571995527,-0.00440696815421409,-0.006938570148243165,4
2015-01-02,0.03741552556737737,1.1897895552512976,7,0.03717756765632711,0.03622573601212607,0.03503594645687478,0.03265636734637218,4
2015-02-02,-0.04468397548497691,1.1840186466190852,5,-0.044920779214300724,-0.04586799413159599,-0.04705201277821508,-0.049420050071453246,4
2015-03-03,0.028397698778357447,1.4341809399273884,8,0.02811086259037197,0.026963517838430057,0.02552933689850267,0.022660975018647892,4
2015-03-31,-0.00394361296755948,1.3617524002004298,4,-0.004215963447599566,-0.00530536536775991,-0.00666711776796034,-0.0093906225683612,4
2015-04-29,0.014404783686236811,1.281143173062763,8,0.014148555051624259,0.013123640513174049,0.011842497340111285,0.009280210993985759,4
2015-05-28,-0.017983276662129018,1.3769929899147237,6,-0.018258675260111962,-0.01936026965204374,-0.020737262641958465,-0.023491248621787912,4
2015-06-25,0.03484784604654487,1.3766422820604347,6,0.03457251759013278,0.03347120376448443,0.032094561482424,0.029341276918303127,4
2015-07-24,0.10716922299528932,1.2457681339002336,7,0.10692006936850927,0.10592345486138909,0.10467768672748885,0.10218615045968839,4
2015-08-21,-0.03297245998325555,1.3067172099011228,5,-0.033233803425235776,-0.03427917719315667,-0.035585894403057795,-0.03819932882286004,4
2015-09-21,0.059559989433788985,1.3793361288767199,7,0.05928412220801364,0.05818065330491227,0.056801317176035544,0.054042644918282104,4
2015-10-19,0.005680165371040493,1.2350813027449101,6,0.005433149110491511,0.004445084068295583,0.0032100027655506723,0.000739840160060852,4
2015-11-16,0.02997038936584937,1.2016540651785994,7,0.029730058552813653,0.028768735300670773,0.027567081235492175,0.025163773105134974,4
2015-12-15,0.11979788422939369,1.3513195657336057,3,0.11952762031624697,0.11844656466366009,0.11709524509792649,0.11439260596645927,4
2016-01-14,0.10039774061521363,1.0318641593843076,10,0.10019136778333677,0.09936587645582932,0.09833401229644502,0.0962702839776764,4
2016-02-12,-0.17251271615668193,1.066607120203283,4,-0.17272603758072258,-0.17357932327688522,-0.1746459303970885,-0.17677914463749506,4
2016-03-14,-0.03424137183354922,1.4918245997904742,6,-0.03453973675350732,-0.0357331964333397,-0.03722502103313017,-0.040208670232711116,4
2016-04-12,0.02970987095912667,1.1629570329983814,6,0.029477279552526995,0.02854691392612829,0.027383956893129908,0.025058042827133142,4
2016-05-10,-0.0891885116043802,1.2200980410904874,4,-0.0894325312125983,-0.09040860964547068,-0.09162870768656117,-0.09406890376874215,4
2016-06-08,0.060494610072769746,1.4125664672705813,7,0.06021209677931563,0.059082043605499165,0.057669477138228585,0.05484434420368742,4
2016-07-07,-0.09108901993370569,1.289931735122241,7,-0.09134700628073014,-0.09237895166882792,-0.09366888340395017,-0.09624874687419466,4
2016-08-04,-0.04120462989307802,1.4074958649983844,10,-0.041486129066077695,-0.04261212575807641,-0.04401962162307479,-0.046834613353071555,4
2016-09-01,-0.04093409392195781,1.3616204323277272,12,-0.04120641800842336,-0.042295714354285543,-0.04365733478661327,-0.04638057565126872,4
2016-09-30,0.0978172415050827,1.4171341160976505,6,0.09753381468186317,0.09640010738898505,0.09498297327288739,0.0921487050406921,4
2016-10-28,-0.0985844500429945,1.2286256446475605,6,-0.09883017517192401,-0.09981307568764206,-0.10104170133228962,-0.10349895262158475,4
2016-11-28,-0.0006758149489629352,1.5166936715313108,10,-0.0009791536832691973,-0.0021925086204942464,-0.0037092022920255574,-0.006742589635088179,4
2016-12-27,0.013798318746426019,1.2736432035954413,5,0.01354359010570693,0.012524675542830578,0.011251032339235136,0.008703745932044253,4
2017-01-26,0.00412417536209595,1.2152746851397442,10,0.0038811204250680017,0.0029089006769562062,0.0016936259918164617,-0.000736923378463027,4
2017-02-24,0.03196626014288654,1.2838075696904163,7,0.03170949862894846,0.03068245257319612,0.029398645003505707,0.026831029864124875,4
2017-03-24,0.015053293219687605,1.3451331726050628,9,0.014784266585166593,0.013708160047082543,0.01236302687447748,0.009672760529267355,4
2017-04-24,0.01235219663762524,1.1865742415114993,3,0.01211488178932294,0.01116562239611374,0.009979048154602242,0.007605899671579243,4
2017-05-22,0.017983528902510208,1.2327598627644707,5,0.017736976929957314,0.016750769039745737,0.015518009176981266,0.013052489451452324,4
2017-06-20,-0.04951945716681013,1.1676588521354363,5,-0.049752988937237216,-0.050687116018945565,-0.051854774871081005,-0.05419009257535187,4
2017-07-19,0.07796245211666215,1.1008081066050914,8,0.07774229049534113,0.07686164401005706,0.07576083590345196,0.07355921969024179,4
2017-08-16,-0.04817212693608621,1.1451562128273496,7,-0.04840115817865168,-0.04931728314891356,-0.05046243936174091,-0.05275275178739561,4
2017-09-14,-0.016983013119840646,1.2548773309426005,10,-0.017233988586029165,-0.018237890450783247,-0.01949276778172585,-0.022002522443611047,4
2017-10-12,0.03139958490491771,1.2879492007986437,3,0.031141995064757982,0.030111635704119066,0.028823686503320425,0.026247788101723138,4
2017-11-09,-0.015590471948748167,1.273682684984946,6,-0.015845208485745155,-0.016864154633733114,-0.01813783731871806,-0.02068520268868795,4
2017-12-08,-0.055927659102919906,1.3478796316918826,5,-0.05619723502925828,-0.05727553873461179,-0.05862341836630367,-0.06131917762968744,4
2018-01-09,-0.007416976356668102,1.314583102995519,7,-0.007679892977267205,-0.008731559459663621,-0.010046142562659139,-0.012675308768650178,4
2018-02-07,-0.030131646900923594,1.3551161190335084,8,-0.030402670124730295,-0.0314867630199571,-0.03284187913899061,-0.035552111377057626,4
2018-03-08,0.05250565847992901,1.5100415326167833,8,0.052203650173405655,0.05099561694731223,0.04948557541469544,0.04646549234946187,4
2018-04-06,-0.04196581033064902,1.3539724565485194,5,-0.04223660482195873,-0.04331978278719754,-0.04467375524374606,-0.0473817001568431,4
2018-05-04,-0.07473922359656658,1.3673802074168866,6,-0.07501269963804996,-0.07610660380398347,-0.07747398401140035,-0.08020874442623413,4
2018-06-04,-0.01474877509886407,1.6609020557814727,9,-0.015080955510020365,-0.016409677154645544,-0.018070579210427016,-0.02139238332198996,4
2018-07-02,0.052900495610595774,1.3881562454003444,4,0.052622864361515705,0.05151233936519543,0.050124183119795086,0.0473478706289944,4
2018-07-31,-0.020698945390718086,1.3715741865664706,5,-0.02097326022803138,-0.022070519577284557,-0.023442093763851028,-0.02618524213698397,4
2018-08-28,0.014026371739063686,1.5882534823213883,0,0.013708721042599408,0.012438118256742297,0.01084986477442091,0.007673357809778133,4
2018-09-26,0.10425417266986746,1.342976424773044,11,0.10398557738491285,0.10291119624509441,0.10156821982032137,0.09888226697077529,4
2018-10-24,0.016483199880898268,1.2679851871533554,7,0.016229602843467597,0.015215214693744913,0.013947229506591557,0.011411259132284846,4
2018-11-21,0.09866647177528731,1.2167551086686044,12,0.0984231207535536,0.09744971666661871,0.09623296155795011,0.09379945134061289,4
2018-12-21,-0.13207154010817854,1.1548976830429005,5,-0.13230251964478712,-0.13322643779122142,-0.13438133547426434,-0.13669113084035014,4
2019-01-23,-0.06208239855944082,1.363615605816057,9,-0.06235512168060403,-0.06344601416525687,-0.06480962977107294,-0.06753686098270505,4
2019-02-21,-0.014627632013451172,1.4844029014241333,8,-0.014924512593735999,-0.016112034914875305,-0.017596437816299437,-0.020565243619147706,4
2019-03-21,0.061387139614731946,1.4787142938217275,4,0.0610913967559676,0.059908425320910216,0.05842971102708849,0.055472282439445034,4
2019-04-18,0.029209093356034457,1.114713379864696,2,0.02898615068006152,0.028094379976169762,0.026979666596305067,0.024750239836575674,4
2019-05-17,0.05902260720754472,1.1593289534722433,3,0.05879074141685027,0.057863278254072475,0.056703949300600236,0.05438529139365575,4
2019-06-17,0.00014409900865666378,1.2104066354405745,6,-9.798231843145111e-05,-0.0010663076267839106,-0.002276714262224485,-0.004697527533105634,4
2019-07-16,0.05597544418033816,1.1935827573934337,5,0.05573672762885947,0.05478186142294473,0.05358827866555129,0.05120111315076443,4
2019-08-13,-0.039670663327229995,1.2482088518800287,2,-0.039920305097606,-0.04091887217911002,-0.04216708103099005,-0.04466349873475011,4
2019-09-11,0.12188098706549969,1.2994950474226994,9,0.12162108805601514,0.12058149201807698,0.11928199697065428,0.11668300687580889,4
2019-10-09,-0.06850648425265787,1.0547218921807275,7,-0.06871742863109402,-0.0695612061448386,-0.07061592803701933,-0.07272537182138078,4
2019-11-06,-0.01518819515477876,1.3196395484768915,6,-0.01545212306447414,-0.016507834703255654,-0.017827474251732544,-0.020466753348686327,4
2019-12-05,-0.052153568303067846,1.5311079532203524,7,-0.05245978989371192,-0.0536846762562882,-0.05521578420950855,-0.058278000115949254,4
2020-01-06,0.05613733926198715,1.462043256785141,5,0.055844930610630124,0.05467529600520201,0.053213252748416866,0.05028916623484658,4
2020-02-04,-0.011455167007874795,1.2242405434838795,3,-0.011700015116571571,-0.012679407551358674,-0.013903648094842555,-0.016352129181810313,4
2020-03-04,0.11547930831723735,1.4010401181208685,6,0.11519910029361317,0.11407826819911648,0.11267722808099562,0.10987514784475387,4
2020-04-01,-0.33172700298142765,1.3199053419831888,2,-0.3319909840498243,-0.33304690832341083,-0.33436681366539406,-0.3370066243493604,4
2020-04-30,-0.05145685853290804,2.0099987316659065,1,-0.05185885827924122,-0.053466857264573946,-0.05547685599623985,-0.05949685345957166,4
2020-05-29,-0.08930131998372068,1.2378175701333596,3,-0.08954888349774735,-0.09053913755385404,-0.0917769551239874,-0.09425259026425412,4
2020-06-26,0.00947326170538859,1.1570424282061553,4,0.009241853219747359,0.008316219277182435,0.00715917684897628,0.004845091992563969,4
2020-07-27,-0.0029155570134956187,1.175261598295634,3,-0.0031506093331547455,-0.004090818611791253,-0.0052660802100868865,-0.007616603406678155,4
2020-08-24,-0.03401021675832975,1.280350921884015,2,-0.03426628694270655,-0.03529056768021376,-0.03657091860209778,-0.03913162044586581,4
2020-09-22,0.024087425993770988,1.269993489083743,5,0.02383342729595424,0.022817432504687245,0.021547439015603503,0.019007452037436017,4
2020-10-20,-0.02114576652774655,1.1749623235858033,4,-0.02138075899246371,-0.022320728851332353,-0.02349569117491816,-0.025845615822089767,4
2020-11-17,-0.11937197994116566,1.3540893778060847,2,-0.11964279781672688,-0.12072606931897174,-0.12208015869677784,-0.12478833745239,4
2020-12-16,-0.15319850696527465,1.478500004415441,7,-0.15349420696615773,-0.15467700696969008,-0.15615550697410555,-0.1591125069829364,4
2021-01-15,-0.280010737285546,1.4503300034388342,5,-0.28030080328623375,-0.28146106728898485,-0.28291139729242365,-0.2858120572993013,4
2021-02-16,0.1294103132151914,1.8446796991685996,3,0.12904137727535767,0.1275656335160228,0.1257209538168542,0.12203159441851699,4
2021-03-16,0.15984365016838586,1.1301584688927964,3,0.15961761847460731,0.15871349169949306,0.15758333323060028,0.15532301629281467,4
2021-04-14,0.12364926525964397,1.0618738431012893,10,0.12343689049102372,0.12258739141654268,0.12152551757344139,0.11940176988723882,4
2021-05-12,-0.19954661946650132,1.121656241365105,7,-0.19977095071477433,-0.2006682757078664,-0.20178993194923153,-0.20403324443196175,4
2021-06-10,0.020378869454185017,1.5516126397045213,4,0.020068546926244112,0.018827256814480494,0.017275644174775975,0.014172418895366933,4
2021-07-09,0.09822148232488714,1.0699292444864803,5,0.09800749647598984,0.09715155308040066,0.09608162383591418,0.09394176534694122,4
2021-08-06,-0.0074146148727732356,1.1089753546949765,6,-0.007636409943712231,-0.008523590227468212,-0.009632565582163188,-0.011850516291553141,4
2021-09-03,0.01696244219593169,1.2281614858455427,7,0.01671680989876258,0.015734280710086146,0.014506119224240603,0.012049796252549518,4
2021-10-04,-0.046068190087584816,1.1012834319141922,4,-0.04628844677396766,-0.04716947351949901,-0.0482707569514132,-0.05047332381524158,4
2021-11-01,0.08186278843539745,1.289934790551261,10,0.0816048014772872,0.08057285364484619,0.07928291885429492,0.07670304927319241,4
2021-11-30,0.13801791740258304,1.2778495644927874,5,0.1377623474896845,0.13674006783809026,0.13546221827359747,0.13290651914461188,4
2021-12-29,0.23618746166916715,1.137294183833949,1,0.23596000283240037,0.2350501674853332,0.23391287330149926,0.23163828493383135,4
2022-01-27,-0.058192667886412454,1.0454903277506509,3,-0.058401765951962586,-0.0592381582141631,-0.06028364854191376,-0.06237462919741506,4
2022-02-25,-0.005379832582809332,1.1289536232406236,9,-0.005605623307457457,-0.006508786206049956,-0.00763773982929058,-0.009895647075771827,4
2022-03-25,0.1532396283884374,1.2058169417574998,6,0.1529984650000859,0.1520338114466799,0.1508279945049224,0.14841636062140742,4
2022-04-25,0.10887054675113,1.1059631011267352,7,0.10864935413090465,0.10776458365000327,0.10665862054887654,0.10444669434662307,4
2022-05-23,-0.005680831437265448,1.0823495682558697,6,-0.005897301350916622,-0.006763181005521318,-0.007845530573777187,-0.010010229710288927,4
2022-06-22,-0.11633110454441253,1.0218191662041156,7,-0.11653546837765336,-0.11735292371061665,-0.11837474287682076,-0.120418381209229,4
2022-07-21,-0.053722399127199956,1.2034946732828022,9,-0.053963098061856514,-0.05492589380048276,-0.05612938847376556,-0.058536377820331165,4
2022-08-18,0.057141098370554956,1.3044213229156971,4,0.05688021410597182,0.05583667704763926,0.05453225572472356,0.051923413078892165,4
2022-09-16,0.09759595980919511,1.1620740189105434,9,0.097363545005413,0.09643388579028457,0.09527181177137402,0.09294766373355294,4
2022-10-14,-0.05299995291206826,1.144826865953041,6,-0.053228918285258865,-0.0541447797780213,-0.05528960664397434,-0.05757926037588042,4
2022-11-11,0.09234153605551351,1.41512182758182,9,0.09205851168999715,0.0909264142279317,0.08951129240034987,0.08668104874518623,4
2022-12-12,-0.045645186575859864,1.223077028089946,9,-0.04588980198147785,-0.04686826360394981,-0.04809134063203976,-0.05053749468821965,4
2023-01-11,-0.07241828951967635,1.2286999102773368,5,-0.07266402950173183,-0.0736469894299537,-0.07487568934023103,-0.0773330891607857,4
2023-02-09,0.1019237852953086,1.3127070935541523,10,0.10166124387659776,0.10061107820175445,0.09929837110820029,0.09667295692109198,4
2023-03-10,0.019963815383867305,1.2713072623253523,7,0.019709553931402234,0.018692508121541954,0.017421200859216602,0.014878586334565895,4
2023-04-10,0.02944148730310936,1.3745041305866192,4,0.029166586476992034,0.02806698317252274,0.02669247904193612,0.023943470780762883,4
2023-05-08,-0.12713820236458545,1.299431687634097,3,-0.12739808870211228,-0.12843763405221956,-0.12973706573985364,-0.13233592911512185,4
2023-06-06,0.02017904118144335,1.4611069238593888,6,0.019886819796671475,0.018717934257583963,0.017256827333724575,0.014334613486005798,4
2023-07-06,-0.036499539442376425,1.1083969420066628,4,-0.03672121883077776,-0.03760793638438309,-0.03871633332638975,-0.04093312721040308,4
2023-08-03,0.046957415671649974,1.2156213241121474,6,0.04671429140682754,0.04574179434753783,0.04452617302342568,0.042094930375201386,4
2023-08-31,0.06804513091721247,1.3606638778652016,3,0.06777299814163942,0.06668446703934727,0.06532380316148206,0.06260247540575166,4
2023-09-29,0.10754324942147203,1.2376430996111256,5,0.10729572080154981,0.10630560632186091,0.10506796322224977,0.10259267702302753,4
2023-10-27,-0.0825476829821246,1.1818697565115417,7,-0.08278405693342691,-0.08372955273863614,-0.08491142249514769,-0.08727516200817077,4
2023-11-27,-0.21832974032449626,1.4609939118197683,4,-0.2186219391068602,-0.21979073423631604,-0.2212517281481358,-0.22417371597177532,4
2006-01-11,0.002396590224516045,0.9999999999999979,6,0.0021965902245160455,0.0013965902245160473,0.00039659022451604947,-0.0016034097754839462,5
2006-02-09,0.02635547737795985,1.430121025279917,7,0.026069453172903868,0.024925356352679933,0.023495235327400017,0.02063499327684018,5
2006-03-10,-0.058307014798734055,1.4128536793436974,11,-0.05858958553460279,-0.05971986847807775,-0.06113272215742145,-0.06395842951610885,5
2006-04-07,0.0021748972708886195,1.4265288424373732,5,0.001889591502401145,0.0007483684284512464,-0.0006781604139861268,-0.003531218098860873,5
2006-05-08,0.0875738189542938,1.3780685032466864,8,0.08729820525364446,0.0861957504510471,0.08481768194780043,0.08206154494130705,5
2006-06-06,0.006269791293570445,1.26454586956768,8,0.006016882119656909,0.005005245424002765,0.003740699554435085,0.0012116078152997253,5
2006-07-05,0.07566255887335795,1.0890245182897562,8,0.07544475396969999,0.0745735343550682,0.07348450983677843,0.07130646080019892,5
2006-08-02,-0.030521091963416392,1.220221672173744,3,-0.03076513629785114,-0.031741313635590136,-0.03296153530776388,-0.035401978652111366,5
2006-08-30,-0.018140940729307983,1.3777200613066503,3,-0.018416484741569313,-0.019518660790614633,-0.020896380851921283,-0.023651820974534585,5
2006-09-28,-0.05484321986348414,1.1864903836888263,6,-0.0550805179402219,-0.056029710247172966,-0.05721620063086179,-0.05958918139823944,5
2006-10-26,-0.014576278236250639,1.2913446571945393,10,-0.014834547167689546,-0.015867622893445177,-0.01715896755063972,-0.019741656865028795,5
2006-11-24,0.03288156618465409,1.3513091758667999,10,0.03261130434948073,0.03153025700878729,0.03017894783292049,0.027476329481186893,5
2006-12-22,0.023761080545261697,1.2577301162710715,10,0.023509534522007484,0.022503350428990626,0.021245620312719555,0.018730160080177412,5
2007-01-25,-0.02687175587348335,1.2392244033167577,16,-0.0271196007541467,-0.028110980276800108,-0.029350204680116863,-0.03182865348675038,5
2007-02-23,0.018117116630348214,1.4920544342955557,4,0.0178187057434891,0.016625062196052656,0.015133007761757102,0.01214889889316599,5
2007-03-23,-0.01258485822435908,1.4112671655477427,14,-0.012867111657468629,-0.013996125389906824,-0.015407392555454567,-0.018229926886550053,5
2007-04-23,0.005753534332482404,1.356602904899702,6,0.005482213751502463,0.004396931427582702,0.003040328522683,0.0003271227128835959,5
2007-05-21,-0.031102803161244145,1.423779050191166,15,-0.03138755897128238,-0.03252658221143531,-0.033950361261626476,-0.03679791936200881,5
2007-06-19,-0.024330229565029067,1.4627753146023408,9,-0.024622784627949534,-0.025793004879631407,-0.027255780194233747,-0.03018133082343843,5
2007-07-18,0.08308697358708651,1.3483489596776108,9,0.082817303795151,0.0817386246274089,0.0803902756677313,0.07769357774837607,5
2007-08-15,-0.0007334810917498128,1.3493795912154818,13,-0.0010033570099929091,-0.0020828606829652947,-0.0034322402741807766,-0.00613099945661174,5
2007-09-13,-0.06231870260516574,1.3384079626998528,15,-0.06258638419770571,-0.06365711056786559,-0.06499551853056544,-0.06767233445596516,5
2007-10-11,0.1064678565973417,1.2730251429076107,13,0.10621325156876019,0.10519483145443409,0.10392180631152648,0.10137575602571126,5
2007-11-08,-0.003076752187665026,1.2259403451554753,13,-0.003321940256696121,-0.004302692532820502,-0.005528632877975977,-0.007980513568286928,5
2007-12-07,0.12204680028466164,1.2773254954006066,11,0.12179133518558152,0.12076947478926103,0.11949214929386043,0.11693749830305922,5
2008-01-08,-0.06576776282716185,1.0288346565226323,7,-0.06597352975846638,-0.06679659748368448,-0.06782543214020711,-0.06988310145325237,5
2008-02-06,0.10412180813830407,1.2767083478585681,9,0.10386646646873236,0.10284509979044551,0.10156839144258693,0.0990149747468698,5
2008-03-06,-0.042741459666270416,1.2830926180538131,5,-0.04299807818988118,-0.04402455228432423,-0.04530764490237804,-0.04787383013848567,5
2008-04-04,-0.002697000297525935,1.3435953152741784,4,-0.002965719360580771,-0.004040595612800114,-0.0053841909280742915,-0.008071381558622649,5
2008-05-02,0.012079748763647207,1.2412196361674104,4,0.011831504836413726,0.010838529127479797,0.009597309491312387,0.007114870218977566,5
2008-06-02,0.0212631335558431,1.3549858286765952,5,0.02099213639010778,0.019908147727166505,0.01855316189848991,0.015843190241136722,5
2008-06-30,-0.013828749739744796,1.2253223345202282,4,-0.014073814206648843,-0.015054072074265025,-0.01627939440878525,-0.018730039077825708,5
2008-07-29,0.03585479974144994,1.0825946879300503,8,0.035638280803863935,0.03477220505351989,0.033689610365589845,0.03152442098972974,5
2008-08-26,-0.0242168687739593,1.2070830792424934,6,-0.024458285389807797,-0.02542395185320179,-0.026631034932444286,-0.02904520109092927,5
2008-09-24,0.15999341254678634,1.1898489368754157,4,0.15975544275941125,0.15880356360991094,0.1576137146730355,0.15523401679928467,5
2008-10-22,0.20776163976943096,1.134627062654219,8,0.20753471435690013,0.20662701270677675,0.20549238564412253,0.20322313151881408,5
2008-11-19,-0.30085395346984256,1.154296924380693,2,-0.3010848128547187,-0.30200825039422324,-0.3031625473186039,-0.30547114116736535,5
2008-12-18,0.08665359399556156,1.7756425078519407,7,0.08629846549399117,0.08487795148770963,0.08310230897985768,0.0795510239641538,5
2009-01-20,0.023061311147333785,1.0500894986553082,3,0.022851293247602725,0.022011221648678476,0.020961132150023168,0.01886095315271255,5
2009-02-18,-0.11965234749556737,1.1039133016771863,2,-0.11987313015590281,-0.12075626079724455,-0.12186017409892175,-0.12406800070227611,5
2009-03-18,-0.22540908174365504,1.2542867295235423,0,-0.22565993908955975,-0.22666336847317858,-0.22791765520270213,-0.2304262286617492,5
2009-04-16,-0.11751494526160572,1.4506149116010625,1,-0.11780506824392593,-0.11896556017320678,-0.12041617508480784,-0.12331740490800996,5
2009-05-14,-0.045794321255109155,1.1347067926178278,0,-0.04602126261363272,-0.04692902804772698,-0.04806373484034481,-0.05033314842558047,5
2009-06-12,0.11184533243414983,1.2865312356730838,1,0.11158802618701522,0.11055880119847675,0.10927226996280366,0.1066992074914575,5
2009-07-13,-0.22042395287614058,1.0937518922737683,3,-0.22064270325459534,-0.22151770476841434,-0.22261145666068813,-0.22479896044523565,5
2009-08-10,-0.011291738414755993,1.804688753364795,3,-0.01165267616542895,-0.013096427168120787,-0.014901115921485582,-0.018510493428215175,5
2009-09-08,-0.032241348385610914,1.1522878967545813,3,-0.03247180596496183,-0.033393636282365496,-0.03454592417912008,-0.036850499972629236,5
2009-10-06,0.09673296110326736,1.1987573124922917,6,0.0964932096407689,0.09553420379077507,0.09433544647828278,0.0919379318532982,5
2009-11-03,0.008624999795329696,1.0214576973132017,2,0.008420708255867056,0.007603542098016494,0.006582084400703292,0.004539169006076889,5
2009-12-02,-0.03202364261850959,1.35300474120415,4,-0.03229424356675042,-0.03337664735971374,-0.03472965210091789,-0.03743566158332619,5
2009-12-31,0.0073454421731160985,1.3577189675253851,4,0.007073898379611022,0.005987723205590713,0.004630004238065328,0.0019145663030145582,5
2010-02-01,-0.03588316830057599,1.165525658489147,6,-0.03611627343227382,-0.03704869395906513,-0.03821421961755428,-0.04054527093453258,5
2010-03-02,-0.023185872611019447,1.3184847075531638,4,-0.02344956955253008,-0.02450435731857261,-0.025822842026125774,-0.0284598114412321,5
2010-03-30,-0.03238181834450278,1.3483273802612574,5,-0.03265148382055503,-0.03373014572476404,-0.03507847310502529,-0.03777512786554781,5
2010-04-28,0.06831576131442213,1.3214625619270681,4,0.06805146880203672,0.06699429875249506,0.06567283619056799,0.06302991106671385,5
2010-05-26,0.05802706126180946,1.14086326091814,4,0.057798888609625836,0.05688619800089132,0.05574533473997318,0.0534636082181369,5
2010-06-24,-0.04100600725753912,1.0606597919501681,6,-0.04121813921592915,-0.04206666704948929,-0.04312732684143945,-0.045248646425339795,5
2010-07-23,0.06288189152354999,1.1603026690998628,9,0.06264983098973002,0.06172158885445013,0.06056128618535026,0.05824068084715054,5
2010-08-20,-0.0577911899046567,1.2024796577284746,3,-0.0580316858362024,-0.05899366956238518,-0.060196149220113654,-0.0626011085355706,5
2010-09-20,-0.04520758081378449,1.2322989071927313,8,-0.04545404059522303,-0.04643987972097722,-0.04767217862816995,-0.05013677644255542,5
2010-10-18,-0.007307960015913366,1.1840461876719588,6,-0.007544769253447757,-0.008492006203585324,-0.009676052391257283,-0.0120441447666012,5
2010-11-15,-0.05216626956488129,1.2484612415125915,9,-0.05241596181318381,-0.05341473080639388,-0.05466319204790647,-0.05716011453093166,5
2010-12-14,-0.06902767044868519,1.3247355462317765,2,-0.06929261755793154,-0.07035240599491696,-0.07167714154114874,-0.07432661263361229,5
2011-01-12,0.028263057620395663,1.3226957934221715,4,0.02799851846171123,0.026940361826973493,0.02561766603355132,0.022972274446706978,5
2011-02-10,0.0730269714299092,1.2262980968765598,9,0.07278171181053389,0.07180067333303264,0.07057437523615608,0.06812177904240296,5
2011-03-11,-0.03964297930650934,1.1562965940058616,2,-0.03987423862531051,-0.0407992759005152,-0.041955572494521066,-0.044268165682532785,5
2011-04-08,0.05092751614682822,1.294624169376856,7,0.05066859131295285,0.04963289197745137,0.04833826780807451,0.0457490194693208,5
2011-05-09,0.04770725333275922,1.3118858803864732,6,0.04744487615668193,0.04639536745237275,0.04508348157198627,0.04245970981121333,5
2011-06-07,-0.025059016752023267,1.2239869791135016,11,-0.025303814147845965,-0.02628300373113677,-0.02750699071025027,-0.029954964668477274,5
2011-07-06,0.04752240809139582,1.1344399256716138,5,0.04729552010626149,0.0463879681657242,0.04525352824005259,0.042984648388709364,5
2011-08-03,0.09469709210323815,1.0965821774236584,4,0.09447777566775342,0.09360050992581449,0.09250392774839084,0.09031076339354352,5
2011-08-31,0.14480725680262077,1.1893548944889698,6,0.14456938582372297,0.1436179019081318,0.14242854701364283,0.14004983722466488,5
2011-09-29,-0.16140265533928116,1.0113375954906085,6,-0.1616049228583793,-0.16241399293477177,-0.16342533053026237,-0.1654480057212436,5
2011-10-27,0.13091339252320958,1.1867935850837763,4,0.13067603380619283,0.1297265989381258,0.12853980535304202,0.12616621818287446,5
2011-11-25,-0.03362878570888322,0.9866496008761366,8,-0.03382611562905845,-0.03461543530975936,-0.03560208491063549,-0.03757538411238776,5
2011-12-23,-0.1160411864240083,1.096708265552538,3,-0.11626052807711881,-0.11713789468956085,-0.11823460295511339,-0.12042801948621845,5
2012-01-25,-0.04143969650216592,1.3023098682387328,11,-0.04170015847581367,-0.04274200637040465,-0.04404431623864338,-0.04664893597512085,5
2012-02-23,0.03192530914477218,1.2347029250057486,4,0.03167836855977103,0.03069060621976643,0.029455903294760683,0.026986497444749184,5
2012-03-22,0.06421563113667983,1.20547515931266,3,0.06397453610481729,0.06301015597736717,0.06180468081805451,0.05939373049942919,5
2012-04-20,0.11101178858438056,1.041087469385795,6,0.1108035710905034,0.10997070111499477,0.10892961364560896,0.10684743870683738,5
2012-05-18,0.007446709283337264,1.0919848032689459,3,0.007228312322683475,0.006354724480068318,0.005262739676799372,0.0030787700702614804,5
2012-06-18,0.00027656231155952704,1.1211836873686158,7,5.232557408580386e-05,-0.0008446213758090888,-0.0019658050631777045,-0.0042081724379149366,5
2012-07-17,-0.04312237420447578,1.0141243760408905,5,-0.04332519907968396,-0.04413649858051667,-0.045150622956557564,-0.047178871708639346,5
2012-08-14,-0.08359392258082152,1.241774719875895,2,-0.0838422775247967,-0.08483569730069741,-0.08607747202057331,-0.0885610214603251,5
2012-09-12,0.05725733378775638,1.3230810754631186,8,0.056992717572663755,0.05593425271229326,0.054611171636830144,0.05196500948590391,5
2012-10-10,0.027280120642641393,1.0016346410698393,2,0.027079793714427425,0.026278486001571552,0.025276851360501715,0.023273582078362037,5
2012-11-09,0.0029971906884681235,1.23034879581242,5,0.0027511209293056395,0.0017668418926557036,0.0005364930968432837,-0.0019242044947815561,5
2012-12-10,-0.041358715964354795,1.3063861600782822,10,-0.04161999319637045,-0.04266510212443308,-0.04397148828451136,-0.04658426060466792,5
2013-01-09,0.02147976528510259,1.3242650785901469,2,0.02121491226938456,0.020155500206512442,0.018831235127922296,0.016182704970742,5
2013-02-07,-0.005041946855589158,1.3278094791038861,7,-0.005307508751409935,-0.006369756334693044,-0.007697565813796931,-0.010353184772004703,5
2013-03-08,0.048466296822572176,1.407652275925838,3,0.04818476636738701,0.047058644546646336,0.0456509922707205,0.04283568771886882,5
2013-04-08,-0.040272337834849015,1.2205158360711261,4,-0.04051644100206324,-0.04149285367092014,-0.04271336950699127,-0.04515440117913352,5
2013-05-06,-0.02305523507683664,1.3350123232526256,2,-0.023322237541487167,-0.024390247400089268,-0.025725259723341894,-0.028395284369847146,5
2013-06-04,-0.004445582146082228,1.4440978802029822,8,-0.004734401722122824,-0.00588968002628521,-0.007333777906488192,-0.010221973666894157,5
2013-07-02,-0.030159111325513813,1.2945352227528988,5,-0.030418018370064394,-0.03145364654826671,-0.03274818177101961,-0.03533725221652541,5
2013-07-31,0.007988428435677389,1.431931865273469,3,0.007702042062622695,0.00655649657040392,0.00512456470513045,0.002260700974583513,5
2013-08-28,-0.03923262249757303,1.3252646729512425,2,-0.03949767543216328,-0.040557887170524276,-0.04188315184347552,-0.044533681189378005,5
2013-09-26,0.03661303303808954,1.3621990024152366,12,0.036340593237606494,0.035250834035674306,0.03388863503325907,0.031164237028428597,5
2013-10-24,0.044156800150753135,1.2647675930632858,8,0.043903846632140475,0.04289203255768985,0.04162726496462656,0.03909772977849999,5
2013-11-21,-0.03595941890558164,1.363445433070444,6,-0.03623210799219573,-0.03732286433865208,-0.03868630977172253,-0.04141320063786341,5
2013-12-20,-0.06571232454129214,1.385159808433951,4,-0.06598935650297894,-0.0670974843497261,-0.06848264415816004,-0.07125296377502795,5
2014-01-22,-0.0018014965365920478,1.3678356608096864,7,-0.002075063668753985,-0.0031693321974017342,-0.00453716785821142,-0.007272839179830794,5
2014-02-20,-0.00900714853611462,1.3288852638004605,3,-0.00927292558887471,-0.01033603379991508,-0.01166491906371554,-0.01432268959131646,5
2014-03-20,0.12197084316192708,1.3913109757607462,3,0.12169258096677493,0.12057953218616634,0.11918822121040559,0.1164055992588841,5
2014-04-17,0.07144867465978845,1.1148872584058835,4,0.07122569720810727,0.07033378740138256,0.06921890014297669,0.06698912562616491,5
2014-05-16,-0.08214956758444826,1.157091225918558,4,-0.08238098582963198,-0.08330665881036682,-0.08446375003628538,-0.08677793248812249,5
2014-06-16,0.04920742885269554,1.408973560907946,3,0.04892563414051395,0.04779845529178759,0.046389481730879645,0.04357153460906375,5
2014-07-15,-0.030342532265512923,1.1588106551784956,4,-0.030574294396548622,-0.03150134292069142,-0.03266015357586991,-0.03497777488622691,5
2014-08-12,-0.03430380949821515,1.3503588478247013,4,-0.03457388126778009,-0.03565416834603985,-0.03700452719386455,-0.03970524488951395,5
2014-09-10,0.0698330873220106,1.359196280909325,3,0.06956124806582874,0.06847389104110127,0.06711469476019195,0.0643963021983733,5
2014-10-08,0.03825438540222945,1.1672605168582497,4,0.038020933298857806,0.037087124885371206,0.03591986436851295,0.03358534333479645,5
2014-11-05,0.07401146718632286,1.214245539530993,3,0.07376861807841666,0.07279722164679187,0.07158297610726087,0.06915448502819889,5
2014-12-04,-0.007404016883593872,1.1986832858510374,6,-0.007643753540764079,-0.008602700169444909,-0.009801383455295947,-0.012198750026998021,5
2015-01-05,0.012276051763073916,1.146875390667531,7,0.01204667668494041,0.011129176372406385,0.009982300981738853,0.007688550200403791,5
2015-02-03,-0.04096707949656576,1.226354068271623,5,-0.04121235031022008,-0.04219343356483738,-0.043419787633109004,-0.04587249576965225,5
2015-03-04,0.028446472745433955,1.4493033182893027,8,0.028156612081776094,0.02699716942714465,0.02554786610885535,0.022649259472276743,5
2015-04-01,0.01539993221005326,1.3352743140719636,4,0.015132877347238867,0.014064657895981296,0.012729383581909332,0.010058834953765406,5
2015-04-30,0.005804502553054321,1.2558820696122583,7,0.005553326139131869,0.004548620483442062,0.003292738413829804,0.0007809742746052875,5
2015-05-29,0.0012613416109236166,1.3822735517622764,5,0.0009848869005711614,-0.0001209319408386597,-0.001503205492600936,-0.004267752596125489,5
2015-06-26,0.037763561313954475,1.3519284673020049,7,0.037493175620494076,0.03641163284665247,0.035059704379350465,0.032355847444746455,5
2015-07-27,0.10988103917766318,1.2531112248005236,7,0.10963041693270308,0.10862792795286265,0.10737481672806212,0.10486859427846108,5
2015-08-24,-0.03670631510814989,1.3127558169393154,4,-0.036968866271537754,-0.0380190709250892,-0.03933182674202852,-0.04195733837590715,5
2015-09-22,0.06600811408324851,1.3638107857722073,7,0.06573535192609407,0.06464430329747631,0.0632804925117041,0.06055287094015968,5
2015-10-20,-0.012467253868533017,1.2046232925215297,6,-0.012708178527037324,-0.013671877161054547,-0.014876500453576077,-0.017285747038619136,5
2015-11-17,0.012151833295442305,1.2660098361340226,8,0.0118986313282155,0.010885823459308282,0.00961981362317426,0.007087793950906214,5
2015-12-16,0.14723182581178892,1.3593770451117053,5,0.14695995040276658,0.1458724487666772,0.14451307172156552,0.1417943176313421,5
2016-01-15,0.06709876861107425,1.0238715742433322,8,0.06689399429622558,0.06607489703683092,0.06505102546258759,0.06300328231410092,5
2016-02-16,-0.11746007687483756,1.067151485983193,4,-0.1176735071720342,-0.11852722836082075,-0.11959437984680395,-0.12172868281877033,5
2016-03-15,-0.10348230296444891,1.3331828731347386,5,-0.10374893953907585,-0.10481548583758364,-0.10614866871071839,-0.10881503445698787,5
2016-04-13,0.06494531009460991,1.244181430008692,6,0.06469647380860817,0.06370112866460122,0.062456947234592525,0.05996858437457514,5
2016-05-11,-0.07725487077753684,1.1780151915068535,4,-0.07749047381583822,-0.0784328859690437,-0.07961090116055056,-0.08196693154356426,5
2016-06-09,0.03063533373637084,1.3983057394726865,7,0.030355672588476303,0.029237027996898153,0.027838722257425466,0.025042110778480092,5
2016-07-08,-0.08805348742278035,1.3431465011491768,8,-0.08832211672301019,-0.08939663392392953,-0.0907397804250787,-0.09342607342737706,5
2016-08-05,-0.044172211245875816,1.3062650159035392,10,-0.044433464249056524,-0.04547847626177935,-0.046784741277682895,-0.049397271309489975,5
2016-09-02,-0.034940350631016984,1.3919573232365428,12,-0.03521874209566429,-0.036332307954253525,-0.03772426527749007,-0.040508179923963154,5
2016-10-03,0.11827580383154149,1.4015057868577259,5,0.11799550267416994,0.11687429804468376,0.11547279225782603,0.11266978068411058,5
2016-10-31,-0.08278131655139266,1.2273803156339782,8,-0.08302679261451945,-0.08400869686702664,-0.08523607718266062,-0.08769083781392857,5
2016-11-29,0.017416817141741786,1.53077462688394,9,0.017110662216364998,0.015886042514857847,0.014355267887973906,0.011293718634206026,5
2016-12-28,0.004196673561679084,1.2452474886339293,5,0.003947624063952299,0.0029514260730451546,0.0017061785844112252,-0.0007843163928566337,5
2017-01-27,-0.01668974593919366,1.2564255460365819,10,-0.016941031048400976,-0.017946171485230242,-0.019202597031266824,-0.021715448123339986,5
2017-02-27,0.03860643601857169,1.3599481705319234,7,0.0383344463844653,0.037246487848039765,0.03588653967750784,0.03316664333644399,5
2017-03-27,0.015061204703528834,1.298336273622432,9,0.014801537448804348,0.013762868429906401,0.01246453215628397,0.009867859609039107,5
2017-04-25,0.026164579382650766,1.1659742007521903,4,0.025931384542500328,0.024998605181898576,0.023832630981146387,0.021500682579642005,5
2017-05-23,0.010632253144805603,1.2522855404353732,4,0.010381796036718528,0.00937996760437023,0.008127682063934856,0.00562311098306411,5
2017-06-21,-0.04763270212281825,1.1565544164920476,6,-0.04786401300611666,-0.048789256539310294,-0.04994581095580234,-0.05225891978878644,5
2017-07-20,0.07651505030762826,1.0810292015827414,7,0.07629884446731171,0.07543402110604551,0.07435299190446278,0.0721909335012973,5
2017-08-17,-0.06630509884414969,1.1571398995203515,7,-0.06653652682405375,-0.06746223874367004,-0.06861937864319038,-0.0709336584422311,5
2017-09-15,-0.0006678116103393611,1.2967827624919983,11,-0.0009271681628377608,-0.0019645943728313596,-0.0032613771353233578,-0.005854942660307355,5
2017-10-13,0.009630381498710578,1.269805279470471,3,0.009376420442816485,0.008360576219240107,0.007090770939769637,0.004551160380828694,5
2017-11-10,-0.005496307401054281,1.2837997325092338,6,-0.005753067347556128,-0.006780107133563515,-0.008063906866072747,-0.010631506331091216,5
2017-12-11,-0.060263736114363274,1.327383873366362,5,-0.060529212889036545,-0.061591119987729634,-0.062918503861096,-0.06557327160782872,5
2018-01-10,0.009548660145638396,1.331301436037314,8,0.009282399858430932,0.008217358709601082,0.006886057273563768,0.004223454401489139,5
2018-02-08,-0.040056315646785225,1.334233330613374,12,-0.0403231623129079,-0.0413905489773986,-0.04272478230801197,-0.04539324896923872,5
2018-03-09,0.054866282432479284,1.5265629837754897,3,0.054560969835724185,0.0533397194487038,0.0518131564649283,0.04876003049737732,5
2018-04-09,-0.04887911192619022,1.29202566833317,5,-0.049137517059856854,-0.050171137594523386,-0.051463163262856555,-0.0540472145995229,5
2018-05-07,-0.0753972092167972,1.402051794036018,7,-0.0756776195756044,-0.07679926101083322,-0.07820131280486924,-0.08100541639294127,5
2018-06-05,-0.01010807195437783,1.6322307099638866,9,-0.010434518096370608,-0.011740302664341716,-0.013372533374305603,-0.016636994794233376,5
2018-07-03,0.06565652553219525,1.3470753759884657,5,0.06538711045699756,0.06430945015620679,0.06296237478021832,0.06026822402824139,5
2018-08-01,-0.018012149829839758,1.3678285381159592,3,-0.01828571553746295,-0.019379978367955717,-0.020747806906071677,-0.023483463982303596,5
2018-08-29,0.01795116091641292,1.5840162863788152,0,0.017634357659137154,0.016367144630034105,0.014783128343655288,0.011615095770897657,5
2018-09-27,0.0934928204670331,1.3429468833216827,11,0.09322423109036876,0.09214987358371142,0.09080692670038973,0.08812103293374636,5
2018-10-25,0.05130572577594754,1.2803537390604045,7,0.05104965502813546,0.05002537203688713,0.04874501829782673,0.04618431081970592,5
2018-11-23,0.07477359196942404,1.1892325080571633,11,0.07453574546781261,0.07358435946136688,0.07239512695330971,0.07001666193719538,5
2018-12-24,-0.12966625652018587,1.1794455942343174,5,-0.12990214563903274,-0.1308457021144202,-0.1320251477086545,-0.13438403889712314,5
2019-01-24,-0.050926538726461565,1.3940627287736915,10,-0.0512053512722163,-0.052320601455235254,-0.05371466418400895,-0.056502789641556334,5
2019-02-22,0.027854873888162674,1.541597511305163,8,0.02754655438590164,0.02631327637685751,0.024771678865552347,0.021688483842942023,5
2019-03-22,0.03521801718697092,1.4337103168880494,4,0.034931275123593314,0.033784306870082874,0.032350596553194826,0.029483175919418726,5
2019-04-22,0.058952493198849064,1.1782388840611993,2,0.058716845422036826,0.057774254314787866,0.05659601543072666,0.05423953766260427,5
2019-05-20,0.030623829101986293,1.1497965058802468,3,0.030393869800810245,0.029474032596106047,0.028324236090225798,0.026024643078465304,5
2019-06-18,0.030161001053853158,1.2550229321096393,7,0.02990999646743123,0.028905978121743517,0.02765095518963388,0.0251409093254146,5
2019-07-17,0.06451957770447393,1.1362225652937534,5,0.06429233319141518,0.06338335513918018,0.06224713257388643,0.05997468744329892,5
2019-08-14,-0.051636397982628944,1.2229266758073722,2,-0.05188098331779042,-0.05285932465843632,-0.054082251334243686,-0.056528104685858435,5
2019-09-12,0.10182503726314815,1.3272837925823842,10,0.10155958050463167,0.10049775347056576,0.09917046967798337,0.09651590209281861,5
2019-10-10,-0.09507146982812635,1.071037148273569,7,-0.09528567725778106,-0.09614250697639992,-0.09721354412467349,-0.09935561842122062,5
2019-11-07,-0.029378404202747285,1.351609862457795,6,-0.029648726175238845,-0.03073001406520508,-0.032081623927662874,-0.034784843652578466,5
2019-12-06,-0.05687756811982203,1.5332066442831513,7,-0.05718420944867866,-0.05841077476410518,-0.05994398140838833,-0.06301039469695463,5
2020-01-07,0.04350361810042366,1.390479258714565,5,0.04322552224868075,0.0421131388417091,0.040722659582994536,0.0379417010655654,5
2020-02-05,0.007077492987784886,1.2513847878105684,4,0.006827216030222773,0.005826108199974318,0.0045747234121637495,0.0020719538365426126,5
2020-03-05,0.1044762026027147,1.3698805699775647,7,0.10420222648871919,0.10310632203273713,0.10173644146275958,0.09899668032280444,5
2020-04-02,-0.25550717782231275,1.390864346856986,1,-0.2557853506916841,-0.2568980421691697,-0.2582889065160267,-0.26107063520974066,5
2020-05-01,-0.14351232525072344,1.7211975557838135,1,-0.1438565647618802,-0.14523352280650725,-0.14695472036229107,-0.1503971154738587,5
2020-06-01,-0.07931306904593004,1.4386625133791335,5,-0.07960080154860587,-0.08075173155930918,-0.0821903940726883,-0.08506771909944658,5
2020-06-29,0.0399835774332439,1.1542717688585578,2,0.03975272307947219,0.03882930566438534,0.03767503389552678,0.035366490357809664,5
2020-07-28,-0.03808343730012979,1.11254765329045,3,-0.038305946830787876,-0.039195984953420235,-0.04030853260671069,-0.042533627913291586,5
2020-08-25,0.019637754922768293,1.2481540987375974,1,0.019388124103020772,0.018389600824030697,0.017141446725293098,0.014645138527817902,5
2020-09-23,0.005329358675488284,1.1865426063278095,5,0.005092050154222722,0.004142816069160475,0.0029562734628326656,0.0005831882501770467,5
2020-10-21,-0.05882141396293051,1.248329436817024,4,-0.05907107985029392,-0.060069743399747536,-0.061318072836564555,-0.06381473171019861,5
2020-11-18,-0.13474749987301302,1.3800647894116358,2,-0.13502351283089534,-0.13612756466242465,-0.13750762945183628,-0.14026775903065955,5
2020-12-17,-0.16850624357348248,1.5226106526597276,6,-0.16881076570401443,-0.17002885422614222,-0.17155146487880193,-0.17459668618412139,5
2021-01-19,-0.20432257989835573,1.4379352342857976,5,-0.2046101669452129,-0.2057605151326415,-0.20719845036692733,-0.21007432083549893,5
2021-02-17,0.09447385286064364,1.6483683787522516,3,0.09414417918489319,0.09282548448189139,0.09117711610313914,0.08788037934563463,5
2021-03-17,0.2077575140936264,1.163329594657462,4,0.2075248481746949,0.20659418449896894,0.20543085490431146,0.20310419571499655,5
2021-04-15,0.13662934041058905,1.038311969248852,8,0.13642167801673927,0.1355910284413402,0.13455271647209135,0.13247609253359363,5
2021-05-13,-0.25819579898302625,1.1064909651962351,8,-0.2584170971760655,-0.25930228994822246,-0.26040878091341874,-0.26262176284381117,5
2021-06-11,0.050484732738527625,1.6693117031729023,3,0.050150870397893045,0.048815421035354724,0.04714610933218182,0.04380748592583601,5
2021-07-12,0.08259582932052036,1.092643913175591,5,0.08237730053788524,0.08150318540734476,0.08041054149416918,0.07822525366781799,5
2021-08-09,-0.006185716312811201,1.1016943469661742,7,-0.006406055182204436,-0.007287410659777375,-0.00838910500674355,-0.010592493700675897,5
2021-09-07,0.03548615437641629,1.234821344493668,7,0.03523919010751756,0.034251333031922626,0.03301651168742896,0.03054686899844162,5
2021-10-05,-0.051968005961368434,1.0821938911277882,3,-0.052184444739593994,-0.05305019985249622,-0.05413239374362401,-0.05629678152587959,5
2021-11-02,0.12110659809555799,1.3030504920335944,10,0.12084598799715127,0.1198035476035244,0.1185004971114908,0.11589439612742361,5
2021-12-01,0.08049539174843526,1.2510374757195935,6,0.08024518425329134,0.07924435427271566,0.07799331679699607,0.07549124184555689,5
2021-12-30,0.23579910488552883,1.1645156130216447,2,0.2355662017629245,0.2346345892725072,0.23347007365948555,0.23114104243344225,5
2022-01-28,-0.05251520573868545,0.9922450316923392,3,-0.052713654745023916,-0.05350745077037779,-0.054499695802070126,-0.056484185865454804,5
2022-02-28,0.007440154181519654,1.1899509942160453,8,0.0072021639826764456,0.0062502031873036094,0.005060252193087564,0.002680350204655473,5
2022-03-28,0.17657171083263343,1.1823846530335658,6,0.1763352339020267,0.17538932617959987,0.1742069415265663,0.17184217222049916,5
2022-04-26,0.1366227521306472,1.083257867655846,8,0.13640610055711602,0.13553949426299136,0.13445623639533552,0.1322897206600238,5
2022-05-24,-0.1229140732679901,1.0555388234597394,6,-0.12312518103268205,-0.12396961209144984,-0.12502515091490957,-0.12713622856182905,5
2022-06-23,-0.0007801985887010961,1.1580743995591547,7,-0.001011813468612927,-0.0019382729882602508,-0.0030963473878194052,-0.005412496186937715,5
2022-07-22,-0.053214786569812045,0.993728223384604,8,-0.05341353221448897,-0.05420851479319665,-0.055202243016581255,-0.05718969946335046,5
2022-08-19,0.03588992489465938,1.291795327118767,4,0.03563156582923562,0.03459812956754061,0.03330633424042184,0.03072274358618431,5
2022-09-19,0.06794148634457481,1.1387167959994415,9,0.06771374298537491,0.06680276954857536,0.06566405275257592,0.06338661916057704,5
2022-10-17,-0.016639081561776008,1.1363252637611456,6,-0.016866346614528238,-0.017775406825537153,-0.0189117320892983,-0.02118438261682059,5
2022-11-14,0.05840146851443903,1.3478752689638198,10,0.05813189346064627,0.05705359324547521,0.055705717976511394,0.05300996743858375,5
2022-12-13,-0.048172098815721175,1.2338009577313733,11,-0.04841885900726745,-0.04940589977345255,-0.05063970073118392,-0.05310730264664667,5
2023-01-12,-0.02096538274858196,1.2450601955545224,4,-0.021214394787692867,-0.022210442944136485,-0.023455503139691008,-0.02594562353080005,5
2023-02-10,0.04913142874037439,1.2237155322226807,11,0.04888668563392985,0.04790771320815171,0.04668399767592903,0.04423656661148367,5
2023-03-13,0.016837949946544882,1.2427033964578507,6,0.016589409267253313,0.015595246550087032,0.014352543153629181,0.01186713636071348,5
2023-04-11,0.03745708581616894,1.3405010890185545,4,0.037188985598365226,0.03611658472715038,0.03477608363813183,0.032095081460094724,5
2023-05-09,-0.12237129073382023,1.3477814403871409,3,-0.12264084702189766,-0.12371907217420737,-0.12506685361459452,-0.1277624164953688,5
2023-06-07,-0.0031309017111507374,1.5134308500429843,6,-0.0034335878811593344,-0.004644332561193722,-0.006157763411236706,-0.009184625111322675,5
2023-07-07,-0.009055666758690378,1.1776952946491819,4,-0.009291205817620215,-0.01023336205333956,-0.011411057347988742,-0.013766447937287107,5
2023-08-04,0.04030555333232321,1.24163449303387,6,0.04005722643371644,0.03906391883928934,0.03782228434625547,0.03533901536018773,5
2023-09-01,0.08526101416584236,1.3790652073498777,3,0.08498520112437238,0.08388194895849249,0.0825028837511426,0.07974475333644285,5
2023-10-02,0.09938836981101282,1.228714090100402,5,0.09914262699299274,0.09815965572091241,0.096930941630812,0.09447351345061121,5
2023-10-30,-0.09464802277762965,1.2022395890328932,8,-0.09488847069543624,-0.09585026236666255,-0.09705250195569544,-0.09945698113376122,5
2023-11-28,-0.1926103486303043,1.5047518422836659,4,-0.19291129899876103,-0.19411510047258795,-0.19561985231487164,-0.19862935599943896,5
2006-01-12,0.017119290777855206,1.000000000000002,7,0.016919290777855207,0.016119290777855205,0.015119290777855203,0.013119290777855199,6
2006-02-10,0.012937229139416593,1.384691820133791,9,0.012660290775389835,0.011552537319282801,0.01016784549914901,0.007398461858881429,6
2006-03-13,-0.052838617978703074,1.4169521735712534,10,-0.053122008413417326,-0.05425557015227433,-0.05567252232584558,-0.05850642667298809,6
2006-04-10,-0.004703450478831227,1.3970861407558308,6,-0.004982867706982393,-0.006100536619587058,-0.007497622760342888,-0.01029179504185455,6
2006-05-09,0.09186141440786531,1.3593741340892769,8,0.09158953958104746,0.09050204027377604,0.08914266613968676,0.0864239178715082,6
2006-06-07,0.0017916614295071006,1.2776102095292472,8,0.0015361393876012512,0.0005140512199778534,-0.0007635589895513939,-0.003318779408609888,6
2006-07-06,0.0646238325322299,1.0730945392977325,8,0.06440921362437035,0.06355073799293218,0.06247764345363444,0.06033145437503898,6
2006-08-03,-0.008547781731981296,1.2324977513945905,3,-0.008794281282260214,-0.009780279483375887,-0.011012777234770477,-0.013477772737559658,6
2006-08-31,-0.01507154142090595,1.33520355462191,3,-0.015338582131830331,-0.01640674497552786,-0.017741948530149772,-0.02041235563939359,6
2006-09-29,-0.044373014926695216,1.2076823573364799,9,-0.04461455139816251,-0.0455806972840317,-0.04678837964136818,-0.049203744356041135,6
2006-10-27,-0.0022172495330625716,1.296526849921652,8,-0.002476554903046902,-0.003513776382984224,-0.004810303232905875,-0.00740335693274918,6
2006-11-27,0.02437366161113213,1.3297594473751473,11,0.0241077097216571,0.02304390216375698,0.021714142716381835,0.01905462382163154,6
2006-12-26,0.019830047504015996,1.2601160761174066,12,0.019578024288792514,0.01856993142789859,0.017309815351781183,0.01478958319954637,6
2007-01-26,-0.02336811263278432,1.2623344291341336,14,-0.02362057951861115,-0.024630447061918456,-0.025892781491052588,-0.028417450349320854,6
2007-02-26,0.011957303250794044,1.5170532816543643,4,0.011653892594463172,0.01044024996913968,0.008923196687485316,0.005889090124176587,6
2007-03-26,-0.005680802842253226,1.397034822011962,14,-0.005960209806655618,-0.007077837664265188,-0.00847487248627715,-0.011268942130301073,6
2007-04-24,-0.014278250137480821,1.3628437075131754,6,-0.014550818878983456,-0.015641093844993997,-0.017003937552507172,-0.019729624967533523,6
2007-05-22,-0.012448749170920488,1.4752896872385732,15,-0.012743807108368203,-0.01392403885815906,-0.015399328545397634,-0.01834990791987478,6
2007-06-20,-0.03899309067945586,1.4314222052264993,8,-0.03927937512050116,-0.04042451288468236,-0.04185593508990886,-0.044718779500361856,6
2007-07-19,0.08712870565283799,1.3619868602384395,11,0.0868563082807903,0.08576671879259955,0.08440473193236112,0.08168075821188424,6
2007-08-16,0.01873170348653745,1.351496219071069,12,0.018461404242723238,0.017380207267466384,0.016028711048395313,0.013325718610253175,6
2007-09-14,-0.054934545414940625,1.313924278603657,15,-0.05519733027066136,-0.05624846969354428,-0.05756239397214794,-0.06019024252935525,6
2007-10-12,0.11003841961457744,1.2835388130384502,14,0.10978171185196975,0.10875488080153899,0.10747134198850054,0.10490426436242364,6
2007-11-09,-0.009120800109304971,1.251931746735771,12,-0.009371186458652125,-0.010372731856040741,-0.011624663602776513,-0.014128527096248055,6
2007-12-10,0.13827801455435196,1.295765729900562,11,0.13801886140837186,0.1369822488244514,0.13568648309455084,0.13309495163474971,6
2008-01-09,-0.08394354675437726,1.031908142514453,8,-0.08414992838288016,-0.08497545489689172,-0.08600736303940616,-0.08807117932443508,6
2008-02-07,0.10620489299969482,1.2855448705204393,7,0.10594778402559074,0.10491934812917439,0.10363380325865394,0.10106271351761306,6
2008-03-07,-0.04575355282170968,1.2517668686989372,5,-0.04600390619544947,-0.04700531969040862,-0.048257086559107557,-0.05076062029650543,6
2008-04-07,0.0044425228653566,1.3293833115781872,4,0.0041766462030409625,0.0031131395537784125,0.0017837562422002252,-0.0008750103809561493,6
2008-05-05,0.00356318134579001,1.2342885505722792,4,0.003316323635675554,0.0023288927952177306,0.0010946042446454514,-0.001373972856499107,6
2008-06-03,0.01891372556888763,1.3619622203391095,8,0.01864133312481981,0.01755176334854852,0.016189801128209412,0.013465876687531193,6
2008-07-01,-0.021188358056658904,1.171199008509478,4,-0.0214225978583608,-0.022359557065168383,-0.02353075607367786,-0.025873154090696817,6
2008-07-30,0.0021130852155432514,1.089373604230107,8,0.00189521049469723,0.0010237116113131445,-6.566199291696247e-05,-0.0022444092013771764,6
2008-08-27,0.011822465481309581,1.3387930613025847,4,0.011554706869049065,0.010483672420006997,0.009144879358704412,0.006467293236099242,6
2008-09-25,0.1896570113401121,1.1808198742263176,4,0.18942084736526682,0.18847619146588576,0.18729537159165946,0.18493373184320683,6
2008-10-23,0.254498445694098,1.1278147099951799,8,0.25427288275209897,0.25337063098410284,0.25224281627410766,0.2499871868541173,6
2008-11-20,-0.4342939583801162,1.108632725010504,2,-0.4345156849251183,-0.4354025911051267,-0.4365112238301372,-0.43872848928015823,6
2008-12-19,0.041356491294855864,2.3780856470859266,6,0.04088087416543868,0.038978405647769936,0.036600320000684014,0.03184414870651216,6
2009-01-21,0.10502778512342456,1.0072040748020108,3,0.10482634430846416,0.10402058104862255,0.10301337697382054,0.10099896882421652,6
2009-02-19,-0.15004142333865378,0.9896663661403282,2,-0.15023935661188184,-0.15103108970479412,-0.15202075607093443,-0.15400008880321508,6
2009-03-19,-0.28573011113329416,1.2902147018570196,0,-0.28598815407366557,-0.2870203258351512,-0.2883105405370082,-0.2908909699407222,6
2009-04-17,-0.054985039523475464,1.6186208974186826,1,-0.0553087637029592,-0.056603660420894146,-0.05822228131831283,-0.06145952311315019,6
2009-05-15,-0.03099036068637703,1.0214294323007698,0,-0.031194646572837183,-0.0320117901186778,-0.03303321955097857,-0.03507607841558011,6
2009-06-15,0.07459385060996172,1.3049330153974137,1,0.07433286400688224,0.07328891759456431,0.0719839845791669,0.06937411854837207,6
2009-07-14,-0.1686855579093134,1.0840331952802307,3,-0.16890236454836943,-0.1697695911045936,-0.17085362429987386,-0.1730216906904343,6
2009-08-11,-0.06405693027496584,1.6492974130186542,3,-0.06438678975756958,-0.0657062276879845,-0.06735552510100315,-0.07065411992704046,6
2009-09-09,-0.012054866878953244,1.2254293418241753,3,-0.01229995274731808,-0.01328029622077742,-0.014505725562601594,-0.016956584246249948,6
2009-10-07,0.11039251344327118,1.1532191211537501,8,0.11016186961904043,0.10923929432211743,0.10808607520096368,0.10577963695865618,6
2009-11-04,-0.0018523903033940145,1.0226741921754863,0,-0.0020569251418291116,-0.002875064495569501,-0.0038977386877449872,-0.00594308707209596,6
2009-12-03,-0.0680137536778626,1.330702394184147,5,-0.06827989415669942,-0.06934445607204674,-0.07067515846623089,-0.07333656325459918,6
2010-01-04,0.01350764919861941,1.38487248839748,3,0.013230674700939913,0.01212277671022193,0.010737904221824449,0.007968159245029489,6
2010-02-02,-0.02490586346997101,1.1577504540293926,6,-0.025137413560776888,-0.026063613924000403,-0.027221364378029796,-0.02953686528608858,6
2010-03-03,-0.01190673626884277,1.286668113576514,4,-0.012164069891558073,-0.013193404382419284,-0.014480072495995798,-0.017053408723148825,6
2010-03-31,-0.04679331524654049,1.3778528250050082,6,-0.04706888581154149,-0.0481711680715455,-0.04954902089655051,-0.05230472654656052,6
2010-04-29,0.05659533263960764,1.3550256191936247,4,0.05632432751576892,0.05524030702041402,0.05388528140122039,0.051175230162833145,6
2010-05-27,0.0742201134278869,1.1313295861107076,4,0.07399384751066476,0.0730887838417762,0.07195745425566548,0.06969479508344406,6
2010-06-25,-0.031998401889221505,1.0638769982166236,6,-0.03221117728886483,-0.03306227888743813,-0.03412615588565475,-0.036253909882088,6
2010-07-26,0.08275409307104246,1.1962766195435677,8,0.08251483774713375,0.0815578164514989,0.08036153983195533,0.07796898659286819,6
2010-08-23,-0.05285227312899026,1.1660720705767562,3,-0.05308548754310561,-0.05401834519956702,-0.055184417270143775,-0.05751656141129729,6
2010-09-21,-0.01680207457383859,1.187940988372366,8,-0.017039662771513066,-0.017990015562210956,-0.019177956550583325,-0.021553838527328055,6
2010-10-19,-0.01783599749409355,1.117953818772936,7,-0.018059588257848137,-0.018953951312866486,-0.020071905131639423,-0.022307812769185295,6
2010-11-16,-0.05915430258356592,1.215419997434195,7,-0.059397386583052755,-0.06036972258100011,-0.06158514257843431,-0.0640159825733027,6
2010-12-15,-0.06893424253555458,1.3417508536546057,3,-0.0692025927062855,-0.07027599338920919,-0.0716177442428638,-0.074301245950173,6
2011-01-13,0.023303403830765047,1.2721691592996338,2,0.02304896999890512,0.022031234671465415,0.02075906551216578,0.01821472719356651,6
2011-02-11,0.06943820619263764,1.2204220752638553,10,0.06919412177758487,0.0682177841173738,0.06699736204210993,0.06455651789158222,6
2011-03-14,-0.016753221085960387,1.1364399226788384,3,-0.016980509070496155,-0.017889661008639226,-0.019026100931318065,-0.02129898077667574,6
2011-04-11,0.028749248901173335,1.2583364721271466,5,0.028497581606747906,0.02749091242904619,0.02623257595691904,0.023715903012664748,6
2011-05-10,0.06289766062385171,1.3662974454489605,6,0.06262440113476192,0.061531363178402756,0.06016506573295379,0.05743247084205587,6
2011-06-08,-0.06450552531127471,1.180389824029214,10,-0.06474160327608056,-0.06568591513530392,-0.06686630495933314,-0.06922708460739156,6
2011-07-07,0.09477705981988142,1.1962279189508664,5,0.09453781423609126,0.09358083190093056,0.09238460398197969,0.08999214814407795,6
2011-08-04,0.0719373433993977,1.091160095096536,4,0.07171911138037838,0.07084618330430116,0.06975502320920463,0.06757270301901155,6
2011-09-01,0.15811957991367281,1.2285494876952707,7,0.15787387001613376,0.15689103042597755,0.15566248093828228,0.15320538196289174,6
2011-09-30,-0.23497617995969178,0.9899175160868456,5,-0.23517416346290915,-0.23596609747577862,-0.23695601499186547,-0.23893585002403916,6
2011-10-28,0.11136610302020852,1.3459852014435845,5,0.11109690597991981,0.11002011781876495,0.10867413261732135,0.10598216221443418,6
2011-11-28,0.009131273220861859,1.0044641037825341,7,0.008930380400105352,0.008126809117079324,0.00712234501329679,0.005113416805731722,6
2011-12-27,-0.11521392927199897,1.0223491526657287,4,-0.11541839910253211,-0.1162362784246647,-0.11725862757733042,-0.11930332588266189,6
2012-01-26,-0.05792186255393829,1.2969069159475362,10,-0.05818124393712779,-0.05921876946988582,-0.06051567638583336,-0.06310949021772844,6
2012-02-24,0.019327353052221836,1.3210150413518569,4,0.019063150043951465,0.01800633801086998,0.01668532296951812,0.014043292886814409,6
2012-03-23,0.07407844668246077,1.1897585778498132,3,0.07384049496689081,0.07288868810461097,0.07169892952676114,0.06931941237106153,6
2012-04-23,0.06582803759195263,1.0305035395768012,6,0.06562193688403727,0.06479753405237583,0.06376703051279903,0.061706023433645424,6
2012-05-21,0.019514164739530878,1.1154232432343325,3,0.01929108009088401,0.018398741496296545,0.017283318253062212,0.015052471766593547,6
2012-06-19,0.00923311659886706,1.093696239589268,7,0.009014377350949206,0.008139420359277791,0.007045724119688524,0.0048583316405099875,6
2012-07-18,-0.03989763766228371,0.9777798771118837,5,-0.04009319363770608,-0.04087541753939559,-0.041853197416507476,-0.04380875717073124,6
2012-08-15,-0.07389467602864516,1.2562303231912524,2,-0.07414592209328341,-0.07515090635183641,-0.07640713667502767,-0.07891959732141017,6
2012-09-13,0.047555537824167465,1.347292420538337,8,0.047286079340059795,0.046208245403629125,0.04486095298309079,0.04216636814201412,6
2012-10-11,0.03547371664859663,1.0468155571965216,2,0.035264353537157324,0.034426901091400106,0.03338008553420359,0.031286454419810546,6
2012-11-12,-0.009458435432753112,1.1993810979311288,6,-0.009698311652339338,-0.01065781653068424,-0.01185719762861537,-0.014255959824477627,6
2012-12-11,-0.030152568864253288,1.2943186416724606,9,-0.03041143259258778,-0.031446887505925745,-0.032741206147598206,-0.03532984343094313,6
2013-01-10,0.01249461437050783,1.3043602334308293,4,0.012233742323821665,0.011190254137077001,0.009885893903646172,0.007277173436784513,6
2013-02-08,-0.007454082213065552,1.3184124372408688,6,-0.007717764700513726,-0.00877249465030642,-0.01009090708754729,-0.012727731962029028,6
2013-03-11,0.041974400704593455,1.3915980161760007,3,0.04169608110135826,0.040582802688417456,0.03919120467224145,0.03640800863988945,6
2013-04-09,-0.03292988783112456,1.1822448369247402,5,-0.03316633679850951,-0.0341121326680493,-0.035294377504974044,-0.037658867178823524,6
2013-05-07,-0.03446387814066166,1.3646019731211116,1,-0.034736798535285884,-0.03582848011378277,-0.03719308208690388,-0.039922286033146105,6
2013-06-05,-0.007228697077473884,1.359472322767905,8,-0.0075005915420274655,-0.008588169400241789,-0.009947641723009694,-0.012666586368545504,6
2013-07-03,-0.029807224563267135,1.3146600055135829,5,-0.03007015656436985,-0.031121884568780716,-0.0324365445742943,-0.03506586458532147,6
2013-08-01,-0.013669845266181032,1.4128806257846216,3,-0.013952421391337956,-0.015082725891965654,-0.016495606517750276,-0.019321367769319517,6
2013-08-29,-0.018103422537549353,1.3749951740433735,3,-0.018378421572358028,-0.019478417711592727,-0.0208534128856361,-0.02360340323372285,6
2013-09-27,0.04633981390930324,1.3140765314734384,10,0.04607699860300855,0.0450257373778298,0.04371166084635636,0.04108350778340948,6
2013-10-25,0.031088951069015547,1.2802197125478938,9,0.03083290712650597,0.029808731356467652,0.028528511643919757,0.02596807221882397,6
2013-11-22,-0.049366461312256645,1.3527324283327913,6,-0.049637007797923204,-0.05071919374058943,-0.05207192616892223,-0.05477739102558781,6
2013-12-23,-0.07686914796351678,1.3867019012490387,4,-0.07714648834376658,-0.07825584986476582,-0.07964255176601485,-0.08241595556851293,6
2014-01-23,-0.011540672013190399,1.4243541205139818,8,-0.011825542837293194,-0.01296502613370438,-0.014389380254218362,-0.017238088495246325,6
2014-02-21,0.002261025914165622,1.3500264794964552,3,0.001991020618266331,0.0009109994346691668,-0.0004390270448272884,-0.0031390800038201988,6
2014-03-21,0.10053306329719362,1.3967841840358712,3,0.10025370646038645,0.09913627911315775,0.09773949492912189,0.09494592656105014,6
2014-04-21,0.06768016183083853,1.1414426974864726,4,0.06745187329134122,0.06653871913335205,0.06539727643586558,0.06311439104089263,6
2014-05-19,-0.07907553971411312,1.1296124079265497,4,-0.07930146219569843,-0.08020515212203967,-0.08133476452996621,-0.08359398934581931,6
2014-06-17,0.06404127902695407,1.3991756687055164,4,0.06376144389321296,0.06264210335824856,0.061242927689543036,0.058444576352132,6
2014-07-16,-0.04538923385882423,1.1255079273846191,4,-0.04561433544430115,-0.046514741786208846,-0.047640249713593465,-0.04989126556836271,6
2014-08-13,-0.02136870889977542,1.366514832905516,4,-0.021642011866356524,-0.022735223732680936,-0.024101738565586454,-0.026834768231397486,6
2014-09-11,0.08707152450615577,1.3642631675814487,3,0.08679867187263948,0.08570726133857431,0.08434299817099287,0.08161447183582997,6
2014-10-09,0.01919186335759698,1.1727830046565333,4,0.018957306756665675,0.018019080352940448,0.016846297348283912,0.014500731338970847,6
2014-11-06,0.06873697507149439,1.2790000093936706,4,0.06848117506961565,0.06745797506210072,0.06617897505270705,0.0636209750339197,6
2014-12-05,0.013087833561604732,1.210726325009499,5,0.012845688296602832,0.011877107236595233,0.010666380911585734,0.008244928261566736,6
2015-01-06,0.014289114843898429,1.1490842870961162,7,0.014059297986479206,0.013140030556802313,0.011990946269706197,0.009692777695513964,6
2015-02-04,-0.0663090157537531,1.2752542323933986,5,-0.06656406660023179,-0.0675842699861465,-0.0688595242185399,-0.0714100326833267,6
2015-03-05,0.01668624659556477,1.504133770495245,7,0.016385419841465722,0.015182112825069524,0.013677979054574279,0.010669711513583788,6
2015-04-02,0.007473041850379107,1.340171166302382,4,0.007205007617118631,0.006132870684076725,0.0047926995177743435,0.002112357185169579,6
2015-05-01,0.000597352914855241,1.26467463713038,7,0.000344417987429165,-0.000667321722275139,-0.001931996359405519,-0.004461345633666279,6
2015-06-01,0.0074230947571649305,1.3430346681062486,5,0.0071544878235436805,0.006080060089058682,0.004737025420952433,0.002050956084739936,6
2015-06-29,0.021888428152565927,1.325873865663743,7,0.021623253379433178,0.020562554286902183,0.01923668042123844,0.016584932689910955,6
2015-07-28,0.10543712004177187,1.2500966913460483,7,0.10518710070350266,0.10418702335042583,0.10293692665907977,0.10043673327638768,6
2015-08-25,-0.019699512034472153,1.30082640278606,5,-0.019959677315029366,-0.021000338437258213,-0.022301164840044272,-0.024902817645616394,6
2015-09-23,0.053518591665518936,1.2821673143594983,7,0.053262158202647035,0.05223642435115944,0.05095425703679994,0.048389922408080946,6
2015-10-21,-0.05351255043568341,1.1367569848557795,7,-0.05373990183265457,-0.054649307420539195,-0.05578606440539497,-0.05805957837510653,6
2015-11-18,0.025624796528476636,1.343814146745198,9,0.025356033699127596,0.024280982381731438,0.02293716823498624,0.020249539941495844,6
2015-12-17,0.17064003371203562,1.3426538796787046,4,0.17037150293609987,0.1692973798323569,0.1679547259526782,0.1652694181933208,6
2016-01-19,-0.011594314766703796,1.069194941875727,7,-0.01180815375507894,-0.012663509708579523,-0.01373270465045525,-0.015871094534206702,6
2016-02-17,-0.08211895710655168,1.1159641709928156,3,-0.08234214994075024,-0.08323492127754449,-0.0843508854485373,-0.08658281379052293,6
2016-03-16,-0.09500178743176886,1.2829722672015507,4,-0.09525838188520917,-0.0962847596989704,-0.09756773196617197,-0.10013367650057506,6
2016-04-14,0.08373063412377643,1.1603990252059104,7,0.08349855431873525,0.08257023509857052,0.0814098360733646,0.07908903802295279,6
2016-05-12,-0.07542967700902378,1.179027955131818,3,-0.07566548260005014,-0.0766087049641556,-0.07778773291928742,-0.08014578882955105,6
2016-06-10,0.007476382585256505,1.3530959959113111,7,0.0072057633860742425,0.006123286589345194,0.0047701905934338824,0.00206399860161126,6
2016-07-11,-0.10145250025220388,1.3726463454363786,8,-0.10172702952129116,-0.10282514659764026,-0.10419779294307664,-0.1069430856339494,6
2016-08-08,-0.027522284502628058,1.3892359992317647,11,-0.02780013170247441,-0.028911520501859824,-0.030300756501091586,-0.033079228499555115,6
2016-09-06,-0.019606481904319472,1.3736228806661968,12,-0.01988120648045271,-0.02098010478498567,-0.022353727665651864,-0.02510097342698426,6
2016-10-04,0.10613710658549594,1.3176618363086392,5,0.1058735742182342,0.1048194447491873,0.10350178291287866,0.10086645924026139,6
2016-11-01,-0.10287273293026578,1.2070374045243004,7,-0.10311414041117063,-0.10407977033479007,-0.10528680773931437,-0.10770088254836298,6
2016-11-30,0.027110517887563648,1.5669200766374987,9,0.02679713387223615,0.02554359781092615,0.023976677734288653,0.020842837581013653,6
2016-12-29,0.006516752252679955,1.2649124485633738,5,0.00626376976296728,0.005251839804116581,0.003986927355553207,0.0014571024584264592,6
2017-01-30,-0.01425823009726339,1.269558054142427,11,-0.014512141708091876,-0.015527788151405817,-0.016797346205548243,-0.019336462313833097,6
2017-02-28,0.024778541690886013,1.3851772602614036,7,0.024501506238833733,0.02339336443062461,0.022008187170363205,0.0192378326498404,6
2017-03-28,0.01013803175516666,1.3254999040574773,8,0.009872931774355165,0.008812531851109183,0.007487031947051706,0.0048360321389367515,6
2017-04-26,0.043848095177938924,1.1660296767068685,4,0.04361488924259755,0.042682065501232054,0.041516035824525184,0.03918397647111145,6
2017-05-24,-0.0033907425141103172,1.2290857231002688,4,-0.003636559658730371,-0.004619828237210586,-0.005848913960310855,-0.008307085406511393,6
2017-06-22,-0.0175999401221269,1.1763221486409636,6,-0.017835204551855093,-0.018776262270767865,-0.01995258441940883,-0.022305228716690755,6
2017-07-21,0.06538245888783338,1.1413925716763473,7,0.06515418037349811,0.06424106631615703,0.06309967374448068,0.060816888601127994,6
2017-08-18,-0.0691128569178196,1.162810637117718,9,-0.06934541904524315,-0.07027566755493732,-0.07143847819205504,-0.07376409946629046,6
2017-09-18,0.004811942834025926,1.32906041454244,10,0.004546130751117438,0.003482882419483486,0.002153822004941046,-0.0005042988241438342,6
2017-10-16,0.012682397880044135,1.2759291691852757,2,0.01242721204620708,0.011406468710858859,0.010130539541673584,0.007578681203303032,6
2017-11-13,-0.014492021713622053,1.3121616939811538,6,-0.014754454052418283,-0.015804183407603208,-0.01711634510158436,-0.01974066848954667,6
2017-12-12,-0.0893618937503284,1.3206457430543388,5,-0.08962602289893926,-0.09068253949338273,-0.09200318523643707,-0.09464447672254575,6
2018-01-11,0.02748982235326691,1.415106156216006,8,0.02720680112202371,0.026074716197050905,0.024659610040834896,0.021829397728402884,6
2018-02-09,-0.060799675748589084,1.3914542661608853,11,-0.061077966601821264,-0.06219113001474997,-0.06358258428091085,-0.06636549281323262,6
2018-03-12,0.03867039581491567,1.6467821091241586,4,0.03834103939309084,0.03702361370579151,0.03537683159666736,0.03208326737841904,6
2018-04-10,-0.015827939234140807,1.3226080665835698,5,-0.01609246084745752,-0.017150547300724378,-0.018473155367307946,-0.021118371500475085,6
2018-05-08,-0.07882000168358813,1.3404007283037553,7,-0.07908808182924888,-0.08016040241189189,-0.08150080314019564,-0.08418160459680316,6
2018-06-06,-0.009134157115512057,1.6763124130474454,8,-0.009469419598121547,-0.010810469528559501,-0.012486781941606948,-0.01583940676770184,6
2018-07-05,0.0499133647084702,1.3780348553397164,5,0.049637757737402255,0.048535329853130485,0.04715729499779077,0.04440122528711134,6
2018-08-02,-0.021191538955166993,1.4113421310465069,3,-0.021473807381376296,-0.0226028810862135,-0.024014223217260006,-0.026836907479353023,6
2018-08-30,0.024291055105064158,1.5843350450818487,0,0.023974188096047788,0.02270672005998231,0.02112238501490046,0.017953714924736762,6
2018-09-28,0.09326905419721981,1.3267853425829885,12,0.09300369712870321,0.09194226885463683,0.09061548351205384,0.08796191282688787,6
2018-10-26,0.031261694745921324,1.2539298064122868,5,0.031010908784638868,0.03000776493950904,0.02875383513309675,0.026245975520272177,6
2018-11-26,0.04629021167678249,1.315912930437392,9,0.04602702909069501,0.0449742987463451,0.0436583858159077,0.04102655995503292,6
2018-12-26,-0.09692081336877505,1.2382367419732616,5,-0.0971684607171697,-0.09815905011074831,-0.09939728685272158,-0.10187376033666809,6
2019-01-25,-0.05820866888437717,1.258240483284387,10,-0.058460316981034044,-0.05946690936766155,-0.06072514985094594,-0.06324163081751472,6
2019-02-25,0.03247096258382296,1.4775314136945779,7,0.032175456301084045,0.030993431170128382,0.029515899756433806,0.02656083692904465,6
2019-03-25,0.014581178196859971,1.360198771575576,3,0.014309138442544856,0.013220979425284395,0.01186078065370882,0.009140383110557667,6
2019-04-23,0.05617555314208162,1.1102042664763299,2,0.05595351228878635,0.05506534887560529,0.05395514460912896,0.0517347360761763,6
2019-05-21,0.04003595406458388,1.2056651073350086,4,0.03979482104311688,0.03883028895724887,0.037624623849913864,0.03521329363524384,6
2019-06-19,0.03265294913619782,1.2522870534625978,6,0.0324024917255053,0.03140066208273522,0.03014837502927262,0.027643800922347427,6
2019-07-18,0.07006070264610062,1.1763184320398792,5,0.06982543895969265,0.06888438421406073,0.06770806578202086,0.0653554289179411,6
2019-08-15,-0.06983719598006952,1.199445151298824,2,-0.07007708501032928,-0.07103664113136834,-0.07223608628266716,-0.07463497658526481,6
2019-09-13,0.07885670202235381,1.3369873344608498,11,0.07858930455546165,0.07751971468789297,0.07618272735343211,0.07350875268451042,6
2019-10-11,-0.08155020584961584,1.09711348156468,5,-0.08176962854592877,-0.08264731933118051,-0.0837444328127452,-0.08593865977587456,6
2019-11-08,-0.0235806449370625,1.3729956923442508,7,-0.02385524407553135,-0.024953640629406748,-0.026326636321751,-0.0290726277064395,6
2019-12-09,-0.037802338880997224,1.4157814177094399,7,-0.038085495164539115,-0.039218120298706666,-0.04063390171641611,-0.04346546455183498,6
2020-01-08,0.03792153066547966,1.307246661660857,5,0.03766008133314749,0.0366142840038188,0.03530703734215795,0.03269254401883623,6
2020-02-06,0.04547690983408719,1.2344808576485362,2,0.04523001366255748,0.04424242897643865,0.04300794811879012,0.040538986403493044,6
2020-03-06,0.12203627505384845,1.3648925367216003,7,0.12176329654650413,0.12067138251712685,0.11930648998040526,0.11657670490696205,6
2020-04-03,-0.2981802242061861,1.3539702773199036,1,-0.2984510182616501,-0.29953419448350604,-0.3008881647608259,-0.3035961053154657,6
2020-05-04,-0.1455860583509031,1.8424882823582533,1,-0.14595455600737475,-0.14742854663326135,-0.1492710349156196,-0.1529560114803361,6
2020-06-02,-0.0680598506028987,1.4734541387449145,6,-0.06835454143064768,-0.06953330474164361,-0.07100675888038853,-0.07395366715787835,6
2020-06-30,0.04944210479695863,1.1943758467493881,1,0.04920322962760875,0.04824772895020924,0.04705335310345986,0.04466460140996108,6
2020-07-29,-0.004509712189452848,1.1484647471003004,3,-0.004739405138872908,-0.005658176936553148,-0.006806641683653449,-0.00910357117785405,6
2020-08-26,0.03534863249130191,1.1891195747969172,1,0.03511080857634252,0.034159512916504986,0.03297039334170807,0.030592154192114238,6
2020-09-24,-0.04330490000719505,1.206578145250791,6,-0.04354621563624521,-0.04451147815244584,-0.04571805629769663,-0.04813121258819821,6
2020-10-22,-0.0568773867133096,1.2893473981072798,4,-0.057135256192931055,-0.05816673411141688,-0.05945608150952416,-0.06203477630573872,6
2020-11-19,-0.07369016420369437,1.4346047310291188,2,-0.07397708514990019,-0.07512476893472349,-0.0765593736657526,-0.07942858312781084,6
2020-12-18,-0.1543396232482726,1.3557674730090516,5,-0.1546107767428744,-0.15569539072128166,-0.15705115819429072,-0.1597626931403088,6
2021-01-20,-0.14802400378550679,1.4049748007008274,4,-0.14830499874564695,-0.1494289785862076,-0.15083395338690844,-0.1536439029883101,6
2021-02-18,0.09626454451513616,1.5158369698636098,3,0.09596137712116344,0.09474870754527255,0.09323287057540894,0.09020119663568173,6
2021-03-18,0.18924183803651665,1.1406463364980368,6,0.18901370876921703,0.1881011917000186,0.18696054536352058,0.1846792526905245,6
2021-04-16,0.09091286535195606,1.0594795165102602,7,0.09070096944865401,0.0898533858354458,0.08879390631893554,0.08667494728591502,6
2021-05-14,-0.18785494017828963,1.1032718186884751,8,-0.18807559454202732,-0.1889582119969781,-0.1900614838156666,-0.19226802745304353,6
2021-06-14,0.06663893261259957,1.5285956496067892,3,0.0663332134826782,0.06511033696299277,0.06358174131338598,0.06052455001417241,6
2021-07-13,0.05483743017362243,1.1294381757982894,5,0.05461154253846277,0.05370799199782414,0.05257855382202585,0.05031967747042927,6
2021-08-10,0.014903383373444105,1.1287132326914482,8,0.014677640726905816,0.013774670140752657,0.012645956908061208,0.01038853044267831,6
2021-09-08,0.025058024374353196,1.2122589130411994,7,0.024815572591744956,0.023845765461311997,0.022633506548270798,0.020208988722188397,6
2021-10-06,-0.08783688553532676,1.0813736902640727,3,-0.08805316027337957,-0.08891825922559084,-0.0899996329158549,-0.09216238029638305,6
2021-11-03,0.13367019333958663,1.3574492449471611,10,0.1333987034905972,0.13231274409463947,0.13095529484969232,0.12824039635979798,6
2021-12-02,0.09819998410762752,1.23303835618968,5,0.09795337643638959,0.09696694575143784,0.09573390739524816,0.0932678306828688,6
2021-12-31,0.17736726021788507,1.13489651267305,3,0.17714028091535047,0.17623236370521203,0.17509746719253896,0.17282767416719286,6
2022-01-31,0.01861799800247623,1.0439534255054617,3,0.01840920731737514,0.01757404457697077,0.01653009115146531,0.014442184300454384,6
2022-03-01,-0.03680111717545057,1.131203344261798,8,-0.03702735784430293,-0.03793232051971237,-0.039063523863974166,-0.04132593055249777,6
2022-03-29,0.20732971117089113,1.2637394641001714,5,0.2070769632780711,0.20606597170679097,0.20480223224269078,0.20227475331449046,6
2022-04-27,0.11433935175791554,1.0804620590579221,7,0.11412325934610396,0.11325888969885763,0.1121784276397997,0.11001750352168385,6
2022-05-25,-0.10275757663348155,1.010528258100328,5,-0.10295968228510162,-0.10376810489158188,-0.10477863314968221,-0.10679968966588287,6
2022-06-24,0.005450659344377457,1.0765897296942115,8,0.005235341398438615,0.004374069614683246,0.003297479884989034,0.0011443004256006112,6
2022-07-25,-0.05501585123531011,1.012887175184947,6,-0.0552184286703471,-0.056028738410495056,-0.05704162558568,-0.0590673999360499,6
2022-08-22,0.032400327377002255,1.2482095865339156,4,0.032150685459695474,0.03115211779046834,0.029903908203934425,0.027407489030866594,6
2022-09-20,0.05348943649635267,1.1022092175040656,10,0.053268994652851856,0.052387227278848605,0.051285018061344535,0.04908059962633641,6
2022-10-18,-0.03361331837264485,1.171225440515068,6,-0.03384756346074786,-0.034784543813159916,-0.03595576925367498,-0.03829822013470512,6
2022-11-15,0.07014710535126974,1.3901193254977833,10,0.06986908148617019,0.06875698602577196,0.06736686670027417,0.0645866280492786,6
2022-12-14,-0.04197487025766793,1.2445545953911001,10,-0.042223781176746154,-0.04321942485305903,-0.04446397944845013,-0.04695308863923233,6
2023-01-13,-0.012388488241745193,1.2848920731566233,4,-0.012645466656376518,-0.013673380314901815,-0.01495827238805844,-0.017528056534371686,6
2023-02-13,0.0517321999326582,1.2531925600301237,10,0.051481561420652175,0.050479007372628074,0.049225814812597954,0.04671942969253771,6
2023-03-14,0.043017025824065594,1.2926277449334016,6,0.042758500275078916,0.04172439807913219,0.04043177033419879,0.03784651484433199,6
2023-04-12,0.006874037370667246,1.1993854145705996,4,0.006634160287753126,0.005674651956096647,0.004475266541526047,0.0020764957123848484,6
2023-05-10,-0.1117312437586602,1.3313640239582383,3,-0.11199751656345185,-0.11306260778261844,-0.11439397180657668,-0.11705669985449316,6
2023-06-08,-0.0273361240763284,1.4957214314345357,6,-0.027635268362615307,-0.028831845507762934,-0.03032756693919747,-0.03331900980206654,6
2023-07-10,0.048293121040811175,1.204680359505938,4,0.048052184968909985,0.04708844068130524,0.0458837603217993,0.04347439960278742,6
2023-08-07,0.015548369455425377,1.2126745393300922,6,0.01530583454755936,0.014335694916095286,0.013123020376765193,0.010697671298105008,6
2023-09-05,0.1161252729762774,1.3821208959884377,3,0.11584884879707971,0.11474315208028896,0.11336103118430052,0.11059678939232365,6
2023-10-03,0.07295234688300319,1.2365025483307022,5,0.07270504637333705,0.07171584433467248,0.07047934178634178,0.06800633668968038,6
2023-10-31,-0.09414406269871517,1.2451131969203562,7,-0.09439308533809924,-0.09538917589563553,-0.09663428909255588,-0.0991245154863966,6
2023-11-29,-0.17257953802608778,1.4952548670714225,4,-0.17287858899950206,-0.1740747928931592,-0.1755700477602306,-0.17856055749437347,6
2006-01-13,0.02722451788851757,1.000000000000004,8,0.027024517888517566,0.026224517888517564,0.02522451788851756,0.02322451788851755,7
2006-02-13,-0.0019037183095415068,1.3575935828657382,8,-0.0021752370261146543,-0.0032613118924072447,-0.004618905475272983,-0.007334092641004459,7
2006-03-14,-0.0400356619687221,1.4709931384876913,9,-0.04032986059641964,-0.04150665510720979,-0.04297764824569748,-0.045919634522672864,7
2006-04-11,-0.0039267537816728626,1.341300441565277,6,-0.0041950138699859175,-0.005268054223238139,-0.006609354664803417,-0.00929195554793397,7
2006-05-10,0.09970940937994673,1.3802055609123463,7,0.09943336826776426,0.09832920381903439,0.09694899825812203,0.09418858713629734,7
2006-06-08,-0.00506705004476556,1.2831227732719417,8,-0.005323674599419948,-0.006350172818037502,-0.007633295591309444,-0.010199541137853327,7
2006-07-07,0.051225334345631,1.0716172774438713,8,0.051011010890142226,0.05015371706818713,0.04908209979074326,0.04693886523585551,7
2006-08-04,-0.023260343312402048,1.237545323612898,3,-0.023507852377124626,-0.024497888636014944,-0.025735433959627844,-0.02821052460685364,7
2006-09-01,-0.002603944777424518,1.342507320103189,5,-0.002872446241445156,-0.003946452097527707,-0.005288959417630896,-0.007973974057837273,7
2006-10-02,-0.05864550420624622,1.2206180052780928,8,-0.05888962780730184,-0.05986612221152431,-0.06108674021680241,-0.06352797622735859,7
2006-10-30,-0.0029395321633000943,1.353743580120243,8,-0.003210280879324143,-0.0042932757434203375,-0.005647019323540581,-0.008354506483781067,7
2006-11-28,0.012013280790049609,1.307892546153054,12,0.011751702280818998,0.010705388243896555,0.0093974956977435,0.006781710605437393,7
2006-12-27,0.024817595210862707,1.3307506216745761,14,0.024551445086527793,0.023486844589188132,0.022156093967513554,0.019494592724164404,7
2007-01-29,0.012469363731382216,1.273086227176811,12,0.012214746485946854,0.011196277504205404,0.009923191277028594,0.0073770188226749715,7
2007-02-27,-0.005669944239558682,1.4425871503281416,7,-0.00595846166962431,-0.007112531389886823,-0.008555118540214965,-0.011440292840871249,7
2007-03-27,-0.012030014446723622,1.4246935282462687,13,-0.012314953152372876,-0.013454707974969891,-0.01487940150321616,-0.0177287885597087,7
2007-04-25,-0.00378410997429868,1.3814015796276335,5,-0.004060390290224206,-0.005165511553926314,-0.006546913133553947,-0.009309716292809214,7
2007-05-23,-0.014502755797550471,1.4878058531412561,15,-0.014800316968178722,-0.015990561650691727,-0.017478367503832984,-0.020453979210115495,7
2007-06-21,-0.01724912068385928,1.378770095549024,8,-0.017524874702969085,-0.018627890779408306,-0.02000666087495733,-0.022764201066055378,7
2007-07-20,0.07414053077564808,1.3345975952556937,11,0.07387361125659694,0.07280593318039238,0.0714713355851367,0.0688021403946253,7
2007-08-17,0.04436686888150577,1.4047179408651016,12,0.044085925293332745,0.04296215094064067,0.041557432999775566,0.038747997118045364,7
2007-09-17,-0.04595012413889525,1.3014734551332237,16,-0.0462104188299219,-0.04725159759402847,-0.0485530710491617,-0.051156017959428146,7
2007-10-15,0.11924522631669868,1.2678570548905173,11,0.11899165490572057,0.11797736926180816,0.11670951220691764,0.11417379809713661,7
2007-11-12,-0.013895852180821646,1.243712339526493,12,-0.014144594648726945,-0.015139564520348139,-0.016383276859874632,-0.018870701538927618,7
2007-12-11,0.0917023383210831,1.2821320692957465,10,0.09144591190722395,0.09042020625178736,0.0891380741824916,0.0865738100439001,7
2008-01-10,-0.028599119806524298,1.02841882336173,8,-0.028804803571196642,-0.029627538629886027,-0.030655957453247756,-0.032712795099971215,7
2008-02-08,0.13078925998159915,1.2552871057943218,7,0.1305382025604403,0.12953397287580484,0.1282786857700105,0.12576811155842188,7
2008-03-10,-0.08594668251396338,1.2471893603739077,4,-0.08619612038603816,-0.08719387187433729,-0.0884410612347112,-0.09093543995545901,7
2008-04-08,-0.019745656036522497,1.3845936217987926,4,-0.020022574760882254,-0.02113024965832129,-0.022514843280120083,-0.02528403052371767,7
2008-05-06,0.010288559208793971,1.24892254218398,5,0.010038774700357175,0.009039636666609991,0.007790714124426011,0.005292869040058051,7
2008-06-04,0.05268975239852331,1.3664997534688519,8,0.05241645244782954,0.05132325264505446,0.049956752891585604,0.047223753384647904,7
2008-07-02,-0.04931271941746407,1.1296435684064894,5,-0.04953864813114536,-0.050442362985870556,-0.051572006554277044,-0.05383129369109003,7
2008-07-31,-0.034961623952372095,1.142593916414269,7,-0.03519014273565495,-0.03610421786878636,-0.03724681178520063,-0.03953199961802917,7
2008-08-28,0.0547061671009798,1.347268359479785,4,0.05443671342908384,0.053358898741500016,0.05201163038202023,0.04931709366306066,7
2008-09-26,0.18472110532588581,1.1498601060089184,4,0.18449113330468403,0.1835712452198769,0.182421385113868,0.18012166490185014,7
2008-10-24,0.22525974477951677,1.1179986053812847,8,0.22503614505844052,0.2241417461741355,0.2230237475687542,0.22078775035799164,7
2008-11-21,-0.26544353178219904,1.0972280169323594,3,-0.26566297738558553,-0.2665407597991314,-0.26763798781606374,-0.2698324438499285,7
2008-12-22,0.027530387592259262,1.682799854179816,6,0.0271938276214233,0.025847587738079447,0.02416478788389963,0.02079918817554,7
2009-01-22,0.07294191239150487,0.9991716062071477,3,0.07274207807026344,0.07194274078529772,0.07094356917909057,0.06894522596667628,7
2009-02-20,-0.08349264683429268,1.0651441274921307,2,-0.0837056756597911,-0.08455779096178481,-0.08562293508927694,-0.08775322334426121,7
2009-03-20,-0.22541800155274277,1.1991704208536456,1,-0.2256578356369135,-0.22661717197359643,-0.22781634239445006,-0.23021468323615735,7
2009-04-20,-0.25524556906232804,1.4570186478462168,0,-0.2555369727918973,-0.25670258771017423,-0.2581596063580205,-0.2610736436537129,7
2009-05-18,0.05143517461555577,1.490150146617198,0,0.051137144586232336,0.04994502446893857,0.04845487432232138,0.04547457402908698,7
2009-06-16,0.04347319271410091,1.1570549020192884,1,0.043241781733697054,0.04231613781208162,0.04115908291006233,0.03884497310602376,7
2009-07-15,-0.14309449166831661,1.0881088490498794,3,-0.14331211343812658,-0.1441826005173665,-0.14527070936641637,-0.14744692706451612,7
2009-08-12,-0.05950383670075327,1.6071383694715515,3,-0.05982526437464758,-0.061110975070224824,-0.06271811343969638,-0.06593239017863947,7
2009-09-10,0.001257879305156835,1.2153650733555617,3,0.0010148062904857228,4.2514231801273495e-05,-0.001172850841554288,-0.0036035809882654112,7
2009-10-08,0.10997617556380618,1.0978376785119026,9,0.1097566080281038,0.10887833788529427,0.10778050020678237,0.10558482484975856,7
2009-11-05,-0.0038537954355262463,1.0452619367587308,1,-0.004062847822877993,-0.004899057372284977,-0.005944319309043707,-0.00803484318256117,7
2009-12-04,-0.07527972216751913,1.3424653505006183,5,-0.07554821523761926,-0.07662218751801975,-0.07796465286852036,-0.08064958356952161,7
2010-01-05,0.0616391492473112,1.3617964975650805,3,0.06136678994779818,0.06027735274974612,0.058915556252181034,0.05619196325705088,7
2010-02-03,-0.038901021911551696,1.1315808064435249,6,-0.0391273380728404,-0.04003260271799522,-0.04116418352443875,-0.043427345137325796,7
2010-03-04,-0.004856154516354269,1.3340113501564064,4,-0.00512295678638555,-0.006190165866510675,-0.007524177216667082,-0.010192199916979894,7
2010-04-01,-0.01924956986913918,1.35373435919169,7,-0.019520316740977515,-0.020603304228330867,-0.021957038587522557,-0.024664507305905938,7
2010-04-30,0.044530070769130306,1.3478308437512425,3,0.04426050460038006,0.04318223992537906,0.04183440908162782,0.03913874739412534,7
2010-05-28,0.07186771521109178,1.1759669348234996,5,0.07163252182412708,0.07069174827626828,0.06951578134144479,0.06716384747179778,7
2010-06-28,-0.029355232529029492,1.0355988481886953,7,-0.02956235229866723,-0.030390831377218187,-0.031426430225406886,-0.033497627921784276,7
2010-07-27,0.08168549688695928,1.1872961704669498,8,0.08144803765286589,0.08049820071649233,0.07931090454602538,0.07693631220509148,7
2010-08-24,-0.06006260662963361,1.1501991215882859,3,-0.060292646453951264,-0.06121280575122189,-0.06236300487281018,-0.06466340311598676,7
2010-09-22,-0.03582371688972372,1.1911494489404308,9,-0.0360619467795118,-0.037014866338664146,-0.03820601578760458,-0.04058831468548544,7
2010-10-20,-0.011694620582123064,1.1477377660384886,6,-0.011924168135330763,-0.012842358348161553,-0.013990096114200042,-0.01628557164627702,7
2010-11-17,-0.04810635565410891,1.245196241576921,6,-0.04835539490242429,-0.04935155189568583,-0.050596748137262754,-0.05308714062041659,7
2010-12-16,-0.0601542252567188,1.3987634293864588,4,-0.06043397794259609,-0.06155298868610526,-0.06295175211549171,-0.06574927897426464,7
2011-01-14,0.012420225769414145,1.2689164782906879,1,0.012166442473756008,0.011151309291123457,0.00988239281283277,0.007344559856251394,7
2011-02-14,0.07348925370650515,1.2004898181890402,10,0.07324915574286735,0.07228876388831611,0.07108827407012706,0.06868729443374899,7
2011-03-15,-0.0027624479977543,1.1223953657902233,3,-0.002986927070912345,-0.0038848433635445233,-0.005007238729334746,-0.007252029460915193,7
2011-04-12,0.02339094519518383,1.2731375184464238,6,0.023136317691494546,0.022117807676737405,0.020844670158290984,0.018298395121398137,7
2011-05-11,0.03671412686149644,1.3739437529606815,5,0.03643933811090431,0.03534018310853576,0.03396623935557508,0.031218351849653717,7
2011-06-09,-0.053965209806957716,1.1996589648491573,11,-0.05420514159992755,-0.055164868771806874,-0.05636452773665603,-0.05876384566635434,7
2011-07-08,0.11064277098246285,1.144979446197961,5,0.11041377509322325,0.10949779153626489,0.10835281209006693,0.106062853197671,7
2011-08-05,0.05809045394186756,1.0780761054346093,4,0.05787483872078064,0.057012377836432954,0.055934301730998344,0.053778149520129125,7
2011-09-02,0.18494778966829928,1.1651864038787445,8,0.18471475238752352,0.18378260326442053,0.18261741686054178,0.1802870440527843,7
2011-10-03,-0.2615692831760875,1.0409688677942877,4,-0.26177747694964637,-0.26261025204388183,-0.2636512209116761,-0.26573315864726466,7
2011-10-31,0.08841632213455942,1.4809443554331365,6,0.0881201332634728,0.08693537777912629,0.08545443342369315,0.08249254471282688,7
2011-11-29,0.01273605859019392,0.9985513647534777,7,0.012536348317243224,0.011737507225440442,0.010738955860686964,0.008741853131180009,7
2011-12-28,-0.14986471111840124,1.0397611641530842,4,-0.15007266335123187,-0.15090447228255432,-0.1519442334467074,-0.1540237557750136,7
2012-01-27,-0.038054724985355684,1.3614057833330195,10,-0.03832700614202229,-0.039416130768688704,-0.04077753655202172,-0.04350034811868776,7
2012-02-27,0.024905948500050852,1.2294296410901961,3,0.024660062571832814,0.023676518858960657,0.02244708921787046,0.019988229935690067,7
2012-03-26,0.0687058832929958,1.201927719129432,4,0.06846549774916992,0.06750395557386638,0.06630202785473693,0.06389817241647808,7
2012-04-24,0.0666535418024239,1.0654134806648048,6,0.06644045910629094,0.0655881283217591,0.06452271484109429,0.062391887879764685,7
2012-05-22,0.009509199091063169,1.0585494391023726,4,0.009297489203242694,0.008450649651960795,0.007392100212858423,0.005275001334653678,7
2012-06-20,0.007122496663360435,1.066032755363046,6,0.006909290112287826,0.006056463907997389,0.004990431152634343,0.0028583656419082512,7
2012-07-19,-0.04842060934027589,1.0244402673077033,5,-0.04862549739373743,-0.04944504960758359,-0.05046948987489129,-0.0525183704095067,7
2012-08-16,-0.0782798525469551,1.2764757254205374,2,-0.07853514769203922,-0.07955632827237565,-0.08083280399779617,-0.08338575544863726,7
2012-09-14,0.06869774170400875,1.3954740980150175,7,0.06841864688440574,0.06730226760599373,0.0659067935079787,0.06311584531194868,7
2012-10-12,0.04074586396929348,1.0715248071862422,2,0.04053155900785623,0.03967433916210723,0.038602814354920995,0.03645976474054851,7
2012-11-13,-0.020155100000340462,1.2296617126178224,6,-0.02040103234286403,-0.021384761712958285,-0.022614423425576107,-0.025073746850811752,7
2012-12-12,-0.03324853095153483,1.277921980514991,9,-0.03350411534763783,-0.03452645293204982,-0.03580437491256481,-0.038360218873594795,7
2013-01-11,0.013881639088194873,1.3856450086272778,4,0.013604510086469417,0.012495994079567595,0.011110349070940318,0.008339059053685762,7
2013-02-11,-0.002736863524855199,1.3255321620945135,7,-0.0030019699572741017,-0.004062395686949712,-0.005387927849044226,-0.008038992173233252,7
2013-03-12,0.03623864822448533,1.383291366743017,3,0.035961989951136725,0.03485535685774231,0.0334720654909993,0.030705482757513263,7
2013-04-10,-0.02562695600116033,1.160605835172844,5,-0.0258590771681949,-0.026787561836333174,-0.02794816767150602,-0.03026937934185171,7
2013-05-08,-0.034906432066025575,1.3120053730032504,2,-0.03516883314062622,-0.036218437439028826,-0.03753044281203208,-0.04015445355803858,7
2013-06-06,-0.009151775413341626,1.363918812748355,7,-0.009424559175891297,-0.01051569422608998,-0.011879613038838336,-0.014607450664335046,7
2013-07-05,-0.029585039551063855,1.2854455721975468,5,-0.029842128665503363,-0.0308704851232614,-0.03215593069545895,-0.03472682183985404,7
2013-08-02,-0.01029587223557977,1.4060137347350419,2,-0.01057707498252678,-0.011701885970314812,-0.013107899705049855,-0.015919927174519937,7
2013-08-30,-0.029091630327801408,1.2930945912299718,4,-0.029350249246047403,-0.03038472491903138,-0.03167781951026135,-0.034264008692721296,7
2013-09-30,0.04868218190709699,1.2729525836390998,10,0.048427591390369173,0.04740922932345789,0.04613627673981879,0.043590371572540594,7
2013-10-28,0.017426646477746402,1.3047473020521028,9,0.01716569701733598,0.016121899175694298,0.014817151873642197,0.012207657269537991,7
2013-11-25,-0.036120157322249706,1.4068759280235947,6,-0.036401532507854426,-0.0375270332502733,-0.038933909178296894,-0.04174766103434409,7
2013-12-24,-0.06476190824769665,1.388092137196154,4,-0.06503952667513588,-0.0661500003848928,-0.06753809252208895,-0.07031427679648126,7
2014-01-24,-0.02823364460249119,1.4023144289463565,8,-0.02851410748828046,-0.029635959031437547,-0.031038273460383903,-0.033842902318276614,7
2014-02-24,0.04453246846770975,1.4008919210024091,3,0.04425229008350927,0.043131576546707344,0.041730684625704936,0.038928900783700114,7
2014-03-24,0.05979104665830739,1.3742438483386579,3,0.059516197888639655,0.05841680280996873,0.057042558961630074,0.054294071264952753,7
2014-04-22,0.10435758375405614,1.1235375570198007,4,0.10413287624265218,0.10323404619703634,0.10211050864001654,0.09986343352597694,7
2014-05-20,-0.09984744379456675,1.150117591795389,4,-0.10007746731292583,-0.10099756138636214,-0.10214767897815753,-0.10444791416174831,7
2014-06-18,0.07660326590061572,1.4515919822865497,4,0.07631294750415842,0.07515167391832918,0.07370008193604262,0.07079689797146953,7
2014-07-17,-0.05562123273871187,1.1698112802159815,4,-0.05585519499475507,-0.05679104401892785,-0.05796085529914383,-0.0603004778595758,7
2014-08-14,-0.020702785316304123,1.3968786376719011,4,-0.020982161043838505,-0.022099663953976025,-0.023496542591647927,-0.026290299866991728,7
2014-09-12,0.09526721260097487,1.3618391270216317,3,0.09499484477557055,0.09390537347395324,0.0925435343469316,0.08981985609288834,7
2014-10-10,-0.008387990526411045,1.209015525190762,3,-0.008629793631449197,-0.009597006051601806,-0.010806021576792568,-0.013224052627174092,7
2014-11-07,0.09909567466070214,1.2595027363959943,6,0.09884377411342295,0.09783617192430615,0.09657666918791015,0.09405766371511816,7
2014-12-08,-0.033712597898332225,1.2142072256870298,4,-0.03395543934346963,-0.03492680512401925,-0.036141012349706285,-0.038569426801080345,7
2015-01-07,-0.01511135947079636,1.1463552368249679,7,-0.015340630518161353,-0.01625771470762133,-0.017404069944446297,-0.019696780418096232,7
2015-02-05,-0.0351950093556266,1.3112765793075376,5,-0.0354572646714881,-0.036506285934934136,-0.03781756251424167,-0.04044011567285675,7
2015-03-06,0.006882439998331532,1.4405054070774375,7,0.006594338916916044,0.005441934591254094,0.004001429184176657,0.001120418370021782,7
2015-04-06,0.0018173969471676503,1.380298626631784,4,0.0015413372218412934,0.0004370983205358662,-0.0009432003060959179,-0.003703797559359486,7
2015-05-04,0.0026503131120855276,1.2613669700128813,7,0.0023980397180829514,0.0013889461420726462,0.00012757917205976493,-0.0023951547679659977,7
2015-06-02,0.0042090626541881155,1.3250899833641896,5,0.003944044657515277,0.002883972670823926,0.0015588826874597364,-0.0010912972792686427,7
2015-06-30,0.06249393252231682,1.3228231175279244,7,0.062229367898811234,0.06117110940478889,0.059848286287260966,0.05720264005220512,7
2015-07-29,0.09954633658184604,1.2789112809484011,7,0.09929055432565637,0.09826742530089765,0.09698851401994923,0.09443069145805244,7
2015-08-26,-0.003042406874581212,1.3245792243291916,4,-0.0033073227194470502,-0.004366986098910404,-0.005691565323239596,-0.008340723771897979,7
2015-09-24,0.057850903866122606,1.2796313380818487,7,0.057594977598506236,0.056571272528040756,0.05529164118995891,0.05273237851379521,7
2015-10-22,-0.0514782315271679,1.112508912499206,7,-0.05170073330966774,-0.052590740439667105,-0.05370324935216631,-0.055928267177164724,7
2015-11-19,-0.0068615235745744215,1.3330612639701416,9,-0.00712813582736845,-0.008194584838544563,-0.009527646102514704,-0.012193768630454987,7
2015-12-18,0.16636344029742922,1.3282887390128375,3,0.16609778254962665,0.1650351515584164,0.16370686281940355,0.16105028534137786,7
2016-01-20,0.049582987748408185,1.0532616663608219,8,0.04937233541513602,0.048529726082047364,0.047476464415686544,0.045369941082964896,7
2016-02-18,-0.13358046014500885,1.053283250745972,4,-0.13379111679515804,-0.13463374339575482,-0.13568702664650079,-0.13779359314799275,7
2016-03-17,-0.08114390979840301,1.364059455849566,4,-0.08141672168957292,-0.08250796925425258,-0.08387202871010214,-0.08660014762180128,7
2016-04-15,0.08184394825054814,1.1095454232350859,7,0.08162203916590112,0.08073440282731305,0.07962485740407796,0.0774057665576078,7
2016-05-13,-0.06570025670145592,1.2053721762028833,4,-0.0659413311366965,-0.0669056288776588,-0.06811100105386168,-0.07052174540626745,7
2016-06-13,-0.03006428038434617,1.2911958374307244,8,-0.030322519551832315,-0.031355476221776896,-0.03264667205920762,-0.03522906373406907,7
2016-07-12,-0.05092144938918463,1.3969576623855655,6,-0.051200840921661744,-0.0523184070515702,-0.05371536471395576,-0.05650928003872689,7
2016-08-09,-0.03043628472937581,1.3123074040303966,11,-0.03069874621018189,-0.03174859213340621,-0.03306089953743661,-0.035685514345497396,7
2016-09-07,-0.027716512267212473,1.4208765199378057,11,-0.028000687571200035,-0.02913738878715028,-0.030558265307088085,-0.0334000183469637,7
2016-10-05,0.13709308110477844,1.3312615044805964,5,0.13682682880388233,0.13576181960029785,0.13443055809581725,0.13176803508685606,7
2016-11-02,-0.10682747906547348,1.2234214185525756,7,-0.10707216334918399,-0.10805090048402605,-0.10927432190257863,-0.11172116473968378,7
2016-12-01,0.025807506806173157,1.5467545208433946,9,0.02549815590200448,0.024260752285329763,0.022713997764486366,0.01962048872279958,7
2016-12-30,-0.017276252510014366,1.1531913110207972,5,-0.017506890772218526,-0.018429443821035164,-0.01958263513205596,-0.021889017754097555,7
2017-01-31,-0.012133494372254243,1.2252494949668047,12,-0.012378544271247604,-0.013358743867221048,-0.014583993362187853,-0.017034492352121462,7
2017-03-01,0.016980105229077457,1.4028592285840369,7,0.01669953338336065,0.01557724600049342,0.014174386771909384,0.01136866831474131,7
2017-03-29,0.03867361674699514,1.2776388831126744,8,0.038418088970372605,0.03739597786388246,0.03611833898076979,0.03356306121454444,7
2017-04-27,0.03875758389979477,1.180709618543603,4,0.03852144197608605,0.03757687428125117,0.036396164662707564,0.03403474542562036,7
2017-05-25,-0.02541508627578502,1.3024724501069627,5,-0.02567558076580641,-0.02671755872589198,-0.028020031175998945,-0.03062497607621287,7
2017-06-23,-0.004761585217785605,1.180134650493567,5,-0.004997612147884319,-0.005941719868279172,-0.007121854518772739,-0.009482123819759873,7
2017-07-24,0.07422012032837803,1.0737666714694656,7,0.07400536699408414,0.07314635365690857,0.0720725869854391,0.06992505364250017,7
2017-08-21,-0.07338570918308465,1.208376582726156,10,-0.07362738449962988,-0.07459408576581081,-0.07580246234853696,-0.07821921551398928,7
2017-09-19,-0.006431619078124529,1.3417480890414486,9,-0.006699968695932819,-0.007773367167165978,-0.009115115256207427,-0.011798611434290323,7
2017-10-17,0.03890247559764513,1.2840668977230376,2,0.03864566221810052,0.03761840869992209,0.03633434180219905,0.03376620800675298,7
2017-11-14,-0.0410479295218087,1.2908062281106425,5,-0.041306090767430824,-0.04233873574991934,-0.043629541978029984,-0.046211154434251264,7
2017-12-13,-0.0787268192722731,1.4134302391306097,6,-0.07900950532009922,-0.08014024951140371,-0.08155367975053432,-0.08438054022879554,7
2018-01-12,0.03700076009631394,1.3843601056182941,8,0.03672388807519028,0.035616399990695644,0.03423203988507735,0.03146331967384076,7
2018-02-12,-0.04176523825366258,1.3869871742545872,10,-0.0420426356885135,-0.04315222542791717,-0.04453921260217175,-0.04731318695068093,7
2018-03-13,0.021611273397105748,1.5550955490305178,4,0.021300254287299644,0.02005617784807523,0.01850108229904471,0.015390891200983676,7
2018-04-11,-0.02424024616835812,1.328671753588109,5,-0.02450598051907574,-0.025568917921946228,-0.026897589675534336,-0.029554933182710554,7
2018-05-09,-0.0504331228115501,1.5038015294626919,8,-0.05073388311744264,-0.0519369243410128,-0.053440725870475485,-0.05644832892940087,7
2018-06-07,-0.01610911851821152,1.605035756243252,7,-0.01643012566946017,-0.017714154274454774,-0.019319190030698024,-0.02252926154318453,7
2018-07-06,0.06907988539765114,1.399977704495727,5,0.06879988985675199,0.06767990769315542,0.06627992998865968,0.06347997457966824,7
2018-08-03,-0.03983797926569805,1.3797849851614428,4,-0.04011393626273034,-0.04121776425085949,-0.04259754923602094,-0.04535711920634382,7
2018-08-31,0.04321023918306443,1.603237829828001,2,0.04288959161709883,0.04160700135323643,0.040003763523408425,0.03679728786375243,7
2018-10-01,0.09746819088612818,1.3305094658635404,12,0.09720208899295547,0.09613768142026465,0.0948071719544011,0.09214615302267402,7
2018-10-29,0.017913459272742602,1.262393227229724,7,0.01766098062729666,0.016651066045512877,0.015388672818283154,0.012863886363823705,7
2018-11-27,0.04241272046253447,1.316517668124417,8,0.04214941692890958,0.04109620279441005,0.03977968512628564,0.037146649790036804,7
2018-12-27,-0.0913705972564167,1.193101219306029,6,-0.09160921750027791,-0.09256369847572274,-0.09375679969502876,-0.09614300213364083,7
2019-01-28,-0.06787986952288039,1.3005716178546907,9,-0.06813998384645133,-0.06918044114073507,-0.07048101275858977,-0.07308215599429915,7
2019-02-26,0.0300202610350238,1.504306646027853,6,0.029719399705818227,0.028515954388995946,0.027011647742968093,0.024003034450912387,7
2019-03-26,0.009674624055218899,1.3495527531834015,4,0.009404713504582218,0.008325071302035497,0.006975518548852096,0.004276413042485293,7
2019-04-24,0.06787778910909045,1.1533071997847055,1,0.06764712766913351,0.06672448190930574,0.06557117470952104,0.06326456030995163,7
2019-05-22,0.014136892980061853,1.2079677189417124,4,0.01389529943627351,0.01292892526112014,0.011720957542178428,0.009305022104295003,7
2019-06-20,0.027479738734257117,1.2604949941909485,5,0.02722763973541893,0.026219243740066168,0.02495874874587522,0.022437758757493324,7
2019-07-19,0.054920132053613895,1.1927532987845622,5,0.05468158139385698,0.05372737875482933,0.05253462545604477,0.050149118858475644,7
2019-08-16,-0.07855145916061543,1.247937890488062,2,-0.07880104673871303,-0.07979939705110349,-0.08104733494159155,-0.08354321072256768,7
2019-09-16,0.10604609890673469,1.3324851805197937,11,0.10577960187063074,0.1047136137262149,0.1033811285456951,0.10071615818465551,7
2019-10-14,-0.08337686620946638,1.029011772997869,5,-0.08358266856406596,-0.08440587798246425,-0.08543488975546212,-0.08749291330145786,7
2019-11-11,-0.042922037470097256,1.4579692451756021,8,-0.043213631319132376,-0.04438000671527286,-0.04583797596044846,-0.048753914450799664,7
2019-12-10,-0.025923322563819184,1.4075570281085226,8,-0.02620483396944089,-0.027330879591927707,-0.02873843662003623,-0.031553550676253275,7
2020-01-09,0.03668917183991191,1.3093806923617695,4,0.03642729570143956,0.03537979114755014,0.03407041045518837,0.031451649070464834,7
2020-02-07,0.0838061978394328,1.209607978772629,3,0.08356427624367828,0.08259658986066017,0.08138698188188755,0.07896776592434228,7
2020-03-09,0.06138657125236903,1.3445415780202827,6,0.061117662936764974,0.06004202967434875,0.058697488096328465,0.0560084049402879,7
2020-04-06,-0.1645200710360645,1.4047882642401226,1,-0.16480102868891253,-0.16592485930030462,-0.16732964756454474,-0.17013922409302498,7
2020-05-05,-0.21278074710298392,1.4446078918667458,1,-0.21306966868135727,-0.21422535499485065,-0.21566996288671741,-0.2185591786704509,7
2020-06-03,-0.025281833940333332,1.600203888173469,6,-0.025601874717968025,-0.026882037828506802,-0.02848224171668027,-0.03168264949302721,7
2020-07-01,0.020259909937866482,1.1541769712379972,2,0.020029074543618883,0.019105732966628486,0.017951555995390486,0.015643202052914494,7
2020-07-30,0.02166936103202633,1.15973811398175,2,0.021437413409229982,0.02050962291804458,0.01934988480406283,0.017030408576099332,7
2020-08-27,-0.009010766904909961,1.167173473685571,1,-0.009244201599647076,-0.010177940378595532,-0.011345113852281104,-0.013679460799652245,7
2020-09-25,-0.02833755199262404,1.231685915445301,7,-0.0285838891757131,-0.029569237908069344,-0.030800923823514643,-0.033264295654405245,7
2020-10-23,-0.07309221732195355,1.2633560585209003,3,-0.07334488853365773,-0.07435557338047445,-0.07561892943899536,-0.07814564155603715,7
2020-11-20,-0.08881241546818584,1.4133663364382152,2,-0.08909508873547349,-0.09022578180462405,-0.09163914814106228,-0.09446588081393871,7
2020-12-21,-0.10765057424050296,1.3616165459216045,4,-0.10792289754968729,-0.10901219078642457,-0.11037380733234617,-0.11309704042418939,7
2021-01-21,-0.1997757546509401,1.3058815251872482,4,-0.20003693095597755,-0.20108163617612734,-0.2023875177013146,-0.2049992807516891,7
2021-02-19,0.08448691396562398,1.6068757675759227,3,0.0841655388121088,0.08288003819804805,0.08127316243047214,0.07805941089532029,7
2021-03-19,0.23152732034788512,1.146337849101217,6,0.23129805277806487,0.23038098249878391,0.22923464464968268,0.22694196895148025,7
2021-04-19,0.051225799971941835,1.0491117219668293,7,0.05101597762754847,0.050176688249975,0.04912757652800818,0.04702935308407452,7
2021-05-17,-0.1505598692230855,1.0992816174114663,8,-0.1507797255465678,-0.15165915084049697,-0.15275843245790843,-0.15495699569273136,7
2021-06-15,0.08189822718543681,1.4479378390930218,4,0.0816086396176182,0.08045028934634378,0.07900235150725077,0.07610647582906473,7
2021-07-14,0.03264482443886179,1.1592257935417496,4,0.03241297928015344,0.03148559864532004,0.03032637285177829,0.028007921264694792,7
2021-08-11,-0.028787056668680738,1.1389705904322578,9,-0.029014850786767188,-0.029926027259112996,-0.031064997849545254,-0.03334293903040977,7
2021-09-09,0.027263262549769813,1.285305897007934,6,0.027006201370368226,0.02597795665276188,0.024692650755753946,0.022122038961738075,7
2021-10-07,-0.05722129750444636,1.1211655503390943,3,-0.05744553061451418,-0.05834246305478545,-0.059463628605124545,-0.06170595970580273,7
2021-11-04,0.1650493730168253,1.3088646633238006,10,0.16478760008416052,0.16374050835350148,0.16243164369017768,0.1598139143635301,7
2021-12-03,0.030196672984350532,1.2226464216462665,5,0.029952143700021278,0.028974026562704265,0.027751380141057998,0.025306087297765466,7
2022-01-03,0.17589374146880357,1.1505675172692387,3,0.17566362796534973,0.17474317395153433,0.1735926064342651,0.1712914713997266,7
2022-02-01,0.05746201612236878,1.0349959054944586,3,0.05725501694126989,0.05642702021687432,0.055392024311379864,0.05332203250039094,7
2022-03-02,-0.009466398746051284,1.0887808676300008,8,-0.009684154919577284,-0.010555179613681284,-0.011643960481311286,-0.013821522216571288,7
2022-03-30,0.1875439690987178,1.1864205076050798,5,0.18730668499719677,0.1863575485911127,0.18517112808350764,0.18279828706829748,7
2022-04-28,0.09290005130561499,1.0547667597800876,7,0.09268909795365897,0.0918452845458349,0.09079051778605482,0.08868098426649464,7
2022-05-26,-0.048012616508335125,1.0588592828379069,5,-0.048224388364902705,-0.04907147579117303,-0.05013033507401094,-0.05224805363968675,7
2022-06-27,0.02069454945571944,1.0264081705263295,9,0.020489267821614175,0.019668141285193112,0.018641733114666784,0.016588916773614123,7
2022-07-26,-0.10540014185829041,1.020914379054483,8,-0.1056043247341013,-0.1064210562373449,-0.10744197061639937,-0.10948379937450835,7
2022-08-23,0.06183512392066408,1.3674613964386797,4,0.06156163164137634,0.0604676625242254,0.05910020112778672,0.05636527833490936,7
2022-09-21,0.061059947341238305,1.0842449196438098,11,0.06084309835730954,0.059975702421594494,0.058891457501950684,0.05672296766266306,7
2022-10-19,-0.012149259934911547,1.173224414013678,4,-0.012383904817714283,-0.013322484348925225,-0.014495708762938903,-0.01684215759096626,7
2022-11-16,0.04365007055640023,1.3706036168692957,11,0.043375949833026374,0.042279466939530934,0.04090886332266164,0.03816765608892305,7
2022-12-15,-0.0747491024663846,1.2095309158608465,9,-0.07499100864955677,-0.07595863338224544,-0.07716816429810629,-0.07958722612982798,7
2023-01-17,-0.014415852956768851,1.2836910232678502,4,-0.014672591161422421,-0.0156995439800367,-0.01698323500330455,-0.019550617049840253,7
2023-02-14,0.07844470113590778,1.255031056339334,10,0.07819369492463991,0.07718967007956844,0.07593463902322911,0.07342457691055045,7
2023-03-15,0.027584588590721573,1.2599246866287188,6,0.027332603653395827,0.026324663904092854,0.025064739217464136,0.022544889844206696,7
2023-04-13,0.05091955741575353,1.2728336824827915,5,0.05066499067925698,0.04964672373327074,0.04837389005078795,0.045828222685822366,7
2023-05-11,-0.1160745223076644,1.2875525983092106,4,-0.11633203282732624,-0.1173620749059736,-0.11864962750428282,-0.12122473270090124,7
2023-06-09,-0.055477036714843664,1.52117569063328,7,-0.05578127185297032,-0.05699821240547694,-0.05851938809611022,-0.06156173947737678,7
2023-07-11,0.05167218266729742,1.1769660117821992,4,0.051436789464940985,0.05049521665551522,0.049318250643733026,0.04696431862016863,7
2023-08-08,0.0195259220827156,1.1982179441385445,6,0.01928627849388789,0.018327704138577056,0.01712948619443851,0.01473305030616142,7
2023-09-06,0.11348053498580817,1.3839154932494553,3,0.11320375188715827,0.11209661949255871,0.11071270399930926,0.10794487301281035,7
2023-10-04,0.07077625386351173,1.1990798734876018,5,0.07053643788881421,0.06957717399002412,0.06837809411653653,0.06597993436956133,7
2023-11-01,-0.09553071698874338,1.2661281444813115,8,-0.09578394261763964,-0.09679684513322469,-0.09806297327770601,-0.10059522956666862,7
2023-11-30,-0.15502091322844702,1.5549344871469324,3,-0.15533190012587642,-0.15657584771559396,-0.15813078220274088,-0.16124065117703476,7
2006-01-17,0.020568787136700913,1.000000000000003,8,0.02036878713670091,0.019568787136700908,0.018568787136700907,0.016568787136700902,8
2006-02-14,0.002189681751593221,1.3635086831071401,9,0.0019169800149717929,0.0008261730684860809,-0.0005373356146210592,-0.0032643529808353395,8
2006-03-15,-0.038146953825193994,1.4203820976311072,8,-0.038431030244720214,-0.0395673359228251,-0.040987718020456206,-0.043828482215718424,8
2006-04-12,0.025715074969489594,1.352401771342938,4,0.025444594615221007,0.024362673198146657,0.023010271426803716,0.020305467884117842,8
2006-05-11,0.08624775904541987,1.3473673769405765,8,0.08597828557003176,0.08490039166847929,0.08355302429153871,0.08085828953765756,8
2006-06-09,-0.0035621136011931066,1.2748877494835407,8,-0.0038170911510898146,-0.004837001350676647,-0.006111889100160188,-0.00866166459912727,8
2006-07-10,0.040108546731144834,1.077370565879354,5,0.03989307261796896,0.03903117616526548,0.037953805599386124,0.035799064467627414,8
2006-08-07,-0.03859966903565884,1.2078702881809236,4,-0.03884124309329502,-0.03980753932383976,-0.04101540961202069,-0.043431150188382533,8
2006-09-05,0.020876972879367146,1.3677820366270925,4,0.020603416472041728,0.019509190842740054,0.01814140880611296,0.015405844732858776,8
2006-10-03,-0.07081004001815237,1.1959854422267473,8,-0.07104923710659772,-0.07200602546037912,-0.07320201090260586,-0.07559398178705937,8
2006-10-31,-0.009943260058029323,1.3659990930151067,9,-0.010216459876632345,-0.01130925915104443,-0.012675258244059536,-0.01540725643008975,8
2006-11-29,0.01297518017793882,1.3861210153286343,10,0.012697955974873092,0.011589059162610185,0.01020293814728155,0.007430696116624282,8
2006-12-28,0.020748558623279102,1.2895878362442001,14,0.02049064105603026,0.0194589707870349,0.0181693829507907,0.015590207278302301,8
2007-01-30,0.009723137193636664,1.2935326178286906,10,0.009464430670070925,0.008429604575807973,0.007136071957979283,0.0045490067223219015,8
2007-02-28,-0.009389427357457555,1.3995836057906492,7,-0.009669344078615685,-0.010789010963248205,-0.012188594569038855,-0.014987761780620152,8
2007-03-28,-0.026805709786143512,1.3496048397642508,13,-0.02707563075409636,-0.028155314625907764,-0.029504919465672012,-0.032204129145200516,8
2007-04-26,0.012985011940322545,1.379681469596795,5,0.012709075646403186,0.01160533047072575,0.010225649001128954,0.007466286061935365,8
2007-05-24,-0.015928669870167746,1.4401626220655115,15,-0.01621670239458085,-0.01736883249223326,-0.01880899511429877,-0.02168932035842979,8
2007-06-22,-0.015030175426185385,1.387638784988396,8,-0.015307703183183065,-0.016417814211173783,-0.017805452996162176,-0.020580730566138968,8
2007-07-23,0.06649715423968705,1.337880564479541,13,0.06622957812679114,0.0651592736752075,0.06382139311072797,0.06114563198176889,8
2007-08-20,0.012774776574806834,1.4024641508037596,11,0.012494283744646083,0.011372312424003075,0.009969848273199314,0.007164919971591795,8
2007-09-18,-0.004448734072053209,1.3270767460598376,16,-0.004714149421265176,-0.005775810818113047,-0.007102887564172884,-0.009757041056292558,8
2007-10-16,0.09633728549057509,1.1581683361763895,11,0.09610565182333981,0.0951791171543987,0.09402094881822232,0.09170461214586953,8
2007-11-13,0.010313590057483295,1.2383492101835043,11,0.010065920215446594,0.009075240847299791,0.007836891637116285,0.0053601932167492775,8
2007-12-12,0.10765753688128837,1.267666928792405,10,0.10740400349552989,0.10638986995249597,0.10512220302370356,0.10258686916611875,8
2008-01-11,-0.05892264583085275,1.051780644932452,8,-0.05913300195983924,-0.0599744264757852,-0.06102620712071766,-0.06312976841058256,8
2008-02-11,0.09575157475151075,1.3375575010433647,7,0.09548406325130207,0.09441401725046739,0.09307645974942402,0.09040134474733728,8
2008-03-11,-0.04960891468965428,1.2535413642531357,4,-0.04985962296250491,-0.05086245605390742,-0.05211599741816055,-0.05462308014666682,8
2008-04-09,-0.025178483513464106,1.2871718243737198,4,-0.02543591787833885,-0.026465655337837825,-0.027752827162211547,-0.030327170810958985,8
2008-05-07,-0.013848649858527599,1.2261387740628458,6,-0.014093877613340168,-0.015074788632590444,-0.01630092740665329,-0.01875320495477898,8
2008-06-05,0.07854723748966173,1.4054444464904075,7,0.07826614860036366,0.07714179304317133,0.07573634859668092,0.07292545970370011,8
2008-07-03,-0.06388804386753459,1.1239436577838429,4,-0.06411283259909135,-0.06501198752531843,-0.06613593118310228,-0.06838381849866997,8
2008-08-01,-0.02647822990372977,1.2158950300262268,7,-0.026721408909735015,-0.027694124933755997,-0.028910019963782223,-0.031341810023834675,8
2008-08-29,0.09586548416970349,1.3224325657948446,3,0.09560099765654452,0.09454305160390865,0.0932206190381138,0.09057575390652411,8
2008-09-29,0.10873016463226341,1.1390182954452364,4,0.10850236097317437,0.10759114633681818,0.10645212804137294,0.10417409145048247,8
2008-10-27,0.12329586966265943,1.1273979930094975,7,0.12307039006405752,0.12216847166964993,0.12104107367664044,0.11878627769062144,8
2008-11-24,-0.1274086879576956,1.082645459663444,3,-0.1276252170496283,-0.12849133341735905,-0.1295739788770225,-0.1317392697963494,8
2008-12-23,0.0029639462480980454,1.3858419899656444,6,0.0026867778501049166,0.001578104258132401,0.0001922622681667565,-0.0025794217117645324,8
2009-01-23,0.11642037784688139,0.992348041472252,3,0.11622190823858694,0.11542802980540914,0.11443568176393688,0.11245098568099238,8
2009-02-23,-0.23425333153417507,1.044314933036341,2,-0.23446219452078235,-0.2352976464672114,-0.23634196140024777,-0.23843059126632044,8
2009-03-23,-0.18006042991882448,1.522997137826228,2,-0.18036502934638973,-0.1815834270566507,-0.18310642419447695,-0.1861524184701294,8
2009-04-21,-0.14119003418184203,1.2626467688913525,0,-0.1414425635356203,-0.14245268095073338,-0.14371532771962475,-0.14624062125740744,8
2009-05-19,0.07255340803933179,1.2123470235330713,0,0.07231093863462518,0.07134106101579872,0.07012871399226564,0.0677040199451995,8
2009-06-17,-0.004987640368846921,1.1537000181934989,1,-0.00521838037248562,-0.006141340387040419,-0.0072950404052339185,-0.009602440441620917,8
2009-07-16,-0.1497987115193235,1.0975842869267955,3,-0.15001822837670886,-0.1508962958062503,-0.1519938800931771,-0.15418904866703068,8
2009-08-13,-0.05069163245297072,1.6043048510658455,3,-0.05101249342318388,-0.05229593730403656,-0.05390024215510241,-0.0571088518572341,8
2009-09-11,0.00013141978850635485,1.2298974135624923,3,-0.0001145596942061436,-0.0010984776250561375,-0.0023283750386186297,-0.004788169865743615,8
2009-10-09,0.09944814565517861,1.1400374751420368,10,0.0992201381601502,0.09830810818003657,0.09716807070489453,0.09488799575461046,8
2009-11-06,-0.00878598538445277,1.0303986271775665,2,-0.008992065109888283,-0.009816384011630336,-0.010846782638807902,-0.012907579893163035,8
2009-12-07,-0.09640717482134456,1.286710972213276,4,-0.09666451701578721,-0.09769388579355784,-0.09898059676577112,-0.10155401871019766,8
2010-01-06,0.10485331001599549,1.397667187561866,3,0.10457377657848312,0.10345564282843363,0.10205797564087175,0.09926264126574802,8
2010-02-04,-0.09428351179440715,1.1709721740649985,5,-0.09451770622922015,-0.09545448396847216,-0.09662545614253715,-0.09896740049066714,8
2010-03-05,-0.011718946028306225,1.4786253379219914,3,-0.012014671095890623,-0.013197571366228216,-0.014676196704150208,-0.01763344737999419,8
2010-04-05,-0.013039956621243697,1.367669768495373,6,-0.013313490574942771,-0.01440762638973907,-0.015775296158234444,-0.018510635695225187,8
2010-05-03,0.07371441212670925,1.3549076449480213,4,0.07344343059771964,0.07235950448176122,0.0710045968368132,0.06829478154691716,8
2010-06-01,0.07790678318682732,1.1711375307679002,4,0.07767255568067374,0.07673564565605942,0.07556450812529153,0.07322223306375572,8
2010-06-29,-0.053222888830482935,1.0444334491958058,9,-0.0534317755203221,-0.05426732227967874,-0.05531175572887455,-0.05740062262726616,8
2010-07-28,0.055834191231618695,1.2304058748994637,5,0.0555881100566388,0.05460378535671923,0.05337337948181977,0.05091256773202084,8
2010-08-25,-0.050364365184111214,1.1700527889095949,3,-0.05059837574189313,-0.05153441797302081,-0.052704470761930404,-0.055044576339749594,8
2010-09-23,-0.02930435911094369,1.1644067313371633,9,-0.029537240457211122,-0.030468765842280855,-0.031633172573618015,-0.033961986036292344,8
2010-10-21,-0.03476270506126661,1.1799791821977264,7,-0.03499870089770615,-0.035942684243464335,-0.03712266342566206,-0.039482621790057515,8
2010-11-18,-0.038040245539571506,1.3081562151889146,5,-0.03830187678260929,-0.03934840175476042,-0.04065655796994933,-0.043272870400327165,8
2010-12-17,-0.055134568514492596,1.3742447056107545,5,-0.05540941745561475,-0.05650881322010335,-0.057883057925714104,-0.06063154733693561,8
2011-01-18,0.027138867809527477,1.2907034885267565,1,0.026880727111822125,0.02584816432100072,0.024557460832473964,0.021976053855420452,8
2011-02-15,0.06298882517622828,1.215938624026139,10,0.06274563745142306,0.061772886552202144,0.060556947928176,0.05812507068012372,8
2011-03-16,-0.013748082694061844,1.1374032861403016,3,-0.013975563351289905,-0.014885485980202146,-0.016022889266342447,-0.018297695838623052,8
2011-04-13,0.04917311544867879,1.2146817269672163,6,0.04893017910328535,0.047958433721711574,0.046743751994744356,0.04431438854080993,8
2011-05-12,0.03251914071944918,1.3272822891181555,5,0.03225368426162555,0.031191858430331027,0.02986457614121287,0.02721001156297656,8
2011-06-10,-0.03821507064244617,1.2031731829798658,10,-0.03845570527904214,-0.03941824382542604,-0.0406214170084059,-0.04302776337436563,8
2011-07-11,0.12729160299813477,1.1503591675774818,4,0.12706153116461927,0.1261412438305573,0.1249908846629798,0.12269016632782484,8
2011-08-08,0.01314987608783636,1.0797910029782596,5,0.012933917887240708,0.0120700850848581,0.01099029408187984,0.00883071207592332,8
2011-09-06,0.13214580876085938,1.2159687263957306,7,0.13190261501558023,0.13092984003446365,0.1297138713080679,0.12728193385527645,8
2011-10-04,-0.13636560678835266,1.0303346463195953,4,-0.13657167371761658,-0.13739594143467226,-0.13842627608099184,-0.14048694537363104,8
2011-11-01,0.016510444050343468,1.1263243317076084,5,0.016285179184001946,0.015384119718635859,0.014257795386928252,0.012005146723513035,8
2011-11-30,0.04147791732194837,1.0907933691328129,7,0.04125975864812181,0.04038712395281555,0.03929633058368274,0.03711474384541712,8
2011-12-29,-0.1252294839779414,0.9913262138167899,5,-0.12542774922070477,-0.12622081019175818,-0.12721213640557497,-0.12919478883320856,8
2012-01-30,-0.041277055671936916,1.3288293890226957,9,-0.041542821549741454,-0.04260588506095961,-0.04393471444998231,-0.0465923732280277,8
2012-02-28,0.028700432026306923,1.2499056579911652,4,0.02845045089470869,0.02745052636831576,0.02620062071032459,0.023700809394342263,8
2012-03-27,0.05828224839945338,1.1366649216296645,3,0.05805491541512745,0.05714558347782372,0.056008918556194054,0.053735588712934726,8
2012-04-25,0.057873604292585513,1.0692998588208145,7,0.05765974432082135,0.0568043044337647,0.05573500457494388,0.05359640485730226,8
2012-05-23,0.05312839932978915,1.119004991741727,3,0.0529045983314408,0.05200939433804742,0.050890389346305694,0.04865237936282224,8
2012-06-21,-0.01818204577734027,1.0575700429646917,6,-0.018393559785933208,-0.01923961582030496,-0.020297185863269653,-0.022412325949199036,8
2012-07-20,-0.0694623713723332,1.0052371557610142,5,-0.06966341880348541,-0.07046760852809422,-0.07147284568385523,-0.07348331999537726,8
2012-08-17,-0.06405366775164652,1.312415409438631,2,-0.06431615083353424,-0.06536608316108515,-0.06667849857052378,-0.06930332938940104,8
2012-09-17,0.05440911839210262,1.430667270512798,6,0.05412298493800006,0.052978451121589824,0.05154778385107702,0.04868644931005143,8
2012-10-15,0.04608356371920904,1.0961215034753053,2,0.04586433941851398,0.04498744221573373,0.04389132071225843,0.04169907770530782,8
2012-11-14,-0.032398533704156005,1.1861550155409757,6,-0.032635764707264196,-0.03358468871969698,-0.034770843735237957,-0.03714315376631991,8
2012-12-13,-0.03522867025476466,1.3313767278958915,9,-0.03549494560034384,-0.03656004698266055,-0.03789142371055644,-0.040554177166348224,8
2013-01-14,0.014096919551871022,1.4032771572119134,4,0.01381626412042864,0.012693642394659109,0.011290365237447196,0.008483810923023367,8
2013-02-12,0.0057474478252452854,1.31573441427788,6,0.00548430094238971,0.004431713410967405,0.0031159789966895253,0.0004845101681337652,8
2013-03-13,0.028869936594646657,1.3935696727501796,3,0.028591222660096623,0.027476366921896478,0.0260827972491463,0.02329565790364594,8
2013-04-11,-0.02935640086797056,1.172751419380228,5,-0.029590951151846605,-0.03052915228735079,-0.03170190370673102,-0.034047406545491474,8
2013-05-09,-0.03721696309336839,1.2614884825195334,2,-0.0374692607898723,-0.038478451575887924,-0.039739940058407454,-0.04226291702344652,8
2013-06-07,0.00019938469692103752,1.4041024196943734,7,-8.143578701783717e-05,-0.0012047177227733359,-0.002608820142467709,-0.005417024981856456,8
2013-07-08,-0.033634562402233566,1.2603924173651322,5,-0.033886640885706594,-0.0348949548195987,-0.03615534723696383,-0.0386761320716941,8
2013-08-05,-0.010283255831431548,1.4132968750554302,2,-0.010565915206442634,-0.011696552706486979,-0.01310984958154241,-0.01593644333165327,8
2013-09-03,-0.04132633496277767,1.336188894265649,5,-0.0415935727416308,-0.04266252385704332,-0.04399871275130897,-0.04667109053984027,8
2013-10-01,0.05916871289699409,1.3257646872999087,7,0.058903559959534106,0.05784294820969418,0.05651718352239427,0.053865654147794456,8
2013-10-29,-0.0007170358634311729,1.3115403973663087,10,-0.0009793439429044346,-0.0020285762607974815,-0.00334011665816379,-0.005963197452896408,8
2013-11-26,-0.02645445036025881,1.4051400131024914,6,-0.026735478362879306,-0.0278595903733613,-0.029264730386463794,-0.032075010412668775,8
2013-12-26,-0.04047239363116491,1.3823420847696863,5,-0.040748862048118846,-0.04185473571593459,-0.04323707780070428,-0.04600176197024365,8
2014-01-27,-0.056158507427516734,1.370689580147414,7,-0.056432645343546216,-0.057529197007664144,-0.05889988658781156,-0.06164126574810639,8
2014-02-25,0.06277211863956905,1.4204109647974126,3,0.06248803644660957,0.06135170767477164,0.05993129670997423,0.0570904747803794,8
2014-03-25,0.06710192802152294,1.2981400862779982,3,0.06684230000426734,0.06580378793524494,0.06450564784896695,0.06190936767641095,8
2014-04-23,0.08270907597665476,1.0696728419505555,4,0.08249514140826465,0.0816394031347042,0.08056973029275365,0.07843038460885254,8
2014-05-21,-0.09060696867740815,1.1396688737755565,5,-0.09083490245216326,-0.09174663755118372,-0.09288630642495926,-0.09516564417251037,8
2014-06-19,0.05264232874605469,1.429197803526769,3,0.05235648918534934,0.051213130942527926,0.04978393313900115,0.046925537531947614,8
2014-07-18,-0.04537459148398831,1.17225770665389,4,-0.04560904302531908,-0.0465468491906422,-0.04771910689729609,-0.050063622310603864,8
2014-08-15,0.013278836855932497,1.4140988898158322,4,0.012996017077969331,0.011864737966116664,0.010450639076300833,0.007622441296669168,8
2014-09-15,0.0833202766299511,1.3170386345941547,3,0.08305686890303227,0.08200323799535694,0.0806861993607628,0.07805212209157449,8
2014-10-13,-0.023798624316288947,1.2504818685671533,3,-0.024048720690002377,-0.0250491061848561,-0.026299588053423254,-0.02880055179055756,8
2014-11-10,0.06849621186333284,1.3037850251913519,6,0.06823545485829456,0.06719242683814149,0.06588864181295014,0.06328107176256743,8
2014-12-09,-0.0011172781294655695,1.2071829433176267,4,-0.0013587147181290948,-0.002324461072783196,-0.003531644016100823,-0.005946009902736076,8
2015-01-08,-0.004601769603790317,1.0891502612994268,6,-0.004819599656050202,-0.005690919865089744,-0.006780070126389171,-0.008958370648988023,8
2015-02-06,-0.02013712894110697,1.2515253567368603,4,-0.020387434012454343,-0.021388654297843833,-0.02264017965458069,-0.025143230368054412,8
2015-03-09,-0.0047118938260048045,1.4986772104679962,9,-0.005011629268098404,-0.0062105710364728,-0.007709248246940797,-0.01070660266787679,8
2015-04-07,0.023696336816176628,1.3194459824342832,5,0.02343244761968977,0.022376890833742346,0.02105744485130806,0.018418552886439496,8
2015-05-05,-0.01585760121050836,1.190059271524503,5,-0.01609561306481326,-0.017047660482032864,-0.018237719753557365,-0.02061783829660637,8
2015-06-03,0.0331638573522546,1.3534022095261873,6,0.03289317691034936,0.031810455142728414,0.030457052933202222,0.02775024851414985,8
2015-07-01,0.04622390121420064,1.3308344767134708,6,0.04595773431885795,0.04489306673748717,0.0435622322607737,0.04090056330734676,8
2015-07-30,0.07340854108870606,1.3283842293153214,7,0.073142864242843,0.07208015685939075,0.07075177263007543,0.06809500417144478,8
2015-08-27,0.06311421093051714,1.3419753343986078,4,0.06284581586363742,0.06177223559611853,0.06043026026171992,0.05774630959292271,8
2015-09-25,0.0026106627402025543,1.209748116703553,6,0.0023687131168618437,0.0014009146234990012,0.00019116650679544805,-0.0022283297266116582,8
2015-10-23,-0.02794194550218491,1.1785423420845043,7,-0.02817765397060181,-0.029120487844269415,-0.03029903018635392,-0.03265611487052293,8
2015-11-20,-0.015234073548741166,1.3078705663875183,7,-0.01549564766201867,-0.016541944115128684,-0.017849814681516203,-0.02046555581429124,8
2015-12-21,0.14527675560357114,1.354041687403314,3,0.14500594726609048,0.14392271391616784,0.14256867222876451,0.13986058885395788,8
2016-01-21,0.07395546317039353,1.1120400916605926,7,0.07373305515206141,0.07284342307873294,0.07173138298707235,0.06950730280375116,8
2016-02-19,-0.14129259506608544,1.0839780483005872,3,-0.14150939067574556,-0.14237657311438603,-0.1434605511626866,-0.14562850725928778,8
2016-03-18,-0.07972885722191173,1.3638207476390882,4,-0.08000162137143954,-0.08109267796955082,-0.08245649871718991,-0.08518414021246808,8
2016-04-18,0.060509217417294654,1.1198674444514098,6,0.06028524392840437,0.059389349972843244,0.058269482528391835,0.056029747639489015,8
2016-05-16,-0.03795364758011534,1.20254140945171,5,-0.03819415586200568,-0.03915618898956705,-0.04035873039901876,-0.04276381321792218,8
2016-06-14,-0.010827843678976063,1.250277468808484,9,-0.01107789917273776,-0.012078121147784547,-0.013328398616593032,-0.015828953554209997,8
2016-07-13,-0.05107712383684331,1.3764266422013045,5,-0.05135240916528357,-0.05245355047904462,-0.053829977121245924,-0.05658283040564853,8
2016-08-10,-0.05161800614197678,1.2947464706016567,13,-0.05187695543609711,-0.05291275261257843,-0.054207499083180094,-0.0567969920243834,8
2016-09-08,-0.012002425893656302,1.4231879280877342,11,-0.012287063479273849,-0.013425613821744037,-0.014848801749831771,-0.01769517760600724,8
2016-10-06,0.13539645449874876,1.2856467284893431,6,0.13513932515305088,0.1341108077702594,0.13282516104177008,0.1302538675847914,8
2016-11-03,-0.11770998395961689,1.2319334937681408,7,-0.11795637065837052,-0.11894191745338503,-0.12017385094715317,-0.12263771793468946,8
2016-12-02,0.0146935502292134,1.596692533864106,8,0.01437421172244058,0.013096857695349294,0.011500165161485188,0.008306780093756974,8
2017-01-03,-0.002231733592165533,1.1821384392923122,4,-0.0024681612800239953,-0.003413872031457845,-0.004596010470750157,-0.006960287349334782,8
2017-02-01,0.01339798171010472,1.2013619830797713,12,0.013157709313488765,0.012196619727024948,0.010995257743945178,0.008592533777785634,8
2017-03-02,0.009979318690389453,1.298983380257262,7,0.009719522014338,0.008680335310132192,0.007381351929874929,0.004783385169360405,8
2017-03-30,0.05016035974613065,1.2490585180656606,9,0.049910548042517516,0.04891130122806499,0.04766224270999933,0.04516412567386801,8
2017-04-28,0.031948247172726235,1.1872981268806493,4,0.03171078754735011,0.030760949045845587,0.029573650918964935,0.02719905466520364,8
2017-05-26,-0.025195499180876706,1.293917867876044,5,-0.025454282754451916,-0.02648941704875275,-0.027783334916628794,-0.03037117065238088,8
2017-06-26,-0.02349200321991614,1.2129366302802032,6,-0.02373459054597218,-0.024704939850196343,-0.025917876480476543,-0.028343749741036952,8
2017-07-25,0.07087471265060552,1.1404424693962492,5,0.07064662415672628,0.06973427018120927,0.06859382771181302,0.06631294277302052,8
2017-08-22,-0.07132200424222604,1.234899166559793,10,-0.071568984075538,-0.07255690340878583,-0.07379180257534562,-0.0762616009084652,8
2017-09-20,-0.0010742159722358243,1.3532422988900639,9,-0.0013448644320138371,-0.002427458271125888,-0.003780700570015952,-0.00648718516779608,8
2017-10-18,0.032956520142876804,1.30063005628586,2,0.03269639413161963,0.03165589008659094,0.030355260030305083,0.027753999917733363,8
2017-11-15,-0.028976542151629484,1.2819321642960315,5,-0.029232928584488692,-0.030258474315925515,-0.03154040648022155,-0.03410427080881361,8
2017-12-14,-0.047293728540309984,1.374229917461102,6,-0.047568574523802205,-0.04866795845777109,-0.05004218837523219,-0.05279064821015439,8
2018-01-16,0.002512115619248281,1.3258650005520844,8,0.002246942619137864,0.0011862506186961963,-0.0001396143818558882,-0.002791344382960057,8
2018-02-13,-0.0400776344676718,1.4159813916813264,10,-0.04036083074600806,-0.04149361585935313,-0.04290959725103445,-0.045741560034397104,8
2018-03-14,0.014624567869832813,1.5671306236788536,5,0.014311141745097043,0.01305743724615396,0.011490306622475105,0.008356045375117398,8
2018-04-12,-0.0008017569007996622,1.3298377719541952,4,-0.0010677244551905013,-0.0021315946727538575,-0.0034614324447080525,-0.006121107988616443,8
2018-05-10,-0.05109916849774338,1.476458199050147,7,-0.05139446013755341,-0.052575626696793526,-0.05405208489584368,-0.05700500129394397,8
2018-06-08,-0.019878702524148566,1.60204815345165,8,-0.020199112154838897,-0.021480750677600215,-0.023082798831051868,-0.026286895137955166,8
2018-07-09,0.06756622476072612,1.4033654496525991,4,0.0672855516707956,0.06616285931107352,0.06475949386142092,0.061952762962115715,8
2018-08-06,-0.033824850463999,1.396430531079555,5,-0.03410413657021491,-0.035221280995078555,-0.036617711526158114,-0.03941057258831722,8
2018-09-04,0.05078502778206667,1.6046048338589598,1,0.05046410681529488,0.049180422948207715,0.04757581811434875,0.04436660844663083,8
2018-10-02,0.07611301434521088,1.3280205667551648,12,0.07584741023185984,0.07478499377845571,0.07345697321170055,0.07080093207819022,8
2018-10-30,-0.0030314882085877297,1.279965082144492,7,-0.0032874812250166282,-0.004311453290732221,-0.005591418372876713,-0.008151348537165697,8
2018-11-28,0.053753977836442195,1.3477112991556666,8,0.05348443557661106,0.05240626653728653,0.05105855523813086,0.04836313263981953,8
2018-12-28,-0.08253406953847375,1.2183986950906867,5,-0.08277774927749189,-0.08375246823356444,-0.08497086692865513,-0.0874076643188365,8
2019-01-29,-0.0763889600119654,1.2770543055669035,8,-0.0766443708730788,-0.07766601431753231,-0.07894306862309922,-0.08149717723423303,8
2019-02-27,0.043447992762464374,1.5595334388007145,6,0.04313608607470423,0.04188845932366366,0.04032892588486295,0.037209859007261516,8
2019-03-27,0.0015557783354788676,1.3676265987947502,4,0.0012822530157199177,0.00018815173668411725,-0.0011794748621106331,-0.003914728059700134,8
2019-04-25,0.08391341125221988,1.16833359269665,2,0.08367974453368054,0.08274507765952323,0.08157674406682658,0.07924007688143328,8
2019-05-23,-0.004466481407233601,1.2528065811645879,3,-0.004717042723466518,-0.005719287988398189,-0.006972094569562777,-0.009477707731891952,8
2019-06-21,0.02928573495507012,1.2618402918102094,5,0.02903336689670808,0.028023894663259913,0.0267620543714497,0.02423837378782928,8
2019-07-22,0.054900646837169935,1.243667247513184,5,0.0546519133876673,0.05365697958965675,0.05241331234214357,0.0499259778471172,8
2019-08-19,-0.05514097268247668,1.2336508350174278,2,-0.05538770284948017,-0.05637462351749411,-0.057608274352511535,-0.060075576022546394,8
2019-09-17,0.08385464625540537,1.301231746923382,12,0.08359439990602069,0.08255341450848198,0.0812521827615586,0.07864971926771185,8
2019-10-15,-0.05388202809851148,1.0526400164960492,6,-0.05409255610181069,-0.05493466811500753,-0.05598730813150358,-0.05809258816449568,8
2019-11-12,-0.04540692234792413,1.3989450410805884,5,-0.04568671135614025,-0.04680586738900472,-0.04820481243008531,-0.051002702512246485,8
2019-12-11,-0.02886698686947309,1.4156787827585744,8,-0.029150122626024805,-0.030282665652231665,-0.03169834443499024,-0.03452970200050739,8
2020-01-10,0.025994420035325504,1.3114183677435396,4,0.025732136361776795,0.024683001667581965,0.023371583299838426,0.020748746564351345,8
2020-02-10,0.08685415570157762,1.2742913694108824,3,0.08659929742769544,0.08557986433216673,0.08430557296275586,0.0817569902239341,8
2020-03-10,0.06802285463833874,1.3922639826198155,7,0.06774440184181478,0.06663059065571893,0.0652383266730991,0.06245379870785948,8
2020-04-07,-0.10933854066575995,1.328644619084696,0,-0.10960426958957688,-0.11066718528484464,-0.11199582990392934,-0.11465311914209873,8
2020-05-06,-0.2583881437318912,1.371067846594822,1,-0.2586623573012101,-0.25975921157848597,-0.2611302794250808,-0.2638724151182705,8
2020-06-04,0.0018063424017115697,1.7905427384470785,7,0.001448233854022154,1.5799663264491224e-05,-0.0017747430751825872,-0.005355828552076744,8
2020-07-02,0.054060158960888026,1.1594676040014773,1,0.05382826544008773,0.05290069135688655,0.05174122375288507,0.04942228854488212,8
2020-07-31,-0.007714629112589943,1.1304240190370578,2,-0.007940713916397354,-0.008845053131627001,-0.00997547715066406,-0.012236325188738174,8
2020-08-28,-0.007870792321512648,1.2400043759399209,1,-0.008118793196700632,-0.009110796697452569,-0.01035080107339249,-0.012830809825272332,8
2020-09-28,0.013155330698734155,1.2401640341979618,7,0.012907297891894563,0.011915166664536193,0.010675002630338232,0.008194674561942308,8
2020-10-26,-0.16380889322106312,1.247597101560186,3,-0.16405841264137516,-0.16505649032262332,-0.16630408742418348,-0.16879928162730387,8
2020-11-23,-0.06094385539270079,1.590246778746167,2,-0.06126190474845002,-0.06253410217144695,-0.06412434895019312,-0.06730484250768545,8
2020-12-22,-0.10939605021285755,1.3555449657526788,5,-0.10966715920600809,-0.11075159517861022,-0.1121071401443629,-0.11481823007586826,8
2021-01-22,-0.11721688827647261,1.3421871974286026,3,-0.11748532571595834,-0.11855907547390121,-0.11990126267132982,-0.12258563706618703,8
2021-02-22,0.06690557349014778,1.4569641977347108,3,0.06661418065060083,0.06544860929241307,0.06399164509467836,0.06107771669920894,8
2021-03-22,0.2538792041323283,1.1397846578554482,6,0.2536512472007572,0.2527394194744728,0.2515996348166174,0.2493200655009065,8
2021-04-20,0.013835949089234204,1.054954101863764,7,0.01362495826886145,0.01278099498737044,0.011726040885506675,0.009616132681779146,8
2021-05-18,-0.14124954954541755,1.1158010444889472,8,-0.14147270975431533,-0.1423653505899065,-0.14348115163439545,-0.14571275372337333,8
2021-06-16,0.11791627243319416,1.3958467683981541,5,0.11763710307951453,0.116520425664796,0.11512457889639785,0.11233288535960155,8
2021-07-15,0.009974652613101986,1.1602859221384603,3,0.009742595428674294,0.008814366690963527,0.007654080768825066,0.005333508924548145,8
2021-08-12,-0.016412319239355957,1.180144929529243,8,-0.016648348225261806,-0.0175924641688852,-0.018772609098414442,-0.021132898957472928,8
2021-09-10,0.030449113713420014,1.2878358561504009,7,0.030191546542189935,0.029161277857269612,0.02787344200111921,0.02529777028881841,8
2021-10-08,-0.0399791643339921,1.1549527075205213,3,-0.04021015487549621,-0.041134117041512624,-0.04228906974903315,-0.044598975164074184,8
2021-11-05,0.14814108928530687,1.316309914310232,10,0.1478778273024448,0.14682477937099664,0.1455084694566864,0.14287584962806593,8
2021-12-06,0.05342151986123881,1.2250601342539102,6,0.05317650783438803,0.052196459726984896,0.05097139959273099,0.04852127932422317,8
2022-01-04,0.18533553511084397,1.1315527305041106,2,0.18510922456474316,0.18420398238033986,0.18307242964983575,0.18080932418882753,8
2022-02-02,0.04774004030522235,1.0263880759435904,3,0.047534762690033636,0.046713652229278764,0.04568726415333517,0.043634488001447994,8
2022-03-03,-0.037326664007670464,1.1060907623550267,9,-0.03754788216014147,-0.03843275477002549,-0.03953884553238052,-0.04175102705709057,8
2022-03-31,0.19767395488978962,1.224890769277709,4,0.19742897673593407,0.1964490641205119,0.1952241733512342,0.19277439181267877,8
2022-04-29,0.048288432118283243,1.063291589444518,6,0.04807577380039434,0.04722514052883873,0.04616184893939421,0.04403526576050517,8
2022-05-27,0.04245433008903182,1.0956716683402552,6,0.04223519575536377,0.041358658420691564,0.040262986752351314,0.0380716434156708,8
2022-06-28,-0.050874638721516124,1.0211602164578577,8,-0.051078870764807695,-0.05189579893797398,-0.05291695915443184,-0.05495927958734755,8
2022-07-27,-0.0757064123145769,1.1565647157485865,8,-0.07593772525772663,-0.07686297703032549,-0.07801954174607408,-0.08033267117757126,8
2022-08-24,0.11089753579296692,1.3216924271238768,4,0.11063319730754215,0.10957584336584304,0.10825415093871917,0.10561076608447141,8
2022-09-22,0.03323090419181085,1.08101223035805,12,0.03301470174573924,0.0321498919614528,0.03106887973109475,0.028906855270378652,8
2022-10-20,0.008495173140829683,1.2064960038123846,3,0.008253873940067206,0.007288677137017298,0.006082181133204913,0.003669189125580144,8
2022-11-17,0.03228916368282746,1.3580989998294513,15,0.032017543882861564,0.030931064682998007,0.029572965683168556,0.026856767683509652,8
2022-12-16,-0.07326730403103657,1.1971515512116995,7,-0.07350673434127891,-0.07446445558224826,-0.07566160713345997,-0.07805591023588336,8
2023-01-18,-0.04157528800752677,1.3169837526210646,4,-0.041838684758050984,-0.042892271760147836,-0.0442092555127689,-0.04684322301801103,8
2023-02-15,0.09608624868676371,1.343185987943836,10,0.09581761148917495,0.09474306269881988,0.09339987671087605,0.09071350473498838,8
2023-03-16,0.03913088961800821,1.2707045044864156,6,0.03887674871711093,0.037860185113521794,0.03658948060903538,0.03404807160006255,8
2023-04-14,0.03607923262146097,1.2072360521524081,6,0.035837785411030484,0.03487199656930856,0.03366476051715615,0.03125028841285134,8
2023-05-12,-0.1445402159608764,1.241637538103527,2,-0.14478854346849712,-0.14578185349897993,-0.14702349103708345,-0.1495067661132905,8
2023-06-12,-0.05405730901590323,1.5535750132526194,7,-0.05436802401855375,-0.05561088402915585,-0.057164459042408466,-0.060271609068913705,8
2023-07-12,0.07578590409887748,1.2221105522255933,4,0.07554148198843236,0.07456379354665188,0.0733416829944263,0.0708974618899751,8
2023-08-09,0.02034431639168346,1.2488049389911118,5,0.020094555403885238,0.019095511452692348,0.017846706513701238,0.015349096635719015,8
2023-09-07,0.09900811216783442,1.354045049508627,3,0.0987373031579327,0.09765406711832579,0.09630002206881717,0.09359193196979991,8
2023-10-05,0.045234195473180375,1.183457203642574,5,0.04499750403245186,0.0440507382695378,0.04286728106589523,0.04050036665861008,8
2023-11-02,-0.08985966440430192,1.3071266090812914,8,-0.09012108972611818,-0.09116679101338321,-0.0924739176224645,-0.09508817084062708,8
2006-01-18,0.013579609155239872,1.0000000000000042,9,0.013379609155239872,0.012579609155239868,0.011579609155239864,0.009579609155239855,9
2006-02-15,0.008181468701270515,1.373883406695502,7,0.007906692019931414,0.0068075852945750125,0.00543370188787951,0.002685935074488507,9
2006-03-16,-0.05073417002281354,1.4247277713208755,9,-0.051019115577077716,-0.052158897794134414,-0.05358362556545529,-0.05643308110809704,9
2006-04-13,0.06018357182534544,1.3234465874142773,5,0.059918882507862585,0.05886012523793117,0.05753667865051689,0.05488978547568833,9
2006-05-12,0.09670451443057411,1.3338860354610893,9,0.0964377372234819,0.09537062839511302,0.09403674235965193,0.09136897028872976,9
2006-06-12,-0.04768985083509416,1.2667417666052665,7,-0.04794319918841521,-0.04895659260169943,-0.050223334368304694,-0.05275681790151523,9
2006-07-11,0.06515663863533007,1.1396578905943382,4,0.0649287070572112,0.06401698074473573,0.0628773228541414,0.060598007072952716,9
2006-08-08,-0.026897881666040496,1.1789771682812176,4,-0.02713367709969674,-0.028076858834321712,-0.029255836002602932,-0.031613790339165365,9
2006-09-06,-0.01644186536214316,1.3522396759724844,4,-0.016712313297337657,-0.017794105038115644,-0.019146344714088128,-0.021850824066033097,9
2006-10-04,-0.04269888993805862,1.2700355416390334,9,-0.042952897046386426,-0.043968925479697656,-0.04523896102133669,-0.04777903210461475,9
2006-11-01,-0.039716717861075605,1.3322763929621444,9,-0.03998317313966803,-0.04104899425403775,-0.0423812706469999,-0.04504582343292418,9
2006-11-30,0.02455905200643638,1.431930023486357,10,0.02427266600173911,0.023127121982950024,0.021695191959463667,0.01883133191249095,9
2006-12-29,0.016355678501323592,1.2620444629761325,13,0.016103269608728366,0.015093634038347459,0.013831589575371327,0.011307500649419062,9
2007-01-31,0.010778017263736075,1.2699330734251066,10,0.010524030649051054,0.009508084190310968,0.008238151116885861,0.005698284970035649,9
2007-03-01,-0.013980967937569654,1.3548461964036334,8,-0.01425193717685038,-0.015335814133973287,-0.01669066033037692,-0.01940035272318419,9
2007-03-29,-0.021625029583829124,1.356067321821129,12,-0.02189624304819335,-0.022981096905650252,-0.024337164227471383,-0.02704929887111364,9
2007-04-27,0.0017560011785675883,1.407514200329027,5,0.001474498338501783,0.0003484869782385612,-0.001059027222090466,-0.0038740556227485202,9
2007-05-25,-0.0044330313413244275,1.4598312589020328,15,-0.004724997593104834,-0.00589286260022646,-0.007352693859128493,-0.010272356376932558,9
2007-06-25,-0.0026763184395775675,1.3189944516515644,8,-0.0029401173299078804,-0.003995312891229132,-0.005314307342880697,-0.007952296246183824,9
2007-07-24,0.04560046160484579,1.3257909472334388,14,0.045335303415399104,0.044274670657612356,0.04294887971037892,0.040297297815912035,9
2007-08-21,0.00840263764907206,1.4047486982390949,10,0.00812168790942424,0.006997888950832964,0.005593140252593869,0.0027836428561156795,9
2007-09-19,0.010912332607687997,1.3103858373824453,16,0.010650255440211509,0.009601946770305552,0.008291560932923107,0.005670789258158216,9
2007-10-17,0.09009838679765436,1.1766583871570948,12,0.08986305512022294,0.08892172841049727,0.08774507002334017,0.08539175324902598,9
2007-11-14,0.02306502581214486,1.2595008407176356,10,0.022813125644001335,0.021805524971427227,0.02054602413070959,0.01802702244927432,9
2007-12-13,0.08160336042210402,1.27982413770678,9,0.08134739559456267,0.08032353628439724,0.07904371214669045,0.0764840638712769,9
2008-01-14,-0.039082880982298736,1.05923095349216,7,-0.03929472717299717,-0.0401421119357909,-0.04120134288928306,-0.043319804796267375,9
2008-02-12,0.09623683364758866,1.3259551214332856,7,0.095971642623302,0.09491087852615537,0.09358492340472209,0.09093301316185551,9
2008-03-12,-0.05430969303287372,1.1909625008029256,3,-0.0545478855330343,-0.05550065553367664,-0.05669161803447957,-0.05907354303608542,9
2008-04-10,-0.012528537034929019,1.2312060375113876,5,-0.012774778242431296,-0.013759743072440406,-0.014990949109951794,-0.01745336118497457,9
2008-05-08,0.0009763940103507692,1.2257681873761992,6,0.0007312403728755293,-0.00024937417702543014,-0.0014751423644016296,-0.003926678739154028,9
2008-06-06,0.07202240378845894,1.356128719138935,5,0.07175117804463114,0.07066627506932,0.06931014635018107,0.0665978889119032,9
2008-07-07,-0.055763393278439294,1.1601861168751697,5,-0.055995430501814325,-0.056923579395314464,-0.05808376551218963,-0.06040413774593997,9
2008-08-04,-0.06081888295266483,1.1977898223095989,8,-0.06105844091712675,-0.06201667277497443,-0.06321446259728403,-0.06561004224190323,9
2008-09-02,0.08320467745283829,1.3324846770600152,3,0.08293818051742628,0.08187219277577827,0.08053970809871826,0.07787473874459823,9
2008-09-30,0.15021575827851508,1.1269634486171713,5,0.14999036558879164,0.1490887948298979,0.14796183138128075,0.14570790448404639,9
2008-10-28,0.11496122550528538,1.0966455771164985,7,0.11474189638986208,0.11386457992816888,0.11276793435105238,0.1105746431968194,9
2008-11-25,-0.10618367532440565,1.079852563003518,2,-0.10639964583700635,-0.10726352788740917,-0.10834338045041268,-0.11050308557641972,9
2008-12-24,-0.0069880416807424715,1.1518919053364018,7,-0.0072184200618097515,-0.008139933586078873,-0.009291825491415275,-0.01159560930208808,9
2009-01-26,0.0553460759627582,1.0225039464096974,2,0.05514157517347626,0.054323572016348506,0.053301068069938805,0.05125606017711941,9
2009-02-24,-0.11925795141469313,1.073614542629501,3,-0.11947267432321902,-0.12033156595732263,-0.12140518049995214,-0.12355240958521113,9
2009-03-24,-0.21141205705304203,1.2455756418751165,0,-0.21166117218141706,-0.21265763269491714,-0.21390320833679227,-0.2163943596205425,9
2009-04-22,-0.11210071675886077,1.3107022396017969,0,-0.11236285720678113,-0.11341141899846256,-0.11472212123806436,-0.11734352571726796,9
2009-05-20,0.07660194927173058,1.2423945531825733,1,0.07635347036109406,0.07535955471854801,0.07411716016536544,0.07163237105900029,9
2009-06-18,-0.01016336463261474,1.1330520930901409,1,-0.010389975051232767,-0.01129641672570488,-0.01242946881879502,-0.014695573004975303,9
2009-07-17,-0.11619683603127577,1.055966525822384,2,-0.11640802933644025,-0.11725280255709816,-0.11830876908292054,-0.12042070213456531,9
2009-08-14,-0.07780588119407532,1.4733091698745766,3,-0.07810054302805024,-0.0792791903639499,-0.08075249953382448,-0.08369911787357362,9
2009-09-14,0.0032350793533647434,1.2732367147806964,3,0.002980432010408604,0.001961842638584047,0.0006886059238033503,-0.0018578675057580427,9
2009-10-12,0.08398476960580667,1.1740050901865906,12,0.08374996858776936,0.08281076451562008,0.08163675942543348,0.07928874924506031,9
2009-11-09,0.020389749369361186,1.0094866515857581,2,0.020187852039044035,0.019380262717775428,0.01837077606618967,0.016351802763018154,9
2009-12-08,-0.09969514896380072,1.2735641240556372,4,-0.09994986178861184,-0.10096871308785635,-0.102242277211912,-0.10478940546002327,9
2010-01-07,0.09591839713162457,1.4349988232256004,3,0.09563139736697945,0.09448339830839897,0.09304839948517338,0.09017840183872217,9
2010-02-05,-0.10329661401061847,1.172089628290879,5,-0.10353103193627665,-0.10446870363890935,-0.10564079326720023,-0.10798497252378199,9
2010-03-08,-0.0193405854260678,1.5096608852967408,3,-0.019642517603127147,-0.02085024631136454,-0.022359907196661283,-0.025379228967254763,9
2010-04-06,0.006038002193962453,1.33940248578926,5,0.005770121696804601,0.004698599708173193,0.003359197222383933,0.000680392250805413,9
2010-05-04,0.04931430987413018,1.2614830616766677,5,0.049062013261794844,0.048052826812453514,0.04679134375077684,0.04426837762742351,9
2010-06-02,0.0928302993123874,1.2022220301643711,3,0.09258985490635452,0.09162807728222302,0.09042585525205865,0.08802141119172992,9
2010-06-30,-0.06058835738512772,0.9777800164248343,9,-0.060783913388412686,-0.06156613740155255,-0.06254391741797738,-0.06449947745082706,9
2010-07-29,0.06957744712286056,1.230171128659019,5,0.06933141289712876,0.06834727599420154,0.06711710486554252,0.06465676260822448,9
2010-08-26,-0.07135208182051939,1.1931909255429185,3,-0.07159072000562797,-0.0725452727460623,-0.07373846367160522,-0.07612484552269105,9
2010-09-24,-0.0202342284301578,1.2561043652706159,10,-0.020485449303211924,-0.02149033279542842,-0.022746437160699032,-0.025258645891240265,9
2010-10-22,-0.022412455097006224,1.1673298017013165,6,-0.022645921057346488,-0.023579784898707542,-0.024747114700408857,-0.02708177430381149,9
2010-11-19,-0.045559548548034165,1.2707215207005,4,-0.045813692852174265,-0.046830270068734664,-0.04810099158943516,-0.05064243463083617,9
2010-12-20,-0.017796498332453548,1.339401651384882,5,-0.018064378662730526,-0.01913589998383843,-0.020475301635223313,-0.023154104937993077,9
2011-01-19,-0.019184983705833512,1.220122341190998,1,-0.019429008174071713,-0.020405106047024512,-0.021625228388215508,-0.024065473070597504,9
2011-02-16,0.0704780608002572,1.282027179632404,10,0.07022165536433073,0.0691960336206248,0.0679140064409924,0.06534995208172759,9
2011-03-17,-0.01318308682954055,1.157567718775462,3,-0.013414600373295641,-0.014340654548316012,-0.015498222267091473,-0.0178133577046424,9
2011-04-14,0.06414048659991918,1.177633351420798,5,0.06390495992963502,0.06296285324849839,0.06178521989707758,0.05942995319423599,9
2011-05-13,0.040101653359074264,1.2965818406981011,7,0.039842336990934646,0.038805071518376165,0.03750848967767806,0.03491532599628186,9
2011-06-13,-0.046030620013337645,1.1767428849261408,9,-0.04626596859032287,-0.047207362898263786,-0.048384105783189926,-0.05073759155304221,9
2011-07-12,0.10589592372608084,1.1744031073988557,4,0.10566104310460106,0.10472152061868198,0.10354711751128312,0.10119831129648542,9
2011-08-09,0.004055387920269846,1.174379211182461,5,0.003820512078033354,0.002881008709087385,0.0017066294979049242,-0.0006421289244599978,9
2011-09-07,0.13139782607511408,1.024305965941174,8,0.13119296488192583,0.1303735201091729,0.12934921414323172,0.12730060221134937,9
2011-10-05,-0.11622814022089119,0.9981908330362369,4,-0.11642777838749843,-0.11722633105392742,-0.11822452188696367,-0.12022090355303613,9
2011-11-02,0.03766262219175299,1.079623977324395,5,0.03744669739628811,0.03658299821442859,0.0355033742371042,0.03334412628245541,9
2011-12-01,0.034984767340900225,1.037548932205026,7,0.03477725755445922,0.0339472184086952,0.03290966947649017,0.03083457161208012,9
2011-12-30,-0.11365790319933343,0.9661198527977108,6,-0.11385112716989297,-0.11462402305213114,-0.11559014290492885,-0.11752238261052428,9
2012-01-31,-0.025205625834918505,1.30662085292806,8,-0.025466950005504117,-0.026512246687846564,-0.027818867540774624,-0.030432109246630746,9
2012-02-29,0.013357845371210889,1.2823266272907972,4,0.013101380045752729,0.01207551874392009,0.010793192116629295,0.008228538862047701,9
2012-03-28,0.0406517495415993,1.1460233570155056,3,0.0404225448701962,0.0395057261845838,0.03835970282756829,0.03606765611353728,9
2012-04-26,0.0715603315126321,1.0974499014683294,7,0.07134084153233843,0.07046288161116376,0.06936543170969543,0.06717053190675877,9
2012-05-24,0.032238790834757496,1.0778813490744736,3,0.0320232145649426,0.031160909485683022,0.03008302813660855,0.0279272654384596,9
2012-06-22,0.00629205833841314,1.0078020705577295,6,0.006090497924301594,0.005284256267855411,0.004276454197297681,0.002260850056182222,9
2012-07-23,-0.06995104375881799,0.9775379948929505,5,-0.07014655135779657,-0.07092858175371093,-0.07190611974860389,-0.07386119573838978,9
2012-08-20,-0.058443804013373825,1.352346324980378,1,-0.0587142732783699,-0.059796150338354205,-0.06114849666333458,-0.06385318931329534,9
2012-09-18,0.035470286195311646,1.4585536060339956,7,0.03517857547410485,0.03401173258927765,0.032553178983243655,0.029636071771175665,9
2012-10-16,0.05529124184907248,1.1415718565182538,3,0.05506292747776883,0.054149669992554224,0.05300809813603597,0.050724954422999464,9
2012-11-15,-0.04046995258099625,1.1971239368105628,6,-0.04070937736835836,-0.04166707651780681,-0.04286420045461738,-0.0452584483282385,9
2012-12-14,-0.03522150656116209,1.3834749143011043,8,-0.035498201544022306,-0.03660498147546319,-0.037988456389764294,-0.040755406218366506,9
2013-01-15,0.02154136506337982,1.407708572344328,5,0.021259823348910953,0.02013365649103549,0.018725947918691165,0.015910530774002507,9
2013-02-13,0.0010745307924189863,1.341972475150666,5,0.0008061362973888531,-0.0002674416827316798,-0.0016094141578823459,-0.004293359108183678,9
2013-03-14,0.027831101690659152,1.3676447385125352,3,0.027557572742956643,0.026463456952146615,0.02509581221363408,0.02236052273660901,9
2013-04-12,-0.04711807923849528,1.1336317048955764,5,-0.047344805579474396,-0.048251710943390855,-0.04938534264828643,-0.05165260605807759,9
2013-05-10,-0.03214661904902721,1.351722642862469,4,-0.032416963577599704,-0.03349834169188968,-0.03485006433475214,-0.037553509620477085,9
2013-06-10,0.009919793930034095,1.3936913876141093,5,0.009641055652511273,0.008526102542419985,0.007132411154805876,0.004345028379577657,9
2013-07-09,-0.009699462763075222,1.2598888708031588,5,-0.009951440537235854,-0.010959351633878381,-0.012219240504681539,-0.014739018246287858,9
2013-08-06,-0.02978860469106415,1.3996196746885254,2,-0.030068528626001855,-0.031188224365752675,-0.032587844040441204,-0.035387083389818254,9
2013-09-04,-0.03743241559754908,1.3577655001733615,8,-0.03770396869758376,-0.03879018109772245,-0.040147946597895806,-0.04286347759824253,9
2013-10-02,0.08137079179970019,1.2897478180448787,7,0.08111284223609122,0.08008104398165532,0.07879129616361044,0.07621180052752068,9
2013-10-30,-0.018848103976520418,1.296475368085051,9,-0.01910739905013743,-0.02014457934460547,-0.02144105471269052,-0.024034005448860623,9
2013-11-27,-0.017388203239718503,1.4325925239634072,7,-0.017674721744511186,-0.01882079576368191,-0.020253388287645318,-0.023118573335572132,9
2013-12-27,-0.06593842478373176,1.3520778509932356,5,-0.0662088403539304,-0.067290502634725,-0.06864258048571822,-0.07134673618770469,9
2014-01-28,-0.041251950461201614,1.4205778703439116,7,-0.041536066035270394,-0.04267252833154553,-0.044093106201889436,-0.04693426194257726,9
2014-02-26,0.08345554316331708,1.4001777944465745,2,0.08317550760442775,0.0820553653688705,0.08065518757442393,0.07785483198553078,9
2014-03-26,0.04647636184536681,1.3000121581603912,4,0.04621635941373473,0.04517634968720642,0.04387633752904603,0.04127631321272525,9
2014-04-24,0.06100919763122237,1.084728811767974,4,0.060792251868868774,0.059924468819454395,0.05883974000768642,0.05667028238415047,9
2014-05-22,-0.08559215420008083,1.1356460617637483,5,-0.08581928341243358,-0.08672780026184458,-0.08786344632360833,-0.09013473844713582,9
2014-06-20,0.053740068922306365,1.4267956775040314,3,0.05345470978680556,0.05231327324480233,0.050886477567298305,0.04803288621229024,9
2014-07-21,-0.045298183958589984,1.2054355026021277,6,-0.04553927105911041,-0.04650361946119211,-0.04770905496379424,-0.050119925968998495,9
2014-08-18,0.008393716214861402,1.4347081224117753,3,0.008106774590379047,0.006959008092449627,0.005524299970037852,0.002654883725214301,9
2014-09-16,0.0854246735722312,1.3339467997814998,3,0.0851578842122749,0.0840907267724497,0.0827567799726682,0.0800888863731052,9
2014-10-14,-0.029208064156591593,1.2608669575823812,3,-0.02946023754810807,-0.030468931114173974,-0.031729798071756354,-0.034251531986921116,9
2014-11-11,0.08957665673942435,1.2677036726855213,7,0.08932311600488724,0.08830895306673882,0.0870412493940533,0.08450584204868226,9
2014-12-10,-0.034962071961760786,1.19863822160092,3,-0.03520179960608097,-0.036160710183361706,-0.037359348404962626,-0.03975662484816447,9
2015-01-09,-0.009083500472062798,1.1331620901011055,7,-0.00931013289008302,-0.010216662562163904,-0.011349824652265009,-0.01361614883246722,9
2015-02-09,0.008841805105427394,1.2688743221054875,5,0.008588030241006296,0.007572930783321906,0.006304056461216419,0.003766307817005444,9
2015-03-10,-0.004240467716714557,1.408483880490574,7,-0.004522164492812672,-0.005648951597205131,-0.007057435477695705,-0.009874403238676853,9
2015-04-08,0.024554202713611303,1.2838803352963457,5,0.024297426646552035,0.02327032237831496,0.02198644204301861,0.01941868137242592,9
2015-05-06,-0.006458280172969161,1.2098949198338327,5,-0.006700259156935928,-0.007668175092802994,-0.008878070012636827,-0.011297859852304491,9
2015-06-04,0.033073435713915335,1.388707118110684,8,0.0327956942902932,0.03168472859580465,0.030296021477693967,0.0275186072414726,9
2015-07-02,0.05455092214052008,1.341407677627223,4,0.05428264060499464,0.05320951446289286,0.051868106785265634,0.04918529143001119,9
2015-07-31,0.04130076204172542,1.3881224630381586,7,0.04102313754911779,0.03991263957868726,0.0385245171156491,0.035748272189572786,9
2015-08-28,0.12935614066976212,1.342198855630355,3,0.12908770089863605,0.12801394181413175,0.1266717429585014,0.1239873452472407,9
2015-09-28,-0.020715845984096096,1.1616934197284643,6,-0.02094818466804179,-0.021877539403824562,-0.023039232823553024,-0.025362619663009955,9
2015-10-26,-0.057063004750561364,1.2148572618783129,8,-0.05730597620293702,-0.058277862012439674,-0.05949271927431799,-0.06192243379807461,9
2015-11-23,0.00045122425940037457,1.3892596836506566,7,0.00017337232267024326,-0.0009380354242502821,-0.0023272951079009387,-0.005105814475202252,9
2015-12-22,0.1438282852550118,1.3023031002761614,3,0.14356782463495657,0.14252598215473564,0.14122367905445946,0.13861907285390715,9
2016-01-22,0.06420265732667818,1.090932923498382,7,0.06398447074197851,0.0631117244031798,0.06202079147968142,0.059838925632684656,9
2016-02-22,-0.11247699068419041,1.0645338415504917,3,-0.1126898974525005,-0.1135415245257409,-0.11460605836729139,-0.11673512605039238,9
2016-03-21,-0.0823885225928507,1.3143397931085394,3,-0.08265139055147241,-0.08370286238595924,-0.08501720217906779,-0.08764588176528486,9
2016-04-19,0.044233380682474184,1.0883728684858092,6,0.044015706108777024,0.043145007813988376,0.04205663494550257,0.039879889208530944,9
2016-05-17,-0.034059932647640005,1.2220082465478193,5,-0.03430433429694957,-0.035281940894187826,-0.036503949140735646,-0.03894796563383128,9
2016-06-15,0.003920192458101846,1.2633083327094075,9,0.0036675307915599643,0.0026568841253924386,0.001393575792683031,-0.001133040872735784,9
2016-07-14,-0.07206029514704138,1.3743465314647145,5,-0.07233516445333432,-0.0734346416785061,-0.07480898820997081,-0.07755768127290023,9
2016-08-11,-0.011339501497557443,1.2960267268602792,13,-0.011598706842929499,-0.012635528224417722,-0.013931554951278001,-0.01652360840499856,9
2016-09-09,-0.016168299076999775,1.3828744754731603,11,-0.016444873972094407,-0.017551173552472935,-0.018934048027946095,-0.021699796978892415,9
2016-10-07,0.10460737850880622,1.3327628556465403,7,0.1043408259376769,0.10327461565315968,0.10194185279751314,0.09927632708622006,9
2016-11-04,-0.09032461822354912,1.2631323799377923,7,-0.09057724469953668,-0.09158775060348691,-0.0928508829834247,-0.09537714774330029,9
2016-12-05,0.0075439468209547245,1.5558685907005545,9,0.007232773102814613,0.00598807823025417,0.004432209639553615,0.001320472458152506,9
2017-01-04,0.03299882169498247,1.1483529720424563,3,0.03276915110057398,0.03185046872294001,0.030702115750897558,0.028405409806812647,9
2017-02-02,0.0004893484077405111,1.1794168999305492,11,0.00025346502775440123,-0.0006900684921900382,-0.0018694853921205875,-0.004228319191981686,9
2017-03-03,0.0017756107278691265,1.3285654703883722,8,0.001509897633791452,0.00044704525748075425,-0.000881520212907618,-0.0035386511536843624,9
2017-03-31,0.04558610740644972,1.2252701102525743,8,0.045341053384399206,0.04436083729619715,0.04313556718594457,0.04068502696543942,9
2017-05-01,0.0398232240682423,1.2251794864611465,5,0.03957818817095007,0.03859804458178115,0.03737286509532001,0.03492250612239771,9
2017-05-30,-0.021608212190546306,1.2606896383517263,3,-0.021860350118216652,-0.02286890182889803,-0.02412959146724976,-0.02665097074395321,9
2017-06-27,-0.03262101982266797,1.1879285661090362,6,-0.032858605535889776,-0.03380894838877701,-0.03499687695488604,-0.03737273408710411,9
2017-07-26,0.08070221135450625,1.1068305185697411,4,0.0804808452507923,0.07959538083593651,0.07848855031736678,0.07627488928022728,9
2017-08-23,-0.060247588325993834,1.2035784619921792,9,-0.06048830401839227,-0.06145116678798601,-0.06265474524997819,-0.06506190217396254,9
2017-09-21,-0.013841460448201942,1.3717202215364845,9,-0.01411580449250924,-0.015213180669738428,-0.01658490089127491,-0.01932834133434788,9
2017-10-19,0.029749147684047413,1.329405625719109,1,0.02948326655890359,0.028419742058328305,0.027090336432609195,0.024431525181170977,9
2017-11-16,-0.019812680416468532,1.2972831919823844,5,-0.02007213705486501,-0.021109963608450917,-0.0224072468004333,-0.02500181318439807,9
2017-12-15,-0.05666762978373042,1.343388633345463,6,-0.05693630751039951,-0.05801101841707588,-0.059354407050421346,-0.062041184317112266,9
2018-01-17,-0.015121980908374619,1.3102030771824635,7,-0.015384021523811112,-0.016432183985557083,-0.017742387062739545,-0.020362793217104474,9
2018-02-14,-0.007355888528904359,1.4545345866772519,10,-0.0076467954462398095,-0.008810423115581612,-0.010264957702258864,-0.013174026875613367,9
2018-03-15,0.003026326052164143,1.5340570717402797,5,0.002719514637816087,0.0014922689804238633,-4.17880913164163e-05,-0.0031099022347969756,9
2018-04-13,-0.014855963606705951,1.3453699845142488,4,-0.015125037603608801,-0.0162013335912202,-0.01754670357573445,-0.020237443544762947,9
2018-05-11,-0.039884098937108974,1.5109694028693716,8,-0.04018629281768285,-0.041395068339978344,-0.042906037742847715,-0.04592797654858646,9
2018-06-11,-0.010168289751791253,1.5202442520100614,8,-0.010472338602193265,-0.011688534003801314,-0.013208778255811376,-0.016249266759831498,9
2018-07-10,0.05665471222832046,1.3661094018398117,4,0.0563814903479525,0.055288602826480654,0.05392249342464084,0.051190274620961214,9
2018-08-07,-0.016792025902874798,1.4346134866489544,3,-0.017078948600204587,-0.018226639389523753,-0.019661252876172708,-0.022530479849470614,9
2018-09-05,0.0340836882559901,1.4858112615144756,1,0.0337865260036872,0.032597876994475625,0.031112065732961148,0.028140443209932194,9
2018-10-03,0.07812093811056037,1.2830848748642758,12,0.07786432113558751,0.07683785323569609,0.07555476836083182,0.07298859861110327,9
2018-10-31,0.019394005391299284,1.3202225214599945,9,0.019129960887007285,0.018073782869839287,0.016753560348379295,0.014113115305459306,9
2018-11-29,0.04957760266311186,1.3230359179055409,6,0.049312995479530754,0.04825456674520632,0.04693153082730078,0.044285458991489696,9
2018-12-31,-0.09272592423740601,1.2068817336266673,5,-0.09296730058413134,-0.09393280597103268,-0.09513968770465935,-0.09755345117191268,9
2019-01-30,-0.03729492124011272,1.315575495660649,9,-0.03755803633924485,-0.038610496735773374,-0.03992607223143402,-0.04255722322275532,9
2019-02-28,0.025899965394946916,1.510042455991782,6,0.02559795690374856,0.024389922938955134,0.02287988048296335,0.019859795570979787,9
2019-03-28,-0.00016640612747237252,1.3462125131249367,4,-0.0004356486300973599,-0.0015126186405973092,-0.002858831153722246,-0.00555125617997212,9
2019-04-26,0.08618335496090063,1.1519904154716734,2,0.0859529568778063,0.08503136454542895,0.08387937412995727,0.08157539329901393,9
2019-05-24,0.02196191168021231,1.2542531569465234,3,0.021711061048823005,0.02070765852326579,0.019453405366319263,0.016944899052426216,9
2019-06-24,0.01653643975849925,1.2030443653663594,5,0.016295830885425976,0.01533339539313289,0.014130351027766531,0.011724262297033812,9
2019-07-23,0.06126124376641101,1.2749443580023636,4,0.06100625489481054,0.05998629940840865,0.05871135505040628,0.056161466334401555,9
2019-08-20,-0.036881425695896794,1.2698021803119508,2,-0.037135386131959186,-0.03815122787620875,-0.039421030056520694,-0.0419606344171446,9
2019-09-18,0.06722693263409657,1.2576866559521573,11,0.06697539530290614,0.06596924597814441,0.06471155932219226,0.06219618601028794,9
2019-10-16,-0.044833365103630646,1.0897625411850453,5,-0.045051317611867654,-0.04592312764481569,-0.04701289018600074,-0.04919241526837083,9
2019-11-13,-0.06321708829996137,1.388030277581226,6,-0.06349469435547761,-0.06460511857754259,-0.06599314885512382,-0.06876920941028627,9
2019-12-12,-0.005128747661374247,1.4765679637017617,8,-0.0054240612541146,-0.006605315625076009,-0.008081883588777771,-0.011035019516181294,9
2020-01-13,0.014714089118162384,1.2780877940157769,5,0.014458471559359228,0.013436001324146607,0.012157913530130831,0.009601737942099276,9
2020-02-11,0.0895688174648629,1.2887610579770816,3,0.08931106525326747,0.08828005640688581,0.08699129534890873,0.08441377323295457,9
2020-03-11,0.003862345467650871,1.3709254303444514,7,0.0035881603815819804,0.0024914200373064195,0.0011204946069619682,-0.0016213562537269344,9
2020-04-08,-0.08442468525215811,1.39539321756064,1,-0.08470376389567025,-0.08582007846971876,-0.08721547168727939,-0.09000625812240068,9
2020-05-07,-0.28085652427941804,1.3138267736038285,1,-0.2811192896341388,-0.28217035105302185,-0.2834841778266257,-0.28611183137383334,9
2020-06-05,0.029138456786564328,1.8699362950079874,6,0.02876446952756273,0.02726852049155634,0.025398584196548352,0.021658711606532377,9
2020-07-06,0.03211515148006524,1.104783676303646,2,0.03189419474480451,0.031010367803761592,0.029905584127457946,0.027696016774850653,9
2020-08-03,0.026220784670259442,1.1441384878371137,2,0.02599195697269202,0.02507664618242233,0.023932507694585214,0.021644230718910987,9
2020-08-31,-0.029275510735914216,1.2035606233842735,0,-0.029516222860591072,-0.03047907135929849,-0.031682631982682764,-0.03408975322945131,9
2020-09-29,0.013051261520398491,1.2338335552398705,7,0.012804494809350517,0.011817427965158622,0.01058359440991875,0.00811592729943901,9
2020-10-27,-0.14837126170660886,1.2093295188669144,3,-0.14861312761038223,-0.14958059122547576,-0.1507899207443427,-0.15320857978207653,9
2020-11-24,-0.06840601575077983,1.5500720288320833,3,-0.06871603015654625,-0.06995608777961192,-0.07150615980844399,-0.07460630386610816,9
2020-12-23,-0.12178424796631482,1.3791459583956365,6,-0.12206007715799394,-0.12316339392471046,-0.1245425398831061,-0.12730083179989737,9
2021-01-25,-0.032669521365696,1.3731718424809867,3,-0.032944155734192196,-0.03404269320817699,-0.035415865050657976,-0.03816220873561995,9
2021-02-23,0.028531784770075317,1.3043097593677275,3,0.02827092281820177,0.02722747501070759,0.025923165251339864,0.023314545732604407,9
2021-03-23,0.1751363471296185,1.1592116192965098,7,0.1749045048057592,0.173977135510322,0.1728179238910255,0.17049950065243247,9
2021-04-21,0.05061699183423484,1.0829098556183527,6,0.05040040986311117,0.04953408197861649,0.04845117212299813,0.04628535241176143,9
2021-05-19,-0.1584605097463755,1.0759830147923062,8,-0.15867570634933395,-0.1595364927611678,-0.1606124757759601,-0.16276444180554472,9
2021-06-17,0.13531318855483182,1.4608921075118013,5,0.13502101013332946,0.13385229644732002,0.13239140433980823,0.1294696201247846,9
2021-07-16,0.024757022758437414,1.148449812428457,3,0.024527332795951724,0.023608572946008956,0.0224601231335805,0.020163223508723585,9
2021-08-13,-0.03348230980908998,1.1793762267984518,8,-0.033718185054449665,-0.03466168603588843,-0.03584106226268688,-0.03819981471628378,9
2021-09-13,0.022456203679292838,1.3306977677097906,7,0.02219006412575088,0.021125505911583048,0.019794808143873258,0.017133412608453677,9
2021-10-11,-0.04931790883173509,1.2094438542125503,3,-0.0495597976025776,-0.050527352685947644,-0.05173679654016019,-0.054155684248585294,9
2021-11-08,0.13187634396315978,1.3457917166773443,10,0.13160718561982432,0.13053055224648244,0.1291847605298051,0.12649317709645042,9
2021-12-07,0.14219694869728286,1.240098243552725,6,0.14194892904857231,0.14095685045373013,0.1397167522101774,0.13723655572307197,9
2022-01-05,0.17141171752131348,1.152371767205016,2,0.17118124316787248,0.17025934575410848,0.16910697398690344,0.16680223045249343,9
2022-02-03,0.06529774371359195,1.0445294991210488,4,0.06508883781376774,0.0642532142144709,0.06320868471534986,0.06111962571710776,9
2022-03-04,-0.08895721763673226,1.1399830709081171,9,-0.08918521425091389,-0.09009720070764038,-0.09123718377854849,-0.09351714992036472,9
2022-04-01,0.17156116817006395,1.3042068751434486,4,0.17130032679503526,0.1702569612949205,0.16895275441977706,0.16634434066949016,9
2022-05-02,0.11299052784227484,1.059061650944213,5,0.112778715512086,0.11193146619133063,0.11087240454038641,0.108754281238498,9
2022-05-31,0.024315330493869775,1.0667296342751629,6,0.02410198456701474,0.023248600859594612,0.02218187122531945,0.020048411956769124,9
2022-06-29,-0.08390161577488801,1.0023256446358968,8,-0.0841020809038152,-0.08490394141952391,-0.08590626706415981,-0.0879109183534316,9
2022-07-28,-0.09178850219550463,1.2109539432678154,8,-0.0920306929841582,-0.09299945613877245,-0.09421041008204027,-0.0966323179685759,9
2022-08-25,0.12095404618279683,1.3907918449100825,4,0.12067588781381482,0.11956325433788674,0.11817246249297667,0.1153908788031565,9
2022-09-23,0.004049778838022916,1.0650323527607712,12,0.003836772367470762,0.002984746485262145,0.001919714132501374,-0.00021035057302016841,9
2022-10-21,0.02468365774269013,1.2304826551420953,3,0.02443756121166171,0.023453175087548035,0.02222269243240594,0.01976172712212175,9
2022-11-18,0.037208068636908245,1.343741894460154,17,0.03693932025801622,0.03586432674244809,0.03452058484798794,0.03183310105906763,9
2022-12-19,-0.07477020873382695,1.2088537849824994,8,-0.07501197949082344,-0.07597906251880945,-0.07718791630379195,-0.07960562387375694,9
2023-01-19,-0.043379519216109025,1.329470533351976,4,-0.04364541332277942,-0.044708989749461,-0.04603846028281298,-0.04869740134951693,9
2023-02-16,0.09977239987923421,1.3272339297171154,10,0.09950695309329079,0.09844516594951709,0.09711793201979999,0.09446346416036575,9
2023-03-17,0.011783386820001823,1.2515882006737828,6,0.011533069179867067,0.01053179861932804,0.009280210418654258,0.006777034017306692,9
2023-04-17,0.021347669770801044,1.219358578622848,6,0.021103798055076475,0.020128311192178196,0.01890895261355535,0.016470235456309653,9
2023-05-15,-0.12880024830750114,1.2487840714515512,2,-0.12905000512179146,-0.13004903237895268,-0.13129781645040425,-0.13379538459330734,9
2023-06-13,-0.03544715439316814,1.553733850563703,6,-0.03575790116328088,-0.03700088824373184,-0.03855462209429555,-0.04166208979542295,9
2023-07-13,0.09098116422816914,1.2016641359023283,4,0.09074083140098868,0.08977950009226682,0.08857783595636448,0.08617450768455982,9
2023-08-10,0.021600406633576617,1.2439240231374165,5,0.021351621828949133,0.0203564826104392,0.019112558587301785,0.016624710541026953,9
2023-09-08,0.0903777768580776,1.326725810359394,3,0.09011243169600572,0.08905105104771821,0.08772432523735882,0.08507087361664002,9
2023-10-06,0.03837204262094053,1.2120759104394307,5,0.03812962743885264,0.0371599667105011,0.035947890800061666,0.03352373897918281,9
2023-11-03,-0.08646772112319559,1.3074142213990214,8,-0.0867292039674754,-0.08777513534459461,-0.08908254956599364,-0.09169737800879167,9
2006-01-19,0.027642245824524375,1.000000000000002,10,0.027442245824524376,0.026642245824524374,0.02564224582452437,0.023642245824524368,10
2006-02-16,0.013141277727410392,1.400253834300308,6,0.01286122696055033,0.011741023893110084,0.010340770058809776,0.00754026239020916,10
2006-03-17,-0.0481493496407085,1.4110900978035614,10,-0.048431567660269216,-0.04956043973851206,-0.05097152983631562,-0.05379371003192275,10
2006-04-17,0.07356907800577775,1.3105460405307574,4,0.0733069687976716,0.072258531965247,0.07094798592471624,0.06832689384365472,10
2006-05-15,0.09824065449536983,1.2938632666263883,9,0.09798188184204455,0.09694679122874343,0.09565292796211705,0.09306520142886428,10
2006-06-13,-0.058447343953522975,1.2367714091823545,6,-0.058694698235359444,-0.05968411536270533,-0.060920886771887686,-0.06339442959025239,10
2006-07-12,0.06252316604743462,1.1753562089478082,5,0.06228809480564505,0.06134780983848681,0.060172453629539,0.057821741211643386,10
2006-08-09,-0.03266825148779405,1.205225052842657,3,-0.032909296498362585,-0.03387347654063671,-0.03507870159347937,-0.037489151699164676,10
2006-09-07,-0.024014523781879602,1.3516187473916066,4,-0.024284847531357925,-0.025366142529271208,-0.026717761276662817,-0.02942099877144603,10
2006-10-05,-0.013829177110810737,1.222889846270408,10,-0.014073755080064818,-0.015052066957081145,-0.016274956803351552,-0.01872073649589237,10
2006-11-02,-0.04261215131501109,1.33728946849347,11,-0.042879609208709785,-0.04394944078350456,-0.04528673025199803,-0.04796130918898497,10
2006-12-01,0.024172525551950406,1.4473111488922796,10,0.02388306332217195,0.022725214403058126,0.021277903254165845,0.01838328095638129,10
2007-01-03,-0.007113132234206518,1.2645764382428757,13,-0.0073660475218550936,-0.008377708672449394,-0.00964228511069227,-0.01217143798717802,10
2007-02-01,0.030090478869582975,1.3142388290079996,9,0.029827631103781376,0.028776240040574975,0.027462001211566976,0.02483352355355098,10
2007-03-02,-0.029540737213903014,1.3183481728589344,8,-0.029804406848474803,-0.03085908538676195,-0.03217743355962088,-0.034814129905338755,10
2007-03-30,-0.0079695163447966,1.3519344649955245,12,-0.008239903237795705,-0.009321450809792124,-0.01067338527478765,-0.013377254204778699,10
2007-04-30,-0.012032934415768401,1.3993713829320098,6,-0.012312808692354803,-0.01343230579870041,-0.01483167718163242,-0.01763041994749644,10
2007-05-29,0.0022213690429163293,1.4543053165638804,14,0.0019305079796035531,0.0007670637263524488,-0.0006872415902114317,-0.0035958522233391927,10
2007-06-26,0.007203104663958268,1.3041992420781807,11,0.006942264815542632,0.005898905421880088,0.0045947061798019065,0.001986307695645545,10
2007-07-25,0.027639514729257162,1.3239059421483368,12,0.027374733540827496,0.026315608787108827,0.024991702844960488,0.022343890960663814,10
2007-08-22,0.024402649314261813,1.450377267894108,10,0.024112573860682992,0.022952272046367704,0.0215018947784736,0.01860114024268538,10
2007-09-20,0.013504273904639336,1.2840148879807285,16,0.013247470927043191,0.012220259016658607,0.010936244128677879,0.008368214352716423,10
2007-10-18,0.10522242405569983,1.1624290398476012,14,0.10498993824773031,0.10405999501585222,0.10289756597600462,0.10057270789630943,10
2007-11-15,0.006347319425373058,1.2906934928363665,11,0.006089180726805784,0.0050566259325366915,0.003765932439700325,0.001184545454027592,10
2007-12-14,0.09233816351129559,1.2888233783424845,9,0.09208039883562709,0.0910493401329531,0.08976051675461062,0.08718286999792565,10
2008-01-15,-0.09122786308405878,1.0887195201120965,7,-0.0914456069880812,-0.09231658260417087,-0.09340530212428297,-0.09558274116450717,10
2008-02-13,0.09382165322360211,1.4272145554635904,7,0.0935362103125094,0.09239443866813853,0.09096722411267494,0.08811279500174775,10
2008-03-13,-0.018458338485077677,1.2062854220309673,4,-0.01869959556948387,-0.019664623907108644,-0.02087090932913961,-0.023283480173201546,10
2008-04-11,-0.024789829095531297,1.14677062734148,4,-0.025019183220999594,-0.025936599722872777,-0.027083370350214256,-0.029376911604897218,10
2008-05-09,0.02154792427302336,1.264227491434303,7,0.0212950787747365,0.020283696781589058,0.019019469290154755,0.016491014307286146,10
2008-06-09,0.05470943475380948,1.2896912599838206,4,0.05445149650181272,0.05341974349382566,0.05213005223384184,0.0495506697138742,10
2008-07-08,-0.041283141542343575,1.1590627759588739,5,-0.04151495409753535,-0.04244220431830245,-0.04360126709426132,-0.04591939264617907,10
2008-08-05,-0.04481501401139234,1.1896745456747029,6,-0.04505294892052728,-0.04600468855706704,-0.04719436310274174,-0.04957371219409115,10
2008-09-03,0.06827966384830497,1.2669709743276796,3,0.06802626965343944,0.06701269287397729,0.06574572189964961,0.06321177995099425,10
2008-10-01,0.14638483101191324,1.1849831680339302,5,0.14614783437830645,0.14519984784387932,0.14401486467584537,0.14164489833977753,10
2008-10-29,0.10089637553739556,1.129649257840115,8,0.10067044568582753,0.09976672627955543,0.09863707702171533,0.0963777785060351,10
2008-11-26,-0.015902695399054485,1.1215528832373205,2,-0.01612700597570195,-0.017024248282291807,-0.018145801165529128,-0.020388906932003768,10
2008-12-26,0.02530928579827131,0.9710818353357373,7,0.025115069431204163,0.024338203962935574,0.023367122127599838,0.02142495845692836,10
2009-01-27,0.07850663853123055,1.0182627974593383,2,0.07830298597173868,0.07748837573377121,0.07647011293631187,0.0744335873413932,10
2009-02-25,-0.14803526616174528,1.0188876359336696,3,-0.148239043688932,-0.14905415379767895,-0.1500730414336126,-0.15211081670547996,10
2009-03-25,-0.20566385015650682,1.3320916271819565,0,-0.2059302684819432,-0.20699594178368877,-0.20832803341087072,-0.21099221666523466,10
2009-04-23,-0.06886609812784543,1.2900199666234788,0,-0.06912410212117012,-0.07015611809446891,-0.07144613806109239,-0.07402617799433935,10
2009-05-21,0.037469999977928596,1.1847636697951707,1,0.037233047243969565,0.03628523630813343,0.03510047263833826,0.03273094529874791,10
2009-06-19,-0.011532673181336906,1.215133279679913,1,-0.011775699837272889,-0.012747806461016819,-0.013962939740696732,-0.016393206300056556,10
2009-07-20,-0.03796584825338188,1.0681146694554424,2,-0.03817947118727297,-0.039033962922837326,-0.04010207759229276,-0.04223830693120365,10
2009-08-17,-0.15089074685264164,1.3244797911352595,3,-0.15115564281086868,-0.1522152266437769,-0.15353970643491216,-0.15618866601718268,10
2009-09-15,0.026103095665768572,1.442430288404107,4,0.02581460960808775,0.024660665377364464,0.023218235088960357,0.020333374512152145,10
2009-10-13,0.09526551687857639,1.1584979503863833,12,0.0950338172884991,0.09410701892819,0.09294852097780362,0.09063152507703086,10
2009-11-10,0.00268587634941548,0.9964305590771885,2,0.002486590237600042,0.0016894457903382913,0.0006930152312611027,-0.0012998458868932745,10
2009-12-09,-0.10356032892541922,1.2905840995802536,4,-0.10381844574533527,-0.10485091302499948,-0.10614149712457972,-0.10872266532374024,10
2010-01-08,0.10490548049506894,1.4620532767531842,4,0.1046130698397183,0.10344342721831576,0.10198137394156256,0.0990572673880562,10
2010-02-08,-0.10409346679719629,1.1571649064364915,5,-0.1043248997784836,-0.10525063170363279,-0.10640779661006927,-0.10872212642294225,10
2010-03-09,-0.0175454370532915,1.519322284240097,3,-0.01784930151013952,-0.019064759337531597,-0.020584081621771694,-0.023622726190251887,10
2010-04-07,0.03445292387300616,1.3388363776752377,6,0.03418515659747111,0.03311408749533092,0.03177525111765568,0.029097578362305206,10
2010-05-05,0.03075864545822026,1.213767309610021,5,0.030515891996298256,0.02954487814861024,0.02833111083900022,0.025903576219780178,10
2010-06-03,0.09961333865093228,1.1935575632649504,3,0.09937462713827928,0.09841978108766733,0.09722622352440237,0.09483910839787248,10
2010-07-01,-0.08136516438780528,1.0064120308515976,10,-0.0815664467939756,-0.08237157641865687,-0.08337798844950847,-0.08539081251121167,10
2010-07-30,0.06533442484518366,1.2551058466325777,4,0.06508340367585715,0.06407931899855109,0.06282421315191851,0.06031400145865335,10
2010-08-27,-0.05786327422856561,1.1870793511449889,3,-0.05810069009879461,-0.0590503535797106,-0.06023743293085559,-0.06261159163314557,10
2010-09-27,-0.025011763629760837,1.2204296981680076,10,-0.025255849569394438,-0.026232193327928845,-0.027452623026096853,-0.029893482422432865,10
2010-10-25,-0.023119510973201036,1.291035721308717,7,-0.02337771811746278,-0.024410546694509754,-0.02570158241581847,-0.028283653858435905,10
2010-11-22,-0.04382357798124156,1.3404132165238842,5,-0.044091660624546336,-0.04516399119776544,-0.04650440441428933,-0.0491852308473371,10
2010-12-21,0.0079335372407544,1.2710965932483127,4,0.007679317922104738,0.006662440647506087,0.005391344054257775,0.0028491508677611493,10
2011-01-20,-0.03174640989872783,1.1621762916462335,2,-0.03197884515705708,-0.03290858619037407,-0.034070762482020296,-0.03639511506531277,10
2011-02-17,0.07083013413541045,1.2973817458814776,11,0.07057065778623416,0.06953275238952897,0.0682353706436475,0.06564060715188454,10
2011-03-18,-0.016880870024486527,1.170506352577592,3,-0.017114971295002043,-0.018051376377064117,-0.01922188272964171,-0.021562895434796895,10
2011-04-15,0.07663723758390835,1.2295562237808997,6,0.07639132633915217,0.07540768136012745,0.07417812513634656,0.07171901268878475,10
2011-05-16,0.0067686426685313154,1.2909209093694936,6,0.006510458486657417,0.005477721759161822,0.004186800849792328,0.0016049590310533409,10
2011-06-14,-0.0489555974529891,1.1970798798605713,9,-0.049195013428961216,-0.05015267733284967,-0.05134975721271024,-0.05374391697243139,10
2011-07-13,0.12889779806303553,1.1603775304938884,4,0.12866572255693676,0.12773742053254164,0.12657704300204775,0.12425628794105997,10
2011-08-10,0.004029915297930152,1.1780373728514775,5,0.0037943078233598567,0.0028518779250786747,0.0016738405522271974,-0.0006822341934757574,10
2011-09-08,0.09442284105282808,1.0811864277273506,9,0.09420660376728261,0.09334165462510073,0.09226046819737338,0.09009809534191868,10
2011-10-06,-0.10657202075520347,0.947635780069755,4,-0.10676154791121742,-0.10751965653527323,-0.10846729231534298,-0.11036256387548249,10
2011-11-03,0.03905935974054872,1.0994851954963385,6,0.03883946270144945,0.03795987454505238,0.036860389349556044,0.03466141895856337,10
2011-12-02,0.01636348187792583,1.0246329946377106,5,0.016158555278998288,0.015338848883288118,0.014314215888650407,0.012264949899374985,10
2012-01-03,-0.09466899371530119,0.9920030274073899,5,-0.09486739432078266,-0.09566099674270857,-0.09665299977011596,-0.09863700582493075,10
2012-02-01,-0.03323234912414751,1.3150470111097559,8,-0.033495358526369465,-0.03454739613525727,-0.03586244314636702,-0.038492537168586534,10
2012-03-01,0.027940922318378154,1.2977712507350578,4,0.02768136806823114,0.026643151067643096,0.02534537981690804,0.02274983731543792,10
2012-03-29,0.031820389223033076,1.1515414177533483,5,0.03159008093948241,0.030668847805279727,0.02951730638752638,0.027214223552019683,10
2012-04-27,0.0732309294671143,1.1030652973882467,5,0.07301031640763665,0.07212786416972605,0.07102479887233781,0.06881866827756132,10
2012-05-25,0.05297674219280675,1.0846417671999686,3,0.05275981383936676,0.05189210042560678,0.050807458658406815,0.04863817512400687,10
2012-06-25,0.004214315467651675,1.0026943356102682,6,0.004013776600529621,0.003211621132041407,0.0022089267964311384,0.00020353812521060194,10
2012-07-24,-0.0760928600005413,0.9648151891147034,5,-0.07628582303836424,-0.077057675189656,-0.07802249037877071,-0.07995212075700012,10
2012-08-21,-0.050114508373763716,1.382442215522436,1,-0.050390996816868205,-0.051496950589286154,-0.05287939280480859,-0.05564427723585346,10
2012-09-19,0.030665751098264558,1.3852617085523495,7,0.03038869875655409,0.029280489389712207,0.02789522768115986,0.025124704264055157,10
2012-10-17,0.06110525525418687,1.095548649390824,2,0.0608861455243087,0.06000970660479605,0.05891415795540522,0.056723060656623574,10
2012-11-16,-0.03250138393638515,1.1838564305849464,7,-0.03273815522250214,-0.0336852403669701,-0.034869096797555045,-0.03723680965872494,10
2012-12-17,-0.033167400938901664,1.3570910434727046,7,-0.03343881914759621,-0.03452449198237437,-0.035881583025847076,-0.03859576511279248,10
2013-01-16,0.012920340816792268,1.3513168232646784,6,0.012650077452139332,0.01156902399352759,0.010217707170262911,0.0075150735237335545,10
2013-02-14,0.022250655295519273,1.3676092300414757,5,0.02197713344951098,0.0208830460654778,0.01951543683543632,0.01678021837535337,10
2013-03-15,0.04669790533133231,1.3636550850229232,3,0.04642517431432772,0.04533425024630938,0.04397059516128646,0.041243284991240615,10
2013-04-15,-0.08015598045217986,1.1348351344767282,3,-0.0803829474790752,-0.08129081558665659,-0.08242565072113332,-0.08469532099008678,10
2013-05-13,-0.022495155307251827,1.3964848497335192,4,-0.022774452277198532,-0.023891640156985347,-0.025288125006718867,-0.028081094706185902,10
2013-06-11,0.0009523345869117219,1.3318420511661402,5,0.0006859661766784939,-0.0003795074642544184,-0.0017113495154205587,-0.004375033617752839,10
2013-07-10,-0.0011623217349145945,1.3326292073837545,5,-0.0014288475763913453,-0.002494950942298349,-0.0038275801496821036,-0.006492838564449613,10
2013-08-07,-0.05054503570884092,1.370651706954016,2,-0.05081916605023172,-0.051915687415794935,-0.05328633912274895,-0.056027642536656985,10
2013-09-05,-0.03072794161763901,1.3563116111006115,7,-0.030999203939859134,-0.032084253228739625,-0.03344056483984023,-0.03615318806204146,10
2013-10-03,0.0801498132889619,1.2871608583393184,6,0.07989238111729403,0.07886265243062258,0.07757549157228326,0.07500116985560462,10
2013-10-31,-0.032601366470506314,1.3177255691290148,8,-0.032864911584332114,-0.03391909203963533,-0.03523681760876434,-0.037872268747022375,10
2013-11-29,-0.007882610260944767,1.4193393063881723,7,-0.008166478122222402,-0.00930194956733294,-0.010721288873721112,-0.013559967486497456,10
2013-12-30,-0.06170232487555597,1.314339642875353,6,-0.06196519280413104,-0.06301666451843133,-0.06433100416130667,-0.06695968344705738,10
2014-01-29,-0.06427929336309099,1.4035538488710588,7,-0.0645600041328652,-0.06568284721196205,-0.0670864010608331,-0.06989350875857522,10
2014-02-27,0.09107658474494806,1.4329994941328215,2,0.0907899848461215,0.08964358525081524,0.08821058575668242,0.08534458676841677,10
2014-03-27,0.08708107672100118,1.338709885852771,2,0.08681333474383063,0.08574236683514841,0.08440365694929564,0.0817262371775901,10
2014-04-25,0.0193377192964564,1.1053362423289506,4,0.01911665204799061,0.01823238305412745,0.0171270468117985,0.014916374327140599,10
2014-05-23,-0.07709779635999009,1.1926477614862605,5,-0.07733632591228734,-0.07829044412147634,-0.07948309188296261,-0.08186838740593513,10
2014-06-23,0.051697483670983396,1.3748742418717688,3,0.05142250882260904,0.050322609429111625,0.04894773518723986,0.04619798670349632,10
2014-07-22,-0.04370118977870075,1.209193012312847,6,-0.04394302838116332,-0.0449103827910136,-0.04611957580332644,-0.04853796182795214,10
2014-08-19,0.0033813866259812114,1.416287792432305,3,0.0030981290674947505,0.0019650988335489063,0.0005488110411166016,-0.002283764543748008,10
2014-09-17,0.07334435955775694,1.3017055000960578,3,0.07308401845773772,0.07204265405766087,0.07074094855756483,0.0681375375573727,10
2014-10-15,0.0062889915777610455,1.2447549034065521,3,0.006040040597079735,0.005044236674354493,0.0037994817709479413,0.0013099719641348371,10
2014-11-12,0.10061080521071071,1.2191115443100287,7,0.1003669829018487,0.09939169366640069,0.09817258212209065,0.09573435903347059,10
2014-12-11,-0.021007111342062894,1.223019829808691,3,-0.02125171530802463,-0.022230131171871587,-0.023453151001680276,-0.025899190661297658,10
2015-01-12,-0.010144782333547108,1.1190993568713117,7,-0.010368602204921371,-0.01126388169041842,-0.012382981047289732,-0.014621179761032355,10
2015-02-10,-0.012400737251953793,1.2812086101626687,5,-0.012656978973986327,-0.013681945862116462,-0.01496315447227913,-0.017525571692604467,10
2015-03-11,-0.006693458287171953,1.369340212421646,7,-0.0069673263296562826,-0.008062798499593599,-0.009432138712015245,-0.012170819136858538,10
2015-04-09,0.034044062960180255,1.3088608923776859,5,0.033782290781704714,0.03273520206780257,0.03142634117542488,0.02880861939066951,10
2015-05-07,-0.01648532114430496,1.2167524067438356,6,-0.016728671625653727,-0.017702073551048796,-0.018918825957792634,-0.021352330771280303,10
2015-06-05,0.05357359700663161,1.3684583515274538,7,0.05329990533632612,0.05220513865510416,0.05083668030357671,0.048099763600521796,10
2015-07-06,0.06411618883966269,1.3195325737376582,4,0.06385228232491516,0.06279665626592504,0.06147712369218737,0.05883805854471206,10
2015-08-03,0.017935640347613715,1.3665894651084811,7,0.017662322454592018,0.016569050882505234,0.015202461417396753,0.012469282487179791,10
2015-08-31,0.14815117831975025,1.3662199107725799,2,0.14787793433759575,0.14678495840897768,0.14541873849820508,0.14268629867665994,10
2015-09-29,-0.05560091347830231,1.1680543887761357,6,-0.055834524356057534,-0.05676896786707845,-0.05793702225585458,-0.060273131033406854,10
2015-10-27,-0.06770245871106016,1.2096077258024123,9,-0.06794438025622064,-0.06891206643686257,-0.07012167416266499,-0.07254088961426981,10
2015-11-24,0.0015300163686079596,1.4503557415151582,7,0.001239945220304928,7.966062709280136e-05,-0.001370695114422357,-0.004271406597452673,10
2015-12-23,0.1880825881870263,1.2860345127935706,3,0.1878253812844676,0.18679655367423273,0.18551051916143915,0.18293845013585203,10
2016-01-25,0.09115034035455492,1.074483775763822,7,0.09093544359940216,0.09007585657879111,0.08900137280302728,0.08685240525149963,10
2016-02-23,-0.1565585249886438,1.0497400759797788,4,-0.15676847300383975,-0.15760826506462358,-0.15865800514060338,-0.16075748529256292,10
2016-03-22,-0.0864431299027886,1.4425604638987093,3,-0.08673164199556835,-0.08788569036668731,-0.08932825083058601,-0.09221337175838344,10
2016-04-20,0.05602518144693529,1.1036047516585699,7,0.05580446049660357,0.05492157669527672,0.05381797194361815,0.05161076244030101,10
2016-05-18,-0.03672186563948107,1.234573292533774,5,-0.03696878029798783,-0.03795643893201484,-0.03919101222454862,-0.04166015880961617,10
2016-06-16,-0.018225360277705056,1.2762139163179487,9,-0.018480603060968645,-0.019501574194023007,-0.020777788110340954,-0.02333021594297685,10
2016-07-15,-0.06791880619236225,1.369370960508564,5,-0.06819268038446397,-0.06928817715287082,-0.07065754811337938,-0.0733962900343965,10
2016-08-12,-0.02782774530173673,1.2876369889767594,12,-0.028085272699532083,-0.02911538229071349,-0.03040301927969025,-0.032978293257643766,10
2016-09-12,-0.0156827939456024,1.4143316346236738,10,-0.015965660272527132,-0.017097125580226073,-0.018511457214849748,-0.021340120484097093,10
2016-10-10,0.10284610514764245,1.2801393945874373,8,0.10259007726872496,0.10156596575305502,0.10028582635846757,0.09772554756929269,10
2016-11-07,-0.0938354718660256,1.2680582946400136,8,-0.0940890835249536,-0.09510353016066561,-0.09637158845530563,-0.09890770504458565,10
2016-12-06,0.026874467408716105,1.5341106618271778,8,0.02656764527635067,0.025340356746888927,0.02380624608506175,0.020738024761407393,10
2017-01-05,0.013105875545260411,1.1113686975304984,2,0.012883601805754312,0.011994506847729913,0.010883138150199414,0.008660400755138417,10
2017-02-03,0.030786873418662288,1.2115348569404452,11,0.0305445664472742,0.029575338561721842,0.028363803704781396,0.025940733990900508,10
2017-03-06,0.014105217124392725,1.365742803308777,8,0.01383206856373097,0.012739474321083948,0.011373731517775171,0.008642245911157618,10
2017-04-03,0.0445222549459703,1.1524641972672915,8,0.04429176210651684,0.04336979074870301,0.042217326551435716,0.03991239815690113,10
2017-05-02,0.03915993461642596,1.2290246701612952,3,0.0389141296823937,0.03793090994626466,0.036701885276103366,0.03424383593578078,10
2017-05-31,-0.040785928042509294,1.2356253925979628,4,-0.04103305312102889,-0.04202155343510726,-0.04325717882770522,-0.04572842961290115,10
2017-06-28,-0.005998818301538907,1.2229651208515382,6,-0.006243411325709215,-0.007221783422390445,-0.008444748543241985,-0.010890678784945061,10
2017-07-27,0.05088745322627854,1.0834139182161069,3,0.050670770442635314,0.04980403930806243,0.048720625389846325,0.04655379755341411,10
2017-08-24,-0.05128253715159849,1.2231515222832487,8,-0.05152716745605514,-0.05250568867388174,-0.05372884019616499,-0.05617514324073148,10
2017-09-22,-0.011715548104967314,1.3556198720577788,9,-0.01198667207937887,-0.013071167977025093,-0.014426787849082872,-0.017138027593198428,10
2017-10-20,0.016710718578885026,1.3272583006357692,2,0.016445266918757872,0.015383460278249257,0.014056201977613487,0.011401685376341949,10
2017-11-17,-0.0189233759906717,1.3316563483514368,4,-0.019189707260341988,-0.020255032339023135,-0.021586688687374574,-0.024250001384077447,10
2017-12-18,-0.03536182030083919,1.3294593730373723,7,-0.03562771217544666,-0.03669127967387656,-0.038020739046913936,-0.040679657792988676,10
2018-01-18,-0.010371548849223295,1.2572348244897193,8,-0.010622995814121239,-0.011628783673713014,-0.012886018498202735,-0.015400488147182173,10
2018-02-15,-0.01135697369359439,1.4316235421461665,9,-0.011643298402023623,-0.012788597235740556,-0.014220220777886722,-0.017083467862179055,10
2018-03-16,0.009577335440088984,1.5633313545992509,5,0.009264669169169133,0.008014004085489733,0.006450672730890482,0.0033240100216919803,10
2018-04-16,-0.04242122000850684,1.3597988018197484,4,-0.042693179768870784,-0.04378101881032659,-0.04514081761214633,-0.04786041521578583,10
2018-05-14,-0.04175705668177945,1.523988169052068,8,-0.04206185431558987,-0.04328104485083152,-0.04480503301988359,-0.047853009357987725,10
2018-06-12,-0.0023297091658403455,1.5587714753094035,8,-0.0026414634609022263,-0.0038884806411497493,-0.005447252116459153,-0.00856479506707796,10
2018-07-11,0.059570262226488216,1.3579231657298234,4,0.05929867759334225,0.05821233906075839,0.05685441589502857,0.054138569563568925,10
2018-08-08,-0.009408767761896293,1.4568472076768544,3,-0.009700137203431663,-0.010865614969573147,-0.012322462177250002,-0.01523615659260371,10
2018-09-06,0.03666363262501226,1.4624535967342116,1,0.03637114190566541,0.035201179028278046,0.03373872543154383,0.030813818238075413,10
2018-10-04,0.03978423103616092,1.2522329148744378,12,0.03953378445318603,0.03853199812128648,0.03727976520641204,0.03477529937666317,10
2018-11-01,0.04687750945805462,1.3600597228015685,8,0.046605497513494305,0.045517449735253054,0.04415739001245148,0.041437270566848344,10
2018-11-30,0.030861751833830234,1.2860563557351563,6,0.0306045405626832,0.029575695478095076,0.02828963912235992,0.025717526410889608,10
2019-01-02,-0.0631706895043927,1.2017131529927734,5,-0.06341103213499125,-0.06437240265738547,-0.06557411581037824,-0.0679775421163638,10
2019-01-31,-0.05629066423452627,1.2925318409007185,11,-0.056549170602706415,-0.05758319607542699,-0.05887572791632771,-0.061460791598129144,10
2019-03-01,0.03578196078522756,1.5523858223203892,5,0.03547148362076348,0.03422957496290717,0.03267718914058678,0.029572417495946003,10
2019-03-29,0.004754125199306355,1.3217721532445073,3,0.004489770768657453,0.003432353046061848,0.0021105808928173404,-0.0005329634136716742,10
2019-04-29,0.09133888060568542,1.153959671298887,2,0.09110808867142564,0.09018492093438653,0.08903096126308764,0.08672304192048987,10
2019-05-28,0.027222647344552212,1.2300398049911332,3,0.026976639383553984,0.025992607539561077,0.024762567734569946,0.02230248812458768,10
2019-06-25,-0.0015074709752345462,1.2017290808642442,5,-0.001747816791407395,-0.0027092000560987907,-0.003910929136963035,-0.006314387298691523,10
2019-07-24,0.054021567780203256,1.305283189295011,4,0.05376051114234425,0.05271628459090824,0.051411001401613234,0.04880043502302321,10
2019-08-21,-0.014148502139239917,1.2298352784744573,3,-0.014394469194934808,-0.015378337417714374,-0.016608172696188833,-0.019067843253137748,10
2019-09-19,0.05097162076014713,1.237038759180954,10,0.05072421300831094,0.04973458200096617,0.04849754324178522,0.046023465723423314,10
2019-10-17,-0.029322572239905212,1.1080150992886713,5,-0.029544175259762946,-0.030430587339193883,-0.031538602438482555,-0.0337546326370599,10
2019-11-14,-0.05994682396875698,1.3730554723540362,6,-0.06022143506322779,-0.061319879441111017,-0.06269293491346506,-0.06543904585817313,10
2019-12-13,-0.02470513646684696,1.4758889239168227,8,-0.025000314251630323,-0.026181025390763783,-0.027656914314680606,-0.030608692162514252,10
2020-01-14,0.005238298711224132,1.3003522552758848,5,0.004978228260168955,0.003937946455948247,0.0026375942006723625,3.6889690120592636e-05,10
2020-02-12,0.12419814912512882,1.3814016094259167,2,0.12392186880324363,0.1228167475157029,0.12143534590627698,0.11867254268742515,10
2020-03-12,-0.052157050412742975,1.3387002712184728,7,-0.05242479046698667,-0.053495750683961445,-0.05483445095517992,-0.05751185149761687,10
2020-04-09,-0.08299093575267343,1.5675853201105683,1,-0.08330445281669555,-0.084558521072784,-0.08612610639289456,-0.0892612770331157,10
2020-05-08,-0.2800311330979735,1.3093117233329163,1,-0.2802929954426401,-0.28134044482130643,-0.28264975654463936,-0.28526837999130517,10
2020-06-08,0.11799154574645007,1.8362966203711726,6,0.11762428642237584,0.1161552491260789,0.11431895250570773,0.11064635926496538,10
2020-07-07,-0.02173382774312407,1.08558310940095,2,-0.02195094436500426,-0.02281941085252502,-0.02390499396192597,-0.02607616018072787,10
2020-08-04,0.026621993793143558,1.1457106651492963,2,0.026392851660113698,0.02547628312799426,0.024330572462844965,0.022039151132546373,10
2020-09-01,-0.012631661655854262,1.1577414797810726,0,-0.012863209951810476,-0.013789403135635335,-0.014947144615416408,-0.017262627574978553,10
2020-09-30,0.01344461832600541,1.2271968072307384,7,0.013199178964559263,0.012217421518774672,0.010990224711543933,0.008535831097082457,10
2020-10-28,-0.18629507244840937,1.2288919652110688,3,-0.18654085084145158,-0.18752396441362043,-0.18875285637883152,-0.19121064030925364,10
2020-11-25,-0.03647314736731207,1.7147731874640968,3,-0.03681610200480489,-0.03818792055477616,-0.03990269374224026,-0.043332240117168457,10
2020-12-24,-0.18812150441663397,1.321459530766368,5,-0.18838579632278724,-0.18944296394740034,-0.19076442347816672,-0.19340734253969943,10
2021-01-26,-0.04501923588125671,1.48465318776662,3,-0.045316166518810035,-0.04650388906902333,-0.04798854225678995,-0.050957848632323194,10
2021-02-24,0.14367324986739427,1.275134252168757,3,0.14341822301696053,0.1423981156152255,0.14112298136305676,0.13857271285871925,10
2021-03-24,0.10434655365144363,1.0830740203564293,9,0.10412993884737234,0.1032634796310872,0.10218040561073077,0.10001425757001792,10
2021-04-22,0.06107562912407171,1.0355307002650365,4,0.0608685229840187,0.06004009842380668,0.05900456772354164,0.056933506323011564,10
2021-05-20,-0.13814920251013083,1.0548036760197967,8,-0.1383601632453348,-0.13920400618615061,-0.14025880986217043,-0.14236841721421,10
2021-06-18,0.12647831592126693,1.3596527825704245,5,0.12620638536475284,0.12511866313869652,0.12375901035612608,0.12103970479098523,10
2021-07-19,0.052050565231679995,1.1006282561413427,3,0.05183043958045173,0.05094993697553865,0.04984930871939731,0.04764805220711463,10
2021-08-16,-0.039084418775765524,1.1424303055255802,9,-0.03931290483687064,-0.0402268490812911,-0.041369279386816685,-0.043654139997867845,10
2021-09-14,-0.00987410382606231,1.2653273583829807,6,-0.010127169297738905,-0.01113943118444529,-0.01240475854282827,-0.014935413259594233,10
2021-10-12,-0.015109721553176976,1.2235922057699895,4,-0.015354439994330974,-0.016333313758946966,-0.017556905964716957,-0.020004090376256934,10
2021-11-09,0.10910606565089792,1.3053419709108678,11,0.10884499725671574,0.10780072367998705,0.10649538170907619,0.10388469776725445,10
2021-12-08,0.16803681418623997,1.2257396174909378,5,0.16779166626274178,0.16681107456874902,0.1655853349512581,0.16313385571627623,10
2022-01-06,0.13808625609205086,1.1349081643653038,2,0.13785927445917778,0.13695134792768554,0.13581643976332025,0.13354662343458965,10
2022-02-04,0.11823749762299857,1.051751521420835,5,0.1180271473187144,0.11718574610157773,0.1161339945801569,0.11403049153731523,10
2022-03-07,-0.1616029059829709,1.1376586339100423,7,-0.1618304377097529,-0.16274056461688094,-0.163878223250791,-0.16615354051861106,10
2022-04-04,0.1965891638308549,1.4554810457162768,4,0.19629806762171165,0.19513368278513862,0.19367820173942235,0.19076723964798978,10
2022-05-03,0.13987634204682978,1.0621975231791876,5,0.13966390254219394,0.1388141445236506,0.13775194700047141,0.13562755195411302,10
2022-06-01,0.01563406775580358,1.064623187147715,6,0.015421143118374038,0.014569444568655866,0.013504821381508152,0.01137557500721272,10
2022-06-30,-0.11204294543449966,1.0180788893551043,9,-0.11224656121237069,-0.11306102432385477,-0.11407910321320987,-0.11611526099192009,10
2022-07-29,-0.0657111883540322,1.313659952490679,7,-0.06597392034453033,-0.06702484830652287,-0.06833850825901355,-0.07096582816399491,10
2022-08-26,0.12214606932670524,1.3228628031901077,3,0.12188149676606722,0.12082320652351514,0.11950034372032503,0.1168546181139448,10
2022-09-26,-0.0022349203893468634,1.1160017969117717,11,-0.002458120748729218,-0.0033509221862586354,-0.004466923983170407,-0.00669892757699395,10
2022-10-24,0.026086832449624005,1.2356924273166674,5,0.025839693964160672,0.024851140022307337,0.023615447594990673,0.021144062740357336,10
2022-11-21,0.005928542211167188,1.3119645944652027,15,0.005666149292274147,0.004616577616701985,0.0033046130222367824,0.0006806838333063767,10
2022-12-20,-0.09749758017968709,1.2565696827260489,9,-0.09774889411623229,-0.09875414986241314,-0.10001071954513918,-0.10252385891059128,10
2023-01-20,-0.01340919201422774,1.333908401104907,3,-0.013675973694448722,-0.014743100415332649,-0.016077008816437553,-0.01874482561864737,10
2023-02-17,0.10013263822566307,1.2912945852694346,11,0.09987437930860918,0.09884134364039364,0.0975500490551242,0.09496745988458533,10
2023-03-20,-0.004566434473510059,1.3004584761685973,5,-0.004826526168743778,-0.005866892949678656,-0.007167351425847254,-0.009768268378184449,10
2023-04-18,0.024242036954461563,1.208272753421436,6,0.024000382403777276,0.023033764201040127,0.02182549144761869,0.01940894594077582,10
2023-05-16,-0.14122823183200056,1.209093987070883,4,-0.14147005062941473,-0.14243732581907145,-0.14364641980614232,-0.1460646077802841,10
2023-06-14,-0.025401998740367908,1.513236885008994,5,-0.025704646117369705,-0.026915235625376902,-0.028428472510385897,-0.031454946280403885,10
2023-07-14,0.07211210200524687,1.222034936011575,6,0.07186769501804456,0.0708900670692353,0.06966803213322371,0.06722396226120057,10
2023-08-11,0.023212083035592967,1.2552773504513426,4,0.0229610275655027,0.021956805685141623,0.020701528334690283,0.018190973633787598,10
2023-09-11,0.10610871433596272,1.316191621538227,3,0.10584547601165507,0.10479252271442449,0.10347633109288627,0.10084394784980981,10
2023-10-09,0.050758089957223924,1.191191951711591,5,0.05051985156688161,0.04956689800551233,0.048375706053800746,0.04599332215037756,10
2023-11-06,-0.09056293033508486,1.3078939093665085,8,-0.09082450911695816,-0.09187082424445137,-0.09317871815381788,-0.0957945059725509,10
2006-01-20,0.020147106988743498,0.9999999999999979,11,0.0199471069887435,0.0191471069887435,0.018147106988743503,0.016147106988743505,11
2006-02-17,0.004749319135600238,1.379227236947797,6,0.004473473688210678,0.003370091898652441,0.001990864661704644,-0.0007675898121909499,11
2006-03-20,-0.05569474404042337,1.3649441213194866,11,-0.055967732864687265,-0.05705968816174286,-0.05842463228306234,-0.06115452052570132,11
2006-04-18,0.08544254175186328,1.3637898970579019,5,0.0851697837724517,0.08407875185480537,0.08271496195774747,0.07998738216363167,11
2006-05-16,0.09176683743170796,1.252375905201924,8,0.09151636225066757,0.09051446152650604,0.08926208562130411,0.08675733381090027,11
2006-06-14,-0.005586621481615139,1.268796510865954,6,-0.00584038078378833,-0.006855417992481093,-0.008124214503347047,-0.010661807525078955,11
2006-07-13,0.0458294712628026,1.0934624651922722,4,0.045610778769764146,0.04473600879761033,0.043642546332418056,0.041455621402033516,11
2006-08-10,-0.028864683128711977,1.1944391157083651,3,-0.02910357095185365,-0.030059122244420342,-0.03125356136012871,-0.03364243959154544,11
2006-09-08,-0.02254338429663633,1.2978014037864913,6,-0.022802944577393628,-0.02384118570042282,-0.025138987104209313,-0.027734589911782296,11
2006-10-06,-0.019152709863476818,1.259424588347515,8,-0.019404594781146322,-0.020412134451824333,-0.02167155904017185,-0.02419040821686688,11
2006-11-03,-0.03593967558581706,1.3689859429439208,14,-0.03621347277440584,-0.03730866152876098,-0.0386776474717049,-0.04141561935759274,11
2006-12-04,0.03652837430778913,1.4771236258312002,8,0.03623294958262289,0.03505125068195793,0.03357412705612673,0.03061987980446433,11
2007-01-04,-0.0021955386602290888,1.2611236959365248,12,-0.0024477633994163936,-0.0034566623561656136,-0.004717786052102138,-0.007240033443975188,11
2007-02-02,0.037166277610625645,1.3603671605185035,11,0.03689420417852195,0.03580591045010714,0.03444554328958864,0.03172480896855163,11
2007-03-05,-0.04804142476471529,1.314812548822387,6,-0.04830438727447977,-0.04935623731353768,-0.05067104986236006,-0.05330067496000484,11
2007-04-02,0.0027803438837587825,1.4024202174495997,11,0.0024998598402688624,0.0013779236663091828,-2.4496551140416878e-05,-0.0028293369860396163,11
2007-05-01,-0.02141755247449504,1.3586388510286007,9,-0.02168928024470076,-0.02277619132552364,-0.02413483017655224,-0.026852107878609442,11
2007-05-30,-0.003994051619878951,1.5328973069190075,12,-0.004300631081262753,-0.005526948926797959,-0.007059846233716966,-0.010125640847554981,11
2007-06-27,0.023787333025793136,1.2841234340243393,10,0.023530508338988267,0.022503209591768797,0.021219086157744458,0.018650839289695777,11
2007-07-26,0.03276297272244374,1.305255053216266,13,0.03250192171180048,0.031457717669227475,0.030152462616011205,0.027541952509578672,11
2007-08-23,0.01377305500470026,1.4280168527432768,12,0.013487451634151605,0.012345038151956984,0.010917021299213707,0.008060987593727153,11
2007-09-21,0.04575828157767386,1.2748729370267455,15,0.045503306990268506,0.044483408640647114,0.04320853570362037,0.040658789829566874,11
2007-10-19,0.09078139714394319,1.1522925581376788,13,0.09055093863231566,0.08962910458580552,0.08847681202766783,0.08617222691139248,11
2007-11-16,0.0330241090196704,1.297888911106076,10,0.032764531237449185,0.031726220108564324,0.030428331197458247,0.027832553375246094,11
2007-12-17,0.07688301308958138,1.2801949485835789,9,0.07662697409986467,0.0756028181409978,0.07432262319241423,0.07176223329524707,11
2008-01-16,-0.07829980597982462,1.0516670298474802,8,-0.07851013938579413,-0.0793514730096721,-0.08040314003951958,-0.08250647409921455,11
2008-02-14,0.09111374800968837,1.3604145926922493,6,0.09084166509114992,0.08975333341699612,0.08839291882430388,0.08567208963891937,11
2008-03-14,-0.02455002499250064,1.2455087954519761,3,-0.024799126751591037,-0.025795533787952615,-0.027041042583404593,-0.029532060174308546,11
2008-04-14,-0.04757410247197526,1.2266047923460164,4,-0.04781942343044446,-0.04880070726432127,-0.05002731205666729,-0.05248052164135932,11
2008-05-12,0.03905989281065274,1.2993973758112956,7,0.03880001333549048,0.037760495434841446,0.036461098059030146,0.033862303307407554,11
2008-06-10,0.061406896452897555,1.2861693326322232,3,0.06114966258637111,0.06012072712026533,0.05883455778763311,0.05626221912236866,11
2008-07-09,-0.10333583429522429,1.1559203142982768,5,-0.10356701835808395,-0.10449175460952256,-0.10564767492382085,-0.1079595155524174,11
2008-08-06,-0.004935445491753727,1.221366776096591,7,-0.005179718846973045,-0.0061568122678503185,-0.007378179043946909,-0.009820912596140092,11
2008-09-04,0.09200914838237108,1.2008771441697925,4,0.09176897295353711,0.09080827123820129,0.0896073940940315,0.0872056398056919,11
2008-10-02,0.09528768858815485,1.145050828127257,6,0.09505867842252941,0.0941426377600276,0.09299758693190034,0.09070748527564583,11
2008-10-30,0.14266170644799117,1.1557882547175462,7,0.14243054879704767,0.14150591819327363,0.14035012993855608,0.138038553429121,11
2008-11-28,-0.022453947218550867,1.088753580910933,2,-0.022671697934733052,-0.0235427007994618,-0.024631454380372734,-0.0268089615421946,11
2008-12-29,-0.03154796053104714,0.9603554099580135,8,-0.03174003161303874,-0.03250831594100515,-0.03346867135096317,-0.03538938217087919,11
2009-01-28,0.09981676491240049,1.124105823558383,2,0.09959194374768882,0.0986926590888421,0.09756855326528373,0.09532034161816696,11
2009-02-26,-0.17282459205922115,1.0543273700776379,3,-0.17303545753323668,-0.17387891942929878,-0.17493324679937644,-0.1770419015395317,11
2009-03-26,-0.2123833573298809,1.4530764033038632,0,-0.21267397261054166,-0.21383643373318476,-0.21528951013648862,-0.21819566294309634,11
2009-04-24,-0.011507747361114566,1.2916411205851857,0,-0.011766075585231604,-0.012799388481699751,-0.014091029602284937,-0.01667431184345531,11
2009-05-22,0.08640609167632328,1.0658945502858996,1,0.0861929127662661,0.08534019712603738,0.08427430257575148,0.08214251347517967,11
2009-06-22,-0.048711223370349596,1.1830663379893251,1,-0.04894783663794746,-0.049894289708338924,-0.051077356046328244,-0.0534434887223069,11
2009-07-21,-0.0867925686148595,1.2156315376571998,2,-0.08703569492239094,-0.0880082001525167,-0.0892238316901739,-0.09165509476548829,11
2009-08-18,-0.14409460401298757,1.3627610477954633,3,-0.14436715622254667,-0.14545736506078302,-0.1468201261085785,-0.14954564820416943,11
2009-09-16,0.017832540693292532,1.5095836265082336,4,0.017530623967990884,0.0163229570667843,0.014813373440276065,0.011794206187259598,11
2009-10-14,0.09215407435514615,1.1212821377998676,8,0.09192981792758617,0.09103279221734628,0.08991151007954641,0.08766894580394669,11
2009-11-11,0.028167656917047597,1.0137134432312356,2,0.02796491422840135,0.02715394347381636,0.026140230030585125,0.024112803144122653,11
2009-12-10,-0.1021262619150466,1.2724023482958204,4,-0.10238074238470576,-0.10339866426334242,-0.10467106661163825,-0.10721587130822989,11
2010-01-11,0.0932864342330035,1.5091158404769585,4,0.09298461106490812,0.09177731839252655,0.09026820255204959,0.08724997087109568,11
2010-02-09,-0.10327684137489386,1.156054517563735,6,-0.1035080522784066,-0.10443289589245759,-0.10558895041002132,-0.1079010594451488,11
2010-03-10,-0.009807583838919736,1.5401448107196105,4,-0.010115612801063658,-0.011347728649639347,-0.012887873460358957,-0.01596816308179818,11
2010-04-08,0.056340207359054414,1.3183966939730885,5,0.056076528020259794,0.05502181066508133,0.05370341397110824,0.05106662058316206,11
2010-05-06,0.03989319447584278,1.1903285864480713,6,0.03965512875855317,0.038702865889394714,0.03751253730294664,0.035131880130050495,11
2010-06-04,0.08352056535468293,1.1674246879088994,3,0.08328708041710114,0.08235314066677403,0.08118571597886513,0.07885086660304733,11
2010-07-02,-0.10397613815596576,1.0006624162538365,10,-0.10417627063921653,-0.1049768005722196,-0.10597746298847344,-0.10797878782098111,11
2010-08-02,0.0735358999430214,1.3322334312069446,5,0.07326945325678001,0.07220366651181445,0.0708714330806075,0.06820696621819362,11
2010-08-30,-0.08482048213541098,1.185416977276276,4,-0.08505756553086623,-0.08600589911268726,-0.08719131608996353,-0.08956215004451608,11
2010-09-28,-0.024075598162856246,1.286125304059925,9,-0.02433282322366823,-0.02536172346691617,-0.026647848770976097,-0.029220099379095945,11
2010-10-26,-0.02210109284135736,1.2895645707709664,8,-0.022359005755511554,-0.023390657412128327,-0.024680221982899295,-0.02725935112444123,11
2010-11-23,-0.039533897389811015,1.2934714268077845,4,-0.03979259167517257,-0.0408273688166188,-0.042120840243426584,-0.04470778309704215,11
2010-12-22,0.01393718930150535,1.2870279188581426,4,0.01367978371773372,0.012650161382647207,0.011363133463789064,0.00878907762607278,11
2011-01-21,-0.03362325039623225,1.1272233792438688,4,-0.03384869507208102,-0.03475047377547612,-0.03587769715471999,-0.038132143913207725,11
2011-02-18,0.05490822162104312,1.2893708089510802,11,0.0546503474592529,0.05361885081209204,0.05232948000314096,0.0497507383852388,11
2011-03-21,0.012157933687304638,1.1873339524493915,3,0.011920466896814759,0.010970599734855247,0.009783265782405855,0.007408597877507072,11
2011-04-18,0.07110006701085919,1.1666082606021893,4,0.07086674535873876,0.069933458750257,0.06876685048965481,0.06643363396845044,11
2011-05-17,0.008860456531957316,1.2489402169021222,8,0.008610668488576891,0.007611516315055194,0.006362576098153072,0.0038646956643488273,11
2011-06-15,-0.0455990564654905,1.210682562493825,10,-0.04584119297798926,-0.046809739027984326,-0.048020421590478146,-0.0504417867154658,11
2011-07-14,0.09695519168381056,1.1679105157111795,3,0.09672160958066832,0.09578728116809938,0.09461937065238821,0.09228354962096584,11
2011-08-11,0.05540120421128942,1.1617959643685032,6,0.05516884501841572,0.05423940824692092,0.053077612282552415,0.050754020353815404,11
2011-09-09,0.10450017009078176,0.9987140288381452,8,0.10430042728501412,0.10350145606194361,0.10250274203310547,0.10050531397542918,11
2011-10-07,-0.15974624251482822,0.9048486101566448,4,-0.15992721223685955,-0.16065109112498485,-0.1615559397351415,-0.1633656369554548,11
2011-11-04,0.031649586156528124,1.1957328881128895,7,0.03141043957890555,0.030453853268415234,0.029258120380302344,0.026866654604076567,11
2011-12-05,0.030911922696188966,1.0158075880652777,6,0.03070876117857591,0.029896115108123688,0.02888030752005841,0.026848692343927855,11
2012-01-04,-0.11910367687596608,0.9374030456902994,5,-0.11929115748510415,-0.12004107992165639,-0.12097848296734669,-0.12285328905872728,11
2012-02-02,-0.006358907718747748,1.3274806884348982,8,-0.006624403856434728,-0.007686388407182647,-0.009013869095617546,-0.011668830472487342,11
2012-03-02,0.015950788948880495,1.1894599237188057,5,0.015712896964136733,0.014761329025161689,0.013571869101442884,0.011192949254005272,11
2012-03-30,0.04600132767700479,1.1840159293186734,5,0.04576452449114105,0.04481731174768611,0.04363329581836744,0.04126526395973009,11
2012-04-30,0.050352003461634015,1.0959388035665143,5,0.050132815700920715,0.0492560646580675,0.04816012585450099,0.045968248247367956,11
2012-05-29,0.06053142482563759,1.120907849182529,3,0.060307243255801085,0.059410516976455066,0.05828960912727253,0.05604779342890748,11
2012-06-26,0.017573771809111946,0.967355415132509,6,0.017380300726085443,0.016606416393979438,0.015639060978846927,0.01370435014858191,11
2012-07-25,-0.0759124185488652,0.995340075532594,4,-0.07611148656397172,-0.07690775862439779,-0.07790309869993038,-0.07989377885099558,11
2012-08-22,-0.0343370647383383,1.3890782468266245,1,-0.03461488038770363,-0.035726142985164924,-0.03711522123199155,-0.0398933777256448,11
2012-09-20,0.02801732443558401,1.3361842199444338,6,0.027750087591595123,0.026681140215639575,0.025344955995695143,0.022672587555806274,11
2012-10-18,0.03405977297802489,1.1278121507561116,3,0.03383421054787367,0.03293196082726878,0.03180414867651267,0.029548524375000447,11
2012-11-19,-0.037220024181889654,1.1983794970652968,7,-0.03745970008130271,-0.03841840367895495,-0.03961678317602025,-0.04201354217015084,11
2012-12-18,-0.012256921816270496,1.3615689630956276,7,-0.012529235608889622,-0.013618490779366124,-0.014980059742461752,-0.017703197668653005,11
2013-01-17,0.012917180528243285,1.3015658846873985,7,0.012656867351305804,0.011615614643555885,0.010314048758868488,0.00771091698949369,11
2013-02-15,0.013578889841215821,1.3643612812333794,5,0.013306017584969146,0.012214528559982441,0.010850167278749063,0.008121444716282303,11
2013-03-18,0.04131250927355187,1.3421406187359157,3,0.04104408114980469,0.03997036865481596,0.03862822803608004,0.03594394679860821,11
2013-04-16,-0.0864762596485453,1.0550100529134963,4,-0.086687261659128,-0.0875312697014588,-0.08858627975437229,-0.09069629986019928,11
2013-05-14,-0.005906456817894022,1.3843238699564002,4,-0.0061833215918853015,-0.007290780687850422,-0.008675104557806823,-0.011443752297719623,11
2013-06-12,-0.019746196375610217,1.2526397268529994,5,-0.01999672432098082,-0.02099883610246322,-0.022251475829316216,-0.024756755283022215,11
2013-07-11,0.0019070623783841421,1.3160140272785867,5,0.0016438595729284249,0.0005910483511055553,-0.0007249656761730316,-0.0033569937307302055,11
2013-08-08,-0.04935426884776006,1.3815445793505117,2,-0.04963057776363017,-0.050735813427110574,-0.052117358006461084,-0.05488044716516211,11
2013-09-06,-0.035160443699722065,1.357813976051331,8,-0.03543200649493233,-0.036518257675773394,-0.03787607165182473,-0.04059169960392739,11
2013-10-04,0.08232655134385607,1.2949360273222683,6,0.08206756413839161,0.0810316153165338,0.07973667928921153,0.07714680723456699,11
2013-11-01,-0.03449871713122381,1.3404396726113605,8,-0.03476680506574608,-0.03583915680383517,-0.03717959647644653,-0.03986047582166925,11
2013-12-02,-0.020727410557742278,1.3805574413890462,7,-0.021003522046020087,-0.022107967999131325,-0.02348852544052037,-0.026249640323298462,11
2013-12-31,-0.06901401564726772,1.3461609748236656,6,-0.06928324784223246,-0.07036017662209139,-0.07170633759691505,-0.07439865954656238,11
2014-01-30,-0.027652404003710593,1.3889749790289352,8,-0.02793019899951638,-0.02904137898273953,-0.030430353961768464,-0.033208303919826335,11
2014-02-28,0.07423804899657156,1.3214021385670092,2,0.07397376856885816,0.07291664685800456,0.07159524471943754,0.06895244044230353,11
2014-03-28,0.09533276295907156,1.305080861641086,2,0.09507174678674334,0.09402768209743047,0.09272260123578939,0.09011243951250722,11
2014-04-28,-0.023115374924953417,1.0657497360242068,4,-0.02332852487215826,-0.024181124660977625,-0.02524687439700183,-0.027378373869050246,11
2014-05-27,-0.04969492123545088,1.2501197335863268,6,-0.04994494518216814,-0.0509450409690372,-0.05219516070262353,-0.05469540016979618,11
2014-06-24,0.02307083808205455,1.3240487398983383,4,0.02280602833407488,0.021746789342156212,0.020422740602257874,0.017774643122461197,11
2014-07-23,-0.0012814760837220078,1.252310618601707,5,-0.0015319382074423492,-0.0025337867023237145,-0.0037860973209254216,-0.0062907185581288355,11
2014-08-20,0.0030848934977093173,1.346862344019655,3,0.0028155210289053864,0.0017380311536896622,0.00039116880967000715,-0.002302555878369303,11
2014-09-18,0.028678917872778334,1.2805246994247594,4,0.028422812932893383,0.027398393173353575,0.026117868473928815,0.023556819075079297,11
2014-10-16,0.0586402483203125,1.2653404962723378,4,0.05838718022105803,0.05737490782404016,0.05610956732776782,0.05357888633522315,11
2014-11-13,0.080900292684248,1.1548942476697661,6,0.08066931383471405,0.07974539843657824,0.07859050418890848,0.07628071569356894,11
2014-12-12,-0.0012368790266461135,1.238610492520864,4,-0.0014846011251502863,-0.0024754895191669776,-0.003714100011687842,-0.0061913209967295706,11
2015-01-13,-0.021324418011447896,1.0889410900212195,5,-0.02154220622945214,-0.022413359101469115,-0.023502300191490334,-0.025680182371532773,11
2015-02-11,-0.009280862833627442,1.3010364402076442,8,-0.00954107012166897,-0.010581899273835087,-0.01188293571404273,-0.014485008594458018,11
2015-03-12,-0.008210133687019736,1.4046826574966378,6,-0.008491070218519064,-0.009614816344516374,-0.011019499002013012,-0.013828864317006287,11
2015-04-10,0.028240364344144498,1.3145403332525962,6,0.02797745627749398,0.026925824010891903,0.025611283677639304,0.022982203011134114,11
2015-05-08,-0.007439692231522327,1.220942713186188,5,-0.007683880774159564,-0.008660634944708515,-0.009881577657894703,-0.01232346308426708,11
2015-06-08,0.045295389218285735,1.3642654161130967,8,0.045022536135063115,0.043931123802172636,0.042566858386059545,0.03983832755383335,11
2015-07-07,0.05989342608230527,1.3023684612729105,4,0.05963295239005069,0.05859105762103236,0.05728868915975945,0.05468395223721363,11
2015-08-04,0.02942557945372578,1.3607415767344848,6,0.029153431138378882,0.028064837876991294,0.02670409630025681,0.02398261314678784,11
2015-09-01,0.12623743541200813,1.3704312821994986,2,0.12596334915556823,0.12486700412980863,0.12349657284760913,0.12075571028321014,11
2015-09-30,-0.06785884186859031,1.166248550561945,8,-0.0680920915787027,-0.06902509041915227,-0.0701913389697142,-0.0725238360708381,11
2015-10-28,-0.05339060537401976,1.2275073805493453,7,-0.05363610685012963,-0.054618112754569105,-0.05584562013511845,-0.05830063489621714,11
2015-11-25,0.014797804578772781,1.43134032782402,6,0.014511536513207976,0.013366464250948762,0.01193512392312474,0.0090724432674767,11
2015-12-24,0.16923011361320528,1.3106251420780668,4,0.16896798858478967,0.16791948847112723,0.16660886332904914,0.163987613044893,11
2016-01-26,0.09657658662592294,1.0970851987276524,6,0.09635716958617742,0.09547950142719529,0.09438241622846764,0.09218824583101233,11
2016-02-24,-0.08383756768428872,1.0129129376953134,4,-0.08404015027182779,-0.08485048062198404,-0.08586339355967935,-0.08788921943506998,11
2016-03-23,-0.16311516903750253,1.2677374588979622,2,-0.16336871652928212,-0.1643829064964005,-0.16565064395529847,-0.16818611887309437,11
2016-04-21,0.07495389798944949,1.2487792016984354,7,0.0747041421491098,0.07370511878775104,0.07245633958605262,0.06995878118265575,11
2016-05-19,-0.04799712229123891,1.1823269382317858,5,-0.04823358767888527,-0.0491794492294707,-0.05036177616770248,-0.05272643004416606,11
2016-06-17,-0.020841723711664956,1.2337156328224594,9,-0.021088466838229448,-0.022075439344487417,-0.023309154977309874,-0.025776586242954792,11
2016-07-18,-0.08748414896497819,1.3403605623843935,5,-0.08775222107745508,-0.08882450952736258,-0.09016487008974698,-0.09284559121451577,11
2016-08-15,0.012477561987551254,1.3105485812062383,12,0.012215452271310007,0.011167013406345017,0.009856464825138777,0.007235367662726301,11
2016-09-13,-0.019969635519449715,1.396574065556278,10,-0.02024895033256097,-0.021366209585005992,-0.022762783650562272,-0.025555931781674826,11
2016-10-11,0.08513904446354562,1.3155990334049306,10,0.08487592465686462,0.08382344543014068,0.08250784639673575,0.07987664832992589,11
2016-11-08,-0.08047108572572573,1.2553501376347833,6,-0.08072215575325269,-0.08172643586336051,-0.08298178600099529,-0.08549248627626486,11
2016-12-07,0.01155129795788221,1.542462181090277,8,0.011242805521664154,0.010008835776791934,0.008466373595701656,0.005381449233521102,11
2017-01-06,0.01058607873917031,1.1266553548151625,3,0.010360747668207278,0.009459423384355148,0.008332768029539986,0.00607945731990966,11
2017-02-06,0.02397138604645076,1.2271689211754992,11,0.02372595226221566,0.022744217125275263,0.021517048204099762,0.019062710361748763,11
2017-03-07,0.015619181723726045,1.3841132826051157,7,0.015342359067205023,0.01423506844112093,0.012850955158515814,0.010082728593305583,11
2017-04-04,0.042917808352507796,1.1462106677804476,8,0.04268856621895171,0.041771597684727345,0.0406253870169469,0.03833296568138601,11
2017-05-03,0.013804758111535727,1.2547784257161687,4,0.013553802426392493,0.012549979685819558,0.01129520126010339,0.008785644408671052,11
2017-06-01,-0.02456574782039183,1.2582220658952938,3,-0.02481739223357089,-0.025823969886287122,-0.027082191952182418,-0.029598636083973007,11
2017-06-29,-0.002838420090952672,1.17133020783285,7,-0.003072686132519242,-0.004009750298785522,-0.005181080506618372,-0.007523740922284072,11
2017-07-28,0.05203782336031028,1.118292006850761,2,0.051814164958940125,0.050919531353459516,0.04980123934660876,0.047564655332907234,11
2017-08-25,-0.05386990943404088,1.2462301625329248,8,-0.05411915546654746,-0.055116139596573806,-0.05636236975910673,-0.05885483008417258,11
2017-09-25,0.003842064908762445,1.361367531705055,9,0.003569791402421434,0.00248069737705739,0.001119329845352335,-0.001603405218057775,11
2017-10-23,0.013657075672429048,1.2656730325512544,4,0.013403941065918797,0.012391402639877792,0.011125729607326539,0.00859438354222403,11
2017-11-20,-0.010801931707154214,1.3594796224539643,3,-0.011073827631645007,-0.012161411329608178,-0.013520890952062143,-0.016239850196970072,11
2017-12-19,-0.04280217092886067,1.321970098969967,6,-0.04306656494865466,-0.04412414102783064,-0.0454461111268006,-0.048090051324740535,11
2018-01-19,0.0050189920393628575,1.3338304123964018,8,0.004752225956883577,0.0036851616269664555,0.002351331214570054,-0.0003163296102227497,11
2018-02-16,-0.0007044209664421013,1.4438121916112625,9,-0.0009931834047643539,-0.002148233158053364,-0.0035920453496646266,-0.0064796697328871515,11
2018-03-19,0.0007402490921959374,1.5168537597334275,6,0.0004368783402492519,-0.0007766046675374901,-0.0022934584272709174,-0.005327165946737772,11
2018-04-17,-0.042589771852450824,1.3612694061058233,4,-0.04286202573367199,-0.043951041258556645,-0.04531231066466247,-0.048034849476874114,11
2018-05-15,-0.042290678265821016,1.5154845606928278,7,-0.042593775177959585,-0.043806162826513846,-0.04532164738720667,-0.04835261650859233,11
2018-06-13,-9.871492398659049e-05,1.589598606849872,8,-0.0004166346453565649,-0.0016883135308364626,-0.0032779121376863346,-0.006457109351386078,11
2018-07-12,0.049172161279878564,1.333162410583133,4,0.04890552879776194,0.04783899886929543,0.0465058364587123,0.043839511637546034,11
2018-08-09,5.6957813637631936e-05,1.416408895346608,3,-0.00022632396543168968,-0.0013594510817089762,-0.0027758599770555843,-0.005608677767748801,11
2018-09-07,0.047697763718586896,1.3968523140520432,2,0.047418393255776486,0.04630091140453485,0.04490405909048281,0.04211035446237872,11
2018-10-05,0.025323029552085787,1.254080331087027,11,0.025072213485868383,0.02406894922099876,0.022814868889911733,0.02030670822773768,11
2018-11-02,0.03975654609609943,1.3551764050161297,8,0.03948551081509621,0.0384013696910833,0.037046193286067175,0.03433584047603491,11
2018-12-03,0.0660780193237887,1.3363124987027488,7,0.06581075682404816,0.06474170682508595,0.0634053943263832,0.06073276932897771,11
2019-01-03,-0.08762750685210444,1.189501302611021,7,-0.08786540711262664,-0.08881700815471545,-0.09000650945732648,-0.09238551206254852,11
2019-02-01,-0.04531189329573445,1.3386791583089026,8,-0.04557962912739623,-0.04665057245404335,-0.047989251612352256,-0.05066660992897006,11
2019-03-04,0.02463368255570888,1.4856625223781592,6,0.024336550051233245,0.02314802003333072,0.02166235751095256,0.01869103246619624,11
2019-04-01,0.026576489349354547,1.3297666863751512,2,0.026310536012079517,0.025246722662979396,0.023916955976604246,0.021257422603853944,11
2019-04-30,0.07412248854329442,1.1531174964648567,2,0.07389186504400146,0.07296937104682957,0.07181625355036471,0.069510018557435,11
2019-05-29,0.00756782857434535,1.226394505626858,3,0.007322549673219979,0.006341434068718493,0.005115039563091634,0.002662250551837919,11
2019-06-26,0.029574048377287488,1.185627336301497,5,0.029336922910027187,0.02838842104098599,0.027202793704684494,0.0248315390320815,11
2019-07-25,0.048520344867537736,1.2817594798242948,4,0.048263992971572876,0.047238585387713444,0.045956825907889146,0.043393306948240555,11
2019-08-22,-0.009733115190233812,1.2904220022724164,3,-0.009991199590688294,-0.011023537192506228,-0.012313959194778644,-0.014894803199323478,11
2019-09-20,0.054400876766265226,1.260140701349026,11,0.05414884862599542,0.0531407360649162,0.05188059536356717,0.04936031396086912,11
2019-10-18,-0.05655393683197485,1.0725271249482016,5,-0.05676844225696449,-0.05762646395692305,-0.05869899108187125,-0.060844045331767654,11
2019-11-15,-0.0641601223014559,1.4322974230824121,5,-0.06444658178607239,-0.06559241972453832,-0.06702471714762073,-0.06988931199378555,11
2019-12-16,-0.020269903608438184,1.4955398226970094,9,-0.020569011572977587,-0.021765443431135192,-0.023260983253832204,-0.02625206289922622,11
2020-01-15,0.021398580417044743,1.2930956669565814,4,0.021139961283653426,0.02010548475008816,0.01881238908313158,0.016226197749218418,11
2020-02-13,0.1347161887452301,1.3913446106409628,3,0.13443791982310188,0.13332484413458912,0.13193349952394817,0.12915081030266623,11
2020-03-13,-0.034145991962961336,1.3204090319441273,7,-0.03441007376935016,-0.035466400994905466,-0.03678681002684959,-0.03942762809073785,11
2020-04-13,-0.07613873105689202,1.2800031392654136,1,-0.0763947316847451,-0.07741873419615744,-0.07869873733542285,-0.08125874361395367,11
2020-05-11,-0.21221154494468325,1.2999592589445224,1,-0.21247153679647215,-0.21351150420362777,-0.2148114634625723,-0.21741138198046134,11
2020-06-09,0.08854094463877259,1.6017106382338628,6,0.08822060251112582,0.08693923400053873,0.08533752336230487,0.08213410208583713,11
2020-07-08,-0.04522114653432322,1.0809481617875139,2,-0.04543733616668073,-0.046302094696110734,-0.04738304285789825,-0.04954493918147328,11
2020-08-05,0.0448940782030008,1.2052253159092978,2,0.04465303313981894,0.043688852887091505,0.0424836275711822,0.04007317693936361,11
2020-09-02,-0.03712221450798358,1.130143444656619,2,-0.037348243196914904,-0.0382523579526402,-0.03938250139729682,-0.041642788286610055,11
2020-10-01,0.030665900589633126,1.235955588105765,5,0.030418709472011973,0.02942994500152736,0.028193989413421598,0.025722078237210066,11
2020-10-29,-0.18485744821106545,1.1748694276544143,3,-0.18509242209659632,-0.18603231763871986,-0.1872071870663743,-0.1895569259216831,11
2020-11-27,-0.033786783401873535,1.6664136600661987,3,-0.034120066133886774,-0.03545319706193974,-0.03711961072200593,-0.04045243804213833,11
2020-12-28,-0.28434406158875486,1.3110842891187562,3,-0.2846062784465786,-0.2856551458778736,-0.28696623016699235,-0.2895883987452299,11
2021-01-27,0.003879722067768354,1.710516001807763,3,0.003537618867406801,0.002169206065960591,0.0004586900641528279,-0.002962341939462698,11
2021-02-25,0.08323056489578191,1.1836666595229643,3,0.08299383156387732,0.08204689823625895,0.08086323157673599,0.07849589825769006,11
2021-03-25,0.10447753933124872,1.1092686984039504,8,0.10425568559156792,0.10336827063284476,0.10225900193444082,0.10004046453763292,11
2021-04-23,0.08562760412695228,1.0216665140598085,4,0.08542327082414032,0.08460593761289247,0.08358427109883267,0.08154093807071304,11
2021-05-21,-0.1538196663013671,1.0510478553096525,8,-0.15402987587242903,-0.15487071415667675,-0.1559217620119864,-0.15802385772260572,11
2021-06-21,0.10983815750189457,1.4486172284178154,5,0.10954843405621101,0.10838954027347676,0.10694092304505894,0.10404368858822331,11
2021-07-20,0.07039134918432656,1.061881978063636,4,0.07017897278871384,0.06932946720626293,0.06826758522819928,0.06614382127207202,11
2021-08-17,-0.0650694190020057,1.1206898393052163,9,-0.06529355696986675,-0.06619010884131092,-0.06731079868061614,-0.06955217835922657,11
2021-09-15,-0.0041937395612729874,1.2689976481494085,5,-0.004447539090902869,-0.005462737209422396,-0.006731734857571805,-0.009269730153870621,11
2021-10-13,0.035051150277339294,1.1616969616313177,4,0.03481881088501303,0.033889453315707974,0.03272775635407666,0.03040436243081402,11
2021-11-10,0.11702783206444656,1.2258700493254577,11,0.11678265805458146,0.1158019620151211,0.11457609196579564,0.11212435186714473,11
2021-12-09,0.1393098916488963,1.2021761249492224,5,0.13906945642390645,0.13810771552394707,0.13690553939899786,0.1345011871490994,11
2022-01-07,0.11592224570778455,1.1086313689376452,2,0.11570051943399702,0.1148136143388469,0.11370498296990926,0.11148772023203396,11
2022-02-07,0.0775948218493201,1.033774211546882,7,0.07738806700701072,0.07656104763777322,0.07552727342622634,0.07345972500313257,11
2022-03-08,-0.06322950728233008,1.1625820332079813,8,-0.06346202368897168,-0.06439208931553807,-0.06555467134874604,-0.067879835415162,11
2022-04-05,0.16331147074535426,1.2489971853108341,3,0.1630616713082921,0.16206247356004344,0.1608134763747326,0.15831548200411094,11
2022-05-04,0.10788352126565603,1.066746486435881,5,0.10767017196836885,0.10681677477922015,0.10575002829278428,0.10361653531991251,11
2022-06-02,0.059909795024770375,1.0658206226327551,8,0.059696630900243824,0.05884397440213762,0.05777815377950486,0.055646512534239356,11
2022-07-01,-0.08037702466993556,1.0176262857939373,7,-0.08058054992709435,-0.0813946509557295,-0.08241227724152343,-0.08444752981311131,11
2022-08-01,-0.06758757108392963,1.2543687234769023,7,-0.06783844482862501,-0.06884193980740654,-0.07009630853088343,-0.07260504597783723,11
2022-08-29,0.08650338731053754,1.3152910195970795,3,0.08624032910661812,0.08518809629094046,0.08387280527134339,0.08124222323214922,11
2022-09-27,-0.0028272595104498963,1.0891713470031663,10,-0.0030450937798505297,-0.003916430857453063,-0.005005602204456229,-0.0071839448984625616,11
2022-10-25,0.06396554534816112,1.2187938772412155,6,0.06372178657271288,0.0627467514709199,0.06152795759367869,0.05909036983919626,11
2022-11-22,0.002507652003535442,1.3028378016956765,14,0.002247084443196307,0.0012048142018397654,-9.802359985591107e-05,-0.002703699203247264,11
2022-12-21,-0.11370861228351026,1.2281538373322987,9,-0.11395424305097672,-0.11493676612084255,-0.11616491995817485,-0.11862122763283946,11
2023-01-23,0.04275041825748105,1.267489950355094,3,0.04249692026741003,0.04148292830712595,0.04021543835677086,0.037680458456060675,11
2023-02-21,0.03943450939986873,1.2307521267249755,9,0.03918835897452373,0.038203757273143756,0.036973005146418776,0.034511500892968824,11
2023-03-21,0.021037145713644515,1.3602911479172137,5,0.020765087484061074,0.019676854565727302,0.018316563417810086,0.01559598112197566,11
2023-04-19,0.007411401675349374,1.2236168423645544,6,0.007166678306876464,0.00618778483298482,0.004964167990620265,0.0025169343058911563,11
2023-05-17,-0.09667757916767032,1.2250937529069474,5,-0.09692259791825171,-0.09790267292057726,-0.09912776667348422,-0.10157795417929812,11
2023-06-15,-0.04024396321346928,1.4210709045433723,4,-0.04052817739437795,-0.04166503411801265,-0.04308610502255602,-0.04592824683164277,11
2023-07-17,0.08470006139547755,1.2880673244436123,5,0.08444244793058882,0.08341199407103393,0.08212392674659032,0.0795477920977031,11
2023-08-14,0.03337219896222078,1.2220999171776141,4,0.03312777897878526,0.032150099045043165,0.030927999127865553,0.028483799293510324,11
2023-09-12,0.08328053200008705,1.3320138605560483,3,0.08301412922797584,0.081948518139531,0.08061650427897495,0.07795247655786286,11
2023-10-10,0.05514938172646089,1.2395838657795226,7,0.05490146495330499,0.05390979786068137,0.05267021399490184,0.050191046263342795,11
2023-11-07,-0.0725731649977084,1.3244654997204353,6,-0.07283805809765248,-0.07389763049742883,-0.07522209599714927,-0.07787102699659014,11
2006-01-23,0.006851558227232396,0.9999999999999978,12,0.006651558227232396,0.005851558227232398,0.0048515582272324,0.0028515582272324045,12
2006-02-21,0.009461554503849869,1.4162390144217876,6,0.00917830670096551,0.00804531548942808,0.006629076475006293,0.003796598446162718,12
2006-03-21,-0.0699146018541005,1.3456461587298882,10,-0.07018373108584648,-0.07126024801283039,-0.07260589417156028,-0.07529718648902006,12
2006-04-19,0.10783933005606228,1.442620197673181,7,0.10755080601652764,0.1063967098583891,0.10495408966071591,0.10206884926536955,12
2006-05-17,0.0526901391809551,1.2739849014566968,7,0.05243534220066376,0.0514161542794984,0.05014216937804171,0.04759419957512832,12
2006-06-15,0.04267871236036368,1.2911324711495955,6,0.042420485866133756,0.04138757988921408,0.040096447418064486,0.037514182475765295,12
2006-07-14,0.05251444263881185,1.0281865548658873,5,0.05230880532783867,0.05148625608394596,0.05045806952908008,0.0484016964193483,12
2006-08-11,-0.04121699067395122,1.205655832264681,2,-0.04145812184040416,-0.042422646506215904,-0.043628302338480585,-0.046039614003009946,12
2006-09-11,-0.040881151384650136,1.3251418142409652,6,-0.04114617974749833,-0.042206293198891104,-0.043531435013132065,-0.046181718641613995,12
2006-10-09,-0.009444353641351112,1.2454069524891287,10,-0.009693435031848937,-0.01068976059384024,-0.011935167546329369,-0.014425981451307628,12
2006-11-06,-0.025494520976102338,1.3411632215381963,12,-0.025762753620409976,-0.026835684197640534,-0.02817684741917873,-0.030859173862255125,12
2006-12-05,0.044071818291050245,1.4678596156140635,8,0.04377824636792743,0.042603958675436183,0.041136099059822115,0.03820037982859399,12
2007-01-05,-0.007487231450588471,1.2373656782062052,14,-0.007734704586229712,-0.008724597128794675,-0.00996196280700088,-0.012436694163413291,12
2007-02-05,0.02667517980762987,1.3603505836785792,11,0.026403109690894155,0.025314829223951292,0.02395447864027271,0.021233777472915553,12
2007-03-06,-0.03260304165376852,1.3718699813539201,9,-0.0328774156500393,-0.03397491163512244,-0.03534678161647636,-0.038090521579184196,12
2007-04-03,0.0005534146087530144,1.3455649118375819,10,0.000284301626385498,-0.0007921503030845675,-0.002137715214922149,-0.004828845038597313,12
2007-05-02,-0.014104956532711046,1.369299484531288,9,-0.014378816429617303,-0.015474256017242333,-0.016843555501773622,-0.019582154470836197,12
2007-05-31,-0.00035911081706010636,1.4859648715927567,11,-0.0006563037913786577,-0.001845075688652863,-0.00333104056024562,-0.006302970303431133,12
2007-06-28,0.03139462886972715,1.2528236257985264,11,0.031144064144567447,0.030141805243928625,0.0288889816181301,0.02638333436653305,12
2007-07-27,0.021169922184323477,1.3669356112233397,12,0.020896535062078808,0.01980298657310014,0.018436050961876796,0.015702179739430118,12
2007-08-24,0.032777025505549146,1.4657042788591006,12,0.03248388464977733,0.031311321226690045,0.029845616947830944,0.026914208390112743,12
2007-09-24,0.02623996972893903,1.3265239127784294,14,0.025974664946383345,0.0249134458161606,0.02358692190338217,0.02093387407782531,12
2007-10-22,0.12982481236649296,1.1629307599008365,17,0.1295922262145128,0.12866188160659212,0.12749895084669127,0.1251730893268896,12
2007-11-19,-0.0023712545557609335,1.2361062152730706,8,-0.002618475798815548,-0.0036073607710340044,-0.004843466986307075,-0.007315679416853216,12
2007-12-18,0.0960063350850756,1.2825299055568824,9,0.09574982910396422,0.09472380517951871,0.09344127527396183,0.09087621546284806,12
2008-01-17,-0.09494513932395865,1.0582203010453157,8,-0.0951567833841677,-0.09600335962500396,-0.09706157992604927,-0.09917802052813991,12
2008-02-15,0.10333276685266134,1.3964614142831409,8,0.10305347456980471,0.1019363054383782,0.10053984402409505,0.09774692119552877,12
2008-03-17,-0.05531273063819853,1.1958995287999707,2,-0.05555191054395853,-0.0565086301669985,-0.05770452969579847,-0.06009632875339842,12
2008-04-15,-0.046049387838062776,1.2591028429617546,4,-0.04630120840665513,-0.04730849068102453,-0.048567593523986284,-0.05108579920990979,12
2008-05-13,0.057612216018266514,1.306491680227821,7,0.05735091768222095,0.056305724338038696,0.05499923265781087,0.052386249297355234,12
2008-06-11,0.06275035506350111,1.2741829338234059,4,0.062495518476736435,0.06147617212967771,0.0602019891958543,0.05765362332820749,12
2008-07-10,-0.10001877263143842,1.1449606115247901,5,-0.10024776475374338,-0.10116373324296321,-0.102308693854488,-0.10459861507753758,12
2008-08-07,-0.0531200112939329,1.2437090226480922,6,-0.05336875309846252,-0.054363720316580995,-0.05560742933922908,-0.05809484738452527,12
2008-09-05,0.12478569158828139,1.193861280522167,4,0.12454691933217696,0.12359183030775922,0.12239796902723706,0.12001024646619272,12
2008-10-03,0.06170894177922157,1.0751543883706478,7,0.06149391090154744,0.06063378739085092,0.05955863300248028,0.05740832422573898,12
2008-10-31,0.21032465547564663,1.1969331277303428,6,0.21008526885010056,0.2091277223479163,0.20793078922018596,0.20553692296472525,12
2008-12-01,-0.18715990645049818,1.1036839901052111,4,-0.18738064324851922,-0.1882635904406034,-0.1893672744307086,-0.19157464241091904,12
2008-12-30,0.052027263079637516,1.3035741744582081,6,0.05176654824474587,0.05072368890517931,0.0494201147307211,0.04681296638180468,12
2009-01-29,0.07802295532282175,1.0155278571511797,2,0.07781984975139151,0.07700742746567056,0.07599189960851939,0.07396084389421703,12
2009-02-27,-0.1960207002591211,1.0991099107327509,3,-0.19624052224126765,-0.19711981016985386,-0.1982189200805866,-0.20041713990205212,12
2009-03-27,-0.2139011904469491,1.4798012938988536,0,-0.21419715070572887,-0.21538099174084796,-0.2168607930347468,-0.21982039562254452,12
2009-04-27,-0.10280131131463269,1.3034415810041098,0,-0.10306199963083351,-0.1041047528956368,-0.1054081944766409,-0.10801507763864912,12
2009-05-26,0.09658477409143967,1.2821253829651547,1,0.09632834901484665,0.09530264870847452,0.09402052332550936,0.09145627255957905,12
2009-06-23,-0.0709260836805519,1.1408113863267053,2,-0.07115424595781723,-0.0720668950668786,-0.0732077064532053,-0.07548932922585871,12
2009-07-22,-0.07582271400273963,1.1894507236742857,2,-0.07606060414747448,-0.07701216472641391,-0.0782016154500882,-0.08058051689743677,12
2009-08-19,-0.12388216177740934,1.3801892964452716,3,-0.12415819963669839,-0.1252623510738546,-0.12664254037029987,-0.12940291896319042,12
2009-09-17,0.012190432882806277,1.461936454783118,4,0.011898045591849654,0.01072849642802316,0.009266559973240041,0.0063426870636738054,12
2009-10-15,0.11340719823001243,1.1306285669488614,8,0.11318107251662265,0.11227656966306357,0.1111459410961147,0.10888468396221698,12
2009-11-12,0.0017963085481330515,0.9482881285247837,2,0.0016066509224280947,0.0008480204196082677,-0.000100267708916516,-0.0019968439659660835,12
2009-12-11,-0.08651030821401622,1.269079845507175,4,-0.08676412418311764,-0.08777938805952339,-0.08904846790503057,-0.09158662759604491,12
2010-01-12,0.0626605814092029,1.477504869241609,4,0.06236508043535458,0.061183076539961294,0.05970557167071968,0.05675056193223647,12
2010-02-10,-0.09375661302849125,1.1594757709902541,7,-0.0939885081826893,-0.0949160887994815,-0.09607556457047176,-0.09839451611245227,12
2010-03-11,-0.02199392113571078,1.537380982914888,3,-0.022301397332293756,-0.02353130211862567,-0.025068683101540555,-0.02814344506737033,12
2010-04-09,0.07073754269715311,1.3204911679845277,5,0.0704734444635562,0.06941705152916859,0.06809656036118406,0.065455578025215,12
2010-05-07,0.06418520466762791,1.1854118530644115,6,0.06394812229701502,0.0629997928145635,0.061814380961499084,0.05944355725537026,12
2010-06-07,0.05654857809159198,1.1415386525821183,3,0.05632027036107556,0.05540703943900986,0.054265500786427744,0.05198242348126351,12
2010-07-06,-0.12049868630166306,1.02586423488064,10,-0.1207038591486392,-0.12152455053654371,-0.12255041477142434,-0.12460214324118563,12
2010-08-03,0.06911400266760886,1.3392014321092767,5,0.06884616238118701,0.06777480123549959,0.06643559980339031,0.06375719693917176,12
2010-08-31,-0.10910535903655999,1.1374082016220821,4,-0.10933284067688441,-0.11024276723818208,-0.11138017543980415,-0.11365499184304832,12
2010-09-29,-0.015279873630842369,1.3360316847685905,9,-0.015547079967796086,-0.01661590531561096,-0.01795193700037955,-0.020624000369916733,12
2010-10-27,-0.01968580556122023,1.2477733881463453,7,-0.0199353602388495,-0.020933578949366576,-0.022181352337512922,-0.024676899113805613,12
2010-11-24,-0.024296922924314485,1.3071500254943562,5,-0.024558352929413357,-0.02560407294980884,-0.026911222975303198,-0.02952552302629191,12
2010-12-23,0.012524329932735131,1.2720995426435722,4,0.012269910024206417,0.011252230390091558,0.009980130847447987,0.007435931762160842,12
2011-01-24,-0.007296997515124258,1.0749855795347878,4,-0.007511994631031215,-0.008371983094659046,-0.009446968674193833,-0.01159693983326341,12
2011-02-22,0.028409638985877415,1.2243126593702525,11,0.028164776454003365,0.027185326326507164,0.02596101366713691,0.023512388348396404,12
2011-03-22,-0.0003401562714341543,1.2504507171426973,3,-0.0005902464148626937,-0.0015906069885768517,-0.002841057705719549,-0.005341959140004944,12
2011-04-19,0.057531231888468655,1.1415554368178307,6,0.05730292080110509,0.05638967645165083,0.05524812101483299,0.05296501014119733,12
2011-05-18,0.03694785278521865,1.3062647404942673,7,0.0366865998371198,0.035641588044724386,0.034335323304230114,0.03172279382324158,12
2011-06-16,-0.08513296327204235,1.1771700246565624,10,-0.08536839727697366,-0.08631013329669891,-0.08748730332135547,-0.0898416433706686,12
2011-07-15,0.10489979401630926,1.205856673897866,2,0.10465862268152969,0.1036939373424114,0.10248808066851353,0.1000763673207178,12
2011-08-12,0.06607376655033063,1.1284395362534954,6,0.06584807864307994,0.06494532701407714,0.06381688747782364,0.061560008405316655,12
2011-09-12,0.07395966007303799,0.9919297198262148,7,0.07376127412907274,0.07296773035321177,0.07197580063338556,0.06999194119373313,12
2011-10-10,-0.10476235172185332,0.9262132571627614,5,-0.10494759437328587,-0.10568856497901608,-0.10661477823617883,-0.10846720475050436,12
2011-11-07,0.036697102772960975,1.1045041521370675,6,0.036476201942533565,0.03559259862082391,0.03448809446868684,0.032279086164412704,12
2011-12-06,0.028917358612639967,1.014017202966578,4,0.02871455517204665,0.02790334140967339,0.02688932420670681,0.024861289800773657,12
2012-01-05,-0.13241358965043315,0.9207641033897908,5,-0.1325977424711111,-0.13333435375382294,-0.13425511785721272,-0.1360966460639923,12
2012-02-03,0.034345677654418955,1.3605069081579992,8,0.034073576272787356,0.03298517074626096,0.03162466383810296,0.028903650021786957,12
2012-03-05,0.007608964153202896,1.112535974789642,5,0.007386456958244967,0.006496428178413254,0.005383892203623612,0.003158820254044328,12
2012-04-02,0.03974070930151381,1.1639910236090654,5,0.039507911096792,0.03857671827790475,0.03741272725429568,0.03508474520707755,12
2012-05-01,0.06708429318848859,1.0836276780420369,5,0.06686756765288018,0.06600066551044655,0.06491703783240452,0.06274978247632045,12
2012-05-30,0.033007747498761154,1.1462149215032753,3,0.0327785045144605,0.03186153257725788,0.030715317655754602,0.028422887812748054,12
2012-06-27,0.02029487529994973,0.9536078507808418,6,0.020104153729793562,0.01934126744916889,0.018387659598388045,0.01648044389682636,12
2012-07-26,-0.07425966404220524,0.9876381059354362,4,-0.07445719166339233,-0.07524730214814068,-0.07623494025407611,-0.07821021646594699,12
2012-08-23,-0.03310735950909587,1.3791163890547349,0,-0.03338318278690682,-0.034486475898150605,-0.035865592287205345,-0.03862382506531481,12
2012-09-21,0.049274398581043766,1.3569660389297844,6,0.04900300537325781,0.04791743254211398,0.0465604665031842,0.04384653442532463,12
2012-10-19,0.021633113441573166,1.1112049646296054,3,0.021410872448647245,0.02052190847694356,0.019410703512313957,0.017188293583054744,12
2012-11-20,-0.04649086692585359,1.2311846500801393,7,-0.04673710385586961,-0.047722051575933726,-0.048953236226013865,-0.05141560552617414,12
2012-12-19,-0.00827533574031916,1.3687154431485027,6,-0.00854907882894886,-0.009644051183467662,-0.011012766626616165,-0.01375019751291317,12
2013-01-18,-0.0007514142646057306,1.3020608320322378,8,-0.0010118264310121782,-0.0020534750966379684,-0.0033555359286702065,-0.005959657592734682,12
2013-02-19,0.021412465987831943,1.3791683442854554,5,0.021136632318974852,0.02003329764354649,0.01865412929926103,0.015895792610690122,12
2013-03-19,0.03889262400872012,1.3217569024131817,4,0.03862827262823749,0.03757086710630694,0.03624911020389376,0.0336055963990674,12
2013-04-17,-0.09152688311686337,1.1226822315042002,3,-0.09175141956316421,-0.09264956534836757,-0.09377224757987176,-0.09601761204288017,12
2013-05-15,-0.019233813774137142,1.4336904351095119,5,-0.019520551861159044,-0.020667504209246654,-0.022101194644356167,-0.024968575514575188,12
2013-06-13,-0.024485720372157228,1.2806096023055082,5,-0.02474184229261833,-0.025766329974462737,-0.027046939576768243,-0.029608158781379262,12
2013-07-12,0.0028276531751922555,1.3582256098375958,4,0.0025560080532247365,0.0014694275653546597,0.00011120195551706392,-0.0026052492641581277,12
2013-08-09,-0.05381510706645011,1.4051852770349536,2,-0.0540961441218571,-0.055220292343485064,-0.05662547762052002,-0.059435848174589925,12
2013-09-09,-0.01022244583371238,1.3641436269955045,9,-0.010495274559111482,-0.011586589460707885,-0.012950733087703389,-0.015679020341694397,12
2013-10-07,0.06775330752681519,1.2502123872761937,7,0.06750326504935995,0.06650309513953899,0.0652528827522628,0.06275245797771041,12
2013-11-04,-0.015727300971315302,1.3383004871322943,7,-0.01599496106874176,-0.017065601458447596,-0.018403901945579892,-0.02108050291984448,12
2013-12-03,-0.038245486573495836,1.4086784948373752,8,-0.03852722227246331,-0.03965416506833321,-0.04106284356317059,-0.04388020055284534,12
2014-01-02,-0.04956387282833878,1.3804427797373513,5,-0.04983996138428625,-0.050944315608076135,-0.05232475838781348,-0.05508564394728819,12
2014-01-31,-0.0404421290635364,1.3619582832642196,8,-0.040714520720189246,-0.04180408734680062,-0.04316604563006484,-0.045889962196593276,12
2014-03-03,0.06969658607620692,1.313567209108313,2,0.06943387263438526,0.0683830188670986,0.06706945165799029,0.06444231723977367,12
2014-03-31,0.09169249725196423,1.299519816112969,2,0.09143259328874163,0.09039297743585126,0.08909345761973829,0.08649441798751235,12
2014-04-29,-0.002413344961728717,1.0976088966542557,4,-0.002632866741059568,-0.003510953858382973,-0.004608562755037229,-0.00680378054834574,12
2014-05-28,-0.06794702110210141,1.252488530654993,5,-0.06819751880823241,-0.0691995096327564,-0.0704519981634114,-0.07295697522472137,12
2014-06-25,0.029749133885352403,1.3614390818413669,5,0.02947684606898413,0.028387694803511037,0.027026255721669667,0.024303377557986935,12
2014-07-24,-0.007364834428777755,1.2425419629732612,4,-0.007613342821372408,-0.008607376391751017,-0.009849918354724277,-0.0123350022806708,12
2014-08-21,0.001774739261968958,1.3465627839828251,4,0.001505426705172393,0.0004281764779861328,-0.0009183863059966924,-0.003611511873962343,12
2014-09-19,0.04663600488020181,1.3359702523875974,4,0.04636881082972429,0.04530003462781421,0.04396406437542662,0.04129212387065142,12
2014-10-17,0.023232795916582803,1.24033994555113,4,0.022984727927472578,0.021992455971031673,0.020752116025480542,0.01827143613437828,12
2014-11-14,0.09927000651754918,1.1653841894748684,5,0.0990369296796542,0.0981046223280743,0.09693923813859943,0.0946084697596497,12
2014-12-15,-0.031162150056589247,1.264244953230385,5,-0.031414999047235326,-0.032426395009819635,-0.033690639963050016,-0.036219129869510786,12
2015-01-14,-0.003296169779851585,1.1267258854531987,4,-0.003521514956942225,-0.004422895665304784,-0.005549621550757982,-0.00780307332166438,12
2015-02-12,0.011201531713817542,1.2526280320807794,8,0.010951006107401386,0.009948903681736763,0.008696275649655983,0.0061910195854944245,12
2015-03-13,-0.015350449402918354,1.3789697118212763,6,-0.01562624334528261,-0.01672941911473963,-0.018108388826560906,-0.02086632825020346,12
2015-04-13,0.028048270707595774,1.3137263879507248,6,0.02778552543000563,0.02673454431964505,0.025420817931694324,0.022793365155792875,12
2015-05-11,0.00782210878634431,1.1861781825597437,5,0.007584873149832362,0.006635930603784567,0.005449752421224823,0.0030773960561053353,12
2015-06-09,0.06139076111883512,1.3208354308384758,10,0.061126594032667424,0.06006992568799664,0.05874909025715817,0.056107419395481216,12
2015-07-08,0.04904840583029772,1.263898741725317,3,0.04879562608195266,0.0477845070885724,0.04652060834684709,0.04399281086339646,12
2015-08-05,0.011675000597406423,1.4293535617858608,6,0.01138912988504925,0.010245647035620562,0.0088162934738347,0.005957586350262979,12
2015-09-02,0.1376076437293509,1.3811604062907779,5,0.13733141164809273,0.13622648332306012,0.13484532291676934,0.13208300210418777,12
2015-10-01,-0.027345553833768493,1.1639718006236037,5,-0.027578348193893213,-0.0285095256343921,-0.0296734974350157,-0.03200144103626291,12
2015-10-29,-0.06543258729923414,1.1702937797979758,8,-0.06566664605519373,-0.06660288107903212,-0.0677731748588301,-0.07011376241842604,12
2015-11-27,0.029543159207026142,1.4874051236327086,6,0.0292456781822996,0.028055754083393433,0.026568348959760724,0.023593538712495307,12
2015-12-28,0.1558890977674062,1.30588880328018,3,0.15562792000675016,0.15458320896412603,0.15327732016084583,0.1506655425542855,12
2016-01-27,0.0860272464926193,1.0835849228685797,6,0.08581052950804557,0.08494366156975071,0.08386007664688214,0.08169290680114498,12
2016-02-25,-0.08338209628958589,1.0348761414578689,6,-0.08358907151787746,-0.08441697243104375,-0.08545184857250163,-0.08752160085541737,12
2016-03-24,-0.17517918442335792,1.2987786230154814,2,-0.17543894014796102,-0.1764779630463734,-0.1777767416693889,-0.18037429891541984,12
2016-04-22,0.07361999112440118,1.375450814019097,7,0.07334490096159736,0.07224454031038208,0.07086908949636299,0.0681181878683248,12
2016-05-20,-0.03250617347830961,1.2082124255297342,5,-0.03274781596341556,-0.03371438590383935,-0.03492259832936908,-0.03733902318042855,12
2016-06-20,0.012928914046328802,1.2037964511665842,9,0.012688154756095485,0.011725117595162218,0.010521321143995633,0.008113728241662465,12
2016-07-19,-0.11111200394892762,1.2874050219054904,5,-0.11136948495330871,-0.11239940897083311,-0.1136868139927386,-0.11626162403654958,12
2016-08-16,0.006048099509776841,1.3737911294502505,12,0.00577334128388679,0.00467430838032659,0.00330051725087634,0.0005529349919758389,12
2016-09-14,-0.006617027723390113,1.4163216459657741,10,-0.006900292052583267,-0.008033349369355887,-0.00944967101532166,-0.01228231430725321,12
2016-10-12,0.023410380438367483,1.2628618581479765,11,0.023157808066737888,0.022147518580219506,0.02088465672207153,0.018358933005775575,12
2016-11-09,-0.051347220847308195,1.2598322186671587,7,-0.051599187291041626,-0.05260705306597535,-0.053866885284642514,-0.05638654972197683,12
2016-12-08,0.016510045931176894,1.4988683734756452,8,0.016210272256481764,0.015011177557701249,0.013512309184225604,0.010514572437274314,12
2017-01-09,0.019422989422553542,1.111399844244623,2,0.01920070945370462,0.018311589578308918,0.017200189734064297,0.01497739004557505,12
2017-02-07,0.014810808213256197,1.1983167103846726,12,0.014571144871179264,0.013612491502871525,0.012414174792486852,0.010017541371717507,12
2017-03-08,0.0358758493059777,1.400711305908355,8,0.03559570704479603,0.03447513800006935,0.033074426694161,0.030273004082344283,12
2017-04-05,0.03977438914800739,1.1560336852058273,8,0.03954318241096622,0.03861835546280156,0.03746232177759574,0.035150254407184084,12
2017-05-04,-0.002864108579129373,1.2672056793884807,4,-0.0031175497150070695,-0.0041313142585178535,-0.005398519937906335,-0.007932931296683297,12
2017-06-02,-0.021043644203084164,1.2529825056168726,3,-0.02129424070420754,-0.022296626708701035,-0.02354960921431791,-0.026055574225551655,12
2017-06-30,0.00031527813684627986,1.1742091850707084,8,8.043629983213818e-05,-0.0008589310482244285,-0.002033140233295137,-0.004381558603436554,12
2017-07-31,0.032512534980920195,1.1811690458401478,3,0.03227630117175217,0.03133136593508005,0.0301501968892399,0.027787858797559604,12
2017-08-28,-0.04011909867954071,1.3039597323727725,7,-0.04037989062601526,-0.04142305841191348,-0.042727018144286255,-0.045334937609031796,12
2017-09-26,0.0034373513171151253,1.3425218590654764,8,0.00316884694530203,0.002094829458049649,0.0007523075989841724,-0.0019327361191467806,12
2017-10-24,0.0017118013891529588,1.2451596675730614,4,0.0014627694556383465,0.00046664172157989724,-0.0007785179459931643,-0.0032688372811392873,12
2017-11-21,-0.010387392218235602,1.38708032890664,4,-0.01066480828401693,-0.011774472547142242,-0.013161552876048883,-0.01593571353386216,12
2017-12-20,-0.047038769192136974,1.3726160803056882,5,-0.047313292408198114,-0.04841138527244266,-0.04978400135274835,-0.052529233513359724,12
2018-01-22,0.03140322196738334,1.2637595487510482,8,0.031150470057633134,0.030139462418632294,0.028875702869881247,0.02634818377237915,12
2018-02-20,-0.0027534809373961125,1.3659107752807866,9,-0.00302666309245227,-0.004119391712676899,-0.005485302487957686,-0.00821712403851926,12
2018-03-20,-0.006926718917279508,1.5433152948546986,6,-0.007235381976250448,-0.008470034212134207,-0.010013349506988905,-0.013099980096698303,12
2018-04-18,-0.04681481115739436,1.3727418746917492,4,-0.04708935953233271,-0.048187553032086106,-0.04956029490677786,-0.05230577865616136,12
2018-05-16,-0.036808960875738,1.522137359579014,7,-0.0371133883476538,-0.03833109823531701,-0.03985323559489602,-0.04289751031405405,12
2018-06-14,0.0023511099555830737,1.5712669225433984,7,0.002036856571074394,0.0007798430330396753,-0.0007914238895037231,-0.0039339577345905204,12
2018-07-13,0.03432724841801026,1.312254169776469,4,0.03406479758405497,0.033014994248233794,0.031702740078457324,0.029078231738904385,12
2018-08-10,-6.676954905647015e-05,1.3983611961127569,4,-0.00034644178827902155,-0.0014651307451692271,-0.002863491941281984,-0.005660214333507498,12
2018-09-10,0.060182523861449365,1.3555052628304864,2,0.059911422808883265,0.05882701859861888,0.05747151333578839,0.05476050281012742,12
2018-10-08,0.021921637657293703,1.2114681494732846,11,0.021679344027399045,0.020710169507820418,0.019498701358347133,0.017075765059400564,12
2018-11-05,0.0637452355231954,1.3863962647652095,7,0.06346795627024236,0.06235883925843019,0.060972442993664985,0.05819965046413456,12
2018-12-04,0.01594112630541801,1.2901272099608694,8,0.015683100863425836,0.01465099909545714,0.013360871885496272,0.010780617465574533,12
2019-01-04,-0.06734386533615233,1.1918170792430587,8,-0.06758222875200094,-0.06853568241539539,-0.06972749949463845,-0.07211113365312456,12
2019-02-04,-0.03218056123625497,1.30023546099486,7,-0.03244060832845394,-0.03348079669724983,-0.03478103215824469,-0.03738150308023441,12
2019-03-05,-0.003369547936805284,1.4683405687860165,7,-0.0036632160505624873,-0.004837888505591301,-0.006306229074377317,-0.00924291021194935,12
2019-04-02,0.03786024280325862,1.324261830398197,2,0.03759539043717898,0.03653598097286043,0.035211719142462225,0.032563195481665835,12
2019-05-01,0.07278135165572723,1.154493594071659,2,0.0725504529369129,0.07162685806165557,0.07047236446758391,0.06816337727944059,12
2019-05-30,-0.009598080206824806,1.2447468720442978,3,-0.009847029581233666,-0.010842827078869103,-0.0120875739509134,-0.014577067695001996,12
2019-06-27,0.037245753645018254,1.2496271903557057,5,0.036995828206947114,0.03599612645466255,0.03474649926430684,0.03224724488359543,12
2019-07-26,0.07384812102408311,1.2475077689946628,4,0.07359861947028418,0.07260061325508844,0.07135310548609379,0.06885808994810447,12
2019-08-23,-0.021863852518167873,1.2044226687131758,3,-0.022104737051910506,-0.023068275186881048,-0.024272697855594223,-0.026681543193020577,12
2019-09-23,0.042832215250760454,1.2541311703823959,9,0.04258138901668398,0.04157808408037806,0.040323952909995665,0.03781569056923087,12
2019-10-21,-0.03184931990933123,1.0680322455791558,5,-0.03206292635844706,-0.03291735215491039,-0.03398538440048954,-0.03612144889164785,12
2019-11-18,-0.08328023253144473,1.412494587501228,4,-0.08356273144894498,-0.08469272711894596,-0.08610522170644719,-0.08893021088144965,12
2019-12-17,-0.015134148707189635,1.5048775454610985,9,-0.015435124216281855,-0.016639026252650735,-0.018143903798111833,-0.02115365888903403,12
2020-01-16,0.027371561988454036,1.2978807469494582,3,0.027111985839064146,0.026073681241504578,0.02477580049455512,0.022180039000656203,12
2020-02-14,0.11733822845334811,1.356736535848447,4,0.11706688114617843,0.11598149191749967,0.11462475538165122,0.11191128230995433,12
2020-03-16,-0.12287599488344343,1.3066787512768774,6,-0.1231373306336988,-0.12418267363472031,-0.12548935238599718,-0.12810270988855094,12
2020-04-14,-0.059096755975658,1.7400074610543812,1,-0.059444757467868876,-0.060836763436712384,-0.06257677089776677,-0.06605678581987552,12
2020-05-12,-0.1702171790383381,1.2401306924547342,2,-0.17046520517682906,-0.17145730973079285,-0.17269744042324758,-0.17517770180815703,12
2020-06-10,0.07550306892662653,1.54405499879765,5,0.075194257926867,0.07395901392782889,0.07241495892903123,0.06932684893143592,12
2020-07-09,-0.05749125905574748,1.1090504337932767,2,-0.05771306914250614,-0.05860030948954076,-0.05970935992333403,-0.06192746079092058,12
2020-08-06,0.06544205912389514,1.2565841908381128,3,0.06519074228572752,0.06418547493305703,0.06292889074221891,0.06041572236054269,12
2020-09-03,-0.04427755389921383,1.1381785697386662,2,-0.044505189613161564,-0.0454157324689525,-0.046553911038691165,-0.0488302681781685,12
2020-10-02,0.05027757028758015,1.298581578304937,6,0.05001785397191916,0.04897898870927521,0.04768040713097027,0.0450832439743604,12
2020-10-30,-0.20979344641476988,1.1841537477893962,2,-0.21003027716432776,-0.2109776001625593,-0.21216175391034867,-0.21453006140592745,12
2020-11-30,-0.03803912515618013,1.753356493699045,3,-0.03838979645491994,-0.039792481649879176,-0.04154583814357822,-0.04505255113097631,12
2020-12-29,-0.27849743160991763,1.2410828452370792,3,-0.2787456481789651,-0.27973851445515474,-0.2809795973003918,-0.28346176299086595,12
2021-01-28,-0.010389808700062855,1.745060625583719,3,-0.0107388208251796,-0.012134869325646575,-0.013879929951230293,-0.01737005120239773,12
2021-02-26,0.12030971505144582,1.1332423340467899,3,0.12008306658463645,0.11917647271739903,0.11804323038335224,0.11577674571525866,12
2021-03-26,0.04441243643351001,1.0440414723766598,8,0.04420362813903468,0.04336839496113335,0.04232435348875669,0.040236270544003375,12
2021-04-26,0.12668483053520757,1.0315238200653374,4,0.1264785257711945,0.12565330671514224,0.1246217828950769,0.12255873525494622,12
2021-05-24,-0.138557186289936,1.057877824377935,8,-0.13876876185481157,-0.13961506411431393,-0.14067294193869187,-0.14278869758744772,12
2021-06-22,0.08628590600486898,1.4025704215752839,7,0.08600539192055393,0.0848833355832937,0.0834807651617184,0.08067562431856784,12
2021-07-21,0.09891784011547977,1.0459632125300868,2,0.09870864747297375,0.09787187690294968,0.0968259136904196,0.09473398726535942,12
2021-08-18,-0.06709811195490589,1.122670387729956,9,-0.06732264603245189,-0.06822078234263584,-0.06934345273036581,-0.07158879350582571,12
2021-09-16,0.011354847539561992,1.2992530351004903,5,0.011094996932541894,0.010055594504461501,0.008756341469361011,0.006157835399160031,12
2021-10-14,0.003259320236516321,1.166779547124518,4,0.0030259643270914172,0.0020925406893918027,0.000925761142267285,-0.001407797951981751,12
2021-11-11,0.15850555710914385,1.238258854161478,11,0.15825790533831155,0.15726729825498237,0.15602903940082088,0.15355252169249795,12
2021-12-10,0.1252619536575987,1.2081871428705993,5,0.1250203162290246,0.1240537665147281,0.12284557937185751,0.1204292050861163,12
2022-01-10,0.10132262439142585,1.087430060082201,2,0.1011051383794094,0.10023519433134365,0.09914776427126144,0.09697290415109705,12
2022-02-08,0.03669516112012179,1.0700168821531737,7,0.03648115774369116,0.035625144237968615,0.034555127355815445,0.0324150935915091,12
2022-03-09,0.028934304381907958,1.1842943787995355,8,0.02869744550614805,0.027750010003108422,0.026565715624308886,0.024197126866709814,12
2022-04-06,0.1838261421015466,1.1249967297341443,4,0.18360114275559977,0.18270114537181245,0.18157614864207833,0.17932615518261003,12
2022-05-05,0.06262094404156514,1.0280377617004628,5,0.062415336489225044,0.061592906279864676,0.060564868518164214,0.05850879299476329,12
2022-06-03,-0.018464551681889086,1.1053907885160061,8,-0.018685629839592287,-0.019569942470405093,-0.020675333258921097,-0.02288611483595311,12
2022-07-05,-0.05863292584473044,1.0558403069342994,7,-0.0588440939061173,-0.05968876615166474,-0.06074460645859904,-0.06285628707246764,12
2022-08-02,-0.014396642851864731,1.2124326044053977,8,-0.01463912937274581,-0.01560907545627013,-0.016821508060675526,-0.019246373269486323,12
2022-08-30,0.046609241400384784,1.2059178328872686,4,0.04636805783380733,0.04540332356749752,0.04419740573461024,0.04178557006883571,12
2022-09-28,0.03553046659461422,1.1155153866084149,10,0.035307363517292537,0.034414951208005806,0.03329943582139739,0.031068405048180564,12
2022-10-26,0.06582824108747724,1.1781003061709645,7,0.06559262102624305,0.06465014078130628,0.06347204047513531,0.061115839862793384,12
2022-11-23,0.03939291022749459,1.2717142307951037,12,0.039138567381335566,0.03812119599669948,0.036849481765904385,0.034306053304314174,12
2022-12-22,-0.11996480494574764,1.2053166839069545,7,-0.12020586828252904,-0.1211701216296546,-0.12237543831356155,-0.12478607168137545,12
2023-01-24,0.018089825442591138,1.226720252116462,5,0.017844481392167846,0.016863105190474674,0.015636384938358214,0.01318294443412529,12
2023-02-22,0.059715307280304136,1.2530535470936182,8,0.05946469657088541,0.05846225373321052,0.0572092001861169,0.054703093091929667,12
2023-03-22,0.008754539997102202,1.3193278817716965,5,0.008490674420747862,0.007435212115330505,0.006115884233558808,0.0034772284700154152,12
2023-04-20,-0.018925297189990056,1.3005216902734407,6,-0.019185401528044745,-0.020225818880263497,-0.021526340570536935,-0.024127383951083818,12
2023-05-18,-0.07738480027783469,1.2807160104625321,6,-0.0776409434799272,-0.07866551628829722,-0.07994623229875976,-0.08250766431968481,12
2023-06-16,-0.06800216985481218,1.3673963050277984,3,-0.06827564911581774,-0.06936956615983998,-0.07073696246486778,-0.07347175507492337,12
2023-07-18,0.0947079963241253,1.3159383898247874,5,0.09444480864616034,0.09339205793430051,0.09207611954447573,0.08944424276482615,12
2023-08-15,0.03530400379852759,1.197201755299245,4,0.03506456344746774,0.03410680204322834,0.0329096002879291,0.03051519677733061,12
2023-09-13,0.09032374167182326,1.3651053781446818,4,0.09005072059619433,0.08895863629367858,0.0875935309155339,0.08486332015924454,12
2023-10-11,0.07044793647787954,1.208695454042407,8,0.07020619738707107,0.06923924102383713,0.06803054556979474,0.06561315466170992,12
2023-11-08,-0.10170452123222379,1.310774559425286,4,-0.10196667614410884,-0.10301529579164907,-0.10432607035107436,-0.10694761946992493,12
2006-01-24,0.02859996247309602,0.9999999999999979,11,0.02839996247309602,0.027599962473096023,0.026599962473096025,0.02459996247309603,13
2006-02-22,-0.006287379302453173,1.3929670894894082,6,-0.006565972720351055,-0.007680346391942581,-0.00907331348143199,-0.011859247660410806,13
2006-03-22,-0.06179988146994171,1.3457291840701888,12,-0.06206902730675575,-0.0631456106540119,-0.06449133983808208,-0.06718279820622247,13
2006-04-20,0.10597442636088895,1.4238699636778256,7,0.10568965236815339,0.10455055639721113,0.1031266864335333,0.10027894650617765,13
2006-05-18,0.050903553553089974,1.2748195486367224,7,0.05064858964336263,0.04962873400445325,0.04835391445581653,0.04580427535854308,13
2006-06-16,0.049208284773140445,1.2847085984796083,6,0.04895134305344452,0.04792357617466084,0.04663886757618123,0.04406945037922201,13
2006-07-17,0.0346748039580567,1.0897878611045126,4,0.0344568463858358,0.033585016096952185,0.032495228235847676,0.03031565251363865,13
2006-08-14,-0.07135822868275606,1.216632660187476,2,-0.07160155521479356,-0.07257486134294353,-0.07379149400313101,-0.07622475932350596,13
2006-09-12,-0.025774781326119538,1.38601158757827,6,-0.02605198364363519,-0.027160792913697808,-0.028546804501276078,-0.03131882767643262,13
2006-10-10,0.0011619424416290742,1.2337781826337397,10,0.0009151868051023263,-7.183574100466552e-05,-0.0013056139236384053,-0.0037731702889058846,13
2006-11-07,-0.02625027889599705,1.3415393861860785,12,-0.026518586773234265,-0.027591818282183128,-0.028933357668369207,-0.031616436440741365,13
2006-12-06,0.048584078788097756,1.4139462098652416,9,0.048301289546124705,0.047170132578232514,0.04575618636836727,0.042928293948636786,13
2007-01-08,-0.006151717647352193,1.240404915092717,13,-0.0063997986303707365,-0.007392122562444909,-0.008632527477537627,-0.01111333730772306,13
2007-02-06,0.027209574348438417,1.4232597200787604,11,0.026924922404422666,0.025786314628359657,0.024363054908280897,0.021516535468123377,13
2007-03-07,-0.027038499937584448,1.3635229611666102,9,-0.02731120452981777,-0.02840202289875106,-0.02976554585991767,-0.03249259178225089,13
2007-04-04,-0.003183722492319113,1.370465298343557,10,-0.0034578155519878243,-0.00455418779066267,-0.005924653089006227,-0.008665583685693342,13
2007-05-03,-0.022225492184730307,1.37546634753853,10,-0.022500585454238012,-0.02360095853226884,-0.024976424879807366,-0.027727357574884426,13
2007-06-01,0.0066063781367081045,1.4598113844966076,10,0.006314415859808783,0.005146566752211497,0.0036867553677148892,0.000767132598721674,13
2007-06-29,0.030816021579894454,1.228648522341425,10,0.03057029187542617,0.02958737305755303,0.028358724535211606,0.025901427490528754,13
2007-07-30,0.028265115984785007,1.391978900338022,16,0.027986720204717402,0.026873137084446986,0.025481158184108964,0.022697200383432918,13
2007-08-27,0.027226497465854285,1.4478640195372923,10,0.026936924661946825,0.025778633446316992,0.0243307694267797,0.021435041387705116,13
2007-09-25,0.011332122186166646,1.2899167552318402,14,0.011074138835120277,0.010042205430934805,0.008752288675702966,0.006172455165239285,13
2007-10-23,0.13705972235614317,1.1563252362858163,17,0.13682845730888601,0.13590339711985736,0.13474707188357155,0.1324344214109999,13
2007-11-20,-0.021833879840210294,1.214806681253176,9,-0.02207684117646093,-0.02304868652146347,-0.024263493202716646,-0.026693106565222998,13
2007-12-19,0.09074543747784321,1.2869437387060967,6,0.090488048730102,0.08945849373913711,0.08817155000043102,0.08559766252301881,13
2008-01-18,-0.09389507279451577,1.1038428918480272,8,-0.09411584137288538,-0.0949989156863638,-0.09610275857821182,-0.09831044436190788,13
2008-02-19,0.06531402935875283,1.3534677309019125,8,0.06504333581257245,0.06396056162785091,0.062607093896949,0.05990015843514518,13
2008-03-18,-0.043493392627647745,1.2095540620933907,3,-0.043735303440066424,-0.04470294668974113,-0.04591250075183453,-0.04833160887602131,13
2008-04-16,-0.03298889968501141,1.1400323540839432,4,-0.0332169061558282,-0.03412893203909535,-0.035268964393179295,-0.037549029101347185,13
2008-05-14,0.04690486927577736,1.275237929377677,7,0.046649821689901824,0.045629631346399684,0.044354393417022006,0.04180391755826665,13
2008-06-12,0.06082240705961319,1.237782726492686,4,0.06057485051431465,0.059584624333120506,0.05834684160662782,0.05587127615364245,13
2008-07-11,-0.10919655420479853,1.1540246708846302,8,-0.10942735913897546,-0.11035057887568316,-0.11150460354656778,-0.11381265288833704,13
2008-08-08,-0.032663935405638965,1.303139792239143,4,-0.03292456336408679,-0.03396707519787811,-0.03527021499011725,-0.037876494574595534,13
2008-09-08,0.11113210349997225,1.142341925696913,4,0.11090363511483287,0.10998976157427534,0.10884741964857843,0.1065627357971846,13
2008-10-06,0.04106138423420327,1.073275321663441,8,0.04084672916987058,0.03998810891253983,0.038914833590876385,0.036768282947549503,13
2008-11-03,0.18995675015590097,1.1712251245939092,5,0.18972250513098218,0.18878552503130705,0.18761429990671316,0.18527184965752533,13
2008-12-02,-0.1535152727242665,1.127844146165231,3,-0.15374084155349954,-0.15464311687043172,-0.15577096101659696,-0.1580266493089274,13
2008-12-31,0.09632302181770543,1.2994285445576539,5,0.0960631361087939,0.09502359327314777,0.09372416472859012,0.09112530763947481,13
2009-01-30,0.11536752325517555,1.0299902969601042,2,0.11516152519578353,0.11433753295821544,0.11330754266125534,0.11124756206733513,13
2009-03-02,-0.14638901842619334,1.1107741599380987,2,-0.14661117325818096,-0.14749979258613144,-0.14861056674606954,-0.15083211506594574,13
2009-03-30,-0.30937454288860766,1.4215767623096063,0,-0.3096588582410696,-0.31079611965091725,-0.3122176964132269,-0.3150608499378461,13
2009-04-28,-0.10599953125965336,1.5585266894286312,0,-0.10631123659753909,-0.10755805794908199,-0.10911658463851062,-0.11223363801736788,13
2009-05-27,0.0716022468804372,1.2217515908220535,1,0.07135789656227279,0.07038049528961515,0.0691587436987931,0.06671524051714899,13
2009-06-24,-0.0832175256889424,1.1540082054054153,2,-0.08344832733002348,-0.08437153389434782,-0.08552554209975323,-0.08783355851056407,13
2009-07-23,-0.061507571938236784,1.2856783002047978,1,-0.06176470759827774,-0.06279325023844158,-0.06407892853864638,-0.06665028513905598,13
2009-08-20,-0.1164961882611459,1.3272301482160656,3,-0.1167616342907891,-0.11782341840936196,-0.11915064855757802,-0.12180510885401016,13
2009-09-18,0.03336097840524722,1.4180847009271123,5,0.033077361465061794,0.0319428937043201,0.030524809003392994,0.027688639601538768,13
2009-10-16,0.10111749054914045,1.0966183975752863,7,0.10089816686962538,0.10002087215156516,0.09892425375398987,0.0967310169588393,13
2009-11-13,-0.010517085693228505,1.0065344560051683,3,-0.010718392584429538,-0.011523620149233672,-0.012530154605238842,-0.014543223517249178,13
2009-12-14,-0.06243074447072989,1.277937287830056,3,-0.0626863319282959,-0.06370868175855994,-0.06498661904639,-0.06754249362205011,13
2010-01-13,0.058654437901426215,1.338485877251743,3,0.05838674072597587,0.05731595202417447,0.05597746614692273,0.05330049439241924,13
2010-02-11,-0.07162859064029535,1.11051122280658,7,-0.07185069288485667,-0.07273910186310192,-0.07384961308590851,-0.07607063553152167,13
2010-03-12,-0.018792798447529818,1.509633337177806,4,-0.01909472511496538,-0.020302431784707625,-0.02181206512188543,-0.024831331796241043,13
2010-04-12,0.04642336146308899,1.331728686623995,4,0.04615701572576419,0.04509163277646499,0.043759904089841,0.04109644671659301,13
2010-05-10,0.09921878622722004,1.205694706151164,6,0.0989776472859898,0.09801309152106888,0.0968073968149177,0.09439600740261538,13
2010-06-08,0.01630644990388581,1.0755191318078372,3,0.016091346077524243,0.015230930772077973,0.014155411640270135,0.012004373376654462,13
2010-07-07,-0.07593945507223934,1.0257543751430067,9,-0.07614460594726795,-0.07696520944738235,-0.07799096382252535,-0.08004247257281137,13
2010-08-04,0.05567297895065704,1.2919807525673266,5,0.05541458280014357,0.05438099819808971,0.053089017445522385,0.05050505594038773,13
2010-09-01,-0.07820294800153321,1.1738247224630591,4,-0.07843771294602582,-0.07937677272399628,-0.08055059744645933,-0.08289824689138545,13
2010-09-30,-0.012776614638280094,1.2758313271819821,8,-0.01303178090371649,-0.014052445965462077,-0.015328277292644058,-0.01787993994700802,13
2010-10-28,-0.027916913495253763,1.2234711596320929,9,-0.028161607727180182,-0.029140384654885856,-0.030363855814517948,-0.03281079813378213,13
2010-11-26,-0.03459940131504542,1.3442202555169191,6,-0.034868245366148805,-0.03594362157056234,-0.03728784182607926,-0.039976282337113096,13
2010-12-27,0.02290880424576348,1.2736625122450915,4,0.022654071743314463,0.02163514173351839,0.020361479221273297,0.017814154196783116,13
2011-01-25,-0.00975045655044797,1.126066117630446,4,-0.009975669773974058,-0.010876522668078415,-0.012002588785708862,-0.014254721020969755,13
2011-02-23,0.01215194367083937,1.196181594964334,10,0.011912707351846503,0.010955762075875036,0.009759580480910702,0.007367217290982034,13
2011-03-23,-0.002870927678195552,1.2728061946397293,4,-0.003125488917123498,-0.004143733872835282,-0.005416540067475011,-0.00796215245675447,13
2011-04-20,0.07092732055246963,1.163839502404204,6,0.07069455265198879,0.06976348105006543,0.06859964154766122,0.06627196254285281,13
2011-05-19,0.04345027485723424,1.2807077182627993,8,0.04319413331358168,0.04216956713897144,0.04088885942070864,0.03832744398418304,13
2011-06-17,-0.08391544762309806,1.1579970185609034,9,-0.08414704702681024,-0.08507344464165896,-0.08623144166021987,-0.08854743569734168,13
2011-07-18,0.08796237027599177,1.1848509798891906,2,0.08772540008001393,0.08677751929610258,0.08559266831621339,0.083222966356435,13
2011-08-15,0.07282659694712493,1.1790597238820182,6,0.07259078500234853,0.07164753722324291,0.07046847749936089,0.06811035805159685,13
2011-09-13,0.06840939443671426,1.0439028595306181,7,0.06820061386480814,0.06736549157718365,0.06632158871765302,0.06423378299859178,13
2011-10-11,-0.11321196893257503,0.9182764011937203,6,-0.11339562421281377,-0.11413024533376875,-0.11504852173496247,-0.1168850745373499,13
2011-11-08,0.03945250584497626,1.130327256254108,5,0.03922644039372544,0.03832217858872215,0.037191851332468044,0.03493119681995983,13
2011-12-07,0.023946727850272163,1.0020389016641988,4,0.023746320069939323,0.022944688948607964,0.021942650046943766,0.019938572243615366,13
2012-01-06,-0.14637769367877596,0.9141589483370708,5,-0.14656052546844336,-0.14729185262711303,-0.1482060115754501,-0.15003432947212425,13
2012-02-06,0.0659667228378137,1.3730852990428526,9,0.06569210577800513,0.06459363753877084,0.063220552239728,0.06047438164164229,13
2012-03-06,-0.00039622915075810734,1.1845992003506107,6,-0.0006331489908282295,-0.001580828351108718,-0.002765427551459329,-0.00513462595216055,13
2012-04-03,0.034795285840559236,1.2786451819925406,5,0.03453955680416073,0.033516640658566695,0.032237995476574154,0.02968070511258907,13
2012-05-02,0.08530920376211885,1.054353215429883,5,0.08509833311903288,0.08425485054668898,0.08320049733125909,0.08109179090039932,13
2012-05-31,0.038926246916991515,1.0883593510924845,3,0.03870857504677302,0.03783788756589903,0.036749528214806544,0.03457280951262158,13
2012-06-28,-0.006343859989016704,0.9542258202685613,7,-0.006534705153070416,-0.007298085809285265,-0.008252311629553827,-0.01016076327009095,13
2012-07-27,-0.041299584398155995,1.033952706512677,2,-0.04150637493945853,-0.042333537104668674,-0.043367489811181346,-0.045435395224206705,13
2012-08-24,-0.017214025392956616,1.3163033492926015,0,-0.017477286062815137,-0.01853032874224922,-0.01984663209154182,-0.02247923879012702,13
2012-09-24,0.018765952111043326,1.2960270114672852,6,0.01850674670874987,0.017469925099576043,0.016173898088108755,0.013581844065174185,13
2012-10-22,0.025153873287990847,1.1192423241905782,3,0.024930024823152732,0.02403463096380027,0.02291538863960969,0.020676903991228533,13
2012-11-21,-0.02742108682763873,1.2172566858129308,7,-0.027664538164801314,-0.02863834351345166,-0.02985560019926459,-0.032290113570890455,13
2012-12-20,-0.019172680471762054,1.2981340968292259,6,-0.0194323072911279,-0.02047081456859128,-0.021768948665420507,-0.024365216859078956,13
2013-01-22,0.02271297754950499,1.369183655766752,8,0.02243914081835164,0.021343793893738236,0.019974610237971487,0.01723624292643798,13
2013-02-20,-0.004502306851449634,1.3334550313905886,5,-0.004768997857727752,-0.005835761882840223,-0.007169216914230812,-0.00983612697701199,13
2013-03-20,0.049092214605183614,1.405101315621269,3,0.04881119434205936,0.04768711328956234,0.04628201197394108,0.043471809342698536,13
2013-04-18,-0.08570048209490357,1.1222891499737686,3,-0.08592493992489832,-0.08682277124487733,-0.0879450603948511,-0.09018963869479864,13
2013-05-16,-0.021000672215935243,1.4012406602911545,5,-0.021280920347993473,-0.022401912876226397,-0.023803153536517553,-0.02660563485709986,13
2013-06-14,-0.03139003059748573,1.2802573544463494,5,-0.031646082068375,-0.032670287951932074,-0.03395054530637843,-0.03651106001527112,13
2013-07-15,0.0005659353855739274,1.3503914851551437,4,0.00029585708854289866,-0.0007844560995812163,-0.00213484758473636,-0.004835630555046648,13
2013-08-12,-0.06030258355768514,1.336217135379467,2,-0.06056982698476104,-0.061638800693064606,-0.06297501782844407,-0.065647452099203,13
2013-09-10,0.02956922113982486,1.3540201433680477,10,0.02929841711115125,0.028215200996456812,0.026861180853088765,0.02415314056635267,13
2013-10-08,0.03485475744712642,1.2116962538150184,8,0.03461241819636342,0.033643061193311403,0.03243136493949638,0.030007972431866346,13
2013-11-05,-0.008865083053279228,1.366627337379863,6,-0.0091384085207552,-0.01023171039065909,-0.011598337728038954,-0.01433159240279868,13
2013-12-04,-0.04192520499358806,1.399027900702569,9,-0.04220501057372857,-0.04332423289429063,-0.0447232607949932,-0.047521316596398334,13
2014-01-03,-0.03804324478174403,1.4267334820349233,4,-0.038328591478151014,-0.03946997826377895,-0.04089671174581387,-0.04375017870988372,13
2014-02-03,-0.07835016147084412,1.363097494422327,7,-0.07862278096972858,-0.07971325896526645,-0.08107635645968878,-0.08380255144853342,13
2014-03-04,0.0678527397784431,1.4426173489896355,2,0.06756421630864518,0.06641012242945346,0.06496750508046382,0.06208227038248455,13
2014-04-01,0.1068152940341388,1.2650971301103675,3,0.10656227460811672,0.10555019690402842,0.10428509977391806,0.10175490551369733,13
2014-04-30,-0.0014672364933755375,1.062335364091322,3,-0.001679703566193802,-0.0025295718574668592,-0.0035919072215581816,-0.0057165779497408255,13
2014-05-29,-0.06141296453605139,1.234596145919784,5,-0.061659883765235346,-0.06264756068197118,-0.06388215682789096,-0.06635134911973052,13
2014-06-26,0.03980790293138888,1.318083556557689,4,0.03954428622007734,0.038489819374831195,0.0371717358182735,0.03453556870515813,13
2014-07-25,-0.022579724491292714,1.2342485312041578,4,-0.022826574197533544,-0.02381397302249687,-0.02504822155370103,-0.027516718616109347,13
2014-08-22,0.03139104660177985,1.429865783150025,4,0.03110507344514984,0.02996118081862982,0.028531315035479798,0.02567158346917975,13
2014-09-22,0.02395706999543282,1.2824657329373164,4,0.023700576848845356,0.022674604262495505,0.021392138529558187,0.018827207063683557,13
2014-10-20,0.044413593670499824,1.3072136237208418,4,0.044152150945755655,0.04310638004677898,0.04179916642305814,0.039184739175616455,13
2014-11-17,0.08013080464847139,1.194333982476316,6,0.07989193785197612,0.07893647066599507,0.07774213668351876,0.07535346871856613,13
2014-12-16,0.0040586419035716055,1.272987688667339,4,0.003804044365838138,0.0027856542149042665,0.0015126665262369275,-0.0010333088510977506,13
2015-01-15,-0.06365691854739644,1.0786725869352154,5,-0.06387265306478349,-0.06473559113433165,-0.06581426372126688,-0.0679716088951373,13
2015-02-13,0.0449875815695956,1.309049048866964,7,0.0447257717598222,0.04367853252072863,0.042369483471861674,0.03975138537412774,13
2015-03-16,-0.036903796731417214,1.3792632524055726,6,-0.03717964938189833,-0.03828305998382279,-0.039662323236228356,-0.042420849741039504,13
2015-04-14,0.03874010081361251,1.3091907833777077,6,0.03847826265693697,0.037430910030234806,0.036121719246857094,0.03350333768010168,13
2015-05-12,0.009616579365119905,1.1819533169626708,6,0.00938018870172737,0.008434626048157234,0.007252672731194563,0.0048887660972692214,13
2015-06-10,0.049816914704552115,1.3379944005505686,9,0.049549315824442004,0.04847892030400155,0.04714092590345098,0.04446493710234984,13
2015-07-09,0.06902697243599416,1.2803225226133828,3,0.06877090793147149,0.06774664991338078,0.0664663273907674,0.06390568234554063,13
2015-08-06,0.012918443425266511,1.4206903903353358,7,0.012634305347199445,0.011497753034931175,0.01007706264459584,0.007235681863925167,13
2015-09-03,0.11214521669997338,1.3678871879713115,4,0.11187163926237911,0.11077732951200206,0.10940944232403076,0.10667366794808814,13
2015-10-02,0.013507084192653679,1.1137030588278114,6,0.013284343580888116,0.012393381133825867,0.011279678074998056,0.009052271957342432,13
2015-10-30,-0.0759769728742881,1.1678895014358812,6,-0.07621055077457528,-0.07714486237572399,-0.07831275187715987,-0.08064853088003163,13
2015-11-30,0.030182955449342738,1.479652147194357,7,0.029887025019903868,0.028703303302148382,0.027223651154954023,0.02426434686056531,13
2015-12-29,0.16280992857199483,1.2961893761009666,5,0.16255069069677464,0.16151373919589387,0.1602175498197929,0.15762517106759097,13
2016-01-28,0.03808904809959831,1.0963780407104116,5,0.037869772491456226,0.0369926700588879,0.035896292018177484,0.033703535936756665,13
2016-02-26,-0.04076700536168173,1.0847497600492466,5,-0.040983955313691575,-0.04185175512173098,-0.04293650488178022,-0.045106004401878716,13
2016-03-28,-0.16754068696922358,1.2565758305115238,4,-0.16779200213532589,-0.16879726279973511,-0.17005383863024665,-0.17256699029126968,13
2016-04-25,0.047241081394067595,1.3145502389870836,7,0.04697817134627018,0.04592653115508051,0.044611980916093426,0.04198288043811926,13
2016-05-23,-0.020259804602981046,1.2530304225632625,3,-0.0205104106874937,-0.021512835025544307,-0.02276586544810757,-0.025271926293234097,13
2016-06-21,-0.01206873531439618,1.1744092983336292,9,-0.012303617174062906,-0.01324314461272981,-0.014417553911063438,-0.016766372507730696,13
2016-07-20,-0.08316549148429075,1.2688632496628696,7,-0.08341926413422333,-0.08443435473395362,-0.08570321798361649,-0.08824094448294223,13
2016-08-17,-0.01290523009687841,1.3949368172760381,10,-0.013184217460333618,-0.014300166914154448,-0.015695103731430488,-0.018484977365982563,13
2016-09-15,-0.0005102374797452478,1.4527152998825077,10,-0.0008007805397217493,-0.0019629527796277556,-0.003415668079510263,-0.006321098679275279,13
2016-10-13,0.004196198687025749,1.205212477228443,12,0.0039551561915800604,0.0029909862097973056,0.0017857737325688628,-0.0006246512218880231,13
2016-11-10,-0.0433280985261906,1.2682819908896656,8,-0.04358175492436853,-0.044596380517080265,-0.04586466250796993,-0.04840122648974926,13
2016-12-09,0.022978219978755952,1.418938491785697,6,0.022694432280398812,0.021559281486970255,0.02014034299518456,0.017302466011613164,13
2017-01-10,0.02072590171000328,1.1690054332386968,2,0.02049210062335554,0.019556896276764584,0.018387890843525885,0.016049879977048494,13
2017-02-08,0.02333875877337891,1.1958357888158881,12,0.023099591615615735,0.022142922984563024,0.020947087195747133,0.018555415618115356,13
2017-03-09,0.018650435414292905,1.3763578939336305,9,0.018375163835506178,0.017274077520359275,0.015897719626425645,0.013145003838558383,13
2017-04-06,0.04117641243603961,1.1113713984409868,7,0.04095413815635141,0.04006504103759862,0.03895366963915764,0.03673092684227566,13
2017-05-05,0.003070295619743418,1.2577981239494493,6,0.0028187359949535277,0.0018124974957939685,0.0005546993718445192,-0.0019608968760543794,13
2017-06-05,-0.03730410307638635,1.2110012662417526,4,-0.0375463033296347,-0.0385151043426281,-0.039726105608869855,-0.042148108141353356,13
2017-07-03,0.021114688819078593,1.15654564999662,8,0.02088337968907927,0.019958143169081972,0.018801597519085354,0.016488506219092113,13
2017-08-01,0.01856447951645731,1.1851754484872938,3,0.01832744442675985,0.017379304067970017,0.01619412861948272,0.013823777722508134,13
2017-08-29,-0.07102467233689097,1.3388761650038357,10,-0.07129244756989174,-0.0723635485018948,-0.07370242466689864,-0.07638017699690632,13
2017-09-27,0.034998672436837,1.4344454304014203,9,0.03471178335075671,0.033564227006435576,0.03212978157603416,0.029260890715231316,13
2017-10-25,-0.012725896874350471,1.2050590833517747,5,-0.012966908691020827,-0.013930955957702246,-0.01513601504105402,-0.01754613320775757,13
2017-11-22,-0.013579807163081345,1.3955103809914915,3,-0.013858909239279642,-0.014975317544072836,-0.016370827925064328,-0.01916184868704731,13
2017-12-21,-0.04371832110843192,1.3599351788816376,5,-0.04399030814420825,-0.04507825628731356,-0.0464381914661952,-0.049158061823958474,13
2018-01-23,0.037547591513075636,1.2723750811575247,8,0.03729311649684413,0.03627521643191811,0.03500284135076059,0.03245809118844554,13
2018-02-21,-0.016432224051284517,1.381516461124233,9,-0.016708527343509364,-0.01781374051240875,-0.019195256973532984,-0.021958289895781448,13
2018-03-21,0.01913760986055375,1.5358286738363072,6,0.018830444125786487,0.017601781186717444,0.016065952512881135,0.01299429516520852,13
2018-04-19,-0.06686411722841831,1.3059044916809648,4,-0.06712529812675451,-0.06817002172009928,-0.06947592621178024,-0.07208773519514217,13
2018-05-17,-0.026102738308436107,1.5609756729329798,9,-0.026414933443022703,-0.027663713981369086,-0.029224689654302066,-0.03234664100016803,13
2018-06-15,0.008427573720172374,1.5974334755022523,5,0.008108087025071924,0.006830140244670121,0.0052327067691678684,0.002037839818163364,13
2018-07-16,0.029158414782972618,1.30810241027273,4,0.02889679430091807,0.027850312372699887,0.026542209962427156,0.023926005141881698,13
2018-08-13,-0.009435501949923772,1.4116521425342645,4,-0.009717832378430625,-0.010847154092458037,-0.0122588062349923,-0.01508211052006083,13
2018-09-11,0.06121097515681394,1.3617045461915576,3,0.060938634247575625,0.05984927061062238,0.05848756606443082,0.05576415697204771,13
2018-10-09,0.031786111619821505,1.240490451154884,11,0.03153801352959053,0.03054562116866662,0.029305130717511736,0.02682414981520197,13
2018-11-06,0.052857477922812285,1.4339520781084956,8,0.052570687507190586,0.05142352584470379,0.0499895737665953,0.0471216696103783,13
2018-12-06,-0.013430701384308994,1.173022264282808,8,-0.013665305837165556,-0.014603723648591803,-0.01577674591287461,-0.018122790441440228,13
2019-01-07,-0.005922476862050528,1.1462099533133938,8,-0.006151718852713206,-0.007068686815363922,-0.008214896768677316,-0.010507316675304103,13
2019-02-05,-0.0022922634018220493,1.2699517815443782,7,-0.002546253758130925,-0.0035622151833664276,-0.0048321669649108055,-0.007372070527999562,13
2019-03-06,-0.007754343235949657,1.4575190079608669,6,-0.00804584703754183,-0.009211862243910523,-0.01066938125187139,-0.013584419267793125,13
2019-04-03,0.05405901406775424,1.2857124155272333,3,0.053801871584648796,0.05277330165222701,0.05148758923669978,0.04891616440564531,13
2019-05-02,0.08944932561499745,1.1416630892511972,2,0.08922099299714721,0.08830766252574626,0.08716599943649506,0.08488267325799266,13
2019-05-31,-0.046390785953538,1.2308165853135764,3,-0.04663694927060072,-0.04762160253885158,-0.04885241912416516,-0.05131405229479231,13
2019-06-28,0.05448347110192652,1.300903156316371,5,0.054223290470663245,0.05318256794561015,0.05188166478929378,0.04927985847666104,13
2019-07-29,0.06842674591789726,1.2282438302132712,4,0.0681810971518546,0.06719850208768398,0.06597025825747072,0.06351377059704418,13
2019-08-26,-0.004447393513952106,1.2904635506538267,3,-0.004705486224082871,-0.0057378570646059324,-0.007028320615259759,-0.009609247716567413,13
2019-09-24,0.005075549129900448,1.214238782433941,11,0.00483270137341366,0.0038613103474665076,0.0026470715650325667,0.000218594000164685,13
2019-10-22,-0.052755923876467825,1.1058274849669236,3,-0.05297708937346121,-0.05386175136143475,-0.054967578846401674,-0.05717923381633552,13
2019-11-19,-0.07475530785006984,1.4508883055284243,4,-0.07504548551117553,-0.07620619615559826,-0.0776570844611267,-0.08055886107218353,13
2019-12-18,-0.000771515390951427,1.4671660670909186,9,-0.0010649486043696108,-0.0022386814580423455,-0.003705847525133264,-0.006640179659315101,13
2020-01-17,0.005119916880873952,1.2859392510300158,3,0.004862729030667949,0.0038339776298439363,0.0025480383788139206,-2.3840123246111032e-05,13
2020-02-18,0.11596760571942936,1.3793518736130805,4,0.11569173534470675,0.11458825384581628,0.11320890197220321,0.11045019822497704,13
2020-03-17,-0.2105897880013634,1.3492954556947232,6,-0.21085964709250235,-0.21193908345705814,-0.21328837891275285,-0.2159869698241423,13
2020-04-15,-0.0424107879267317,1.652571098043921,2,-0.04274130214634048,-0.044063359024775615,-0.04571593012281954,-0.04902107231890738,13
2020-05-13,-0.13505283704422638,1.243643049139345,2,-0.13530156565405424,-0.13629648009336573,-0.13754012314250508,-0.14002740924078377,13
2020-06-11,-0.0037416028069858216,1.3859125614483545,5,-0.004018785319275493,-0.005127515368434176,-0.006513427929882531,-0.00928525305277924,13
2020-07-10,-0.06049384838227913,1.1635510736421748,2,-0.06072655859700756,-0.0616573994559213,-0.06282095052956348,-0.06514805267684783,13
2020-08-07,0.06929571378980562,1.2897880009414908,4,0.06903775618961731,0.06800592578886412,0.06671613778792264,0.06413656178603966,13
2020-09-04,-0.09477999541129936,1.153719225357507,3,-0.09501073925637087,-0.09593371463665687,-0.09708743386201438,-0.0993948723127294,13
2020-10-05,0.07413619799237188,1.3655689645362923,6,0.07386308419946462,0.07277062902783558,0.07140506006329929,0.06867392213422671,13
2020-11-02,-0.1792508985848702,1.2162642700586377,3,-0.17949415143888192,-0.18046716285492884,-0.18168342712498747,-0.18411595566510475,13
2020-12-01,-0.08143476532702941,1.7089584723710165,2,-0.08177655702150362,-0.08314372379940042,-0.08485268227177144,-0.08827059921651348,13
2020-12-30,-0.2903247979980795,1.391926866736104,4,-0.2906031833714267,-0.2917167248648156,-0.2931086517315517,-0.2958925054650239,13
2021-01-29,-0.04074450685359532,1.7585788159378484,5,-0.04109622261678289,-0.04250308566953317,-0.04426166448547102,-0.047778822117346714,13
2021-03-01,0.194691344685804,1.211660758016589,1,0.1944490125342007,0.19347968392778742,0.19226802316977085,0.18984470165373765,13
2021-03-29,0.0058863821410865234,1.0114985424481246,10,0.005684082432596898,0.004874883598638399,0.0038633850561902742,0.001840387971294025,13
2021-04-27,0.12977154148856468,1.0374234594952387,5,0.12956405679666563,0.12873411802906945,0.1276966945695742,0.12562184765058373,13
2021-05-25,-0.1617556103230547,1.0822221726617212,8,-0.16197205475758703,-0.1628378324957164,-0.16392005466837814,-0.16608449901370156,13
2021-06-23,0.12707712413888692,1.4790778849548223,7,0.12678130856189596,0.1255980462539321,0.12411896836897728,0.12116081259906762,13
2021-07-22,0.11370378616552217,1.0593248073201484,2,0.11349192120405814,0.11264446135820202,0.11158513655088187,0.10946648693624157,13
2021-08-19,-0.12708949835919758,1.143137932430658,9,-0.1273181259456837,-0.12823263629162823,-0.1293757742240589,-0.1316620500889202,13
2021-09-17,0.033453515698598765,1.3960942106456737,6,0.03317429685646963,0.03205742148795309,0.03066132727730742,0.027869138856016072,13
2021-10-15,-0.014988024294551974,1.1657094421904064,3,-0.015221166182990055,-0.01615373373674238,-0.017319443178932786,-0.0196508620633136,13
2021-11-12,0.1905165724630918,1.2639486480183488,12,0.19026378273348815,0.18925262381507346,0.1879886751670551,0.18546077787101842,13
2021-12-13,0.07196911624113433,1.2129700219269417,4,0.07172652223674894,0.0707561462192074,0.06954317619728045,0.06711723615342657,13
2022-01-11,0.08672626848536812,1.0903334929475124,2,0.08650820178677861,0.0856359349924206,0.08454560149947309,0.08236493451357807,13
2022-02-09,0.08066840181293078,1.0381513994577132,7,0.08046077153303924,0.07963025041347306,0.07859209901401536,0.07651579621509992,13
2022-03-10,0.03139819300863327,1.124195554508849,8,0.0311733538977315,0.030273997454124423,0.029149801899615576,0.026901410790597876,13
2022-04-07,0.20575879102909253,1.098655842152178,3,0.2055390598606621,0.20466013518694035,0.2035614793447882,0.20136416766048382,13
2022-05-06,0.04493056763508513,1.013775355385831,5,0.044727812564007964,0.043916792279699295,0.04290301692431347,0.0408754662135418,13
2022-06-06,-0.01409237687558934,1.0924087099176139,10,-0.014310858617572864,-0.015184785585506955,-0.01627719429542457,-0.018462011715259796,13
2022-07-06,-0.10719252552146517,1.1350105407588866,7,-0.10741952762961696,-0.10832753606222406,-0.10946254660298295,-0.11173256768450072,13
2022-08-03,0.015546937128229183,1.3750928239317153,5,0.01527191856344284,0.014171844304297467,0.012796751480365753,0.010046565832502321,13
2022-08-31,0.07915654939325281,1.1441120849898254,4,0.07892772697625484,0.07801243730826299,0.07686832522327317,0.0745801010532935,13
2022-09-29,0.016025664620014732,1.082166827718516,10,0.015809231254471028,0.014943497792296217,0.0138613309645777,0.011696997309140669,13
2022-10-27,0.06524232116300305,1.2547798518574533,7,0.06499136519263156,0.06398754131114559,0.06273276145928815,0.06022320175557323,13
2022-11-25,0.04320432585916048,1.248249080671635,11,0.042954676043026156,0.041956076778488845,0.04070782769781721,0.03821132953647394,13
2022-12-23,-0.13639792031592576,1.2124668081595824,7,-0.1366404136775577,-0.13761038712408535,-0.13882285393224492,-0.1412477875485641,13
2023-01-25,0.01117005017477075,1.2463940430711409,6,0.010920771366156523,0.009923656131699609,0.008677262088628469,0.006184474002486187,13
2023-02-23,0.04866100562384905,1.2609274938797255,9,0.0484088201250731,0.047400078129969325,0.0461391506360896,0.04361729564833015,13
2023-03-23,0.007876383536374782,1.317822027368511,5,0.00761281913090108,0.006558561509006271,0.00524073948163776,0.002605095426900738,13
2023-04-21,-0.0003809069720693145,1.293693848166911,6,-0.0006396457417026968,-0.0016746008202362253,-0.0029682946684031365,-0.005555682364736958,13
2023-05-19,-0.09782895580002314,1.3052793715392694,6,-0.098090011674331,-0.0991342351715624,-0.10043951454310168,-0.10305007328618022,13
2023-06-20,-0.07426121750279725,1.4476253382992779,4,-0.0745507425704571,-0.07570884284109652,-0.07715646817939581,-0.08005171885599437,13
2023-07-19,0.11001457618334365,1.3318999235678752,5,0.10974819619863008,0.10868267625977578,0.1073507763362079,0.10468697648907214,13
2023-08-16,0.011796173902256847,1.1908952088556832,4,0.01155799486048571,0.010605278693401164,0.009414383484545482,0.007032593066834115,13
2023-09-14,0.11338393156307923,1.4044904124079456,4,0.11310303348059764,0.11197944115067128,0.11057495073826334,0.10776596991344745,13
2023-10-12,0.06742989273021488,1.2234045432302774,10,0.06718521182156882,0.0662064881869846,0.06498308364375432,0.06253627455729377,13
2023-11-09,-0.1563508289744986,1.3348438304906716,4,-0.15661779774059673,-0.15768567280498927,-0.15902051663547995,-0.16169020429646128,13
2006-01-25,0.024323795875582505,1.0000000000000007,12,0.024123795875582506,0.023323795875582504,0.022323795875582503,0.0203237958755825,14
2006-02-23,-0.009979175182064074,1.3342196957775263,8,-0.01024601912121958,-0.0113133948778416,-0.012647614573619126,-0.01531605396517418,14
2006-03-23,-0.052207849716210876,1.345749637586795,11,-0.052476999643728234,-0.05355359935379767,-0.05489934899138447,-0.05759084826655805,14
2006-04-21,0.10416420633393177,1.3803516543195822,7,0.10388813600306784,0.10278385467961218,0.10140350302529261,0.09864279971665343,14
2006-05-19,0.060173929561123,1.2610745056395518,6,0.059921714659995094,0.05891285505548345,0.0576517805498439,0.055129631538564795,14
2006-06-19,0.0339065682658558,1.2474266341657023,6,0.03365708293902266,0.0326591416316901,0.0314117149975244,0.028916861729192993,14
2006-07-18,0.02460458802558997,1.120979457962199,4,0.024380392133997533,0.02348360856762777,0.022362629109665574,0.020120670193741176,14
2006-08-15,-0.060602560907940944,1.2415428077555435,2,-0.06085086946949205,-0.061844103715696486,-0.06308564652345203,-0.06556873213896312,14
2006-09-13,-0.011519022103337702,1.3279678977623581,6,-0.011784615682890173,-0.01284699000110006,-0.014174957898862417,-0.016830893694387134,14
2006-10-11,-0.017889339974385438,1.1997259585540876,10,-0.018129285166096257,-0.019089065932939527,-0.020288791891493612,-0.022688243808601787,14
2006-11-08,-0.0217416771310003,1.368102191600909,13,-0.02201529756932048,-0.023109779322601207,-0.02447788151420212,-0.027214085897403935,14
2006-12-07,0.04383625049899654,1.416962631482644,9,0.04355285797270001,0.042419287867513894,0.04100232523603125,0.03816839997306596,14
2007-01-09,-0.005614527501323307,1.2391363938174076,16,-0.005862354780086789,-0.0068536638951407144,-0.008092800288958122,-0.010571073076592937,14
2007-02-07,0.022236552822280452,1.4082623256618665,9,0.021954900357148078,0.020828290496618586,0.01942002817095672,0.016603503519632985,14
2007-03-08,-0.026367190576414984,1.36510405363821,9,-0.026640211387142627,-0.027732294630053195,-0.029097398683691406,-0.03182760679096783,14
2007-04-05,0.007652663644659783,1.3787114466748807,10,0.007376921355324807,0.006273952197984902,0.0048952407513100215,0.0021378178579602603,14
2007-05-04,-0.016302370775951865,1.3820721278204215,12,-0.01657878520151595,-0.017684442903772288,-0.019066515031592707,-0.02183065928723355,14
2007-06-04,0.001808041598216297,1.4141611902182065,10,0.0015252093601726556,0.0003938804079980905,-0.001020280782220116,-0.0038486031626565292,14
2007-07-02,0.03659271568690613,1.2397624350763745,9,0.03634476319989085,0.03535295325182975,0.034113190816753375,0.03163366594660063,14
2007-07-31,0.040594840807180184,1.3615244409976706,15,0.04032253591898065,0.03923331636618251,0.03787179192518484,0.035148743043189504,14
2007-08-28,0.0065703453466563625,1.437860900776276,11,0.006282773166501107,0.005132484445880086,0.0036946235451038104,0.0008189017435512582,14
2007-09-26,0.020299446250635574,1.3348225761743613,13,0.0200324817354007,0.018964623674461212,0.01762980109828685,0.01496015594593813,14
2007-10-24,0.13575713433960804,1.1304386279331364,18,0.1355310466140214,0.1346266957116749,0.13349625708374177,0.1312353798278755,14
2007-11-21,-0.04044586070733353,1.2354925762945643,8,-0.040692959222592445,-0.0416813532836281,-0.04291684585992266,-0.04538783101251179,14
2007-12-20,0.07351853925420089,1.2811099024263635,5,0.07326231727371561,0.07223742935177453,0.07095631944934816,0.06839409964449544,14
2008-01-22,-0.06657637428510957,1.1189566625862462,8,-0.06680016561762682,-0.06769533094769581,-0.06881428761028206,-0.07105220093545456,14
2008-02-20,0.08427186639542052,1.3542584804528026,8,0.08400101469932995,0.08291760791496772,0.08156334943451492,0.0788548324736093,14
2008-03-19,-0.048875832363870386,1.1843020454114785,3,-0.04911269277295268,-0.050060134409281865,-0.05124443645469334,-0.0536130405455163,14
2008-04-17,-0.05829122183090883,1.105776252904321,4,-0.058512377081489694,-0.05939699808381315,-0.060502774336717476,-0.06271432684252612,14
2008-05-15,0.038656188289699786,1.3312273462179058,6,0.038389942820456206,0.03732496094348188,0.035993733597263974,0.03333127890482816,14
2008-06-13,0.08031568907770752,1.2967015042714354,5,0.08005634877685323,0.07901898757343608,0.07772228606916465,0.07512888306062178,14
2008-07-14,-0.14219872793141752,1.1542596271419567,8,-0.14242957985684593,-0.1433529875585595,-0.14450724718570143,-0.14681576643998534,14
2008-08-11,0.03884732587782635,1.3991489530584993,4,0.03856749608721465,0.03744817692476785,0.03604902797170935,0.03325073006559235,14
2008-09-09,0.13140401064851145,1.036344545797929,5,0.13119674173935186,0.13036766610271353,0.1293313215569156,0.12725863246531974,14
2008-10-07,-0.0730859825746375,1.0767684959874246,8,-0.07330133627383498,-0.07416275107062492,-0.07523951956661235,-0.07739305655858719,14
2008-11-04,0.23161814037334713,1.2354810608715237,5,0.23137104416117282,0.23038265931247562,0.22914717825160408,0.22667621612986102,14
2008-12-03,-0.2040869038289831,1.115432800241972,5,-0.2043099903890315,-0.20520233662922507,-0.20631776942946703,-0.20854863502995097,14
2009-01-02,0.1241895109239441,1.4436282333263453,3,0.12390078527727884,0.12274588269061776,0.12130225445729141,0.11841499799063872,14
2009-02-02,0.10554714726277309,1.0190385880548851,1,0.10534333954516212,0.1045281086747182,0.10350907008666332,0.10147099291055355,14
2009-03-03,-0.18070019575990628,1.1057149572596128,2,-0.1809213387513582,-0.1818059107171659,-0.1829116256744255,-0.18512305558894473,14
2009-03-31,-0.3254862165018201,1.4555155268507525,0,-0.32577731960719025,-0.32694173202867083,-0.3283972475555216,-0.3313082786092231,14
2009-04-29,-0.0463292085321026,1.6720053882976158,0,-0.046663609609762124,-0.048001213920400215,-0.049673219308697836,-0.05301723008529306,14
2009-05-28,0.0665041554610063,1.1338703518255566,1,0.06627738139064118,0.06537028510918075,0.06423641475735518,0.06196867405370407,14
2009-06-25,-0.05769867261666681,1.1636590666752789,3,-0.057931404430001866,-0.05886233168334209,-0.06002599075001736,-0.062353308883367924,14
2009-07-24,-0.07559660230127802,1.2940459303748604,1,-0.07585541148735299,-0.07689064823165287,-0.07818469416202774,-0.08077278602277746,14
2009-08-21,-0.101049285938746,1.3647249030879784,3,-0.1013222309193636,-0.10241401084183398,-0.10377873574492195,-0.10650818555109791,14
2009-09-21,0.036679561650824866,1.3652986468739114,5,0.036406501921450084,0.035314263003950956,0.03394896435707704,0.03121836706332922,14
2009-10-19,0.080193791855547,1.0938895755787503,7,0.07997501394043124,0.07909990227996824,0.07800601270438949,0.075818233553232,14
2009-11-16,0.004781877425659802,0.9920183429916583,3,0.00458347375706147,0.0037898590826681436,0.0027978407396764856,0.0008138040536931693,14
2009-12-15,-0.05933494214297947,1.2300669740271488,3,-0.0595809555377849,-0.060565009117006616,-0.06179507609103377,-0.06425521003908806,14
2010-01-14,0.05108408105349031,1.3514885113597375,4,0.05081378335121837,0.049732592542130576,0.04838110403077084,0.045678127008051364,14
2010-02-12,-0.03438423398383806,1.1070355777448515,8,-0.03460564109938703,-0.03549126956158291,-0.03659830513932776,-0.038812376294817465,14
2010-03-15,-0.014279439278005793,1.462960695432714,3,-0.014572031417092336,-0.015742399973438508,-0.01720536066887122,-0.02013128205973665,14
2010-04-13,0.027571250071946773,1.3278958567133223,4,0.02730567090060411,0.026243354215233453,0.024915458358520128,0.022259666645093483,14
2010-05-11,0.1091256423217436,1.1926949338062622,7,0.10888710333498235,0.10793294738793734,0.10674025245413107,0.10435486258651855,14
2010-06-09,0.0024709479400590664,1.049210073722392,3,0.002261105925314588,0.0014217378663366744,0.00037252779261428247,-0.0017258923548305015,14
2010-07-08,-0.06419419138130365,1.0252900656925443,10,-0.06439924939444217,-0.0652194814469962,-0.06624477151268875,-0.06829535164407383,14
2010-08-05,0.03318704953805758,1.3137039695724806,1,0.03292430874414309,0.031873345568485104,0.03055964159891262,0.027932233659767658,14
2010-09-02,-0.05592624381059241,1.1100135612396103,5,-0.05614824652284033,-0.05703625737183202,-0.058146270933071634,-0.060366298055550854,14
2010-10-01,-0.009628070759326708,1.2439389847015239,5,-0.009876858556267012,-0.010872009744028232,-0.012115948728729755,-0.014603826698132804,14
2010-10-29,-0.03289724296107006,1.19906867038314,9,-0.03313705669514669,-0.0340963116314532,-0.035295380301836335,-0.03769351764260262,14
2010-11-29,-0.026731801458009522,1.3527797551629206,5,-0.027002357409042107,-0.028084581213172442,-0.029437360968335363,-0.032142920478661206,14
2010-12-28,0.0015188467137572561,1.2703979263941005,4,0.001264767128478436,0.00024844878736315565,-0.0010219491390309448,-0.0035627449918191455,14
2011-01-26,0.007523898990167584,1.1318374913117784,4,0.007297531491905229,0.006392061498855807,0.005260224007544028,0.0029965490249204713,14
2011-02-24,0.013675140545991765,1.1912715487649768,10,0.013436886236238768,0.012483868997226788,0.01129259744846181,0.008910054350931857,14
2011-03-24,-0.005055835108175985,1.2676412656549358,5,-0.005309363361306972,-0.006323476373830921,-0.007591117639485857,-0.010126400170795729,14
2011-04-21,0.07868978120946148,1.1900647067942318,6,0.07845176826810263,0.07749971650266724,0.07630965179587301,0.07392952238228455,14
2011-05-20,0.04277479824633695,1.2751430740076966,10,0.042519769631535406,0.04149965517232925,0.040224512098321556,0.03767422595030616,14
2011-06-20,-0.09851218141990681,1.176508681729971,7,-0.0987474831562528,-0.09968869010163678,-0.10086519878336675,-0.10321821614682669,14
2011-07-19,0.1354130497809388,1.224117103876582,2,0.13516822636016348,0.13418893267706222,0.13296481557318562,0.13051658136543245,14
2011-08-16,0.041907288441522555,1.1438925309560675,7,0.04167850993533134,0.04076339591056649,0.03961950337961042,0.037331718317698284,14
2011-09-14,0.05992906596848834,1.0891722927152552,6,0.05971123150994529,0.05883989367577309,0.05775072138305783,0.05557237679762732,14
2011-10-12,-0.034619332766553094,0.8879288622590766,6,-0.03479691853900491,-0.035507261628812174,-0.03639519049107125,-0.0381710482155894,14
2011-11-09,0.03269363096599935,0.9875610235255495,5,0.03249611876129424,0.031706069942473804,0.030718508918948253,0.028743386871897154,14
2011-12-08,-0.017755641513499714,1.0591712741288368,4,-0.01796747576832548,-0.01881481278762855,-0.019873984061757388,-0.021992326610015062,14
2012-01-09,-0.11028644453309776,0.9319175903356817,5,-0.1104728280511649,-0.11121836212343345,-0.11215027971376912,-0.11401411489444048,14
2012-02-07,0.0518033066388007,1.3262911350663895,9,0.05153804841178742,0.05047701550373431,0.04915072436866792,0.046498142098535145,14
2012-03-07,0.022070914754409705,1.1445615463861218,6,0.021842002445132482,0.020926353208023583,0.01978179166163746,0.017492668568865218,14
2012-04-04,0.04309394296074188,1.1510986776964571,5,0.042863723225202585,0.04194284428304542,0.04079174560534896,0.03848954824995605,14
2012-05-03,0.09251803501206922,1.0308015095846668,5,0.09231187471015229,0.09148723350248456,0.09045643199289989,0.08839482897373055,14
2012-06-01,-0.019751896559466464,1.0718857152347128,4,-0.019966273702513408,-0.020823782274701177,-0.02189566798993589,-0.024039439420405317,14
2012-06-29,0.023363520650383295,1.05354020944164,7,0.023152812608494968,0.022309980440941655,0.021256440231500015,0.019149359812616736,14
2012-07-30,-0.05314304143168442,1.0553153242348783,3,-0.05335410449653139,-0.054198356755919296,-0.05525367208015418,-0.05736430272862393,14
2012-08-27,-0.004829129602711359,1.4195881669708619,0,-0.005113047236105531,-0.006248717769682221,-0.007668305936653083,-0.010507482270594806,14
2012-09-25,0.000131943541063446,1.3082403432997054,6,-0.00012970452759649507,-0.0011762968022362595,-0.002484537145535965,-0.0051010178321353765,14
2012-10-23,0.013436878521627968,1.1873816466927674,3,0.013199402192289414,0.0122494968749352,0.011062115228242433,0.008687351934856898,14
2012-11-23,-0.024815746629065785,1.2430271186506832,8,-0.025064352052795922,-0.02605877374771647,-0.027301800866367153,-0.029787855103668517,14
2012-12-21,-0.019709089721735365,1.3091252982766661,6,-0.019970914781390698,-0.02101821502001203,-0.0223273403182887,-0.02494559091484203,14
2013-01-23,0.040380674101700244,1.3817034261640353,9,0.040104333416467436,0.03899897067553621,0.03761726724937217,0.034853860397044106,14
2013-02-21,-0.006166919217236614,1.298590583846652,4,-0.006426637334005944,-0.007465509801083266,-0.008764100384929918,-0.011361281552623222,14
2013-03-21,0.029206470251812416,1.3370806370422932,3,0.028939054124403958,0.02786938961477012,0.02653230897772783,0.023858147703643244,14
2013-04-19,-0.09107147090185291,1.148239485856275,3,-0.09130111879902417,-0.0922197103877092,-0.09336794987356546,-0.09566442884527801,14
2013-05-17,-0.022257325104631086,1.4086112674243279,5,-0.022539047358115953,-0.023665936372055413,-0.025074547639479743,-0.0278917701743284,14
2013-06-17,-0.030285477415898206,1.2659430088515742,5,-0.030538666017668522,-0.03155142042474978,-0.03281736343360135,-0.03534924945130451,14
2013-07-16,0.006397753460374033,1.3566234526574574,4,0.006126428769842542,0.005041130007716575,0.003684506555059118,0.0009712596497442032,14
2013-08-13,-0.059195995293978704,1.3644081457068584,3,-0.05946887692312008,-0.060560403439685564,-0.06192481158539242,-0.06465362787680613,14
2013-09-11,0.033182283387078515,1.3629900599082898,8,0.03290968537509686,0.03181929332717023,0.030456303267261935,0.027730323147445356,14
2013-10-09,0.04531220566835757,1.1550089067652995,9,0.04508120388700451,0.04415719676159227,0.04300218785482697,0.040692170041296376,14
2013-11-06,-0.024986678988381215,1.386464679672581,6,-0.02526397192431573,-0.026373143668053798,-0.027759608347726377,-0.03053253770707154,14
2013-12-05,-0.031123827148869018,1.4347352492386538,9,-0.03141077419871675,-0.03255856239810767,-0.03399329764734633,-0.036862768145823635,14
2014-01-06,-0.051179944742396975,1.383573355670436,5,-0.051456659413531065,-0.05256351809806741,-0.05394709145373785,-0.05671423816507872,14
2014-02-04,-0.08701198200436205,1.3994943273224096,6,-0.08729188086982653,-0.08841147633168446,-0.08981097065900687,-0.0926099593136517,14
2014-03-05,0.06323908046284721,1.4556011772841622,3,0.06294796022739038,0.06178347928556305,0.06032787810827889,0.05741667575371056,14
2014-04-02,0.09153858970531749,1.228169890361957,4,0.09129295572724509,0.09031041981495554,0.08908224992459357,0.08662591014386967,14
2014-05-01,0.03206818817510635,1.0512517183400705,4,0.03185793783143834,0.03101693645676628,0.02996568473842621,0.027863181301746066,14
2014-05-30,-0.06614085799920931,1.2316414322086888,4,-0.06638718628565105,-0.067372499431418,-0.06860414086362669,-0.07106742372804406,14
2014-06-27,0.06131662404130974,1.388498834327234,4,0.061038924274444295,0.059928125206982506,0.05853962637265527,0.055762628704000804,14
2014-07-28,-0.046310206955999626,1.2372898538321069,4,-0.046557664926766044,-0.04754749680983173,-0.04878478666366384,-0.05125936637132805,14
2014-08-25,0.02986389196672577,1.465757974467169,4,0.029570740371832334,0.0283981339922586,0.026932376017791432,0.024000860068857092,14
2014-09-23,0.026584971921825223,1.2549988292465222,5,0.026333972155975917,0.0253299730925787,0.024074974263332178,0.021564976604839133,14
2014-10-21,0.036103142577068,1.3214924189098691,4,0.035838844093286026,0.03478165015815814,0.033460157739248264,0.030817172901428526,14
2014-11-18,0.04821423338174194,1.1898437841713319,5,0.04797626462490767,0.047024389597570604,0.045834545813399276,0.04345485824505661,14
2014-12-17,0.035398156718357325,1.2476960378589645,5,0.03514861751078553,0.03415046068049836,0.032902764642639394,0.030407372566921467,14
2015-01-16,-0.05131579391608484,1.026335868153224,5,-0.051521061089715485,-0.052342129784238065,-0.053368465652391284,-0.055421137388697736,14
2015-02-17,0.05370636923706521,1.3006418844018592,9,0.05344624086018484,0.05240572735266335,0.051105085468261494,0.048503801699457776,14
2015-03-17,-0.04578865297078011,1.436657849614982,3,-0.04607598454070311,-0.04722531082039509,-0.048661968670010075,-0.051535284369240035,14
2015-04-15,0.057132452834008175,1.3278762021845512,5,0.056866877593571265,0.05580457663182362,0.05447670042963907,0.05182094802526997,14
2015-05-13,0.0061099217204989105,1.1810464560492047,7,0.005873712429289069,0.004928875264449706,0.003747828808400501,0.0013857358963020915,14
2015-06-11,0.04350716991298903,1.3431902662605961,9,0.04323853185973691,0.04216397964672843,0.040820789380467834,0.038134408847946645,14
2015-07-10,0.09890560422057094,1.2491354626570443,4,0.09865577712803954,0.0976564687579139,0.09640733329525686,0.09390906236994277,14
2015-08-07,-0.004316556651528475,1.3195070595670007,6,-0.004580458063441876,-0.005636063711095476,-0.006955570770662477,-0.00959458488979648,14
2015-09-04,0.09018446761113803,1.3597838201266614,4,0.0899125108471127,0.08882468379101137,0.0874648999708847,0.08474533233063139,14
2015-10-05,-0.021122052994680146,1.1073698741509164,7,-0.021343526969510328,-0.02222942286883106,-0.02333679274298198,-0.02555153249128381,14
2015-11-02,-0.035758511868268804,1.232321830802614,4,-0.036004976234429324,-0.03699083369907142,-0.03822315552987403,-0.04068779919147926,14
2015-12-01,0.037370882667952014,1.4754018258887063,6,0.037075802302774276,0.03589548084206331,0.0344200790161746,0.03146927536439719,14
2015-12-30,0.14664946979754842,1.2977391665847764,5,0.14638992196423148,0.14535173063096365,0.14405399146437886,0.14145851313120933,14
2016-01-29,0.05322400856055674,1.0729230638982563,6,0.05300942394777709,0.052151085496658485,0.05107816243276023,0.04893231630496372,14
2016-02-29,-0.048531887600898216,1.1180254430834893,5,-0.048755492689514915,-0.049649913043981704,-0.05076793848706519,-0.053003989373232176,14
2016-03-29,-0.16407254760886708,1.247347702284551,4,-0.16432201714932398,-0.16531989531115163,-0.16656724301343617,-0.1690619384180053,14
2016-04-26,0.052023926305367445,1.3113098820192444,6,0.0517616643289636,0.0507126164233482,0.04940130654132895,0.04677868677729047,14
2016-05-24,-0.009801924668965472,1.2327090827553842,4,-0.010048466485516548,-0.011034633751720856,-0.01226734283447624,-0.014732760999987007,14
2016-06-22,-0.028626182871639004,1.1485040416461227,8,-0.02885588367996823,-0.029774686913285126,-0.03092319095493125,-0.03322019903822349,14
2016-07-21,-0.09286669568384262,1.2448931281084927,7,-0.09311567430946432,-0.09411158881195111,-0.0953564819400596,-0.09784626819627659,14
2016-08-18,-0.011135815303125716,1.4589976164678593,11,-0.011427614826419288,-0.012594812919593575,-0.014053810536061435,-0.016971805768997154,14
2016-09-16,0.007176990496327127,1.4068285353315009,10,0.006895624789260827,0.005770161960995626,0.004363333425664126,0.0015496763550011238,14
2016-10-14,-0.03241693713284137,1.2273193404710756,10,-0.032662401000935586,-0.03364425647331244,-0.03487157581378352,-0.037326214494725674,14
2016-11-11,0.010045464608498136,1.306421250482136,8,0.00978418035840171,0.008739043358016,0.007432622107533864,0.004819779606569592,14
2016-12-12,0.010031222045550948,1.3150302455993887,6,0.00976821599643107,0.00871619179995156,0.00740116155435217,0.004771101063153393,14
2017-01-11,-0.003228055182861358,1.1236086915067034,4,-0.003452776921162699,-0.004351663874368061,-0.005475272565874765,-0.007722489948888172,14
2017-02-09,0.03848983309585007,1.2360005795952127,10,0.03824263297993103,0.03725383251625486,0.036017831936659646,0.03354583077746922,14
2017-03-10,0.018633007935663155,1.3844449729886306,9,0.018356118941065428,0.017248562962674525,0.015864117989685893,0.013095228043708633,14
2017-04-07,0.05035840449052519,1.090721101066107,8,0.05014026027031197,0.04926768338945908,0.04817696228839298,0.04599552008626076,14
2017-05-08,-0.008956313952905826,1.236145974799153,5,-0.009203543147865657,-0.01019245992770498,-0.011428605902504132,-0.013900897852102438,14
2017-06-06,-0.040095236531557374,1.2080607354211557,4,-0.0403368486786416,-0.04130329726697853,-0.042511358002399684,-0.044927479473241994,14
2017-07-05,0.02804222973103846,1.1492328498157907,8,0.027812383161075302,0.02689299688122267,0.02574376403140688,0.023445298331775298,14
2017-08-02,0.00027432545342005905,1.2111825959933245,3,3.208893422139414e-05,-0.0009368571425732654,-0.00214803973856659,-0.004570404930553239,14
2017-08-30,-0.07437072967165823,1.3719274145651963,10,-0.07464511515457127,-0.07574265708622342,-0.07711458450078862,-0.07985843932991901,14
2017-09-28,0.04283654454410855,1.4250439044916168,8,0.042551535763210226,0.04141150063961693,0.03998645673512531,0.03713636892614208,14
2017-10-26,-0.029518943265515196,1.2264664607147613,5,-0.02976423655765815,-0.030745409726229956,-0.03197187618694472,-0.03442480910837424,14
2017-11-24,-0.009032702734321881,1.4571105208846487,3,-0.009324124838498812,-0.01048981325520653,-0.011946923776091179,-0.014861144817860477,14
2017-12-22,-0.028816870107431655,1.3436139835944714,6,-0.02908559290415055,-0.030160484091026125,-0.031504098074620596,-0.03419132604180954,14
2018-01-24,0.025608398715277585,1.2837099527222027,8,0.025351656724733145,0.02432468876255538,0.02304097880983318,0.020473558904388775,14
2018-02-22,-0.006476158617284409,1.368631947017205,9,-0.00674988500668785,-0.007844790564301613,-0.00921342251131882,-0.011950686405353229,14
2018-03-22,0.007675367478586829,1.4933651123909728,6,0.007376694456108634,0.006182002366195856,0.004688637253804883,0.0017019070290229376,14
2018-04-20,-0.05958923229416695,1.3081119566968316,3,-0.05985085468550631,-0.06089734425086378,-0.06220545620756061,-0.06482168012095427,14
2018-05-18,-0.0307141698949786,1.5698599627941228,9,-0.031028141887537424,-0.03228402985777273,-0.03385388982056685,-0.03699360974615509,14
2018-06-18,0.0075583647239303615,1.627947693394412,4,0.007232775185251479,0.005930417030535949,0.0043024693371415375,0.0010465739503527135,14
2018-07-17,0.04048273899365797,1.299591254244589,4,0.04022282074280906,0.039183147739413386,0.03788355648516879,0.03528437397667962,14
2018-08-14,-0.0014347941288575087,1.4188195462948565,3,-0.00171855803811648,-0.002853613675152365,-0.004272433221447222,-0.007110072314036935,14
2018-09-12,0.07578065361713156,1.354916448223341,4,0.07550967032748689,0.07442573716890821,0.07307082072068488,0.07036098782423819,14
2018-10-10,0.02297057244936755,1.2412643876579905,9,0.022722319571835955,0.02172930806170956,0.02048804367405157,0.01800551489873559,14
2018-11-07,0.08327784106525994,1.4422809099604617,9,0.08298938488326785,0.08183556015529948,0.08039327924533902,0.0775087174254181,14
2018-12-07,-0.03625579007075542,1.1439680644557055,6,-0.03648458368364656,-0.037399758135211125,-0.03854372619966683,-0.04083166232857824,14
2019-01-08,-0.00946114644060989,1.1582412115901932,8,-0.009692794682927929,-0.010619387652200083,-0.011777628863790277,-0.014094111286970664,14
2019-02-06,0.012060664942631288,1.3000612004514542,7,0.011800652702540998,0.010760603742179834,0.00946054254172838,0.006860420140825471,14
2019-03-07,-0.008138950791012966,1.4698812058052635,6,-0.008432927032174018,-0.00960883199681823,-0.011078713202623493,-0.01401847561423402,14
2019-04-04,0.04217490030501459,1.30665616386181,4,0.04191356907224223,0.04086824414115278,0.03956158797729097,0.036948275649567354,14
2019-05-03,0.10838999352593609,1.2018369249769858,1,0.10814962614094069,0.10718815660095911,0.10598631967598211,0.10358264582602815,14
2019-06-03,-0.055074402082261116,1.234271888385073,3,-0.05532125645993813,-0.05630867397064619,-0.05754294585903126,-0.060011489635801406,14
2019-07-01,0.034229439433921593,1.2707414565768258,6,0.03397529114260623,0.03295869797734477,0.03168795652076794,0.02914647360761429,14
2019-07-30,0.09302444155142951,1.2578948960243164,3,0.09277286257222465,0.09176654665540519,0.09050865175938087,0.08799286196733225,14
2019-08-27,-0.026649456986212596,1.2634066745944144,5,-0.026902138321131478,-0.02791286366080701,-0.029176270335401426,-0.03170308368459025,14
2019-09-25,0.012101167519786408,1.2549969843821,9,0.011850168122909987,0.010846170535404308,0.009591173551022208,0.007081179582258007,14
2019-10-23,-0.03736489125471283,1.10379885352009,4,-0.03758565102541685,-0.03846869010823292,-0.03957248896175301,-0.04178008666879319,14
2019-11-20,-0.09637273225873884,1.4550108610285735,5,-0.09666373443094456,-0.09782774311976741,-0.09928275398079599,-0.10219277570285314,14
2019-12-19,0.016535066166689545,1.4856155073462525,8,0.016237943065220296,0.015049450659343292,0.01356383515199704,0.010592604137304534,14
2020-01-21,-0.019261703686052088,1.2616766346956456,3,-0.019514039012991216,-0.020523380320747735,-0.02178505695544338,-0.02430841022483467,14
2020-02-19,0.14580183153597176,1.3979981025800785,4,0.14552223191545574,0.1444038334333917,0.1430058353308116,0.14020983912565144,14
2020-03-18,-0.3260158096078688,1.3098884975207292,7,-0.32627778730737295,-0.32732569810538953,-0.32863558660291026,-0.3312553635979517,14
2020-04-16,-0.08568650726027925,2.1353910383556474,1,-0.08611358546795038,-0.0878218982986349,-0.08995728933699054,-0.09422807141370185,14
2020-05-14,-0.18142521063015055,1.2864020979034698,2,-0.18168249104973125,-0.18271161272805403,-0.18399801482595748,-0.18657081902176442,14
2020-06-12,0.05690813688926552,1.4136870602986595,5,0.05662539947720579,0.05549444982896686,0.0540807627686682,0.051253388648070886,14
2020-07-13,-0.08694438752516952,1.1315769682509114,2,-0.0871707029188197,-0.08807596449342042,-0.08920754146167134,-0.09147069539817317,14
2020-08-10,0.0675775221778792,1.3682858163536478,4,0.06730386501460847,0.06620923636152555,0.0648409505451719,0.062104378912464606,14
2020-09-08,-0.08440892919909987,1.1626613921632913,3,-0.08464146147753253,-0.08557159059126317,-0.08673425198342645,-0.08905957476775303,14
2020-10-06,0.04002640195621918,1.4007037586921771,5,0.03974626120448075,0.03862569819752701,0.03722499443883483,0.03442358692145048,14
2020-11-03,-0.1505245363369483,1.2234252992213865,4,-0.15076922139679258,-0.1517479616361697,-0.15297138693539106,-0.15541823753383383,14
2020-12-02,-0.04289048900439961,1.5956737808881571,1,-0.04320962376057724,-0.04448616278528777,-0.04608183656617593,-0.04927318412795224,14
2020-12-31,-0.3456500451728002,1.3091910430151854,5,-0.3459118833814032,-0.34695923621581537,-0.34826842725883056,-0.35088680934486094,14
2021-02-01,0.0028943146084538084,1.9563871847443917,5,0.00250303717150493,0.0009379274237094168,-0.0010184597610349748,-0.004931234130523758,14
2021-03-02,0.15439355176865505,1.1502702567343508,1,0.15416349771730817,0.15324328151192068,0.15209301125518634,0.14979247074171764,14
2021-03-30,0.02247494559145156,0.9819887515439082,8,0.02227854784114278,0.02149295683990765,0.020510968088363744,0.018546990585275928,14
2021-04-28,0.09814952497107997,1.0262524039605678,6,0.09794427449028785,0.0971232725671194,0.09609702016315884,0.0940445153552377,14
2021-05-26,-0.13432505716285328,1.1216978356041267,6,-0.1345493967299741,-0.1354467549984574,-0.13656845283406155,-0.13881184850526979,14
2021-06-24,0.15687505620548042,1.3992712390333775,7,0.15659520195767374,0.15547578496644704,0.15407651372741366,0.15127797124934692,14
2021-07-23,0.07033499406569026,1.0690815064181038,1,0.07012117776440664,0.06926591255927216,0.06819683105285405,0.06605866804001784,14
2021-08-20,-0.06397077163224724,1.1824553910180877,9,-0.06420726271045085,-0.06515322702326533,-0.0663356824142834,-0.06870059319631959,14
2021-09-20,-0.002716717332829136,1.3060218733556639,6,-0.002977921707500269,-0.0040227392061848,-0.005328761079540464,-0.007940804826251792,14
2021-10-18,0.009359153814044471,1.1784064240336118,3,0.009123472529237748,0.008180747390010859,0.007002340965977247,0.004645528117910023,14
2021-11-15,0.1871004545996865,1.2546193739112572,13,0.18684953072490423,0.18584583522577525,0.18459121585186397,0.18208197710404148,14
2021-12-14,0.0778853175508018,1.227104995224044,3,0.07763989655175699,0.07665821255557775,0.07543110756035372,0.07297689756990562,14
2022-01-12,0.07876322967756388,1.1134869278448438,2,0.07854053229199491,0.07764974274971904,0.07653625582187419,0.07430928196618451,14
2022-02-10,0.09647971390257899,1.0293110831321608,8,0.09627385168595257,0.09545040281944683,0.09442109173631467,0.09236246957005034,14
2022-03-11,0.022338362336039384,1.1343516106894862,8,0.022111492013901488,0.021204010725349897,0.020069659114660413,0.01780095589328144,14
2022-04-08,0.24203652671198211,1.1353392504960482,3,0.2418094588618829,0.24090118746148606,0.23976584821099,0.23749516970999793,14
2022-05-09,-0.07009405196938742,0.9967908134306547,6,-0.07029341013207355,-0.07109084278281808,-0.07208763359624873,-0.07408121522311004,14
2022-06-07,-0.034553565878111175,1.22548342588635,11,-0.034798662563288445,-0.03577904930399753,-0.037004532729883875,-0.039455499581656575,14
2022-07-07,-0.0691058278374943,1.1458497182442318,7,-0.06933499778114315,-0.07025167755573854,-0.07139752727398277,-0.07368922671047123,14
2022-08-04,0.047690337916325654,1.3365884754405692,5,0.04742302022123754,0.046353749440885085,0.045017160965444517,0.04234398401456338,14
2022-09-01,0.049467446934072026,1.0787456808086708,5,0.04925169779791029,0.048388701253263354,0.04730995557245468,0.045152464210837344,14
2022-09-30,0.03239336565726718,1.0720211343122972,9,0.03217896143040472,0.03132134452295488,0.030249323388642585,0.02810528112001799,14
2022-10-28,0.07308094231109508,1.2722129420402626,6,0.07282649972268702,0.07180872936905482,0.07053651642701456,0.06799209054293402,14
2022-11-28,0.06250816650900082,1.2350193791666086,10,0.06226116263316749,0.061273147129834206,0.0600381277506676,0.057568088992334385,14
2022-12-27,-0.18794924453116357,1.1727475744384703,7,-0.18818379404605126,-0.18912199210560204,-0.19029473968004051,-0.19264023482891746,14
2023-01-26,0.028637202604419203,1.3413668997490171,7,0.0283689292244694,0.027295835704670184,0.02595446880492117,0.023271735005423136,14
2023-02-24,0.03173903102319651,1.2658777636580183,9,0.0314858554704649,0.03047315325953849,0.029207275495880473,0.026675519968564435,14
2023-03-24,0.004612839220659636,1.320486332586136,4,0.004348741954142409,0.0032923528880735003,0.001971866555487364,-0.0006691061096849079,14
2023-04-24,-0.042595508753355375,1.3002494631500923,6,-0.04285555864598539,-0.043895758216505466,-0.04519600767965556,-0.047796506605955746,14
2023-05-22,-0.030237652734709335,1.372648942430971,6,-0.03051218252319553,-0.03161030167714031,-0.03298295061957128,-0.03572824850443322,14
2023-06-21,-0.055116148763439204,1.366175390396353,4,-0.05538938384151847,-0.056482324153835556,-0.05784849954423191,-0.06058085032502462,14
2023-07-20,0.10221277372322736,1.3300337203338646,5,0.10194676697916058,0.10088274000289349,0.09955270628255963,0.0968926388418919,14
2023-08-17,0.011698431260602948,1.2196646480692397,4,0.0114544983309891,0.010478766612533708,0.009259101964464469,0.006819772668325989,14
2023-09-15,0.09945361268054938,1.3820093976020438,5,0.09917721080102897,0.09807160328294734,0.09668959388534529,0.0939255750901412,14
2023-10-13,0.07450119463575325,1.2333919003377694,9,0.0742545162556857,0.07326780273541549,0.07203441083507771,0.06956762703440217,14
2023-11-10,-0.14613066966935032,1.3726086964467807,4,-0.14640519140863967,-0.1475032783657971,-0.1488758870622439,-0.15162110445513743,14
2006-01-26,0.03353723360093224,1.000000000000002,11,0.03333723360093224,0.03253723360093224,0.03153723360093224,0.029537233600932234,15
2006-02-24,-0.0154509435188484,1.3539196054906604,8,-0.015721727439946532,-0.01680486312433906,-0.01815878272982972,-0.020866621940811042,15
2006-03-24,-0.02671652291781162,1.3284626838350015,11,-0.02698221545457862,-0.028044985601646623,-0.029373448285481624,-0.03203037365315163,15
2006-04-24,0.11823617025247575,1.3439843742374997,6,0.11796737337762825,0.11689218587823826,0.11554820150400075,0.11286023275552576,15
2006-05-22,0.045953158802005914,1.2903065569644354,6,0.045695097490613026,0.044662852245041476,0.043372545688077045,0.04079193257414817,15
2006-06-20,0.004700248817737597,1.213030832587002,6,0.004457642651220196,0.0034872179851505947,0.002274187152563593,-0.00015187451261041134,15
2006-07-19,0.019633818264533743,1.1378770234699886,4,0.019406242859839745,0.018495941241063754,0.017358064217593765,0.015082310170653788,15
2006-08-16,-0.02624005505139058,1.2215888601156386,2,-0.026484372823413708,-0.02746164391150622,-0.02868323277162186,-0.031126410491853135,15
2006-09-14,-0.03333065434528406,1.2551994287112072,6,-0.0335816942310263,-0.03458585377399526,-0.035841053202706474,-0.03835145206012889,15
2006-10-12,-0.0012810357470540207,1.2182220785645714,10,-0.001524680162766935,-0.002499257825618592,-0.0037174799041831633,-0.006153924061312307,15
2006-11-09,-0.029433723672509536,1.348352811924979,13,-0.029703394234894532,-0.030782076484434515,-0.032130429296359495,-0.03482713492020945,15
2006-12-08,0.03898091478207002,1.416404127262439,11,0.03869763395661753,0.03756451065480758,0.03614810652754514,0.03331529827302026,15
2007-01-10,-0.004677212780770805,1.2094145382978683,13,-0.004919095688430379,-0.005886627319068673,-0.0070960418573665415,-0.009514870933962277,15
2007-02-08,0.0197164132632909,1.4096657213871913,8,0.019434480119013463,0.01830674754190371,0.016897081820516517,0.014077750377742136,15
2007-03-09,-0.026303289538126204,1.3785298027301296,9,-0.02657899549867223,-0.027681819340856333,-0.02906034914358646,-0.03181740874904672,15
2007-04-09,0.01224070243311539,1.3544027947920523,10,0.01196982187415698,0.010886299638323337,0.009531896843531285,0.006823091253947181,15
2007-05-07,-0.02191717442174875,1.3810618562165513,11,-0.022193386792992063,-0.023298236277965303,-0.024679298134181855,-0.027441421846614956,15
2007-06-05,0.00027086900108797164,1.4167686304897467,12,-1.2484725009977724e-05,-0.001145899629401775,-0.0025626682598915216,-0.005396205520871015,15
2007-07-03,0.044549051505014516,1.295035753813384,8,0.04429004435425184,0.04325401575120113,0.04195897999738775,0.039368908489760976,15
2007-08-01,0.02011731689219815,1.3483498598765786,13,0.019847646920222832,0.01876896703232157,0.01742061717244499,0.014723917452691835,15
2007-08-29,0.008109363676444645,1.4237206688756676,11,0.007824619542669511,0.006685643007568977,0.00526192233869331,0.0024144810009419744,15
2007-09-27,0.04092632163944359,1.2795796152681154,14,0.04067040571638997,0.03964674202417547,0.03836716240890736,0.03580800317837113,15
2007-10-25,0.11309142714781706,1.1106298260773346,18,0.11286930118260159,0.11198079732173973,0.11087016749566239,0.10864890784350772,15
2007-11-23,-0.04341157686707477,1.2340372781611586,9,-0.04365838432270701,-0.044645614145235935,-0.04587965142339709,-0.04834772597971941,15
2007-12-21,0.051255143715891134,1.3115974458036714,3,0.0509928242267304,0.049943546270087465,0.04863194882428379,0.04600875393267645,15
2008-01-23,-0.00550571832606903,1.1169329588565535,7,-0.005729104917840341,-0.006622651284925583,-0.007739584243782138,-0.009973450161495244,15
2008-02-21,0.035117634684649124,1.214227089742873,8,0.03487478926670055,0.03390340759490625,0.032689180505163375,0.030260726325677632,15
2008-03-20,-0.04402392181377003,1.2057044472632532,3,-0.04426506270322268,-0.04522962626103329,-0.046435330708296536,-0.04884673960282304,15
2008-04-18,-0.021268332169563395,1.0942218867332123,3,-0.02148717654691004,-0.022362554056296606,-0.02345677594302982,-0.025645219716496245,15
2008-05-16,0.014738266831916978,1.2844942794001377,6,0.014481367976036951,0.01345377255251684,0.012169278273116702,0.009600289714316427,15
2008-06-16,0.10290087453084985,1.2973171084892665,5,0.102641411109152,0.10160355742236059,0.10030624031387132,0.09771160609689279,15
2008-07-15,-0.1331864404134917,1.1363559688090952,8,-0.13341371160725352,-0.1343227963823008,-0.1354591523511099,-0.13773186428872808,15
2008-08-12,0.012040175654010369,1.3938877839798096,3,0.011761398097214406,0.010646287870030559,0.009252400086050749,0.00646462451809113,15
2008-09-10,0.17443056414784427,1.07645974492161,5,0.17421527219885996,0.17335410440292268,0.17227764465800105,0.17012472516815783,15
2008-10-08,-0.024228380896678812,1.0622006234172774,8,-0.024440821021362268,-0.02529058152009609,-0.026352782143513366,-0.02847718339034792,15
2008-11-05,0.2275061728491737,1.231019338385609,5,0.22725996898149659,0.2262751535107881,0.2250441341724025,0.22258209549563127,15
2008-12-04,-0.29582239529267773,1.1014045610355143,6,-0.29604267620488484,-0.29692379985371326,-0.2980252044147488,-0.30022801353681977,15
2009-01-05,0.15800554408589584,1.7140394177828375,4,0.15766273620233928,0.156291504668113,0.15457746525033017,0.1511493864147645,15
2009-02-03,0.07917237605401273,1.0280225343228386,1,0.07896677154714817,0.07814435351968989,0.07711633098536705,0.07506028591672137,15
2009-03-04,-0.17392011769164983,1.1341633011646484,2,-0.17414695035188277,-0.17505428099281448,-0.17618844429397912,-0.17845677089630843,15
2009-04-01,-0.2963142419974415,1.4518168317948046,0,-0.29660460536380046,-0.2977660588292363,-0.2992178756610311,-0.30212150932462073,15
2009-04-30,-0.056724447032626704,1.5511400025627105,0,-0.05703467503313925,-0.05827558703518942,-0.059826727037752124,-0.06292900704287754,15
2009-05-29,0.07721666856473831,1.1532557077252257,1,0.07698601742319326,0.07606341285701308,0.07491015714928786,0.07260364573383742,15
2009-06-26,-0.0554573135122615,1.1633750608645466,3,-0.05568998852443441,-0.05662068857312604,-0.05778406363399059,-0.06011081375571969,15
2009-07-27,-0.0660239644228759,1.297759323577896,0,-0.06628351628759148,-0.0673217237464538,-0.0686194830700317,-0.07121500171718749,15
2009-08-24,-0.12874322675815414,1.3682716961583854,3,-0.12901688109738582,-0.13011149845431252,-0.1314797701504709,-0.13421631354278768,15
2009-09-22,0.07629584827551895,1.3947782672003086,4,0.07601689262207889,0.07490107000831865,0.07350629174111833,0.07071673520671772,15
2009-10-20,0.05911559886956175,1.0686140851425243,7,0.05890187605253324,0.05804698478441922,0.0569783706992767,0.05484114252899165,15
2009-11-17,-0.009294765718828148,1.0296515418112038,3,-0.009500696027190388,-0.010324417260639353,-0.011354068802450556,-0.013413371886072964,15
2009-12-16,-0.04586281589016112,1.2212075405355036,3,-0.04610705739826822,-0.04708402343069662,-0.04830523097123213,-0.050747646052303134,15
2010-01-15,0.026163727464041713,1.309590803635342,5,0.025901809303314646,0.02485413666040637,0.02354454585677103,0.020925364249500346,15
2010-02-16,-0.035904307862724395,1.1341940373950565,8,-0.03613114667020341,-0.03703850190011945,-0.03817269593751451,-0.04044108401230462,15
2010-03-16,-0.036088169231052784,1.4681382245409975,3,-0.036381796875960985,-0.03755630745559378,-0.03902444568013478,-0.041960722129216775,15
2010-04-14,0.01931549505525795,1.3753852094406038,4,0.01904041801336983,0.017940109845817346,0.016564724636376742,0.013813954217495535,15
2010-05-12,0.11317889713071472,1.1878851326241358,7,0.11294132010418989,0.11199101199809058,0.11080312686546645,0.10842735660021817,15
2010-06-10,0.01696950285040263,1.061282772016748,3,0.01675724629599928,0.015908220078385882,0.014846937306369136,0.012724371762335639,15
2010-07-09,-0.04041041652103728,1.0082694609427676,10,-0.040612070413225836,-0.04141868598198005,-0.04242695544292282,-0.04444349436480835,15
2010-08-06,0.01791815186285016,1.2573773405272366,1,0.017666676394744712,0.016660774522322924,0.015403397181795685,0.012888642500741213,15
2010-09-03,-0.03136543169678878,1.0299617809283292,6,-0.031571424052974445,-0.03239539347771711,-0.033425355258645435,-0.03548527882050209,15
2010-10-04,-0.008688152025695953,1.162038581458034,4,-0.00892055974198756,-0.009850190607153987,-0.011012229188612022,-0.01333630635152809,15
2010-11-01,-0.03683135058403189,1.1957884308922497,10,-0.03707050827021034,-0.03802713901492414,-0.03922292744581639,-0.04161450430760089,15
2010-11-30,-0.036099745232930254,1.359105113396874,4,-0.03637156625560963,-0.03745885034632713,-0.038817955459724,-0.04153616568651775,15
2010-12-29,0.006865732489746505,1.2962609368165774,4,0.006606480302383189,0.005569471552929927,0.00427321061611335,0.001680688742480195,15
2011-01-27,-0.011549817130703396,1.119881490790411,4,-0.011773793428861479,-0.012669698621493808,-0.01378958011228422,-0.016029343093865042,15
2011-02-25,0.021716172565545207,1.250664603294948,10,0.021466039644886217,0.02046550796225026,0.019214843358955312,0.016713514152365414,15
2011-03-25,0.0025391087554695745,1.2383409171364848,5,0.0022914405720422778,0.0013007678383330898,6.242692119660508e-05,-0.0024142549130763643,15
2011-04-25,0.08033937051409233,1.2243981620692341,6,0.08009449088167848,0.0791149723520231,0.07789057418995386,0.0754417778658154,15
2011-05-23,0.012670577517840573,1.2551834371783497,10,0.012419540830404903,0.011415394080662224,0.010160210643483873,0.007649843769127174,15
2011-06-21,-0.06728426207417973,1.1967162084363518,7,-0.067523605315867,-0.06848097828261608,-0.06967769449105243,-0.07207112690792514,15
2011-07-20,0.13717858068964098,1.168364587906186,2,0.13694490777205975,0.1360102161017348,0.1348418515138286,0.13250512233801623,15
2011-08-17,0.01562427010233406,1.17226622381937,8,0.015389816857570187,0.01445200387851469,0.01327973765469532,0.01093520520705658,15
2011-09-15,0.06950488365118325,1.1189312602263188,6,0.06928109739913799,0.06838595239095693,0.06726702113073062,0.06502915861027797,15
2011-10-13,-0.05124777510673971,0.9306541504232382,7,-0.051433905936824356,-0.05217842925716295,-0.05310908340758619,-0.05497039170843266,15
2011-11-10,0.004325569067411343,1.018242901268992,4,0.004121920487157545,0.0033073261661423505,0.0022890832648733584,0.0002525974623353742,15
2011-12-09,-0.01798856938471736,1.0225057175842476,2,-0.018193070528234212,-0.01901107510230161,-0.020033580819885856,-0.022078592255054354,15
2012-01-10,-0.0937420831096892,0.9820842999651355,4,-0.09393849996968223,-0.09472416740965434,-0.09570625170961948,-0.09767042030954975,15
2012-02-08,0.043253288989251626,1.3001597294340514,9,0.04299325704336482,0.041953129259817576,0.040652969530383526,0.03805265007151542,15
2012-03-08,0.03025024945187865,1.2018466748530001,5,0.03000988011690805,0.02904840277702565,0.027846556102172647,0.025442862752466648,15
2012-04-05,0.05862970269742538,1.1629410520314232,5,0.0583971144870191,0.05746676164539396,0.05630382059336253,0.05397793848929969,15
2012-05-04,0.07927451995183772,1.0203323118044767,6,0.07907045348947683,0.07825418764003325,0.07723385532822877,0.07519319070461981,15
2012-06-04,-0.04067718981512543,1.0822195969354056,7,-0.04089363373451251,-0.041759409412060834,-0.04284162900899624,-0.04500606820286705,15
2012-07-02,0.02630117776282179,1.022474215616004,4,0.02609668291969859,0.025278703547205787,0.02425622933158978,0.022211280900357774,15
2012-07-31,-0.06064977693780132,1.056669149635385,4,-0.0608611107677284,-0.0617064460874367,-0.06276311523707209,-0.06487645353634286,15
2012-08-28,0.007080263202262521,1.462510442154524,0,0.006787761113831616,0.005617752760107997,0.0041552423179534725,0.0012302214336444243,15
2012-09-26,0.0044619113918956226,1.2753696755144859,6,0.004206837456792726,0.003186541716381137,0.0019111720408666508,-0.0006395673101623209,15
2012-10-24,0.008829515449564748,1.1457038926661574,3,0.008600374671031516,0.00768381155689859,0.0065381076642324325,0.004246699878900118,15
2012-11-26,-0.014441967063541573,1.21122959738976,11,-0.014684212983019525,-0.01565319666093133,-0.016864426258321092,-0.019286885453100613,15
2012-12-24,-0.0229873637041975,1.314493723191763,3,-0.02325026244883585,-0.024301857427389262,-0.025616351150581026,-0.028245338596964552,15
2013-01-24,0.02787830214617007,1.362944339247859,10,0.0276057132783205,0.02651535780692221,0.025152413467674353,0.022426524789178635,15
2013-02-22,0.004575765953669976,1.3205408790268107,3,0.004311657777864614,0.0032552250746431654,0.0019346841956163546,-0.000706397562437267,15
2013-03-22,0.0315331191905857,1.310720247542183,3,0.03127097514107726,0.030222398943043516,0.028911678695501333,0.026290238200416965,15
2013-04-22,-0.08834104901836809,1.1419234473549218,3,-0.08856943370783907,-0.08948297246572301,-0.09062489591307793,-0.09290874280778777,15
2013-05-20,-0.008219739300452958,1.3987133826522573,5,-0.008499481976983409,-0.009618452683105214,-0.011017166065757472,-0.013814592831061987,15
2013-06-18,-0.035842023544959,1.294543977806458,5,-0.036100932340520295,-0.03713656752276546,-0.03843111150057192,-0.04102019945618483,15
2013-07-17,0.013719904197846603,1.4004708797862504,5,0.013439810021889353,0.012319433318060354,0.010918962438274102,0.008118020678701602,15
2013-08-14,-0.04647661584985915,1.368306727835473,3,-0.046750277195426244,-0.04784492257769462,-0.04921322930553009,-0.05194984276120104,15
2013-09-12,0.01867079795036787,1.3774221086317138,7,0.018395313528641526,0.017293375841736156,0.015915953733104442,0.013161109515841016,15
2013-10-10,0.06356832094749076,1.197009593995729,9,0.06332891902869162,0.06237131135349504,0.061174301759499304,0.058780282571507844,15
2013-11-07,-0.024112777830654675,1.3689981948575398,6,-0.024386577469626185,-0.025481776025512215,-0.026850774220369755,-0.029588770610084834,15
2013-12-06,-0.04608131930151735,1.4423377623091467,9,-0.046369786853979175,-0.0475236570638265,-0.048965994826135645,-0.051850670350753934,15
2014-01-07,-0.03417476172820007,1.4028410446261748,6,-0.0344553299371253,-0.03557760277282624,-0.03698044381745242,-0.039786125906704765,15
2014-02-05,-0.0974312218294769,1.353964615858035,5,-0.0977020147526485,-0.09878518644533493,-0.10013915106119298,-0.10284708029290904,15
2014-03-06,0.07252796712666909,1.50221926210361,3,0.07222752327424836,0.07102574786456547,0.06952352860246187,0.06651909007825466,15
2014-04-03,0.07018440806672818,1.2286814432919082,4,0.0699386717780698,0.06895572662343627,0.06772704518014437,0.06526968229356055,15
2014-05-02,0.03352425008943499,1.0647853215761112,5,0.03331129302511977,0.03245946476785888,0.03139467944628277,0.029265108803130546,15
2014-06-02,-0.10345308384550388,1.2226874288396312,3,-0.1036976213312718,-0.10467577127434351,-0.10589845870318314,-0.1083438335608624,15
2014-06-30,0.043301844884203126,1.436971658573975,4,0.04301445055248833,0.04186487322562915,0.040427901567055176,0.037553958249907225,15
2014-07-29,-0.04827044534677741,1.225564269322065,4,-0.04851555820064182,-0.04949600961609947,-0.05072157388542154,-0.05317270242406567,15
2014-08-26,0.03150351540851871,1.4808956131390423,4,0.0312073362858909,0.030022619795379665,0.028541724182240623,0.025579932955962538,15
2014-09-24,0.05138619580072444,1.2877065639381033,5,0.05112865448793682,0.05009848923678634,0.04881078267284823,0.046235369544972024,15
2014-10-22,0.03445237643590484,1.318548426789062,4,0.03418866675054703,0.033133828009115775,0.031815279582326716,0.029178182728748593,15
2014-11-19,0.03503714128903128,1.2068434704380435,5,0.03479577259494367,0.03383029781859324,0.032623454348155195,0.030209767407279105,15
2014-12-18,0.05148532349393205,1.240339472432512,4,0.051237255599445544,0.05024498402149954,0.04900464454906702,0.046523965604202,15
2015-01-20,-0.052155513558951344,1.0240827243077184,6,-0.052360330103812885,-0.053179596283259065,-0.05420367900756678,-0.05625184445618222,15
2015-02-18,0.03668516665010172,1.3036348788712169,8,0.03642443967432748,0.035381531771230504,0.03407789689235929,0.03147062713461685,15
2015-03-18,-0.030741334978993534,1.4539197786921818,3,-0.03103211893473197,-0.03219525475768572,-0.0336491745363779,-0.03655701409376226,15
2015-04-16,0.0645533849697962,1.299670992485665,5,0.06429345077129905,0.06325371397731053,0.06195404298482486,0.05935470099985353,15
2015-05-14,-0.00804817026080032,1.1703451786313728,8,-0.008282239296526593,-0.009218515439431692,-0.010388860618063066,-0.01272955097532581,15
2015-06-12,0.026222778060648565,1.3335791881619632,8,0.025956062223016173,0.0248891988724866,0.02355561968432464,0.020888461308000712,15
2015-07-13,0.09163182369039757,1.2571382751773248,4,0.0913803960353621,0.09037468541522024,0.08911754714004293,0.08660327058968828,15
2015-08-10,0.01538252550522005,1.3251125260241103,6,0.015117503000015227,0.014057412979195938,0.012732300453171828,0.010082075401123608,15
2015-09-08,0.07202253105087936,1.4125848072433216,5,0.07174001408943069,0.07060994624363603,0.06919736143639271,0.06637219182190607,15
2015-10-06,-0.04178649354534631,1.1038608731284394,6,-0.042007265719972,-0.04289035441847475,-0.04399421529160319,-0.04620193703786007,15
2015-11-03,-0.011372179010776768,1.2654927372597546,4,-0.011625277558228718,-0.012637671748036523,-0.013903164485296278,-0.016434149959815788,15
2015-12-02,0.030196132072205832,1.4397704434602874,7,0.029908177983513775,0.028756361628745546,0.027316591185285257,0.024437050298364682,15
2015-12-31,0.16605387761262236,1.3213084682878844,8,0.1657896159189648,0.16473256914433448,0.16341126067604658,0.1607686437394708,15
2016-02-01,0.019961077567282572,1.0874106679357918,3,0.019743595433695416,0.018873666899346782,0.017786256231410988,0.015611434895539405,15
2016-03-01,-0.04062095960975094,1.156323489682434,5,-0.04085222430768743,-0.04177728309943338,-0.04293360658911581,-0.04524625356848068,15
2016-03-30,-0.16856682780869492,1.19569041168131,5,-0.16880596589103117,-0.16976251822037622,-0.17095820863205755,-0.17334958945542017,15
2016-04-27,0.039640017138917794,1.2842046594096854,6,0.03938317620703586,0.03835581247950811,0.037071607820098426,0.03450319850127905,15
2016-05-25,-0.01114802934335037,1.230431865267205,4,-0.011394115716403811,-0.012378461208617575,-0.013608893073884779,-0.01606975680441919,15
2016-06-23,-0.006335225787007111,1.1815248309481483,7,-0.006571530753196741,-0.00751675061795526,-0.008698275448903408,-0.011061325110799705,15
2016-07-22,-0.09032128405108175,1.2611513526655003,7,-0.09057351432161485,-0.09158243540374725,-0.09284358675641276,-0.09536588946174375,15
2016-08-19,-0.019085842919822855,1.4638102499679044,14,-0.019378604969816436,-0.02054965316979076,-0.022013463419758666,-0.024941083919694473,15
2016-09-19,0.03264158493507893,1.400134444275781,7,0.03236155804622377,0.031241450490803152,0.029841316046527372,0.027041047157975808,15
2016-10-17,-0.05908688639004632,1.1812053824038835,11,-0.0593231274665271,-0.060268091772450204,-0.06144929715485409,-0.06381170791966186,15
2016-11-14,0.04032069355626274,1.349111080396375,7,0.040050871340183467,0.038971582475866365,0.037622471395469995,0.03492424923467724,15
2016-12-13,0.011356819138947474,1.2809935889027768,6,0.01110062042116692,0.010075825550044697,0.00879483196114192,0.006232844783336367,15
2017-01-12,0.0015199248760193987,1.1136637156227236,4,0.001297192132894854,0.0004062611603966751,-0.0007074025552260485,-0.0029347299864714957,15
2017-02-10,0.03302397292371691,1.2722036815745268,11,0.032769532187402,0.03175176924214238,0.030479565560567853,0.027935158197418798,15
2017-03-13,0.01650890658572094,1.3885434092823066,7,0.01623119790386448,0.015120363176438634,0.013731819767156327,0.010954732948591714,15
2017-04-10,0.04538758861318816,1.1202747515299654,8,0.045163533662882165,0.04426731386165819,0.04314703911012823,0.040906489607068296,15
2017-05-09,0.009112703021657814,1.2306681519931895,5,0.008866569391259176,0.007882034869664625,0.006651366717671435,0.004190030413685057,15
2017-06-07,-0.024835437900780348,1.188589488703246,4,-0.025073155798520996,-0.026024027389483593,-0.02721261687818684,-0.02958979585559333,15
2017-07-06,0.025051300438136512,1.111881622342611,7,0.02482892411366799,0.0239394188157939,0.02282753719345129,0.020603773948766068,15
2017-08-03,-0.012791397221470543,1.2503311801277923,3,-0.013041463457496101,-0.014041728401598334,-0.015292059581726128,-0.017792721941981712,15
2017-08-31,-0.0757862640196718,1.3935692604161014,10,-0.07606497787175502,-0.0771798332800879,-0.078573402540504,-0.08136054106133621,15
2017-09-29,0.055581265232925385,1.375822417723046,6,0.05530610074938078,0.054205442815202336,0.05282962039747929,0.0500779755620332,15
2017-10-27,-0.021704347976023164,1.2614576319714055,5,-0.021956639502417444,-0.02296580560799457,-0.024227263239965977,-0.026750178503908786,15
2017-11-27,-0.023434562717038084,1.4376095845983128,3,-0.02372208463395775,-0.024872172301636398,-0.026309781886234708,-0.029185001055431335,15
2017-12-26,-0.01199022572835608,1.3643618339355172,6,-0.012263098095143183,-0.013354587562291598,-0.014718949396227116,-0.01744767306409815,15
2018-01-25,0.012715678936719097,1.2533020380438842,8,0.012465018529110321,0.011462376898675214,0.010209074860631329,0.007702470784543561,15
2018-02-23,0.0010617567264314468,1.386180517018324,10,0.000784520623027782,-0.0003244237905868771,-0.001710604307605201,-0.004482965341641849,15
2018-03-23,0.02912137308361151,1.4171926105471495,6,0.02883793456150208,0.02770418047306436,0.026286987862517208,0.02345260264142291,15
2018-04-23,-0.06437545977937718,1.2169429063005288,6,-0.06461884836063729,-0.06559240268567772,-0.06680934559197824,-0.0692432314045793,15
2018-05-21,-0.04738896028732565,1.60358774856648,7,-0.047709677837038944,-0.04899254803589213,-0.05059613578445861,-0.05380331128159157,15
2018-06-19,0.019940274400056,1.648965384364259,3,0.01961048132318315,0.01829130901569174,0.01664234363132748,0.013344412862598963,15
2018-07-18,0.05118092773989018,1.300429600238691,4,0.05092084181984244,0.04988049813965149,0.048580068539412796,0.045979209338935415,15
2018-08-15,-0.012567648649011427,1.4243149258514356,4,-0.012852511634181715,-0.013991963574862862,-0.015416278500714298,-0.018264908352417168,15
2018-09-13,0.05994737930590634,1.4096459497083662,6,0.05966545011596466,0.05853773335619797,0.05712808740648961,0.05430879550707287,15
2018-10-11,0.03263768626254411,1.2666004239697568,8,0.03238436617775016,0.031371085838574356,0.030104485414604597,0.027571284566665084,15
2018-11-08,0.056983334673876604,1.3585624335367057,9,0.05671162218716926,0.0556247722403399,0.05426620980680319,0.05154908493972978,15
2018-12-10,-0.027526526903778846,1.1894595703388795,5,-0.027764418817846623,-0.028715986474117727,-0.029905446044456604,-0.03228436518513436,15
2019-01-09,0.023146156559063148,1.0996745831081092,8,0.022926221642441527,0.02204648197595504,0.02094680739284693,0.01874745822663071,15
2019-02-07,-0.013043418475466322,1.2445084043379144,9,-0.013292320156333904,-0.014287926879804236,-0.015532435284142151,-0.01802145209281798,15
2019-03-08,-0.023128808899922033,1.4940859493457894,5,-0.023427626089791192,-0.024622894849267822,-0.02611698079861361,-0.02910515269730519,15
2019-04-05,0.039605453344075135,1.291381439784634,4,0.03934717705611821,0.0383140719042905,0.03702269046450587,0.0344399275849366,15
2019-05-06,0.09767405267210923,1.20826662107759,1,0.0974323993478937,0.09646578605103164,0.09525751942995404,0.09284098618779886,15
2019-06-04,-0.010018391815682506,1.2733058919632891,7,-0.010273052994075164,-0.011291697707645794,-0.012565003599609085,-0.015111615383535663,15
2019-07-02,0.03272373459320559,1.1601671652074723,4,0.0324917011601641,0.031563567427998124,0.030403400262790647,0.028083065932375702,15
2019-07-31,0.09043354455252811,1.270852927161874,3,0.09017937396709573,0.08916269162536623,0.08789183869820437,0.08535013284388061,15
2019-08-28,0.000624297857935537,1.3327509047871418,5,0.0003577476769781086,-0.0007084530468516049,-0.0020412039516387467,-0.00470670576121303,15
2019-09-26,0.0018678861010376908,1.1700255900507894,8,0.001633880983027533,0.0006978605109869015,-0.0004721650790638879,-0.0028122162591654666,15
2019-10-24,-0.03958025670137854,1.1334156501690644,5,-0.039806939831412355,-0.0407136723515476,-0.041847088001716666,-0.0441139193020548,15
2019-11-21,-0.09431053454288213,1.5215070970585736,3,-0.09461483596229385,-0.0958320416399407,-0.09735354873699928,-0.10039656293111643,15
2019-12-20,0.017441697817736416,1.4861789430834125,8,0.017144462029119734,0.015955518874653005,0.01446933993156959,0.011496982045402766,15
2020-01-22,-0.012767256707801607,1.198414295567114,4,-0.01300693956691503,-0.013965671003368721,-0.015164085298935835,-0.017560913890070064,15
2020-02-20,0.12606355482625584,1.352011823586721,3,0.1257931524615385,0.12471154300266911,0.1233595311790824,0.12065550753190896,15
2020-03-19,-0.2263878179336099,1.3487190467503696,6,-0.22665756174295998,-0.22773653698036028,-0.22908525602711063,-0.2317826941206114,15
2020-04-17,-0.06840216187853922,1.7817055406700422,1,-0.06875850298667323,-0.07018386741920926,-0.0719655729598793,-0.07552898404121938,15
2020-05-15,-0.19390120755342566,1.2296273083272813,3,-0.19414713301509112,-0.19513083486175295,-0.1963604621700802,-0.1988197167867348,15
2020-06-15,0.07151291413261834,1.4672437264973215,4,0.07121946538731888,0.07004567040612102,0.0685784266796237,0.06564393922662906,15
2020-07-14,-0.06927539592416224,1.137571646031212,2,-0.06950291025336848,-0.07041296757019345,-0.07155053921622466,-0.07382568250828708,15
2020-08-11,0.05192607697780378,1.3510793345865397,4,0.05165586111088647,0.05057499764321724,0.049223918308630696,0.04652175963945762,15
2020-09-09,-0.10137963836773557,1.2186359150243726,2,-0.10162336555074045,-0.10259827428275994,-0.10381691019778432,-0.10625418202783306,15
2020-10-07,0.06288363513574693,1.430040365814997,5,0.06259762706258394,0.06145359476993194,0.06002355440411694,0.05716347367248695,15
2020-11-04,-0.17341082004287905,1.2124726680991587,4,-0.17365331457649888,-0.1746232927109782,-0.17583576537907739,-0.1782607107152757,15
2020-12-03,-0.021029094630059815,1.663074121783807,2,-0.021361709454416577,-0.02269216875184362,-0.02435524287362743,-0.027681391117195045,15
2021-01-04,-0.28792023224541785,1.2879695509776607,3,-0.2881778261556134,-0.2892082017963955,-0.29049617134737316,-0.2930721104493285,15
2021-02-02,0.029029313336243357,1.7941866243768703,5,0.028670476011367983,0.027235126711866488,0.025440940087489615,0.021852566838735876,15
2021-03-03,0.07438902441454065,1.0838566858002674,1,0.0741722530773806,0.07330516772874038,0.07222131104294012,0.07005359767133958,15
2021-03-31,0.09292093622172379,1.0408025178673896,10,0.09271277571815031,0.09188013370385639,0.09083933118598901,0.08875772615025423,15
2021-04-29,0.03936453816471788,1.0565108272972534,5,0.039153235999258434,0.03830802733742063,0.03725151651012337,0.03513849485552887,15
2021-05-27,-0.09439103704926395,1.1264471123395556,6,-0.09461632647173186,-0.09551748416160351,-0.09664393127394307,-0.09889682549862218,15
2021-06-25,0.13626175672800792,1.3047246738894944,7,0.13600081179323,0.1349570320541184,0.13365230738022893,0.13104285803244994,15
2021-07-26,0.04125262953544255,1.0705380507038127,1,0.04103852192530179,0.04018209148473874,0.039111553434034926,0.0369704773326273,15
2021-08-23,-0.045219591912256274,1.1801149557645827,9,-0.04545561490340919,-0.046399706868020855,-0.04757982182378544,-0.04994005173531461,15
2021-09-21,0.017687336253080808,1.2192422723858842,6,0.01744348779860363,0.016468093980694924,0.015248851708309039,0.01281036716353727,15
2021-10-19,0.009161875998590408,1.190957259513882,3,0.008923684546687632,0.007970918739076526,0.006779961479562644,0.00439804696053488,15
2021-11-16,0.1808293417413886,1.2900825386624317,13,0.1805713252336561,0.17953925920272618,0.17824917666406373,0.17566901158673887,15
2021-12-15,0.11917348932454906,1.2051734647820551,3,0.11893245463159265,0.11796831585976701,0.11676314239498495,0.11435279546542085,15
2022-01-13,0.056603983646659216,1.0600540126039675,2,0.056391972844138424,0.05554392963405525,0.05448387562145128,0.052363767596243345,15
2022-02-11,0.14175369581031028,1.0231435931063517,8,0.14154906709168902,0.14073055221720393,0.13970740862409758,0.13766112143788486,15
2022-03-14,-0.03973774619118253,1.109717041188162,7,-0.039959689599420166,-0.04084746323237069,-0.04195718027355886,-0.04417661435593518,15
2022-04-11,0.22710405059994643,1.152578269916078,3,0.2268735349459632,0.22595147233003035,0.22479889406011427,0.22249373752028212,15
2022-05-10,-0.10982291913012544,1.0061312071759443,6,-0.11002414537156063,-0.1108290503373014,-0.11183518154447733,-0.11384744395882922,15
2022-06-08,-0.020524563199602035,1.2636799454463326,11,-0.0207772991886913,-0.021788243145048368,-0.0230519230904947,-0.025579282981387366,15
2022-07-08,-0.10777788446525019,1.1745841519491003,7,-0.10801280129564,-0.10895246861719929,-0.11012705276914839,-0.11247622107304658,15
2022-08-05,0.07696529187354278,1.3665845590574084,5,0.0766919749617313,0.07559870731448538,0.07423212275542797,0.07149895363731315,15
2022-09-02,0.04493861610684001,1.0846647298306022,6,0.04472168316087389,0.043853951377009405,0.04276928664717881,0.0405999571875176,15
2022-10-03,0.05125942685743739,1.1102745305933774,9,0.051037371951318716,0.05014915232684401,0.049038877796250636,0.04681832873506388,15
2022-10-31,0.07492207296461134,1.2446898072229782,6,0.07467313500316675,0.07367738315738837,0.07243269335016539,0.06994331373571942,15
2022-11-29,0.0674653657802002,1.286352323880534,11,0.06720809531542409,0.06617901345631966,0.06489266113243913,0.06231995648467806,15
2022-12-28,-0.2244864953906197,1.1719287325999646,6,-0.2247208811371397,-0.22565842412321968,-0.22683035285581965,-0.22917421032101956,15
2023-01-27,0.041191981844644246,1.466731305919998,7,0.04089863558346025,0.03972525053872425,0.03825851923280425,0.03532505662096425,15
2023-02-27,0.035228843380963576,1.264576481339,9,0.034975928084695775,0.033964266899624576,0.032699690418285576,0.030170537455607577,15
2023-03-27,0.0453611526684655,1.3256562680741308,3,0.045096021414850675,0.044035496400391366,0.04270984013231724,0.04005852759616898,15
2023-04-25,-0.07738040354220921,1.2374267414482494,6,-0.07762788889049886,-0.07861783028365746,-0.07985525702510571,-0.08233011050800221,15
2023-05-23,-0.025499966429554734,1.3335316890739382,6,-0.025766672767369523,-0.026833498118628674,-0.02816702980770261,-0.030834093185850488,15
2023-06-22,-0.0567914488691348,1.3343560237834613,4,-0.05705832007389149,-0.05812580489291826,-0.059460160916701726,-0.062128872964268646,15
2023-07-21,0.10407759702616555,1.3687573170873673,6,0.10380384556274808,0.10270883970907818,0.10134008239199081,0.09860256775781608,15
2023-08-18,0.027833339818311445,1.2394124621187312,3,0.0275854573258877,0.026593927356192714,0.025354514894073983,0.02287568996983652,15
2023-09-18,0.07236119755904247,1.3139813286314639,5,0.07209840129331617,0.071047216230411,0.06973323490177954,0.06710527224451661,15
2023-10-16,0.09504498562228776,1.2519050814282626,9,0.09479460460600211,0.0937930805408595,0.09254117545943123,0.09003736529657472,15
2023-11-13,-0.13899146780336083,1.3493221426067352,4,-0.13926133223188217,-0.14034078994596758,-0.1416901120885743,-0.14438875637378776,15
2006-01-27,0.021768205348727022,1.0000000000000029,11,0.02156820534872702,0.020768205348727017,0.019768205348727017,0.01776820534872701,16
2006-02-27,-0.02124508435271081,1.3671534934627483,7,-0.02151851505140336,-0.02261223784617356,-0.023979391339636308,-0.026713698326561803,16
2006-03-27,-0.023982134428518636,1.3351576627176975,12,-0.024249165961062174,-0.025317292091236333,-0.026652449753954033,-0.029322765079389426,16
2006-04-25,0.11252519513664243,1.3283503915247579,6,0.11225952505833747,0.11119684474511767,0.10986849435359292,0.10721179357054339,16
2006-05-23,0.040364556467851524,1.2751100462175093,6,0.04010953445860802,0.03908944642163401,0.03781433637541651,0.035264116282981484,16
2006-06-21,0.0540813406492318,1.1800996396628083,6,0.05384532072129924,0.05290124100956899,0.05172114136990618,0.04936094209058056,16
2006-07-20,-0.018456414803708687,1.096766584921145,4,-0.018675768120692916,-0.019553181388629833,-0.020649947973550978,-0.02284348114339327,16
2006-08-17,-0.0172409029985701,1.285601972808884,2,-0.017498023393131876,-0.018526504971378983,-0.01981210694418787,-0.022383310889805635,16
2006-09-15,-0.045308866966327827,1.2721361831261544,7,-0.045563294202953054,-0.04658100314945398,-0.04785313933258013,-0.050397411698832446,16
2006-10-13,0.009127354808276119,1.2652155716578777,10,0.008874311693944543,0.007862139236618241,0.006596923664960363,0.004066492521644607,16
2006-11-10,-0.021185840476648687,1.3308172683691,12,-0.021452003930322507,-0.022516657745017786,-0.023847475013386885,-0.026509109550125087,16
2006-12-11,0.034762678962800435,1.429390831421804,11,0.03447680079651608,0.03333328813137863,0.031903897299956824,0.02904511563711322,16
2007-01-11,0.010294884111753352,1.2314171993656413,12,0.010048600671880223,0.009063466912387711,0.007832049713022069,0.005369215314290787,16
2007-02-09,0.018317626182050826,1.4071190471798891,7,0.018036202372614846,0.016910507134870936,0.015503388087691047,0.012689149993331268,16
2007-03-12,-0.021746412189125503,1.3701808699872742,9,-0.022020448363122957,-0.02311659305911278,-0.02448677392910005,-0.0272271356690746,16
2007-04-10,0.007740101840550731,1.3397348394789592,11,0.007472154872654939,0.006400367001071772,0.005060632161592813,0.002381162482634894,16
2007-05-08,-0.01330465739022053,1.411048439097752,11,-0.01358686707804008,-0.014715705829318283,-0.016126754268416036,-0.018948851146611538,16
2007-06-06,-0.007476149306089871,1.4307406824399456,12,-0.00776229744257786,-0.008906889988529816,-0.010337630670969763,-0.013199112035849652,16
2007-07-05,0.05459428629871406,1.2959845489280193,9,0.054335089388928455,0.05329830174978604,0.05200231720085802,0.04941034810300198,16
2007-08-02,0.016228291526574894,1.3421601243921506,12,0.015959859501696462,0.014886131402182742,0.013543971277790593,0.010859651029006292,16
2007-08-30,0.0197278195171931,1.3872790909285877,12,0.019450363699007385,0.018340540426264512,0.016953261335335926,0.014178703153478751,16
2007-09-28,0.01919592329915677,1.3255753635224736,16,0.018930808226452274,0.017870347935634294,0.016544772572111822,0.013893621845066874,16
2007-10-26,0.12611761540015132,1.1702432447147784,17,0.12588356675120835,0.12494737215543654,0.12377712891072176,0.1214366424212922,16
2007-11-26,-0.056783566394606605,1.218406452735907,10,-0.057027247685153784,-0.058001972847342514,-0.05922037930007842,-0.061657192205550236,16
2007-12-24,0.041508538464017926,1.2909737400456205,3,0.0412503437160088,0.0402175647239723,0.03892659098392669,0.03634464350383544,16
2008-01-24,0.017287707021850448,1.1702704723832387,8,0.017053652927373802,0.01611743654946721,0.01494716607708397,0.012606625132317494,16
2008-02-22,0.00036425434064640415,1.1951766241208412,7,0.0001252190158222359,-0.0008309222834744371,-0.002026098907595278,-0.004416452155836961,16
2008-03-24,0.016795551549817083,1.2200679381396715,3,0.01655153796218915,0.015575483611677411,0.01435541567353774,0.011915279797258397,16
2008-04-21,-0.013256489909316077,1.0668655981331536,4,-0.013469863028942708,-0.014323355507449231,-0.015390221105582384,-0.01752395230184869,16
2008-05-19,0.019722985209075054,1.2924739337611377,6,0.019464490422322827,0.018430511275313918,0.017138037341552777,0.014553089474030504,16
2008-06-17,0.06442395721305126,1.2885704754377576,6,0.0641662431179637,0.0631353867376135,0.061846816262175745,0.05926967531130023,16
2008-07-16,-0.03736643640987226,1.1609101585473707,8,-0.03759861844158173,-0.03852734656841963,-0.039688256726967,-0.04201007704406174,16
2008-08-13,-0.019198088704690933,1.2363132519631848,4,-0.01944535135508357,-0.02043440195665412,-0.021670715208617304,-0.024143341712543672,16
2008-09-11,0.20075001727603484,1.1240537232738184,5,0.20052520653138006,0.19962596355276102,0.1985019098294872,0.19625380238293957,16
2008-10-09,-0.03453455726448039,1.060909616752525,8,-0.034746739187830895,-0.03559546688123291,-0.03665637649798544,-0.03877819573149049,16
2008-11-06,0.1623681327737506,1.2074118563742804,5,0.16212665040247573,0.16116072091737632,0.15995330906100202,0.15753848534825346,16
2008-12-05,-0.31534633192229505,1.1169068157867488,7,-0.3155697132854524,-0.3164632387380818,-0.31758014555386854,-0.31981395918544203,16
2009-01-06,0.19577635489811174,1.7358055419715055,3,0.19542919378971743,0.19404054935614024,0.19230474381416873,0.18883313273022573,16
2009-02-04,0.10645040545377339,1.0065160647930298,1,0.10624910224081478,0.10544388938898036,0.10443737332418733,0.10242434119460127,16
2009-03-05,-0.338904203768964,1.1273028183183469,3,-0.3391296643326277,-0.3400315065872824,-0.3411588094056007,-0.3434134150422374,16
2009-04-02,-0.22502992933235139,2.035523718196954,1,-0.22543703407599078,-0.22706545305054834,-0.2291009767687453,-0.2331720242051392,16
2009-05-01,-0.08482077272172289,1.358757552074622,0,-0.08509252423213781,-0.08617953027379752,-0.08753828782587214,-0.09025580293002138,16
2009-06-01,0.10653751193707738,1.2476540693485638,1,0.10628798112320766,0.1052898578677288,0.10404220379838025,0.10154689565968313,16
2009-06-29,-0.04041238168818079,1.1441399657141342,3,-0.04064120968132361,-0.04155652165389492,-0.04270066161960906,-0.044988941551037324,16
2009-07-28,-0.08519241860737382,1.2940207409039848,0,-0.08545122275555463,-0.08648643934827781,-0.08778046008918179,-0.09036850157098976,16
2009-08-25,-0.09306618980985831,1.3840539319034182,3,-0.093343000596239,-0.09445024374176172,-0.09583429767366515,-0.09860240553747199,16
2009-09-23,0.06431376406964802,1.3246214577524178,5,0.06404883977809754,0.0629891426118956,0.061664521154143184,0.05901527823863835,16
2009-10-21,0.04921423309442654,1.0951705680539119,6,0.04899519898081576,0.04811906252637263,0.047023891958318714,0.04483355082221089,16
2009-11-18,0.001027601321321631,1.0479945476526198,3,0.0008180024117911069,-2.039322633098895e-05,-0.0010683877739836088,-0.0031643768692888484,16
2009-12-17,-0.06147488980213437,1.1875604618716378,3,-0.061712401894508696,-0.062662450264006,-0.06385001072587765,-0.06622513164962092,16
2010-01-19,0.031602193485085826,1.3782859593816312,5,0.0313265362932095,0.030223907525704197,0.028845621566322564,0.0260890496475593,16
2010-02-17,-0.04403059202213394,1.1649433418691846,8,-0.04426358069050778,-0.04519553536400313,-0.04636047870587231,-0.048690365389610676,16
2010-03-17,-0.04470129580650533,1.4402249211557034,2,-0.04498934079073647,-0.046141520727661034,-0.04758174564881674,-0.050462195491128146,16
2010-04-15,0.02890669197597746,1.3341091365342357,3,0.028639870148670612,0.027572582839443225,0.02623847370290899,0.023570255429840516,16
2010-05-13,0.09558959270971115,1.1362438897361034,7,0.09536234393176393,0.09445334881997505,0.09331710493023894,0.09104461715076674,16
2010-06-11,0.04893859265796484,1.0907995499534768,3,0.04872043274797414,0.04784779310801136,0.04675699355805789,0.04457539445815093,16
2010-07-12,-0.06209243509690988,1.03799206408011,10,-0.0623000335097259,-0.06313042716098999,-0.06416841922507009,-0.06624440335323031,16
2010-08-09,0.04247346881660128,1.2654028085701314,1,0.042220388254887255,0.04120806600803115,0.03994266319946102,0.037411857582320754,16
2010-09-07,-0.07407653595961233,1.030024958103937,6,-0.07428254095123311,-0.07510656091771627,-0.0761365858758202,-0.07819663579202808,16
2010-10-05,-0.01338233552890881,1.2322604104991177,4,-0.013628787611008632,-0.014614595939407928,-0.015846856349907044,-0.01831137717090528,16
2010-11-02,-0.03005452016192484,1.1641712276157101,10,-0.03028735440744798,-0.03121869138954055,-0.03238286261715626,-0.03471120507238768,16
2010-12-01,-0.032287930915095395,1.3671669860523188,4,-0.03256136431230586,-0.033655097901147714,-0.03502226488720003,-0.03775659885930467,16
2010-12-30,0.02847032332594991,1.2772598238398656,5,0.028214871361181938,0.027193063502110044,0.02591580367827018,0.02336128403059045,16
2011-01-28,-0.015496578249489103,1.1380253006388925,5,-0.015724183309616883,-0.016634603550127997,-0.01777262885076689,-0.020048679452044672,16
2011-02-28,0.014423506139276461,1.2566394522788573,9,0.01417217824882069,0.013166866686997604,0.011910227234718747,0.009396948330161033,16
2011-03-28,0.01314218426594512,1.2045642026720373,5,0.012901271425410712,0.011937620063273082,0.010733055860601045,0.00832392745525697,16
2011-04-26,0.07143699487564376,1.2209392915669066,6,0.07119280701733037,0.07021605558407686,0.06899511629250994,0.06655323770937613,16
2011-05-24,0.008941216137581628,1.2593087598106965,10,0.00868935438561949,0.007681907377770932,0.006422598617960235,0.0039039810983388422,16
2011-06-22,-0.05498248637507728,1.1940642062239983,8,-0.05522129921632208,-0.05617655058130128,-0.057370614787525274,-0.05975874319997327,16
2011-07-21,0.1631822324663298,1.1526241425554125,1,0.16295170763781872,0.1620296083237744,0.16087698418121896,0.15857173589610815,16
2011-08-18,-0.025874902134657186,1.1655612912865316,9,-0.02610801439291449,-0.02704046342594372,-0.02820602471723025,-0.030537147299803315,16
2011-09-16,0.04626490544258474,1.1483151952982995,6,0.04603524240352508,0.04511659024728644,0.043968275051988144,0.041671644661391546,16
2011-10-14,-0.0358695055851234,0.9142635228995031,6,-0.036052358289703296,-0.0367837691080229,-0.037698032630922404,-0.03952655967672141,16
2011-11-11,0.035891702759461665,1.0026719732867204,5,0.03569116836480432,0.034889030786174946,0.03388635881288822,0.03188101486631478,16
2011-12-12,-0.044466299609957315,1.0086846807868124,2,-0.044668036546114676,-0.045474984290744126,-0.04648366897153094,-0.04850103833310457,16
2012-01-11,-0.07722813996658597,1.0557596041749806,4,-0.07743929188742096,-0.07828389957076094,-0.07933965917493592,-0.08145117838328589,16
2012-02-09,0.04101693362372802,1.2609621520715233,9,0.04076474119331371,0.03975597147165649,0.03849500931958497,0.03597308501544193,16
2012-03-09,0.047001016271742725,1.1961375276892763,6,0.04676178876620487,0.04580487874405345,0.04460874121636417,0.04221646616098562,16
2012-04-09,0.05349663017654048,1.1290734717456172,5,0.053270815482191355,0.052367556704794864,0.05123848323304925,0.04898033628955801,16
2012-05-07,0.06353591449651382,1.0444622135813866,5,0.06332702205379753,0.06249145228293243,0.06144699006935104,0.05935806564218827,16
2012-06-05,-0.043419500976468066,1.110557747294027,10,-0.043641612525926875,-0.04453005872376209,-0.04564061647105612,-0.04786173196564417,16
2012-07-03,0.054491665219407265,1.0439401023700998,4,0.054282877198933245,0.053447725117037166,0.05240378501466707,0.05031590480992686,16
2012-08-01,-0.07820253198114364,1.0562469730018196,2,-0.07841378137574401,-0.07925877895414546,-0.08031502592714729,-0.08242751987315092,16
2012-08-29,-0.0012225557383147075,1.4716897657806178,0,-0.0015168936914708312,-0.0026942455040953254,-0.004165935269875944,-0.007109314801437179,16
2012-09-27,0.021075624306038734,1.2634108690084316,7,0.020822942132237048,0.019812213437030303,0.01854880256802187,0.016021980830005007,16
2012-10-25,0.005874659866381438,1.174188365806088,3,0.00563982219322022,0.00470047150057535,0.0035262831347692616,0.0011779064031570852,16
2012-11-27,-0.028949259886166315,1.235055119566545,11,-0.029196270910079626,-0.030184315005732862,-0.031419370125299405,-0.0338894803644325,16
2012-12-26,-0.04571585061066404,1.293373469600965,4,-0.045974525304584235,-0.047009224080265005,-0.048302597549865975,-0.0508893444890679,16
2013-01-25,0.04746450841933733,1.4106882599205612,9,0.04718237076735322,0.04605382015941677,0.04464313189949621,0.04182175537965509,16
2013-02-25,-0.005296421810510123,1.2836888232962085,2,-0.0055531595751693655,-0.006580110633806332,-0.007863799457102541,-0.010431177103694959,16
2013-03-25,0.016428067346259883,1.3226875420945547,4,0.016163529837840973,0.015105379804165328,0.013782692262070774,0.011137317177881665,16
2013-04-23,-0.06736452110683114,1.1702190832581474,2,-0.06759856492348276,-0.06853474019008929,-0.06970495927334744,-0.07204539743986373,16
2013-05-21,-0.014607062233637731,1.3513400912732172,5,-0.014877330251892374,-0.01595840232491095,-0.017309742416184166,-0.020012422598730602,16
2013-06-19,-0.03247502477657113,1.2880080991898155,5,-0.032732626396409094,-0.03376303287576095,-0.035051040974950765,-0.0376270571733304,16
2013-07-18,0.011219090758478727,1.4150112045965122,5,0.010936088517559424,0.009804079553882215,0.008389068349285702,0.0055590459400926785,16
2013-08-15,-0.05054000130612304,1.3790244639815779,3,-0.05081580619891935,-0.05191902577010461,-0.053298050234086194,-0.05605609916204935,16
2013-09-13,0.021237632327343513,1.3742486840128327,10,0.020962782590540945,0.01986338364333068,0.018489134959317848,0.015740637591292184,16
2013-10-11,0.045583053284946204,1.2023596295063494,8,0.04534258135904493,0.044380693655439854,0.043178334025933504,0.040773614766920804,16
2013-11-08,-0.0031913613721004245,1.4018294999963885,8,-0.003471727272099702,-0.004593190872096813,-0.005995020372093202,-0.008798679372085979,16
2013-12-09,-0.059201206596264926,1.3890525294692588,7,-0.05947901710215878,-0.06059025912573419,-0.06197931165520344,-0.06475741671414197,16
2014-01-08,-0.026260223894579198,1.4542378780024738,6,-0.026551071470179693,-0.02771446177258167,-0.029168699650584145,-0.032077175406589095,16
2014-02-06,-0.09695993034159393,1.3418582431208133,4,-0.09722830199021809,-0.09830178858471475,-0.09964364682783557,-0.10232736331407719,16
2014-03-07,0.09271147349456124,1.4880946933508952,3,0.09241385455589106,0.09122337880121034,0.08973528410785946,0.08675909472115766,16
2014-04-04,0.042969598351686046,1.2299297902715338,4,0.04272361239363174,0.04173966856141451,0.04050973877114298,0.03804987919059991,16
2014-05-05,0.04765126498971555,1.0443657793583325,5,0.04744239183384388,0.04660689921035722,0.045562533430998885,0.04347380187228222,16
2014-06-03,-0.12074767082093618,1.1533570856217532,3,-0.12097834223806053,-0.12190102790655793,-0.12305438499217969,-0.1253610991634232,16
2014-07-01,0.04770044703693844,1.4766951797997379,4,0.04740510800097849,0.0462237518571387,0.04474705667733896,0.04179366631773949,16
2014-07-30,-0.030078376236944,1.2966598327303458,3,-0.03033770820349007,-0.031375036069674345,-0.03267169590240469,-0.03526501556786538,16
2014-08-27,0.04290705078266265,1.460749774190348,4,0.042614900827824584,0.041446301008472304,0.039985551234281956,0.03706405168590126,16
2014-09-25,0.031203577006848133,1.2182521229695285,5,0.030959926582254226,0.029985324883878603,0.028767072760909077,0.02633056851497002,16
2014-10-23,0.03221959313959817,1.3606328500116844,4,0.031947466569595837,0.030858960289586488,0.0294983274395748,0.026777061739551432,16
2014-11-20,0.028055111908309747,1.212629481622137,5,0.02781258601198532,0.02684248242668761,0.025629852945065472,0.0232045939818212,16
2014-12-19,0.07892817711450474,1.3001805325156273,5,0.07866814100800161,0.07762799658198911,0.07632781604947349,0.07372745498444223,16
2015-01-21,-0.06188493569076211,1.0636604023880731,7,-0.06209766777123973,-0.06294859609315018,-0.06401225649553825,-0.0661395773003144,16
2015-02-19,0.03744871937338975,1.278517875929087,8,0.03719301579820393,0.03617020149746066,0.034891683621531576,0.0323346478696734,16
2015-03-19,-0.03125884023050481,1.4309748909935687,2,-0.031545035208703526,-0.03268981512149838,-0.03412079001249195,-0.03698273979447909,16
2015-04-17,0.05612885323681076,1.2878616839100618,6,0.05587128090002875,0.054840991552900696,0.053553129868990634,0.05097740650117051,16
2015-05-15,-0.009460554804277911,1.2011525685408386,7,-0.009700785317986078,-0.01066170737281875,-0.011862859941359587,-0.014265165078441265,16
2015-06-15,0.02389007268936107,1.3665344162096908,8,0.02361676580611913,0.02252353827315138,0.02115700385694169,0.018423935024522307,16
2015-07-14,0.118475849180132,1.2746561665418592,4,0.11822091794682363,0.11720119301359014,0.11592653684704829,0.11337722451396456,16
2015-08-11,0.009384221673239207,1.319896213293821,5,0.009120242430580443,0.008064325459945386,0.006744429246651565,0.004104636820063923,16
2015-09-09,0.06368303041812656,1.3561654785234554,5,0.06341179732242187,0.062326864939603106,0.06097069946107965,0.058258368504032744,16
2015-10-07,-0.02418516850795467,1.1253387269682469,6,-0.02441023625334832,-0.025310507234922917,-0.026435845961891163,-0.02868652341582766,16
2015-11-04,0.006744423810893814,1.2113536302696177,5,0.00650215308483989,0.005533070180624196,0.0043217165503545785,0.0018990092898153428,16
2015-12-03,0.016664439656255865,1.4252799887271845,7,0.016379383658510428,0.01523915966752868,0.013813879678801495,0.010963319701347127,16
2016-01-04,0.19923140236887749,1.3287055765623836,8,0.19896566125356502,0.1979026967923151,0.19657399121575272,0.19391658006262796,16
2016-02-02,-0.06919417906243043,1.0998686813899676,3,-0.06941415279870843,-0.07029404774382039,-0.07139391642521037,-0.0735936537879903,16
2016-03-02,-0.004358585073338757,1.2560857021411096,5,-0.004609802213766979,-0.0056146707754798665,-0.006870756477620976,-0.009382927881903196,16
2016-03-31,-0.12905050145761207,1.181987658215766,7,-0.12928689898925522,-0.13023248911582783,-0.1314144767740436,-0.13377845209047515,16
2016-04-28,0.043835097129533485,1.191929254291698,5,0.04359671127867514,0.042643167875241784,0.04145123862095009,0.03906738011236669,16
2016-05-26,-0.0016366865858803514,1.233419257282184,5,-0.0018833704373367882,-0.0028701058431625354,-0.00410352510044472,-0.006570363615009087,16
2016-06-24,-0.037037558984307654,1.1068337073795538,6,-0.037258925725783563,-0.03814439269168721,-0.03925122639906676,-0.04146489381382587,16
2016-07-25,-0.09300586462647525,1.2659827850302288,8,-0.0932590611834813,-0.09427184741150549,-0.09553783019653571,-0.09806979576659616,16
2016-08-22,-0.012060812099408097,1.4895594142958233,15,-0.01235872398226726,-0.01355037151370392,-0.015039930927999743,-0.01801904975659139,16
2016-09-20,0.023583128439844173,1.4168137963557448,6,0.023299765680573025,0.02216631464348843,0.020749500847132684,0.017915873254421195,16
2016-10-18,-0.057422835398541205,1.1853999663020172,10,-0.05765991539180161,-0.05860823536484322,-0.05979363533114524,-0.062164435263749276,16
2016-11-15,0.05709568949751423,1.3495907217812704,8,0.05682577135315797,0.05574609877573296,0.05439650805395169,0.051697326610389144,16
2016-12-14,-0.007060457535748855,1.28974881851888,5,-0.007318407299452631,-0.008350206354267736,-0.009639955172786615,-0.012219452809824375,16
2017-01-13,0.011205912736630564,1.1621730520010767,5,0.01097347812623035,0.010043739684629488,0.00888156663262841,0.006557220528626257,16
2017-02-13,0.047853977781241785,1.2786442178649706,9,0.04759824893766879,0.046575333563376814,0.04529668934551184,0.0427394009097819,16
2017-03-14,0.0030034143536804762,1.3695241211363427,7,0.0027295095294532076,0.0016338902325441335,0.0002643661114077908,-0.0024746821308648946,16
2017-04-11,0.033273775370501274,1.1189562965695192,8,0.03304998411118737,0.03215481907393176,0.031035862777362234,0.028797950184223195,16
2017-05-10,0.0037356440757336283,1.2538042175861017,5,0.003484883232216408,0.0024818398581475266,0.0012280356405614248,-0.0012795727946107787,16
2017-06-08,-0.007856135101258231,1.1629667958421472,4,-0.00808872846042666,-0.009019101897100378,-0.010182068692942525,-0.01250800228462682,16
2017-07-07,0.011019808816525352,1.0592277787646784,7,0.010807963260772416,0.009960581037760673,0.008901353258995996,0.006782897701466638,16
2017-08-04,-0.005119293671299984,1.3199251655767503,4,-0.005383278704415334,-0.006439218836876735,-0.007759144002453484,-0.010398994333606986,16
2017-09-01,-0.08610953324263561,1.4183037169644297,10,-0.08639319398602849,-0.08752783695960004,-0.08894614067656446,-0.09178274811049333,16
2017-10-02,0.054785378851399676,1.4212878915111729,4,0.05450112127309744,0.053364090959888505,0.05194280306837733,0.049100227285354986,16
2017-10-30,-0.013789184208259057,1.2681756247138372,5,-0.014042819333201825,-0.015057359832972895,-0.01632553545768673,-0.018861886707114407,16
2017-11-28,-0.022929378696684755,1.461869565083797,5,-0.023221752609701513,-0.024391248261768552,-0.02585311782685235,-0.028776856957019942,16
2017-12-27,-0.017698697948772088,1.3644243311481048,4,-0.01797158281500171,-0.019063122279920193,-0.020427546611068298,-0.023156395273364508,16
2018-01-26,0.009366449799328918,1.3179521404128982,9,0.009102859371246339,0.00804849765891602,0.006730545518503122,0.004094641237677325,16
2018-02-26,0.007410468047318763,1.4466780457519897,10,0.007121132438168366,0.005963790001566774,0.004517111955814784,0.0016237558643108045,16
2018-03-26,0.03678547686248449,1.4457882602925682,5,0.036496319210425975,0.03533968860219192,0.033893900341899354,0.031002323821314216,16
2018-04-24,-0.0689102115736446,1.1675068218687852,5,-0.06914371293801835,-0.07007771839551338,-0.07124522521738218,-0.07358023886111975,16
2018-05-22,-0.06771794824833424,1.6198213041743428,8,-0.0680419125091691,-0.06933776955250859,-0.07095759085668293,-0.07419723346503161,16
2018-06-20,0.030591699062398923,1.6834900723949242,4,0.03025500104791994,0.028908208990004,0.027224718917609074,0.023857738772819225,16
2018-07-19,0.04520687722610678,1.338104770233981,4,0.04493925627205998,0.0438687724558728,0.04253066768563882,0.03985445814517086,16
2018-08-16,-0.017515733690754362,1.4190251552736712,3,-0.017799538721809095,-0.018934758846028032,-0.020353784001301705,-0.023191834311849048,16
2018-09-14,0.05464878235848735,1.3550517967244975,6,0.054377771999142455,0.053293730561762856,0.051938678765038354,0.049228575171589364,16
2018-10-12,0.07586631280754087,1.2805554261882577,9,0.07561020172230322,0.07458575738135262,0.07330520195516435,0.07074409110278784,16
2018-11-09,0.04358533160231278,1.3083416717306462,8,0.043323663267966654,0.04227698993058213,0.04096864825885149,0.038351964915390196,16
2018-12-11,-0.022086984197497755,1.1765937605813623,7,-0.02232230294961403,-0.023263577958079117,-0.02444017171866048,-0.026793359239823206,16
2019-01-10,0.013453083117316276,1.1227768817865673,7,0.013228527740958963,0.012330306235529708,0.011207529353743141,0.008961975590170007,16
2019-02-08,-0.03013254600878347,1.265149232452975,8,-0.030385575855274065,-0.031397695241236444,-0.03266284447368942,-0.03519314293859537,16
2019-03-11,-0.009950234090790006,1.5492753495989073,5,-0.010260089160709788,-0.011499509440388914,-0.01304878478998782,-0.016147335489185635,16
2019-04-08,0.05892942110869489,1.2416939818902861,4,0.058681082312316835,0.0576877271268046,0.056446033144914316,0.053962645181133743,16
2019-05-07,0.11028018387976572,1.2183632667227546,1,0.11003651122642118,0.10906182061304297,0.10784345734632021,0.1054067308128747,16
2019-06-05,-0.028543397919596356,1.2681767604169103,7,-0.028797033271679737,-0.029811574680013265,-0.031079751440430178,-0.033616104961264,16
2019-07-03,0.047430114530680495,1.3758561573179178,6,0.04715494329921691,0.04605425837336258,0.04467840221604466,0.041926689901408826,16
2019-08-01,0.04684529318302647,1.3736661216503783,2,0.0465705599586964,0.04547162706137609,0.04409796093972571,0.04135062869642496,16
2019-08-29,0.017621666388204393,1.3377219171053716,6,0.01735412200478332,0.016283944471099022,0.01494622255399365,0.012270778719782906,16
2019-09-27,-0.025208787740719107,1.1374915519195528,8,-0.025436286051103017,-0.02634627929263866,-0.027483770844558213,-0.029758753948397318,16
2019-10-25,-0.03703917042579525,1.154754329688872,6,-0.03727012129173302,-0.038193924755484124,-0.03934867908517299,-0.04165818774455074,16
2019-11-22,-0.10264613579429324,1.5210017868408963,4,-0.10295033615166142,-0.10416713758113413,-0.10568813936797504,-0.10873014294165682,16
2019-12-23,0.05780649204047742,1.4553229201971563,8,0.05751542745643799,0.056351169120280264,0.05489584620008311,0.051985200359688795,16
2020-01-23,-0.01933555347310042,1.1548747690449515,4,-0.01956652842690941,-0.02049042824214537,-0.02164530301119032,-0.023955052549280223,16
2020-02-21,0.08730432099411758,1.318945569993303,3,0.08704053188011893,0.08598537542412428,0.08466642985413098,0.08202853871414437,16
2020-03-20,-0.16723094260019225,1.3336076872022842,6,-0.1674976641376327,-0.16856455028739453,-0.16989815797459681,-0.17256537334900138,16
2020-04-20,-0.14260384612451854,1.717899648369371,1,-0.14294742605419242,-0.14432174577288792,-0.14603964542125727,-0.14947544471799604,16
2020-05-18,-0.14340991555748048,1.4448749773773248,3,-0.14369889055295595,-0.1448547905348578,-0.14629966551223514,-0.14918941546698977,16
2020-06-16,0.04835580821765029,1.3940337538518333,4,0.04807700146687992,0.046961774463798456,0.04556774070994662,0.042779673202242956,16
2020-07-15,-0.016075738247609613,1.1578761870737657,2,-0.016307313485024365,-0.017233614434683377,-0.018391490621757142,-0.020707242995904675,16
2020-08-12,0.037976943453291875,1.2699935589959543,4,0.03772294474149268,0.03670694989429592,0.03543695633529997,0.03289696921730806,16
2020-09-10,-0.08850183092648056,1.2055091739214152,3,-0.08874293276126484,-0.08970734010040197,-0.09091284927432339,-0.09332386762216623,16
2020-10-08,0.0345713064838788,1.3993795403566784,5,0.03429143057580747,0.033171926943522126,0.031772547403165444,0.028973788322452086,16
2020-11-05,-0.15072193343738893,1.2318771748895867,5,-0.15096830887236684,-0.15195381061227853,-0.1531856877871681,-0.15564944213694729,16
2020-12-04,-0.02609039757546837,1.668256291313509,3,-0.02642404883373107,-0.027758653866781877,-0.029426910158095388,-0.03276342274072241,16
2021-01-05,-0.29079681903179916,1.3315557663399689,3,-0.29106313018506713,-0.29212837479813913,-0.2934599305644791,-0.296123042097159,16
2021-02-03,0.1310062075049073,1.8347888863447186,5,0.13063924972763835,0.12917141861856257,0.12733662973221785,0.12366705195952842,16
2021-03-04,-0.014673575933092806,1.0779153621189939,2,-0.014889159005516604,-0.0157514912952118,-0.016829406657330792,-0.018985237381568782,16
2021-04-01,0.10995657619620039,1.1085590788822985,10,0.10973486438042393,0.10884801711731809,0.10773945803843579,0.1055223398806712,16
2021-04-30,0.02755024095769821,1.1087658614170597,5,0.027328487785414798,0.02644147509628115,0.02533270923486409,0.02311517751202997,16
2021-05-28,-0.12804359649382135,1.1504264932443908,6,-0.12827368179247023,-0.12919402298706575,-0.13034444948031013,-0.13264530246679893,16
2021-06-28,0.16419583220387135,1.334223660144167,7,0.1639289874718425,0.1628616085437272,0.161527384883583,0.1588589375632947,16
2021-07-27,-0.015413878702430614,1.070742659214193,1,-0.015628027234273454,-0.01648462136164481,-0.017555364020859,-0.019696849339287385,16
2021-08-24,-0.03823078652000674,1.2187147400669487,9,-0.03847452946802013,-0.03944950126007369,-0.04066821600014064,-0.04310564548027454,16
2021-09-22,0.03941256456473529,1.1848336364671022,5,0.03917559783744187,0.038227730928268186,0.03704289729180109,0.03467323001886688,16
2021-10-20,0.0314415019386644,1.1809954613146327,3,0.031205302846401474,0.030260506477349767,0.029079511016035134,0.026717520093405868,16
2021-11-17,0.19277505704443115,1.2452551594097938,13,0.19252600601254918,0.19152980188502136,0.19028454672561157,0.187794036406792,16
2021-12-16,0.08561823716759376,1.221220136366807,3,0.0853739931403204,0.08439701703122696,0.08317579689486014,0.08073335662212652,16
2022-01-14,0.06625515554708948,1.0835106796097653,2,0.06603845341116753,0.06517164486747971,0.06408813418786995,0.06192111282865042,16
2022-02-14,0.11975842739660594,1.0107711226220446,9,0.11955627317208153,0.1187476562739839,0.11773688515136185,0.11571534290611776,16
2022-03-15,-0.020559718999900386,1.118880326718392,7,-0.020783495065244063,-0.021678599326618777,-0.02279747965333717,-0.025035240306773954,16
2022-04-12,0.28212778954035994,1.142137750898206,3,0.2818993619901803,0.2809856517894617,0.27984351403856356,0.2775592385367671,16
2022-05-11,-0.15847575987288573,1.0015059475897952,6,-0.1586760610624037,-0.15947726582047553,-0.16047877176806533,-0.16248178366324492,16
2022-06-09,-0.002613651700168533,1.2975503714461998,10,-0.002873161774457773,-0.003911202071614733,-0.005208752443060932,-0.007803853185953332,16
2022-07-11,-0.18672333857503717,1.151900934428047,7,-0.1869537187619228,-0.18787523950946522,-0.18902714044389327,-0.19133094231274936,16
2022-08-08,0.10520588452869635,1.5323729327483617,6,0.10489940994214668,0.10367351159594798,0.10214113866319963,0.0990763927977029,16
2022-09-06,-0.003875464215111645,1.1104359762309597,7,-0.004097551410357837,-0.004985900191342605,-0.006096336167573564,-0.008317208120035485,16
2022-10-04,0.07144772528154684,1.1386158492370424,8,0.07122000211169943,0.07030910943230981,0.06917049358307276,0.06689326188459868,16
2022-11-01,0.053457433709898666,1.2501622174500813,7,0.05320740126640865,0.05220727149244858,0.050957109274998504,0.04845678484009834,16
2022-11-30,0.05949164153312549,1.3184274485135572,10,0.059227956043422784,0.058173214084611936,0.05685478663609838,0.054217931739071266,16
2022-12-29,-0.13830272389835363,1.1895914971568062,6,-0.138540642197785,-0.13949231539551044,-0.14068190689266724,-0.14306108988698085,16
2023-01-30,0.016738871695493367,1.2525862343168104,8,0.016488354448630005,0.015486285461176556,0.014233699226859745,0.011728526758226124,16
2023-02-28,0.05674849142136853,1.2607801299380546,7,0.05649633539538092,0.05548771129143047,0.05422693116149242,0.05170537090161631,16
2023-03-28,0.040001375127859305,1.3185331174856039,3,0.03973766850436219,0.038682842010373704,0.037364308892888096,0.03472724265791689,16
2023-04-26,-0.05977050649184139,1.230016989329275,6,-0.06001650988970724,-0.06100052348117066,-0.06223054047049994,-0.06469057444915849,16
2023-05-24,-0.02660146966107319,1.338252429864628,6,-0.026869120147046115,-0.027939722090937816,-0.029277974520802445,-0.0319544793805317,16
2023-06-23,-0.06621741046812707,1.3406867555594264,4,-0.06648554781923896,-0.0675580972236865,-0.06889878397924593,-0.07158015749036478,16
2023-07-24,0.07864008746964264,1.3433141748723658,7,0.07837142463466817,0.07729677329477028,0.07595345911989791,0.07326683077015318,16
2023-08-21,0.032584699884577774,1.2376362837833732,2,0.0323371726278211,0.0313470636007944,0.030109427317011026,0.027634154749444282,16
2023-09-19,0.05555618921270841,1.2876012795475955,6,0.05529866895679889,0.05426858793316082,0.05298098665361322,0.05040578409451803,16
2023-10-17,0.05051614896706164,1.2357040351272213,8,0.0502690081600362,0.049280444931934425,0.0480447408968072,0.04557333282655276,16
2023-11-14,-0.12769278824804758,1.3209863066190575,4,-0.1279569855093714,-0.12901377455466664,-0.1303347608612857,-0.13297673347452382,16
2006-01-30,0.03979967685938958,0.9999999999999994,11,0.03959967685938958,0.03879967685938958,0.03779967685938958,0.03579967685938958,17
2006-02-28,-0.029138230339980687,1.40180935790921,7,-0.02941859221156253,-0.030540039697889897,-0.03194184905579911,-0.03474546777161753,17
2006-03-28,-0.017241235767601375,1.378258789193989,11,-0.017516887525440172,-0.018619494556795364,-0.019997753345989355,-0.02275427092437733,17
2006-04-26,0.11797250116894323,1.371766276774056,6,0.11769814791358842,0.11660073489216917,0.11522896861539511,0.11248543606184701,17
2006-05-24,0.03687524004903988,1.241769481343574,6,0.03662688615277117,0.03563347056769631,0.034391701086352734,0.03190816212366558,17
2006-06-22,0.07812011517070433,1.1934228779877347,7,0.07788143059510678,0.07692669229271659,0.07573326941472885,0.07334642365875339,17
2006-07-21,-0.042564034670809665,1.1468167338232835,5,-0.04279339801757432,-0.04371085140463295,-0.044857668138456236,-0.0471513016061028,17
2006-08-18,-0.031365491756194984,1.3519524295778185,4,-0.03163588224211055,-0.032717444185772805,-0.03406939661535062,-0.036773301474506255,17
2006-09-18,-0.04590145396266186,1.257162329547412,6,-0.04615288642857134,-0.04715861629220927,-0.04841577862175669,-0.05093010328085151,17
2006-10-16,0.0240567808365073,1.2922022969558715,11,0.023798340377116128,0.02276457853955143,0.021472376242595556,0.018887971648683815,17
2006-11-13,-0.005371555514660955,1.2923379608305043,11,-0.005630023106827056,-0.006663893475491459,-0.007956231436321964,-0.010540907357982972,17
2006-12-12,0.009046243878350853,1.3852844420514927,11,0.008769186989940555,0.00766095943629936,0.006275674994247867,0.003505106110144882,17
2007-01-12,0.015771596893265922,1.2654396062823208,13,0.015518508972009458,0.0145061572869836,0.013240717680701281,0.01070983846813664,17
2007-02-12,0.021056687028719778,1.3522701109573279,6,0.02078623300652831,0.01970441691776245,0.018352146806805122,0.015647606584890467,17
2007-03-13,-0.03808629802335323,1.355281406141541,8,-0.03835735430458154,-0.03944157942949477,-0.04079686083563631,-0.04350742364791939,17
2007-04-11,0.003162733576882429,1.3659207138529932,12,0.00288954943411183,0.0017968128630294357,0.00043089214917644246,-0.002300949278529544,17
2007-05-09,-0.014291517955100202,1.4026855944601224,11,-0.014572055073992226,-0.015694203549560325,-0.017096889144020445,-0.019902260332940694,17
2007-06-07,-0.021750451379945728,1.415932131767072,12,-0.022033637806299144,-0.0231663835117128,-0.024582315643479874,-0.027414179907014016,17
2007-07-06,0.07763848684767785,1.3297133979906623,11,0.07737254416807972,0.07630877344968719,0.07497906005169652,0.07231963325571521,17
2007-08-03,-0.01815735735497916,1.3002751652279554,10,-0.018417412388024752,-0.019457632520207116,-0.02075790768543507,-0.02335845801589098,17
2007-08-31,0.015152100287842543,1.445664293123444,16,0.014862967429217853,0.013706435994719098,0.012260771701595655,0.009369443115348767,17
2007-10-01,0.020411835255991048,1.3150325643865148,13,0.020148828743113745,0.019096802691604534,0.017781770127218016,0.015151704998444988,17
2007-10-29,0.1238755025398214,1.178928924691993,16,0.123639716754883,0.1226965736151294,0.12151764469043741,0.11915978684105342,17
2007-11-27,-0.07331164720586289,1.2307508688009816,9,-0.07355779737962309,-0.07454239807466387,-0.07577314894346485,-0.07823465068106682,17
2007-12-26,0.056420391748817966,1.3043306646198063,4,0.056159525615894004,0.05511606108419816,0.05381173041957835,0.05120306909033874,17
2008-01-25,0.0105574708837251,1.1935843527597314,10,0.010318754013173153,0.009363886530965367,0.008170302178205637,0.005783133472686173,17
2008-02-25,0.006113600133682302,1.2508999489247832,6,0.005863420143897345,0.0048627001847575185,0.0036118002358327354,0.001110000337983169,17
2008-03-25,0.03196453795112765,1.1425766767355914,3,0.03173602261578053,0.03082196127439206,0.02967938459765647,0.027394231244185285,17
2008-04-22,-0.01427210026593549,1.0283188867733333,4,-0.014477764043290157,-0.015300419152708824,-0.016328738039482156,-0.018385375813028824,17
2008-05-20,0.02118472053041433,1.3100908261081556,7,0.0209227023651927,0.019874629704306174,0.01856453887819802,0.01594435722598171,17
2008-06-18,0.043668741434984164,1.2486687251177098,5,0.04341900768996062,0.04242007270986645,0.04117140398474874,0.03867406653451332,17
2008-07-17,-0.042900642554699074,1.1245670172571949,8,-0.04312555595815051,-0.04402520957195627,-0.045149776589213465,-0.047398910623727857,17
2008-08-14,0.019600011258980435,1.1829446530857504,5,0.019363422328363286,0.018417066605894684,0.017234121952808934,0.014868232646637433,17
2008-09-12,0.18640053021853653,1.0809127566090215,5,0.18618434766721473,0.18531961746192752,0.1842387047053185,0.18207687919210044,17
2008-10-10,0.007463775141354038,1.0577350414310538,8,0.007252228133067827,0.006406040099922984,0.005348305058491929,0.003232834975629822,17
2008-11-07,0.11131811168772303,1.1907694933988695,4,0.11107995778904325,0.11012734219432416,0.10893657270092529,0.10655503371412756,17
2008-12-08,-0.146210229289263,1.1032311755185065,7,-0.1464308755243667,-0.1473134604647815,-0.14841669164030002,-0.15062315399133702,17
2009-01-07,0.13285714136980073,1.3157007404062515,3,0.1325940012217195,0.1315414406293945,0.13022573988898822,0.12759433840817572,17
2009-02-05,0.14263607528231673,1.0417733574662997,1,0.14242772061082346,0.14159430192485042,0.14055252856738412,0.13846898185245152,17
2009-03-06,-0.4083439861105369,1.115727955277985,3,-0.4085671317015925,-0.4094597140658149,-0.41057544202109286,-0.4128068979316488,17
2009-04-03,-0.3050477831345351,2.297716283719098,0,-0.3055073263912789,-0.30734549941825423,-0.30964321570197334,-0.3142386482694115,17
2009-05-04,0.005883189923033333,1.5753799557754382,0,0.005568113931878246,0.004307809967257895,0.002732430011482457,-0.00041832990006841937,17
2009-06-02,0.102779724855126,1.0674575308517025,1,0.10256623334895566,0.1017122673242743,0.1006448097934226,0.09850989473171919,17
2009-06-30,-0.017017638896115524,1.118499361268096,3,-0.017241338768369145,-0.01813613825738362,-0.019254637618651715,-0.021491636341187906,17
2009-07-29,-0.12690018319046975,1.271268925237257,0,-0.1271544369755172,-0.12817145211570702,-0.12944272104094426,-0.13198525889141877,17
2009-08-26,-0.05993923935794345,1.4790981483293046,3,-0.060235058987609315,-0.061418337506272756,-0.06289743565460205,-0.06585563195126067,17
2009-09-24,0.02729131861790558,1.236900688211161,5,0.027043938480263346,0.02605441792969442,0.024817517241483258,0.022343715865060936,17
2009-10-22,0.0780002499259415,1.1303087693487497,7,0.07777418817207175,0.07686994115659275,0.075739632387244,0.07347901484854649,17
2009-11-19,-0.019475589554979418,1.107804025948242,3,-0.019697150360169065,-0.02058339358092766,-0.021691197606875903,-0.023906805658772387,17
2009-12-18,-0.04596786215578359,1.2517508477300947,4,-0.04621821232532961,-0.04721961300351369,-0.04847136385124378,-0.05097486554670397,17
2010-01-20,0.031703581761949186,1.3732410187256963,4,0.031428933558204045,0.03033034074322349,0.028957099724497795,0.0262106176870464,17
2010-02-18,-0.03165438300695936,1.1515226330020296,8,-0.03188468753355976,-0.032805905639961386,-0.033957428272963414,-0.036260473538967476,17
2010-03-18,-0.03796304093042731,1.422569676312528,3,-0.038247554865689815,-0.03938561060673983,-0.040808180283052366,-0.04365331963567742,17
2010-04-16,0.03423455761210915,1.290241390159998,4,0.03397650933407715,0.03294431622194915,0.03165407483178915,0.029073592051469154,17
2010-05-14,0.06658746451985745,1.1267524693843642,5,0.06636211402598058,0.06546071205047309,0.06433395958108871,0.06208045464231999,17
2010-06-14,0.03245581325258858,1.098666567640574,5,0.03223607993906047,0.03135714668494801,0.030258480117307435,0.028061146982026285,17
2010-07-13,-0.01682716345144607,1.0594832292499838,8,-0.01703906009729607,-0.017886646680696054,-0.018946129909946038,-0.021065096368446008,17
2010-08-10,0.015051621577884314,1.1810239369565818,1,0.014815416790492999,0.013870597640927733,0.012689573703971151,0.010327525830057988,17
2010-09-08,-0.06202469525348159,1.0678542442329209,7,-0.062238266102328174,-0.0630925494977145,-0.06416040374194742,-0.06629611223041328,17
2010-10-06,-0.028064202828878282,1.2109390824044743,5,-0.028306390645359177,-0.029275141911282755,-0.030486080993687232,-0.03290795915849618,17
2010-11-03,-0.029989572409831886,1.1834401194670796,9,-0.030226260433725304,-0.031173012529298966,-0.03235645264876605,-0.03472333288770021,17
2010-12-02,-0.02503556058910464,1.3407381093623796,3,-0.025303708210977115,-0.02637629869846702,-0.027717036807829398,-0.030398513026554157,17
2010-12-31,0.021178046310424102,1.270866672942775,5,0.020923872975835547,0.01990717963748133,0.018636312964538552,0.016094579618653,17
2011-01-31,-0.0007475632283193878,1.1987386471340218,7,-0.0009873109577461922,-0.0019463018754534097,-0.0031450405225874317,-0.005542517816855476,17
2011-03-01,-0.004144747554168797,1.2141790402875179,7,-0.004387583362226301,-0.005358926594456314,-0.006573105634743832,-0.009001463715318868,17
2011-03-29,0.015395088963912344,1.2009929082953001,5,0.015154890382253284,0.014194096055617044,0.012993103147321744,0.010591117330731143,17
2011-04-27,0.04694669397365184,1.1956963897710937,7,0.046707554695697616,0.045750997583880744,0.04455530119410965,0.042163908414567464,17
2011-05-25,0.018284196077112624,1.2944225479034215,10,0.01802531156753194,0.016989773529209204,0.01569535098130578,0.013106505885498939,17
2011-06-23,-0.058426474142723346,1.1633826362761666,8,-0.05865915066997858,-0.059589856778999514,-0.06075323941527568,-0.06308000468782801,17
2011-07-22,0.18390025795088005,1.1836688801418738,2,0.18366352417485168,0.18271658907073818,0.1815329201905963,0.17916558243031255,17
2011-08-19,-0.04463578955887927,1.125978819141338,9,-0.04486098532270754,-0.04576176837802061,-0.04688774719716195,-0.04913970483544462,17
2011-09-19,0.05494871860763143,1.1025110021230609,6,0.05472821640720682,0.05384620760550837,0.05274369660338531,0.05053867459913919,17
2011-10-17,-0.06615568093111353,0.953034440001612,5,-0.06634628781911385,-0.06710871537111514,-0.06806174981111675,-0.06996781869111998,17
2011-11-14,0.05521071599113073,1.0700515173740255,5,0.05499670568765592,0.0541406644737567,0.05307061295638268,0.05093050992163462,17
2011-12-13,-0.07744454807795392,1.0224926323050347,2,-0.07764904660441493,-0.07846704071025896,-0.07948953334256399,-0.08153451860717406,17
2012-01-12,-0.06449637091630103,1.1162832747163647,4,-0.0647196275712443,-0.0656126541910174,-0.06672893746573376,-0.06896150401516649,17
2012-02-10,0.046574150090902135,1.2448594898489371,9,0.046325178192932345,0.045329290601053195,0.04408443111120426,0.04159471213150639,17
2012-03-12,0.05452615013089144,1.2227674103544597,5,0.05428159664882055,0.05330338272053698,0.05208061531018252,0.0496350804894736,17
2012-04-10,0.04728021560938536,1.120643258192918,5,0.04705608695774678,0.046159572351192446,0.04503892909299952,0.04279764257661369,17
2012-05-08,0.050954469484908504,1.0653491851163097,4,0.050741399647885245,0.04988912029979219,0.04882377111467588,0.046693072744443266,17
2012-06-06,-0.027197502845940896,1.0934122085221427,8,-0.027416185287645323,-0.028290915054463038,-0.02938432726298518,-0.03157115168002947,17
2012-07-05,0.06115547413728629,1.0194483322899892,5,0.06095158447082829,0.0601360258049963,0.05911657747270631,0.05707768080812633,17
2012-08-02,-0.06796027964514637,1.053257193876202,3,-0.06817093108392161,-0.06901353683902257,-0.07006679403289877,-0.07217330842065117,17
2012-08-30,-0.002785024757040325,1.4373550534730515,1,-0.0030724957677349353,-0.004222379810513377,-0.005659734863986428,-0.008534444970932531,17
2012-09-28,0.021978918306825364,1.2902149429088368,6,0.021720875318243595,0.020688703363916528,0.01939848842100769,0.016818058535190018,17
2012-10-26,-0.006832849139368256,1.2068316153416905,2,-0.007074215462436594,-0.008039680754709946,-0.009246512370051637,-0.011660175600735019,17
2012-11-28,-0.018281786255562548,1.2820644681080433,11,-0.018538199149184156,-0.019563850723670593,-0.020845915191778634,-0.02341004412799472,17
2012-12-27,-0.0425012998382595,1.3126333119111289,4,-0.04276382650064173,-0.04381393315017063,-0.04512656646208176,-0.04775183308590402,17
2013-01-28,0.05390501394545211,1.421514663325764,9,0.053620711012786954,0.052483499282126346,0.05106198461880058,0.04821895529214905,17
2013-02-26,-0.00030051712697066796,1.2993934925068371,2,-0.0005603958254720353,-0.0015999106194775053,-0.0028993041119843425,-0.0054980910969980165,17
2013-03-26,0.00036043863846120495,1.3190532747251966,4,9.66279835161656e-05,-0.0009586146362639918,-0.0022776679109891883,-0.004915774460439582,17
2013-04-24,-0.036657005310663425,1.1721948579033352,2,-0.03689144428224409,-0.03782920016856676,-0.0390013950264701,-0.041345784742276764,17
2013-05-22,-0.005853291802288588,1.3434275615010967,4,-0.006121977314588807,-0.007196719363789685,-0.008540146925290782,-0.011227002048292974,17
2013-06-20,-0.04084594887834135,1.3306561738112206,6,-0.0411120801131036,-0.04217660505215257,-0.043507261225963795,-0.04616857357358623,17
2013-07-19,0.012658672022759934,1.4611104718705876,5,0.012366449928385816,0.011197561550889346,0.009736451079018759,0.0068142301352775835,17
2013-08-16,-0.04525722898131347,1.3448954432499969,3,-0.04552620806996347,-0.04660212442456347,-0.04794701986781347,-0.050636810754313456,17
2013-09-16,0.00411725899830306,1.3555013641463127,9,0.003846158725473798,0.0027617576341567476,0.0014062562700104348,-0.0013047464582821907,17
2013-10-14,0.03005246245182403,1.2086444688287306,8,0.029810733558058286,0.0288438179829953,0.02763517351416657,0.025217884576509107,17
2013-11-11,0.005610001537728099,1.3620739718472996,8,0.005337586743358639,0.004247927565880799,0.0028858535940334998,0.00016170565033890062,17
2013-12-10,-0.048820455294465284,1.3183625543389208,7,-0.04908412780533307,-0.0501388178488042,-0.05145718040314313,-0.054093905511820965,17
2014-01-09,-0.013547683547615416,1.4015212011975362,7,-0.013827987787854924,-0.014949204748812953,-0.01635072595001049,-0.01915376835240556,17
2014-02-07,-0.062253703510721556,1.327699942205233,2,-0.0625192434991626,-0.06358140345292679,-0.06490910339513202,-0.06756450327954248,17
2014-03-10,0.10253095630306293,1.4638655451839382,3,0.10223818319402614,0.101067090757879,0.09960322521269505,0.09667549412232718,17
2014-04-07,0.051306204312713016,1.1996027331862607,4,0.05106628376607576,0.050106601579526754,0.0489069988463405,0.04650779337996797,17
2014-05-06,0.0172022911173993,1.0272645634014712,6,0.016996838204719006,0.01617502655399783,0.015147761990596358,0.013093232863793415,17
2014-06-04,-0.11553419191911223,1.1448968707399374,4,-0.1157631712932602,-0.11667908878985216,-0.1178239856605921,-0.12011377940207198,17
2014-07-02,0.053847157019032615,1.4335483760019365,3,0.05356044734383223,0.05241360864303068,0.05098006026702874,0.04811296351502487,17
2014-07-31,-0.03162916483361127,1.2750578128639611,3,-0.031884176396184065,-0.03290422264647523,-0.03417928045933919,-0.03672939608506712,17
2014-08-28,0.02921104189567597,1.4661653934895058,4,0.028917808816978068,0.027744876502186464,0.026278711108696957,0.023346380321717947,17
2014-09-26,0.04499161767241981,1.2577470499208279,5,0.044740068262435644,0.043733870622498984,0.042476123572578156,0.0399606294727365,17
2014-10-24,0.024913216917926573,1.323152377868098,4,0.024648586442352953,0.023590064540058475,0.02226691216219038,0.01962060740645418,17
2014-11-21,0.04428121307536953,1.2343317602885178,6,0.04403434672331183,0.04304688131508101,0.041812549554792494,0.03934388603421546,17
2014-12-22,0.07343991405533343,1.2995184332153686,5,0.07318001036869036,0.07214039562211806,0.0708408771889027,0.06824184032247195,17
2015-01-22,-0.060089780543687035,1.0857972474963193,6,-0.0603069399931863,-0.06117557779118336,-0.06226137503867967,-0.06443296953367231,17
2015-02-20,0.02741254681892768,1.2680605812773105,8,0.027158934702672218,0.02614448623765037,0.024876425656373057,0.022340304493818436,17
2015-03-20,-0.035450992668807225,1.4149345761545034,2,-0.03573397958403813,-0.03686592724496173,-0.03828086182111623,-0.04111073097342524,17
2015-04-20,0.04358764300761785,1.2843211178611362,6,0.04333077878404563,0.04230332188975672,0.04101900077189558,0.03845035853617331,17
2015-05-18,-0.006790046758183759,1.1938569992774162,7,-0.007028818158039242,-0.007983903757461174,-0.009177760756738592,-0.011565474755293424,17
2015-06-16,0.03973852702826211,1.3681298011042116,8,0.03946490106804127,0.0383703972271579,0.037002267426053684,0.034266007823845264,17
2015-07-15,0.10314217018628957,1.2843252533990057,4,0.10288530513560977,0.10185784493289057,0.10057351967949156,0.09800486917269355,17
2015-08-12,0.0191243705341913,1.3220812328134388,5,0.018859954287628614,0.017802289301377863,0.01648020806856442,0.013836045602937545,17
2015-09-10,0.07826393530907896,1.348964679018017,5,0.07799414237327536,0.07691497063006095,0.07556600595104293,0.0728680765930069,17
2015-10-08,-0.021158443391468718,1.167150952244154,6,-0.021391873581917548,-0.02232559434371287,-0.023492745295957025,-0.025827047200445333,17
2015-11-05,0.008785403936208223,1.1883667453767959,5,0.008547730587132863,0.007597037190831427,0.0064086704454546315,0.004031936954701039,17
2015-12-04,0.01660479728639276,1.3631351969664327,7,0.016332170246999473,0.015241662089426329,0.013878526892459896,0.011152256498527031,17
2016-01-05,0.1755253446254278,1.2727118599730223,9,0.1752708022534332,0.17425263276545477,0.17297992090548175,0.17043449718553572,17
2016-02-03,-0.0829768689374326,1.0818477391951193,5,-0.08319323848527162,-0.08405871667662772,-0.08514056441582284,-0.08730425989421307,17
2016-03-03,0.024192960888988646,1.2364552755370395,5,0.023945669833881238,0.022956505613451608,0.021720050337914566,0.01924713978684049,17
2016-04-01,-0.1327824636022017,1.1176888724784138,4,-0.13300600137669738,-0.1339001524746801,-0.13501784134715852,-0.13725321909211535,17
2016-04-29,0.03440648064417618,1.2266342104825667,6,0.034161153802079666,0.033179846433693615,0.03195321222321105,0.029499943802245913,17
2016-05-27,0.027762176710073954,1.2808326141618276,5,0.027506010187241588,0.026481344095912126,0.025200511481750298,0.022638846253426645,17
2016-06-27,-0.12239047201013001,1.1309361655760817,6,-0.12261665924324522,-0.12352140817570609,-0.12465234434128217,-0.12691421667243433,17
2016-07-26,-0.08082693540107252,1.2634429186899214,11,-0.08107962398481051,-0.08209037831976244,-0.08335382123845236,-0.08588070707583222,17
2016-08-23,-0.017880469292947867,1.4961011905757682,13,-0.01817968953106302,-0.019376570483523634,-0.020872671674099404,-0.02386487405525094,17
2016-09-21,0.03960863366004029,1.4065944633146559,7,0.03932731476737736,0.038202039196725636,0.03679544473341098,0.033982255806781665,17
2016-10-19,-0.029348059435765392,1.2106590296071096,10,-0.029590191241686815,-0.030558718465372503,-0.031769377494979614,-0.03419069555419383,17
2016-11-16,0.03836437324389787,1.3383475032782197,8,0.03809670374324222,0.037026025740619646,0.035687678237341425,0.03301098323078499,17
2016-12-15,0.0005132351380728705,1.2850085971798137,5,0.00025623341863690777,-0.0007717734591069433,-0.0020567820562867574,-0.004626799250646385,17
2017-01-17,-0.014973699722153852,1.167881338457253,5,-0.015207275989845302,-0.016141581060611105,-0.01730946239906836,-0.019645225075982865,17
2017-02-14,0.04367946459452707,1.2727772552414167,9,0.04342490914347878,0.042406687339285654,0.04113391008404423,0.0385883555735614,17
2017-03-15,0.032041131873046774,1.4000426004381559,8,0.03176112335295914,0.03064108927260862,0.02924104667217046,0.02644096147129415,17
2017-04-12,0.015086604224973052,1.1347599594538824,8,0.014859652233082277,0.01395184426551917,0.012817084306065287,0.010547564387157524,17
2017-05-11,0.013378764324805023,1.285137674982659,6,0.013121736789808491,0.012093626649822364,0.010808488974839704,0.008238213624874386,17
2017-06-09,-0.011392210882643194,1.1504592392404565,3,-0.011622302730491287,-0.012542670121883651,-0.013693129361124108,-0.015994047839605022,17
2017-07-10,0.014607011549886952,1.0784594976632853,7,0.014391319650354294,0.013528552052223666,0.012450092554560381,0.010293173559233811,17
2017-08-07,0.0019957755292855737,1.3072157739725605,4,0.0017343323744910615,0.0006885597553130131,-0.0006186560186595474,-0.0032330875666046685,17
2017-09-05,-0.07887154197260901,1.3785734397205216,12,-0.07914725666055311,-0.08025011541232953,-0.08162868885205006,-0.0843858357314911,17
2017-10-03,0.04946024779726107,1.426406522285502,3,0.049174966492803965,0.048033841274975564,0.046607434752690066,0.04375462170811906,17
2017-10-31,-0.0012006588020451454,1.2836335118344262,5,-0.0014573855044120307,-0.0024842923138795716,-0.0037679258257139977,-0.00633519284938285,17
2017-11-29,-0.032216717593068274,1.4580118334102723,5,-0.03250831995975033,-0.03367472942647855,-0.03513274125988882,-0.03804876492670936,17
2017-12-28,-0.017329861151497556,1.3551965256783614,3,-0.017600900456633227,-0.018685057677175917,-0.02004025420285428,-0.022750647254211002,17
2018-01-29,0.017084647586038237,1.3385435259680436,9,0.016816938880844626,0.015746104060070192,0.01440756053410215,0.011730473482166062,17
2018-02-27,0.03296237742225571,1.3967987954590542,10,0.0326830176631639,0.03156557862679665,0.030168779831337603,0.027375182240419495,17
2018-03-27,5.31883017891512e-05,1.3992913111392233,6,-0.0002266699604386935,-0.0013461030093500721,-0.0027453943204892957,-0.005543976942767742,17
2018-04-25,-0.061358437192117546,1.1934438360239976,5,-0.061597125959322346,-0.06255188102814155,-0.06374532486416554,-0.06613221253621354,17
2018-05-23,-0.05240466240842371,1.6064502468206454,8,-0.052725952457787835,-0.05401111265524435,-0.055617562902065,-0.058830463395706294,17
2018-06-21,0.023271284655761473,1.6469009471200464,4,0.022941904466337464,0.021624383708641427,0.01997748276152138,0.016683680867281288,17
2018-07-20,0.039571368010808496,1.3696488072605386,4,0.03929743824935639,0.03820171920354796,0.03683207039628742,0.03409277278176634,17
2018-08-17,-0.0050666132688733465,1.4074367588202363,3,-0.005348100620637394,-0.006474050027693583,-0.00788148678651382,-0.010696360304154292,17
2018-09-17,0.04699752562773642,1.3110862233360294,7,0.04673530838306921,0.04568643940440039,0.04437535318106436,0.0417531807343923,17
2018-10-15,0.09417545061119863,1.281841794848922,8,0.09391908225222884,0.0928936088163497,0.09161176702150078,0.08904808343180294,17
2018-11-12,0.011263862481999589,1.265722212885416,8,0.011010718039422506,0.009998140269114173,0.008732418056228756,0.006200973630457925,17
2018-12-12,-0.01298595148193727,1.1920226416871498,7,-0.0132243560102747,-0.014177974123624421,-0.01536999676531157,-0.01775404204868587,17
2019-01-11,0.00223029148264795,1.1204355128910226,7,0.0020062043800697454,0.0011098559697569274,-1.0579543134095135e-05,-0.0022514505689161402,17
2019-02-11,-0.031458800579496606,1.332538564998798,8,-0.03172530829249637,-0.032791339144495404,-0.0341238777094942,-0.036788954839491794,17
2019-03-12,0.0017750958371968743,1.53808203207024,5,0.0014674794307828263,0.0002370138051266343,-0.0013010682269436057,-0.004377232291084086,17
2019-04-09,0.04225330836045144,1.2325372041349492,4,0.04200680091962445,0.04102077115631649,0.03978823395218155,0.037323159543911646,17
2019-05-08,0.12434869515436611,1.1842732138687422,1,0.12411184051159237,0.12316442194049737,0.12198014872662863,0.11961160229889115,17
2019-06-06,-0.04478206760137952,1.2562071039074614,7,-0.04503330902216101,-0.04603827470528698,-0.04729448180919444,-0.04980689601700936,17
2019-07-05,0.05716913179499031,1.3993815315233833,7,0.05688925548868563,0.05576975026346692,0.05437036873194354,0.05157160566889678,17
2019-08-02,0.06425309017874034,1.3508401332876914,4,0.0639829221520828,0.06290225004545265,0.061551409912164956,0.05884972964558957,17
2019-08-30,0.009807949194690259,1.317604322291851,5,0.009544428330231888,0.008490344872398407,0.007172740550106556,0.004537531905522855,17
2019-09-30,-0.039567183765595294,1.156944663259883,7,-0.03979857269824727,-0.04072412842885518,-0.04188107309211506,-0.044194962418634826,17
2019-10-28,-0.050721107609079025,1.1748042174494722,6,-0.05095606845256892,-0.051895911826528494,-0.05307071604397797,-0.05542032447887692,17
2019-11-25,-0.09497486755692965,1.5747668359602995,5,-0.09528982092412171,-0.09654963439288995,-0.09812440122885024,-0.10127393490077084,17
2019-12-24,0.08944592260852924,1.4654963025243026,7,0.08915282334802438,0.08798042630600493,0.08651493000348064,0.08358393739843203,17
2020-01-24,-0.010867615814841495,1.1391086167963997,3,-0.011095437538200775,-0.012006724431637895,-0.013145833048434294,-0.015424050282027094,17
2020-02-24,0.04641151910733927,1.2555645274086737,3,0.04616040620185753,0.045155954579930595,0.04390039005252192,0.04138926099770457,17
2020-03-23,-0.12460372569492313,1.3674135372942442,6,-0.12487720840238198,-0.12597113923221737,-0.12733855276951161,-0.1300733798441001,17
2020-04-21,-0.1626944367166448,1.5462225951368054,1,-0.16300368123567216,-0.1642406593117816,-0.1657868819069184,-0.16887932709719203,17
2020-05-19,-0.1314278151670801,1.4791916227092132,3,-0.13172365349162193,-0.1329070067897893,-0.13438619841249852,-0.13734458165791696,17
2020-06-17,-0.004996726367515809,1.2937428838067102,4,-0.005255474944277152,-0.00629046925132252,-0.00758421213512923,-0.01017169790274265,17
2020-07-16,-0.038272833849689374,1.1533056866247138,2,-0.03850349498701432,-0.03942613953631409,-0.0405794452229388,-0.04288605659618823,17
2020-08-13,0.06855516635574789,1.342109068181239,5,0.06828674454211164,0.06721305728756666,0.06587094821938541,0.06318673008302293,17
2020-09-11,-0.10623050655975605,1.2002915138317811,3,-0.1064705648625224,-0.10743079807358782,-0.10863108958741961,-0.11103167261508318,17
2020-10-09,0.04648019355170235,1.440530808138386,5,0.046192087390074674,0.04503966274356397,0.043599131935425584,0.04071807031914881,17
2020-11-06,-0.1485051491125597,1.181980727844259,4,-0.14874154525812855,-0.14968712984040394,-0.1508691105682482,-0.1532330720239367,17
2020-12-07,-0.04887310513864494,1.7121641147820605,3,-0.04921553796160136,-0.050585269253427004,-0.052297433368209065,-0.05572176159777319,17
2021-01-06,-0.3075159474550212,1.4457565001280415,3,-0.3078050987550468,-0.3089617039551492,-0.3104074604552773,-0.31329897345553337,17
2021-02-04,0.1542773326125382,1.8848953684470153,5,0.1539003535388488,0.15239243724409118,0.15050754187564416,0.14673775113875015,17
2021-03-05,-0.021711961748370874,1.0995993212666002,2,-0.021931881612624195,-0.022811561069637474,-0.023911160390904074,-0.026110359033437273,17
2021-04-05,0.12222922651203877,1.133355129977086,10,0.12200255548604336,0.12109587138206168,0.1199625162520846,0.11769580599213042,17
2021-05-03,-0.007746547713045844,1.0762102205138087,4,-0.007961789757148606,-0.008822757933559652,-0.009898968154073462,-0.01205138859510108,17
2021-06-01,-0.09748375389215067,1.2114725085142108,6,-0.0977260483938535,-0.09869522640066487,-0.09990669890917908,-0.10232964392620751,17
2021-06-29,0.13174289983428647,1.309664642009692,8,0.13148096690588454,0.1304332351922768,0.12912357055026707,0.1265042412662477,17
2021-07-28,0.0067978269889600465,1.0800965436188577,1,0.006581807680236275,0.005717730445341189,0.004637633901722331,0.002477440814484616,17
2021-08-25,-0.05465163482068472,1.2006055917922123,10,-0.05489175593904316,-0.05585224041247693,-0.057052846004269145,-0.05945405718785357,17
2021-09-23,0.04975620352177831,1.2054985236951232,4,0.04951510381703928,0.048550704998083186,0.04734520647438806,0.044934209426997815,17
2021-10-21,0.04180418600411572,1.1721112703145158,3,0.04156976375005282,0.040632074733801204,0.03945996346348669,0.03711574092285766,17
2021-11-18,0.1312581170929101,1.2344159630924179,13,0.13101123390029162,0.13002370112981768,0.12878928516672528,0.12632045324054042,17
2021-12-17,0.15880245956228542,1.2226221224739715,3,0.15855793513779062,0.15757983743981144,0.15635721531733748,0.15391197107238952,17
2022-01-18,-0.02583649255657201,1.0972906781394138,3,-0.026055950692199892,-0.026933783234711423,-0.028031073912850837,-0.030225655269129667,17
2022-02-15,0.10160951263164052,1.0577727263754586,8,0.10139795808636543,0.10055173990526506,0.0994939671788896,0.09737842172613868,17
2022-03-16,0.017884567764200984,1.1110964259668161,7,0.01766234847900762,0.016773471338234168,0.01566237491226735,0.013440182060333719,17
2022-04-13,0.2602237381753644,1.109575870610679,3,0.2600018230012423,0.25911416230475376,0.2580045864341431,0.2557854346929217,17
2022-05-12,-0.06540134452579491,1.0197605993519534,6,-0.06560529664566529,-0.06642110512514686,-0.06744086572449881,-0.06948038692320273,17
2022-06-10,-0.04449693242823601,1.1331789520699183,10,-0.04472356821865,-0.045630111380305934,-0.04676329033237585,-0.049029648236515684,17
2022-07-12,-0.12559315537197635,1.2360577240768922,7,-0.12584036691679173,-0.12682921309605324,-0.12806527082013014,-0.13053738626828393,17
2022-08-09,0.04456936409709847,1.4040089862309968,5,0.04428856229985227,0.04316535511086747,0.04176134612463647,0.038953328152174484,17
2022-09-07,0.02144990528658354,1.1177085116635568,8,0.02122636358425083,0.020332196774919983,0.019214488263256425,0.01697907123992931,17
2022-10-05,0.09306173395265972,1.0806968119399927,8,0.09284559459027172,0.09198103714071973,0.09090034032877974,0.08873894670489975,17
2022-11-02,0.016669134130181264,1.2366221969077478,8,0.016421809690799715,0.015432511933273515,0.014195889736365768,0.011722645342550273,17
2022-12-01,0.060527539849717336,1.3829218564831705,11,0.0602509554784207,0.059144617993234165,0.057761696136750994,0.05499585242378466,17
2022-12-30,-0.15149357849073472,1.177270081156148,5,-0.15172903250696596,-0.15267084857189087,-0.153848118653047,-0.1562026588153593,17
2023-01-31,0.046838468163837306,1.3014869473708013,9,0.046578170774363145,0.0455369812164665,0.044235494269095704,0.0416325203743541,17
2023-03-01,0.03740925211819415,1.3308267045189537,6,0.03714308677729036,0.0360784254136752,0.034747598709156245,0.03208594530011834,17
2023-03-29,0.05520111505566998,1.3044841412617978,3,0.05494021822741762,0.05389663091440818,0.05259214677314638,0.04998317849062279,17
2023-04-27,-0.04811363326227598,1.187824990106957,5,-0.04835119826029737,-0.04930145825238294,-0.0504892832424899,-0.05286493322270381,17
2023-05-25,-0.029244543035739846,1.3536974376561572,7,-0.02951528252327108,-0.030598240473396005,-0.031951937911052164,-0.034659332786364475,17
2023-06-26,-0.07263155274067026,1.33444785976786,3,-0.07289844231262384,-0.07396600060043812,-0.07530044846020598,-0.0779693441797417,17
2023-07-25,0.08041358244173238,1.3052399195332465,7,0.08015253445782573,0.07910834252219914,0.07780310260266589,0.07519262276359939,17
2023-08-22,0.052743496550219,1.2624640604007853,2,0.05249100373813884,0.05148103248981822,0.05021856842941743,0.047693640308615864,17
2023-09-20,0.06626821737692792,1.3103696536906284,7,0.0660061434461898,0.06495784772323729,0.06364747806954667,0.06102673876216541,17
2023-10-18,0.022446445500931164,1.2344243095121257,8,0.02219956063902874,0.021212021191419038,0.019977596881906912,0.01750874826288266,17
2023-11-15,-0.17251947579557494,1.3134341323500454,4,-0.17278216262204496,-0.173832909927925,-0.17514634406027504,-0.17777321232497512,17
2006-01-31,0.0315977123724051,0.9999999999999954,10,0.0313977123724051,0.030597712372405106,0.02959771237240511,0.027597712372405117,18
2006-03-01,-0.023831642266508923,1.4295338918368383,6,-0.02411754904487629,-0.02526117615834576,-0.0266907100501826,-0.029549777833856275,18
2006-03-29,0.005814986326382142,1.346580372235326,11,0.005545670251935077,0.004468405954146816,0.00312182558191149,0.00042866483744083764,18
2006-04-27,0.08752006581741194,1.3365762287105392,6,0.08725275057166983,0.0861834895887014,0.08484691335999087,0.08217376090256978,18
2006-05-25,0.04414311281486564,1.2924128820253091,6,0.04388463023846058,0.04285069993284033,0.04155828705081502,0.038973461286764405,18
2006-06-23,0.07553386634733257,1.1719456801035235,7,0.07529947721131186,0.07436192066722905,0.07318997498712553,0.07084608362691848,18
2006-07-24,-0.01377060282884294,1.149815229587694,4,-0.014000565874760479,-0.014920418058430635,-0.016070233288018328,-0.018369863747193717,18
2006-08-21,-0.03450909777237695,1.3174350863366602,4,-0.03477258478964428,-0.03582653285871361,-0.03714396794505027,-0.03977883811772359,18
2006-09-19,-0.048952380395609396,1.254154612893849,6,-0.04920321131818817,-0.05020653500850324,-0.0514606896213971,-0.05396899884718479,18
2006-10-17,0.0010715505642704274,1.2853189168056833,10,0.0008144867809092907,-0.000213768352535256,-0.0014990872693409394,-0.004069725102952306,18
2006-11-14,-0.00020042607025919394,1.3201050852149459,11,-0.0004644470873021831,-0.0015205311554741397,-0.0028406362406890855,-0.005480846411118977,18
2006-12-13,0.009468265437222794,1.344190626431038,11,0.009199427311936587,0.008124074810791757,0.0067798841843607184,0.0040915029314986424,18
2007-01-16,0.009375617460974804,1.2612313039957654,14,0.009123371200175652,0.008114386156979039,0.006853154852983274,0.004330692244991743,18
2007-02-13,0.01675465033399409,1.4055320748283913,6,0.01647354391902841,0.015349118259165698,0.013943586184337307,0.011132522034680525,18
2007-03-14,-0.03903279702149781,1.3685616463167494,8,-0.03930650935076116,-0.04040135866781456,-0.04176992031413131,-0.04450704360676481,18
2007-04-12,0.030415184605578797,1.346334570111867,12,0.030145917691556424,0.029068850035466928,0.027722515465355063,0.02502984632513133,18
2007-05-10,-0.029611392655878584,1.375505605335711,12,-0.029886493776945727,-0.030986898261214296,-0.03236240386655001,-0.03511341507722143,18
2007-06-08,-0.03125283137450192,1.4593486105813236,12,-0.03154470109661818,-0.03271217998508324,-0.034171528595664566,-0.037090225816827214,18
2007-07-09,0.09736360378076082,1.299514475735084,10,0.0971037008856138,0.09606408930502575,0.09476457482929065,0.09216554587782048,18
2007-08-06,-0.03880971381229142,1.298616840200196,12,-0.03906943718033146,-0.040108330652491614,-0.04140694749269181,-0.044004181173092204,18
2007-09-04,0.009424224188022176,1.4357609097691546,17,0.009137072006068345,0.00798846327825302,0.006552702368483867,0.0036811805489455575,18
2007-10-02,0.04019780689410539,1.2945047402184378,10,0.039938905946061705,0.03890330215388695,0.037608797413668515,0.03501978793323164,18
2007-10-30,0.08296674340209137,1.1800332920445185,16,0.08273073674368246,0.08178671011004685,0.08060667681800233,0.0782466102339133,18
2007-11-28,-0.016604384816267234,1.2204933769529476,9,-0.016848483491657823,-0.017824878193220182,-0.01904537157017313,-0.021486358324079025,18
2007-12-27,0.03361166287299268,1.1847425479925882,7,0.03337471436339416,0.03242692032500009,0.031242177777007503,0.028872692681022327,18
2008-01-28,0.006037859360935019,1.2144863974350728,7,0.0057949620814480044,0.004823372963499947,0.0036088865660648737,0.0011799137711947282,18
2008-02-26,0.024773404287624135,1.2563054031290757,5,0.02452214320699832,0.02351709888449506,0.022260793481365983,0.019748182675107834,18
2008-03-26,0.04399632316080757,1.1496375545154105,3,0.04376639564990449,0.042846685606292165,0.04169704805177675,0.03939777294274593,18
2008-04-23,-0.004297442577053675,1.0417374585133026,4,-0.004505790068756336,-0.005339180035566978,-0.00638091749408028,-0.008464392411106886,18
2008-05-21,0.001118042550477076,1.261264767671378,7,0.0008657895969428004,-0.00014322221719430218,-0.0014044869848656803,-0.003927016520208436,18
2008-06-19,0.05136712743509922,1.2606961675043944,5,0.05111498820159834,0.05010643126759483,0.04884573510009043,0.04632434276508164,18
2008-07-18,-0.05995302665154789,1.0832820663507547,9,-0.06016968306481804,-0.06103630871789865,-0.062119590784249404,-0.06428615491695092,18
2008-08-15,0.05042017046537334,1.262537545729688,5,0.0501676629562274,0.04915763291964365,0.04789509537391396,0.045370020282454585,18
2008-09-15,0.1350388742564146,1.0684180347823247,5,0.1348251906494581,0.13397045622163226,0.13290203818684992,0.1307652021172853,18
2008-10-13,0.09704671240859969,1.0908541943210777,8,0.09682854156973547,0.09595585821427861,0.09486500401995754,0.09268329563131537,18
2008-11-10,0.07697910671208126,1.2168982776122552,4,0.0767357270565588,0.075762208434469,0.07454531015685675,0.07211151360163223,18
2008-12-09,-0.16772852617554035,1.1482094269114136,7,-0.16795816806092262,-0.16887673560245176,-0.1700249450293632,-0.172321363883186,18
2009-01-08,0.10241394651749358,1.3183545823403726,3,0.1021502756010255,0.1010955919351532,0.09977723735281284,0.0971405281881321,18
2009-02-06,0.1565202310702185,1.0504474592734137,1,0.15631014157836381,0.1554697836109451,0.1544193361516717,0.15231844123312485,18
2009-03-09,-0.3440246935555756,1.1390034319962,1,-0.3442524942419748,-0.34516369698757177,-0.34630270041956795,-0.3485807072835604,18
2009-04-06,-0.35602455220307244,2.0784435949794497,0,-0.35644024092206833,-0.3581029957980519,-0.3601814393930313,-0.36433832658299026,18
2009-05-05,0.0381107547687787,1.7588180900006547,0,0.03775899115077857,0.03635193667877804,0.03459311858877739,0.031075482408776077,18
2009-06-03,0.06127154076796467,1.0387369390381245,1,0.06106379338015704,0.06023280382892655,0.05919406688988842,0.05711659301181217,18
2009-07-01,-0.06029963062567829,1.1823041265739989,3,-0.06053609145099308,-0.06148193475225228,-0.06266423887882629,-0.06502884713197428,18
2009-07-30,-0.10153745104813135,1.3041116814915255,0,-0.10179827338442965,-0.10284156272962287,-0.1041456744111144,-0.10675389777409745,18
2009-08-27,-0.033379187147627463,1.4166827592783315,2,-0.03366252369948313,-0.034795869906905794,-0.036212552666184124,-0.03904591818474079,18
2009-09-25,0.036576155904392706,1.1762968294797815,5,0.03634089653849675,0.03539985907491292,0.034223562245433145,0.03187096858647358,18
2009-10-23,0.07049375545642675,1.1470313454146286,7,0.07026434918734382,0.06934672411101211,0.0681996927655975,0.06590563007476824,18
2009-11-20,-0.03385255252357202,1.1870258338587576,4,-0.03408995769034377,-0.03503957835743078,-0.036226604191289535,-0.03860065585900705,18
2009-12-21,-0.01913242325173177,1.3081656482226731,3,-0.019394056381376305,-0.020440588899954443,-0.021748754548177117,-0.024365085844622464,18
2010-01-21,0.009506099311339122,1.2779230301253253,5,0.009250514705314057,0.008228176281213796,0.006950253251088471,0.004394407190837821,18
2010-02-19,-0.01298715405381746,1.1717970188897313,7,-0.013221513457595407,-0.01415895107270719,-0.015330748091596923,-0.017674342129376387,18
2010-03-19,-0.04260971932555292,1.415331885431165,3,-0.04289278570263916,-0.04402505121098409,-0.04544038309641525,-0.04827104686727758,18
2010-04-19,0.032925883818249,1.283157816699526,5,0.0326692522549091,0.03164272600154947,0.030359568184849948,0.027793252551450896,18
2010-05-17,0.03770217206022376,1.119218005622838,4,0.037478328459099194,0.03658295405460092,0.03546373604897809,0.033225300037732414,18
2010-06-15,0.058017395275448434,1.0992596507939671,6,0.057797543345289644,0.05691813562465447,0.0558188759738605,0.053620356672272565,18
2010-07-14,0.011130856474083583,1.0509967845741737,9,0.010920657117168749,0.01007985968950941,0.009028862904935236,0.006926869335786888,18
2010-08-11,0.001425345406377885,1.1232881244418536,1,0.0012006877814895144,0.0003020572819360315,-0.0008212308425058221,-0.0030678070913895293,18
2010-09-09,-0.07394053475946663,1.0816171580076106,7,-0.07415685819106815,-0.07502215191747424,-0.07610376907548186,-0.07826700339149707,18
2010-10-07,-0.04544939108592103,1.2091262419961846,6,-0.04569121633432027,-0.04665851732791722,-0.0478676435699134,-0.05028589605390577,18
2010-11-04,-0.022401747385900856,1.2199425128674362,9,-0.022645735888474343,-0.023621689898768294,-0.024841632411635728,-0.0272815174373706,18
2010-12-03,-0.04100220036830664,1.3075855557956202,3,-0.041263717479465764,-0.042309785924102256,-0.04361737147989788,-0.046232542591489116,18
2011-01-03,0.020028713243942283,1.2719395382707417,5,0.019774325336288135,0.018756773705671543,0.0174848341674008,0.014940955090859315,18
2011-02-01,0.004586999275446094,1.2498674309297384,7,0.004337025789260146,0.003337131844516356,0.0020872644135866173,-0.00041247044827285965,18
2011-03-02,-0.0010477497082587996,1.1761512934511877,7,-0.0012829799669490372,-0.0022239010017099875,-0.0034000522951611748,-0.00575235488206355,18
2011-03-30,0.030974090590867982,1.2030722530129445,6,0.030733476140265392,0.02977101833785504,0.028567946084842092,0.026161801578816205,18
2011-04-28,0.03495854293221502,1.210135434634538,7,0.034716515845288114,0.033748407497580485,0.03253827206294595,0.03011800119367687,18
2011-05-26,0.03947074385664309,1.2921159601049272,10,0.03921232066462211,0.03817862789653816,0.03688651193643324,0.03430228001622338,18
2011-06-24,-0.0496469010849584,1.166627389118465,8,-0.04988022656278209,-0.050813528474076865,-0.051980155863195335,-0.05431341064143226,18
2011-07-25,0.18377503897938502,1.1789120867622007,2,0.18353925656203257,0.1825961268926228,0.18141721480586062,0.17905939063233622,18
2011-08-22,-0.01688254820325286,1.1229607479634849,10,-0.017107140352845558,-0.018005508951216345,-0.01912846969917983,-0.0213743911951068,18
2011-09-20,0.004680397531435973,1.0918793289033992,6,0.004462021665655293,0.0035885182025325734,0.002496638873629174,0.00031288021582237535,18
2011-10-18,-0.036687525753146606,0.9420861295467793,5,-0.03687594297905596,-0.037629611882693384,-0.03857169801224016,-0.040455870271333724,18
2011-11-15,0.08345779600988167,1.0329532873703955,7,0.08325120535240758,0.08242484272251127,0.08139188943514088,0.07932598286040009,18
2011-12-14,-0.10126883185707987,1.0158329750948736,2,-0.10147199845209884,-0.10228466483217474,-0.10330049780726962,-0.10533216375745937,18
2012-01-13,-0.08125963008371787,1.1804935321989722,5,-0.08149572879015766,-0.08244012361591684,-0.0836206171481158,-0.08598160421251376,18
2012-02-13,0.044242708291001805,1.299413121632166,9,0.04398282566667537,0.042943295169369636,0.041643882047737474,0.03904505580447314,18
2012-03-13,0.0513189262018635,1.224226597461732,4,0.05107408088237115,0.050094699604401764,0.048870473006940036,0.046422019812016574,18
2012-04-11,0.05029935609329301,1.1022505088848376,5,0.05007890599151604,0.04919710558440817,0.048094855075523336,0.04589035405775366,18
2012-05-09,0.06115154417909548,1.0808735863589765,6,0.06093536946182368,0.0600706705927365,0.05898979700637752,0.05682804983365957,18
2012-06-07,-0.03256934903016112,1.09410473459798,8,-0.032788169977080714,-0.0336634537647591,-0.03475755849935708,-0.03694576796855304,18
2012-07-06,0.0456341905068409,0.9692904251927543,5,0.04544033242180235,0.04466490008164815,0.04369560965645539,0.041757028806069886,18
2012-08-03,-0.07654461556678205,1.101246404953052,3,-0.07676486484777266,-0.0776458619717351,-0.07874710837668815,-0.08094960118659425,18
2012-08-31,0.003780415111964424,1.3749446292520073,3,0.0035054261861140225,0.0024054704827124167,0.0010305258534604091,-0.0017193634050436057,18
2012-10-01,0.03516000708424856,1.2572400351648976,4,0.03490855907721558,0.03390276704908366,0.03264552701391876,0.03013104694358897,18
2012-10-31,-0.024192611045928975,1.236154213384957,2,-0.024439841888605967,-0.02542876525931393,-0.02666491947269889,-0.029137227899468803,18
2012-11-29,-0.017482365922870103,1.3348886638923347,10,-0.01774934365564857,-0.01881725458676244,-0.020152143250654772,-0.02282192057843944,18
2012-12-28,-0.029552338895359926,1.327157741622803,4,-0.029817770443684485,-0.03087949663698273,-0.03220665437860553,-0.03486096986185114,18
2013-01-29,0.03828346762933992,1.4474788034125485,9,0.03799397186865741,0.036835988825927375,0.03538851002251482,0.03249355241568973,18
2013-02-27,0.007302913042782765,1.3092360897226938,2,0.0070410658248382255,0.005993676953060071,0.004684440863337377,0.0020659686838919895,18
2013-03-27,-0.007184062094763721,1.2791351887410025,4,-0.0074398891325119215,-0.008463197283504724,-0.009742332472245726,-0.01230060284972773,18
2013-04-25,-0.023339297809259113,1.2350459520973835,2,-0.02358630699967859,-0.024574343761356497,-0.02580938971345388,-0.028279481617648646,18
2013-05-23,-0.002260814231365198,1.386243996186616,5,-0.0025380630306025215,-0.003647058227551814,-0.0050333022237384305,-0.0078057902161116615,18
2013-06-21,-0.050492453087944304,1.3342350137233594,6,-0.05075930009068898,-0.05182668810166766,-0.05316092311539102,-0.05582939314283774,18
2013-07-22,0.019553956441162004,1.505284115013392,5,0.019252899618159326,0.01804867232614861,0.01654338821113522,0.013532819981108436,18
2013-08-19,-0.06347018551754939,1.2972042343129182,3,-0.06372962636441197,-0.0647673897518623,-0.06606459398617523,-0.06865900245480107,18
2013-09-17,0.01876638998152767,1.402720670769443,8,0.01848584584737378,0.017363669310758226,0.015960948639988783,0.013155507298449897,18
2013-10-15,0.024450694440028557,1.2075715825482736,8,0.024209180123518904,0.023243122857480283,0.022035551274932008,0.019620408109835463,18
2013-11-12,0.016496425757736115,1.3409139495715554,8,0.016228242967821806,0.01515551180816456,0.013814597858593004,0.011132769959449893,18
2013-12-11,-0.07079806235800613,1.336065491640231,7,-0.07106527545633418,-0.07213412784964636,-0.0734701933412866,-0.07614232432456705,18
2014-01-10,-0.009110680798001116,1.5083703638929882,7,-0.009412354870779713,-0.010619051161894105,-0.012127421525787092,-0.015144162253573068,18
2014-02-10,-0.033699120016180625,1.3195989613260477,2,-0.03396303980844583,-0.03501871897750667,-0.03633831793883272,-0.03897751586148482,18
2014-03-11,0.08315056881133046,1.4285359158158395,3,0.0828648616281673,0.08172203289551462,0.08029349697969877,0.0774364251480671,18
2014-04-08,0.08861945476101725,1.2021569998024988,5,0.08837902336105675,0.08741729776121475,0.08621514076141225,0.08381082676180726,18
2014-05-07,-0.03241109913351998,1.041676934164683,5,-0.032619434520352916,-0.03345277606768466,-0.03449445300184934,-0.03657780687017871,18
2014-06-05,-0.09857816876375199,1.2551692882497967,4,-0.09882920262140195,-0.09983333805200179,-0.10108850734025158,-0.10359884591675117,18
2014-07-03,0.057264397371303795,1.354914867769612,3,0.056993414397749874,0.05590948250353418,0.05455456763576457,0.05184473790022535,18
2014-08-01,-0.053397621070292015,1.2927780465725054,5,-0.05365617667960652,-0.05469039911686452,-0.05598317716343702,-0.05856873325658204,18
2014-08-29,0.04070480981787048,1.4433785031282493,3,0.04041613411724483,0.03926143131474223,0.03781805281161398,0.03493129580535748,18
2014-09-29,0.05941115903080053,1.191502262524718,4,0.05917285857829558,0.058219656768275806,0.05702815450575109,0.054645149980701656,18
2014-10-27,-0.01188393750524785,1.3205761257035185,4,-0.012148052730388553,-0.013204513630951369,-0.014525089756654886,-0.017166242008061924,18
2014-11-24,0.06766220969542995,1.2681863120937107,7,0.06740857243301121,0.06639402338333623,0.06512583707124253,0.06258946444705511,18
2014-12-23,0.061809517908798295,1.240155916024758,4,0.06156148672559334,0.06056936199277354,0.059329206076748776,0.056848894244699265,18
2015-01-23,-0.05502726217548556,1.0982916212792215,7,-0.0552469204997414,-0.05612555379676478,-0.057223845418044,-0.059420428660602445,18
2015-02-23,0.0247780932514013,1.3282141048877687,7,0.024512450430423747,0.02344987914651353,0.022121665041625764,0.019465236831850224,18
2015-03-23,-0.03940292641910542,1.37029576279715,2,-0.03967698557166485,-0.040773222181902574,-0.04214351794469972,-0.044884109470294024,18
2015-04-21,0.054634560537284015,1.2770682855883324,7,0.054379146880166346,0.053357492251695685,0.05208042396610735,0.04952628739493069,18
2015-05-19,-0.022392044158690363,1.1872520398848505,6,-0.022629494566667335,-0.023579296198575215,-0.024766548238460064,-0.027141052318229764,18
2015-06-17,0.03806441110310343,1.3588904948724474,8,0.03779263300412894,0.03670552060823098,0.035346630113358535,0.032628849123613635,18
2015-07-16,0.1295987993153348,1.2182134852633535,4,0.12935515661828212,0.12838058583007145,0.1271623723448081,0.12472594537428139,18
2015-08-13,0.007484913990925522,1.2682954204166415,6,0.007231254906842194,0.006216618570508881,0.00494832315009224,0.0024117323092589567,18
2015-09-11,0.06384009564123742,1.4207802877183289,6,0.06355593958369375,0.06241931535351909,0.06099853506580077,0.05815697449036411,18
2015-10-09,-0.026973175883203342,1.1734489488076654,5,-0.027207865672964876,-0.028146624832011007,-0.029320073780818672,-0.031666971678434006,18
2015-11-06,0.07553268090241207,1.2071852424006775,6,0.07529124385393193,0.07432549566001138,0.07311831041761072,0.07070393993280935,18
2015-12-07,0.02251475753402651,1.3623143618538058,6,0.02224229466165575,0.021152443172172703,0.0197901288103189,0.017065500086611285,18
2016-01-06,0.1089212646580989,1.2420441600826313,9,0.10867285582608237,0.10767922049801627,0.10643717633793363,0.10395308801776837,18
2016-02-04,-0.07029415241705377,1.0836519316507325,5,-0.07051088280338391,-0.0713778043487045,-0.07246145628035523,-0.0746287601436567,18
2016-03-04,0.03198807127879961,1.233360320067882,4,0.03174139921478603,0.030754710958731727,0.029521350638663846,0.02705462999852808,18
2016-04-04,-0.11595584170636222,1.1046818837250263,7,-0.11617677808310722,-0.11706052359008724,-0.11816520547381228,-0.12037456924126233,18
2016-05-02,0.0074485903506894425,1.2901755773350059,4,0.007190555235222442,0.006158414773354437,0.004868239196019431,0.0022878880413494188,18
2016-05-31,0.02733106580813113,1.2860809537559796,5,0.027073849617379932,0.02604498485437515,0.024758903900619172,0.02218674199310721,18
2016-06-28,-0.09878763769548018,1.18780601436159,6,-0.0990251988983525,-0.09997544370984178,-0.10116324972420336,-0.10353886175292655,18
2016-07-27,-0.05566986146957375,1.2066306710729615,11,-0.05591118760378834,-0.05687649214064671,-0.05808312281171967,-0.060496384153865594,18
2016-08-24,-0.035939009748788914,1.4839636587994458,13,-0.0362358024805488,-0.03742297340758836,-0.03890693706638781,-0.041874864383986694,18
2016-09-22,0.02960861417556844,1.4496239624001959,6,0.0293186893830884,0.028158990213168245,0.026709366250768047,0.023810118325967657,18
2016-10-20,-0.008492184574405892,1.1916535480879995,10,-0.008730515284023492,-0.009683838122493892,-0.010875491670581891,-0.01325879876675789,18
2016-11-17,0.025408140567368495,1.3327327550416084,8,0.025141594016360173,0.024075407812326886,0.022742675057285278,0.02007720954720206,18
2016-12-16,0.001871026064907472,1.3210857566905188,6,0.0016068089135693683,0.0005499403082169533,-0.0007711454484735653,-0.0034133169618546025,18
2017-01-18,-0.02849353848707653,1.2033446092919593,6,-0.028734207408934922,-0.02969688309636849,-0.03090022770566045,-0.03330691692424437,18
2017-02-15,0.040984031249154375,1.2665051877980258,9,0.04073073021159477,0.03971752606135635,0.038451020873558325,0.03591801049796227,18
2017-03-16,0.02806999462635629,1.3838108438618353,9,0.027793232457583923,0.026686183782494457,0.02530237293863262,0.02253475125090895,18
2017-04-13,0.016010318891164176,1.1178661565421195,8,0.01578674565985575,0.014892452734622056,0.013774586578079936,0.011538854264995698,18
2017-05-12,0.008463325719966573,1.2455031890789512,5,0.008214225082150783,0.007217822530887622,0.00597231934180867,0.003481312963650768,18
2017-06-12,-0.020160657741559344,1.1682574300118163,3,-0.02039430922756171,-0.02132891517157116,-0.022497172601582977,-0.024833687461606607,18
2017-07-11,0.0316710848980964,0.9989733953556754,9,0.03147129021902526,0.030672111502740722,0.029673138107385047,0.027675191316673696,18
2017-08-08,-0.010629574234530603,1.2889261323356773,4,-0.010887359460997737,-0.011918500366866279,-0.013207426499201957,-0.01578527876387331,18
2017-09-06,-0.06509447576908901,1.3610170898921141,12,-0.06536667918706744,-0.06645549285898113,-0.06781650994887324,-0.07053854412865747,18
2017-10-04,0.05237006786526232,1.3599726235460656,3,0.05209807334055311,0.051010095241716256,0.04965012261817019,0.04693017737107806,18
2017-11-01,-0.016149305282763506,1.283290284078966,5,-0.016405963339579298,-0.01743259556684247,-0.01871588585092144,-0.02128246641907937,18
2017-11-30,-0.0303881678727991,1.4329946619129361,6,-0.030674766805181688,-0.03182116253471204,-0.03325415719662497,-0.03612014652045085,18
2017-12-29,-0.0185315527916581,1.3126703534852808,3,-0.018794086862355158,-0.01984422314514338,-0.021156893498628662,-0.023782234205599224,18
2018-01-30,0.01195611401454459,1.3555858324396846,12,0.011684996848056652,0.010600528182104905,0.009244942349665221,0.006533770684785852,18
2018-02-28,0.041817654153505614,1.4180607318907144,9,0.04153404200712747,0.0403995934216149,0.03898153268972419,0.03614541122594275,18
2018-03-28,-0.020938016126255836,1.3961820791332877,6,-0.021217252542082492,-0.022334198205389122,-0.02373038028452241,-0.026522744442788987,18
2018-04-26,-0.05203061912266962,1.2587914782457577,5,-0.052282377418318766,-0.053289410600915375,-0.05454820207916113,-0.05706578503565265,18
2018-05-24,-0.06193777099509645,1.6247618426786337,7,-0.06226272336363218,-0.06356253283777509,-0.06518729468045371,-0.06843681836581099,18
2018-06-22,0.03290673485323699,1.6442909747364904,4,0.03257787665828969,0.031262443878500495,0.029618152903764006,0.026329570954291025,18
2018-07-23,0.04940353218405914,1.2907200424053884,5,0.049145388175578064,0.048112812141653756,0.04682209209924837,0.04424065201443759,18
2018-08-20,-0.015275736995414044,1.4459162705331439,2,-0.015564920249520673,-0.016721653265947187,-0.018167569536480334,-0.02105940207754662,18
2018-09-18,0.0573352263095373,1.316166201144868,8,0.05707199306930833,0.056019060108392436,0.054702893907247564,0.05207056150495783,18
2018-10-16,0.12631618498151242,1.2631762658819128,8,0.12606354972833606,0.12505300871563052,0.1237898324497486,0.12126347991798478,18
2018-11-13,0.028459448749089573,1.243727624756073,8,0.028210703224138357,0.0272157211243335,0.025971993499577427,0.02348453825006528,18
2018-12-13,-0.041398392046746314,1.1820134701196292,7,-0.04163479474077024,-0.04258040551686594,-0.043762418986985574,-0.046126445927224834,18
2019-01-14,-0.038231268457459645,1.1659825174639677,8,-0.03846446496095244,-0.039397250974923616,-0.04056323349238758,-0.04289519852731552,18
2019-02-12,-0.0065402163757362665,1.384390569556834,7,-0.006817094489647633,-0.0079246069452931,-0.009308997514849935,-0.012077778653963603,18
2019-03-13,-0.008638933472542064,1.5228519899293471,5,-0.008943503870527933,-0.010161785462471411,-0.011684637452400759,-0.014730341432259453,18
2019-04-10,0.05933505930061064,1.2345028173365535,4,0.059088158737143334,0.05810055648327409,0.056866053665937534,0.054397048031264425,18
2019-05-09,0.11571679579208977,1.1678846232306355,1,0.11548321886744364,0.11454891116885912,0.1133810265456285,0.11104525729916723,18
2019-06-07,-0.029740859741463583,1.2749821985783878,7,-0.02999585618117926,-0.03101584194004197,-0.03229082413862036,-0.034840788535777135,18
2019-07-08,0.07352720211066383,1.3210489433787802,7,0.07326299232198807,0.07220615316728504,0.07088510422390626,0.0682430063371487,18
2019-08-05,0.07552741811626654,1.281779784124818,4,0.07527106215944157,0.07424563833214172,0.0729638585480169,0.07040029897976727,18
2019-09-03,0.004255447288300793,1.3339369801906855,5,0.0039886598922626556,0.0029215103081101073,0.0015875733279194218,-0.0010803006324619493,18
2019-10-01,-0.042089938371843647,1.2089194450154008,9,-0.04233172226084673,-0.04329885781685905,-0.04450777726187445,-0.04692561615190525,18
2019-10-29,-0.055681148219912165,1.2478580527449672,4,-0.055930719830461155,-0.05692900627265713,-0.058176864325402096,-0.060672580430892034,18
2019-11-26,-0.1013424174836004,1.5684126073350113,6,-0.1016561000050674,-0.1029108300909354,-0.10447924269827043,-0.10761606791294044,18
2019-12-26,0.08251260456957242,1.5080374490045296,7,0.08221099707977152,0.08100456712056789,0.07949652967156336,0.07648045477355431,18
2020-01-27,0.0003874083123779023,1.1727804829899913,3,0.00015285221577990404,-0.000785372170612089,-0.0019581526536020803,-0.004303713619582063,18
2020-02-25,0.06410624905754644,1.2089790611017195,3,0.0638644532453261,0.06289726999644472,0.061688290935343004,0.059270332813139565,18
2020-03-24,-0.01426324026338125,1.4172093951550004,5,-0.01454668214241225,-0.015680449658536252,-0.01709765905369125,-0.019932077844001254,18
2020-04-22,-0.2073633674482751,1.2390644650879734,1,-0.2076111803412927,-0.20860243191336308,-0.20984149637845106,-0.212319625308627,18
2020-05-20,-0.10924861722707387,1.5922545225684914,3,-0.10956706813158756,-0.11084087174964236,-0.11243312627221085,-0.11561763531734784,18
2020-06-18,0.01919988260622345,1.2252091719679326,4,0.018954840771829864,0.017974673434255517,0.016749464262287586,0.014299045918351721,18
2020-07-17,-0.03584011618468019,1.1451117731893048,2,-0.036069138539318056,-0.036985227957869495,-0.0381303397310588,-0.04042056327743741,18
2020-08-14,0.03198920224177456,1.344653548144456,5,0.03172027153214567,0.030644548693630105,0.029299895145485647,0.026610588049196734,18
2020-09-14,-0.062320024580989154,1.200884558152553,4,-0.06256020149261966,-0.06352090913914171,-0.06472179369729426,-0.06712356281359937,18
2020-10-12,0.034901002337991364,1.3524413444969272,4,0.034630514069091976,0.03354856099349444,0.03219611964899751,0.029491236960003657,18
2020-11-09,-0.15665181825002467,1.2016302832226995,4,-0.1568921443066692,-0.15785344853324737,-0.15905507881647007,-0.16145833938291546,18
2020-12-08,-0.07009663674782675,1.690769281074348,5,-0.07043479060404162,-0.0717874060289011,-0.07347817530997544,-0.07685971387212415,18
2021-01-07,-0.24599848335191257,1.3293836135519275,2,-0.24626436007462296,-0.2473278669654645,-0.24865725057901641,-0.2513160178061203,18
2021-02-05,0.19319886532652944,1.701647444197915,5,0.19285853583768986,0.19149721788233154,0.1897955704381336,0.18639227554973778,18
2021-03-08,-0.039105664564361396,1.1047794789606376,3,-0.039326620460153526,-0.04021044404332203,-0.041315223522282674,-0.043524782480203944,18
2021-04-06,0.15582824922645283,1.1035414943857154,10,0.1556075409275757,0.15472470773206712,0.1536211662376814,0.15141408324890998,18
2021-05-04,-0.08968643855568771,1.0720315264240545,6,-0.08990084486097252,-0.09075847008211177,-0.09183050160853581,-0.09397456466138393,18
2021-06-02,-0.049314328586507944,1.3326290450646419,4,-0.049580854395520874,-0.050646957631572585,-0.05197958667663723,-0.05464484476676651,18
2021-06-30,0.14579599446333402,1.216295715944498,8,0.14555273532014512,0.14457969874738952,0.143363403031445,0.14093081159955603,18
2021-07-29,0.00027285887543314363,1.0844955694624312,2,5.595976154065737e-05,-0.0008116366940292875,-0.0018961322634917187,-0.004065123402416581,18
2021-08-26,-0.05603597112557244,1.1919819998221417,9,-0.05627436752553687,-0.05722795312539458,-0.05841993512521672,-0.060803899124861005,18
2021-09-24,0.04945314414298179,1.200622328860332,4,0.04921301967720972,0.04825252181412146,0.047051899485261124,0.044650654827540465,18
2021-10-22,0.025063278663805307,1.1754366953418913,3,0.024828191324736928,0.023887841968463417,0.022712405273121523,0.020361531882437743,18
2021-11-19,0.13954715534719694,1.266340270651306,12,0.1392938872930667,0.13828081507654563,0.13701447480589432,0.13448179426459173,18
2021-12-20,0.1704282420373416,1.2444188715956963,3,0.17017935826302247,0.1691838231657459,0.16793940429415022,0.16545056655095883,18
2022-01-19,-0.018752636270208584,1.0758384905152218,3,-0.018967803968311627,-0.019828474760723806,-0.020904313251239027,-0.023055990232269473,18
2022-02-16,0.044488553691460715,1.0618690233677783,7,0.044276179886787156,0.043426684668092935,0.042364815644725155,0.0402410775979896,18
2022-03-17,0.0858401149196932,1.1314619944357267,7,0.08561382252080606,0.08470865292525748,0.08357719093082175,0.08131426694195029,18
2022-04-14,0.18461351254069341,1.14774655948675,5,0.18438396322879608,0.18346576598120667,0.1823180194217199,0.18002252630274643,18
2022-05-13,0.07321027304920247,1.05703675477049,5,0.07299886569824837,0.07215323629443197,0.07109619953966148,0.06898212603012051,18
2022-06-13,-0.10688032315236118,1.0014910643471608,9,-0.10708062136523061,-0.10788181421670834,-0.1088833052810555,-0.11088628740974982,18
2022-07-13,-0.16783032778083848,1.3787895238558208,7,-0.16810608568560964,-0.1692091173046943,-0.17058790682855013,-0.17334548587626175,18
2022-08-10,0.06550440592874099,1.5069442294878153,5,0.06520301708284343,0.06399746169925317,0.06249051746976536,0.059476629010789726,18
2022-09-08,0.038214061807692906,1.0895400044991979,8,0.03799615380679307,0.03712452180319371,0.03603498179869451,0.033855901789696115,18
2022-10-06,0.10691402072708998,1.0380485733057943,8,0.10670641101242882,0.10587597215378419,0.1048379235804784,0.1027618264338668,18
2022-11-03,0.004622078106106064,1.2453207718966772,9,0.004373013951726729,0.003376757334209387,0.0021314365623127094,-0.00035920498148064514,18
2022-12-02,0.08351621447186504,1.3920751276832615,11,0.08323779944632839,0.08212413934418178,0.08073206421649852,0.07794791396113199,18
2023-01-03,-0.20144742515371386,1.1477104426890095,8,-0.20167696724225168,-0.20259513559640288,-0.20374284603909187,-0.2060382669244699,18
2023-02-01,0.07827208505045097,1.400023801704165,7,0.07799208029011014,0.0768720612487468,0.07547203744704264,0.07267198984363431,18
2023-03-02,0.011907720340447629,1.3071412498532535,7,0.011646292090476977,0.010600579090594375,0.00929343784074112,0.006679155341034615,18
2023-03-30,0.04196966767453593,1.3497140762751119,3,0.041699724859280904,0.040619953598260816,0.0392702395219857,0.036570811369435484,18
2023-04-28,-0.048450721599496344,1.2042732311395514,6,-0.048691576245724254,-0.049654994830635894,-0.050859268061775445,-0.053267814524054546,18
2023-05-26,-0.03168507780861092,1.3489497043192384,7,-0.031954867749474765,-0.03303402751293016,-0.034382977217249394,-0.037080876625887875,18
2023-06-27,-0.06937697024515915,1.3080796937323125,3,-0.06963858618390562,-0.07068504993889146,-0.07199312963262378,-0.0746092890200884,18
2023-07-26,0.08007577420407708,1.273853814171554,7,0.07982100344124277,0.07880192038990552,0.07752806657573397,0.07498035894739086,18
2023-08-23,0.07310840709431297,1.2476436516499274,3,0.07285887836398298,0.07186076344266305,0.07061311979101312,0.06811783248771326,18
2023-09-21,0.06423798361384557,1.260166824234526,6,0.06398595024899867,0.06297781678961105,0.061717649965376514,0.059197316316907465,18
2023-10-19,0.028415602365930364,1.2180919195012994,8,0.028171983982030104,0.027197510446429065,0.025979418526927766,0.023543234687925164,18
2023-11-16,-0.18507313993657365,1.3314622065609591,4,-0.18533943237788583,-0.18640460214313462,-0.18773606434969556,-0.1903989887628175,18
2006-02-01,0.01925988208835339,0.9999999999999966,7,0.01905988208835339,0.018259882088353392,0.017259882088353398,0.015259882088353403,19
2006-03-02,-0.032154191103837416,1.3994669506520103,6,-0.03243408449396782,-0.03355365805448943,-0.03495312500514144,-0.03775205890644546,19
2006-03-30,0.013252962514777486,1.3272132902817775,11,0.012987519856721131,0.01192574922449571,0.010598535934213931,0.007944109353650376,19
2006-04-28,0.07144815662277372,1.3843389604454337,6,0.07117128883068463,0.07006381766232829,0.06867947870188286,0.06591080078099198,19
2006-05-26,0.05455853753236324,1.3054388278618685,5,0.054297449766790865,0.05325309870450137,0.051947659876639504,0.04933678222091577,19
2006-06-26,0.0630643995510902,1.116716309827937,7,0.0628410562891246,0.06194768324126226,0.06083096693143432,0.05859753431177844,19
2006-07-25,-0.0032090463224065174,1.1238141908399273,4,-0.003433809160574503,-0.0043328605132464445,-0.0054566747040863724,-0.007704303085766227,19
2006-08-22,-0.04722528594369887,1.3134058961965647,5,-0.04748796712293818,-0.04853869183989543,-0.049852097736092,-0.05247890952848513,19
2006-09-20,-0.04059726527433947,1.2923543440562686,5,-0.040855736143150724,-0.04188961961839574,-0.043181973962452005,-0.04576668265056454,19
2006-10-18,-0.02196021094163711,1.2555897558193305,11,-0.022211328892800974,-0.02321580069745644,-0.02447139045327577,-0.02698256996491443,19
2006-11-15,0.009365211361833627,1.345951065035386,10,0.00909602114882655,0.00801926029679824,0.006673309231762855,0.003981407101692083,19
2006-12-14,0.02466983885260876,1.3031202853291084,11,0.02440921479554294,0.023366718567279652,0.022063598281950543,0.019457357711292325,19
2007-01-17,0.0053254213686291345,1.268373287297051,14,0.005071746711169724,0.004057048081332083,0.0027886747940350323,0.00025192821944093006,19
2007-02-14,0.01210927776199251,1.4266186417962947,7,0.011823954033633252,0.010682659120196216,0.00925604047839992,0.006402803194807332,19
2007-03-15,-0.03415009168971963,1.3590567303119,9,-0.034421903035782006,-0.03550914842003153,-0.036868205150343426,-0.03958631861096723,19
2007-04-13,0.025213533544518503,1.3471512535276484,10,0.024944103293812973,0.023866382290990855,0.022519231037463207,0.01982492853040791,19
2007-05-11,-0.01740144418365707,1.4197821405160305,12,-0.01768540061176028,-0.0188212263241731,-0.020241008464689132,-0.023080572745721194,19
2007-06-11,-0.035888752662003594,1.4255252798668814,12,-0.03617385771797697,-0.03731427794187048,-0.038739803221737354,-0.04159085378147112,19
2007-07-10,0.08515111984593501,1.2897854682659409,10,0.08489316275228183,0.08386133437766907,0.08257154890940313,0.07999197797287125,19
2007-08-07,-0.011264483075844805,1.333764451925582,12,-0.011531235966229922,-0.012598247527770386,-0.01393201197969597,-0.016599540883547134,19
2007-09-05,-0.008328152262275854,1.3219364665003177,17,-0.008592539555575918,-0.009650088728776172,-0.01097202519527649,-0.013615898128277125,19
2007-10-03,0.04884089943718812,1.2744866237456867,11,0.048586002112438985,0.047566412813442434,0.04629192618969675,0.04374295294220537,19
2007-10-31,0.08058271507483199,1.2138326002859827,15,0.08033994855477479,0.079368882474546,0.07815504987426002,0.07572738467368806,19
2007-11-29,-0.001197210137418813,1.2240550314918002,10,-0.001442021143717173,-0.0024212651689106135,-0.0036453202004024135,-0.006093430263386014,19
2007-12-28,0.0056982789729793995,1.1317688547358076,7,0.005471925202032238,0.004566510118243592,0.0034347412635077844,0.0011712035540361694,19
2008-01-29,0.015471392239795717,1.2020009009173291,7,0.015230992059612251,0.014269391338878388,0.013067390437961058,0.010663388636126401,19
2008-02-27,0.04303733733286449,1.2983547902629826,5,0.04277766637481189,0.041738982542601506,0.040440627752338525,0.037843918171812554,19
2008-03-27,-0.0016651356986288124,1.1664682028068922,3,-0.001898429339190191,-0.002831603901435705,-0.003998072104242597,-0.006331008509856382,19
2008-04-24,0.027423363218527813,1.137854466481592,4,0.027195792325231494,0.02628550875204622,0.02514765428556463,0.022871945352601446,19
2008-05-22,0.002910175460947841,1.254236378538476,7,0.002659328185240146,0.001655939082409365,0.00040170270387088897,-0.0021067700532060632,19
2008-06-20,0.03588893789061033,1.2497613272700063,5,0.03563898562515633,0.034639176563340326,0.03338941523607032,0.030889892581530305,19
2008-07-21,-0.02788636724495679,1.107845704598225,8,-0.028107936385876435,-0.028994212949555016,-0.03010205865415324,-0.03231775006334969,19
2008-08-18,-0.004938696171476744,1.250843812344915,5,-0.005188864933945727,-0.006189539983821659,-0.007440383796166574,-0.009942071420856404,19
2008-09-16,0.15998284839802954,1.0779667908237824,6,0.15976725503986478,0.15890488160720576,0.15782691481638197,0.1556709812347344,19
2008-10-14,0.14876106577858075,1.1285421221155474,8,0.14853535735415765,0.1476325236564652,0.14650398153434965,0.14424689729011855,19
2008-11-11,-0.019938235844577646,1.1202895960464574,7,-0.020162293763786938,-0.021058525440624105,-0.02217881503667056,-0.024419394228763477,19
2008-12-10,-0.06678829163528231,1.0888709581532632,7,-0.06700606582691296,-0.06787716259343557,-0.06896603355158884,-0.07114377546789537,19
2009-01-09,0.07507988559033582,1.082904346833005,3,0.07486330472096922,0.07399698124350282,0.07291407689666982,0.0707482682030038,19
2009-02-09,0.1125934722004623,1.0181942567586584,1,0.11238983334911057,0.11157527794370364,0.11055708368694499,0.10852069517342766,19
2009-03-10,-0.1579245747562396,1.1741206566314628,1,-0.15815939888756592,-0.15909869541287108,-0.16027281606950253,-0.16262105738276547,19
2009-04-07,-0.46147002435094625,1.502224428527614,0,-0.46177046923665177,-0.46297224877947385,-0.4644744732080015,-0.4674789220650567,19
2009-05-06,0.05067923070226671,2.2846829284756103,0,0.050222294116571586,0.0483945477737911,0.046109864845315485,0.04154049898836427,19
2009-06-04,0.1156198163057999,1.0187214857980085,1,0.11541607200864029,0.11460109482000189,0.11358237333420389,0.11154493036260786,19
2009-07-02,-0.10203460902670093,1.157893265547082,3,-0.10226618767981034,-0.10319250229224801,-0.1043503955577951,-0.10666618208888926,19
2009-07-31,-0.09642986028260767,1.4476285450606277,2,-0.09671938599161979,-0.0978774888276683,-0.09932511737272892,-0.10222037446285018,19
2009-08-28,-0.051799244249043176,1.4241015848282117,4,-0.052084064566008816,-0.05322334583387139,-0.0546474474186996,-0.057495650588356026,19
2009-09-28,0.06607297273645496,1.2573362231383762,5,0.06582150549182729,0.06481563651331658,0.06355830029017821,0.06104362784390145,19
2009-10-26,0.05725685052880062,1.1205706426276925,6,0.05703273640027508,0.056136279886172924,0.055015709243545236,0.05277456795828985,19
2009-11-23,-0.042548529288288776,1.218595877998829,4,-0.042792248463888544,-0.043767125166287606,-0.044985721044286435,-0.047422912800284094,19
2009-12-22,0.0017076278617393897,1.3103276608961694,2,0.0014455623295601557,0.00039730020084322026,-0.0009130274600529491,-0.003533682781845288,19
2010-01-22,-0.009967321047380271,1.2143955739231593,5,-0.010210200162164902,-0.01118171662130343,-0.01239611219522659,-0.014824903343072907,19
2010-02-22,-0.03543619721953076,1.2357085522476687,7,-0.03568333892998029,-0.036671905771778424,-0.0379076143240261,-0.04037903142852143,19
2010-03-22,-0.04650620259178915,1.423912114520752,3,-0.0467909850146933,-0.0479301147063099,-0.049354026820830656,-0.052201851049872156,19
2010-04-20,0.052745729285949255,1.2257028380247097,5,0.052500588718344315,0.05152002644792455,0.050294323609899834,0.04784291793385042,19
2010-05-18,0.024755030869162396,1.104361369557283,3,0.02453415859525094,0.023650669499605113,0.02254630813004783,0.020337585390933263,19
2010-06-16,0.05156002209352518,1.066050561581523,6,0.05134681198120887,0.050493971531943654,0.04942792097036213,0.047295819847199085,19
2010-07-15,0.007792813085547023,1.0743418791128094,8,0.00757794470972446,0.006718471206434214,0.005644129327321404,0.003495445569095785,19
2010-08-12,-0.007664424397204409,1.092158069535175,1,-0.007882856011111444,-0.008756582466739583,-0.009848740536274759,-0.012033056675345108,19
2010-09-10,-0.07935518141441471,1.0362120644502948,8,-0.07956242382730477,-0.08039139347886501,-0.0814276055433153,-0.08350002967221588,19
2010-10-08,-0.03496472896494059,1.2358511404194696,6,-0.03521189919302449,-0.036200580105360064,-0.037436431245779535,-0.03990813352661847,19
2010-11-05,-0.03258588670737427,1.1860046095986463,9,-0.032823087629294,-0.03377189131697292,-0.034957895926571565,-0.03732990514576886,19
2010-12-06,-0.012969571899518287,1.300645456270032,3,-0.013229700990772293,-0.014270217355788319,-0.01557086281205835,-0.018172153724598416,19
2011-01-04,0.008699033019453906,1.288555153842436,5,0.008441321988685418,0.00741047786561147,0.006121922711769034,0.0035448124040841616,19
2011-02-02,-0.001949273773517743,1.301270031513206,8,-0.0022095277798203842,-0.003250543805030949,-0.004551813836544155,-0.007154353899570568,19
2011-03-03,0.011558782633287681,1.1919537413285004,7,0.01132039188502198,0.01036682889195918,0.00917487515063068,0.006790967667973679,19
2011-03-31,0.03221395925843306,1.1716995667849275,7,0.03197961934507607,0.031042259691648134,0.029870560124863204,0.027527160991293348,19
2011-04-29,0.03348376188944984,1.2388008939548445,6,0.03323600171065887,0.032244960995494995,0.031006160101540153,0.028528558313630464,19
2011-05-27,0.04359615744054834,1.2783766023667964,9,0.04334048212007498,0.042317780838181544,0.041039404235814744,0.03848265103108115,19
2011-06-27,-0.04843208812535719,1.1557426839380647,9,-0.0486632366621448,-0.049587830809295255,-0.050743573493233315,-0.05305505886110945,19
2011-07-26,0.1667059210450048,1.169669705032866,2,0.16647198710399824,0.16553625133997193,0.16436658163493909,0.16202724222487336,19
2011-08-23,0.05404804804051145,1.1582406211538716,8,0.05381639991628068,0.05288980741935758,0.051731566798203704,0.049415085555895966,19
2011-09-21,0.0006866601583355588,1.0298310624410367,6,0.0004806939458473514,-0.00034317090410547783,-0.0013730019665465145,-0.003432664091428588,19
2011-10-19,-0.0660976681291762,0.932862768213295,5,-0.06628424068281885,-0.06703053089738949,-0.06796339366560279,-0.06982911920202937,19
2011-11-16,0.09357274965042132,1.05838686719871,7,0.09336107227698158,0.09251436278322261,0.0914559759160239,0.08933920218162648,19
2011-12-15,-0.09311873545126564,1.018276824347441,3,-0.09332239081613514,-0.09413701227561308,-0.09515528909996053,-0.0971918427486554,19
2012-01-17,-0.07767425141272619,1.1705277982472073,6,-0.07790835697237562,-0.0788447792109734,-0.0800153070092206,-0.08235636260571502,19
2012-02-14,0.04262979734101746,1.2823604373877187,8,0.042373325253539915,0.04134743690362974,0.04006507646624202,0.03750035559146658,19
2012-03-14,0.03384680801431469,1.215320232731361,4,0.03360374396776841,0.032631487781583327,0.031416167548851966,0.028985527083389244,19
2012-04-12,0.0695438275438076,1.0575541358228366,5,0.06933231671664303,0.06848627340798476,0.06742871927216193,0.06531361100051625,19
2012-05-10,0.047719759321359474,1.0558025511830234,4,0.04750859881112287,0.04666395677017645,0.045608154218993426,0.043496549116627384,19
2012-06-08,-0.021801037616676792,1.13902845878578,8,-0.022028843308433948,-0.022940066075462572,-0.024079094534248353,-0.02635715145181991,19
2012-07-09,0.020921584008296086,0.9810134913811739,5,0.02072538131001985,0.01994057051691491,0.018959557025533737,0.01699753004277139,19
2012-08-06,-0.052482767446415717,1.1264324234612113,3,-0.05270805393110796,-0.05360919986987693,-0.05473563229333814,-0.05698849714026056,19
2012-09-04,0.008272753193700478,1.402280033020807,4,0.007992297187096317,0.006870473160679671,0.005468193127658864,0.0026636330616172507,19
2012-10-02,0.021580257502935466,1.2359865751690449,5,0.021333060187901657,0.02034427092776642,0.019108284352597378,0.016636311202259287,19
2012-11-01,-0.00454705170091387,1.2913207194764555,2,-0.004805315844809161,-0.0058383724203903255,-0.007129693139866781,-0.009712334578819693,19
2012-11-30,-0.03832445001702452,1.3593846009528268,11,-0.038596326937215084,-0.039683834617977344,-0.04104321921893017,-0.043761988420835826,19
2012-12-31,-0.0016811275128571694,1.3794186606734204,4,-0.0019570112449918534,-0.00306054617353059,-0.004439964834204011,-0.0071988021555508515,19
2013-01-30,0.023686682747977045,1.4348677166230523,7,0.023399709204652435,0.022251815031353993,0.02081694731473094,0.017947211881484834,19
2013-02-28,0.0038367430416209013,1.3134200024706992,1,0.0035740590411267614,0.0025233230391502022,0.0012099030366795028,-0.0014169369682618957,19
2013-03-28,-0.001725355524324772,1.2960023109919432,5,-0.0019845559865231607,-0.0030213578353167152,-0.004317360146308659,-0.006909364768292545,19
2013-04-26,-0.029978078282765955,1.2395288538833404,1,-0.030225984053542623,-0.031217607136649294,-0.03245713599053263,-0.03493619369829932,19
2013-05-24,0.019615448200864492,1.4132265903145138,4,0.01933280288280159,0.01820222161054998,0.016788995020235464,0.013962541839606437,19
2013-06-24,-0.06135701226897772,1.318023988863598,7,-0.061620617066750434,-0.06267503625784132,-0.06399306024670491,-0.0666291082244321,19
2013-07-23,0.005455924731623403,1.5417133501152165,5,0.00514758206160036,0.003914211381508187,0.0023724980313929705,-0.0007109286688374624,19
2013-08-20,-0.056978075064788455,1.2885151780486432,3,-0.057235778100398184,-0.0582665902428371,-0.05955510542088574,-0.062132135776983025,19
2013-09-18,0.000888259346340309,1.390759025535413,9,0.0006101075412332265,-0.000502499679195104,-0.001893258704730517,-0.004674776755801344,19
2013-10-16,0.033012512830448114,1.2453478161825966,8,0.032763443267211596,0.03176716501426552,0.03052181719808292,0.02803112156571773,19
2013-11-13,0.013779021111968846,1.3603661231752484,7,0.013506947887333797,0.012418654988793599,0.011058288865618349,0.008337556619267852,19
2013-12-12,-0.04302469534207356,1.3393725454542111,7,-0.0432925698511644,-0.04436406788752777,-0.04570344043298198,-0.048382185523890404,19
2014-01-13,-0.016479552034421276,1.416938758550305,7,-0.016762939786131338,-0.017896490792971582,-0.019313429551521887,-0.022147307068622495,19
2014-02-11,-0.034276085211977496,1.3934392752267306,2,-0.03455477306702284,-0.03566952448720423,-0.037062963762430956,-0.039849842312884416,19
2014-03-12,0.06774501366534737,1.4738404300423849,4,0.06745024557933889,0.06627117323530499,0.06479733280526259,0.06184965194517783,19
2014-04-09,0.1366559011644007,1.228659446478681,4,0.13641016927510496,0.13542724171792203,0.13419858227144335,0.131741263378486,19
2014-05-08,-0.05609173430672512,1.0425594932342133,5,-0.05630024620537197,-0.05713429379995934,-0.058176853293193546,-0.06026197227966197,19
2014-06-06,-0.0567585987741214,1.2760269395285093,4,-0.0570138041620271,-0.05803462571364991,-0.05931065265317842,-0.06186270653223544,19
2014-07-07,0.036403746356513014,1.3127556174752224,3,0.03614119523301797,0.03509099073903779,0.03377823512156257,0.031152723886612124,19
2014-08-04,-0.04217710184753044,1.3009066447301858,5,-0.04243728317647648,-0.04347800849226063,-0.04477891513699082,-0.047380728426451184,19
2014-09-02,0.051513292337919174,1.4469745183770573,4,0.05122389743424376,0.050066317819542114,0.04861934330116506,0.04572539426441095,19
2014-09-30,0.02472964505705319,1.2263293152613421,4,0.02448437919400092,0.023503315741791847,0.022276986426530504,0.01982432779600782,19
2014-10-28,0.010590953246146501,1.3647121622905916,4,0.010318010813688383,0.00922624108385591,0.007861528921565317,0.005132104596984134,19
2014-11-25,0.058326472398020676,1.2548361523207692,7,0.058075505167556524,0.05707163624569991,0.05581680009337914,0.0533071277887376,19
2014-12-24,0.045548192326047135,1.2595338358329555,4,0.045296285558880545,0.044288658490214176,0.043029124654381225,0.040510056982715315,19
2015-01-26,-0.02534409231898767,1.1460096531255046,8,-0.02557329424961277,-0.026490101972113177,-0.02763611162523868,-0.029928130931489688,19
2015-02-24,0.019701719022830227,1.3045435505336989,7,0.019440810312723485,0.018397175472296527,0.01709263192176283,0.014483544820695431,19
2015-03-24,-0.03153196552337698,1.3785727482098782,2,-0.03180768007301896,-0.03291053827158686,-0.03428911101979674,-0.03704625651621649,19
2015-04-22,0.03737964075280582,1.2560454361595643,8,0.03712843166557391,0.03612359531664626,0.034867549880486695,0.03235545900816757,19
2015-05-20,-0.02116880776798835,1.2182575782341518,6,-0.021412459283635183,-0.022387065346222503,-0.023605322924456655,-0.02604183808092496,19
2015-06-18,0.030274992216846174,1.4061851920671606,8,0.02999375517843274,0.028868807024779012,0.02746262183271185,0.02465025144857753,19
2015-07-17,0.13568159606441157,1.242747649333322,4,0.1354330465345449,0.13443884841507825,0.13319610076574492,0.1307106054670783,19
2015-08-14,0.003838363542337494,1.2872456219601511,6,0.0035809144179454635,0.002551117920377343,0.0012638722984171917,-0.0013106189455031106,19
2015-09-14,0.08739983402301532,1.4020939436705038,6,0.08711941523428123,0.08599774007934481,0.08459564613567432,0.08179145824833331,19
2015-10-12,-0.0563571723951445,1.1630723294930891,5,-0.056589786861043115,-0.057520244724637584,-0.05868331705413068,-0.06100946171311685,19
2015-11-09,0.054818525007098426,1.3543941919440532,6,0.054547646168709614,0.05346413081515437,0.05210973662321032,0.049400948239322215,19
2015-12-08,0.06290377223762755,1.385874591210579,5,0.06262659731938544,0.06151789764641698,0.060132023055206395,0.057360273872785236,19
2016-01-07,0.09328781287418832,1.1502045977830702,9,0.0930577719546317,0.09213760827640524,0.09098740367862218,0.08868699448305603,19
2016-02-05,-0.15318681068660125,1.0732706903468048,5,-0.15340146482467062,-0.15426008137694805,-0.15533335206729487,-0.15747989344798846,19
2016-03-07,0.05997167001949313,1.3955001931779474,5,0.059692569980857535,0.05857616982631518,0.057180669633137234,0.05438966924678134,19
2016-04-05,-0.06929030075184298,1.0707352770706098,6,-0.06950444780725709,-0.07036103602891358,-0.0714317713059842,-0.07357324186012541,19
2016-05-03,-0.026438211984339915,1.2586588571307407,3,-0.02668994375576606,-0.027696870841470655,-0.028955529698601396,-0.03147284741286288,19
2016-06-01,0.016548231217754197,1.3475776005535747,5,0.01627871569764348,0.015200653617200622,0.013853076016647047,0.011157920815539898,19
2016-06-29,-0.07167593945658865,1.210003624714552,8,-0.07191794018153155,-0.0728859430813032,-0.07409594670601775,-0.07651595395544686,19
2016-07-28,-0.06111620797882696,1.2145088214834805,9,-0.06135910974312366,-0.062330716800310444,-0.06354522562179392,-0.06597424326476088,19
2016-08-25,-0.0353486100392471,1.4522244339218928,14,-0.03563905492603148,-0.036800834473168995,-0.03825305890709089,-0.041157507774934675,19
2016-09-23,0.018872251738023697,1.441571823242987,7,0.0185839373733751,0.01743067991478071,0.015989108091537724,0.01310596444505175,19
2016-10-21,-0.027771853435165215,1.2311575181518237,9,-0.02801808493879558,-0.02900301095331704,-0.030234168471468863,-0.03269648350777251,19
2016-11-18,0.034853524141206176,1.3604296839516663,7,0.034581438204415844,0.033493094457254506,0.032132664773302844,0.029411805405399512,19
2016-12-19,0.01453138842203585,1.2856960858421984,6,0.01427424920486741,0.013245692336193651,0.011959996250351454,0.009388604078667057,19
2017-01-19,-0.02498299746140961,1.1734095734639125,7,-0.025217679376102392,-0.02615640703487352,-0.027329816608337432,-0.02967663575526526,19
2017-02-16,0.040968873781556094,1.3144948566884544,8,0.040705974810218405,0.03965437892486764,0.03833988406817918,0.03571089435480228,19
2017-03-17,0.01963425823313037,1.3917835659801923,9,0.019355901519934333,0.018242474667150177,0.016850691101169987,0.014067123969209602,19
2017-04-17,0.020194843910895887,1.1501702426653355,8,0.01996480986236282,0.019044673668230552,0.017894503425565214,0.015594162940234545,19
2017-05-15,0.010131078879830935,1.1954672513481717,5,0.0098919854295613,0.008935611628482764,0.007740144377134592,0.005349209874438249,19
2017-06-13,-0.013784777114036506,1.1638318859005938,4,-0.014017543491216625,-0.0149486089999371,-0.016112440885837694,-0.01844010465763888,19
2017-07-12,0.03333712207818405,0.9877006076938168,8,0.03313958195664529,0.03234942147049023,0.03136172086279642,0.029386319647408787,19
2017-08-09,-0.023348033557952907,1.2563740486192614,4,-0.02359930836767676,-0.02460440760657217,-0.025860781655191428,-0.028373529752429953,19
2017-09-07,-0.07064426326481955,1.3201061992204295,13,-0.07090828450466365,-0.07196436946403999,-0.0732844756632604,-0.07592468806170127,19
2017-10-05,0.05391293680423935,1.370043290194714,4,0.05363892814620041,0.052542893514044633,0.051172850223849924,0.0484327636434605,19
2017-11-02,-0.03477092349516205,1.3249278728600944,6,-0.03503590906973407,-0.036095851368022146,-0.03742077924088224,-0.04007063498660243,19
2017-12-01,-0.06368511039697268,1.4465811009032914,5,-0.06397442661715334,-0.06513169149787597,-0.06657827259877926,-0.06947143480058585,19
2018-01-02,0.028318800722819823,1.3856713470922968,5,0.028041666453401365,0.026933129375727526,0.025547458028635228,0.022776115334450637,19
2018-01-31,-0.006179144106768907,1.2961803137949868,11,-0.006438380169527904,-0.007475324420563894,-0.00877150473435888,-0.011363865361948854,19
2018-03-01,0.029242353856623205,1.42060907285248,8,0.02895823204205271,0.027821744783770724,0.026401135710918244,0.023559917565213286,19
2018-03-29,-0.0050201683657382385,1.3843459643174256,6,-0.005297037558601724,-0.006404514330055664,-0.00778886029437309,-0.010557552223007942,19
2018-04-27,-0.05175973757422346,1.2992382274293863,5,-0.05201958521970934,-0.05305897580165285,-0.05435821402908223,-0.056956690483941,19
2018-05-25,-0.039106588586562525,1.6333065617491804,8,-0.039433249898912365,-0.04073989514831171,-0.042373201710060884,-0.04563981483355925,19
2018-06-25,0.040410628961215105,1.5966140590638855,3,0.040091306149402324,0.038814014902151216,0.037217400843087334,0.03402417272495956,19
2018-07-24,0.023703018241350356,1.3367708632573514,6,0.023435664068698885,0.022366247378093004,0.02102947651483565,0.01835593478832095,19
2018-08-21,-0.007367557604504204,1.4924466526297027,1,-0.007666046935030145,-0.008860004257133906,-0.010352450909763609,-0.013337344215023014,19
2018-09-19,0.06324939166087404,1.2961459896995984,8,0.06299016246293412,0.06195324567117444,0.06065709968147484,0.058064807702075644,19
2018-10-17,0.12955794117084093,1.2366655796480623,7,0.12931060805491132,0.12832127559119288,0.1270846100115448,0.12461127885224868,19
2018-11-14,0.04101954733192682,1.2336139597372437,9,0.04077282453997937,0.03978593337218958,0.03855231941245234,0.036085091492977846,19
2018-12-14,-0.057787158345074065,1.1663635113262427,8,-0.05802043104733931,-0.05895352185640031,-0.06011988536772655,-0.06245261239037904,19
2019-01-15,-0.016602172936434848,1.212428949779355,8,-0.01684465872639072,-0.017814601886214202,-0.01902703083599356,-0.021451888735552267,19
2019-02-13,0.004498855527968856,1.3366704792935642,8,0.004231521432110143,0.0031621850486752917,0.0018255145693817274,-0.0008478263892054009,19
2019-03-14,0.002931100760109238,1.4661593894420382,4,0.0026378688822208305,0.0014649413706671998,-1.2180187748383337e-06,-0.0029335367976589147,19
2019-04-11,0.05285051525682099,1.1822974713920609,4,0.05261405576254258,0.051668217785428926,0.05048592031403687,0.04812132537125274,19
2019-05-10,0.10158790117654201,1.1608316712385693,1,0.10135573484229429,0.10042706950530345,0.09926623783406488,0.09694457449158773,19
2019-06-10,-0.03779671794292291,1.265007022626703,7,-0.038049719347448246,-0.03906172496554961,-0.04032673198817631,-0.04285674603342972,19
2019-07-09,0.07864634627808473,1.3185430930799182,5,0.07838263765946875,0.0773278031850048,0.0760092600919249,0.07337217390576506,19
2019-08-06,0.06158250506940207,1.2945960761432955,4,0.06132358585417341,0.060287908993258775,0.05899331291711548,0.05640412076482889,19
2019-09-04,0.02045366909560464,1.2739971040955753,5,0.020198869674785524,0.019179671991509065,0.01790567488741349,0.015357680679222338,19
2019-10-02,-0.03279908112529361,1.1538693730105476,9,-0.03302985499989572,-0.03395295049830416,-0.035106819871314705,-0.0374145586173358,19
2019-10-30,-0.06364306387317832,1.2665811844582058,4,-0.06389638011006996,-0.06490964505763652,-0.06617622624209474,-0.06870938861101114,19
2019-11-27,-0.07055345492294492,1.6031459432121202,5,-0.07087408411158734,-0.07215660086615704,-0.07375974680936916,-0.0769660386957934,19
2019-12-27,0.05934789421245765,1.445871279917227,7,0.0590587199564742,0.05790202293254042,0.056456151652623195,0.05356440909278874,19
2020-01-28,-0.000357997279586463,1.2072293702344297,3,-0.000599443153633349,-0.0015652266498208927,-0.0027724560200553224,-0.005186914760524182,19
2020-02-26,0.07774450891219378,1.1678347775413072,4,0.07751094195668552,0.07657667413465248,0.07540883935711117,0.07307316980202855,19
2020-03-25,0.03407720788221051,1.3818092493568452,5,0.03380084603233914,0.032695398632853666,0.03131358938349682,0.02854997088478313,19
2020-04-23,-0.20550884448879217,1.1513033852523782,0,-0.20573910516584265,-0.20666014787404455,-0.20781145125929693,-0.21011405802980168,19
2020-05-21,-0.08464916411361863,1.5734314494302846,3,-0.08496385040350468,-0.08622259556304891,-0.0877960270124792,-0.09094288991133977,19
2020-06-19,0.022599571987627555,1.14168167011627,4,0.022371235653604302,0.021457890317511285,0.020316208647395015,0.018032845307162475,19
2020-07-20,-0.03605413418084295,1.1497242649383197,2,-0.036284079033830616,-0.03720385844578127,-0.03835358271071959,-0.04065303124059623,19
2020-08-17,0.0406080095747285,1.3203320506629317,4,0.04034394316459591,0.03928767752406557,0.037967345473402636,0.03532668137207677,19
2020-09-15,-0.06841606961773042,1.2122019820783019,5,-0.06865851001414608,-0.06962827159980872,-0.07084047358188703,-0.07326487754604363,19
2020-10-13,0.04847247571658066,1.3116627143909716,3,0.048210143173702466,0.04716081300218969,0.045849150287798714,0.04322582485901677,19
2020-11-10,-0.1490549465030097,1.3078796786113074,4,-0.14931652243873197,-0.15036282618162103,-0.15167070586023232,-0.15428646521745493,19
2020-12-09,-0.11317722223533802,1.589927224152816,6,-0.11349520768016859,-0.11476714945949083,-0.11635707668364366,-0.11953693113194928,19
2021-01-08,-0.34861709008124814,1.379035514305564,3,-0.34889289718410926,-0.3499961255955537,-0.3513751611098593,-0.35413323213847037,19
2021-02-08,0.15573198653392448,2.0123210900775375,5,0.15532952231590896,0.15371966544384694,0.1517073443537694,0.14768270217361432,19
2021-03-09,0.07540351507836958,1.1251122010234955,3,0.07517849263816488,0.07427840287734608,0.07315329067632259,0.0709030662742756,19
2021-04-07,0.12312131229015227,1.0035296959496023,9,0.12292060635096236,0.12211778259420267,0.12111425289825307,0.11910719350635386,19
2021-05-05,-0.07850138610255608,1.1258035094642065,6,-0.07872654680444892,-0.07962718961202028,-0.0807529931214845,-0.0830046001404129,19
2021-06-03,-0.043253473640444476,1.3006143229287699,6,-0.04351359650503023,-0.04455408796337325,-0.045854702286302014,-0.04845593093215955,19
2021-07-01,0.1516225574970995,1.1427851797603161,6,0.15139400046114743,0.15047977231733917,0.14933698713757887,0.14705141677805822,19
2021-07-30,-0.051213349964163074,1.0963003204087183,3,-0.05143261002824482,-0.052309650284571796,-0.05340595060498051,-0.05559855124579795,19
2021-08-27,-0.05911046142965731,1.267924742705988,8,-0.05936404637819851,-0.0603783861723633,-0.06164631091506929,-0.06418216040048126,19
2021-09-27,0.0566910935970091,1.2321333896814388,4,0.056444666919072815,0.055458960207327664,0.05422682681764622,0.05176256003828335,19
2021-10-25,0.06989605117874181,1.1655024469827193,3,0.06966295068934528,0.0687305487317591,0.06756504628477637,0.06523404139081093,19
2021-11-22,0.08638508839341898,1.2109264921670164,11,0.08614290309498557,0.08517416190125196,0.08396323540908494,0.08154138242475091,19
2021-12-21,0.20320096293294382,1.2309394507574296,4,0.20295477504279233,0.2019700234821864,0.20073908403142895,0.1982772051299141,19
2022-01-20,-0.0003725196347561941,1.0607902041048927,3,-0.0005846776755771726,-0.0014333098388610867,-0.0024941000429659797,-0.004615680451175765,19
2022-02-17,-0.030679533769886105,1.0537443552925965,8,-0.030890282640944625,-0.031733278125178704,-0.0327870224804713,-0.03489451119105649,19
2022-03-18,0.11649625258591753,1.2120209196195244,5,0.11625384840199363,0.115284231666298,0.11407221074667848,0.11164816890743944,19
2022-04-18,0.18111394456901683,1.1398123039550712,5,0.18088598210822582,0.17997413226506176,0.17883431996110669,0.17655469535319654,19
2022-05-16,0.05076944811205039,1.0292624660809722,6,0.050563595618834195,0.049740185645969416,0.04871092317988845,0.046652398247726504,19
2022-06-14,-0.05853962832903988,0.9963664526553117,8,-0.058738901619570946,-0.059535994781695196,-0.060532361234350504,-0.06252509413966113,19
2022-07-14,-0.1766098756377161,1.2718426329159704,8,-0.1768642441642993,-0.17788171827063207,-0.17915356090354803,-0.18169724616938,19
2022-08-11,0.04126163247385337,1.5477349096741493,4,0.04095208549191854,0.03971389756417922,0.03816616265450507,0.03507069283515678,19
2022-09-09,0.08587168280509119,1.0885512920465823,8,0.08565397254668188,0.0847831315130446,0.08369458022099803,0.08151747763690487,19
2022-10-07,0.08864431364147062,1.0502316536449956,8,0.08843426731074161,0.08759408198782562,0.08654385033418062,0.08444338702689064,19
2022-11-04,0.006217770786695259,1.3043768135520888,7,0.005956895423984841,0.0049133939731431705,0.0036090171595910816,0.001000263532486904,19
2022-12-05,0.03970079847448622,1.3202208188893367,13,0.03943675431070835,0.03838057765559688,0.037060356836707546,0.03441991519892887,19
2023-01-04,-0.2193016417255281,1.15858750467107,8,-0.2195333592264623,-0.22046022923019917,-0.22161881673487024,-0.2239359917442124,19
2023-02-02,0.09280441891593663,1.4342511107322828,8,0.09251756869379017,0.09137016780520435,0.08993591669447207,0.0870674144730075,19
2023-03-03,0.02282288384304238,1.310753581177743,6,0.022560733126806832,0.02151213026186464,0.020201376680686896,0.01757986951833141,19
2023-03-31,0.06224729487867782,1.3637976726047731,4,0.06197453534415687,0.06088349720607305,0.05951969953346827,0.056792104188258724,19
2023-05-01,-0.08077314098894717,1.2213116622654427,4,-0.08101740332140026,-0.08199445265121261,-0.08321576431347805,-0.08565838763800894,19
2023-05-30,-0.030919382959574016,1.4074912775843744,8,-0.031200881215090893,-0.03232687423715839,-0.033734365514742765,-0.036549348069911516,19
2023-06-28,-0.01547465460065256,1.2939940593453638,2,-0.015733453412521633,-0.016768648659997925,-0.018062642719343287,-0.020650630838034013,19
2023-07-27,0.0938095155700685,1.2053237680556101,7,0.09356845081645739,0.09260419180201289,0.09139886803395728,0.08898822049784606,19
2023-08-24,0.056288190855400655,1.2729170292726046,3,0.056033607449546136,0.05501527382612805,0.05374235679685545,0.051196522738310234,19
2023-09-22,0.06788691838804284,1.2791371463158294,6,0.06763109095877967,0.066607781241727,0.06532864409541118,0.06277036980277952,19
2023-10-20,-0.012787767099136588,1.2246371730290222,8,-0.013032694533742393,-0.01401240427216561,-0.015237041445194633,-0.017686315791252676,19
2023-11-17,-0.14311100542755437,1.3311211175312518,3,-0.14337722965106062,-0.14444212654508562,-0.14577324766261687,-0.14843548989767938,19
