date,n_eligible,n_factor,n_used,ic_pearson,ic_spearman,coverage,target_coverage,rank_autocorr_1d,rank_autocorr_20d
2006-01-04,1605,0,0,,,0.0,,,
2006-01-05,1617,0,0,,,0.0,,,
2006-01-06,1633,0,0,,,0.0,,,
2006-01-09,1634,0,0,,,0.0,,,
2006-01-10,1633,0,0,,,0.0,,,
2006-01-11,1637,0,0,,,0.0,,,
2006-01-12,1648,0,0,,,0.0,,,
2006-01-13,1653,0,0,,,0.0,,,
2006-01-17,1662,0,0,,,0.0,,,
2006-01-18,1652,0,0,,,0.0,,,
2006-01-19,1645,0,0,,,0.0,,,
2006-01-20,1633,0,0,,,0.0,,,
2006-01-23,1631,0,0,,,0.0,,,
2006-01-24,1638,0,0,,,0.0,,,
2006-01-25,1640,0,0,,,0.0,,,
2006-01-26,1646,0,0,,,0.0,,,
2006-01-27,1665,0,0,,,0.0,,,
2006-01-30,1684,0,0,,,0.0,,,
2006-01-31,1701,0,0,,,0.0,,,
2006-02-01,1713,1706,1699,0.1064422442199904,0.12770587415610857,0.9959136018680678,0.9958968347010551,0.9794091244765357,0.7040273045759863
2006-02-02,1735,1728,1721,0.11723822807944274,0.12560228629962789,0.9959654178674352,0.9959490740740741,0.9864299200881977,0.7037796274133923
2006-02-03,1734,1726,1718,0.11708156334347294,0.1371849047524964,0.9953863898500577,0.9953650057937428,0.981915165431195,0.6915553503980534
2006-02-06,1744,1735,1725,0.12389860718985825,0.1425086689891511,0.9948394495412844,0.9942363112391931,0.9813528130913838,0.6834014019838817
2006-02-07,1747,1738,1728,0.09172667969768206,0.10470503627560279,0.994848311390956,0.9942462600690449,0.9858722341349869,0.6917277877454968
2006-02-08,1744,1735,1725,0.07600049987826545,0.09902264416530424,0.9948394495412844,0.9942363112391931,0.976714965293481,0.6943073465754634
2006-02-09,1741,1732,1722,0.054835062126844594,0.08418723343621357,0.9948305571510626,0.9942263279445728,0.9793897504422575,0.6751974000140853
2006-02-10,1745,1736,1725,0.05330285865348502,0.07393796481299242,0.9948424068767908,0.993663594470046,0.9865244126218197,0.6789826111595874
2006-02-13,1746,1736,1726,0.04755012137910299,0.08024063672621755,0.9942726231386025,0.9942396313364056,0.9801437352249767,0.684474302389119
2006-02-14,1751,1740,1729,0.04413510523527908,0.067976099467581,0.9937178754997145,0.9936781609195402,0.9839446378912857,0.6608340983456062
2006-02-15,1752,1740,1730,0.0328511938557087,0.057006375709802194,0.9931506849315068,0.9942528735632183,0.9845159281397777,0.6380982936926496
2006-02-16,1750,1738,1729,0.04920391500706746,0.0581605330578558,0.9931428571428571,0.9948216340621404,0.9809680542353965,0.6732135665565331
2006-02-17,1747,1734,1725,0.05131299098374042,0.06797646827515264,0.9925586720091586,0.9948096885813149,0.9837613341081364,0.6867984572066484
2006-02-21,1764,1750,1741,0.03874836452746974,0.04350206984872788,0.9920634920634921,0.9948571428571429,0.9843857901018821,0.67565261198424
2006-02-22,1760,1745,1736,0.03982769068225145,0.04539814915418029,0.9914772727272727,0.9948424068767908,0.9805377832973571,0.679638191184586
2006-02-23,1760,1746,1737,0.04008271271135153,0.05048334245511059,0.9920454545454546,0.9948453608247423,0.9735182097791272,0.7045450473523602
2006-02-24,1761,1748,1737,0.062231033241478224,0.07057099889217047,0.9926178307779671,0.9937070938215103,0.9704830949233495,0.7265637160351582
2006-02-27,1765,1753,1743,0.06027235025718444,0.04732155762884179,0.9932011331444759,0.9942954934398175,0.984166992791732,0.7664898650110401
2006-02-28,1760,1747,1737,0.04986983086609028,0.04974053972693578,0.9926136363636363,0.9942759015455066,0.9830144231016877,0.7526297300818657
2006-03-01,1758,1747,1738,0.05825654846628347,0.057658710710793565,0.9937428896473265,0.994848311390956,0.9782282218934958,0.74251016604758
2006-03-02,1757,1747,1739,0.056838618318945426,0.05015659149318152,0.9943084803642572,0.9954207212364052,0.9811888128875073,0.7395452111009688
2006-03-03,1753,1744,1737,0.04192611298455031,0.04735424177112343,0.9948659440958357,0.9959862385321101,0.9847619192339789,0.7552386833094793
2006-03-06,1752,1742,1735,0.053624276160060665,0.05017735982285337,0.9942922374429224,0.9959816303099885,0.9837062636505693,0.75754158493319
2006-03-07,1746,1736,1723,0.09395882651701602,0.08875954405484228,0.9942726231386025,0.9925115207373272,0.985403743579735,0.7473775435269798
2006-03-08,1750,1740,1728,0.1123218770579099,0.09845854968215013,0.9942857142857143,0.993103448275862,0.9826587193898932,0.7291507786121135
2006-03-09,1748,1738,1724,0.08570513189072257,0.0744079715228817,0.994279176201373,0.9919447640966629,0.9827862863407362,0.7519690752088242
2006-03-10,1757,1747,1733,0.08508996907059131,0.06586756448688727,0.9943084803642572,0.9919862621637092,0.983936801518884,0.7538490515714382
2006-03-13,1751,1741,1728,0.06885278205473064,0.03988271338673617,0.9942889777270132,0.9925330269959793,0.9864329310832859,0.7656102207008182
2006-03-14,1741,1733,1720,0.024293396577225543,0.012153403337098852,0.9954049396898335,0.9924985574148875,0.9845019815077751,0.7706609201539624
2006-03-15,1745,1738,1726,0.017430498987801902,0.004707237383997925,0.9959885386819485,0.9930955120828538,0.9837095714706059,0.7712994047063915
2006-03-16,1751,1744,1731,0.03328060528720741,0.030757210140562694,0.9960022844089091,0.992545871559633,0.9861358453132081,0.7589397879489934
2006-03-17,1737,1731,1718,0.005679183557684458,0.006791827132302583,0.9965457685664939,0.9924898902368573,0.9854768889825297,0.7333980759811148
2006-03-20,1740,1735,1721,-0.021185989948146276,-0.010599584412742252,0.9971264367816092,0.9919308357348703,0.9886874518548462,0.7451379966442285
2006-03-21,1758,1752,1738,-0.025146728443533026,-0.011106863659650412,0.9965870307167235,0.9920091324200914,0.9895200930272672,0.7534183767136919
2006-03-22,1752,1746,1732,0.007934756386525318,0.010778469647954004,0.9965753424657534,0.9919816723940436,0.9875271463995675,0.7472430457813729
2006-03-23,1749,1742,1729,-0.027802993431226965,-0.014803023937493085,0.9959977129788451,0.9925373134328358,0.983634597302967,0.7338691364751536
2006-03-24,1751,1744,1731,-0.011728986787029487,-0.001831470017243123,0.9960022844089091,0.992545871559633,0.988626701164683,0.725881691475517
2006-03-27,1748,1741,1727,-0.0029448259607350712,0.006950618211698295,0.9959954233409611,0.9919586444572085,0.9863869240222922,0.7113242175757106
2006-03-28,1736,1729,1715,0.03896811128918151,0.04730022198409793,0.9959677419354839,0.9919028340080972,0.9864368223382792,0.7156128878239384
2006-03-29,1728,1721,1707,0.030209143527123786,0.043684732818338935,0.9959490740740741,0.9918651946542708,0.9840198890870744,0.7061110427315269
2006-03-30,1727,1720,1707,0.03777336705745369,0.04498242557294034,0.9959467284308049,0.9924418604651163,0.9789268118384247,0.7140094784615522
2006-03-31,1727,1721,1710,0.03684499207203875,0.023696976491958056,0.9965257672264042,0.9936083672283557,0.9889904213031766,0.7157026808980262
2006-04-03,1721,1715,1709,0.030210935944805846,0.0074056713693796804,0.9965136548518303,0.9965014577259476,0.9844441057859609,0.7115332990379728
2006-04-04,1723,1718,1712,0.04362710420458373,0.016916176169526693,0.9970980847359258,0.9965075669383003,0.9812268847642349,0.7014322375537424
2006-04-05,1723,1717,1713,0.013507037141179816,0.014471906190299885,0.9965177016831108,0.9976703552708212,0.9872885433771216,0.7019255828289437
2006-04-06,1734,1728,1722,-0.011828199895662467,-0.01255366191987264,0.9965397923875432,0.9965277777777778,0.9829305321226154,0.6874074267971777
2006-04-07,1738,1732,1726,0.01987367844949841,0.012894463798085495,0.996547756041427,0.9965357967667436,0.9851711590393076,0.6692241297306127
2006-04-10,1737,1731,1723,0.053027183933202215,0.0503414722167765,0.9965457685664939,0.9953783939919122,0.9883102728150481,0.6674517253400007
2006-04-11,1740,1734,1726,0.03914123673145512,0.04583146940057535,0.996551724137931,0.9953863898500577,0.9858569934348411,0.6612283001635544
2006-04-12,1739,1734,1727,0.03427173616578372,0.044986734647625384,0.9971247843588269,0.9959630911188004,0.982602361959992,0.6868255228346863
2006-04-13,1737,1732,1725,0.021713945897703483,0.02902169383485695,0.9971214738054116,0.995958429561201,0.9780136133526284,0.7030736774140055
2006-04-17,1740,1735,1728,0.004125236815603116,0.025862865391024933,0.9971264367816092,0.9959654178674352,0.9821123211837854,0.7155335904006336
2006-04-18,1729,1724,1717,0.004710906656786201,0.033335877216796886,0.9971081550028918,0.9959396751740139,0.9826378356521512,0.7145858963782455
2006-04-19,1710,1705,1697,-0.0169183173073161,0.00562660030802288,0.9970760233918129,0.9953079178885631,0.9798236979756092,0.7227887968614947
2006-04-20,1716,1711,1703,-0.01515894922698306,0.0074279038731201045,0.997086247086247,0.9953243717124488,0.983781126071555,0.7249552375492139
2006-04-21,1718,1713,1705,0.004247255763844589,0.02208598079903515,0.9970896391152503,0.9953298307063632,0.9765789738186763,0.7297620197103787
2006-04-24,1710,1705,1697,-0.03647981642360906,-0.012438260468592269,0.9970760233918129,0.9953079178885631,0.9790058712079488,0.7408424325834251
2006-04-25,1718,1713,1704,-0.07510001565879747,-0.0516136526558576,0.9970896391152503,0.9947460595446584,0.9881905890953467,0.7162259591700096
2006-04-26,1727,1722,1713,-0.08397807390569585,-0.06337467913801358,0.9971048060220035,0.9947735191637631,0.9822856764230453,0.7349120431886564
2006-04-27,1735,1730,1721,-0.06711584176920318,-0.03435196218855608,0.9971181556195965,0.9947976878612717,0.9820719435470101,0.7415908493172826
2006-04-28,1739,1734,1725,-0.0395282702380528,-0.0004158917226451928,0.9971247843588269,0.9948096885813149,0.9735001779192692,0.735436715102157
2006-05-01,1747,1742,1732,-0.06434406910543863,-0.022315561421819025,0.9971379507727532,0.9942594718714122,0.9821797603455872,0.7496322570391718
2006-05-02,1748,1743,1733,-0.07193275269318114,-0.03296694036261821,0.9971395881006865,0.9942627653471027,0.9830203718191081,0.762074687240289
2006-05-03,1750,1744,1734,-0.06474692649944847,-0.04011024680132145,0.9965714285714286,0.9942660550458715,0.9841906250861547,0.7595533585928561
2006-05-04,1755,1749,1740,-0.0631545500357362,-0.050048373941381126,0.9965811965811966,0.9948542024013722,0.9855311643828976,0.7514639021585354
2006-05-05,1758,1752,1741,-0.0759068147482411,-0.06272480854806012,0.9965870307167235,0.9937214611872146,0.9785022522071344,0.7433783119805617
2006-05-08,1765,1759,1749,-0.11619715287685434,-0.10606800841315757,0.996600566572238,0.9943149516770893,0.9883685146711573,0.7255044435959936
2006-05-09,1767,1761,1751,-0.15180006244314367,-0.14261931621963841,0.9966044142614601,0.9943214082907439,0.987437796395596,0.7170691145356571
2006-05-10,1774,1768,1759,-0.1523353899297726,-0.1435083622950944,0.9966178128523112,0.9949095022624435,0.9836218881584009,0.7176856409671071
2006-05-11,1775,1768,1759,-0.1389242671308968,-0.13572153502654757,0.9960563380281691,0.9949095022624435,0.9833850310165917,0.7164267536997081
2006-05-12,1770,1763,1754,-0.1339375941836907,-0.11611585952949603,0.996045197740113,0.994895065229722,0.9846156382771433,0.7264399318903225
2006-05-15,1774,1767,1756,-0.12102270625023821,-0.10636608599381646,0.996054114994363,0.9937747594793436,0.9834473478972814,0.7319867835460148
2006-05-16,1785,1778,1768,-0.1357555238672761,-0.11781850398847289,0.996078431372549,0.9943757030371203,0.9838083658552885,0.7231018394940966
2006-05-17,1786,1779,1770,-0.08626135985622789,-0.0831199116650722,0.996080627099664,0.9949409780775716,0.9841714847284666,0.7360741455881774
2006-05-18,1786,1779,1770,-0.07238905736587851,-0.08430376563395349,0.996080627099664,0.9949409780775716,0.9836738104990167,0.7349002935373712
2006-05-19,1782,1775,1767,-0.09535905717573297,-0.11052029913164459,0.9960718294051627,0.9954929577464788,0.9889718161513514,0.7300675816935307
2006-05-22,1792,1784,1777,-0.041674170981627866,-0.0610102582577868,0.9955357142857143,0.9960762331838565,0.9843789067143189,0.7346395773099934
2006-05-23,1790,1782,1775,-0.05578956246468459,-0.0675387496679397,0.9955307262569832,0.9960718294051627,0.9867779261673171,0.711284507920124
2006-05-24,1797,1789,1782,-0.03288555728031524,-0.033334375925186954,0.9955481357818586,0.9960871995528228,0.9761577815574074,0.7204882112160275
2006-05-25,1795,1787,1779,-0.02668227365665656,-0.033365605432863946,0.9955431754874652,0.9955232232792389,0.969357734849654,0.7379899931180515
2006-05-26,1798,1790,1783,-0.027438580908930935,-0.033382557706705326,0.9955506117908788,0.9960893854748604,0.982384719495836,0.7609673194014702
2006-05-30,1788,1780,1773,-0.031842283041006704,-0.033684747693206986,0.9955257270693513,0.9960674157303371,0.9844095730384482,0.7672963517957501
2006-05-31,1779,1771,1763,-0.021182165277389964,-0.01606837546643403,0.9955030916245081,0.9954827780914738,0.9838645510606818,0.7857443968978108
2006-06-01,1770,1762,1754,0.004924676709772713,0.00154662516107077,0.9954802259887006,0.9954597048808173,0.9843291037152777,0.7873012656764478
2006-06-02,1767,1759,1753,0.012142961034343359,-0.0010606033051423472,0.9954725523486134,0.9965889710062535,0.9790634911620801,0.7887927065735911
2006-06-05,1773,1765,1759,0.03447283387430402,0.014338618358631447,0.9954878736604625,0.996600566572238,0.9860159025887762,0.7870023700318575
2006-06-06,1762,1755,1746,0.04907985680250107,0.042238629700011694,0.9960272417707151,0.9948717948717949,0.986880564478478,0.7803507931354587
2006-06-07,1761,1755,1745,0.06415532375509439,0.044757553141026835,0.9965928449744463,0.9943019943019943,0.9816360125194779,0.7677375976006396
2006-06-08,1761,1755,1745,0.08473164139606774,0.0554357678471527,0.9965928449744463,0.9943019943019943,0.9851805993459888,0.752096256978242
2006-06-09,1760,1754,1745,0.09962205678146088,0.07860930885657728,0.9965909090909091,0.9948688711516533,0.9856596134644404,0.754945822087288
2006-06-12,1754,1749,1740,0.12050705597688824,0.09501863722193148,0.9971493728620296,0.9948542024013722,0.9863298224193829,0.756989143765451
2006-06-13,1746,1741,1733,0.1226138443593769,0.08946687217883631,0.9971363115693013,0.9954049396898335,0.9858873846551152,0.7612747358943435
2006-06-14,1739,1733,1725,0.0736775789194913,0.04589691381063925,0.9965497412305923,0.9953837276399308,0.9887950951622825,0.7492409174415819
2006-06-15,1745,1739,1730,0.05283349299122334,0.03321865978157582,0.9965616045845272,0.9948246118458884,0.9880444424827644,0.7476294923979483
2006-06-16,1742,1736,1728,0.08955446828708061,0.07203945810214663,0.9965556831228473,0.9953917050691244,0.9870566230123602,0.7595045918672619
2006-06-19,1746,1741,1732,0.08205359086431072,0.06588461698454995,0.9971363115693013,0.9948305571510626,0.9913057327061852,0.7514406651989952
2006-06-20,1771,1766,1756,0.07994780085711108,0.06381034225011392,0.9971767363071711,0.9943374858437146,0.9883699406287025,0.7280712794305427
2006-06-21,1763,1758,1748,0.07446127205376757,0.05632551208984193,0.9971639251276234,0.9943117178612059,0.9881189385649572,0.7101046728313691
2006-06-22,1761,1755,1745,0.06417398936485781,0.04605512220446544,0.9965928449744463,0.9943019943019943,0.9908278638789152,0.7014162629845705
2006-06-23,1755,1749,1739,0.08477327661863766,0.07099467948767246,0.9965811965811966,0.9942824471126358,0.9906585292682448,0.6950625159216173
2006-06-26,1748,1741,1731,0.05801640054243675,0.05329238875693725,0.9959954233409611,0.9942561746122918,0.980610495955555,0.6753050421938208
2006-06-27,1745,1739,1730,0.04279062538691807,0.015930756655917762,0.9965616045845272,0.9948246118458884,0.9845823022665605,0.6734737214659489
2006-06-28,1741,1734,1724,0.041843683796616196,0.01895588310114595,0.9959793222286043,0.994232987312572,0.9789801942386005,0.6686337247996615
2006-06-29,1748,1741,1730,0.04239276672060992,0.021492184138584385,0.9959954233409611,0.9936817920735209,0.9841250521125924,0.6740644558661869
2006-06-30,1736,1730,1718,0.012566325961000963,-0.008791196643891141,0.9965437788018433,0.9930635838150289,0.9847028702515244,0.6718891428955907
2006-07-03,1739,1729,1719,-0.0022757192215553924,-0.0064483835761858736,0.9942495687176538,0.9942163100057837,0.9857893659952319,0.6921902978894212
2006-07-05,1796,1785,1775,-0.02040773058113989,-0.017866818817165744,0.9938752783964365,0.9943977591036415,0.9872431910341115,0.6977414859400206
2006-07-06,1777,1766,1755,-0.027386557188152853,-0.008680276461826212,0.9938097917839055,0.9937712344280861,0.9857392517751777,0.6886632041488093
2006-07-07,1770,1759,1749,-0.03958016674735984,-0.011959497520742714,0.9937853107344633,0.9943149516770893,0.9885609874575325,0.686858181788644
2006-07-10,1755,1745,1737,-0.04864585741585607,-0.024333498220481857,0.9943019943019943,0.9954154727793696,0.9862904175932752,0.6751135456421689
2006-07-11,1735,1725,1718,-0.0472153611390995,-0.021259193193382285,0.9942363112391931,0.9959420289855072,0.9869926474603437,0.6441377582261438
2006-07-12,1738,1728,1721,-0.03678904654365091,-0.020580590456333786,0.9942462600690449,0.9959490740740741,0.9786622878781535,0.6479018557665277
2006-07-13,1736,1726,1720,-0.04038913199926006,-0.02084970660238547,0.9942396313364056,0.996523754345307,0.9849132582899677,0.6531604474989264
2006-07-14,1727,1717,1711,-0.022295741553708434,-0.0013507809819068687,0.9942096120440069,0.9965055329062318,0.9841143392983579,0.639165840495622
2006-07-17,1722,1712,1706,-0.032483714527345574,-0.02453490337375208,0.9941927990708479,0.9964953271028038,0.983546194763867,0.6472858457825041
2006-07-18,1716,1706,1701,-0.05414906623911192,-0.035593303692195356,0.9941724941724942,0.9970691676436108,0.979309732979504,0.6502201968495315
2006-07-19,1681,1671,1667,-0.06483031559484048,-0.04463390358884011,0.9940511600237953,0.997606223818073,0.9717616160783852,0.6659010739585682
2006-07-20,1687,1678,1673,-0.0969946954107899,-0.08132990043504278,0.994665085951393,0.9970202622169249,0.9804486620782527,0.7050539947962694
2006-07-21,1690,1680,1675,-0.1354851291348777,-0.12668015173446284,0.9940828402366864,0.9970238095238095,0.9871813113513397,0.6785852483433575
2006-07-24,1690,1681,1676,-0.11801916132043222,-0.10663553818000823,0.9946745562130177,0.9970255800118977,0.9752405104212759,0.671951738612436
2006-07-25,1695,1684,1679,-0.10707304194719332,-0.0775604676593616,0.9935103244837759,0.9970308788598575,0.9795645355928037,0.6700436649744888
2006-07-26,1694,1683,1680,-0.09293353636751447,-0.05794893179272565,0.9935064935064936,0.9982174688057041,0.9748660581909724,0.6982403453951692
2006-07-27,1700,1689,1686,-0.10169709955563866,-0.07602172364696659,0.9935294117647059,0.9982238010657194,0.9840722401436094,0.7076191284138756
2006-07-28,1706,1695,1692,-0.0929348279620489,-0.07562854991837346,0.9935521688159438,0.9982300884955753,0.9856738227523062,0.6858814555403147
2006-07-31,1709,1701,1698,-0.07178972064945624,-0.04350876585529451,0.9953188999414863,0.9982363315696648,0.979310602515582,0.6655508702086751
2006-08-01,1700,1693,1689,-0.1272771291604041,-0.09518474705415919,0.9958823529411764,0.997637330183107,0.9732526631772348,0.6629450874093854
2006-08-02,1647,1640,1635,-0.12799666808772275,-0.09829725860073392,0.9957498482088646,0.9969512195121951,0.9727586219077462,0.6776347610443916
2006-08-03,1663,1655,1649,-0.16341696801346023,-0.12897151554045697,0.995189416716777,0.9963746223564954,0.9831212072583371,0.6944182371552897
2006-08-04,1674,1666,1660,-0.1749912459664256,-0.1420786437630072,0.995221027479092,0.9963985594237695,0.9873304532547387,0.7103614408960783
2006-08-07,1683,1674,1668,-0.18875631629559173,-0.16549234088076412,0.9946524064171123,0.996415770609319,0.9833065627567804,0.7284718957980314
2006-08-08,1681,1672,1665,-0.16934475196225443,-0.1506033052514145,0.9946460440214159,0.9958133971291866,0.9815657299360578,0.7388093092712923
2006-08-09,1686,1676,1669,-0.16465647024713195,-0.1515657367154213,0.9940688018979834,0.9958233890214797,0.9855462584280341,0.7436070945976603
2006-08-10,1683,1674,1667,-0.1721160985606143,-0.15913355454950795,0.9946524064171123,0.9958183990442055,0.9878367619891594,0.7321768609448797
2006-08-11,1689,1678,1672,-0.17219115482833214,-0.16228347997503306,0.9934872705743043,0.9964243146603099,0.9837282836782839,0.7222354191178154
2006-08-14,1693,1682,1676,-0.17739671527188025,-0.18448004107869295,0.993502658003544,0.9964328180737217,0.9837529740989679,0.7068062962728763
2006-08-15,1695,1683,1677,-0.1501479952834347,-0.1740497914780209,0.9929203539823008,0.9964349376114082,0.9867326528721295,0.7095253932558322
2006-08-16,1698,1686,1680,-0.09253827568538484,-0.11256826702592869,0.9929328621908127,0.99644128113879,0.9835225772823968,0.7230168158737468
2006-08-17,1696,1683,1677,-0.051183258314808064,-0.07299696156588233,0.9923349056603774,0.9964349376114082,0.9841787243731593,0.7229423045275782
2006-08-18,1687,1673,1668,-0.06605608506654871,-0.09545278550705628,0.991701244813278,0.9970113568439928,0.9805616487389128,0.7234788984560726
2006-08-21,1692,1680,1674,-0.0889085058125815,-0.12272953084809578,0.9929078014184397,0.9964285714285714,0.9848045153240106,0.7274169881390261
2006-08-22,1686,1673,1667,-0.11512917793027502,-0.14236177180085585,0.9922894424673784,0.9964136282127914,0.9815743158058471,0.7315907696161792
2006-08-23,1682,1669,1663,-0.10070919813549241,-0.13259026930198956,0.9922711058263971,0.9964050329538646,0.9808096346955193,0.7489764470743373
2006-08-24,1673,1661,1657,-0.10118574767914076,-0.1343652865647345,0.9928272564255828,0.9975918121613486,0.9800873960437226,0.7652230969029787
2006-08-25,1657,1645,1640,-0.12004982973527123,-0.14939756410691346,0.9927579963789982,0.9969604863221885,0.981808195224497,0.7782790648496618
2006-08-28,1649,1639,1635,-0.11120498912630314,-0.14003246658668164,0.9939357186173439,0.9975594874923734,0.9814882633492993,0.7693486646422146
2006-08-29,1641,1631,1628,-0.10853076742645858,-0.13056994541406416,0.9939061547836685,0.9981606376456161,0.983728405984013,0.7454119984933874
2006-08-30,1629,1620,1617,-0.10418794839536522,-0.13029158797416523,0.994475138121547,0.9981481481481481,0.9835371771757198,0.7379009013754725
2006-08-31,1623,1615,1612,-0.09516282992725664,-0.13830978764680513,0.9950708564386938,0.9981424148606811,0.9794743912029594,0.7332777415676942
2006-09-01,1615,1607,1604,-0.07965858482770932,-0.10194096035672966,0.9950464396284829,0.9981331673926571,0.9821052342682677,0.7319408343591097
2006-09-05,1605,1597,1593,-0.0774564133777459,-0.07712897615839372,0.9950155763239875,0.9974953036944271,0.9877401228413402,0.7537883568239729
2006-09-06,1599,1592,1588,-0.16527560327889831,-0.1848254189856454,0.9956222639149468,0.9974874371859297,0.9812763205588094,0.7579161734400642
2006-09-07,1592,1585,1581,-0.21490887903310574,-0.2370347048253168,0.9956030150753769,0.9974763406940063,0.9833862428416243,0.762190669432256
2006-09-08,1590,1584,1580,-0.20822645424681588,-0.2266285146999156,0.9962264150943396,0.9974747474747475,0.9873797934678508,0.7466842723418917
2006-09-11,1582,1575,1569,-0.20634588400976606,-0.2247865321184191,0.995575221238938,0.9961904761904762,0.9871219422264741,0.7209742368130054
2006-09-12,1562,1555,1549,-0.11208151829924687,-0.1199546465053965,0.9955185659411011,0.9961414790996784,0.989538607090368,0.7002577690415281
2006-09-13,1565,1558,1552,-0.1207381125651149,-0.11877864106623572,0.9955271565495207,0.9961489088575096,0.984215982556654,0.6921728732577138
2006-09-14,1567,1560,1554,-0.1161179180284624,-0.10932077619269517,0.9955328653477984,0.9961538461538462,0.986902116077542,0.7078676160745825
2006-09-15,1567,1561,1555,-0.08923039687971145,-0.07611050336730002,0.99617102744097,0.9961563100576554,0.9857909398729061,0.7147390578522026
2006-09-18,1567,1562,1556,-0.12350003182172754,-0.10761696392123726,0.9968091895341417,0.9961587708066582,0.9888261560834948,0.7316744214255957
2006-09-19,1587,1583,1577,-0.1300083453259491,-0.10397923360462367,0.9974795211090107,0.9962097283638661,0.9898021360182291,0.7525309732013428
2006-09-20,1596,1592,1587,-0.08762111953217548,-0.06484811133621715,0.9974937343358395,0.996859296482412,0.987741290522811,0.7298459620954738
2006-09-21,1620,1616,1611,-0.1017581709612563,-0.09311340846125801,0.9975308641975309,0.9969059405940595,0.9908641369440677,0.7182204784762841
2006-09-22,1625,1621,1617,-0.10362845989718904,-0.08829370456280754,0.9975384615384615,0.9975323874151758,0.9869457593649443,0.7156947376943804
2006-09-25,1630,1626,1622,-0.08239003159756669,-0.061276978503323164,0.9975460122699387,0.997539975399754,0.9897587156661771,0.697763314703569
2006-09-26,1641,1636,1631,-0.07374157252827507,-0.04945238423445422,0.9969530773918343,0.9969437652811736,0.9866733118680828,0.6854076121066236
2006-09-27,1655,1650,1645,-0.11271462407653486,-0.09603558197032012,0.9969788519637462,0.996969696969697,0.9873915292105448,0.6999024806727595
2006-09-28,1667,1662,1656,-0.13704291287436587,-0.12251576416300057,0.997000599880024,0.9963898916967509,0.9892729641450627,0.7190150749673012
2006-09-29,1660,1654,1648,-0.13370946409422896,-0.11655125314057704,0.9963855421686747,0.9963724304715841,0.9893926822146185,0.7139149135857235
2006-10-02,1659,1654,1646,-0.16126002671602618,-0.15812995186856468,0.9969861362266426,0.9951632406287787,0.9900304921906457,0.7131228797087497
2006-10-03,1663,1658,1650,-0.1653368210677904,-0.16139774656900277,0.9969933854479855,0.9951749095295537,0.9894970237325341,0.6983378279501359
2006-10-04,1667,1662,1654,-0.08792546899248724,-0.06545096304932221,0.997000599880024,0.9951865222623345,0.9916286481874887,0.6804483920956235
2006-10-05,1677,1671,1662,-0.05176776009868778,-0.01898365019791755,0.9964221824686941,0.9946140035906643,0.9878789266708399,0.6904868547273679
2006-10-06,1680,1675,1667,-0.06878315225891615,-0.030697866921299947,0.9970238095238095,0.9952238805970149,0.9857300287770842,0.6962536757750135
2006-10-09,1686,1678,1670,-0.034760613324227134,-0.02299939095790628,0.9952550415183867,0.9952324195470799,0.9798194882594802,0.699814152741147
2006-10-10,1685,1678,1668,-0.01951042144864373,-0.031617078354225454,0.9958456973293769,0.9940405244338498,0.9785800789759044,0.7213825660237576
2006-10-11,1687,1678,1668,-0.042081864923176365,-0.06031828536508735,0.994665085951393,0.9940405244338498,0.9858141319041372,0.7269131938498168
2006-10-12,1684,1675,1665,-0.01498732635794678,-0.022393915986352986,0.9946555819477435,0.9940298507462687,0.9910776815122243,0.7282167357897901
2006-10-13,1688,1680,1671,0.01635908164959046,0.005948159688114355,0.995260663507109,0.9946428571428572,0.9849485216559006,0.7218175047576043
2006-10-16,1697,1689,1677,0.05965146332383649,0.04787878255563354,0.9952857984678845,0.9928952042628775,0.9787381182682436,0.7429717181712662
2006-10-17,1682,1674,1662,0.03518355115234644,0.014262213846142744,0.995243757431629,0.992831541218638,0.9741123167639505,0.7409560736732245
2006-10-18,1679,1671,1659,-0.028804779337539284,-0.05113004319995507,0.9952352590827874,0.992818671454219,0.9767153647930146,0.7530215197816252
2006-10-19,1688,1680,1667,-0.001884605877612054,-0.01893776892492161,0.995260663507109,0.9922619047619048,0.9824680119561278,0.7667581604820713
2006-10-20,1691,1682,1669,-0.05203363247219693,-0.07484023551708602,0.9946777054997044,0.9922711058263971,0.9826824441490292,0.771339006461159
2006-10-23,1702,1691,1679,-0.0685232417621736,-0.08972548230781642,0.9935370152761457,0.9929036073329391,0.9840258040545395,0.7725100654443149
2006-10-24,1705,1694,1680,-0.06341463723390552,-0.08267722398063283,0.9935483870967742,0.9917355371900827,0.979767289868321,0.7705549348386196
2006-10-25,1705,1694,1681,-0.03797417869230509,-0.05566211690385062,0.9935483870967742,0.9923258559622196,0.987122301660253,0.7779771464887173
2006-10-26,1708,1699,1687,-0.07048363649351112,-0.08095316343190204,0.9947306791569087,0.9929370217775162,0.9863801137291792,0.7673724993379508
2006-10-27,1707,1698,1688,-0.03600296009364021,-0.048644346752901454,0.9947275922671354,0.9941107184923439,0.9866596332456686,0.7579887248410285
2006-10-30,1716,1707,1697,-0.019884313479009243,-0.016742011832413254,0.9947552447552448,0.994141769185706,0.9841187434303693,0.7464424291538452
2006-10-31,1722,1712,1702,-0.038571815672364985,-0.039602036614980525,0.9941927990708479,0.9941588785046729,0.9870159247965914,0.7419359521042973
2006-11-01,1725,1716,1706,-0.10897680702059691,-0.10648650393004853,0.9947826086956522,0.9941724941724942,0.9863012675551895,0.7485351533353846
2006-11-02,1733,1724,1712,-0.11269815554311487,-0.10486929470605363,0.9948066935949221,0.9930394431554525,0.9829742784514007,0.7136541796759553
2006-11-03,1739,1730,1716,-0.09819798908641025,-0.08717752004215103,0.9948246118458884,0.991907514450867,0.9826264322251378,0.7108406517003133
2006-11-06,1747,1737,1722,-0.07812202858865411,-0.0677788930443185,0.9942759015455066,0.9913644214162349,0.9860661586031145,0.7311338890833285
2006-11-07,1750,1741,1726,-0.10327371522356196,-0.08781025520911022,0.9948571428571429,0.9913842619184376,0.9876555941951376,0.7434657097313845
2006-11-08,1764,1755,1740,-0.081611009386876,-0.07558372845599937,0.9948979591836735,0.9914529914529915,0.9837344402054424,0.7363994039965613
2006-11-09,1770,1761,1745,-0.06300622694799973,-0.05905783197745312,0.9949152542372881,0.9909142532651902,0.9855112064947001,0.7327579937864613
2006-11-10,1771,1762,1749,-0.02295727658085016,-0.024953759594750883,0.9949181253529079,0.9926220204313281,0.9844370125646709,0.7264923125510016
2006-11-13,1774,1765,1753,-0.018372892863487773,-0.012147698202956168,0.9949267192784668,0.9932011331444759,0.977598301983909,0.7477290825579612
2006-11-14,1773,1764,1752,-0.006118255307265655,0.025094540426670944,0.9949238578680203,0.9931972789115646,0.9849419122547632,0.755088996418808
2006-11-15,1773,1762,1751,0.015583017547136124,0.048108359662524344,0.9937958262831359,0.9937570942111237,0.9864746826154347,0.7526492309702032
2006-11-16,1777,1767,1757,0.009179789770494724,0.04399873841159909,0.9943725379853686,0.9943406904357668,0.9859527114541569,0.7552566598304811
2006-11-17,1786,1777,1765,0.033937194440731,0.06729414276851295,0.9949608062709966,0.9932470455824424,0.9821932318802009,0.7513618489409707
2006-11-20,1784,1774,1764,0.016569712482610018,0.04729069014849877,0.9943946188340808,0.9943630214205186,0.9845322098613136,0.7591223652601339
2006-11-21,1787,1776,1766,0.04321212550937197,0.08556524954032127,0.9938444320089536,0.9943693693693694,0.9857445380315883,0.7631532685592722
2006-11-22,1785,1774,1763,0.06290975767796556,0.10741862806996232,0.9938375350140056,0.9937993235625705,0.9815856639931375,0.7741423439746532
2006-11-24,1785,1774,1764,0.05959956428562362,0.12242329636538077,0.9938375350140056,0.9943630214205186,0.9815572244942447,0.7678549183052513
2006-11-27,1775,1762,1750,0.044324070801256825,0.1135468163184939,0.9926760563380281,0.9931895573212258,0.9800953146921919,0.7627967517823515
2006-11-28,1738,1727,1715,0.006209639332662583,0.06233392735428795,0.9936708860759493,0.9930515344528084,0.9820919783046226,0.752124625787047
2006-11-29,1748,1736,1726,0.022284033153991644,0.07945714405486962,0.9931350114416476,0.9942396313364056,0.9816316910715781,0.7523952703296277
2006-11-30,1744,1732,1723,0.0476708926700911,0.10839865096188679,0.9931192660550459,0.9948036951501155,0.9844762463847896,0.7569921097909158
2006-12-01,1746,1734,1725,0.037825042430592266,0.08595529425819236,0.993127147766323,0.9948096885813149,0.9768794278252586,0.7509472090902685
2006-12-04,1741,1730,1722,0.036906073053761576,0.09491829490533515,0.9936817920735209,0.9953757225433526,0.9795418540888406,0.7409912701985697
2006-12-05,1735,1724,1714,0.07642168171441265,0.11806157621097259,0.9936599423631124,0.994199535962877,0.97984807511137,0.7446796775233628
2006-12-06,1734,1723,1713,0.10064250449172979,0.14819671758257122,0.9936562860438293,0.9941961694718514,0.9834112768471659,0.7629837725398051
2006-12-07,1735,1724,1713,0.13860208641050017,0.17582948707020937,0.9936599423631124,0.9936194895591647,0.9836847992777533,0.7739498818459059
2006-12-08,1734,1722,1711,0.0974576938853376,0.1382493168199097,0.9930795847750865,0.9936120789779327,0.9860936726603181,0.7540597181802882
2006-12-11,1725,1713,1700,0.03921378051550983,0.09005237392408626,0.9930434782608696,0.99241097489784,0.9818096747308768,0.7507242485596674
2006-12-12,1723,1711,1697,0.03625842145246192,0.07091661640141556,0.9930354033662218,0.9918176504967855,0.9878717586677608,0.7523256595712118
2006-12-13,1727,1716,1701,0.050452181491358286,0.07713890970497968,0.9936305732484076,0.9912587412587412,0.98145588863412,0.7397471292353398
2006-12-14,1723,1712,1697,0.09681676419204475,0.1092190348537476,0.9936157864190366,0.9912383177570093,0.989713647527495,0.7481505528795166
2006-12-15,1721,1710,1697,0.11026392171084082,0.1266442193180194,0.9936083672283557,0.9923976608187135,0.9890961402797847,0.7516838480094404
2006-12-18,1710,1700,1687,0.07061532400997592,0.10472357826178712,0.9941520467836257,0.9923529411764705,0.9891511511703764,0.7382575233849433
2006-12-19,1724,1715,1702,0.07054754301698934,0.11200250994476016,0.9947795823665894,0.9924198250728863,0.9874907296766563,0.7261152454475266
2006-12-20,1727,1719,1707,0.020105177485255234,0.0532423322249111,0.9953676896352056,0.9930191972076788,0.9825752504331364,0.7225713288570345
2006-12-21,1732,1725,1713,0.008055023337574952,0.025848389334564077,0.995958429561201,0.9930434782608696,0.991298016071085,0.7376621573502994
2006-12-22,1736,1730,1716,0.04011816179884754,0.0488717040510035,0.9965437788018433,0.991907514450867,0.9900193866558652,0.739604831229615
2006-12-26,1744,1738,1724,0.01526582584368014,0.014950388753601487,0.9965596330275229,0.9919447640966629,0.9824877155321606,0.7402012085769626
2006-12-27,1755,1748,1732,0.04344980452540065,0.04151009343731421,0.996011396011396,0.9908466819221968,0.9890570059782734,0.7443563747927942
2006-12-28,1739,1733,1714,0.024678650685779,0.012996608361660195,0.9965497412305923,0.9890363531448355,0.9904061498318906,0.7278087814342797
2006-12-29,1727,1721,1702,-0.007472052109907717,-0.030401709680390986,0.9965257672264042,0.9889599070307961,0.9865755890855649,0.7214724083025091
2007-01-03,1709,1703,1686,-0.04836637895641958,-0.07947755045811447,0.9964891749561147,0.9900176159718145,0.9895863010561713,0.7228608952458122
2007-01-04,1700,1694,1678,-0.05083980568698026,-0.08960386431042913,0.9964705882352941,0.9905548996458088,0.9878053624027753,0.7040920867967397
2007-01-05,1707,1701,1683,-0.06962828529938501,-0.09363466282064721,0.9964850615114236,0.9894179894179894,0.9880285095258631,0.7029732023846295
2007-01-08,1722,1714,1697,-0.0690561398729194,-0.09381562139499146,0.9953542392566783,0.9900816802800467,0.9867004533883523,0.692802594428896
2007-01-09,1730,1721,1704,-0.06564046759911955,-0.10179122755987537,0.9947976878612717,0.990122022080186,0.9883084134587063,0.6912890656750936
2007-01-10,1723,1714,1699,-0.060742619515521505,-0.08459129063289213,0.9947765525246662,0.9912485414235706,0.9836516530417233,0.6990897797068818
2007-01-11,1736,1727,1711,-0.07321588542914632,-0.09522279428203391,0.994815668202765,0.9907353792704111,0.9807706374665373,0.7094528141654604
2007-01-12,1746,1738,1723,-0.05393303389263748,-0.07183661829271645,0.995418098510882,0.9913693901035673,0.9842871336371144,0.7224810371651985
2007-01-16,1747,1740,1724,-0.08062976041375873,-0.09744455696656094,0.9959931310818546,0.9908045977011494,0.9886751223607531,0.7227232594886654
2007-01-17,1739,1732,1715,-0.08421005648519882,-0.08408903981499412,0.9959746981023577,0.9901847575057737,0.9796142318353537,0.7188682992820361
2007-01-18,1748,1741,1724,-0.07211495232716206,-0.07504381092873046,0.9959954233409611,0.9902354968408961,0.9768619356718304,0.7281121477001479
2007-01-19,1740,1733,1714,-0.07234921362132082,-0.0709681559862537,0.9959770114942529,0.9890363531448355,0.969570814669448,0.739934084935483
2007-01-22,1730,1724,1705,-0.050107632076675575,-0.04729649448191008,0.9965317919075144,0.9889791183294664,0.9767385090008882,0.7507568271225354
2007-01-23,1731,1725,1705,-0.041165990334027486,-0.047354263752783385,0.9965337954939342,0.9884057971014493,0.9853266245454397,0.7471056529605566
2007-01-24,1732,1724,1705,-0.056106868341287267,-0.07218382128244057,0.9953810623556582,0.9889791183294664,0.9840244790023592,0.7430248867968746
2007-01-25,1737,1729,1708,-0.07401637969184863,-0.0753165196345805,0.9953943580886586,0.9878542510121457,0.9794920997908597,0.7364619907548446
2007-01-26,1738,1731,1712,-0.05375298244341011,-0.05570535397301131,0.9959723820483314,0.9890236857307915,0.9819428498765971,0.7222113847740476
2007-01-29,1749,1742,1726,-0.0623530982352549,-0.06643931573361514,0.9959977129788451,0.9908151549942594,0.9852748773663987,0.7341896088117458
2007-01-30,1757,1750,1737,-0.05880833534870983,-0.05449642756876122,0.9960159362549801,0.9925714285714285,0.9914696029658118,0.7483768692223316
2007-01-31,1767,1759,1746,-0.03723722086450305,-0.027332299299372125,0.9954725523486134,0.992609437180216,0.9878580720340845,0.7438476084591862
2007-02-01,1766,1758,1746,-0.014499471909050078,-0.00026394801552100464,0.9954699886749717,0.9931740614334471,0.9814396265452848,0.7436296681496383
2007-02-02,1777,1769,1759,-0.027143921695803024,-0.021045054934006355,0.9954980303882949,0.9943470887507067,0.9835098567961038,0.7496603582187799
2007-02-05,1775,1768,1755,-0.03533636879345485,-0.03595040251767603,0.9960563380281691,0.9926470588235294,0.987987942668758,0.7367969449781561
2007-02-06,1773,1766,1753,-0.06799236925725434,-0.06620457172615736,0.9960518894529047,0.992638731596829,0.9891616805455122,0.6996470011539869
2007-02-07,1771,1763,1752,-0.07523065462885196,-0.08059964631550572,0.9954827780914738,0.9937606352807714,0.9889618736486092,0.6733016266255151
2007-02-08,1773,1764,1756,-0.06155160172992775,-0.0671885693657376,0.9949238578680203,0.9954648526077098,0.9858969183962092,0.6992602937797172
2007-02-09,1771,1762,1753,-0.0516104912733651,-0.051146123678595744,0.9949181253529079,0.9948921679909194,0.9852762873743688,0.6727478522952629
2007-02-12,1772,1763,1755,-0.06749342004768845,-0.03909159238208624,0.994920993227991,0.9954622802041974,0.9896550103240831,0.6693432139734132
2007-02-13,1776,1767,1759,-0.06270290386126173,-0.04587163714751332,0.9949324324324325,0.9954725523486134,0.9890229407553939,0.7002688902493192
2007-02-14,1782,1771,1762,-0.06185609823421141,-0.043442455557856675,0.9938271604938271,0.9949181253529079,0.9871909758233203,0.6819233630515401
2007-02-15,1772,1761,1755,-0.0755925013839223,-0.05655580306167444,0.9937923250564334,0.9965928449744463,0.9861531209883537,0.6584450950467565
2007-02-16,1783,1771,1765,-0.06259190575978119,-0.05262887383962977,0.9932697700504767,0.9966120835686053,0.9890379020143029,0.6938782788202746
2007-02-20,1791,1780,1775,-0.09790956060676959,-0.07590366753370709,0.993858179787828,0.9971910112359551,0.9891953273909888,0.6896002191159321
2007-02-21,1802,1791,1785,-0.09423621026679838,-0.06785058626968934,0.9938956714761377,0.9966499162479062,0.9828681646447142,0.6669067424089927
2007-02-22,1806,1795,1790,-0.04561136386954921,-0.01966790127062123,0.9939091915836102,0.9972144846796658,0.9875052794751664,0.6870347089264107
2007-02-23,1807,1796,1790,-0.0396197666550393,-0.01682816937628671,0.993912562257886,0.9966592427616926,0.9818804801833514,0.678687352085154
2007-02-26,1818,1807,1801,-0.03990179978443,-0.004013433980340983,0.993949394939494,0.9966795794133924,0.9821071872621404,0.6908413527620141
2007-02-27,1812,1801,1795,-0.03734745270933662,-0.020897850903275256,0.9939293598233996,0.9966685174902832,0.9810170190949087,0.6953650510040543
2007-02-28,1825,1814,1805,-0.05468884846241049,-0.03769999214995861,0.993972602739726,0.9950385887541345,0.9835496001473178,0.6743694519121165
2007-03-01,1845,1833,1824,-0.06174598267858395,-0.04653414216565467,0.9934959349593496,0.9950900163666121,0.984552352523966,0.6443354818428247
2007-03-02,1853,1841,1831,-0.05591607397400484,-0.045230548535750856,0.9935240151106314,0.9945681694731124,0.9839613848735261,0.6459303016482003
2007-03-05,1854,1843,1836,-0.03940148509032194,-0.034403806975605196,0.994066882416397,0.9962018448182312,0.9847987654004418,0.6688053401834142
2007-03-06,1849,1838,1829,-0.02393657505220156,-0.004257054926102473,0.9940508382909681,0.9951033732317737,0.9760059398529785,0.6661229843405468
2007-03-07,1857,1848,1836,-0.022359993743602577,0.0005353400694470048,0.9951534733441034,0.9935064935064936,0.9784835357177847,0.6928745951527842
2007-03-08,1865,1856,1844,0.0038281853053063093,0.03183152807066635,0.9951742627345844,0.9935344827586207,0.9815539072146376,0.7015649337350701
2007-03-09,1859,1850,1839,-0.012868175519745836,0.032203915788716515,0.9951586874663798,0.994054054054054,0.9808440621010232,0.719628551174188
2007-03-12,1861,1852,1840,0.007384240074783403,0.04581709559917707,0.9951638903815153,0.9935205183585313,0.9805606977500678,0.7246145593789237
2007-03-13,1860,1851,1840,-0.00011237107105426726,0.053838941120135986,0.9951612903225806,0.9940572663425176,0.9751105375593656,0.734682450751922
2007-03-14,1853,1846,1835,-0.0005549112215834002,0.028879986658501323,0.9962223421478683,0.9940411700975081,0.9835688453982105,0.7358999444461244
2007-03-15,1863,1857,1846,0.008143173919495969,0.023198011991746016,0.9967793880837359,0.9940764674205708,0.979794235077279,0.7193384499219188
2007-03-16,1865,1859,1846,0.03684974904359321,0.04564124472836585,0.9967828418230563,0.993006993006993,0.9747155449774224,0.7161705092383734
2007-03-19,1861,1854,1841,0.004416373896503196,0.012296270776405608,0.9962385814078453,0.9929881337648327,0.9856879967648104,0.7141071693475243
2007-03-20,1868,1861,1849,0.03136989685714678,0.02228593676944142,0.9962526766595289,0.9935518538420204,0.9755340419605089,0.7055771105891006
2007-03-21,1865,1858,1846,0.044795891938584194,0.03228487927803494,0.9962466487935657,0.9935414424111948,0.984514456765145,0.7093215207014866
2007-03-22,1864,1857,1846,0.030848127283465008,0.016081625972194723,0.996244635193133,0.9940764674205708,0.9816632393115438,0.7109991587600752
2007-03-23,1864,1857,1842,0.05613445973727344,0.04702604727386713,0.996244635193133,0.9919224555735057,0.9831916838807186,0.6994960025235247
2007-03-26,1860,1853,1837,0.0676620756118408,0.053211714746738525,0.9962365591397849,0.9913653534808419,0.9851025397633728,0.6877589078700007
2007-03-27,1852,1846,1831,0.051385065629202836,0.028952560125821238,0.9967602591792657,0.9918743228602384,0.9761452629832267,0.6830478336213112
2007-03-28,1844,1837,1822,0.08753238250371201,0.069386366392218,0.9962039045553145,0.9918345127925966,0.9778748621866217,0.6885162900042446
2007-03-29,1830,1822,1808,0.08473764214268087,0.07359248189674591,0.9956284153005465,0.9923161361141603,0.983683795605592,0.6901355857570595
2007-03-30,1821,1813,1800,0.06973267918401482,0.05702723159276696,0.9956068094453597,0.9928295642581357,0.9786209756574655,0.6879750580381029
2007-04-02,1825,1817,1806,0.040034505259232654,0.02011956001501332,0.9956164383561644,0.9939460649422125,0.9836439982512674,0.6869272696694944
2007-04-03,1819,1811,1802,0.044562633806398834,0.0373024977076976,0.9956019791094007,0.9950303699613473,0.9852812738127804,0.6872767382469795
2007-04-04,1810,1803,1793,0.043085762099614684,0.04743637181037158,0.9961325966850829,0.9944536882972823,0.9839935540405668,0.6775257775711043
2007-04-05,1815,1809,1799,0.022459766571519595,0.03418559480682115,0.996694214876033,0.9944720840243229,0.9864292047981958,0.6951247854602515
2007-04-09,1808,1802,1793,0.03417981536121357,0.037495475816528116,0.9966814159292036,0.9950055493895672,0.9853325440972696,0.6806043180170444
2007-04-10,1801,1798,1788,0.021586007880308258,0.027283299815610146,0.9983342587451416,0.9944382647385984,0.9825105514257705,0.6709770564177968
2007-04-11,1796,1793,1782,0.021157635881433268,0.02505829387857955,0.9983296213808464,0.9938650306748467,0.9831356990679585,0.6689802426491874
2007-04-12,1796,1792,1780,0.027164868825432297,0.025569749434754176,0.9977728285077951,0.9933035714285714,0.9834519254851147,0.666986260970812
2007-04-13,1795,1790,1781,0.04224645690195917,0.03152208396200848,0.9972144846796658,0.9949720670391061,0.9787775180631599,0.6777756959324824
2007-04-16,1793,1786,1776,0.0736686019384732,0.05544529462130747,0.9960959286112661,0.9944008958566629,0.976407112216763,0.676045182161211
2007-04-17,1792,1785,1774,0.07871360573686359,0.05370817111621359,0.99609375,0.9938375350140056,0.9801331893391053,0.6555777571415857
2007-04-18,1787,1779,1768,0.0854349928758379,0.05979907339747792,0.9955232232792389,0.9938167509836987,0.983999758596918,0.6831182633682347
2007-04-19,1795,1788,1777,0.08233333749162342,0.0725599020688507,0.996100278551532,0.993847874720358,0.9738992830355915,0.6737748226019181
2007-04-20,1784,1777,1771,0.05142814894526274,0.048867064041454536,0.9960762331838565,0.9966235227912211,0.9744078220939646,0.6617973287670474
2007-04-23,1790,1783,1777,0.03754083203148859,0.04084970621733011,0.9960893854748604,0.9966348850252383,0.970814433215972,0.6665120676403365
2007-04-24,1795,1788,1782,0.04698807321767755,0.059807951399667145,0.996100278551532,0.9966442953020134,0.9791145137263632,0.6950393202362486
2007-04-25,1796,1789,1783,0.043109791252257806,0.05214050827203451,0.9961024498886414,0.9966461710452766,0.9842205632778102,0.7035182011152659
2007-04-26,1811,1802,1796,0.041167257171819474,0.05945229339339017,0.9950303699613473,0.9966703662597114,0.9835011219586935,0.7111069442902946
2007-04-27,1822,1813,1807,0.06320136006496474,0.08116432816444362,0.9950603732162459,0.9966905681191396,0.9801512303691381,0.7164508076046059
2007-04-30,1816,1807,1801,0.07506488325979799,0.10399374458593015,0.9950440528634361,0.9966795794133924,0.9761110460044727,0.7029013827563375
2007-05-01,1822,1813,1806,0.0793074395854117,0.1030186758901217,0.9950603732162459,0.9961389961389961,0.9742939686373029,0.6986415063133994
2007-05-02,1825,1816,1808,0.07672462603719875,0.09060141622840644,0.9950684931506849,0.9955947136563876,0.9846662560192898,0.706766691176673
2007-05-03,1836,1827,1818,0.0862821987429327,0.09776732654244946,0.9950980392156863,0.9950738916256158,0.9795671075561531,0.7086716510886848
2007-05-04,1841,1833,1822,0.09737869110751521,0.10794350960889974,0.9956545355784899,0.993998908892526,0.9818711506956136,0.7019663868190624
2007-05-07,1847,1838,1826,0.08515902633970124,0.0933932999634065,0.9951272333513806,0.9934711643090316,0.9827970127002196,0.690815992378986
2007-05-08,1852,1844,1833,0.07797372015579107,0.08005420966296262,0.9956803455723542,0.9940347071583514,0.9806899554852705,0.6926213101031373
2007-05-09,1851,1844,1833,0.08503034564914101,0.07942672401292647,0.9962182603997839,0.9940347071583514,0.9881128519106669,0.7046381359402274
2007-05-10,1862,1855,1842,0.0929789434903474,0.09249971795188242,0.9962406015037594,0.9929919137466308,0.9826178046682971,0.7020227625318904
2007-05-11,1856,1851,1839,0.10644109509802496,0.11135198276512095,0.9973060344827587,0.993517017828201,0.9851476825270131,0.7041099895381617
2007-05-14,1874,1869,1857,0.11223043208806276,0.11539971582130736,0.9973319103521878,0.9935794542536116,0.98462752002774,0.7123731703854899
2007-05-15,1873,1867,1854,0.13219839685153822,0.12116445106522634,0.99679658302189,0.9930369576861274,0.9851342314836748,0.7134192775357844
2007-05-16,1880,1874,1861,0.13138093601234907,0.12587486490724933,0.9968085106382979,0.9930629669156884,0.9874882325822046,0.7218887734507888
2007-05-17,1887,1882,1869,0.11087064567365197,0.1076813137059029,0.9973502914679385,0.9930924548352816,0.9806659322484622,0.7190975067575451
2007-05-18,1885,1880,1866,0.1001959496105959,0.10388877564490158,0.9973474801061007,0.9925531914893617,0.9844761977828125,0.7414156993645983
2007-05-21,1887,1882,1867,0.11263369328673958,0.11905696689265947,0.9973502914679385,0.9920297555791711,0.9897211465706806,0.7542140715943074
2007-05-22,1886,1880,1864,0.12062046773435074,0.12148192320436454,0.9968186638388123,0.9914893617021276,0.985945794645825,0.7595178021671821
2007-05-23,1900,1892,1876,0.14737129884366695,0.14010948196834533,0.9957894736842106,0.9915433403805497,0.9828582534759241,0.7601027330464319
2007-05-24,1901,1893,1878,0.1374630565372339,0.13025606128099906,0.9957916885849553,0.9920760697305864,0.9748654827648776,0.7662603709554072
2007-05-25,1901,1894,1878,0.11297541329548692,0.11525751581862488,0.9963177275118359,0.9915522703273495,0.9769504746283619,0.7674553849158606
2007-05-29,1903,1896,1881,0.13185545150709085,0.12927577779549607,0.9963215974776668,0.9920886075949367,0.9805836003115753,0.7857279328782941
2007-05-30,1894,1887,1874,0.10626062833689891,0.10041586711346608,0.9963041182682154,0.9931107578166402,0.9741398804449514,0.7566806716132866
2007-05-31,1887,1879,1867,0.10671549681589074,0.09838725119582639,0.9957604663487016,0.9936136242682277,0.9833186350379051,0.7689085397275822
2007-06-01,1890,1880,1870,0.11682006964914364,0.11228993013096078,0.9947089947089947,0.9946808510638298,0.9839585086674124,0.7884783634799768
2007-06-04,1884,1874,1866,0.12052794328045842,0.12052043830700657,0.994692144373673,0.9957310565635006,0.9838377530832658,0.7889912318654798
2007-06-05,1886,1875,1864,0.1163451489180709,0.10528878661818315,0.9941675503711559,0.9941333333333333,0.9874691566666918,0.7784200294312674
2007-06-06,1887,1876,1862,0.1156015370789281,0.11741581605316469,0.9941706412294647,0.9925373134328358,0.9880697964979529,0.7725316668818202
2007-06-07,1894,1883,1870,0.12549953165628336,0.12971865723909917,0.9941921858500528,0.9930961232076474,0.98686146023102,0.7735528206912023
2007-06-08,1884,1873,1860,0.14434309616068106,0.16401485240192257,0.9941613588110403,0.993059263214095,0.9870391830457643,0.782301683832315
2007-06-11,1891,1880,1866,0.139186671018536,0.18364438989237858,0.9941829719725013,0.9925531914893617,0.9867069426028068,0.7765186638250969
2007-06-12,1874,1865,1852,0.12479027498175865,0.17559823454105972,0.9951974386339381,0.9930294906166219,0.9885122911812155,0.7729928858227558
2007-06-13,1869,1860,1847,0.1068272746878426,0.15640530687199442,0.9951845906902087,0.9930107526881721,0.9877620672298661,0.7807268747024017
2007-06-14,1868,1860,1848,0.10417182902231471,0.1463224791938451,0.9957173447537473,0.9935483870967742,0.9869929864674987,0.7947446081659685
2007-06-15,1869,1860,1847,0.0987913661389255,0.14938476082737429,0.9951845906902087,0.9930107526881721,0.9864625115863974,0.7811854844594504
2007-06-18,1862,1854,1841,0.09371222658002738,0.13925808010753815,0.9957035445757251,0.9929881337648327,0.9890134469999601,0.7824602075070195
2007-06-19,1881,1871,1858,0.0962260621652131,0.15185243681485422,0.9946836788942052,0.9930518439337253,0.9872170237242518,0.7843464098674063
2007-06-20,1881,1870,1858,0.10368343256892139,0.16819683366597002,0.9941520467836257,0.9935828877005347,0.9897445146980297,0.7770039039425971
2007-06-21,1879,1868,1856,0.06220076881044278,0.1335931476236373,0.9941458222458754,0.9935760171306209,0.9892377597903009,0.7693254186222918
2007-06-22,1880,1868,1856,0.06193043390803276,0.1271778250496522,0.9936170212765958,0.9935760171306209,0.9907804718917091,0.7624218739092116
2007-06-25,1877,1865,1853,0.054284589914870736,0.1179281230044678,0.9936068193926478,0.9935656836461126,0.9923573015809581,0.7616948233215309
2007-06-26,1922,1909,1896,0.03735569449836258,0.09646296299784934,0.9932362122788762,0.9931901519119958,0.9783586230043867,0.7562338702158428
2007-06-27,1940,1928,1914,0.05579986295658553,0.10574321100242248,0.9938144329896907,0.9927385892116183,0.9842298424246305,0.7584293088710933
2007-06-28,1949,1938,1924,0.04048809413161305,0.08112224411756393,0.9943560800410467,0.9927760577915377,0.9873218911967208,0.7561093752832142
2007-06-29,1953,1942,1928,0.048718800138991075,0.0829733897574914,0.9943676395289298,0.9927909371781668,0.9867535894438489,0.7619746172849473
2007-07-02,1945,1935,1924,0.03402480960810006,0.06474883130109335,0.9948586118251928,0.9943152454780362,0.9859831802107858,0.7666109244209923
2007-07-03,1937,1926,1916,0.017609262407538257,0.05150630659098812,0.9943211151264842,0.9948078920041536,0.9885097002687432,0.7781172973108814
2007-07-05,1935,1923,1912,0.010796383365642025,0.04030346064869961,0.993798449612403,0.9942797711908476,0.9881513229158224,0.77568107559483
2007-07-06,1926,1914,1902,0.021371504322973914,0.0496372220519886,0.9937694704049844,0.9937304075235109,0.9871403961196906,0.7745635870033057
2007-07-09,1922,1910,1897,-0.017936624740031413,-0.019442929987048847,0.9937565036420395,0.993193717277487,0.9874499696478419,0.7785033976855675
2007-07-10,1913,1902,1889,-0.023240918170045338,-0.03484137558921543,0.9942498693152118,0.9931650893796005,0.9892841121440998,0.7730139085658322
2007-07-11,1916,1905,1891,-0.04756692163618276,-0.05614050592344351,0.994258872651357,0.9926509186351706,0.9790857148728797,0.7681091497014803
2007-07-12,1920,1908,1895,-0.05788655728217707,-0.057350538424265345,0.99375,0.9931865828092243,0.9868285427559342,0.7702410673502618
2007-07-13,1916,1905,1894,-0.030659091787464763,-0.04027704924831958,0.994258872651357,0.9942257217847769,0.9876452325657605,0.7535288077333646
2007-07-16,1922,1911,1901,-0.0008913447343957326,-0.00885329889640121,0.9942767950052029,0.9947671376242805,0.9868347839748522,0.7471223053040549
2007-07-17,1915,1906,1895,0.007587864620292564,-0.00020586421158376992,0.9953002610966057,0.9942287513116475,0.9876513406631403,0.7488014294770473
2007-07-18,1891,1885,1874,-0.015579263546096882,-0.036493478465254414,0.9968270756213644,0.9941644562334218,0.9846350593173729,0.7520601209932061
2007-07-19,1895,1888,1877,-0.077901293331097,-0.09767623350667869,0.9963060686015831,0.9941737288135594,0.9816146695184766,0.750000822406501
2007-07-20,1901,1895,1883,-0.06866074838560299,-0.08768325519508473,0.9968437664387164,0.9936675461741424,0.9828266190653351,0.7535705957652613
2007-07-23,1903,1896,1883,-0.07959741364325416,-0.08350794288530071,0.9963215974776668,0.9931434599156118,0.9859266725807995,0.7512886395283133
2007-07-24,1910,1903,1888,-0.07594646747799991,-0.08403865528448635,0.9963350785340314,0.9921177088807147,0.9846513626480864,0.7367039044973561
2007-07-25,1862,1857,1841,-0.05180552493376635,-0.060567616289522036,0.9973147153598282,0.9913839526117394,0.9836581534578357,0.7294499097010675
2007-07-26,1860,1855,1839,-0.019642345368243545,-0.038705223848055324,0.9973118279569892,0.9913746630727763,0.9857492137390785,0.7218558475554941
2007-07-27,1862,1857,1842,0.01135990370747113,-0.0195219308094669,0.9973147153598282,0.9919224555735057,0.9856918705627504,0.7250734990845111
2007-07-30,1872,1867,1851,0.0019379389580272484,-0.01930625165388232,0.9973290598290598,0.9914301017675415,0.9855645224455822,0.7260272347689842
2007-07-31,1882,1878,1860,-0.02563306323715976,-0.036499072533755963,0.997874601487779,0.9904153354632588,0.9837175863549387,0.7264862776109676
2007-08-01,1889,1886,1870,-0.0010743931737981756,-0.010220609011914614,0.9984118581259925,0.9915164369034994,0.9837525122194349,0.737325605965292
2007-08-02,1891,1888,1873,-0.0032462998363032383,-0.012462932119886711,0.9984135378106822,0.9920550847457628,0.9854524720996268,0.7306979336345403
2007-08-03,1917,1914,1901,-0.017253361923838834,-0.022801271262195597,0.9984350547730829,0.9932079414838035,0.9851451099204492,0.719288957397917
2007-08-06,1920,1916,1902,0.032318712393176685,0.046686961710414206,0.9979166666666667,0.9926931106471816,0.9866504776669922,0.7078351563386343
2007-08-07,1939,1935,1918,0.0641416266739819,0.07934422500502755,0.9979370809695719,0.9912144702842377,0.9888681557928841,0.6892248551968224
2007-08-08,1950,1947,1930,0.1139707312409338,0.1043851847973116,0.9984615384615385,0.9912686183872624,0.9853154228758252,0.6731012439446851
2007-08-09,1965,1961,1945,0.12520364717702054,0.10256391777262493,0.9979643765903308,0.9918408975012749,0.9886687966756276,0.6560786967497165
2007-08-10,1997,1992,1974,0.12530988450549985,0.11993796597258721,0.9974962443665498,0.9909638554216867,0.9857834501207107,0.6331235195598041
2007-08-13,2025,2020,2003,0.09461860207575204,0.08141055210271746,0.9975308641975309,0.9915841584158416,0.9876588683028266,0.6939508188605104
2007-08-14,2049,2045,2028,0.121543705836345,0.10671551391826171,0.9980478282088824,0.9916870415647921,0.987306821263695,0.7295689711688486
2007-08-15,2068,2064,2047,0.12511104994255232,0.12057661440298882,0.9980657640232108,0.9917635658914729,0.9875464899704643,0.7197923068549408
2007-08-16,2064,2060,2043,0.1958740014594592,0.20325949387992726,0.998062015503876,0.9917475728155339,0.9819060026598675,0.7001495233832913
2007-08-17,2058,2054,2038,0.20950799551189306,0.2168736157394299,0.9980563654033042,0.9922103213242454,0.9862371716124526,0.6754976624629015
2007-08-20,2072,2068,2052,0.17282886205646408,0.17506950781244515,0.9980694980694981,0.9922630560928434,0.9822648207729101,0.6751155847901393
2007-08-21,2070,2065,2052,0.17338037757571978,0.17418736427383774,0.9975845410628019,0.9937046004842615,0.9827367895304595,0.6842893706442256
2007-08-22,2067,2062,2049,0.18932796057749332,0.1901177343164125,0.9975810353168844,0.9936954413191077,0.983016610925949,0.6881350251421219
2007-08-23,2061,2056,2043,0.18772752280781196,0.18772775881875955,0.997573993207181,0.9936770428015564,0.9796772611772614,0.7180724155770379
2007-08-24,2051,2046,2032,0.20984276990239153,0.20386061337447697,0.9975621647976597,0.9931573802541545,0.98049131610338,0.7214545854610692
2007-08-27,2038,2035,2023,0.2046656037838295,0.2037872233126646,0.9985279685966634,0.9941031941031941,0.9827148686044868,0.7471899859161132
2007-08-28,2031,2028,2015,0.2033708969115225,0.19953467345032844,0.9985228951255539,0.9935897435897436,0.981824199107514,0.7601194732723244
2007-08-29,2022,2019,2005,0.1848607830129317,0.1811444487449445,0.9985163204747775,0.9930658741951461,0.9843601956368957,0.7758342140837706
2007-08-30,2015,2011,1997,0.17963992150811492,0.17542375265884366,0.998014888337469,0.9930382894082546,0.9823956672912917,0.7644334442023963
2007-08-31,2010,2007,1993,0.17241276586472756,0.17602690491268386,0.9985074626865672,0.9930244145490782,0.9845140631661182,0.7730406770497741
2007-09-04,1989,1986,1971,0.13489135372149108,0.1389611512084355,0.9984917043740573,0.9924471299093656,0.9791382031508198,0.7694585639447722
2007-09-05,1981,1978,1960,0.07386655315095121,0.07243882358489212,0.9984856133266027,0.9908998988877654,0.978884327370467,0.7889505796071594
2007-09-06,1953,1952,1935,0.08291413913637623,0.10331221652875336,0.9994879672299027,0.9912909836065574,0.9761787888425129,0.8027553516730559
2007-09-07,1933,1932,1916,0.04308728081041294,0.050251272673320836,0.999482669425763,0.9917184265010351,0.9738219684310994,0.7945542596173869
2007-09-10,1886,1886,1869,0.03571744246666461,0.03011698698416663,1.0,0.9909862142099682,0.9646235793132867,0.7844927330746584
2007-09-11,1829,1828,1811,0.039393490740846304,0.04323079309884112,0.9994532531437944,0.9907002188183808,0.9805071032820561,0.8132765974362047
2007-09-12,1788,1786,1771,0.03903882024776923,0.04292000927139186,0.9988814317673378,0.9916013437849944,0.9877151169020199,0.8029814892429472
2007-09-13,1772,1771,1756,0.030821668530909563,0.049924598972144525,0.9994356659142212,0.9915302089215132,0.9876184211746808,0.8018665382679309
2007-09-14,1762,1761,1745,0.0465658240127908,0.06828734072506869,0.9994324631101021,0.9909142532651902,0.9773742996438698,0.7908536041797289
2007-09-17,1762,1761,1746,0.04088906884984635,0.05436710825342243,0.9994324631101021,0.9914821124361158,0.9853637810011213,0.7941096023237144
2007-09-18,1730,1729,1711,0.0792697448678686,0.08858183197578923,0.999421965317919,0.9895893580104106,0.9880900932313251,0.7714792025606035
2007-09-19,1715,1714,1696,0.09636392145881714,0.10013674647873881,0.9994169096209913,0.9894982497082847,0.98774931000999,0.76463749588286
2007-09-20,1720,1719,1701,0.08017946633520902,0.07777938454835302,0.9994186046511628,0.9895287958115183,0.9825977708850454,0.7673087619899914
2007-09-21,1723,1722,1706,0.084030983113544,0.08172687133575718,0.9994196169471852,0.9907084785133565,0.9869603785226906,0.7634460941543871
2007-09-24,1723,1721,1704,0.045820706531622825,0.04493278206649291,0.9988392338943702,0.990122022080186,0.9888443008696887,0.7460896810805031
2007-09-25,1747,1745,1729,0.04796555827227165,0.04269823300284208,0.9988551803091014,0.9908309455587393,0.9897385209347506,0.7463068200807141
2007-09-26,1746,1743,1727,0.03883294946399246,0.032229103573095,0.9982817869415808,0.9908204245553643,0.9902408021628518,0.7287772833396522
2007-09-27,1747,1744,1728,0.04884739387783489,0.03325934550792073,0.998282770463652,0.9908256880733946,0.9877758264397927,0.7286619030575202
2007-09-28,1745,1742,1725,0.04181259637323911,0.017252514021465305,0.9982808022922636,0.9902411021814007,0.9898800818304413,0.7444934996756817
2007-10-01,1747,1744,1729,0.052217941462615894,0.02437893589019231,0.998282770463652,0.9913990825688074,0.9905046654318683,0.7411364905343333
2007-10-02,1756,1752,1739,0.061365384195806366,0.03617109126920875,0.9977220956719818,0.992579908675799,0.9895234205177716,0.7336705194770228
2007-10-03,1770,1766,1754,0.08429400987440326,0.07295563483457053,0.9977401129943503,0.9932049830124575,0.9898970576616262,0.732292526058908
2007-10-04,1773,1766,1753,0.1080979813880157,0.09288730069701441,0.9960518894529047,0.992638731596829,0.9885695962039921,0.7160374842117092
2007-10-05,1774,1766,1754,0.14553354639970825,0.1414423853927139,0.9954904171364148,0.9932049830124575,0.9898755107425522,0.7093663616331715
2007-10-08,1772,1765,1753,0.12526870460756556,0.13017073877454272,0.9960496613995485,0.9932011331444759,0.9896092407153648,0.6929853397255858
2007-10-09,1769,1761,1747,0.14607940665235297,0.15947445108766714,0.9954776710005653,0.9920499716070414,0.9835413016937974,0.6952736826659386
2007-10-10,1770,1762,1748,0.1529095906879226,0.16039104913586422,0.9954802259887006,0.9920544835414302,0.988256858662259,0.706058834085111
2007-10-11,1772,1764,1750,0.14753088069368925,0.16118612712783162,0.9954853273137697,0.9920634920634921,0.987367739269852,0.7126017620121703
2007-10-12,1779,1771,1756,0.11276303730248188,0.12434408541097958,0.9955030916245081,0.9915302089215132,0.9862251070961736,0.7253883867702797
2007-10-15,1783,1775,1761,0.06555716171649184,0.06578856073453354,0.9955131800336512,0.992112676056338,0.9823444795583679,0.7367411726876926
2007-10-16,1780,1773,1759,0.04583699115605748,0.04769589736362273,0.9960674157303371,0.9921037789058094,0.9750610054136218,0.7488619564376746
2007-10-17,1781,1774,1760,0.05394557347896194,0.06480202305662597,0.99606962380685,0.992108229988726,0.9817484278686621,0.7512307504991014
2007-10-18,1773,1763,1747,0.04027041332132654,0.05020261477422369,0.9943598420755781,0.9909245604083948,0.9852284617874112,0.7508878209239661
2007-10-19,1765,1755,1738,0.06523969982041679,0.07520656919003854,0.9943342776203966,0.9903133903133903,0.9802539262923111,0.7512528700937183
2007-10-22,1764,1754,1735,0.06313698510007015,0.066700472685342,0.9943310657596371,0.9891676168757126,0.9838974679810409,0.7632951323998334
2007-10-23,1759,1750,1730,0.060634772189532934,0.06587142170140993,0.9948834565093804,0.9885714285714285,0.9843695726458732,0.764992081659669
2007-10-24,1764,1756,1736,0.07665413722497855,0.08894495246710285,0.9954648526077098,0.9886104783599089,0.9860767206162608,0.7735477836152236
2007-10-25,1769,1761,1741,0.06525778877005124,0.08444170319669725,0.9954776710005653,0.9886428165814878,0.98919404659969,0.7707850078540777
2007-10-26,1768,1760,1740,0.09223115200549663,0.081226290034697,0.995475113122172,0.9886363636363636,0.9868466528326296,0.7545044205094281
2007-10-29,1767,1759,1740,0.10368092143009504,0.11356524450221285,0.9954725523486134,0.9891984081864695,0.9852458881877322,0.7583999258653638
2007-10-30,1775,1766,1747,0.11078284486553316,0.11561364739547211,0.9949295774647887,0.9892412231030577,0.9853857483151016,0.7569711243395372
2007-10-31,1764,1756,1738,0.10271096256458379,0.10384643726814978,0.9954648526077098,0.989749430523918,0.9878747282791106,0.7530388444012536
2007-11-01,1760,1753,1736,0.06563405597022849,0.07506739109238211,0.9960227272727272,0.9903023388476897,0.988493126741401,0.7537600630837574
2007-11-02,1765,1758,1741,0.05558152352332961,0.07240964765284386,0.9960339943342776,0.9903299203640501,0.9879217651288585,0.7423395208254709
2007-11-05,1784,1776,1758,0.031760869910420854,0.035325731692706495,0.9955156950672646,0.9898648648648649,0.9885940206823024,0.7229480742938477
2007-11-06,1790,1781,1763,0.030933139735737605,0.023343269833173034,0.9949720670391061,0.9898933183604717,0.9868672123434893,0.7225386209880634
2007-11-07,1797,1787,1771,-0.001019971486988947,0.010041835978414348,0.9944351697273233,0.9910464465584778,0.9888248366185248,0.7289747417016383
2007-11-08,1793,1782,1767,-0.010093797027001609,0.00915948173202871,0.9938650306748467,0.9915824915824916,0.9873088329505876,0.7163624901574194
2007-11-09,1799,1788,1774,0.02201227853536335,0.031089568944502516,0.9938854919399667,0.9921700223713646,0.985566297402155,0.7070031020588803
2007-11-12,1810,1799,1785,0.09029991054451313,0.08039572755671144,0.9939226519337017,0.9922178988326849,0.9862527652708367,0.7044768263913785
2007-11-13,1815,1804,1790,0.12435498912918697,0.11379032097050833,0.9939393939393939,0.9922394678492239,0.9863137420617522,0.6975172167911485
2007-11-14,1812,1804,1791,0.12642092190144688,0.12906567161759847,0.9955849889624724,0.9927937915742794,0.9897473416741366,0.7000905803975322
2007-11-15,1822,1812,1800,0.09773950233845745,0.10818606631257191,0.9945115257958288,0.9933774834437086,0.9881151042731898,0.7106821784306997
2007-11-16,1815,1805,1793,0.04913375755476408,0.06578917423267583,0.9944903581267218,0.9933518005540166,0.9885125041998356,0.7056693634960924
2007-11-19,1816,1807,1796,0.025969080681351595,0.049838184377311884,0.9950440528634361,0.993912562257886,0.9848019884969044,0.718083134192209
2007-11-20,1807,1798,1786,0.03848198184719981,0.050182339698882986,0.9950193691200886,0.9933259176863182,0.982445727397653,0.7243737913366501
2007-11-21,1815,1803,1792,0.06756052259965005,0.08663767198339993,0.9933884297520661,0.9938990571270105,0.9859731381459249,0.72953799320587
2007-11-23,1822,1807,1796,0.09442326027396654,0.09386793582813843,0.9917672886937431,0.993912562257886,0.979806600422251,0.7490459500984651
2007-11-26,1823,1807,1793,0.06940445632723,0.08159415479492503,0.9912232583653319,0.9922523519645822,0.9839022386200961,0.7788519165044466
2007-11-27,1806,1791,1777,0.0535735561105868,0.0833379960818712,0.9916943521594684,0.9921831379117811,0.9875027223140632,0.7856944268281935
2007-11-28,1806,1792,1778,0.0756192973062063,0.09224844997835172,0.9922480620155039,0.9921875,0.9863743519136636,0.7931249073159087
2007-11-29,1804,1790,1776,0.08107414635068895,0.1061304482968626,0.9922394678492239,0.9921787709497206,0.9861405820213699,0.793133574662536
2007-11-30,1804,1790,1776,0.09988767464828659,0.11050419874644911,0.9922394678492239,0.9921787709497206,0.9865439097727446,0.7941356004911628
2007-12-03,1795,1781,1768,0.11452087877502404,0.12749272360680866,0.9922005571030641,0.9927007299270073,0.987341208375746,0.7866648103274202
2007-12-04,1781,1768,1756,0.15415050393378577,0.16531188819529766,0.9927007299270073,0.9932126696832579,0.9857526059893101,0.7864341352587638
2007-12-05,1776,1763,1751,0.16127726861194314,0.1757880104296008,0.9926801801801802,0.9931934203062961,0.9833874239666734,0.7954972943380689
2007-12-06,1770,1756,1743,0.18468244445902315,0.19643044553710073,0.992090395480226,0.9925968109339408,0.989634143174554,0.802491932503425
2007-12-07,1760,1748,1734,0.23781263524228594,0.24180072990091245,0.9931818181818182,0.9919908466819222,0.9809278394345522,0.7904567354162052
2007-12-10,1760,1748,1734,0.26762644759659493,0.259228501056954,0.9931818181818182,0.9919908466819222,0.9805014743229153,0.792331549197011
2007-12-11,1744,1732,1718,0.26049438951330656,0.2618463403217576,0.9931192660550459,0.9919168591224018,0.9834348521182062,0.7957369846567434
2007-12-12,1735,1723,1710,0.20834827111687526,0.21543234763279268,0.9930835734870317,0.9924550203134068,0.9860707052747038,0.8075013296839192
2007-12-13,1732,1723,1710,0.16010251422135058,0.17584191280921366,0.9948036951501155,0.9924550203134068,0.989093654903341,0.7963826771976524
2007-12-14,1727,1719,1707,0.17761540687415348,0.1944348803267962,0.9953676896352056,0.9930191972076788,0.9868267586543492,0.7873022561760048
2007-12-17,1723,1715,1704,0.15950067389685785,0.16361326469847567,0.9953569355774812,0.9935860058309038,0.9868103536329755,0.7783972311366727
2007-12-18,1717,1709,1698,0.17231953243196266,0.16837940672256055,0.9953407105416424,0.9935634874195436,0.9893157302568178,0.7564663009740812
2007-12-19,1706,1700,1691,0.1661025682649755,0.14968663852956454,0.9964830011723329,0.9947058823529412,0.989536323598151,0.751201067917947
2007-12-20,1700,1695,1687,0.10316739864875325,0.07658400090450368,0.9970588235294118,0.9952802359882006,0.9912148340605412,0.7481380139614154
2007-12-21,1698,1694,1689,0.0167242895543175,0.0014207275277760742,0.9976442873969376,0.9970484061393152,0.993366782411301,0.7526406365767764
2007-12-24,1705,1700,1696,0.010302136360431096,-0.012543210480262718,0.9970674486803519,0.9976470588235294,0.9911422489161164,0.7318749170624089
2007-12-26,1748,1742,1738,-0.00772470993848205,-0.029723828220637447,0.9965675057208238,0.9977037887485649,0.9910471685893489,0.7050418245002763
2007-12-27,1740,1734,1729,-0.04179227416571054,-0.057121927484339995,0.996551724137931,0.9971164936562861,0.9867551378258381,0.6833396929669457
2007-12-28,1730,1724,1717,-0.08688715561389028,-0.08622271421248713,0.9965317919075144,0.9959396751740139,0.989425062917851,0.649273424303637
2007-12-31,1718,1712,1704,-0.0919747486527039,-0.08511160432285807,0.9965075669383003,0.9953271028037384,0.9901363749848106,0.6174230315196603
2008-01-02,1714,1709,1702,-0.13426888436663323,-0.12427460850959028,0.9970828471411902,0.9959040374488005,0.9862854386980583,0.5803128128158875
2008-01-03,1705,1700,1693,-0.18666125252215351,-0.18966876888332965,0.9970674486803519,0.9958823529411764,0.9904936422928818,0.5686491086606346
2008-01-04,1706,1700,1692,-0.19789514067649144,-0.206337140316881,0.9964830011723329,0.9952941176470588,0.9894601598110203,0.6654247364481176
2008-01-07,1707,1700,1692,-0.1967888370994742,-0.21626667613791753,0.9958992384299942,0.9952941176470588,0.9856988575399804,0.7099698092361336
2008-01-08,1708,1701,1692,-0.19978626641490138,-0.21989293993534703,0.9959016393442623,0.9947089947089947,0.9883414386175969,0.7026355664896684
2008-01-09,1711,1703,1694,-0.18610230860762134,-0.2167441186265088,0.9953243717124488,0.9947152084556665,0.985164913424488,0.6953800970019204
2008-01-10,1712,1704,1695,-0.1480923971490644,-0.1749677611433634,0.9953271028037384,0.9947183098591549,0.9880132359490407,0.6550516231354601
2008-01-11,1729,1721,1712,-0.14211189489483414,-0.17254713588543275,0.995373048004627,0.9947704822777454,0.9866685783660812,0.6555105765564454
2008-01-14,1735,1727,1718,-0.11296044584878762,-0.15186460530260282,0.9953890489913545,0.9947886508396062,0.9868865510115448,0.6691405045283833
2008-01-15,1731,1723,1714,-0.1454880798185609,-0.19401410177009795,0.9953783939919122,0.9947765525246662,0.980342103582143,0.6779009955524136
2008-01-16,1725,1717,1709,-0.0956404449317901,-0.14866024090047938,0.9953623188405797,0.9953407105416424,0.9783660813997183,0.7077203990566487
2008-01-17,1726,1719,1710,-0.10652672056145605,-0.15030706804674568,0.9959443800695249,0.9947643979057592,0.980620320314509,0.7321240078939967
2008-01-18,1731,1726,1718,-0.09168256308294372,-0.1401482918711634,0.9971114962449451,0.9953650057937428,0.9855965321525606,0.7334824017504684
2008-01-22,1726,1721,1714,-0.06440193609722006,-0.12162715135201214,0.9971031286210892,0.9959325973271353,0.9843808736380135,0.7394600689928149
2008-01-23,1738,1734,1724,0.009766874780486393,-0.04894469522688368,0.997698504027618,0.994232987312572,0.9761293925014192,0.7363172548395026
2008-01-24,1742,1738,1728,0.003468530991141713,-0.0398134732068692,0.9977037887485649,0.9942462600690449,0.9803280116666709,0.7179083708168511
2008-01-25,1725,1721,1710,0.012596729962735686,-0.05029302323463336,0.9976811594202899,0.9936083672283557,0.9834708509441661,0.7233868839930496
2008-01-28,1740,1737,1729,0.008391793057698991,-0.0508576447046176,0.9982758620689656,0.9953943580886586,0.9760065984261854,0.7369696966702581
2008-01-29,1751,1748,1740,0.059912772562921685,0.003753783682759161,0.9982866933181039,0.9954233409610984,0.9732969747845612,0.7128961769668644
2008-01-30,1759,1756,1749,0.10647171738230961,0.04666263092289601,0.9982944855031268,0.9960136674259681,0.954754062000613,0.6912610655236057
2008-01-31,1760,1756,1747,0.15800388096143111,0.10729526978683351,0.9977272727272727,0.994874715261959,0.9600304562289278,0.6670193909673947
2008-02-01,1766,1762,1753,0.2142404291087187,0.16740748206968922,0.9977349943374858,0.9948921679909194,0.9305076826240926,0.6074456932588869
2008-02-04,1765,1761,1752,0.1529673608387865,0.10133378247718551,0.9977337110481587,0.9948892674616695,0.9727108956033331,0.6280493298710459
2008-02-05,1770,1766,1756,0.14614257003150066,0.08503946781814808,0.9977401129943503,0.9943374858437146,0.9848023187685836,0.6539322644310418
2008-02-06,1766,1762,1752,0.13941551867402427,0.0908005414057505,0.9977349943374858,0.9943246311010215,0.9805017087308452,0.6511480733798661
2008-02-07,1749,1745,1736,0.15717916835736603,0.12166091515732982,0.9977129788450543,0.9948424068767908,0.9678840599836968,0.6335595134173081
2008-02-08,1742,1738,1728,0.17482825832914517,0.14764617622478837,0.9977037887485649,0.9942462600690449,0.9792138350704679,0.5770312541675761
2008-02-11,1742,1738,1727,0.11836725480686011,0.08766906290842383,0.9977037887485649,0.9936708860759493,0.9829370141539083,0.5997286786318501
2008-02-12,1741,1736,1725,0.12021009142933275,0.10785565590977539,0.9971280873061459,0.993663594470046,0.9802142341107903,0.6367121774181209
2008-02-13,1735,1730,1719,0.1642134390733997,0.15741478072588203,0.9971181556195965,0.9936416184971099,0.9839866949655697,0.6351850670115267
2008-02-14,1749,1744,1734,0.15185652979771208,0.13695583679376058,0.9971412235563178,0.9942660550458715,0.9819159190336112,0.6332105846335546
2008-02-15,1748,1743,1733,0.1325995481167441,0.11651056178147158,0.9971395881006865,0.9942627653471027,0.9854662550283687,0.6539062999918736
2008-02-19,1743,1738,1726,0.09773598055653013,0.08242122290811552,0.9971313826735514,0.9930955120828538,0.9866710490679936,0.6574917215179892
2008-02-20,1739,1734,1725,0.10451922569631174,0.09161012044649403,0.9971247843588269,0.9948096885813149,0.9813244218317045,0.6569479722811354
2008-02-21,1733,1728,1718,0.06884800047892488,0.06523902274691429,0.9971148297749567,0.9942129629629629,0.9684351936787338,0.6763263682854468
2008-02-22,1725,1720,1712,0.03749759631957693,0.03494124475602969,0.9971014492753624,0.9953488372093023,0.9776386256101256,0.722041519244482
2008-02-25,1715,1711,1704,0.04254691664797829,0.03894727342431543,0.997667638483965,0.9959088252483927,0.9878375155821003,0.7201679936727132
2008-02-26,1715,1711,1705,0.05741188744970853,0.06401784758393422,0.997667638483965,0.9964932787843367,0.9822788343421635,0.7077541250048736
2008-02-27,1715,1711,1705,0.07660889990976706,0.08197360757075962,0.997667638483965,0.9964932787843367,0.9825981980199031,0.7215291246202671
2008-02-28,1718,1715,1709,0.057764259339121646,0.06680701648604917,0.9982537834691502,0.9965014577259476,0.9852950926301278,0.7281694711039463
2008-02-29,1710,1707,1702,0.07282430446577264,0.0689741104610007,0.9982456140350877,0.997070884592853,0.9828366425975513,0.7395960086323569
2008-03-03,1700,1696,1690,0.058755240687636254,0.04935781494869739,0.9976470588235294,0.9964622641509434,0.9785243284402522,0.7420108776640075
2008-03-04,1700,1696,1691,0.05231025203951862,0.029405363798574786,0.9976470588235294,0.9970518867924528,0.9840961187161079,0.7423260202488688
2008-03-05,1701,1697,1692,0.06248464046147177,0.037286455616072786,0.9976484420928865,0.9970536240424278,0.9854041800891725,0.7478696533931714
2008-03-06,1704,1700,1694,0.059560552904536324,0.03459043428773508,0.9976525821596244,0.9964705882352941,0.9847946475612722,0.753760929395266
2008-03-07,1702,1698,1692,0.05104796832636862,0.025915804271151126,0.9976498237367802,0.9964664310954063,0.9848690594101553,0.7556918330977087
2008-03-10,1698,1693,1688,0.03658086403646471,0.015917208871562744,0.997055359246172,0.9970466627288836,0.9866057287307374,0.7569406065224903
2008-03-11,1679,1675,1670,-0.0266881501904573,-0.04519511018677633,0.9976176295413937,0.9970149253731343,0.9829327012609119,0.7586954290081879
2008-03-12,1687,1684,1679,0.005813349335340459,-0.015390815947684398,0.998221695317131,0.9970308788598575,0.9840902272239811,0.7421641209987957
2008-03-13,1695,1692,1687,-0.014333265174582702,-0.03347391904278253,0.9982300884955753,0.9970449172576832,0.9867354125539294,0.7408658379255996
2008-03-14,1690,1687,1682,0.0006677728678239862,-0.03465801324364559,0.9982248520710059,0.997036158861885,0.9878170679437356,0.7423816914679701
2008-03-17,1687,1683,1680,0.026443169735428786,-0.00944656604945958,0.997628927089508,0.9982174688057041,0.9869827899098491,0.7378640862529933
2008-03-18,1684,1680,1676,0.029556755089572544,-0.004629025259789407,0.997624703087886,0.9976190476190476,0.9848573090683338,0.7348726714944968
2008-03-19,1698,1692,1688,0.04693201725156131,0.015251819762231885,0.9964664310954063,0.9976359338061466,0.9838021030605569,0.7375470199313217
2008-03-20,1694,1688,1684,0.02846347375660848,-0.020478062912997263,0.9964580873671782,0.9976303317535545,0.9872834968158548,0.753393006270098
2008-03-24,1693,1686,1682,0.044524873689254535,-0.016454601499358436,0.9958653278204371,0.9976275207591934,0.9865987598279898,0.7184849989230724
2008-03-25,1715,1708,1704,0.050895427546813816,0.0058926763294313055,0.9959183673469387,0.9976580796252927,0.9843334929917403,0.7396394173488995
2008-03-26,1718,1711,1706,0.04025219227773767,0.015218721881998071,0.9959254947613504,0.9970777323202805,0.9851334376046847,0.7408661729917617
2008-03-27,1721,1714,1709,0.01757796853461754,0.007986673799194516,0.9959325973271353,0.9970828471411902,0.9837775053593534,0.7447446730629633
2008-03-28,1716,1709,1703,0.003490953467540028,-0.005349829907030452,0.995920745920746,0.9964891749561147,0.9862381638558543,0.7390172078257109
2008-03-31,1704,1696,1691,0.008687513831365604,-0.01811965547250357,0.9953051643192489,0.9970518867924528,0.9883599371347509,0.743953013478558
2008-04-01,1707,1700,1695,0.0005472659068464952,-0.022561280687162986,0.9958992384299942,0.9970588235294118,0.9867047935271166,0.7164487568746992
2008-04-02,1715,1709,1704,-0.025228810411793447,-0.03505009891385275,0.9965014577259476,0.9970743124634289,0.9867722978759496,0.7140224517790823
2008-04-03,1708,1702,1697,-0.06202396028256232,-0.06504646224106941,0.9964871194379391,0.9970622796709753,0.9887866556656029,0.7090891387997915
2008-04-04,1710,1703,1698,-0.06157780303229702,-0.06331823744477136,0.995906432748538,0.9970640046975925,0.9898511356530242,0.6928325059796465
2008-04-07,1703,1697,1692,-0.0262163207719275,-0.03025802298890487,0.9964768056371109,0.9970536240424278,0.9842673207592985,0.6806693575978094
2008-04-08,1702,1697,1692,-0.02211631958293201,-0.014434964663392816,0.9970622796709753,0.9970536240424278,0.9897677630051757,0.6978583354995718
2008-04-09,1693,1687,1682,-0.022580800308032944,-0.027821395892190473,0.9964559952746603,0.997036158861885,0.9823129080350366,0.7067685970297445
2008-04-10,1692,1687,1682,-0.02819688574404247,-0.03335823102935818,0.9970449172576832,0.997036158861885,0.9886908092714033,0.706401333519671
2008-04-11,1678,1673,1668,-0.04563968127603147,-0.04359894171576697,0.9970202622169249,0.9970113568439928,0.9886175875619212,0.697970559917828
2008-04-14,1672,1666,1660,-0.053204835898891224,-0.04840966486647209,0.9964114832535885,0.9963985594237695,0.9896484896729546,0.7103433121940501
2008-04-15,1662,1656,1650,-0.10032589193730364,-0.08777569698748361,0.9963898916967509,0.9963768115942029,0.9878740931687976,0.7081059841947475
2008-04-16,1658,1654,1648,-0.11414236379356237,-0.11305011647523378,0.9975874547647768,0.9963724304715841,0.9828283759210144,0.7156098525081632
2008-04-17,1661,1658,1652,-0.12752436556908492,-0.11745667821308173,0.9981938591210114,0.9963811821471653,0.9866366510690248,0.7110223557387892
2008-04-18,1656,1654,1648,-0.13979732109677348,-0.14229801892956198,0.998792270531401,0.9963724304715841,0.9713789238813337,0.7128542126285722
2008-04-21,1651,1649,1643,-0.1326181145685628,-0.1259842284060715,0.9987886129618413,0.9963614311704063,0.9785848454849617,0.7177750256901887
2008-04-22,1620,1617,1612,-0.13805148789865201,-0.14253064598390247,0.9981481481481481,0.9969078540507111,0.9891190659870737,0.7413793810890749
2008-04-23,1621,1618,1613,-0.13452805616843583,-0.12434750912371624,0.9981492905613819,0.9969097651421508,0.9838099535646934,0.7390261613432653
2008-04-24,1616,1612,1607,-0.11042791272374991,-0.1153819035363525,0.9975247524752475,0.9968982630272953,0.9822971682406725,0.7418421752951474
2008-04-25,1625,1620,1615,-0.1238235627197073,-0.1383999668626155,0.9969230769230769,0.9969135802469136,0.9836955921378499,0.7597418571149208
2008-04-28,1637,1632,1627,-0.11352043870684017,-0.1264177100105404,0.9969456322541234,0.9969362745098039,0.981814537859682,0.7423225727306085
2008-04-29,1626,1623,1618,-0.11464285711173217,-0.1421755071804257,0.9981549815498155,0.9969192852741836,0.9880289059141949,0.7475668751912677
2008-04-30,1626,1623,1618,-0.10588656652200655,-0.13444460002467915,0.9981549815498155,0.9969192852741836,0.9847072518846739,0.7553148042486851
2008-05-01,1620,1618,1612,-0.12536508177782663,-0.17077984058959605,0.9987654320987654,0.9962917181705809,0.9902199251702041,0.773285254198699
2008-05-02,1625,1623,1617,-0.12955127626623406,-0.16783310511117205,0.9987692307692307,0.9963031423290203,0.979728168543483,0.7723266727447143
2008-05-05,1639,1636,1629,-0.10964870571739456,-0.13914423616826757,0.9981696156192801,0.9957212713936431,0.9822746795780176,0.787468464541064
2008-05-06,1642,1638,1631,-0.09269667844881481,-0.1100056012820884,0.997563946406821,0.9957264957264957,0.9764440931952898,0.7800115208611083
2008-05-07,1659,1654,1647,-0.04439194742786565,-0.05631773886908039,0.9969861362266426,0.9957678355501813,0.9842363541552419,0.7815823624692145
2008-05-08,1656,1651,1644,-0.017990030373976354,-0.04595831211203885,0.9969806763285024,0.9957601453664445,0.9814970687831346,0.7715191865958081
2008-05-09,1660,1655,1648,0.008729241703341847,-0.009854736079143262,0.9969879518072289,0.9957703927492447,0.987690934001106,0.7708644867068629
2008-05-12,1669,1663,1654,0.03175714198282596,-0.0018560358984337636,0.9964050329538646,0.994588093806374,0.9880951024176191,0.7785327155311884
2008-05-13,1671,1664,1654,0.034398500977699135,-0.004760809829737939,0.9958108916816277,0.9939903846153846,0.9873636536147441,0.7712321687138094
2008-05-14,1678,1669,1659,0.03319625116693579,0.0005539040707489286,0.9946364719904648,0.994008388256441,0.9851049630616214,0.7697844933274631
2008-05-15,1682,1673,1664,0.00816073758890711,-0.017703933060216955,0.9946492271105827,0.9946204423191871,0.9865161677767215,0.7762125359821611
2008-05-16,1685,1675,1666,0.017498511920985,-0.004802498181133389,0.9940652818991098,0.9946268656716418,0.9920310406477665,0.765886670401355
2008-05-19,1692,1683,1674,0.04228640348517889,0.0018343633943862028,0.9946808510638298,0.9946524064171123,0.9883803726804072,0.7524856841368781
2008-05-20,1693,1685,1676,0.06590550930208154,0.018137876799224014,0.9952746603662138,0.9946587537091988,0.9853157871848461,0.754045763710642
2008-05-21,1693,1686,1677,0.07361082791687541,0.03961701838812739,0.9958653278204371,0.994661921708185,0.9828339422106332,0.7727907578832617
2008-05-22,1691,1684,1675,0.11478736209901866,0.07913346246415669,0.9958604376108812,0.9946555819477435,0.9808588458956924,0.779908252682741
2008-05-23,1695,1688,1679,0.10559766565194281,0.07552013448852407,0.9958702064896755,0.9946682464454977,0.9857561285216995,0.79918938599751
2008-05-27,1691,1682,1674,0.14949716819702194,0.09619089379791874,0.9946777054997044,0.995243757431629,0.9873640252251973,0.8104532170895992
2008-05-28,1680,1670,1664,0.1450989805775374,0.09513071428660722,0.9940476190476191,0.9964071856287425,0.9883163079431109,0.8128821963953526
2008-05-29,1679,1668,1663,0.1297939240461803,0.0800630390260406,0.9934484812388327,0.9970023980815348,0.9856829473715647,0.819773452881132
2008-05-30,1677,1666,1660,0.14006670308943367,0.10209708018045903,0.9934406678592725,0.9963985594237695,0.9831769353288915,0.8140602309832278
2008-06-02,1674,1664,1658,0.09631058261385435,0.06349087329291209,0.994026284348865,0.9963942307692307,0.98693491527409,0.8075609095586036
2008-06-03,1671,1661,1655,0.1153440554017354,0.0662988217877385,0.9940155595451825,0.9963877182420229,0.9857801537388443,0.7982898432331288
2008-06-04,1677,1668,1659,0.10670058044279127,0.06306186360670073,0.9946332737030411,0.9946043165467626,0.9877618708224454,0.7928745953659339
2008-06-05,1666,1657,1650,0.09340505078223144,0.06300578055141781,0.9945978391356542,0.995775497887749,0.9863141744112968,0.7900939347464274
2008-06-06,1663,1655,1648,0.049042579401799756,0.025754771494066065,0.995189416716777,0.9957703927492447,0.9808467908495344,0.7814922177177468
2008-06-09,1652,1644,1638,0.02267524652964394,0.004140974974837815,0.9951573849878934,0.9963503649635036,0.9899706467387439,0.8049893840967567
2008-06-10,1651,1643,1639,0.0027843878404459274,-0.018089554904090883,0.9951544518473653,0.9975654290931223,0.9882685322719827,0.8016025363048884
2008-06-11,1650,1642,1638,0.019752735062351864,-0.004512091506224652,0.9951515151515151,0.997563946406821,0.9901067804073208,0.795385942111777
2008-06-12,1642,1633,1628,0.023441325409040478,0.006359092057272279,0.9945188794153471,0.9969381506429884,0.9884465327889014,0.7915658337231618
2008-06-13,1644,1638,1633,0.007225720715586517,-0.01171060931573787,0.9963503649635036,0.996947496947497,0.9866203051580349,0.787383187858984
2008-06-16,1644,1638,1632,-0.04166677204165864,-0.050568324383807636,0.9963503649635036,0.9963369963369964,0.9890406725257394,0.7402521042626734
2008-06-17,1646,1640,1633,-0.0415566690192384,-0.04374545346564355,0.9963547995139733,0.9957317073170732,0.9937956580764382,0.677081454030558
2008-06-18,1651,1645,1639,-0.07900110550992318,-0.0715132660213688,0.9963658388855239,0.9963525835866262,0.993765463415924,0.6887394416110915
2008-06-19,1643,1639,1633,-0.0703675168439428,-0.07067287705421565,0.9975654290931223,0.99633923123856,0.9928470190934401,0.6986077044105975
2008-06-20,1641,1636,1630,-0.05332164944912546,-0.04921740527081601,0.9969530773918343,0.9963325183374083,0.9923424420917992,0.6745092826565813
2008-06-23,1637,1633,1627,-0.08775490532482547,-0.04818721306971935,0.9975565058032987,0.9963257807715861,0.9936521994785611,0.6434339091952033
2008-06-24,1647,1643,1637,-0.12031220962156494,-0.07932454576383996,0.9975713418336369,0.9963481436396835,0.9893960931216088,0.6335217549042673
2008-06-25,1642,1637,1631,-0.12838353590707793,-0.11441905035533793,0.9969549330085262,0.996334758704948,0.9894700644565616,0.600035330160433
2008-06-26,1646,1641,1635,-0.12231959107429366,-0.11729615316304173,0.996962332928311,0.9963436928702011,0.9904931412362434,0.6104767153487126
2008-06-27,1644,1639,1633,-0.13276037852646555,-0.12159589434858312,0.9969586374695864,0.99633923123856,0.9836334653271236,0.6374976732459356
2008-06-30,1653,1647,1641,-0.1213925945900614,-0.09870986755947718,0.9963702359346642,0.9963570127504554,0.9885759195328878,0.6452629390969052
2008-07-01,1693,1685,1681,-0.12900238527741992,-0.1063223047546157,0.9952746603662138,0.997626112759644,0.9884170450148821,0.6135085204972861
2008-07-02,1691,1682,1677,-0.08552715447616359,-0.05934652326743411,0.9946777054997044,0.9970273483947681,0.9869228761968694,0.5893854867255494
2008-07-03,1684,1674,1669,-0.07863485454564964,-0.04865985535212151,0.994061757719715,0.9970131421744325,0.9874176883087092,0.6076479138413811
2008-07-07,1688,1679,1673,-0.10327658840654212,-0.07607214670992013,0.9946682464454977,0.9964264443120905,0.9898364590565136,0.6197907733392588
2008-07-08,1678,1670,1664,-0.09154970239168372,-0.06954370300732295,0.9952324195470799,0.9964071856287425,0.9900568969671364,0.6269257501384728
2008-07-09,1681,1673,1665,-0.0980699408387708,-0.06901788262082388,0.9952409280190363,0.9952181709503886,0.9851664487830173,0.6628238194029231
2008-07-10,1686,1678,1671,-0.12298966802526429,-0.07780070758811382,0.9952550415183867,0.9958283671036948,0.9868612909919539,0.6663677429954782
2008-07-11,1680,1672,1663,-0.166891182410343,-0.10478010227749587,0.9952380952380953,0.9946172248803827,0.9856755186957047,0.6601702482099817
2008-07-14,1678,1670,1661,-0.1621339874482988,-0.0966524345534156,0.9952324195470799,0.9946107784431137,0.9750179579545301,0.656454121296909
2008-07-15,1675,1667,1658,-0.21921826981921638,-0.17387267755075253,0.9952238805970149,0.9946010797840432,0.9642144221398441,0.6843717178743538
2008-07-16,1677,1669,1660,-0.22403553670043308,-0.21522479027879957,0.9952295766249255,0.9946075494307969,0.9702255903988574,0.6913896297336343
2008-07-17,1691,1683,1674,-0.19272751180194303,-0.19677304432851844,0.9952690715552928,0.9946524064171123,0.9852163676193659,0.6887427950632364
2008-07-18,1697,1689,1679,-0.22151165748159374,-0.21201402740780712,0.9952857984678845,0.9940793368857312,0.9821668826849629,0.659514370416059
2008-07-21,1703,1695,1685,-0.2105746199169664,-0.19214394193436612,0.995302407516148,0.9941002949852508,0.9836838488505248,0.6726743408939525
2008-07-22,1703,1695,1684,-0.10539751018114236,-0.11090706384633314,0.995302407516148,0.9935103244837759,0.9834200953378213,0.6935698091045371
2008-07-23,1689,1682,1671,0.019788171680651463,0.00858950152232629,0.9958555358200119,0.9934601664684899,0.981871553632745,0.6261048952331948
2008-07-24,1695,1688,1677,-0.020355877942896197,-0.02864128470824388,0.9958702064896755,0.9934834123222749,0.976100984670464,0.5857055746561421
2008-07-25,1692,1685,1676,-0.12125462134669153,-0.11081026613020863,0.9958628841607565,0.9946587537091988,0.9855093397568081,0.5957607354542255
2008-07-28,1691,1685,1675,-0.12196736102149541,-0.11284547059656415,0.9964518036664696,0.9940652818991098,0.9869587691906998,0.5918556054749706
2008-07-29,1687,1682,1672,-0.017467471456192544,-0.015670540510053774,0.997036158861885,0.9940546967895363,0.9800228490985856,0.5750996760651043
2008-07-30,1664,1659,1650,-0.08089270851570583,-0.07270574571377257,0.9969951923076923,0.9945750452079566,0.9807748333478291,0.5268861172736741
2008-07-31,1663,1658,1650,-0.11272630213990417,-0.10848205270231508,0.9969933854479855,0.9951749095295537,0.9828073161193397,0.5685569965421376
2008-08-01,1656,1651,1644,-0.13612068280502107,-0.1250651789747609,0.9969806763285024,0.9957601453664445,0.9831441709382508,0.5742156273788803
2008-08-04,1655,1648,1640,-0.14360507056015193,-0.1280054305674491,0.9957703927492447,0.9951456310679612,0.9812635020856239,0.5731898612600819
2008-08-05,1665,1658,1651,-0.10817650334899294,-0.11304293731092066,0.9957957957957958,0.9957780458383595,0.9770841452262023,0.528473626529335
2008-08-06,1675,1667,1660,-0.08924261067699016,-0.0941398449667758,0.9952238805970149,0.9958008398320336,0.9852289154266999,0.526726554957469
2008-08-07,1678,1670,1663,-0.15935769553119405,-0.17081576013327623,0.9952324195470799,0.9958083832335329,0.9805934048139004,0.5381107128699857
2008-08-08,1674,1666,1660,-0.16202139644016422,-0.19789752488905207,0.995221027479092,0.9963985594237695,0.982427193551507,0.5333760901194267
2008-08-11,1679,1670,1664,-0.11334869926073315,-0.15314591790087884,0.9946396664681358,0.9964071856287425,0.9838839149672218,0.5207592020529773
2008-08-12,1686,1676,1670,-0.11417238544215055,-0.1571106828706616,0.9940688018979834,0.9964200477326969,0.9801243070973312,0.5702255139319208
2008-08-13,1692,1681,1675,-0.16173163373710467,-0.2040019677321045,0.9934988179669031,0.9964306960142773,0.9753245694832419,0.6050965860089463
2008-08-14,1692,1681,1674,-0.12463135184209975,-0.1683210924150242,0.9934988179669031,0.9958358120166567,0.9724985260702816,0.6463047078435479
2008-08-15,1701,1688,1681,-0.03085419436409405,-0.0799870923208025,0.9923574368018813,0.9958530805687204,0.9793028005883966,0.6628243022006666
2008-08-18,1695,1682,1675,-0.09294735750365356,-0.1292949066355036,0.9923303834808259,0.9958382877526754,0.9785012542823768,0.6391087764764937
2008-08-19,1697,1684,1678,-0.12309723774987932,-0.1529221707048125,0.9923394225103123,0.996437054631829,0.9652977161777466,0.6355044208469147
2008-08-20,1695,1681,1674,-0.08117799011427466,-0.07514544074516516,0.991740412979351,0.9958358120166567,0.9740565777285168,0.6972542433252061
2008-08-21,1685,1672,1664,-0.07354604668717908,-0.05368565782351098,0.9922848664688427,0.9952153110047847,0.9750088874340764,0.7147939073466332
2008-08-22,1678,1665,1657,-0.07473112140302651,-0.0614744624080062,0.9922526817640047,0.9951951951951952,0.9799989278511987,0.736336737110262
2008-08-25,1675,1662,1654,-0.08792843831838841,-0.0728369150706322,0.9922388059701492,0.9951865222623345,0.9859318527911826,0.7458077963724121
2008-08-26,1668,1655,1648,-0.03940913941084069,-0.018890726608410187,0.9922062350119905,0.9957703927492447,0.9822988157500864,0.7411039520616295
2008-08-27,1667,1655,1649,-0.021075202436959158,-0.0015050095888438936,0.9928014397120576,0.9963746223564954,0.9722150954922475,0.7498562435818007
2008-08-28,1654,1641,1636,-0.04421634540546164,-0.04226688088508412,0.9921402660217654,0.9969530773918343,0.9766065507607481,0.7475207454074949
2008-08-29,1658,1647,1643,-0.0034295355643052692,0.004674514886010824,0.9933655006031363,0.9975713418336369,0.9719495571137912,0.7465215461178873
2008-09-02,1648,1637,1633,-0.026653768334012073,-0.029649943143382044,0.9933252427184466,0.9975565058032987,0.9772333609267206,0.7720318027957265
2008-09-03,1643,1633,1628,-0.018725605873698755,-0.00680608322371792,0.9939135727328059,0.9969381506429884,0.9780357821321444,0.7774060678437251
2008-09-04,1637,1627,1622,0.023584599500209188,0.04915005274822725,0.9938912645082468,0.9969268592501537,0.9831355645897936,0.7881810237483342
2008-09-05,1633,1623,1617,0.03580534832289847,0.06372412076605352,0.9938763012859767,0.9963031423290203,0.9702674936872395,0.774815325680785
2008-09-08,1633,1624,1618,-0.00469202391161427,0.01108238455410486,0.994488671157379,0.9963054187192119,0.9779693907555063,0.7406989835186384
2008-09-09,1626,1617,1611,0.003840954640286124,0.0046963692360042445,0.9944649446494465,0.9962894248608535,0.9775613213721552,0.7523283067399218
2008-09-10,1619,1612,1605,0.0028014880637958917,0.001952445964615019,0.9956763434218654,0.9956575682382134,0.9747523761502798,0.7325915410719321
2008-09-11,1616,1610,1603,0.002605305280792638,0.01012499964967917,0.9962871287128713,0.9956521739130435,0.9825018645969757,0.6826944733086028
2008-09-12,1609,1604,1597,0.017594622214349938,0.02766608210121646,0.9968924798011187,0.9956359102244389,0.9812078108019383,0.637053995375111
2008-09-15,1610,1605,1597,0.020808317969198777,0.03396148059825842,0.9968944099378882,0.9950155763239875,0.9759498066793616,0.6855425245451229
2008-09-16,1595,1590,1582,0.0616902428957193,0.08013122372598493,0.9968652037617555,0.9949685534591195,0.9868953402934224,0.7232474202873999
2008-09-17,1592,1588,1581,0.10698952239703143,0.1221647905667071,0.9974874371859297,0.9955919395465995,0.9894882749828205,0.7054820563129762
2008-09-18,1598,1594,1587,0.14562415594943998,0.14345458251791765,0.9974968710888611,0.9956085319949812,0.9839953060905355,0.6831308328063234
2008-09-19,1620,1616,1609,0.15331894137154817,0.15379709756979645,0.9975308641975309,0.9956683168316832,0.9848807802283241,0.6474759804692809
2008-09-22,1657,1653,1646,0.1030002549660995,0.10053342833701392,0.9975859987929994,0.9957652752571083,0.9824014491716114,0.6274178627091318
2008-09-23,1705,1700,1694,0.12876625598532676,0.12221411421515584,0.9970674486803519,0.9964705882352941,0.9890663028247372,0.6433384360546232
2008-09-24,1708,1703,1697,0.1538454776834125,0.13561932905132196,0.997072599531616,0.9964768056371109,0.9870955080566582,0.6430970852243593
2008-09-25,1699,1695,1688,0.1529882971088845,0.13610324367566487,0.9976456739258387,0.9958702064896755,0.989369840655415,0.6608266174335913
2008-09-26,1703,1699,1692,0.13100058985124757,0.11754102981813194,0.997651203758074,0.9958799293702177,0.9895850065412699,0.6563638683294448
2008-09-29,1695,1691,1684,0.11052799670805126,0.10484796043048862,0.9976401179941002,0.9958604376108812,0.9888794078443154,0.6608550557391755
2008-09-30,1675,1671,1665,0.11474869717730464,0.0973080006430847,0.9976119402985074,0.9964093357271095,0.9848935517727322,0.6903559745056913
2008-10-01,1690,1686,1679,0.09887296058678965,0.08617264762467264,0.9976331360946745,0.9958481613285883,0.9902454582610376,0.6932494178039986
2008-10-02,1692,1687,1680,0.04380361614557175,0.037974533619904806,0.9970449172576832,0.995850622406639,0.9896623648675262,0.6819938070398653
2008-10-03,1674,1669,1661,0.07748805838225191,0.07578053407334147,0.9970131421744325,0.9952067106051528,0.9833220541237628,0.6931660806568988
2008-10-06,1668,1662,1653,0.07510695453061939,0.06041400465043093,0.9964028776978417,0.9945848375451264,0.9817056793039965,0.6797082165092277
2008-10-07,1641,1635,1626,-0.0033021592784680466,-0.020650988036994927,0.9963436928702011,0.9944954128440368,0.9851104306160372,0.7018720872266475
2008-10-08,1634,1628,1618,0.02582267818090069,0.0036846546482855254,0.996328029375765,0.9938574938574939,0.9888765902409912,0.7098906026620143
2008-10-09,1622,1616,1606,0.08335349522756816,0.06862628118460827,0.9963008631319359,0.9938118811881188,0.9874572003148959,0.7160359529536068
2008-10-10,1601,1595,1586,-0.010174408916570399,-0.032225358010817114,0.9962523422860712,0.9943573667711598,0.9858565215424311,0.7375783139818444
2008-10-13,1601,1596,1587,0.08123112341076578,0.05971046625114643,0.9968769519050593,0.9943609022556391,0.9796723442960678,0.7118610976109833
2008-10-14,1633,1627,1618,0.10940725918097573,0.07897123666772386,0.9963257807715861,0.9944683466502766,0.9775098317712982,0.7446717314224603
2008-10-15,1630,1624,1615,0.05026161542133046,0.0341298280103656,0.996319018404908,0.9944581280788177,0.9802775787604586,0.7421345472205562
2008-10-16,1604,1598,1590,0.005122777569026446,-0.0033782516891075936,0.9962593516209476,0.9949937421777222,0.9742476132095184,0.7573265340187042
2008-10-17,1597,1591,1583,0.03963480536998346,0.03101856755863096,0.9962429555416406,0.9949717159019484,0.9729377952944415,0.7677128202167877
2008-10-20,1567,1563,1555,0.07160770397582716,0.08527811441540271,0.9974473516273133,0.9948816378758797,0.9815779461644883,0.7681915075186734
2008-10-21,1538,1534,1526,0.03871528290439592,0.05898504401806517,0.9973992197659298,0.9947848761408083,0.9801301861989205,0.7528513546962629
2008-10-22,1519,1515,1506,0.00016837497466803028,0.02479114092101965,0.9973666886109283,0.994059405940594,0.9823842426629644,0.7485273268711462
2008-10-23,1508,1504,1494,0.09096944361524142,0.11694817585151986,0.9973474801061007,0.9933510638297872,0.985583976932312,0.7468524025955041
2008-10-24,1497,1493,1483,0.05591638798767519,0.0781114894897647,0.9973279893119572,0.9933020763563295,0.982626220817117,0.7195488135319443
2008-10-27,1490,1486,1476,0.010942934665087885,0.04071687047614202,0.9973154362416108,0.9932705248990579,0.9830066807341856,0.7201374365202503
2008-10-28,1480,1477,1467,0.036822147748240996,0.06903797785266289,0.9979729729729729,0.99322951929587,0.974054491665477,0.7124793894833645
2008-10-29,1480,1478,1468,0.036163424977457705,0.06673812332197607,0.9986486486486487,0.993234100135318,0.9846171812501259,0.7329930264429281
2008-10-30,1486,1482,1473,0.08768218559011355,0.12107930057416004,0.9973082099596231,0.9939271255060729,0.9900701480459617,0.7707660996502804
2008-10-31,1499,1495,1487,0.05948937550536856,0.08814595231058062,0.9973315543695798,0.9946488294314382,0.9890900995021259,0.7726387890949459
2008-11-03,1504,1500,1494,0.06907346950101996,0.0998504102497349,0.9973404255319149,0.996,0.9883383906691279,0.7856085761061693
2008-11-04,1504,1499,1492,0.1441499648567143,0.18342411365166875,0.9966755319148937,0.9953302201467645,0.9916400851499908,0.7887436473981787
2008-11-05,1501,1496,1489,0.21801835882036066,0.24196786392409897,0.9966688874083944,0.9953208556149733,0.9863143002005089,0.7796735686023732
2008-11-06,1488,1482,1475,0.2002560090096044,0.20855496653303818,0.9959677419354839,0.99527665317139,0.9902074149779018,0.7704784519361625
2008-11-07,1462,1455,1449,0.13662181953217908,0.15444125214425147,0.9952120383036935,0.9958762886597938,0.9801122005468361,0.769656920888704
2008-11-10,1454,1447,1440,0.11405362752578407,0.12067231095951207,0.9951856946354883,0.995162404975812,0.9586718802642997,0.7592433113678507
2008-11-11,1426,1419,1411,-0.041639609226589255,-0.025037854709424056,0.9950911640953717,0.9943622269203665,0.9839898869680342,0.7633320279592766
2008-11-12,1404,1396,1388,-0.127633533700864,-0.13190402158293343,0.9943019943019943,0.994269340974212,0.9930833391490305,0.7863443273700136
2008-11-13,1377,1370,1362,-0.05858125896586119,-0.048707984281951215,0.9949164851125636,0.9941605839416059,0.9824838134753948,0.7984187920100106
2008-11-14,1393,1386,1379,-0.09256047722230143,-0.08983477472877532,0.9949748743718593,0.9949494949494949,0.988389605460173,0.793208842534673
2008-11-17,1367,1360,1353,-0.09375261638184207,-0.08955964042276293,0.9948792977322605,0.9948529411764706,0.9800725545911793,0.7952548125543424
2008-11-18,1352,1344,1338,-0.13813810224490602,-0.15314039751233613,0.9940828402366864,0.9955357142857143,0.9879384574273875,0.7924069630703906
2008-11-19,1344,1336,1332,-0.06009667773429052,-0.08597006806476531,0.9940476190476191,0.9970059880239521,0.9874924515895289,0.7947978066852924
2008-11-20,1320,1312,1308,-0.1722015831322587,-0.20422374743682528,0.9939393939393939,0.9969512195121951,0.9794234436145539,0.7998171919462267
2008-11-21,1295,1286,1281,-0.07183248556906689,-0.11680572770334709,0.993050193050193,0.9961119751166407,0.9845360694967595,0.808971601818746
2008-11-24,1296,1287,1283,-0.09817683249260176,-0.12024164972397224,0.9930555555555556,0.9968919968919969,0.9862481828416206,0.796159985924976
2008-11-25,1319,1310,1306,-0.08052511377596039,-0.10136290108477522,0.9931766489764974,0.9969465648854962,0.9645724026053945,0.8056809195550093
2008-11-26,1331,1322,1317,-0.014446444885726188,-0.03296633267468324,0.9932381667918858,0.9962178517397882,0.9810456155243037,0.8046951277022465
2008-11-28,1342,1334,1329,-0.03429394681776407,-0.044775980992487786,0.9940387481371088,0.9962518740629686,0.9792267970136425,0.8024127149189056
2008-12-01,1337,1329,1324,-0.08837314888477979,-0.09391280227152905,0.994016454749439,0.9962377727614747,0.9842425611831042,0.8093867690795271
2008-12-02,1297,1290,1284,-0.11957730928598313,-0.11071031364932789,0.9946029298380878,0.9953488372093023,0.9872026827242042,0.8116897652764448
2008-12-03,1301,1296,1290,-0.24969932171550693,-0.27864631041279864,0.9961568024596464,0.9953703703703703,0.9857226511682856,0.8206825005280168
2008-12-04,1310,1305,1295,-0.3885629396456026,-0.41029144070102336,0.9961832061068703,0.9923371647509579,0.990232046799801,0.8237198317775805
2008-12-05,1307,1303,1293,-0.47037840152798105,-0.4779953630038926,0.9969395562356542,0.9923254029163469,0.9886401464941449,0.813468907687149
2008-12-08,1308,1304,1294,-0.38727467939441496,-0.40133406969096963,0.9969418960244648,0.9923312883435583,0.986143527956366,0.8119574839288404
2008-12-09,1312,1308,1298,-0.3243632941125935,-0.353031614171052,0.9969512195121951,0.9923547400611621,0.9876904296793337,0.8009776916722238
2008-12-10,1315,1312,1302,-0.24092995553328114,-0.2510623532272421,0.9977186311787072,0.9923780487804879,0.9895187254672938,0.7931571932028357
2008-12-11,1326,1323,1313,-0.1248395956455374,-0.15899563545369946,0.997737556561086,0.9924414210128496,0.9921104594339853,0.7896956536733072
2008-12-12,1318,1315,1305,-0.1593601136927012,-0.19967562771099917,0.9977238239757208,0.9923954372623575,0.9809378485345305,0.7622444107539637
2008-12-15,1316,1313,1303,-0.10596631197911728,-0.1272947117966505,0.9977203647416414,0.9923838537699924,0.990290199519867,0.756285761682068
2008-12-16,1302,1299,1290,-0.14307531205335677,-0.13289292926543095,0.9976958525345622,0.9930715935334873,0.992447513972332,0.7571177153408778
2008-12-17,1311,1308,1299,-0.07944677448257725,-0.053465060011425425,0.9977116704805492,0.9931192660550459,0.9911848184289684,0.7566658839910702
2008-12-18,1314,1311,1302,-0.13017271934710936,-0.08301294997903963,0.997716894977169,0.9931350114416476,0.9927619128942097,0.7566927800184172
2008-12-19,1316,1313,1305,-0.18249161265419112,-0.1500064955449632,0.9977203647416414,0.993907083015994,0.9913707772909863,0.7495807257792227
2008-12-22,1320,1316,1308,-0.23143762203795779,-0.21485041936585395,0.996969696969697,0.993920972644377,0.9806882608445328,0.7450632577295798
2008-12-23,1322,1318,1311,-0.2681007013244992,-0.25623543165751156,0.9969742813918305,0.9946889226100152,0.9823362452738784,0.7495652377905703
2008-12-24,1311,1307,1301,-0.29709331364672714,-0.27085497181155593,0.9969488939740656,0.9954093343534812,0.9881933963911022,0.7581395761665686
2008-12-26,1297,1292,1285,-0.32996074081309174,-0.26133232499278786,0.9961449498843485,0.9945820433436533,0.9846623740183637,0.7500653652160423
2008-12-29,1290,1286,1278,-0.3228060702541239,-0.27256345258055514,0.9968992248062015,0.9937791601866252,0.9912914046230022,0.7516546744627987
2008-12-30,1276,1272,1266,-0.30925882034033764,-0.2633250675994642,0.9968652037617555,0.9952830188679245,0.987236875454895,0.7539963601227853
2008-12-31,1285,1281,1276,-0.2787507094913731,-0.23759949321107024,0.9968871595330739,0.9960967993754879,0.988553193767945,0.7743575968698718
2009-01-02,1282,1278,1276,-0.16359318612316293,-0.11212615544078264,0.9968798751950078,0.9984350547730829,0.9898753998536177,0.7351104898104708
2009-01-05,1288,1283,1279,-0.1339917620844944,-0.08619018236995606,0.9961180124223602,0.9968823070927514,0.9911781343432867,0.6647481241155166
2009-01-06,1282,1277,1274,-0.11475915371107183,-0.06377248198209741,0.9960998439937597,0.9976507439310884,0.9849908190931039,0.66538983825362
2009-01-07,1292,1288,1285,-0.14422028539370074,-0.10506946753386813,0.9969040247678018,0.9976708074534162,0.9827047244862428,0.7260537223749245
2009-01-08,1287,1283,1279,-0.11802276537195715,-0.11305373779030706,0.9968919968919969,0.9968823070927514,0.9907941959505072,0.7351798295134315
2009-01-09,1286,1283,1279,-0.1387999356494762,-0.1321079305190014,0.9976671850699844,0.9968823070927514,0.9893025453102676,0.72182658638
2009-01-12,1278,1275,1271,-0.1971526476708894,-0.17674956146046666,0.9976525821596244,0.9968627450980392,0.9768774229457156,0.727651919301226
2009-01-13,1276,1273,1269,-0.1341573663106176,-0.11440333415602065,0.9976489028213166,0.9968578161822467,0.9816179699061541,0.7848342354534319
2009-01-14,1273,1270,1265,-0.12874732938705916,-0.1053806597511131,0.997643362136685,0.9960629921259843,0.982661728119686,0.7994562351556774
2009-01-15,1261,1258,1253,-0.14757979756476358,-0.11846722641940738,0.9976209357652657,0.9960254372019078,0.9846185966858113,0.8096854136860755
2009-01-16,1264,1261,1256,-0.136215089269562,-0.11389834002693751,0.997626582278481,0.9960348929421095,0.9885185631537815,0.7985618079765214
2009-01-20,1259,1256,1252,-0.14484298719910932,-0.12290430640935592,0.9976171564733916,0.9968152866242038,0.9852008983217119,0.8026156222228772
2009-01-21,1248,1244,1240,-0.1339330052985009,-0.11676371050978114,0.9967948717948718,0.9967845659163987,0.9836904462242414,0.8162372392668295
2009-01-22,1250,1246,1242,-0.11853802122839034,-0.09410192631254222,0.9968,0.9967897271268058,0.9840658753212222,0.8129782098137084
2009-01-23,1236,1232,1228,-0.04774099960928233,-0.035483106788408235,0.9967637540453075,0.9967532467532467,0.9882321006534445,0.804364868450249
2009-01-26,1243,1239,1236,-0.04113608354698188,-0.026449009401402573,0.996781979082864,0.9975786924939467,0.9898761531337149,0.805905272537737
2009-01-27,1243,1239,1236,-0.023940444683233905,-0.013242407171130947,0.996781979082864,0.9975786924939467,0.9845968989262441,0.7676472674948116
2009-01-28,1259,1255,1252,-0.023619838930983336,0.000968113468856547,0.9968228752978554,0.9976095617529881,0.9849670995327177,0.7670528031571058
2009-01-29,1267,1263,1261,-0.05301284664318997,-0.013348445684616407,0.9968429360694554,0.9984164687252574,0.9869960079994481,0.7891869875542422
2009-01-30,1263,1260,1257,0.008991525904826372,0.042022523251582074,0.997624703087886,0.9976190476190476,0.9839120616564571,0.768451355641232
2009-02-02,1257,1254,1252,-0.061858481195220055,-0.03750707161922185,0.9976133651551312,0.9984051036682615,0.9812450961977017,0.7410328496299818
2009-02-03,1249,1246,1244,-0.0808105292794543,-0.060724620693066285,0.9975980784627703,0.9983948635634029,0.9852353150412937,0.7400446947777797
2009-02-04,1248,1245,1243,-0.09572079248042804,-0.07448032357563478,0.9975961538461539,0.9983935742971888,0.9828228700381038,0.7410666870975495
2009-02-05,1248,1245,1243,-0.07977872920613926,-0.05160214285292077,0.9975961538461539,0.9983935742971888,0.9859015611365933,0.7048888606549666
2009-02-06,1246,1243,1241,-0.05171837357314718,-0.03428703495461855,0.9975922953451043,0.998390989541432,0.983415282941137,0.7184199311577257
2009-02-09,1249,1246,1245,-0.03882608436768351,-0.02933107790511324,0.9975980784627703,0.9991974317817014,0.989943899319113,0.7253091064021533
2009-02-10,1254,1250,1249,-0.027104414459517043,-0.027737814867278453,0.9968102073365231,0.9992,0.9881918735095505,0.6983811519344982
2009-02-11,1242,1238,1237,-0.012720118709718864,-0.018465580630396973,0.9967793880837359,0.9991922455573505,0.9912819290645134,0.6556342094504078
2009-02-12,1245,1241,1240,-0.0032017749935824512,-0.0084851436473988,0.9967871485943776,0.9991941982272361,0.9898633826468781,0.5874613097468714
2009-02-13,1249,1245,1244,0.001621646013526344,-0.006862607567472946,0.9967974379503602,0.9991967871485944,0.9873648807555371,0.5621270388799129
2009-02-17,1248,1244,1243,-0.0023681999259959796,-0.007803302076761119,0.9967948717948718,0.9991961414790996,0.9904350767746991,0.617214466981001
2009-02-18,1245,1241,1239,0.03656563982438153,0.026841321141286498,0.9967871485943776,0.9983883964544722,0.9876737681309601,0.6175308289012886
2009-02-19,1244,1240,1238,-0.0036823732747334596,-0.015708475263101502,0.9967845659163987,0.9983870967741936,0.983931859373157,0.6216570842088427
2009-02-20,1234,1230,1228,0.014050355933970483,0.021710988322104174,0.9967585089141004,0.9983739837398374,0.9837907887176705,0.5909668862634047
2009-02-23,1224,1220,1218,-0.01843431424205199,-0.026766596856918047,0.9967320261437909,0.9983606557377049,0.9874830207377987,0.5758697182689161
2009-02-24,1227,1223,1221,-0.058384766533356225,-0.05071175678081853,0.9967400162999185,0.9983646770237122,0.9771300985628839,0.5958545678028402
2009-02-25,1235,1231,1228,-0.0625068472989032,-0.05911660617762305,0.9967611336032388,0.9975629569455727,0.9831479921138623,0.6435071852154641
2009-02-26,1233,1229,1226,-0.130289118105504,-0.12166975156068717,0.9967558799675588,0.9975589910496339,0.9816674282620375,0.6271002796457484
2009-02-27,1235,1231,1229,-0.08485686192593381,-0.08279564790490249,0.9967611336032388,0.9983753046303818,0.9811702746320552,0.5701887450150196
2009-03-02,1226,1222,1219,-0.1285119621521942,-0.12572252824584126,0.9967373572593801,0.997545008183306,0.9728953998746072,0.5735692699130845
2009-03-03,1222,1218,1215,-0.12685039667440515,-0.1056655726508901,0.9967266775777414,0.9975369458128078,0.9809999337284004,0.6305907729153418
2009-03-04,1216,1212,1209,-0.13362762887408425,-0.11281762458861372,0.9967105263157895,0.9975247524752475,0.9823103894345191,0.6390825681850496
2009-03-05,1225,1221,1218,-0.1768824641635069,-0.15805273792262223,0.996734693877551,0.9975429975429976,0.982094137530646,0.6458319481707864
2009-03-06,1217,1212,1208,-0.20017219719375648,-0.17483177675741624,0.9958915365653246,0.9966996699669967,0.9789322630000478,0.6838228703149607
2009-03-09,1210,1206,1202,-0.19870177548824033,-0.17895254672970098,0.996694214876033,0.9966832504145937,0.979984108000145,0.636347670132638
2009-03-10,1205,1201,1197,-0.22200252497573633,-0.18527130328263416,0.9966804979253112,0.9966694421315571,0.9754221664461677,0.6512218800747905
2009-03-11,1213,1209,1205,-0.1796549047386972,-0.15718961745497023,0.9967023907666942,0.9966914805624483,0.9783888518634172,0.6677928364450388
2009-03-12,1220,1216,1212,-0.21097757382154086,-0.2068845246258199,0.9967213114754099,0.9967105263157895,0.9608408825084669,0.6457154115365578
2009-03-13,1231,1227,1223,-0.21630950809064195,-0.211303647243605,0.9967506092607636,0.9967400162999185,0.9671076435465608,0.6622004171061345
2009-03-16,1230,1226,1222,-0.23167324849831275,-0.21227114922422932,0.9967479674796748,0.9967373572593801,0.9789646366090557,0.6788321828778043
2009-03-17,1219,1215,1212,-0.22389677308262063,-0.21515726102050772,0.9967186218211649,0.9975308641975309,0.9861112916267119,0.6327493763611398
2009-03-18,1226,1222,1219,-0.22385049042925004,-0.21273828200123787,0.9967373572593801,0.997545008183306,0.9829093124905278,0.625626839653834
2009-03-19,1233,1229,1226,-0.24743141792434603,-0.232953222403046,0.9967558799675588,0.9975589910496339,0.9812256338055767,0.6151648522989085
2009-03-20,1228,1224,1221,-0.19453475809695786,-0.18740735974778522,0.996742671009772,0.9975490196078431,0.9796421195648334,0.5751874979273631
2009-03-23,1226,1220,1216,-0.1691185992644532,-0.16507368938948602,0.9951060358890701,0.9967213114754099,0.9808954101490509,0.6048054241215441
2009-03-24,1233,1227,1224,-0.19852788015472883,-0.18887260546082701,0.9951338199513382,0.9975550122249389,0.9735481298537754,0.5693157991182095
2009-03-25,1229,1223,1220,-0.1666170458605861,-0.15195125659225495,0.9951179820992677,0.9975470155355682,0.9764122751312142,0.5643335712957213
2009-03-26,1226,1220,1217,-0.1926109102318059,-0.1589540349542147,0.9951060358890701,0.9975409836065574,0.9753746857168801,0.5925846793060958
2009-03-27,1234,1228,1226,-0.13830779615819822,-0.091908836477391,0.9951377633711507,0.998371335504886,0.9811070796662211,0.5724979259023543
2009-03-30,1236,1230,1228,-0.16244412205564973,-0.11499536923775051,0.9951456310679612,0.9983739837398374,0.98118984246097,0.604868447469726
2009-03-31,1232,1226,1224,-0.18127607979610905,-0.14440338359382998,0.9951298701298701,0.99836867862969,0.982767408604895,0.6281370230613265
2009-04-01,1234,1227,1225,-0.1678190638447495,-0.12917967839664418,0.9943273905996759,0.9983700081499592,0.9745388341788682,0.6069701764219445
2009-04-02,1237,1230,1229,-0.14802652277401437,-0.10742729706208176,0.994341147938561,0.9991869918699187,0.978564712820548,0.6116681949502103
2009-04-03,1246,1239,1238,-0.1898264906518117,-0.15939790650658442,0.9943820224719101,0.9991928974979822,0.95172113665217,0.5732388733869891
2009-04-06,1259,1252,1251,-0.18775221587018442,-0.16009240505359285,0.9944400317712471,0.9992012779552716,0.9601809515335687,0.5285194705758449
2009-04-07,1254,1247,1246,-0.17803338803130392,-0.133069571384481,0.9944178628389154,0.9991980753809142,0.9695267301975269,0.5653394429567349
2009-04-08,1249,1242,1241,-0.22387774227153862,-0.15983147855772406,0.9943955164131305,0.999194847020934,0.9807927318101747,0.612952033229211
2009-04-09,1254,1247,1246,-0.2078285821085839,-0.14508985831403712,0.9944178628389154,0.9991980753809142,0.9652555350658347,0.6163976287644998
2009-04-13,1264,1257,1256,-0.12907060826622604,-0.07475541489696935,0.9944620253164557,0.9992044550517104,0.9785479210189176,0.6288003065217685
2009-04-14,1267,1260,1259,-0.16818724441391286,-0.12661425216674482,0.994475138121547,0.9992063492063492,0.9789619291159221,0.6182482812986607
2009-04-15,1275,1268,1267,-0.0781279072832058,-0.06613166177181416,0.9945098039215686,0.999211356466877,0.9816340552123667,0.6411708164635396
2009-04-16,1285,1278,1277,-0.10260931063911581,-0.09596706604400163,0.9945525291828794,0.9992175273865415,0.9767135028803179,0.6185815595576508
2009-04-17,1293,1286,1285,-0.0330264972819054,-0.038301576582142935,0.9945862335653519,0.9992223950233281,0.969338282742275,0.6178489199848789
2009-04-20,1296,1291,1291,-0.05497459878143075,-0.03338742678129839,0.996141975308642,1.0,0.9778570785474413,0.6590889370751939
2009-04-21,1284,1279,1279,-0.027751617170861016,-0.003025323068198068,0.9961059190031153,1.0,0.9793626352354579,0.6380496576077267
2009-04-22,1284,1279,1279,-0.034031681283712346,-0.011250840821577858,0.9961059190031153,1.0,0.9552685452495329,0.6449015348052518
2009-04-23,1291,1286,1286,0.0045401087090260975,0.02514164544409448,0.9961270333075135,1.0,0.9667123768608842,0.6700765059829128
2009-04-24,1300,1294,1294,-0.028924186815313183,-0.00752909944861376,0.9953846153846154,1.0,0.967090697145409,0.6636999499822849
2009-04-27,1309,1302,1302,-0.04824837296867847,-0.010892076704672387,0.9946524064171123,1.0,0.9717116874693963,0.6827858078611229
2009-04-28,1303,1296,1296,0.022672839206984437,0.06136703395762769,0.9946277820414429,1.0,0.9766862998084422,0.685637987993093
2009-04-29,1313,1307,1307,0.005056448229939461,0.04483955152633651,0.9954303122619954,1.0,0.9731667957833482,0.6889604800225577
2009-04-30,1324,1319,1319,-0.08212018931356653,-0.024721498277820567,0.9962235649546828,1.0,0.9834591722529954,0.6806905320638285
2009-05-01,1323,1318,1318,-0.04933769505766816,0.00877656224316625,0.9962207105064248,1.0,0.9745436023710041,0.670939938270832
2009-05-04,1335,1330,1330,0.022963818812753816,0.04990438744814238,0.9962546816479401,1.0,0.9789218944092807,0.6850115447957911
2009-05-05,1341,1336,1336,-0.04228901908273634,-0.013078024868468338,0.9962714392244594,1.0,0.9818980233349536,0.7243305798270657
2009-05-06,1350,1345,1345,-0.011488511711297647,0.02656438028848093,0.9962962962962963,1.0,0.9869981197298229,0.7277096005031647
2009-05-07,1364,1359,1359,0.10433889959203524,0.12928917385210387,0.9963343108504399,1.0,0.9854267220372255,0.7355739663586998
2009-05-08,1372,1367,1367,0.17808076315773236,0.17011248701278311,0.9963556851311953,1.0,0.9744838070768423,0.7495761903011648
2009-05-11,1395,1389,1389,0.20073141572885994,0.2108207867327241,0.9956989247311828,1.0,0.9899646540677011,0.7393537884377387
2009-05-12,1400,1394,1394,0.24309107869833546,0.23987757417292277,0.9957142857142857,1.0,0.9884613317276042,0.7528899574581445
2009-05-13,1402,1396,1396,0.2651950842095164,0.2595426239736738,0.9957203994293866,1.0,0.9885524726220907,0.7474582496876193
2009-05-14,1391,1385,1385,0.212886200124948,0.20071406303538353,0.99568655643422,1.0,0.9890510569482274,0.731052631182879
2009-05-15,1397,1391,1390,0.16693508791514325,0.14543027739529907,0.9957050823192556,0.9992810927390366,0.9802597207482993,0.7409731107204552
2009-05-18,1396,1390,1389,0.07676178273475465,0.05228250162021744,0.995702005730659,0.9992805755395684,0.9795822178578288,0.7528764297450689
2009-05-19,1403,1397,1396,0.019327245277924777,-0.02218638088400601,0.9957234497505346,0.9992841803865425,0.9803284490196517,0.7489398247998275
2009-05-20,1409,1403,1402,-0.006797592628348022,-0.06396641236299652,0.9957416607523066,0.9992872416250891,0.9860366919519409,0.7683841931405901
2009-05-21,1412,1407,1405,0.04629492844663511,-0.01396122735324826,0.9964589235127479,0.9985785358919688,0.9827621227787762,0.7780666975139184
2009-05-22,1404,1400,1398,-0.020574727233051072,-0.07532243817760767,0.9971509971509972,0.9985714285714286,0.9885511493280374,0.7806150513271476
2009-05-26,1399,1395,1393,-0.04489102244940445,-0.10686843320361054,0.9971408148677627,0.9985663082437276,0.989978930193916,0.8034325532586104
2009-05-27,1401,1397,1395,-0.032189662006882405,-0.10279799398201675,0.9971448965024983,0.9985683607730852,0.9855676958587358,0.7906653526268046
2009-05-28,1396,1392,1390,0.008386889946631898,-0.051402453382036035,0.997134670487106,0.9985632183908046,0.9857694951059983,0.8082704724292248
2009-05-29,1399,1395,1393,0.01844952151834046,-0.04007162644611626,0.9971408148677627,0.9985663082437276,0.9790881433617508,0.813330203074197
2009-06-01,1394,1390,1388,-0.0660978950176885,-0.1357947477680382,0.9971305595408895,0.9985611510791367,0.977909630506159,0.8353389934621069
2009-06-02,1399,1395,1393,-0.0762712231625962,-0.1414892051127139,0.9971408148677627,0.9985663082437276,0.9825459783674289,0.8305848624157154
2009-06-03,1397,1393,1391,0.0036165906228727614,-0.0784023075300141,0.9971367215461704,0.9985642498205313,0.9846508165484132,0.844818811185346
2009-06-04,1396,1392,1389,-0.01439591461995514,-0.08174675315050738,0.997134670487106,0.9978448275862069,0.9843235447217255,0.8335194277402872
2009-06-05,1396,1392,1389,-0.082475455728825,-0.154004488381833,0.997134670487106,0.9978448275862069,0.9838515523811568,0.8277194811272787
2009-06-08,1385,1382,1379,-0.09127899287421386,-0.1546264672976675,0.9978339350180505,0.9978292329956585,0.9806663984473983,0.8440843922563976
2009-06-09,1377,1374,1371,-0.1696287652652687,-0.22166254937686042,0.9978213507625272,0.9978165938864629,0.9896183226183489,0.8445758675427714
2009-06-10,1367,1364,1361,-0.13505552011854963,-0.19575550175272782,0.9978054133138259,0.9978005865102639,0.9856353728786088,0.839178213488575
2009-06-11,1365,1362,1359,-0.12208495211727283,-0.16759438601684948,0.9978021978021978,0.9977973568281938,0.9829622806882135,0.843885891461306
2009-06-12,1369,1365,1363,-0.06726298854390414,-0.12539974483473834,0.9970781592403214,0.9985347985347985,0.9845234756233154,0.8223041182670074
2009-06-15,1366,1362,1359,-0.03341715984224946,-0.10283936405175846,0.9970717423133236,0.9977973568281938,0.9844058413091015,0.8383259516809877
2009-06-16,1360,1356,1353,0.048407168364668705,-0.0005234081849544539,0.9970588235294118,0.9977876106194691,0.9889806430619017,0.8414208756058549
2009-06-17,1356,1352,1349,0.12447781898985967,0.08477176069413855,0.9970501474926253,0.9977810650887574,0.9917214891239354,0.8299604393196138
2009-06-18,1349,1345,1343,0.20341740927034793,0.17598058602225625,0.9970348406226834,0.9985130111524163,0.9939793340608606,0.8280279192029656
2009-06-19,1349,1345,1342,0.22151830901614825,0.20601317837927402,0.9970348406226834,0.9977695167286246,0.9940465369317003,0.8036155583311932
2009-06-22,1343,1339,1336,0.3499857981298153,0.33935753076805053,0.9970215934475056,0.9977595220313666,0.9917756446134361,0.8058207068136743
2009-06-23,1343,1338,1335,0.31994892305837763,0.3066255458020838,0.996276991809382,0.9977578475336323,0.9894713071742871,0.8119569556634753
2009-06-24,1344,1339,1336,0.2542326166639537,0.26351062969486816,0.9962797619047619,0.9977595220313666,0.9928024366087853,0.812732363460078
2009-06-25,1347,1342,1339,0.2505755191887616,0.2505372113634516,0.9962880475129918,0.9977645305514158,0.9917391628509151,0.8081050639663742
2009-06-26,1350,1346,1342,0.19452494043975252,0.1842931642103019,0.997037037037037,0.9970282317979198,0.9859138360915506,0.7901226088991967
2009-06-29,1349,1345,1341,0.14159532015445064,0.14706249008809266,0.9970348406226834,0.9970260223048327,0.9850769335591428,0.7958623799367563
2009-06-30,1381,1377,1373,0.096788856860699,0.10269682244330756,0.997103548153512,0.9970951343500363,0.9863353743037901,0.7845395359516566
2009-07-01,1374,1370,1367,0.10473638306122778,0.10383933914779585,0.9970887918486172,0.9978102189781022,0.9852000720330439,0.7678624331133532
2009-07-02,1366,1362,1359,0.12382844696721318,0.12916196450588144,0.9970717423133236,0.9977973568281938,0.9868323490931477,0.7826250138480533
2009-07-06,1362,1357,1354,0.21842756650348805,0.2241051487995746,0.9963289280469897,0.997789240972734,0.989048203250471,0.7952825828163516
2009-07-07,1358,1353,1349,0.23025759226596867,0.23186801863465306,0.9963181148748159,0.9970436067997044,0.991646120885803,0.775915762735406
2009-07-08,1346,1340,1336,0.24154241932865786,0.23837430984593241,0.9955423476968797,0.9970149253731343,0.991794633489119,0.7985226476040306
2009-07-09,1338,1332,1328,0.2168031455858975,0.22227007171169047,0.9955156950672646,0.996996996996997,0.9843133498398057,0.772368954174094
2009-07-10,1343,1338,1334,0.2130308730921221,0.21499448527546364,0.996276991809382,0.9970104633781763,0.9884337177445229,0.7738578781888632
2009-07-13,1336,1331,1328,0.23635769453562414,0.23301503553940292,0.9962574850299402,0.9977460555972952,0.988214527400094,0.7898481398327122
2009-07-14,1331,1326,1323,0.18247651088756942,0.1844195038388192,0.9962434259954921,0.997737556561086,0.9863205166352031,0.784722253355929
2009-07-15,1344,1339,1336,0.1566519409111811,0.16047890101319798,0.9962797619047619,0.9977595220313666,0.9849808567531669,0.7843248206245357
2009-07-16,1340,1335,1332,0.1855815075377135,0.17666087791263707,0.996268656716418,0.9977528089887641,0.9857532299282755,0.7723158270182624
2009-07-17,1346,1341,1339,0.10842661064120239,0.09995159451922402,0.9962852897473997,0.9985085756897838,0.9901900885291612,0.782725215509913
2009-07-20,1342,1337,1335,0.056420460169050946,0.04215873796264756,0.996274217585693,0.9985041136873598,0.9889705638274211,0.7718762946629374
2009-07-21,1349,1344,1342,0.08172395899183199,0.07187733549138393,0.9962935507783544,0.9985119047619048,0.9837891610649196,0.7609352607849746
2009-07-22,1338,1333,1331,0.08207378909322577,0.06407599195767967,0.9962630792227205,0.9984996249062266,0.9869126783969233,0.7518756271293645
2009-07-23,1344,1339,1336,0.10037121276546673,0.06493837935719159,0.9962797619047619,0.9977595220313666,0.9871145032531565,0.7153566876272597
2009-07-24,1346,1341,1339,0.11147780654972804,0.08623963742075556,0.9962852897473997,0.9985085756897838,0.9892418593318405,0.7200048658791501
2009-07-27,1358,1352,1350,0.15659377508961717,0.10062011922457383,0.9955817378497791,0.9985207100591716,0.9849646360741465,0.6975624111868393
2009-07-28,1365,1358,1356,0.21602925571734174,0.15203250907565316,0.9948717948717949,0.9985272459499264,0.9874536540265245,0.6921961673695036
2009-07-29,1325,1318,1316,0.26332604108710517,0.18455031864518934,0.9947169811320755,0.9984825493171472,0.9847123330243188,0.6735311978813324
2009-07-30,1327,1321,1319,0.2089345297133088,0.1673618206312424,0.9954785229841748,0.9984859954579863,0.9863854385214201,0.677603710078156
2009-07-31,1328,1324,1322,0.18172047332321978,0.16587029132341705,0.9969879518072289,0.9984894259818731,0.9894350281437395,0.680086316710215
2009-08-03,1340,1336,1334,0.096544353763887,0.07405728678939603,0.9970149253731343,0.9985029940119761,0.9846989076482892,0.6741572143731795
2009-08-04,1349,1346,1344,0.08239720844536365,0.06524541702239219,0.9977761304670126,0.9985141158989599,0.9886884964891091,0.6674753138703948
2009-08-05,1363,1360,1358,0.054074537826058075,0.052025155830658976,0.9977989728539985,0.9985294117647059,0.9859286863355224,0.6711759034308554
2009-08-06,1370,1367,1364,0.11809323344690427,0.08662775465606036,0.9978102189781022,0.9978054133138259,0.9881515736139727,0.6987846635346581
2009-08-07,1381,1378,1374,0.11228973932010804,0.08175069645493964,0.997827661115134,0.9970972423802612,0.9895071322847169,0.7076007549440295
2009-08-10,1392,1389,1385,0.12904647143081058,0.11662523845387306,0.9978448275862069,0.9971202303815695,0.9906566777621589,0.7004829216924614
2009-08-11,1408,1405,1400,0.17293985912541568,0.19048897619699948,0.9978693181818182,0.99644128113879,0.9854113807768232,0.6873909110940891
2009-08-12,1404,1400,1395,0.1785702999753506,0.20224974846976645,0.9971509971509972,0.9964285714285714,0.982514371427146,0.6736107477491486
2009-08-13,1412,1408,1403,0.1286582720989276,0.16358977035609437,0.9971671388101983,0.9964488636363636,0.990122864610594,0.7061126416858693
2009-08-14,1409,1405,1400,0.18540860321936536,0.22074599454970556,0.9971611071682044,0.99644128113879,0.983984437192253,0.7091576848708774
2009-08-17,1408,1404,1399,0.26720688136043474,0.28187741178007075,0.9971590909090909,0.9964387464387464,0.985343140260622,0.7137544833597487
2009-08-18,1403,1399,1393,0.2110056089118593,0.22219711472672454,0.9971489665003563,0.995711222301644,0.9785544033017194,0.7406695601789153
2009-08-19,1406,1402,1397,0.15779799825601212,0.18921404992360502,0.9971550497866287,0.9964336661911555,0.9788004978529976,0.7664762734265271
2009-08-20,1403,1399,1394,0.12734959952499064,0.1614942526635253,0.9971489665003563,0.9964260185847034,0.9856692617317129,0.7910383572498471
2009-08-21,1397,1393,1388,0.1236059771771024,0.15095520552850145,0.9971367215461704,0.9964106245513281,0.9845665392283369,0.8116417364427733
2009-08-24,1391,1388,1383,0.1510437949470963,0.15652915932209868,0.9978432782171099,0.9963976945244957,0.9861021140384536,0.8237369742778037
2009-08-25,1393,1390,1385,0.09847112581462741,0.11428018118926084,0.9978463747307968,0.9964028776978417,0.985518105018152,0.8235891564172249
2009-08-26,1395,1392,1387,0.0501331303840842,0.09586334169588721,0.9978494623655914,0.9964080459770115,0.9859344369961897,0.8169891394088972
2009-08-27,1390,1387,1383,0.0008665755599124243,0.04195173110727562,0.9978417266187051,0.9971160778658976,0.987213882139992,0.8121152129627784
2009-08-28,1385,1382,1377,0.034177153402210586,0.06491924503887964,0.9978339350180505,0.9963820549927641,0.9824728863947817,0.829754947325679
2009-08-31,1378,1375,1368,0.08848766754238487,0.09508130087817313,0.997822931785196,0.9949090909090909,0.9866705517134997,0.8585468871588655
2009-09-01,1367,1364,1357,0.11522379220594824,0.10059408344175864,0.9978054133138259,0.9948680351906158,0.9870538284979964,0.8554387628289135
2009-09-02,1353,1350,1345,0.056175562721010514,0.06369819626453635,0.9977827050997783,0.9962962962962963,0.9864259275276864,0.8371291064806862
2009-09-03,1351,1348,1344,0.03977021632976088,0.04887927666478571,0.997779422649889,0.9970326409495549,0.9881428501757973,0.820502175976478
2009-09-04,1355,1352,1347,0.07724481150018551,0.0812722865307517,0.9977859778597786,0.996301775147929,0.9854376923927016,0.8200835527316858
2009-09-08,1350,1347,1341,0.0938103588874493,0.09955470250742704,0.9977777777777778,0.9955456570155902,0.9844080352233148,0.8184470444909103
2009-09-09,1339,1337,1331,0.04006253636483593,0.058390045819362885,0.9985063480209111,0.9955123410620793,0.9802704938944379,0.8239209775727657
2009-09-10,1345,1343,1337,-0.007296983659531442,0.013858613859548778,0.9985130111524163,0.9955323901712584,0.9913748631172342,0.8098049694147758
2009-09-11,1354,1351,1345,0.024320600758300216,0.02949338394913752,0.9977843426883308,0.9955588452997779,0.9843806252431082,0.8298693068054719
2009-09-14,1355,1352,1346,-0.02281114789980161,-0.009506521160146806,0.9977859778597786,0.9955621301775148,0.9896312138892759,0.8191791226517751
2009-09-15,1353,1350,1344,-0.05176267029205881,-0.013250829718739861,0.9977827050997783,0.9955555555555555,0.9894032392526954,0.7889799865563143
2009-09-16,1347,1344,1338,-0.01807870828021264,0.016198890693970472,0.9977728285077951,0.9955357142857143,0.9867041008995644,0.7988415539179462
2009-09-17,1349,1346,1338,0.015492513942528818,0.033780200127101985,0.9977761304670126,0.9940564635958395,0.9906154258000865,0.7683453257786603
2009-09-18,1363,1360,1352,0.019477419006450163,0.03340308895432394,0.9977989728539985,0.9941176470588236,0.9900496133102743,0.7717234233524153
2009-09-21,1368,1365,1356,0.03525597226309481,0.055402108765089664,0.9978070175438597,0.9934065934065934,0.9902721773009082,0.7461675707898311
2009-09-22,1386,1383,1375,-0.015697749859054352,0.013733656766712538,0.9978354978354979,0.9942154736080984,0.991182161734563,0.7006763145481709
2009-09-23,1385,1382,1374,0.022970612852121087,0.037315412334574805,0.9978339350180505,0.9942112879884226,0.9877999369542584,0.6861865501253867
2009-09-24,1385,1382,1373,0.08077810771706494,0.06562900427002522,0.9978339350180505,0.9934876989869754,0.9894377969810733,0.6763348416302011
2009-09-25,1384,1381,1372,0.05272004977604737,0.04879544556084825,0.9978323699421965,0.9934829833454019,0.9899352065334779,0.6776948065801324
2009-09-28,1387,1384,1377,0.007831543106657563,0.03314800622378769,0.9978370583994232,0.994942196531792,0.9907036173542637,0.6508475562527107
2009-09-29,1391,1388,1380,-0.05839184834252785,-0.009170379143007987,0.9978432782171099,0.9942363112391931,0.9858976857255001,0.6331686443793213
2009-09-30,1391,1388,1379,-0.141984551082766,-0.07245953681535817,0.9978432782171099,0.9935158501440923,0.9791041355150203,0.6527299497386261
2009-10-01,1391,1388,1380,-0.031512885745655105,0.004462551314545709,0.9978432782171099,0.9942363112391931,0.9844778398741147,0.6297534156908532
2009-10-02,1389,1385,1377,-0.03441114590938256,0.00450185174522465,0.9971202303815695,0.9942238267148015,0.9830926243997281,0.6398509418510606
2009-10-05,1390,1385,1377,-0.0692331001228388,-0.019080769705076012,0.9964028776978417,0.9942238267148015,0.9856972948651211,0.6533298301856884
2009-10-06,1399,1394,1386,-0.04913389940866919,-0.010240465548782354,0.9964260185847034,0.994261119081779,0.9866163089004635,0.6961118374562747
2009-10-07,1406,1401,1393,-0.05849783633178181,-0.020159449387355633,0.9964438122332859,0.9942897930049964,0.9834790938636526,0.6812411076917134
2009-10-08,1412,1407,1397,-0.018007203928597976,0.028385451463056068,0.9964589235127479,0.9928926794598436,0.9822767700616725,0.689249772504535
2009-10-09,1416,1411,1400,-0.05935367128805386,-0.018135599631865732,0.9964689265536724,0.9922041105598866,0.9779828878732335,0.672223437937064
2009-10-12,1424,1419,1408,-0.021853616213697538,0.02305728146571394,0.9964887640449438,0.9922480620155039,0.9776074436260915,0.6513638986985879
2009-10-13,1426,1421,1408,0.009622913357275525,0.06037221037439507,0.9964936886395512,0.9908515130190007,0.9762565504367543,0.6035610821677403
2009-10-14,1417,1411,1402,-0.011012064513131636,0.03986121574379124,0.9957657021877205,0.9936215450035436,0.973087718012788,0.6270720628514647
2009-10-15,1409,1404,1395,-0.02121579816664082,0.0563709786823569,0.9964513839602555,0.9935897435897436,0.9788021813003566,0.6405328810595281
2009-10-16,1413,1407,1399,-0.0317492300842328,0.04675881739124337,0.9957537154989384,0.994314143567875,0.9750306811919758,0.6499066528364058
2009-10-19,1413,1408,1399,-0.05989460795534723,0.01452703582176813,0.9964614295824487,0.9936079545454546,0.9636410048907086,0.6205543920067196
2009-10-20,1401,1396,1388,-0.030279092267808942,0.012344585425692273,0.9964311206281228,0.994269340974212,0.9643341434885132,0.6305940626555043
2009-10-21,1402,1397,1389,-0.028975016110938525,0.009676574908900424,0.9964336661911555,0.9942734430923408,0.9703259064520617,0.6562766934021664
2009-10-22,1406,1401,1393,-0.020342574963988103,0.014417505256029748,0.9964438122332859,0.9942897930049964,0.9675316099347303,0.6764070196401024
2009-10-23,1408,1403,1395,0.023004879630509237,0.045747360960394785,0.9964488636363636,0.9942979330007128,0.9684275527974001,0.6631516786096873
2009-10-26,1411,1406,1398,0.02681574487108595,0.030751629655305927,0.9964564138908576,0.9943100995732574,0.969693305883463,0.6870409045531076
2009-10-27,1413,1406,1398,0.013410471143689975,0.024375749846172717,0.9950460014154282,0.9943100995732574,0.9625077182071893,0.6821462190618923
2009-10-28,1420,1413,1406,0.04977109777430725,0.04794462660349562,0.9950704225352113,0.9950460014154282,0.9530642476036099,0.6521962138979475
2009-10-29,1419,1413,1406,0.06709470297712697,0.11059934191327242,0.9957716701902748,0.9950460014154282,0.9734567185026127,0.6489563203739248
2009-10-30,1416,1410,1404,0.01800915360881986,0.04699759667076778,0.9957627118644068,0.9957446808510638,0.9780623727574428,0.6785879235030496
2009-11-02,1413,1407,1401,0.028304161088045215,0.06237167198543878,0.9957537154989384,0.9957356076759062,0.9812610617470953,0.675980669504392
2009-11-03,1421,1415,1409,0.045983398453983367,0.08743667659409741,0.995777621393385,0.9957597173144876,0.9825313804756046,0.6533961064136675
2009-11-04,1428,1423,1419,0.06632860631444845,0.10632501071907947,0.9964985994397759,0.9971890372452565,0.9809432587433121,0.6627495777374637
2009-11-05,1433,1427,1423,0.03882592789466769,0.08279744899766082,0.9958129797627355,0.9971969166082691,0.974343246288457,0.6769485594385185
2009-11-06,1444,1439,1435,0.036320880324748686,0.07521422940945878,0.9965373961218836,0.9972202918693537,0.9801765273176363,0.69779737523002
2009-11-09,1441,1436,1432,0.040809213924529776,0.07338904584759287,0.9965301873698821,0.9972144846796658,0.9677229362641739,0.698698563909002
2009-11-10,1440,1435,1431,0.058731442305106296,0.08050972135508877,0.9965277777777778,0.997212543554007,0.9616368244335997,0.6910545644997345
2009-11-11,1443,1438,1434,0.051023830561046694,0.08080673150299078,0.9965349965349966,0.9972183588317107,0.9782442605124765,0.7030477015959573
2009-11-12,1453,1448,1444,0.04809996301012562,0.08246156524391719,0.9965588437715073,0.9972375690607734,0.9827620653055568,0.7034372192299069
2009-11-13,1445,1439,1435,0.0641767966770336,0.08579665360494851,0.995847750865052,0.9972202918693537,0.9742996739239199,0.7244416907875905
2009-11-16,1446,1440,1435,0.08167683960370024,0.10407716388708715,0.995850622406639,0.9965277777777778,0.9823916494209616,0.7226779396110137
2009-11-17,1449,1443,1438,0.0615164118066558,0.06843809402254336,0.9958592132505176,0.9965349965349966,0.9783631317740655,0.7102518591771467
2009-11-18,1450,1444,1439,0.0894457148689375,0.07884268955769837,0.9958620689655172,0.9965373961218836,0.9745473380133346,0.7126215428623907
2009-11-19,1440,1434,1430,0.059809523091867704,0.03038062676284415,0.9958333333333333,0.99721059972106,0.9752044353944713,0.7225988280706263
2009-11-20,1426,1420,1417,0.05805345242751814,0.010840432349633068,0.9957924263674615,0.997887323943662,0.9737560985225011,0.7233715173553291
2009-11-23,1424,1419,1416,0.05450757897683667,0.0048859854176196245,0.9964887640449438,0.9978858350951374,0.9811227400356727,0.7425318864374149
2009-11-24,1413,1407,1402,0.04086472921301388,-0.027452844609645224,0.9957537154989384,0.9964463397299218,0.9770123554209869,0.7280616356382792
2009-11-25,1411,1405,1398,0.031054568115321535,-0.02378983390159613,0.9957476966690291,0.9950177935943061,0.9739321249332513,0.7207718538606935
2009-11-27,1408,1402,1396,-0.013673927506426403,-0.057413968713497875,0.9957386363636364,0.9957203994293866,0.9794655716585033,0.7361072382154514
2009-11-30,1388,1382,1376,-0.024088441011502586,-0.06243466585600658,0.9956772334293948,0.9956584659913169,0.9761544019571565,0.7438043357269202
2009-12-01,1369,1363,1357,-0.03316639644818799,-0.06530987723521552,0.9956172388604821,0.9955979457079971,0.9776468807002449,0.762358965341246
2009-12-02,1368,1361,1355,-0.02809359757583364,-0.06735637297942361,0.9948830409356725,0.9955914768552535,0.976973390756441,0.7439979634723873
2009-12-03,1368,1362,1356,-0.05390032075687471,-0.10681976409762863,0.9956140350877193,0.9955947136563876,0.9804396918896684,0.7521016780213469
2009-12-04,1362,1356,1348,-0.0744534634749733,-0.13886631012333128,0.9955947136563876,0.9941002949852508,0.9841536494362599,0.7806889092231
2009-12-07,1361,1355,1348,-0.10581994870585569,-0.16071688317271962,0.9955914768552535,0.9948339483394834,0.9793206172153516,0.7951205011712805
2009-12-08,1359,1353,1346,-0.056431647738250525,-0.11047018369659091,0.9955849889624724,0.9948263118994827,0.9822002020405469,0.7859323244643325
2009-12-09,1349,1343,1336,-0.06985801599760667,-0.11333890671674889,0.9955522609340252,0.9947877885331348,0.9832553242236063,0.7744761976938398
2009-12-10,1348,1342,1335,-0.07661557978416234,-0.11556385905815843,0.9955489614243324,0.9947839046199702,0.9874670124242397,0.765635494599664
2009-12-11,1336,1330,1323,-0.05854468750688533,-0.06899455014747034,0.9955089820359282,0.9947368421052631,0.9863138714736143,0.7546607660601663
2009-12-14,1340,1334,1328,-0.07256667830114547,-0.06219285855686352,0.9955223880597015,0.9955022488755623,0.9820044702036244,0.7469581896466492
2009-12-15,1341,1335,1329,-0.07285104580007519,-0.07523997106912342,0.9955257270693513,0.9955056179775281,0.9875462305726731,0.7438549799229263
2009-12-16,1343,1338,1332,-0.03205724187459315,-0.024356536877229044,0.996276991809382,0.9955156950672646,0.9834570157754886,0.7443649083527979
2009-12-17,1340,1335,1329,-0.049210343951555886,-0.05474170481549406,0.996268656716418,0.9955056179775281,0.9862923682899007,0.7407057211193891
2009-12-18,1347,1342,1336,-0.023393001464765906,-0.015042252523182132,0.9962880475129918,0.9955290611028316,0.9895474370966119,0.735744833839307
2009-12-21,1349,1343,1337,0.012828443121011397,0.017258410253358576,0.9955522609340252,0.9955323901712584,0.9818527877712816,0.7266065406945561
2009-12-22,1381,1376,1372,0.042118202300152584,0.05063662953407723,0.99637943519189,0.997093023255814,0.9751283194222724,0.7218677895729826
2009-12-23,1392,1386,1382,0.05730578996160383,0.06295825673389811,0.9956896551724138,0.9971139971139971,0.981939307626769,0.7341181958693238
2009-12-24,1391,1385,1381,0.03621773337595225,0.0521902514885822,0.99568655643422,0.9971119133574007,0.986813918684102,0.734577483456736
2009-12-28,1394,1388,1384,0.018520203764752656,0.01665458438669461,0.9956958393113343,0.9971181556195965,0.9844000933142409,0.714388522377025
2009-12-29,1382,1376,1371,0.016787510858012257,0.032641517508334265,0.9956584659913169,0.9963662790697675,0.986376893501111,0.7043421100252915
2009-12-30,1385,1379,1374,0.04892559859094644,0.07904360711469742,0.9956678700361011,0.9963741841914431,0.9899581252706087,0.7099821372737757
2009-12-31,1372,1366,1360,0.031938067771798,0.05904965155722307,0.9956268221574344,0.9956076134699854,0.9857689623868223,0.6906301325392701
2010-01-04,1358,1352,1348,0.018105373911028434,0.0495171553364631,0.9955817378497791,0.9970414201183432,0.984356274178441,0.6786357341877732
2010-01-05,1353,1347,1343,0.017505886050874386,0.07805884219597398,0.9955654101995566,0.9970304380103935,0.9793680658858144,0.683130156652506
2010-01-06,1352,1346,1342,0.06776366529109519,0.14687040843481575,0.9955621301775148,0.9970282317979198,0.9805866572914165,0.6466519553537029
2010-01-07,1355,1349,1345,0.06622374456800534,0.13966680745609228,0.9955719557195571,0.9970348406226834,0.9828194435261717,0.6302263451139192
2010-01-08,1372,1366,1361,0.06485484724006735,0.12375664472432837,0.9956268221574344,0.9963396778916545,0.9818780346991978,0.6361988033163214
2010-01-11,1375,1369,1363,0.05087306928646167,0.10401782780711434,0.9956363636363637,0.9956172388604821,0.9823957920657856,0.6209306531172821
2010-01-12,1380,1375,1369,0.010731717198965145,0.052626714825217615,0.9963768115942029,0.9956363636363637,0.9802283596102326,0.6406144991462533
2010-01-13,1375,1370,1364,-0.012731359190076723,0.024573258847748115,0.9963636363636363,0.9956204379562044,0.9799776253467684,0.6803433603916584
2010-01-14,1385,1380,1374,-0.036142999958651334,-0.015457033753957877,0.9963898916967509,0.9956521739130435,0.9816343279094428,0.7021407711705988
2010-01-15,1391,1386,1380,-0.012778312089559382,-0.018814010408898366,0.9964054636951833,0.9956709956709957,0.9830698295355296,0.7031910743736643
2010-01-19,1384,1379,1372,-0.037506004726225346,-0.03105799757394233,0.9963872832369942,0.9949238578680203,0.9757304481796707,0.7029902891817826
2010-01-20,1387,1383,1377,-0.03515537164979671,-0.04243368786479799,0.9971160778658976,0.9956616052060737,0.97986325400004,0.6884300040712227
2010-01-21,1388,1384,1378,-0.07128006959407748,-0.07145409594465076,0.9971181556195965,0.9956647398843931,0.970376289753301,0.7180504361671467
2010-01-22,1360,1356,1350,-0.08000578891209886,-0.0723350691062718,0.9970588235294118,0.995575221238938,0.9810019540941712,0.7255145891418555
2010-01-25,1361,1357,1350,-0.04576398037988352,-0.04276261453214645,0.997060984570169,0.9948415622697127,0.9865613884036236,0.726117575621125
2010-01-26,1367,1363,1356,-0.024469368129819306,-0.0380955105942762,0.9970738844184345,0.9948642699926632,0.9832897358719958,0.7084437214489343
2010-01-27,1371,1367,1362,-0.0206525360009714,-0.04771164797274692,0.9970824215900802,0.9963423555230432,0.9762752766847625,0.7191715679718043
2010-01-28,1389,1385,1380,-0.05217572322948441,-0.06335239347563656,0.9971202303815695,0.9963898916967509,0.9795813951658465,0.74488165580365
2010-01-29,1394,1390,1385,-0.07776775857199242,-0.11164107033663179,0.9971305595408895,0.9964028776978417,0.9771259975268898,0.7490875029146676
2010-02-01,1390,1386,1379,-0.054112702968850915,-0.07056278692553745,0.9971223021582734,0.9949494949494949,0.985671796756103,0.7426107452613075
2010-02-02,1417,1412,1405,-0.020731173395531873,-0.03704562689391311,0.9964714184897672,0.9950424929178471,0.9829984994276435,0.7488667653924774
2010-02-03,1420,1415,1408,-0.04340842203285129,-0.05414738223017618,0.9964788732394366,0.995053003533569,0.9787429124683166,0.7549012819288785
2010-02-04,1421,1416,1410,-0.06683300676291305,-0.10479679545903858,0.9964813511611541,0.9957627118644068,0.9808860228736065,0.7347778820731999
2010-02-05,1400,1395,1389,-0.0697831549382141,-0.10182060363124841,0.9964285714285714,0.9956989247311828,0.9861961716032184,0.7166137450922052
2010-02-08,1396,1391,1386,-0.07857447206522805,-0.09320130579425893,0.9964183381088825,0.9964054636951833,0.9837390701878883,0.7034176911038051
2010-02-09,1392,1387,1382,-0.08033666329495097,-0.09070041816409119,0.9964080459770115,0.996395097332372,0.983422639869914,0.6788183242544036
2010-02-10,1402,1397,1391,-0.0875591355551179,-0.09306279461420583,0.9964336661911555,0.9957050823192556,0.9883235222054061,0.7064084438190675
2010-02-11,1401,1396,1389,-0.0867773966771542,-0.08589473371228638,0.9964311206281228,0.9949856733524355,0.9864293944995005,0.7107238219000794
2010-02-12,1405,1400,1393,-0.08180717475658253,-0.0724842523321884,0.99644128113879,0.995,0.9858634973331002,0.7072976893564219
2010-02-16,1405,1399,1391,-0.09797041590761557,-0.08284405669148213,0.995729537366548,0.9942816297355254,0.9872066306370991,0.707495905492559
2010-02-17,1409,1403,1394,-0.09646535684223817,-0.10024940403277217,0.9957416607523066,0.9935851746258019,0.9842024827160006,0.7022965425072256
2010-02-18,1408,1402,1393,-0.11513261655484813,-0.12189482531498978,0.9957386363636364,0.9935805991440799,0.9862203136418214,0.7263109104672183
2010-02-19,1401,1395,1387,-0.08351825927834114,-0.09662283262968094,0.9957173447537473,0.9942652329749104,0.9826231564680635,0.7239539951245425
2010-02-22,1402,1396,1388,-0.13483208013019105,-0.15572489781726231,0.9957203994293866,0.994269340974212,0.9833450134685257,0.7329930130017963
2010-02-23,1400,1394,1386,-0.1466124695143274,-0.18957093945576475,0.9957142857142857,0.994261119081779,0.9856668744989786,0.7341553769215117
2010-02-24,1391,1385,1377,-0.16236531677786406,-0.1905522607778499,0.99568655643422,0.9942238267148015,0.9862017712684695,0.7135564045132435
2010-02-25,1399,1393,1385,-0.14762513391630855,-0.19321588173031182,0.995711222301644,0.994256999282125,0.9827343226283691,0.698196267401332
2010-02-26,1401,1395,1388,-0.16044876257425317,-0.19229719531926348,0.9957173447537473,0.9949820788530466,0.9830524424668935,0.7099992058092646
2010-03-01,1395,1389,1384,-0.13252778763664108,-0.1466180170626991,0.9956989247311828,0.9964002879769619,0.987271099564742,0.7064185414270236
2010-03-02,1400,1395,1390,-0.13610337955503163,-0.15085657782829331,0.9964285714285714,0.996415770609319,0.9876682877227375,0.6868642056330659
2010-03-03,1400,1395,1390,-0.12872769581398033,-0.14750477675040263,0.9964285714285714,0.996415770609319,0.979812902635148,0.68512617346581
2010-03-04,1409,1404,1399,-0.09959302312999502,-0.134485125356686,0.9964513839602555,0.9964387464387464,0.98011749088387,0.6889821846366988
2010-03-05,1411,1405,1400,-0.15117559024715257,-0.17166618816788018,0.9957476966690291,0.99644128113879,0.9824287399251045,0.6987232927434582
2010-03-08,1418,1412,1408,-0.14914635116171865,-0.14712084303258585,0.995768688293371,0.9971671388101983,0.9810297992311906,0.6930747743871726
2010-03-09,1428,1422,1417,-0.15001280665602965,-0.1584136976748882,0.9957983193277311,0.9964838255977496,0.9841882290182135,0.7041229280222147
2010-03-10,1423,1417,1413,-0.15446458758435513,-0.1316819109575045,0.9957835558678847,0.9971771347918137,0.9821637863524195,0.716116068612056
2010-03-11,1427,1420,1416,-0.17958099645466896,-0.14505560923579208,0.9950946040644709,0.9971830985915493,0.981729413618618,0.717708884875032
2010-03-12,1437,1430,1426,-0.17798298327313922,-0.14519539722823332,0.9951287404314544,0.9972027972027973,0.9841070168470804,0.6827277335517576
2010-03-15,1434,1428,1425,-0.20310083548663097,-0.1586249453629188,0.99581589958159,0.9978991596638656,0.9865115639770785,0.6745251115457663
2010-03-16,1437,1431,1428,-0.2376059055594763,-0.20232715790605155,0.9958246346555324,0.9979035639412998,0.9846501209369397,0.6769765356589135
2010-03-17,1439,1433,1430,-0.24682033963338892,-0.2048119038361589,0.9958304378040306,0.9979064898813678,0.9859778121434474,0.6838902526755188
2010-03-18,1441,1435,1432,-0.20641631841265473,-0.18110180833802855,0.9958362248438585,0.9979094076655052,0.9835656545676535,0.6623545263995995
2010-03-19,1444,1438,1434,-0.2325289683831029,-0.20271399909387947,0.9958448753462604,0.9972183588317107,0.9848985202052316,0.6434332086629351
2010-03-22,1438,1432,1428,-0.2198678868481317,-0.19603814226522273,0.9958275382475661,0.9972067039106145,0.9847396265473001,0.6435552318594567
2010-03-23,1457,1451,1447,-0.2101812364664152,-0.1758444332026444,0.9958819492107069,0.9972432804962095,0.9837409206686045,0.6422877394836476
2010-03-24,1466,1460,1456,-0.20133821879935127,-0.16914905280244308,0.9959072305593452,0.9972602739726028,0.9848300940568017,0.6466985532374032
2010-03-25,1464,1458,1452,-0.23671746170552607,-0.21123758133735104,0.9959016393442623,0.9958847736625515,0.9830795305955348,0.6469446041352133
2010-03-26,1466,1460,1454,-0.23190734775631955,-0.2135037257485688,0.9959072305593452,0.9958904109589041,0.9832960788399105,0.6449031419466256
2010-03-29,1465,1459,1453,-0.16202119709132226,-0.15860136376768524,0.9959044368600682,0.995887594242632,0.9813715289325228,0.6362011068909873
2010-03-30,1461,1455,1449,-0.1722623631133401,-0.14480532819620182,0.9958932238193019,0.9958762886597938,0.9779121717080852,0.637427987959127
2010-03-31,1455,1448,1441,-0.2019101537788623,-0.15008385380522785,0.9951890034364261,0.9951657458563536,0.980358761890988,0.6612528556023141
2010-04-01,1450,1444,1435,-0.13323079275211683,-0.08684871122454282,0.9958620689655172,0.9937673130193906,0.9798333705310147,0.6612481017098188
2010-04-05,1451,1445,1437,-0.1396850998321029,-0.09964395895666704,0.9958649207443143,0.9944636678200692,0.9802728718061492,0.6722899813667331
2010-04-06,1452,1446,1439,-0.09427164493212249,-0.060473471796819715,0.9958677685950413,0.9951590594744122,0.9839602325322645,0.6727375120145805
2010-04-07,1445,1439,1432,-0.05657088132917662,-0.032414087146051915,0.995847750865052,0.995135510771369,0.9837606754512571,0.662134190120446
2010-04-08,1445,1440,1434,-0.008425106663101032,0.00029926006805179925,0.9965397923875432,0.9958333333333333,0.9851368788293302,0.6576883719241255
2010-04-09,1445,1440,1434,0.044931517132517765,0.04564595951143147,0.9965397923875432,0.9958333333333333,0.9778121804347524,0.6660713883641024
2010-04-12,1442,1437,1432,0.019200082634552692,0.019664617961026934,0.9965325936199723,0.9965205288796103,0.9855419250879789,0.6682948362838365
2010-04-13,1444,1439,1434,0.0006943185243220788,0.003922248621883634,0.9965373961218836,0.9965253648366922,0.9865862575082406,0.6637412483055392
2010-04-14,1438,1433,1428,0.016233092317055303,0.0220997553324794,0.9965229485396384,0.9965108164689462,0.9828007946658887,0.6684211347243705
2010-04-15,1441,1437,1433,0.03252309826008263,0.04746999082769081,0.9972241498959056,0.9972164231036882,0.9789928600559407,0.6337867129078872
2010-04-16,1446,1442,1438,0.015898537083545234,0.04494636777979447,0.9972337482710927,0.9972260748959778,0.9802704778310714,0.646771099944
2010-04-19,1445,1440,1435,0.02967573112224002,0.05440435929716145,0.9965397923875432,0.9965277777777778,0.9782518050682055,0.6440026505323088
2010-04-20,1454,1448,1442,0.056514365460967164,0.09056918232046077,0.9958734525447043,0.9958563535911602,0.978048796191517,0.6335016046182047
2010-04-21,1447,1441,1435,0.11530200136512418,0.14369571320266353,0.9958534899792675,0.9958362248438585,0.9809462476362301,0.6187585978811848
2010-04-22,1448,1442,1437,0.14224571415552711,0.15467046539541476,0.9958563535911602,0.9965325936199723,0.9753074590882741,0.6094673813304324
2010-04-23,1451,1445,1440,0.12010470731780114,0.1339622077364042,0.9958649207443143,0.9965397923875432,0.9739361620165735,0.5932350623649629
2010-04-26,1463,1457,1451,0.12233620193693079,0.15908206504137531,0.9958988380041012,0.9958819492107069,0.982713079654535,0.6267877355025592
2010-04-27,1468,1462,1456,0.11774304953079176,0.1415062656000468,0.9959128065395095,0.9958960328317373,0.9828824663632456,0.607182965789837
2010-04-28,1468,1462,1456,0.10835872698007773,0.12976217755173244,0.9959128065395095,0.9958960328317373,0.9822498888853489,0.6131447166955849
2010-04-29,1483,1477,1472,0.10569803897723994,0.11983071442378139,0.9959541469993257,0.996614759647935,0.9792486470986131,0.5941090059862142
2010-04-30,1486,1480,1476,0.10551851295140083,0.11418101766939662,0.9959623149394348,0.9972972972972973,0.9753533369657272,0.6046450721693865
2010-05-03,1495,1490,1487,0.1462320959064133,0.14616593787499016,0.9966555183946488,0.9979865771812081,0.983191782545115,0.5982341148947734
2010-05-04,1511,1506,1502,0.13645047487833334,0.10952270863750072,0.9966909331568498,0.99734395750332,0.9813435326872662,0.6219183104521204
2010-05-05,1512,1507,1502,0.0853886205544138,0.05105399300657856,0.9966931216931217,0.9966821499668215,0.9847862001279053,0.6376520803369979
2010-05-06,1519,1514,1509,0.08550971696211847,0.06060875074879653,0.9967083607636603,0.9966974900924703,0.9835864488735868,0.6384729980367329
2010-05-07,1519,1514,1508,0.08653719063241648,0.0713030608738166,0.9967083607636603,0.9960369881109643,0.9850150752386455,0.6317417941829461
2010-05-10,1525,1520,1513,0.09606632364418673,0.091358617076722,0.9967213114754099,0.9953947368421052,0.981378017260401,0.6230267136756512
2010-05-11,1553,1548,1541,0.07977465289620299,0.057910652385916084,0.9967804249839022,0.9954780361757106,0.9832756130851472,0.6392498625437255
2010-05-12,1563,1557,1549,0.05131044773469207,0.029394695349111554,0.9961612284069098,0.9948619139370585,0.9786711837538984,0.6577778552932206
2010-05-13,1564,1558,1550,0.02114702371695039,0.016934085125798273,0.9961636828644501,0.9948652118100129,0.9861900503608093,0.6751847568889537
2010-05-14,1565,1559,1553,0.025996968480647094,0.020840635355442155,0.9961661341853035,0.9961513790891597,0.9851688432722248,0.6848462017514092
2010-05-17,1564,1559,1554,-0.03363458375488474,-0.035765564927875054,0.9968030690537084,0.9967928159076331,0.986111006615571,0.6720056816376168
2010-05-18,1561,1555,1550,-0.022019312991559827,-0.033162435742815,0.9961563100576554,0.9967845659163987,0.9851260078296128,0.6787834714942074
2010-05-19,1566,1560,1555,-0.04773788955738721,-0.06170383251364251,0.9961685823754789,0.9967948717948718,0.9809933144075236,0.6648535400469483
2010-05-20,1563,1557,1551,-0.06046532715596594,-0.07581524798037331,0.9961612284069098,0.9961464354527938,0.9809774285151246,0.6967583965614197
2010-05-21,1547,1541,1536,-0.0884105206796034,-0.11429032891711295,0.9961215255332903,0.9967553536664504,0.9881009173549253,0.6953902273176291
2010-05-24,1559,1552,1547,-0.08437168072872568,-0.11459296324435254,0.9955099422706863,0.9967783505154639,0.9806785391907379,0.7095114886040946
2010-05-25,1564,1556,1551,-0.10182737770073229,-0.13807837804632517,0.9948849104859335,0.9967866323907455,0.9836153559341441,0.7108726108764345
2010-05-26,1554,1546,1542,-0.10197568443786618,-0.13225097812114683,0.9948519948519948,0.9974126778783958,0.9808935086477362,0.72952595964831
2010-05-27,1553,1545,1541,-0.09075044278139953,-0.10432159214823461,0.9948486799742434,0.997411003236246,0.975803036208411,0.7488414765821039
2010-05-28,1568,1560,1556,-0.08059577775579867,-0.10110805548968586,0.9948979591836735,0.9974358974358974,0.9728298396048173,0.7684167057699266
2010-06-01,1564,1556,1552,-0.06993732557185078,-0.09267388655085369,0.9948849104859335,0.9974293059125964,0.9798843516903026,0.786019800257869
2010-06-02,1542,1534,1531,-0.07933304653004321,-0.0976161964496734,0.9948119325551232,0.9980443285528031,0.9844015104416756,0.7665378765977813
2010-06-03,1548,1540,1537,-0.05022301625218142,-0.07583656364191303,0.9948320413436692,0.9980519480519481,0.9813297022921059,0.7597967146385691
2010-06-04,1548,1540,1536,-0.061177292139407244,-0.08834848903485999,0.9948320413436692,0.9974025974025974,0.9805629148953274,0.7558327005020911
2010-06-07,1534,1526,1522,-0.06944248191763648,-0.10184194035599746,0.9947848761408083,0.9973787680209698,0.9812806957455156,0.7558431331218264
2010-06-08,1508,1500,1496,-0.05474609883277252,-0.07796249949866645,0.9946949602122016,0.9973333333333333,0.9799328130599858,0.7406587662337134
2010-06-09,1490,1482,1479,-0.04142345924201068,-0.07668497464299036,0.9946308724832215,0.9979757085020243,0.9838581877924233,0.7424209134581866
2010-06-10,1482,1474,1470,-0.016545886686445698,-0.05157997402271654,0.9946018893387314,0.9972862957937585,0.9832528613239235,0.7308102903521967
2010-06-11,1488,1481,1477,-0.021484725488244823,-0.05577654691987374,0.9952956989247311,0.9972991222147198,0.9802654772042805,0.719108341209652
2010-06-14,1487,1480,1476,0.02037920933743342,-0.02461388527911648,0.9952925353059852,0.9972972972972973,0.9851176636460788,0.7081644419340251
2010-06-15,1480,1474,1467,0.003673043480845082,-0.039941487100910604,0.995945945945946,0.9952510176390773,0.9867519820094605,0.7009466744065881
2010-06-16,1475,1469,1462,-0.01247090599096593,-0.051048275152026486,0.9959322033898305,0.9952348536419333,0.9875556630916102,0.6790750008798515
2010-06-17,1472,1466,1460,-0.032369504126196415,-0.06349413672842047,0.9959239130434783,0.9959072305593452,0.9873871030814491,0.6722950653868287
2010-06-18,1467,1461,1455,-0.05861577970978997,-0.09261934941078148,0.9959100204498977,0.9958932238193019,0.9901127042086445,0.6726952404168769
2010-06-21,1452,1447,1440,-0.05058332134989328,-0.0801962232492075,0.9965564738292011,0.995162404975812,0.9873021580601011,0.6662414119971996
2010-06-22,1439,1435,1428,-0.04879793117762539,-0.08248014898469579,0.9972202918693537,0.9951219512195122,0.9913255533674868,0.6560261895425672
2010-06-23,1430,1426,1419,-0.030891454097366995,-0.07992312333793375,0.9972027972027973,0.9950911640953717,0.9928907557464539,0.6455945832697552
2010-06-24,1428,1424,1416,-0.016067813077489817,-0.04577693439154578,0.9971988795518207,0.9943820224719101,0.9898604718307271,0.6340952187981649
2010-06-25,1429,1425,1417,-0.01242434211719158,-0.026329754600994147,0.9972008397480756,0.9943859649122807,0.9848379556086482,0.6451047929415201
2010-06-28,1417,1413,1405,-0.025420648789071652,-0.04727060398534462,0.9971771347918137,0.9943382873319179,0.9826471002518868,0.6538294752460029
2010-06-29,1448,1442,1434,-0.01821070644474639,-0.04299389313273767,0.9958563535911602,0.9944521497919556,0.9833439038204302,0.6723989037312068
2010-06-30,1436,1430,1420,-0.012059415597426236,-0.029421046635157204,0.9958217270194986,0.993006993006993,0.9765702736204797,0.662231551336402
2010-07-01,1432,1426,1417,-0.039376954590022085,-0.05116487897069169,0.9958100558659218,0.9936886395511921,0.9809847097472973,0.6781916397143903
2010-07-02,1430,1424,1413,-0.06376723427645135,-0.07177559579712248,0.9958041958041958,0.9922752808988764,0.9773167541792752,0.6719817404685486
2010-07-06,1431,1424,1413,-0.019578163311132425,-0.020261503346962154,0.9951083158630328,0.9922752808988764,0.985659486767662,0.6690159949460232
2010-07-07,1421,1414,1403,-0.026181643884558663,-0.021399197779442686,0.9950738916256158,0.9922206506364922,0.9838110409607533,0.642404237373821
2010-07-08,1430,1423,1413,-0.041605319948567906,-0.04472781450080866,0.9951048951048951,0.9929725931131412,0.9821726287145638,0.6517889688089814
2010-07-09,1432,1425,1413,-0.05111632535016569,-0.043291876971286114,0.9951117318435754,0.991578947368421,0.985289813708878,0.6443476476154321
2010-07-12,1436,1429,1417,-0.04442964215940161,-0.0235982735045697,0.995125348189415,0.9916025192442267,0.9852276326221101,0.6646312878095791
2010-07-13,1429,1422,1412,-0.058179860010253166,-0.06826126357840252,0.9951014695591323,0.9929676511954993,0.9835941129009684,0.6564165220435046
2010-07-14,1430,1423,1413,-0.051018252882198786,-0.06041012662229448,0.9951048951048951,0.9929725931131412,0.9767573152613958,0.6697685700423307
2010-07-15,1435,1427,1417,-0.010330047773371246,-0.020076305290466515,0.9944250871080139,0.9929922915206727,0.9821619604371644,0.6815443088376753
2010-07-16,1426,1418,1408,-0.03263763696828309,-0.03674817953727255,0.9943899018232819,0.9929478138222849,0.9831827443610758,0.6985103873273726
2010-07-19,1420,1412,1403,-0.025189393007800858,-0.028802088220310586,0.9943661971830986,0.9936260623229461,0.9806423198534061,0.6909828515548442
2010-07-20,1429,1421,1412,-0.037315811305924367,-0.019680942934787303,0.9944016794961511,0.9936664320900774,0.9788185411583509,0.6876575615364855
2010-07-21,1420,1412,1403,-0.03202015804468847,-0.02187942782684229,0.9943661971830986,0.9936260623229461,0.9792527912975969,0.6855166232265466
2010-07-22,1415,1407,1398,-0.025071789304186576,-0.01350369884199776,0.9943462897526502,0.9936034115138592,0.9800018566710426,0.6862378201900199
2010-07-23,1415,1407,1398,-0.00045788225554535767,-0.004700562776160457,0.9943462897526502,0.9936034115138592,0.9826976685083315,0.6974131226686363
2010-07-26,1426,1418,1410,-0.00477650926597235,-0.007297309876462464,0.9943899018232819,0.9943582510578279,0.9790665036423749,0.7038118967140767
2010-07-27,1441,1433,1425,0.011643660550853124,0.010066837634768074,0.9944482997918113,0.994417306350314,0.9835746577961186,0.716152268316622
2010-07-28,1385,1379,1374,-0.0077802724795810975,-0.012906873240430232,0.9956678700361011,0.9963741841914431,0.9801297081133515,0.6960132059487506
2010-07-29,1392,1387,1381,0.013021493011639499,0.010660521054246173,0.9964080459770115,0.9956741167988464,0.9750310699624314,0.6917828503848602
2010-07-30,1385,1381,1377,0.006427942346764932,0.02484352379656047,0.9971119133574007,0.997103548153512,0.9841601996697168,0.686571883638062
2010-08-02,1384,1380,1374,0.05943310813399114,0.0680959362884322,0.9971098265895953,0.9956521739130435,0.9861818296089524,0.6926570545279215
2010-08-03,1383,1379,1372,0.062277364056384274,0.07505397650003438,0.9971077368040492,0.9949238578680203,0.9766559853726675,0.6804423179109301
2010-08-04,1392,1387,1380,0.06845628671132369,0.09749211077136127,0.9964080459770115,0.9949531362653208,0.977632742922531,0.6892300841325919
2010-08-05,1380,1375,1372,0.03672410847120512,0.05580109161582269,0.9963768115942029,0.9978181818181818,0.9848920019089488,0.6855414229689785
2010-08-06,1381,1377,1374,0.023494471044406617,0.06127291405420767,0.997103548153512,0.9978213507625272,0.9830281749623558,0.6596804279209912
2010-08-09,1381,1377,1374,0.05737658329288427,0.07750775215427573,0.997103548153512,0.9978213507625272,0.9835952054984819,0.6554978897719237
2010-08-10,1389,1384,1381,0.04779022864699079,0.059453774707057296,0.9964002879769619,0.9978323699421965,0.9827112100325853,0.6425219978457184
2010-08-11,1395,1391,1388,0.022525460311341602,0.029970524573168966,0.9971326164874552,0.9978432782171099,0.9839819733291585,0.6264107013963309
2010-08-12,1386,1382,1379,0.00043825626762709403,-0.0001454353228087621,0.9971139971139971,0.9978292329956585,0.9820335706160173,0.6049581990273162
2010-08-13,1393,1389,1386,-0.028802716877771875,-0.02218615986220798,0.9971284996410624,0.9978401727861771,0.9849091584546159,0.6042112301350582
2010-08-16,1389,1385,1381,-0.04445515193111702,-0.031543546125102594,0.9971202303815695,0.9971119133574007,0.9781281811376662,0.6208926585352752
2010-08-17,1385,1381,1377,-0.02150056837337988,-0.014039136598373097,0.9971119133574007,0.997103548153512,0.9816263497228288,0.652147256723315
2010-08-18,1387,1382,1376,0.019383529730141066,0.01962802212733816,0.996395097332372,0.9956584659913169,0.9752100293616952,0.6457130719029457
2010-08-19,1390,1385,1379,0.0008926249107562418,0.004697750374284853,0.9964028776978417,0.9956678700361011,0.9733477130220635,0.6577348631030834
2010-08-20,1386,1381,1375,-0.041882242988962946,-0.057797861831476116,0.9963924963924964,0.9956553222302679,0.9769435113746884,0.6747557070063451
2010-08-23,1378,1373,1367,-0.02546240333983096,-0.03673672214737695,0.9963715529753265,0.9956300072833212,0.9816394487616512,0.6927849315015369
2010-08-24,1368,1363,1357,-0.05940835684800399,-0.07506424000052482,0.9963450292397661,0.9955979457079971,0.9762490773842303,0.6856010657859827
2010-08-25,1359,1354,1349,-0.06821611841605059,-0.10552194699423216,0.9963208241353937,0.9963072378138847,0.9804008092808468,0.7082462787099011
2010-08-26,1354,1350,1345,-0.0807349974887452,-0.12188112789098368,0.9970457902511078,0.9962962962962963,0.9774641971932877,0.7204979983761088
2010-08-27,1348,1344,1340,-0.08774570980997178,-0.11382011106708147,0.9970326409495549,0.9970238095238095,0.9823367749232125,0.7231591796732155
2010-08-30,1347,1343,1339,-0.08128198142984924,-0.10454149777774153,0.9970304380103935,0.9970215934475056,0.9808948663403892,0.7146087208723887
2010-08-31,1341,1337,1331,-0.14021213851167452,-0.1473190713295107,0.9970171513795675,0.9955123410620793,0.9818132907498175,0.7063496959016352
2010-09-01,1338,1334,1328,-0.1285192539487572,-0.13373313415229715,0.9970104633781763,0.9955022488755623,0.9784988627698684,0.7202737721842838
2010-09-02,1353,1349,1343,-0.10526012636011267,-0.11115006473452824,0.9970436067997044,0.9955522609340252,0.972938897990445,0.7315839133225928
2010-09-03,1353,1349,1340,-0.055772800311706436,-0.06385795359205496,0.9970436067997044,0.9933283914010378,0.980592208623559,0.74084044066464
2010-09-07,1351,1347,1337,-0.05888550280174001,-0.05521339235391655,0.997039230199852,0.9925760950259837,0.9806395677793335,0.7509471035119335
2010-09-08,1352,1348,1338,-0.09620514193749288,-0.06699277182325244,0.9970414201183432,0.9925816023738873,0.9825133921757894,0.7348123878405701
2010-09-09,1359,1355,1344,-0.08338785711553282,-0.06724583203004976,0.9970566593083149,0.9918819188191882,0.9790551963870753,0.7392219132189578
2010-09-10,1359,1355,1344,-0.05481243405396257,-0.044396427810218735,0.9970566593083149,0.9918819188191882,0.9826126373784708,0.7418855498966647
2010-09-13,1340,1336,1326,-0.06292324740990198,-0.0683015818349831,0.9970149253731343,0.9925149700598802,0.979850726944072,0.7503638981754586
2010-09-14,1334,1330,1320,-0.08928408392499727,-0.08555923601467126,0.9970014992503748,0.9924812030075187,0.9851897933724021,0.7359900346478182
2010-09-15,1339,1334,1325,-0.07596735321415202,-0.061951775637006254,0.9962658700522778,0.9932533733133433,0.9814724073304079,0.7206247123677054
2010-09-16,1344,1339,1330,-0.010370221784634061,-0.013389638864057477,0.9962797619047619,0.9932785660941,0.989013540967562,0.7278850061316621
2010-09-17,1345,1340,1331,0.0014946681110832407,-0.016228094349016498,0.9962825278810409,0.9932835820895523,0.9867326778248282,0.7070132416477373
2010-09-20,1349,1344,1335,-0.014173209390522561,-0.022252101426915614,0.9962935507783544,0.9933035714285714,0.9892049409864573,0.6983322820384867
2010-09-21,1362,1357,1347,-0.020959780299866237,-0.020480416055797052,0.9963289280469897,0.9926308032424466,0.9892788686938985,0.677434268239042
2010-09-22,1366,1361,1351,-0.022647489021614977,-0.025483356376142272,0.9963396778916545,0.9926524614254225,0.987120249774476,0.6559152574272805
2010-09-23,1366,1360,1349,-0.029613790048320515,-0.038818814635256285,0.9956076134699854,0.9919117647058824,0.9833842156272555,0.6229626085307394
2010-09-24,1364,1358,1347,-0.03320085696707727,-0.05254010391005429,0.9956011730205279,0.991899852724595,0.9851730695845546,0.6185502704468357
2010-09-27,1364,1357,1346,-0.038347977195965034,-0.05316272880909442,0.9948680351906158,0.9918938835666913,0.9809055207474373,0.6169078959684275
2010-09-28,1371,1363,1353,-0.007711220059349315,-0.030123567393445273,0.9941648431801605,0.9926632428466617,0.9845667781167875,0.6508556804454327
2010-09-29,1369,1362,1352,0.029073095371113262,0.005433663634871022,0.9948867786705624,0.9926578560939795,0.984551095972639,0.6576547629058929
2010-09-30,1373,1366,1357,0.06453160649147674,0.02772769890672404,0.9949016751638747,0.9934114202049781,0.9838894891943298,0.6548969495806556
2010-10-01,1371,1365,1360,0.07133676910426949,0.026688385841853193,0.9956236323851203,0.9963369963369964,0.9867009308492741,0.6401768209209766
2010-10-04,1375,1368,1364,0.055084066526627486,0.011504558206567464,0.9949090909090909,0.9970760233918129,0.9841149789055529,0.6221627128699415
2010-10-05,1377,1369,1365,0.05678345696942441,0.01053519757529577,0.9941902687000727,0.9970781592403214,0.9837876159331598,0.6258617239029426
2010-10-06,1385,1375,1371,0.08457450509221766,0.026102656558798173,0.9927797833935018,0.9970909090909091,0.9862893643772708,0.6269155802515844
2010-10-07,1386,1377,1371,0.06488543747737303,0.008123679533214759,0.9935064935064936,0.9956427015250545,0.9842999589597885,0.6262037474490658
2010-10-08,1386,1377,1371,0.07745182127784932,0.013557258764621175,0.9935064935064936,0.9956427015250545,0.9826442773532772,0.6132540605083489
2010-10-11,1386,1376,1370,0.09117693765351068,0.03622498491192354,0.9927849927849928,0.9956395348837209,0.9806332622784082,0.6019211223452237
2010-10-12,1388,1378,1373,0.10306560814666695,0.05230358735767813,0.9927953890489913,0.9963715529753265,0.9738502323992819,0.619358396063302
2010-10-13,1382,1372,1367,0.09244352099068769,0.03434576643083407,0.9927641099855282,0.9963556851311953,0.9801845965030765,0.665579806276232
2010-10-14,1388,1378,1373,0.03351381680429694,-0.006245670233986039,0.9927953890489913,0.9963715529753265,0.97891376418969,0.6866240078698279
2010-10-15,1392,1383,1376,0.025951695836006136,-0.006456420106214875,0.9935344827586207,0.9949385394070861,0.9768215524143449,0.6840326905576793
2010-10-18,1402,1392,1386,0.025510027534501222,-0.006639842319268875,0.992867332382311,0.9956896551724138,0.9726695598024591,0.685375792519745
2010-10-19,1396,1386,1380,0.031130672834060978,-0.013375453358251084,0.9928366762177651,0.9956709956709957,0.9640181788893021,0.6794051628279574
2010-10-20,1387,1378,1372,0.009737063535663289,-0.047216603517151255,0.9935111751982696,0.9956458635703919,0.9617315327034681,0.7082891517304064
2010-10-21,1394,1384,1376,0.03217396115620717,-0.023601956638892356,0.9928263988522238,0.9942196531791907,0.9792729153072095,0.7248457709304841
2010-10-22,1395,1385,1378,0.029362610372822482,-0.009279167648041467,0.992831541218638,0.9949458483754513,0.9790540620886243,0.7205458379933751
2010-10-25,1396,1387,1381,0.016331422178796667,-0.043486585002081884,0.9935530085959885,0.9956741167988464,0.9717062782124671,0.7186094454260745
2010-10-26,1397,1388,1382,-0.0063702240024003706,-0.03615987828448328,0.9935576234788833,0.9956772334293948,0.9736183481028371,0.7169509322327751
2010-10-27,1394,1385,1378,-0.04126243176545333,-0.07248020373312636,0.9935437589670014,0.9949458483754513,0.9721172756699386,0.719376258244671
2010-10-28,1395,1386,1379,-0.019564400109213054,-0.0351562230800851,0.9935483870967742,0.9949494949494949,0.9753297571412564,0.7300475388373278
2010-10-29,1399,1391,1383,-0.0441984724043697,-0.06544261576212793,0.9942816297355254,0.9942487419122933,0.9783149016617338,0.7256726624678611
2010-11-01,1401,1395,1387,-0.06434171333745321,-0.06467241348154894,0.9957173447537473,0.9942652329749104,0.9843164001193292,0.7409299156778565
2010-11-02,1397,1392,1383,-0.07428825787018299,-0.076827064270051,0.9964209019327129,0.9935344827586207,0.9841665323296072,0.744526207817115
2010-11-03,1403,1398,1390,-0.07287774498636823,-0.09008406747824392,0.9964362081254454,0.994277539341917,0.9840342192885146,0.7299563734473022
2010-11-04,1406,1401,1391,-0.047997507316615985,-0.05158566223200822,0.9964438122332859,0.9928622412562456,0.9821595141805938,0.736253392193851
2010-11-05,1416,1412,1402,-0.0024974326381508706,-0.004909860930807706,0.9971751412429378,0.9929178470254958,0.9848710079960472,0.7317334457804778
2010-11-08,1435,1430,1419,-0.018188904084699087,-0.008425958680904502,0.9965156794425087,0.9923076923076923,0.9844133953717419,0.7110998918367916
2010-11-09,1440,1432,1422,-0.038467308632535196,-0.04467571102699081,0.9944444444444445,0.9930167597765364,0.985418992100016,0.7097245585661749
2010-11-10,1443,1435,1425,-0.08444292110782352,-0.08197097412835709,0.9944559944559944,0.9930313588850174,0.9826016070766519,0.7021372330738976
2010-11-11,1452,1444,1436,-0.10883423263492645,-0.11350378915630872,0.9944903581267218,0.9944598337950139,0.9850291347099341,0.7093790478166907
2010-11-12,1457,1448,1439,-0.1033183386929813,-0.0935519502255694,0.9938229238160604,0.9937845303867403,0.9821348980963959,0.7067651354940016
2010-11-15,1456,1447,1437,-0.11889345037124338,-0.11664586123002513,0.9938186813186813,0.9930891499654457,0.9862122781595176,0.7210706615060574
2010-11-16,1445,1437,1429,-0.12603724835155944,-0.12982906855627388,0.9944636678200692,0.9944328462073765,0.9863172006620263,0.7175357222163076
2010-11-17,1439,1429,1422,-0.15008571627364128,-0.1588944759267551,0.9930507296733843,0.9951014695591323,0.984298041113785,0.6971389429247787
2010-11-18,1440,1428,1422,-0.17164507015248678,-0.18899764453320297,0.9916666666666667,0.9957983193277311,0.9829001411185391,0.7046521131001278
2010-11-19,1449,1438,1432,-0.1494487923290763,-0.17152794445624228,0.9924085576259489,0.9958275382475661,0.9810931470251654,0.7219568793296804
2010-11-22,1456,1443,1436,-0.12065845330993469,-0.15659671799417602,0.9910714285714286,0.9951489951489951,0.9827736214678989,0.73269401095704
2010-11-23,1455,1442,1435,-0.133590178332231,-0.15736523379782422,0.99106529209622,0.9951456310679612,0.9826621799120816,0.7380497791180926
2010-11-24,1462,1447,1440,-0.13955505008917607,-0.16944195414188887,0.9897400820793434,0.995162404975812,0.9819933231240683,0.7232006550661731
2010-11-26,1458,1443,1434,-0.15936531816412433,-0.17427765334748735,0.9897119341563786,0.9937629937629938,0.9820912704125889,0.708329352718405
2010-11-29,1455,1440,1432,-0.14245947159299321,-0.16530656631051843,0.9896907216494846,0.9944444444444445,0.9794690563865119,0.6970856815681751
2010-11-30,1428,1413,1406,-0.13070762837748895,-0.15331901018079597,0.9894957983193278,0.9950460014154282,0.9871918678579696,0.6916586894396421
2010-12-01,1434,1419,1412,-0.1254012940489348,-0.15354236721083328,0.9895397489539749,0.9950669485553206,0.9843377925172087,0.7055953839650538
2010-12-02,1435,1420,1414,-0.12091263450967615,-0.1384954825779636,0.9895470383275261,0.995774647887324,0.9856612225079954,0.7089716449857091
2010-12-03,1443,1428,1422,-0.10190457278125498,-0.13448649562855947,0.9896049896049897,0.9957983193277311,0.9829312444377016,0.7145122611689778
2010-12-06,1443,1428,1423,-0.1252195520082413,-0.12875833253124347,0.9896049896049897,0.9964985994397759,0.9823353022918022,0.7301730199951046
2010-12-07,1433,1420,1415,-0.12968524411758922,-0.13141115136505307,0.9909281228192603,0.9964788732394366,0.9866093891893462,0.7377070827425349
2010-12-08,1430,1418,1414,-0.12551763592248108,-0.13624729330693258,0.9916083916083916,0.997179125528914,0.9844776593605653,0.7413180261574197
2010-12-09,1430,1418,1413,-0.1260458793171982,-0.13198850501345658,0.9916083916083916,0.9964739069111425,0.9847948146435261,0.741779607204769
2010-12-10,1428,1417,1413,-0.07439344993989311,-0.09337235009501355,0.992296918767507,0.9971771347918137,0.9871086907070029,0.748498747748661
2010-12-13,1424,1412,1409,-0.07632550159043844,-0.09600567915843579,0.9915730337078652,0.9978753541076487,0.9889814001848323,0.7328735955971248
2010-12-14,1426,1411,1408,-0.06693730564602789,-0.10230615246378781,0.9894810659186536,0.9978738483345145,0.9882730918480861,0.7345826356038949
2010-12-15,1429,1416,1414,-0.06915817566006152,-0.09488151566131647,0.9909027291812457,0.998587570621469,0.9849927976592503,0.7200001532083061
2010-12-16,1435,1423,1420,-0.1066430560497186,-0.12698042680729502,0.9916376306620209,0.9978917779339423,0.9850198935157286,0.7123072540717326
2010-12-17,1436,1424,1419,-0.06331155262125947,-0.08782533912672501,0.9916434540389972,0.9964887640449438,0.9885060730966394,0.713127560393976
2010-12-20,1448,1436,1431,-0.022414229098932918,-0.04596682787364777,0.9917127071823204,0.9965181058495822,0.9883180178799669,0.6911306033097324
2010-12-21,1481,1467,1463,-0.03772752822448874,-0.05780790756015872,0.9905469277515192,0.9972733469665985,0.9833217431506283,0.6834574916536439
2010-12-22,1479,1468,1464,0.004969569353310646,-0.011272271562565384,0.9925625422582827,0.997275204359673,0.9869430113552979,0.6760154269960231
2010-12-23,1483,1472,1468,-0.00571028765164958,-0.027737936443450618,0.9925826028320971,0.9972826086956522,0.9834911710114852,0.6670307388810828
2010-12-27,1484,1473,1469,-0.008053311154493488,-0.031035702844229993,0.9925876010781671,0.9972844534962662,0.9869119920669703,0.6619560192917874
2010-12-28,1480,1469,1465,0.026939234801220086,-0.0011237540845447497,0.9925675675675676,0.9972770592239619,0.9889223201772442,0.6581790462365645
2010-12-29,1487,1476,1472,-0.009930996911109389,-0.0319341532745931,0.9926025554808339,0.997289972899729,0.9856076418110353,0.6353266418253284
2010-12-30,1485,1475,1471,-0.008704066843121975,-0.01853764242374159,0.9932659932659933,0.9972881355932204,0.9870735484140571,0.6133764430402399
2010-12-31,1463,1454,1449,0.008826752487310623,0.005129846284434711,0.9938482570061518,0.9965612104539202,0.9838747197452764,0.622756602354422
2011-01-03,1450,1441,1436,0.05473087941945598,0.045920180386092364,0.9937931034482759,0.9965301873698821,0.9856400283967718,0.6206306375794388
2011-01-04,1445,1434,1428,0.08490160564941045,0.07118008049499903,0.9923875432525952,0.99581589958159,0.9826631470600464,0.617307470945722
2011-01-05,1452,1439,1433,0.06542539448918078,0.05352297921090605,0.9910468319559229,0.9958304378040306,0.9840393252991885,0.6138819532720131
2011-01-06,1465,1452,1447,0.07867519638846024,0.0562892862401017,0.9911262798634812,0.9965564738292011,0.9868706950756636,0.6185005595339764
2011-01-07,1466,1453,1448,0.0534415741916793,0.04995581025904428,0.9911323328785812,0.9965588437715073,0.9815664529254865,0.6021732917324774
2011-01-10,1469,1456,1451,0.02519718665251111,0.024466278403137393,0.9911504424778761,0.9965659340659341,0.9712486982679496,0.6055375832283983
2011-01-11,1467,1456,1451,0.0062178586056872,0.0036100927044152176,0.9925017041581459,0.9965659340659341,0.9772884701281374,0.6436040795141348
2011-01-12,1477,1466,1461,0.025786282923406473,0.021603406616363303,0.992552471225457,0.9965893587994543,0.9692038572059185,0.6446715671633879
2011-01-13,1478,1467,1463,0.01997843805256256,0.00965935810942295,0.9925575101488497,0.9972733469665985,0.9825552438327009,0.6552895655101149
2011-01-14,1475,1465,1463,0.08175559239666742,0.0686082810251719,0.9932203389830508,0.9986348122866894,0.9749137828935046,0.6477320118724634
2011-01-18,1466,1456,1454,0.08632786695811327,0.07238940168580203,0.9931787175989086,0.9986263736263736,0.9752910742312089,0.6586170057825474
2011-01-19,1472,1462,1460,0.06444468703502362,0.0708445438865892,0.9932065217391305,0.9986320109439124,0.970993436874658,0.6708122224167445
2011-01-20,1433,1424,1422,0.08693041256044455,0.08903462670092731,0.9937194696441033,0.9985955056179775,0.9791679223704612,0.6987099898139197
2011-01-21,1437,1427,1425,0.10168976511158527,0.10249630707242288,0.9930410577592206,0.9985984583041345,0.9858219971590774,0.6834922166473036
2011-01-24,1439,1428,1424,0.08084759431706486,0.08020192470326762,0.9923558026407228,0.9971988795518207,0.9788431274871572,0.6816839319223474
2011-01-25,1441,1430,1426,0.09501005839500282,0.0867437857734155,0.9923664122137404,0.9972027972027973,0.9803571572177323,0.684959235478483
2011-01-26,1448,1437,1432,0.05518758623779152,0.057285844541420494,0.9924033149171271,0.9965205288796103,0.9739662635831737,0.692570074559181
2011-01-27,1457,1446,1441,0.07854905220629381,0.08241907460113189,0.9924502402196294,0.9965421853388658,0.9782092231457385,0.7006705871627023
2011-01-28,1472,1461,1457,0.10481369482931364,0.09509160007711068,0.9925271739130435,0.9972621492128679,0.9880247711789469,0.7167610338708802
2011-01-31,1477,1466,1459,0.07980226820395973,0.07401347410423492,0.992552471225457,0.995225102319236,0.9870243837146778,0.714542781908154
2011-02-01,1493,1482,1473,0.09131804211176948,0.07503346022758066,0.9926322839919625,0.9939271255060729,0.9849613768725559,0.7336287743626801
2011-02-02,1502,1493,1484,0.08374844364195863,0.058960716943642966,0.9940079893475366,0.9939718687206965,0.9808034031497688,0.7412825016170317
2011-02-03,1501,1493,1484,0.10996421898418565,0.08727815199907714,0.9946702198534311,0.9939718687206965,0.9834044762061502,0.7603473465606767
2011-02-04,1501,1493,1484,0.09228435915852093,0.06371292997331493,0.9946702198534311,0.9939718687206965,0.9816994387744384,0.7539591364276507
2011-02-07,1497,1489,1477,0.04512736193606441,0.026692246074144187,0.9946559786239145,0.9919408999328408,0.9861850643493533,0.7616327178516707
2011-02-08,1488,1480,1467,0.0033878894653276764,-0.0023016597058897297,0.9946236559139785,0.9912162162162163,0.9815242377371559,0.7659251089003863
2011-02-09,1495,1486,1473,-0.011147483716512438,-0.021822251593517288,0.9939799331103679,0.9912516823687753,0.9807658467961501,0.7658463517836062
2011-02-10,1494,1485,1473,-0.004807718811281663,-0.029918841188469342,0.9939759036144579,0.9919191919191919,0.9878463927125168,0.7577485011690731
2011-02-11,1500,1490,1476,0.0002709241099937041,0.000524733246138944,0.9933333333333333,0.9906040268456375,0.9872628879609211,0.7641000579461745
2011-02-14,1500,1487,1473,-0.0420145718867679,-0.04363670095702954,0.9913333333333333,0.9905850706119704,0.984493621269411,0.7694849194174004
2011-02-15,1498,1486,1472,-0.03853664655586955,-0.04533830899260005,0.9919893190921228,0.990578734858681,0.9822318732196402,0.7599815837149441
2011-02-16,1496,1484,1470,-0.02963985925112957,-0.03860733851219961,0.9919786096256684,0.9905660377358491,0.9862060763779656,0.7582625098799118
2011-02-17,1499,1487,1473,-0.03345624982181674,-0.04074253169642793,0.9919946631087392,0.9905850706119704,0.9822514158675915,0.7587854347185681
2011-02-18,1493,1480,1468,0.0011192955685160365,-0.019865915160624033,0.9912926992632284,0.9918918918918919,0.9833547289594198,0.7592768136936157
2011-02-22,1494,1481,1468,0.013239001582469597,-0.02095043799964954,0.9912985274431058,0.9912221471978393,0.9820108481493008,0.7571171694598177
2011-02-23,1496,1485,1473,-0.008268925940498615,-0.04413588598068879,0.9926470588235294,0.9919191919191919,0.9858521274615264,0.7610566132132591
2011-02-24,1505,1493,1482,-0.014093884914948845,-0.026113094236906057,0.9920265780730897,0.9926322839919625,0.9786891740730952,0.7474356816919757
2011-02-25,1520,1508,1497,-0.03195977496340232,-0.042081099291176344,0.9921052631578947,0.9927055702917772,0.9854115972108317,0.7554354869918968
2011-02-28,1526,1516,1507,-0.057308744032686945,-0.05175212824755605,0.9934469200524246,0.9940633245382586,0.9802407765123097,0.7595393123182063
2011-03-01,1531,1520,1513,-0.0705492674262163,-0.06922190553550124,0.992815153494448,0.9953947368421052,0.985032629185919,0.7748817581380526
2011-03-02,1526,1515,1508,-0.0819818823802376,-0.09089383059406356,0.9927916120576671,0.9953795379537954,0.9867720754692826,0.7825857932982843
2011-03-03,1532,1521,1515,-0.09462041709486087,-0.09321080782020258,0.9928198433420365,0.9960552268244576,0.9826610334971437,0.773723777958133
2011-03-04,1532,1522,1515,-0.08389441079472959,-0.09081639798016396,0.9934725848563969,0.9954007884362681,0.9849255551912391,0.7634909939485788
2011-03-07,1537,1527,1520,-0.06603494932226096,-0.07101244713233744,0.9934938191281718,0.9954158480681073,0.9784071817440567,0.7604556446359644
2011-03-08,1532,1522,1516,-0.051790715162608886,-0.03154407919524622,0.9934725848563969,0.9960578186596584,0.9867788775429931,0.7708792575454416
2011-03-09,1536,1526,1522,-0.04497349585426381,-0.011919159159104555,0.9934895833333334,0.9973787680209698,0.98814817397296,0.7711277571657402
2011-03-10,1536,1526,1522,0.0016843453072265368,0.037968154636532594,0.9934895833333334,0.9973787680209698,0.9838671016171802,0.7736540458841241
2011-03-11,1537,1529,1526,-0.024368231265565896,0.009240127651777121,0.9947950553025374,0.9980379332897319,0.978453308439017,0.7578216291702147
2011-03-14,1541,1535,1532,-0.05876813150704132,-0.022134118240554168,0.9961064243997404,0.9980456026058632,0.987227890633013,0.7672213468414718
2011-03-15,1536,1530,1525,-0.08346939199501655,-0.07368681674604177,0.99609375,0.9967320261437909,0.985047135124014,0.7755027719665589
2011-03-16,1536,1530,1525,-0.05565079910576218,-0.04644670468981269,0.99609375,0.9967320261437909,0.9849514684284613,0.7659625830172572
2011-03-17,1544,1537,1532,-0.10311968634095678,-0.08352560651610379,0.9954663212435233,0.9967469095640858,0.9832441112967873,0.7610072340384262
2011-03-18,1544,1537,1531,-0.09142913872110388,-0.07627376176905129,0.9954663212435233,0.996096291476903,0.9811198794581747,0.7642382949335329
2011-03-21,1550,1542,1537,-0.12667254695358124,-0.12865395306010474,0.9948387096774194,0.996757457846952,0.9875486808258397,0.7688300429675363
2011-03-22,1565,1557,1551,-0.10835260873990235,-0.09800705832104202,0.994888178913738,0.9961464354527938,0.9841311343745098,0.7626984048057097
2011-03-23,1563,1555,1549,-0.09880218137376472,-0.074509605451718,0.9948816378758797,0.9961414790996784,0.9816464516105723,0.758167695837176
2011-03-24,1560,1554,1547,-0.08391986557383799,-0.08793553824550364,0.9961538461538462,0.9954954954954955,0.9844297234611924,0.7375481706556248
2011-03-25,1563,1558,1551,-0.10389706536494947,-0.10666689394636239,0.9968010236724248,0.9955070603337612,0.9871379671045031,0.7283411238908115
2011-03-28,1550,1545,1538,-0.07285220574772193,-0.09564894666216926,0.9967741935483871,0.9954692556634305,0.9859998862634026,0.729621999666272
2011-03-29,1548,1543,1536,-0.08121790025890478,-0.11547455781282114,0.9967700258397932,0.9954633830200907,0.9817710429789868,0.7234136055348818
2011-03-30,1541,1536,1528,-0.07702452221502971,-0.10950735843466718,0.9967553536664504,0.9947916666666666,0.9856784926488751,0.7144059054831596
2011-03-31,1535,1530,1521,-0.10856829488451944,-0.12351718720948422,0.996742671009772,0.9941176470588236,0.9821168659466045,0.7060946840665824
2011-04-01,1534,1529,1520,-0.13833465277883766,-0.14253556477291993,0.9967405475880052,0.9941137998691956,0.9890893569577714,0.6829656765818941
2011-04-04,1525,1520,1511,-0.1762818232036185,-0.17753318928300632,0.9967213114754099,0.9940789473684211,0.9868471537889378,0.67636535605764
2011-04-05,1527,1522,1512,-0.17630648179367536,-0.16879264985638895,0.9967256057629339,0.9934296977660972,0.9829309151752396,0.6777488366807523
2011-04-06,1529,1524,1513,-0.15008935579929397,-0.1408664831959728,0.9967298888162197,0.9927821522309711,0.9810557439640158,0.6642084163736615
2011-04-07,1527,1521,1510,-0.1509071413000116,-0.15149038448426386,0.9960707269155207,0.9927679158448389,0.9845536018004318,0.6658946367115459
2011-04-08,1526,1520,1509,-0.12880613145763561,-0.12751032931471204,0.9960681520314548,0.9927631578947368,0.9860233698300709,0.6700770862433081
2011-04-11,1518,1512,1505,-0.1338900610108738,-0.1301757098276858,0.9960474308300395,0.9953703703703703,0.9850006560061269,0.6642936016370842
2011-04-12,1514,1507,1500,-0.13375039286919202,-0.14316638540728233,0.9953764861294584,0.9953550099535501,0.972110454146713,0.6712610421237201
2011-04-13,1509,1502,1494,-0.13972485866631779,-0.16019781433268576,0.9953611663353215,0.9946737683089214,0.9806215685626783,0.6723872333784506
2011-04-14,1505,1498,1491,-0.16711049081272383,-0.18819699780995208,0.9953488372093023,0.9953271028037384,0.9757565608000596,0.675717347284764
2011-04-15,1499,1492,1485,-0.17976348470759848,-0.19667841800958438,0.9953302201467645,0.9953083109919572,0.9844360251441372,0.6781243540834143
2011-04-18,1496,1489,1482,-0.1381569962359145,-0.15300970430739116,0.9953208556149733,0.9952988582941572,0.9816774349966472,0.6881540003106172
2011-04-19,1477,1469,1462,-0.12990833954579747,-0.15102220279333675,0.994583615436696,0.9952348536419333,0.980464962605205,0.6917016658551342
2011-04-20,1468,1460,1450,-0.13685160075242594,-0.15357873293342497,0.9945504087193461,0.9931506849315068,0.9772122242545394,0.7043656347475108
2011-04-21,1475,1468,1458,-0.14406750105145896,-0.17396695030106338,0.9952542372881356,0.9931880108991825,0.9791279647690766,0.7114595671912975
2011-04-25,1473,1466,1457,-0.10975264192844023,-0.14959977284578824,0.9952477936184657,0.9938608458390177,0.9845383229990755,0.7225138461506717
2011-04-26,1470,1462,1453,-0.09916393874787097,-0.13764248591908068,0.9945578231292517,0.993844049247606,0.9785138237869708,0.7155765135431628
2011-04-27,1468,1460,1452,-0.06673740844706424,-0.12291746701627325,0.9945504087193461,0.9945205479452055,0.9816585958883618,0.7198177942825874
2011-04-28,1474,1465,1458,-0.06699897969527951,-0.11272661238736165,0.9938941655359566,0.995221843003413,0.9724639024247135,0.7038251800016804
2011-04-29,1474,1466,1458,-0.04531051039504123,-0.0903472279076656,0.994572591587517,0.9945429740791268,0.9778823988699209,0.6964849999714285
2011-05-02,1474,1467,1459,-0.0233225744401876,-0.06400542617786556,0.9952510176390773,0.994546693933197,0.983081573400686,0.6954009104140295
2011-05-03,1477,1470,1463,-0.017086714527011646,-0.04602697306588462,0.995260663507109,0.9952380952380953,0.9842863896310464,0.6942050848891128
2011-05-04,1477,1470,1461,0.01251946216984134,-0.014699577466810212,0.995260663507109,0.9938775510204082,0.9808566346616635,0.7007020117847138
2011-05-05,1479,1471,1460,0.06459706222841888,0.005434897425739166,0.9945909398242055,0.9925220938137321,0.9809780745492485,0.6900047195175931
2011-05-06,1485,1477,1466,0.016943638173247774,-0.039393465986820836,0.9946127946127946,0.992552471225457,0.9835095246668638,0.7043556928394457
2011-05-09,1493,1485,1474,0.010050712038179874,-0.038569021964385844,0.9946416610850636,0.9925925925925926,0.9836829150101775,0.6944017163961819
2011-05-10,1505,1498,1485,0.01667985054901315,-0.014874402735953291,0.9953488372093023,0.9913217623497997,0.9827147380962973,0.7039073317843002
2011-05-11,1499,1492,1480,0.07731317716560367,0.03019848549621888,0.9953302201467645,0.9919571045576407,0.9823073540240819,0.6913836435131416
2011-05-12,1506,1499,1487,0.049741063017714596,0.01706026390427046,0.9953519256308101,0.9919946631087392,0.9868304893340449,0.6857945363316942
2011-05-13,1515,1508,1496,0.0749185018267583,0.028219320260179495,0.9953795379537954,0.9920424403183024,0.9816963472142287,0.6794066117028521
2011-05-16,1513,1506,1493,0.06566586415886061,0.023032057010979073,0.9953734302709848,0.9913678618857902,0.9859717481411774,0.6850660751116484
2011-05-17,1512,1504,1491,0.049146149062470494,0.012502562743175568,0.9947089947089947,0.9913563829787234,0.9862958685885282,0.6787334569773926
2011-05-18,1505,1496,1483,0.050626012011516126,0.03801699074003998,0.9940199335548173,0.9913101604278075,0.9894709496599506,0.6595619628318263
2011-05-19,1510,1500,1487,0.0635887272688317,0.0518713085295502,0.9933774834437086,0.9913333333333333,0.9907868901963846,0.6716096029972143
2011-05-20,1511,1501,1487,0.06260921736891707,0.046408863648778935,0.9933818663136995,0.9906728847435043,0.9838374189771326,0.6643209708878601
2011-05-23,1508,1495,1480,0.03403155117451727,0.008869017236807776,0.9913793103448276,0.9899665551839465,0.9879743099612464,0.6727813877009123
2011-05-24,1515,1503,1489,0.017997821717116863,-0.00789681086283171,0.9920792079207921,0.9906852960745176,0.981661847336637,0.6781686768463496
2011-05-25,1513,1501,1487,-0.03980554244007658,-0.0490108619044907,0.9920687376074026,0.9906728847435043,0.9786400886297097,0.690816492764158
2011-05-26,1509,1497,1484,-0.017461284688570673,-0.03230506422658997,0.9920477137176938,0.991315965263861,0.9777702709481089,0.7173016604136174
2011-05-27,1518,1507,1493,0.00467678007782565,-0.01650201595768391,0.9927536231884058,0.9907100199071002,0.9799239366673428,0.7205785004246875
2011-05-31,1508,1498,1485,-0.005096119646812372,-0.016971564344529594,0.993368700265252,0.9913217623497997,0.9829436712846318,0.7228584109387409
2011-06-01,1507,1496,1485,-0.015096330427894617,-0.042581785685978236,0.9927007299270073,0.9926470588235294,0.9806025146275765,0.7084746345406769
2011-06-02,1515,1504,1496,-0.06107455637169474,-0.07050071742218178,0.9927392739273927,0.9946808510638298,0.9805588843720757,0.7113960904966979
2011-06-03,1525,1514,1505,-0.06713274018958076,-0.08761724150263991,0.9927868852459016,0.9940554821664465,0.9764190333203716,0.7169885122388456
2011-06-06,1532,1520,1509,-0.06924257592861464,-0.09283430584480187,0.9921671018276762,0.9927631578947368,0.9815746595248995,0.7321051215205963
2011-06-07,1515,1503,1493,-0.03755172773934124,-0.05886738361428274,0.9920792079207921,0.9933466400532269,0.9797475335528656,0.7309846159865058
2011-06-08,1518,1506,1495,-0.07364794012601554,-0.08826477551865043,0.9920948616600791,0.9926958831341302,0.9807394869229709,0.712707996024657
2011-06-09,1513,1501,1489,-0.039524267952753885,-0.06611023961384715,0.9920687376074026,0.9920053297801465,0.9829491370216165,0.7119098216335805
2011-06-10,1512,1500,1488,-0.033225739310150035,-0.05654854839124896,0.9920634920634921,0.992,0.9801364896735795,0.6962559917543695
2011-06-13,1507,1496,1484,-0.04784253815442058,-0.0530788066710916,0.9927007299270073,0.9919786096256684,0.9859371876220268,0.687577547647164
2011-06-14,1517,1506,1494,-0.01442517284358985,-0.045689087568197256,0.992748846407383,0.9920318725099602,0.982918502906307,0.7118844638075343
2011-06-15,1516,1505,1493,-0.0034542488128307155,-0.044607517374147976,0.9927440633245382,0.9920265780730897,0.9852093522762224,0.7043002426441658
2011-06-16,1522,1511,1499,-0.018310082195074698,-0.05538798540370919,0.992772667542707,0.9920582395764395,0.9896735402151497,0.7019345250909248
2011-06-17,1524,1512,1499,-0.019492743331434033,-0.05136947729282807,0.9921259842519685,0.9914021164021164,0.9911844850957426,0.6901056656305795
2011-06-20,1530,1517,1506,-0.026425792241669795,-0.06064836633027288,0.9915032679738562,0.992748846407383,0.987966902188086,0.6815703316089462
2011-06-21,1539,1525,1515,-0.0029680426317847323,-0.03230296588666612,0.99090318388564,0.9934426229508196,0.9889387440105136,0.6902045329150005
2011-06-22,1535,1520,1509,-0.007285735616699125,-0.040178962412221866,0.990228013029316,0.9927631578947368,0.9887042343354984,0.6804773354365143
2011-06-23,1538,1523,1511,-0.010837229552577885,-0.04445367282070307,0.9902470741222367,0.9921208141825345,0.9849752856899495,0.6849392489709539
2011-06-24,1532,1516,1505,-0.004558096029375638,-0.026646767000000293,0.9895561357702349,0.9927440633245382,0.9817860460792273,0.6749182139364553
2011-06-27,1531,1516,1505,-0.010681197882112239,-0.01983343222853263,0.9902024820378837,0.9927440633245382,0.9804087922063822,0.6666028438334962
2011-06-28,1562,1546,1534,0.003178079489838461,-0.008384470883894133,0.9897567221510883,0.9922380336351876,0.9815778509037105,0.6638599080019569
2011-06-29,1576,1559,1547,0.0411479429883322,0.02317904206720151,0.9892131979695431,0.9923027581783195,0.981056628439261,0.6776255535045508
2011-06-30,1550,1533,1522,0.07231604019030805,0.07582580315437785,0.9890322580645161,0.9928245270711024,0.981886316822582,0.6946364829110374
2011-07-01,1539,1522,1512,0.0688236598259192,0.06332588285576354,0.9889538661468485,0.9934296977660972,0.9802458275852122,0.6971124714538813
2011-07-05,1546,1528,1518,0.07665367073296755,0.0777611996879849,0.9883570504527813,0.993455497382199,0.9817190499003812,0.7055548882861898
2011-07-06,1534,1518,1510,0.0474865227237715,0.07705568692499178,0.9895697522816167,0.994729907773386,0.9778123073987548,0.7127853897354515
2011-07-07,1538,1521,1513,0.11338419741788987,0.13091327150742643,0.9889466840052016,0.9947403024326101,0.9833279463724146,0.7001025747328212
2011-07-08,1544,1527,1520,0.132896328415871,0.15725018651938932,0.9889896373056994,0.9954158480681073,0.9767390275771529,0.7179294651188675
2011-07-11,1542,1525,1519,0.1395661699247168,0.16407329502057905,0.9889753566796369,0.9960655737704918,0.9832890544354893,0.7127309694092783
2011-07-12,1543,1526,1520,0.12583784185137556,0.15427668782022408,0.9889825016202204,0.9960681520314548,0.983446297644817,0.714665736736124
2011-07-13,1541,1524,1518,0.12303570877660822,0.14593914861713977,0.9889682024659312,0.9960629921259843,0.9819357733773681,0.6946894348338464
2011-07-14,1539,1523,1518,0.08712154012141579,0.10248561014085295,0.9896036387264457,0.9967170059093894,0.9819612636128441,0.666616905067312
2011-07-15,1532,1517,1513,0.09470862049773034,0.11516803348078927,0.9902088772845953,0.997363216875412,0.9821569613808758,0.6673723841899085
2011-07-18,1535,1522,1518,0.07079597318424226,0.0994193232466026,0.9915309446254071,0.9973718791064389,0.9818727717124203,0.6711480565666232
2011-07-19,1537,1523,1519,0.11181073249334222,0.10438223525517494,0.9908913467794405,0.9973736047275115,0.9740703276851457,0.6634088768510182
2011-07-20,1525,1512,1509,0.14404355871779273,0.12601920753658877,0.9914754098360655,0.998015873015873,0.9776787398064171,0.6746287542729152
2011-07-21,1523,1511,1509,0.15930588733777004,0.1488831551244469,0.9921208141825345,0.99867637326274,0.9774758549104942,0.6517130910284372
2011-07-22,1519,1506,1504,0.19348546117267712,0.17543672815533842,0.9914417379855168,0.99867197875166,0.9753988819986944,0.6577297116207383
2011-07-25,1527,1513,1510,0.20465442461252306,0.1951540201073353,0.9908316961362148,0.9980171844018506,0.9791295750442872,0.6557659179883981
2011-07-26,1519,1505,1503,0.19222216164667308,0.19290282016356552,0.9907834101382489,0.998671096345515,0.9774059983596607,0.6668022236686365
2011-07-27,1482,1470,1467,0.21123509170969781,0.22004935612860915,0.9919028340080972,0.9979591836734694,0.9752293838196595,0.676216635348379
2011-07-28,1480,1469,1466,0.1862145458049768,0.1956895257824973,0.9925675675675676,0.9979577944179714,0.9758511883387097,0.6659839268378791
2011-07-29,1489,1478,1474,0.18452779212957873,0.19496838828274438,0.9926124916051041,0.9972936400541272,0.9834314207232033,0.6652874551785919
2011-08-01,1492,1482,1477,0.16327637507339557,0.18738714049916505,0.9932975871313673,0.9966261808367072,0.9839303288937612,0.6698129322690959
2011-08-02,1495,1485,1480,0.1580511873873509,0.19222508183533088,0.9933110367892977,0.9966329966329966,0.9807655989878465,0.6518646321077104
2011-08-03,1498,1487,1482,0.155393457153445,0.20257656401249696,0.992656875834446,0.9966375252185609,0.9798524054838565,0.6541727525676174
2011-08-04,1510,1499,1494,0.12018387989730679,0.16315716825236182,0.9927152317880795,0.9966644429619747,0.9821511630886859,0.666643315274144
2011-08-05,1507,1496,1491,0.11069929183441757,0.15013081167972983,0.9927007299270073,0.9966577540106952,0.9868366494166002,0.6700216407377211
2011-08-08,1517,1506,1501,0.10017130909520691,0.13257059519131054,0.992748846407383,0.9966799468791501,0.9870729836245694,0.6822781197349277
2011-08-09,1518,1506,1500,0.05210606051724707,0.0950705026980012,0.9920948616600791,0.9960159362549801,0.9819872136416045,0.6764131541913362
2011-08-10,1543,1531,1525,0.038094666536397724,0.08582335765707134,0.9922229423201555,0.9960809928151535,0.9786334756778883,0.681042815880819
2011-08-11,1554,1542,1536,0.11411936418230564,0.161015426483335,0.9922779922779923,0.9961089494163424,0.9846839828564976,0.6842037588685708
2011-08-12,1574,1562,1555,0.12023586326276896,0.17430779731674925,0.9923761118170267,0.9955185659411011,0.9825759042394845,0.6868728563170826
2011-08-15,1580,1568,1561,0.12781126964381023,0.17740684440299176,0.9924050632911392,0.9955357142857143,0.982712853026016,0.6811628914210157
2011-08-16,1587,1575,1568,0.070868088420253,0.13027429689426204,0.9924385633270322,0.9955555555555555,0.9777511826557236,0.682118948911007
2011-08-17,1584,1572,1563,0.03827329541271934,0.09111145637636048,0.9924242424242424,0.9942748091603053,0.976018328946155,0.6971982598186841
2011-08-18,1582,1570,1561,-0.02617887993269423,0.0034068659818675367,0.9924146649810367,0.9942675159235669,0.9797663799855066,0.7028418062218036
2011-08-19,1574,1564,1555,-0.024225664886349103,0.006198606025022221,0.9936467598475223,0.9942455242966752,0.9774885859286093,0.70153128710248
2011-08-22,1581,1571,1560,0.015895625732141587,0.045374478135216424,0.9936748893105629,0.9929980903882877,0.9841032937872749,0.7006006811031099
2011-08-23,1581,1571,1562,0.0616140455367755,0.07783810545274884,0.9936748893105629,0.9942711648631445,0.9748509768742359,0.7064664074203314
2011-08-24,1584,1574,1565,0.11903839142761453,0.1257080380438735,0.9936868686868687,0.9942820838627701,0.9851622998314241,0.7157009487355573
2011-08-25,1592,1582,1574,0.10325757191448047,0.12112413711582017,0.9937185929648241,0.9949431099873578,0.9767300827781663,0.7279706269884114
2011-08-26,1579,1570,1563,0.13956864886101727,0.13014318613893847,0.9943001899936669,0.9955414012738854,0.9754362837854911,0.7306818953503655
2011-08-29,1578,1569,1559,0.121878246408674,0.11687617925850362,0.9942965779467681,0.9936265137029955,0.98245995907681,0.7150378857676729
2011-08-30,1580,1572,1562,0.1393062092150949,0.11455431944490435,0.9949367088607595,0.9936386768447837,0.9774785781679655,0.7184898703217135
2011-08-31,1572,1563,1554,0.11478587292844152,0.09754447259576847,0.9942748091603053,0.9942418426103646,0.9791225720014497,0.7100417341242511
2011-09-01,1570,1561,1552,0.1412965864454963,0.14517171539693874,0.9942675159235669,0.994234465086483,0.9805306968171585,0.7277035413209514
2011-09-02,1563,1554,1545,0.1672882284870526,0.16971591127615734,0.9942418426103646,0.9942084942084942,0.9742832142961383,0.7432589986179325
2011-09-06,1550,1542,1533,0.15960110304191882,0.15083223498027012,0.9948387096774194,0.9941634241245136,0.9883692086891812,0.7668110604238606
2011-09-07,1539,1532,1523,0.19282660264693988,0.18695242824811537,0.99545159194282,0.9941253263707572,0.9645792838625834,0.7730109004291426
2011-09-08,1524,1517,1507,0.15277194654485773,0.15920759150959424,0.9954068241469817,0.99340804218853,0.9834293786640547,0.7944222687527474
2011-09-09,1502,1495,1485,0.12996561165303752,0.13916164983739066,0.9953395472703063,0.9933110367892977,0.9796718512720015,0.7906802684670762
2011-09-12,1489,1483,1474,0.1050912760814718,0.11269115120626996,0.9959704499664204,0.9939312204989885,0.9857490761025967,0.7967970524752472
2011-09-13,1474,1468,1459,0.11471360439676338,0.11585716211546755,0.9959294436906377,0.9938692098092643,0.9847196453310763,0.7935809936086017
2011-09-14,1476,1470,1462,0.10352636688038187,0.10337307653281486,0.9959349593495935,0.9945578231292517,0.9896927493095123,0.7991805492638169
2011-09-15,1481,1474,1466,0.13561749396256473,0.1262375180844181,0.9952734638757597,0.994572591587517,0.990004524711796,0.7900333269292873
2011-09-16,1486,1479,1472,0.07028188226613266,0.06175626819354654,0.9952893674293405,0.9952670723461798,0.9896792156833691,0.7935496185619079
2011-09-19,1487,1481,1474,0.07631587741736516,0.07106194508301653,0.995965030262273,0.9952734638757597,0.9905654723831979,0.790072871176321
2011-09-20,1483,1477,1469,-0.04991158151331311,-0.06991063377419415,0.9959541469993257,0.994583615436696,0.9871488170923441,0.7736725833608467
2011-09-21,1484,1478,1470,-0.056204317091979546,-0.08454523335152717,0.9959568733153639,0.9945872801082544,0.9833563322293035,0.770206824510127
2011-09-22,1477,1471,1463,-0.1779629193374906,-0.19357364749342604,0.995937711577522,0.9945615227736234,0.9848987033083035,0.7748953215224627
2011-09-23,1469,1463,1456,-0.18620759335130208,-0.20937148135140043,0.9959155888359428,0.9952153110047847,0.991603848562417,0.7665264586032473
2011-09-26,1480,1474,1468,-0.23165262754372887,-0.2640542128354811,0.995945945945946,0.9959294436906377,0.9851702713481226,0.7452037696165724
2011-09-27,1477,1471,1465,-0.17972204446329745,-0.2089324641519151,0.995937711577522,0.9959211420802175,0.984301610367651,0.7405074081877298
2011-09-28,1485,1480,1474,-0.2765468175167147,-0.294832084809884,0.9966329966329966,0.995945945945946,0.9858332534857159,0.7354769392304272
2011-09-29,1476,1470,1464,-0.31704065784806773,-0.33470385474731945,0.9959349593495935,0.9959183673469387,0.9890864112439719,0.7221421703453756
2011-09-30,1471,1465,1460,-0.3562860106738517,-0.3852612438792572,0.9959211420802175,0.9965870307167235,0.9856841874102796,0.7154149583368353
2011-10-03,1452,1446,1442,-0.3114722982408527,-0.34395745008655393,0.9958677685950413,0.9972337482710927,0.9843485724586288,0.6936587227469669
2011-10-04,1437,1432,1428,-0.2219081526386354,-0.25132785816590253,0.9965205288796103,0.9972067039106145,0.9880536638446749,0.687015820131189
2011-10-05,1453,1446,1443,-0.2065260690550902,-0.22746752168799877,0.9951823812801102,0.9979253112033195,0.9846160305017396,0.6644807532843651
2011-10-06,1461,1454,1449,-0.20544755055973762,-0.2345824640954976,0.9952087611225188,0.9965612104539202,0.9884951988884684,0.6643564571525348
2011-10-07,1471,1464,1459,-0.25985827093491215,-0.2807260026302488,0.9952413324269205,0.9965846994535519,0.9904258468129983,0.6641570943211621
2011-10-10,1468,1461,1456,-0.2254462033784969,-0.2515871586048266,0.9952316076294278,0.9965776865160849,0.9822549775849075,0.6548909517843825
2011-10-11,1471,1464,1458,-0.24229561958226328,-0.26823762445952376,0.9952413324269205,0.9959016393442623,0.9842151309065267,0.6672752294921205
2011-10-12,1473,1467,1460,-0.1357272929696938,-0.15934435019637677,0.9959266802443992,0.9952283571915473,0.9800454499242363,0.6445694891661892
2011-10-13,1475,1469,1462,-0.16275013734430413,-0.1769743787594913,0.9959322033898305,0.9952348536419333,0.984810524944097,0.6498088803661881
2011-10-14,1474,1468,1461,-0.13526366441117127,-0.16037996857061393,0.9959294436906377,0.9952316076294278,0.9796920099963673,0.6561219341138296
2011-10-17,1471,1465,1459,-0.17104784527479586,-0.20108018557562302,0.9959211420802175,0.9959044368600682,0.9794509978081061,0.6630262724747575
2011-10-18,1453,1448,1442,-0.12590213528647903,-0.15481789668404944,0.9965588437715073,0.9958563535911602,0.9781704958501221,0.6859480882368225
2011-10-19,1455,1449,1442,-0.1659734210819076,-0.20014410846694258,0.9958762886597938,0.9951690821256038,0.9793662034561839,0.682432240964723
2011-10-20,1455,1449,1442,-0.12030745202779629,-0.1482795558983212,0.9958762886597938,0.9951690821256038,0.9862307274107299,0.6874560643187336
2011-10-21,1458,1452,1446,-0.08699686382665732,-0.08777039907571689,0.9958847736625515,0.9958677685950413,0.9785531606452675,0.6924366790326235
2011-10-24,1443,1437,1431,0.000587554128014257,0.010203055438640996,0.9958419958419958,0.9958246346555324,0.9747798635118126,0.6857034072007121
2011-10-25,1453,1446,1440,0.0035780518492012463,0.014840172408776534,0.9951823812801102,0.995850622406639,0.9756161845582085,0.7056885827715582
2011-10-26,1454,1448,1442,0.13027430439865237,0.14706428854505632,0.9958734525447043,0.9958563535911602,0.9849027874522304,0.7205986883003984
2011-10-27,1453,1447,1441,0.19961874526061368,0.24627803241250965,0.9958706125258087,0.9958534899792675,0.9757698729415423,0.7258516770566721
2011-10-28,1464,1458,1452,0.1969550811273485,0.23606925209360044,0.9959016393442623,0.9958847736625515,0.9845197172996207,0.7290489424287693
2011-10-31,1481,1475,1468,0.1541439847060062,0.17662387593374917,0.9959486833220796,0.9952542372881356,0.9843126624647444,0.697132197495704
2011-11-01,1476,1470,1463,0.05796057831735691,0.04828904566549288,0.9959349593495935,0.9952380952380953,0.9744857960208185,0.7101765291638035
2011-11-02,1464,1458,1453,0.06469010441119773,0.06167149538988654,0.9959016393442623,0.9965706447187929,0.9824567915229179,0.7170775901895516
2011-11-03,1462,1456,1450,0.11929346492650499,0.10463967779819847,0.9958960328317373,0.9958791208791209,0.9826821593785667,0.6922146223930058
2011-11-04,1464,1458,1450,0.12251790789639831,0.11360946483536807,0.9959016393442623,0.9945130315500685,0.9827415785031243,0.681861364343824
2011-11-07,1474,1468,1461,0.11801592641797,0.12469046510742876,0.9959294436906377,0.9952316076294278,0.982624442801004,0.6817532985473813
2011-11-08,1472,1465,1458,0.14653898243005795,0.13900400756419565,0.9952445652173914,0.995221843003413,0.9835423539537904,0.6785896723965773
2011-11-09,1478,1471,1464,0.13553658478968525,0.1273841230900835,0.9952638700947226,0.9952413324269205,0.9748921315353305,0.6723336123484057
2011-11-10,1476,1469,1463,0.11281544666012348,0.1254454801491671,0.9952574525745257,0.9959155888359428,0.9830963951643545,0.6706237384712228
2011-11-11,1478,1470,1463,0.14960896928487977,0.18470460454327856,0.9945872801082544,0.9952380952380953,0.9841087393022148,0.6949350103679296
2011-11-14,1487,1478,1470,0.14981580308743064,0.18431316535103098,0.9939475453934096,0.9945872801082544,0.9821037277059017,0.7019549856440951
2011-11-15,1487,1479,1471,0.19594137020919467,0.21572103555458771,0.9946200403496974,0.9945909398242055,0.9759680765995371,0.6997376978390842
2011-11-16,1487,1479,1471,0.23474052231041576,0.24605559223364212,0.9946200403496974,0.9945909398242055,0.9845881622881206,0.6936024939321022
2011-11-17,1477,1469,1461,0.2144515415929881,0.2071151861715319,0.994583615436696,0.9945541184479237,0.9833924522044935,0.681371006378622
2011-11-18,1475,1468,1460,0.21514365920426515,0.21174190881863345,0.9952542372881356,0.9945504087193461,0.985093657647194,0.6925148600465394
2011-11-21,1479,1470,1462,0.1590185542057046,0.16270679594823514,0.9939148073022313,0.9945578231292517,0.9814144698596058,0.6978821632761956
2011-11-22,1465,1456,1447,0.147631388870796,0.15948329557352775,0.9938566552901024,0.9938186813186813,0.9826417568482596,0.6961806039091654
2011-11-23,1467,1458,1449,0.030029645074468907,0.03302353953252261,0.9938650306748467,0.9938271604938271,0.9802303786356733,0.6933088286279272
2011-11-25,1457,1448,1439,0.030116583002086302,0.02689115516074332,0.9938229238160604,0.9937845303867403,0.972184022538664,0.7173709655887511
2011-11-28,1448,1439,1431,0.0790291471984464,0.0750635085725209,0.9937845303867403,0.9944405837387075,0.974964361252579,0.7323932452596549
2011-11-29,1434,1425,1417,0.05694005362248022,0.05753576068181866,0.9937238493723849,0.9943859649122807,0.9836693233384797,0.7354575401177966
2011-11-30,1428,1419,1411,0.10016843088789482,0.10764583754540444,0.9936974789915967,0.9943622269203665,0.9832774172075205,0.726349167801152
2011-12-01,1425,1416,1409,0.09108253268410396,0.08754763090412145,0.9936842105263158,0.9950564971751412,0.9779495112968339,0.7196108557376619
2011-12-02,1434,1425,1420,0.025637980210682056,0.004808433810352335,0.9937238493723849,0.9964912280701754,0.970449360387218,0.7240289519939734
2011-12-05,1436,1427,1422,0.053085526433168856,0.004456233209873885,0.9937325905292479,0.9964961457603364,0.9797722559305309,0.7456222213198842
2011-12-06,1426,1418,1414,-0.029568053372463543,-0.05869046603004766,0.9943899018232819,0.997179125528914,0.9814018447880326,0.7549650542026762
2011-12-07,1425,1417,1413,-0.06367720581531815,-0.0654959026462233,0.9943859649122807,0.9971771347918137,0.9809917265061341,0.7503448578396529
2011-12-08,1426,1417,1413,-0.07575284339792372,-0.09553488903731625,0.9936886395511921,0.9971771347918137,0.9826314027410131,0.7349144687266969
2011-12-09,1419,1411,1409,-0.09143875288655441,-0.11083815633953054,0.9943622269203665,0.9985825655563431,0.9825442557591562,0.718673782239857
2011-12-12,1415,1407,1406,-0.13108820234354052,-0.15198198784649372,0.9943462897526502,0.9992892679459844,0.9834295838142803,0.7345266196057264
2011-12-13,1415,1407,1405,-0.17132579430242034,-0.18326118416022888,0.9943462897526502,0.9985785358919688,0.9842997430233349,0.7262736300483477
2011-12-14,1412,1404,1402,-0.16815994396138043,-0.16904895695988367,0.9943342776203966,0.9985754985754985,0.9863255814803766,0.7183767349153544
2011-12-15,1411,1403,1401,-0.17847044441667864,-0.1835434499244841,0.9943302622253721,0.9985744832501782,0.9846331121342833,0.7115817426096608
2011-12-16,1415,1407,1403,-0.1645011645154404,-0.16277737684738983,0.9943462897526502,0.9971570717839374,0.9851003476424951,0.6779236229046979
2011-12-19,1421,1413,1408,-0.1925408779593788,-0.19794923491177843,0.9943701618578465,0.9964614295824487,0.9862381269971131,0.6942647775041995
2011-12-20,1432,1423,1419,-0.17032275986159195,-0.191532802944871,0.9937150837988827,0.9971890372452565,0.9859710997751977,0.6926372505330347
2011-12-21,1437,1427,1423,-0.17396496800820777,-0.19175126591107294,0.9930410577592206,0.9971969166082691,0.9878133046726677,0.6821918454303816
2011-12-22,1442,1432,1428,-0.1512002427388112,-0.17257020016712327,0.9930651872399445,0.9972067039106145,0.9898456020775547,0.6509117526871869
2011-12-23,1446,1436,1432,-0.18779532684095035,-0.1786902166592418,0.9930843706777317,0.9972144846796658,0.9909204165826276,0.6623314866745923
2011-12-27,1447,1437,1433,-0.18382074957588515,-0.18025783484861865,0.9930891499654457,0.9972164231036882,0.9820083379148793,0.6488780787193584
2011-12-28,1448,1438,1433,-0.22437348742716126,-0.2006254512975602,0.9930939226519337,0.9965229485396384,0.989165076899157,0.6538533894081466
2011-12-29,1439,1429,1424,-0.2223668450993398,-0.19201871924990013,0.9930507296733843,0.9965010496850945,0.9866397677336208,0.6665409774185721
2011-12-30,1433,1424,1418,-0.1948715596466592,-0.16768235960443922,0.9937194696441033,0.9957865168539326,0.981015361194901,0.6612476608092558
2012-01-03,1421,1412,1406,-0.1556231599031566,-0.1313200450044792,0.9936664320900774,0.9957507082152974,0.9860769721815525,0.6376630491277768
2012-01-04,1414,1405,1399,-0.17874399013474057,-0.14367596369308203,0.9936350777934936,0.995729537366548,0.9871849226172963,0.6330818341361115
2012-01-05,1412,1403,1397,-0.1509385182035687,-0.1281376351125255,0.9936260623229461,0.9957234497505346,0.9819894312433481,0.6131759083202712
2012-01-06,1402,1393,1387,-0.14199114522239303,-0.11753663788096318,0.9935805991440799,0.9956927494615937,0.9855177534098447,0.650522174268811
2012-01-09,1405,1396,1390,-0.15317627493245892,-0.11800732495196886,0.993594306049822,0.995702005730659,0.9831054465749571,0.6697330989894592
2012-01-10,1411,1403,1397,-0.12064006147710023,-0.10303632533877763,0.9943302622253721,0.9957234497505346,0.9830576422884345,0.680194033528975
2012-01-11,1413,1405,1398,-0.06497112551178585,-0.061684070372815175,0.9943382873319179,0.9950177935943061,0.981317749282405,0.6682887711765405
2012-01-12,1410,1402,1395,-0.03869771958651115,-0.05100543356580522,0.9943262411347518,0.9950071326676176,0.9752853592116685,0.6484739846387053
2012-01-13,1412,1404,1397,-0.0841902823098974,-0.10592879837366682,0.9943342776203966,0.9950142450142451,0.9886069231139887,0.6331755740805718
2012-01-17,1410,1403,1396,-0.0762399175781561,-0.1072170571188412,0.9950354609929078,0.9950106913756237,0.9737813161989604,0.6074754310863305
2012-01-18,1403,1397,1391,-0.09961124508126565,-0.1481488494719482,0.9957234497505346,0.9957050823192556,0.979180219762246,0.6021633313668467
2012-01-19,1403,1397,1390,-0.09493301443662475,-0.14076456178733504,0.9957234497505346,0.9949892627057981,0.9726118381556766,0.5992880401416945
2012-01-20,1375,1369,1361,-0.11076734883861265,-0.16332395866871516,0.9956363636363637,0.9941563184806428,0.974877572408509,0.6240771334613151
2012-01-23,1377,1371,1362,-0.12119777896144146,-0.16141108675536348,0.9956427015250545,0.9934354485776805,0.9812784159257325,0.632738076810897
2012-01-24,1377,1371,1361,-0.12908754819776883,-0.18032991190760114,0.9956427015250545,0.9927060539752006,0.9768618985984914,0.6264753708012554
2012-01-25,1374,1368,1358,-0.08195648616706021,-0.12680047465478664,0.9956331877729258,0.9926900584795322,0.9760899083102762,0.647132095406051
2012-01-26,1379,1373,1362,-0.13334246638343256,-0.1754091283980615,0.9956490210297317,0.9919883466860888,0.9735060245879646,0.658077212794853
2012-01-27,1391,1385,1374,-0.0654866371795336,-0.13503882134524883,0.99568655643422,0.992057761732852,0.97221062630249,0.6477490962996084
2012-01-30,1407,1401,1391,-0.051955163543660976,-0.11671855752711599,0.9957356076759062,0.9928622412562456,0.976032635738642,0.6558183231543369
2012-01-31,1406,1400,1391,-0.031942529555411846,-0.08750885258227885,0.9957325746799431,0.9935714285714285,0.9600662795192835,0.6165268001206441
2012-02-01,1407,1400,1391,-0.04492810189985169,-0.08624696167605445,0.9950248756218906,0.9935714285714285,0.9677348107766173,0.6714667885485348
2012-02-02,1416,1409,1400,-0.0388077296171771,-0.08304097822790428,0.9950564971751412,0.99361249112846,0.9756733072701416,0.6812882640122312
2012-02-03,1426,1420,1411,-0.0026099184427747354,-0.03636541222451139,0.9957924263674615,0.9936619718309859,0.9789828693267214,0.7072259526554528
2012-02-06,1433,1427,1418,0.029673850233094882,-0.01570126127021033,0.9958129797627355,0.9936930623686054,0.979456629501899,0.7087899316627391
2012-02-07,1446,1440,1430,0.033911854424517884,-0.013206768496785355,0.995850622406639,0.9930555555555556,0.9844966411556535,0.7293145374004536
2012-02-08,1444,1438,1429,-0.0022532625327550673,-0.0515811772305412,0.9958448753462604,0.9937413073713491,0.9830630043710963,0.7397269450131042
2012-02-09,1444,1439,1429,-0.0118558013678963,-0.05545487731714215,0.9965373961218836,0.9930507296733843,0.9818958063983397,0.7457334802733973
2012-02-10,1444,1439,1430,-0.013621905488771449,-0.04414881338181708,0.9965373961218836,0.9937456567060459,0.9823978797018985,0.7551631843733518
2012-02-13,1444,1439,1430,0.019630342221672186,0.009084426304543317,0.9965373961218836,0.9937456567060459,0.9835033961574609,0.7608895135295741
2012-02-14,1449,1444,1435,0.05904120191895164,0.051533824297346,0.9965493443754313,0.9937673130193906,0.9811492449173805,0.7484784245852734
2012-02-15,1447,1441,1432,0.11223046271094621,0.09933351989061824,0.9958534899792675,0.9937543372657877,0.9817600721540097,0.7560060599338326
2012-02-16,1446,1440,1432,0.04781846562467565,0.022895252187387475,0.995850622406639,0.9944444444444445,0.9852758554929527,0.7483791969678782
2012-02-17,1452,1446,1439,0.06861858050983557,0.05104050181012868,0.9958677685950413,0.9951590594744122,0.9836084853249191,0.7361549214652509
2012-02-21,1461,1455,1448,0.1186583298422987,0.07626402022604051,0.9958932238193019,0.9951890034364261,0.9861803196285291,0.7302957372585565
2012-02-22,1460,1454,1448,0.15051358669112438,0.11258601418591827,0.9958904109589041,0.9958734525447043,0.9868194980835192,0.7301784472240914
2012-02-23,1464,1458,1454,0.1333065803769058,0.09465624679674413,0.9959016393442623,0.9972565157750343,0.9829742148640734,0.705488793965669
2012-02-24,1461,1455,1451,0.12271253458863826,0.09916731987196842,0.9958932238193019,0.9972508591065292,0.9856847402927078,0.6932592929693795
2012-02-27,1466,1461,1457,0.09071909718829732,0.07408210901881301,0.9965893587994543,0.9972621492128679,0.987062622579026,0.6815055001510605
2012-02-28,1461,1456,1452,0.12254137439103192,0.09714168572449815,0.9965776865160849,0.9972527472527473,0.9886832783191654,0.6681958236343236
2012-02-29,1470,1465,1460,0.12936884439534468,0.12284446160222873,0.9965986394557823,0.9965870307167235,0.9852723593651493,0.6520588365469681
2012-03-01,1479,1474,1469,0.12545260542661246,0.10775009996393618,0.9966193373901284,0.9966078697421981,0.9856274465156772,0.6723108763349007
2012-03-02,1481,1476,1471,0.1370135074269834,0.13663958763241055,0.9966239027683997,0.9966124661246613,0.9868062301220294,0.6800459920773765
2012-03-05,1470,1465,1458,0.12746492668243928,0.1427265808905614,0.9965986394557823,0.995221843003413,0.9853726553455376,0.6871860476596419
2012-03-06,1468,1463,1456,0.13510757149070604,0.14061928526369658,0.9965940054495913,0.9952153110047847,0.9879696493005243,0.7111494726269427
2012-03-07,1463,1458,1451,0.09478240415092556,0.09139000451531648,0.9965823650034177,0.99519890260631,0.9874951764540051,0.725863428594296
2012-03-08,1469,1464,1458,0.07360306204944649,0.059601135634070705,0.9965963240299524,0.9959016393442623,0.9875202569275844,0.7384898707635422
2012-03-09,1469,1464,1458,0.024500898366578806,0.013276478182438545,0.9965963240299524,0.9959016393442623,0.983379010110579,0.7481085122459724
2012-03-12,1471,1466,1460,-0.03059564435935658,-0.03248503260402101,0.9966009517335146,0.9959072305593452,0.9864597829720819,0.7734709523690292
2012-03-13,1471,1465,1459,-0.03130166323215531,-0.06827777041722295,0.9959211420802175,0.9959044368600682,0.9859909277494454,0.7910385530346193
2012-03-14,1476,1471,1465,-0.037094115840521,-0.07228791147240236,0.9966124661246613,0.9959211420802175,0.9854471788783535,0.7723256044800849
2012-03-15,1479,1474,1468,-0.10456913696827956,-0.16432150940040482,0.9966193373901284,0.9959294436906377,0.979008861369618,0.7749131869530643
2012-03-16,1485,1480,1474,-0.07619279790756257,-0.12666427823725665,0.9966329966329966,0.995945945945946,0.9810753753482404,0.785987595812069
2012-03-19,1482,1477,1472,-0.09651558661973689,-0.13293598234361018,0.9966261808367072,0.996614759647935,0.9839129963583904,0.7777482460234423
2012-03-20,1489,1483,1478,-0.09895335107947358,-0.14038355645592585,0.9959704499664204,0.9966284558327714,0.9857528449552831,0.7794590353170711
2012-03-21,1493,1487,1482,-0.09910065630560914,-0.14740659637754028,0.9959812458137978,0.9966375252185609,0.9851897424261233,0.7735381600110098
2012-03-22,1491,1485,1480,-0.077993257380117,-0.12331942410640401,0.9959758551307847,0.9966329966329966,0.9790703985509025,0.7442848775729324
2012-03-23,1491,1484,1479,-0.08599616280774605,-0.15068286219559665,0.9953051643192489,0.9966307277628033,0.98551592148865,0.7192326901640382
2012-03-26,1491,1484,1479,-0.060037050775746996,-0.12592831476979507,0.9953051643192489,0.9966307277628033,0.9829134249382842,0.7050771134183361
2012-03-27,1492,1485,1479,-0.047333488166224916,-0.1072590268068506,0.9953083109919572,0.9959595959595959,0.9653260869207619,0.7195193116112175
2012-03-28,1489,1481,1475,-0.043443533415724656,-0.05188790909595738,0.9946272666218939,0.9959486833220796,0.978099738452378,0.7095590316946561
2012-03-29,1477,1469,1463,-0.010694310195218599,-0.016085824049196375,0.994583615436696,0.9959155888359428,0.9846774365121904,0.6929152898877718
2012-03-30,1468,1460,1452,-0.031518247476636056,-0.044478336328959936,0.9945504087193461,0.9945205479452055,0.9855196311824198,0.665883565302869
2012-04-02,1457,1449,1443,-0.016888696007511562,-0.03748941223055737,0.9945092656142759,0.9958592132505176,0.9886747751594028,0.670666440989241
2012-04-03,1456,1447,1439,-0.04205534297750235,-0.05237699195501954,0.9938186813186813,0.9944713199723566,0.9855636911155718,0.6726637347017527
2012-04-04,1459,1449,1441,-0.04373495333452656,-0.04497626715536004,0.9931459904043866,0.9944789510006902,0.9871118773331086,0.6730305515544386
2012-04-05,1450,1440,1431,-0.07025502535526493,-0.06496319873045925,0.993103448275862,0.99375,0.9812627004448496,0.6660053530641733
2012-04-09,1458,1448,1440,-0.011291711507628104,-0.022708231758727992,0.9931412894375857,0.994475138121547,0.9865172890449113,0.6574905796423168
2012-04-10,1446,1437,1429,0.0192768655151298,-0.007057561875822314,0.9937759336099585,0.9944328462073765,0.9873855743011072,0.6754140753879517
2012-04-11,1445,1436,1428,-0.009622628573526722,-0.039174446602496436,0.9937716262975779,0.9944289693593314,0.9829608269515437,0.6676777941036732
2012-04-12,1461,1452,1444,-0.024726115256435848,-0.05814340046816157,0.9938398357289527,0.9944903581267218,0.9850538600097459,0.6642257388499235
2012-04-13,1453,1445,1439,-0.02974396706014838,-0.0555124273379204,0.9944941500344116,0.995847750865052,0.9817562291248226,0.6496176575353592
2012-04-16,1446,1438,1431,-0.05151575457932204,-0.09092356702243919,0.9944674965421854,0.9951321279554938,0.9787715878059706,0.6479141219769191
2012-04-17,1443,1435,1428,-0.06771798874520507,-0.12258393465924936,0.9944559944559944,0.9951219512195122,0.9830367566329701,0.6257197855201931
2012-04-18,1422,1414,1407,-0.06567646876375464,-0.10128521566807117,0.9943741209563994,0.995049504950495,0.9781438036676088,0.6087593354165849
2012-04-19,1418,1410,1402,-0.09491978814294885,-0.11618418732633107,0.9943582510578279,0.9943262411347518,0.9701415139596177,0.6147702292834797
2012-04-20,1412,1404,1395,-0.10091001295466974,-0.11854070780503807,0.9943342776203966,0.9935897435897436,0.964151853905263,0.6546251107102432
2012-04-23,1419,1410,1401,-0.07173014155137356,-0.09479645605259981,0.9936575052854123,0.9936170212765958,0.9712254077872906,0.6809281278679763
2012-04-24,1417,1408,1400,-0.061338676945111505,-0.08707956192105933,0.9936485532815809,0.9943181818181818,0.9827785011991179,0.6909411553703273
2012-04-25,1426,1418,1409,-0.05494920210365001,-0.07914343392778946,0.9943899018232819,0.9936530324400564,0.9817456793801378,0.6859792457094396
2012-04-26,1421,1413,1404,-0.020072983961314475,-0.03966777312556435,0.9943701618578465,0.9936305732484076,0.9766509577937241,0.6837144911705741
2012-04-27,1421,1412,1405,-0.03446752227269454,-0.054326083975831115,0.9936664320900774,0.9950424929178471,0.9638305745069287,0.7046942510543445
2012-04-30,1422,1413,1405,-0.002676739105714302,-0.0024010438320233893,0.9936708860759493,0.9943382873319179,0.9820734677729279,0.7232127509950185
2012-05-01,1430,1422,1415,0.013818793954596703,0.008525856350212023,0.9944055944055944,0.9950773558368495,0.9822027975337426,0.7199658292802399
2012-05-02,1434,1427,1420,-0.006880929948635189,0.00011409965117776578,0.995118549511855,0.9950946040644709,0.9803708136437079,0.7217725163252521
2012-05-03,1436,1429,1422,-0.0572929344131312,-0.05617139326589595,0.995125348189415,0.9951014695591323,0.9822552243897059,0.7277417708277395
2012-05-04,1434,1427,1420,-0.054086932680354,-0.06560008254570168,0.995118549511855,0.9950946040644709,0.9759279401483254,0.7349367195100575
2012-05-07,1441,1434,1428,-0.05292741873746217,-0.0728651638236218,0.9951422623178349,0.99581589958159,0.9825762868883026,0.7474937572915022
2012-05-08,1449,1442,1437,-0.02252737913697039,-0.06134534548009678,0.9951690821256038,0.9965325936199723,0.9858893501106633,0.7467699881005027
2012-05-09,1453,1446,1439,-0.014368508674593002,-0.042081327404062556,0.9951823812801102,0.9951590594744122,0.9847502721093443,0.7313260122261661
2012-05-10,1452,1445,1439,0.00974661387241626,-0.024651408878377454,0.9951790633608816,0.995847750865052,0.9821699659019308,0.7349583388839409
2012-05-11,1456,1449,1443,0.024234269150704833,-0.0018919221646274032,0.9951923076923077,0.9958592132505176,0.9806377634783046,0.7401768084699647
2012-05-14,1457,1450,1444,0.015266284450954072,-0.006845703547483431,0.9951956074124915,0.9958620689655172,0.9807363490620123,0.7531333726175119
2012-05-15,1458,1452,1446,0.007538980126684215,-0.01411274976073875,0.9958847736625515,0.9958677685950413,0.9879459328187219,0.7546452084285661
2012-05-16,1458,1452,1447,0.0475380827897759,0.02751037883058392,0.9958847736625515,0.9965564738292011,0.9890775581581529,0.7531422906615698
2012-05-17,1452,1446,1442,0.08471704916562604,0.0734789836546303,0.9958677685950413,0.9972337482710927,0.9871104949021975,0.7374043974924009
2012-05-18,1447,1442,1437,0.09585655831865295,0.0873392840578344,0.9965445749827229,0.9965325936199723,0.9871347624554268,0.7241117021896495
2012-05-21,1443,1438,1433,0.08997206790180066,0.07728079080700084,0.9965349965349966,0.9965229485396384,0.9809204241773083,0.7288673302573582
2012-05-22,1447,1441,1437,0.08305955430630785,0.08465780872670792,0.9958534899792675,0.9972241498959056,0.9836390221931008,0.7307539002477231
2012-05-23,1445,1439,1434,0.07269121672320018,0.06192035021060189,0.995847750865052,0.9965253648366922,0.975973626810344,0.7409471042522949
2012-05-24,1442,1436,1431,0.03956964845792547,0.03007237073854546,0.9958391123439667,0.9965181058495822,0.9783192031097155,0.7543749184254819
2012-05-25,1437,1430,1427,0.02343932260746714,0.0031828427655206945,0.9951287404314544,0.9979020979020979,0.9750656191540071,0.7663521307807956
2012-05-29,1431,1424,1420,0.044652515238346076,0.015517728581677576,0.9951083158630328,0.9971910112359551,0.9803447972369774,0.7641038718757848
2012-05-30,1418,1411,1407,0.024317234719973234,0.011819727439817858,0.9950634696755994,0.997165131112686,0.9836023820041592,0.759431592492861
2012-05-31,1423,1414,1410,-0.023082925440196474,-0.016954823721105607,0.9936753338018272,0.9971711456859972,0.9806968811574439,0.747359210201139
2012-06-01,1417,1408,1403,0.0028344338482340302,0.028138378314229374,0.9936485532815809,0.9964488636363636,0.9841290496185213,0.7366558259699412
2012-06-04,1416,1407,1402,0.05248071698758294,0.06424961541296224,0.9936440677966102,0.9964463397299218,0.9785639955945938,0.7331898071806348
2012-06-05,1409,1401,1394,0.03235523485695329,0.038312863189549136,0.9943222143364088,0.9950035688793719,0.9869374911843078,0.7163580283023367
2012-06-06,1406,1398,1389,0.045302685096944066,0.055052335721503816,0.9943100995732574,0.9935622317596566,0.980165137446247,0.7045336760744556
2012-06-07,1403,1395,1386,0.055610575033546446,0.061712632260187035,0.9942979330007128,0.9935483870967742,0.9824932115768776,0.6966627009847802
2012-06-08,1393,1385,1376,0.03761002088847603,0.03240051679586562,0.994256999282125,0.9935018050541516,0.982888796543335,0.6931425068128488
2012-06-11,1398,1390,1381,0.05197755605093127,0.034001671114025446,0.994277539341917,0.9935251798561151,0.9864399748412976,0.7033211899362805
2012-06-12,1389,1379,1371,0.033013977706798786,0.005615615113597565,0.9928005759539237,0.994198694706309,0.9875203533390928,0.6816159902920746
2012-06-13,1388,1378,1370,0.024847255056211093,-0.019924866518547687,0.9927953890489913,0.9941944847605225,0.9850425539872769,0.6707576721575603
2012-06-14,1383,1373,1365,0.023803668895706575,-0.02323180527025041,0.9927693420101229,0.9941733430444283,0.9834637904479937,0.6751673312801846
2012-06-15,1386,1374,1367,-0.02079629237054773,-0.05759509955499267,0.9913419913419913,0.99490538573508,0.9811723456132121,0.6926765933307845
2012-06-18,1381,1369,1362,-0.03363902713390565,-0.06876817686173975,0.9913106444605359,0.9948867786705624,0.9903368948515293,0.6917354305109823
2012-06-19,1390,1379,1371,-0.031001931335298716,-0.06784804967774681,0.9920863309352518,0.994198694706309,0.9890563701105172,0.6863738210435172
2012-06-20,1383,1371,1364,-0.06718588167539463,-0.09728279435992496,0.9913232104121475,0.9948942377826404,0.9901713925886784,0.6568548878113344
2012-06-21,1388,1376,1369,-0.10200809174896681,-0.13581397950576962,0.9913544668587896,0.9949127906976745,0.9916864906560786,0.6509270700254324
2012-06-22,1384,1372,1365,-0.1008211238321004,-0.13985507242957768,0.9913294797687862,0.9948979591836735,0.9914702522926185,0.6426302893620165
2012-06-25,1392,1381,1374,-0.07835960734431198,-0.12848505589132211,0.9920977011494253,0.9949312092686459,0.97903609684337,0.6528101853598195
2012-06-26,1426,1415,1408,-0.08533336752526013,-0.14525126784436598,0.9922861150070126,0.995053003533569,0.9858911688873481,0.6244218308032968
2012-06-27,1423,1413,1406,-0.06352284348842879,-0.1100897813217467,0.9929725931131412,0.9950460014154282,0.9825052075067825,0.6304051889548664
2012-06-28,1423,1413,1406,-0.054559651315856314,-0.09690881260938822,0.9929725931131412,0.9950460014154282,0.9826935714126707,0.622063416260967
2012-06-29,1424,1415,1407,-0.04453654315056361,-0.1001294460274232,0.9936797752808989,0.9943462897526502,0.980804101974281,0.6376987682766856
2012-07-02,1423,1413,1408,-0.06261087033914768,-0.1251460261691002,0.9929725931131412,0.9964614295824487,0.9788128610426606,0.6630511596810175
2012-07-03,1423,1413,1411,-0.04324743040782216,-0.08419523431559994,0.9929725931131412,0.9985845718329794,0.9804313495973735,0.6599133058465289
2012-07-05,1426,1414,1409,-0.012422073604884412,-0.057621498058213795,0.9915848527349228,0.9964639321074965,0.9828119658996162,0.653624288222643
2012-07-06,1420,1408,1403,-0.006725374157209689,-0.04746958436576058,0.9915492957746479,0.9964488636363636,0.9811467062819874,0.6671933828365841
2012-07-09,1419,1405,1399,-0.006064036317457495,-0.052108473732441755,0.9901338971106413,0.995729537366548,0.9848074913753364,0.672227543776731
2012-07-10,1416,1403,1397,-0.05215181173617058,-0.09268066456672848,0.990819209039548,0.9957234497505346,0.9770024926435886,0.6684151165979225
2012-07-11,1416,1404,1398,-0.056399971078441,-0.09981345762877104,0.9915254237288136,0.9957264957264957,0.9838172837009145,0.6907330204119669
2012-07-12,1417,1404,1398,-0.07290400947441945,-0.11637317459350208,0.9908256880733946,0.9957264957264957,0.9842760228081813,0.6906936011244196
2012-07-13,1411,1399,1392,-0.10417213100191357,-0.14841276445583837,0.9914953933380581,0.9949964260185847,0.9863134264731731,0.7004057454941875
2012-07-16,1415,1403,1396,-0.09899001669855505,-0.14020266536669213,0.9915194346289753,0.9950106913756237,0.9860352046160688,0.7167790229580097
2012-07-17,1407,1396,1390,-0.09404583353411494,-0.1368711467452733,0.992181947405828,0.995702005730659,0.9782902443307091,0.7005854273583301
2012-07-18,1396,1386,1379,-0.06707834383529762,-0.1184202883144763,0.9928366762177651,0.9949494949494949,0.9758300820332477,0.69463932219542
2012-07-19,1393,1383,1376,-0.06436496918509894,-0.13082762877290918,0.9928212491026561,0.9949385394070861,0.981660374857339,0.6943304256669574
2012-07-20,1389,1379,1372,-0.061597607024672964,-0.1183793969832318,0.9928005759539237,0.9949238578680203,0.9854119897138244,0.6910250523499311
2012-07-23,1380,1369,1362,-0.06443323794453121,-0.11645861583160376,0.9920289855072464,0.9948867786705624,0.9808969798401473,0.6751062457045569
2012-07-24,1383,1370,1362,-0.08093423637852261,-0.14088891265023362,0.9906001446131598,0.9941605839416059,0.9772873433691499,0.6661769130756846
2012-07-25,1342,1329,1322,-0.07542407992655434,-0.1257362357443555,0.9903129657228018,0.9947328818660647,0.9779227071037612,0.689736151303429
2012-07-26,1347,1334,1327,-0.07006494278529582,-0.12402010631292412,0.9903489235337788,0.9947526236881559,0.9776732555465245,0.6852167158744217
2012-07-27,1345,1332,1326,-0.041736449240922985,-0.07897793954391867,0.9903345724907063,0.9954954954954955,0.9832488191926693,0.6874086866010958
2012-07-30,1351,1337,1331,-0.05261496101199152,-0.09340114250945042,0.9896373056994818,0.9955123410620793,0.9801011498271193,0.6945341084524695
2012-07-31,1355,1340,1333,-0.0540554272488563,-0.07433757523622574,0.988929889298893,0.994776119402985,0.9806914378891328,0.6834819580370756
2012-08-01,1347,1333,1329,-0.06955075197483701,-0.08333897548134804,0.9896065330363771,0.9969992498124531,0.9775885457961869,0.6830882460992536
2012-08-02,1340,1326,1322,-0.09763875105115594,-0.08520542404108028,0.9895522388059701,0.9969834087481146,0.9851325004861512,0.6792598426044612
2012-08-03,1352,1338,1335,-0.07277141385972488,-0.047396349931069524,0.9896449704142012,0.9977578475336323,0.9868818226947222,0.6874171042467015
2012-08-06,1368,1354,1351,-0.0007960619845443055,0.012641907934853334,0.9897660818713451,0.9977843426883308,0.9824700206937592,0.6835489954238431
2012-08-07,1380,1365,1362,0.04711184686940145,0.09272634717010873,0.9891304347826086,0.9978021978021978,0.9835021832207936,0.6771556815167986
2012-08-08,1374,1359,1356,-0.020959194022721905,-0.0016557988080060236,0.9890829694323144,0.9977924944812362,0.9788501386192123,0.6470465335357679
2012-08-09,1381,1367,1365,-0.0533911318044035,-0.054699581814303386,0.9898624185372918,0.9985369422092173,0.9827958564232123,0.6581502464665635
2012-08-10,1379,1365,1363,-0.016749817273278345,-0.028662952094711133,0.9898477157360406,0.9985347985347985,0.9817875742963539,0.6228478534084617
2012-08-13,1388,1375,1372,-0.07240433796124847,-0.07918435296291029,0.9906340057636888,0.9978181818181818,0.9794892097617347,0.6071124613719424
2012-08-14,1383,1370,1368,-0.06906672559555445,-0.08101118868069161,0.9906001446131598,0.9985401459854014,0.9835338459681847,0.6126069226059683
2012-08-15,1381,1368,1366,-0.08588562921197888,-0.09467913213341154,0.9905865314989138,0.9985380116959064,0.9840225029770888,0.6258829731366984
2012-08-16,1381,1368,1366,-0.11152850435918914,-0.11909608437191792,0.9905865314989138,0.9985380116959064,0.981616477301937,0.6502104008750821
2012-08-17,1380,1369,1367,-0.056795471113248355,-0.07627015981626158,0.9920289855072464,0.9985390796201608,0.9800972526998615,0.6447835613519909
2012-08-20,1383,1373,1372,-0.05360338283875897,-0.07376049478651579,0.9927693420101229,0.9992716678805535,0.9816108594870186,0.6576941881371978
2012-08-21,1383,1374,1373,-0.025665265305951347,-0.05202944862614944,0.9934924078091106,0.9992721979621543,0.9756599947233964,0.6451839591751445
2012-08-22,1383,1374,1373,0.0011715198139617504,-0.040084642379119045,0.9934924078091106,0.9992721979621543,0.9753302377269717,0.6536518573031016
2012-08-23,1382,1373,1373,0.005023969111049725,-0.033465259980313744,0.9934876989869754,1.0,0.9715173039750199,0.6740688216328194
2012-08-24,1386,1379,1379,0.004959558650525836,-0.033520476100938466,0.9949494949494949,1.0,0.9818240085315989,0.7079824677750985
2012-08-27,1384,1377,1377,0.010166868317249994,0.0011548405435688127,0.994942196531792,1.0,0.9810037566084474,0.7202927349788786
2012-08-28,1372,1366,1366,0.025084277635130898,0.033160260263887784,0.9956268221574344,1.0,0.9803606165982535,0.7308616342441623
2012-08-29,1364,1358,1358,0.021384388070069094,0.019811540448133998,0.9956011730205279,1.0,0.9757256948809347,0.7315183503211256
2012-08-30,1357,1351,1351,0.0060237922042035656,0.016388332892916392,0.9955784819454679,1.0,0.975816047378423,0.7409582187809587
2012-08-31,1346,1340,1339,0.050298062094328924,0.05412643977438968,0.9955423476968797,0.9992537313432835,0.972388034480442,0.7616690135229772
2012-09-04,1327,1321,1317,0.02902945717818397,0.02929574648480097,0.9954785229841748,0.9969719909159728,0.9749034174912629,0.7464687973955744
2012-09-05,1317,1311,1306,0.10283899454624237,0.053991357024742996,0.9954441913439636,0.996186117467582,0.9726985899355648,0.7571266838058744
2012-09-06,1317,1311,1306,0.10822433707663116,0.07200435080671318,0.9954441913439636,0.996186117467582,0.976702772084444,0.7582359940112486
2012-09-07,1322,1316,1310,0.12597466492742093,0.11986331648538466,0.9954614220877458,0.9954407294832827,0.976562468285255,0.758242528741408
2012-09-10,1337,1331,1323,0.11222503944798055,0.090773413420532,0.9955123410620793,0.9939894815927873,0.9853561634311232,0.758569876347736
2012-09-11,1333,1327,1319,0.12222193015543972,0.11200107494369828,0.9954988747186797,0.9939713639788997,0.9864818160801139,0.7492349144923033
2012-09-12,1336,1330,1321,0.12934388525808374,0.12707542360008464,0.9955089820359282,0.9932330827067669,0.9837655997630272,0.7390383208074478
2012-09-13,1337,1331,1322,0.1397712075920578,0.12923222903856935,0.9955123410620793,0.9932381667918858,0.9886721225703958,0.734310887382054
2012-09-14,1333,1327,1320,0.16096100966763746,0.16732888495584644,0.9954988747186797,0.9947249434815373,0.9833491950776406,0.7307497470179954
2012-09-17,1348,1342,1334,0.14746341953279432,0.1498172287458099,0.9955489614243324,0.9940387481371088,0.9850527954018928,0.715951966969082
2012-09-18,1360,1354,1346,0.14915372253303888,0.1435052596576962,0.9955882352941177,0.9940915805022157,0.983097798246109,0.7210912429110832
2012-09-19,1358,1352,1343,0.17390222533678282,0.16492555727416502,0.9955817378497791,0.9933431952662722,0.9834588631161512,0.7205746213498192
2012-09-20,1367,1361,1353,0.15319647533028394,0.14540991777503146,0.9956108266276518,0.994121969140338,0.9841347287903954,0.7222076016339641
2012-09-21,1368,1362,1354,0.11618395540232758,0.1319974180002307,0.9956140350877193,0.9941262848751835,0.9837733369879033,0.6991861053003708
2012-09-24,1370,1364,1356,0.13143691220228376,0.13055440120662024,0.9956204379562044,0.9941348973607038,0.9858905567788891,0.6831012552060505
2012-09-25,1402,1396,1388,0.10750221275351952,0.09505654512452254,0.9957203994293866,0.994269340974212,0.9858046921093222,0.6727619297562878
2012-09-26,1406,1400,1392,0.11636058655511841,0.09625601330945656,0.9957325746799431,0.9942857142857143,0.9818578383715775,0.6649979134016905
2012-09-27,1418,1411,1402,0.08215655022487092,0.06072771156736272,0.9950634696755994,0.9936215450035436,0.9861225212323076,0.6636970339427726
2012-09-28,1419,1412,1404,0.09226559776277068,0.05774623230659222,0.9950669485553206,0.9943342776203966,0.9844449064784208,0.6585166513028945
2012-10-01,1416,1409,1405,0.08260413481179578,0.04853371965190655,0.9950564971751412,0.9971611071682044,0.9864030213107514,0.6439409670511992
2012-10-02,1419,1412,1407,0.04174990255650307,0.0018917149096842577,0.9950669485553206,0.9964589235127479,0.9819465207499221,0.6400541196311985
2012-10-03,1428,1421,1415,-0.04142137020181843,-0.05311142631302122,0.9950980392156863,0.995777621393385,0.9884741647441776,0.6250537555741646
2012-10-04,1427,1420,1415,-0.0334491027185748,-0.06714356956619014,0.9950946040644709,0.9964788732394366,0.986330928542098,0.6191996352677634
2012-10-05,1424,1416,1412,-0.03392535965491348,-0.07356927479063011,0.9943820224719101,0.9971751412429378,0.9845494919119689,0.6178028013260326
2012-10-08,1417,1409,1405,-0.01003629465842995,-0.04929377487909044,0.9943542695836274,0.9971611071682044,0.9837192304853358,0.6144570595239853
2012-10-09,1411,1403,1400,-0.00857722447128519,-0.040735319617145646,0.9943302622253721,0.9978617248752673,0.978026030066322,0.6044400449249717
2012-10-10,1403,1395,1393,-0.01630479421743201,-0.05944485113654432,0.9942979330007128,0.9985663082437276,0.9790472538266316,0.6068332515395328
2012-10-11,1402,1394,1392,-0.01950693495494627,-0.054735969086969996,0.9942938659058488,0.9985652797704447,0.9821061525993684,0.619301374726627
2012-10-12,1400,1392,1390,0.0010935410023329261,-0.03646332882066555,0.9942857142857143,0.9985632183908046,0.9720444383834764,0.6183019270906355
2012-10-15,1393,1385,1383,-0.018690055902228307,-0.05313350519657082,0.994256999282125,0.9985559566787003,0.9742924935136579,0.6501327955168162
2012-10-16,1388,1380,1376,-0.03553889035323101,-0.06783797390226935,0.9942363112391931,0.9971014492753624,0.9673426794684915,0.6617715199097995
2012-10-17,1389,1381,1379,-0.056934007258451325,-0.08479162575888279,0.994240460763139,0.998551774076756,0.9765072067698558,0.6652359093182406
2012-10-18,1378,1370,1368,-0.06585379661007813,-0.10629100881868565,0.9941944847605225,0.9985401459854014,0.9804720476492659,0.6882582146451898
2012-10-19,1370,1362,1359,-0.04898319450657293,-0.08597083197312518,0.9941605839416059,0.9977973568281938,0.9718152799418046,0.6860810087836772
2012-10-22,1370,1362,1359,-0.0845603020309951,-0.10150716803414205,0.9941605839416059,0.9977973568281938,0.9683980660824781,0.6572828837436884
2012-10-23,1347,1340,1337,-0.07470286918365467,-0.11021640121790957,0.9948032665181886,0.9977611940298508,0.9679914716240412,0.6632639153632438
2012-10-24,1342,1336,1333,-0.09649619210140388,-0.13098827606127594,0.9955290611028316,0.9977544910179641,0.9836895544397064,0.6750519516006663
2012-10-25,1334,1328,1325,-0.06789374348063773,-0.09940465354295579,0.9955022488755623,0.9977409638554217,0.9800693273531781,0.6578962513088599
2012-10-26,1329,1323,1320,-0.05795418034676026,-0.10113239379624407,0.9954853273137697,0.9977324263038548,0.9751007047744196,0.6584060030810233
2012-10-31,1328,1322,1319,-0.054067868195333,-0.08309747254359723,0.9954819277108434,0.9977307110438729,0.9800373684002445,0.6493355708865287
2012-11-01,1329,1324,1321,-0.014170085101791076,-0.026703523199553266,0.9962377727614747,0.9977341389728097,0.9771381345029931,0.6426466283732316
2012-11-02,1330,1325,1320,-0.014749390291247496,-0.018682460217206265,0.9962406015037594,0.9962264150943396,0.9813734025563329,0.6464939285040592
2012-11-05,1334,1329,1324,-0.004561291035082011,-0.0017564925987495195,0.9962518740629686,0.9962377727614747,0.984254958558874,0.6149995344330819
2012-11-06,1338,1331,1325,-0.013145994998641755,0.00017066275161508438,0.9947683109118086,0.9954921111945906,0.9837861647910884,0.6213551589186199
2012-11-07,1340,1333,1326,-0.02320398715729199,-5.961982869499754e-05,0.994776119402985,0.994748687171793,0.9801189848068741,0.6128597198966916
2012-11-08,1335,1328,1321,-0.03420085483146351,0.0065996105566366245,0.9947565543071161,0.9947289156626506,0.9796286558840503,0.6022134687361286
2012-11-09,1344,1337,1330,-0.023086397574384073,-0.0032701289443596796,0.9947916666666666,0.9947643979057592,0.9824493598648023,0.6200831045908555
2012-11-12,1349,1341,1334,-0.062380919537569024,-0.030948689449032882,0.994069681245367,0.9947800149142431,0.9799020831533748,0.604608691088293
2012-11-13,1352,1344,1336,-0.047277649895113814,-0.01942937216001888,0.9940828402366864,0.9940476190476191,0.9820230275060955,0.6204194877338467
2012-11-14,1350,1341,1333,-0.022915047337143033,-0.0044697446090523315,0.9933333333333333,0.994034302759135,0.9846684563439453,0.6227809258636472
2012-11-15,1346,1337,1329,-0.014899527060553103,0.0001121357747219583,0.9933135215453195,0.994016454749439,0.9776262385753726,0.6001783627661341
2012-11-16,1350,1341,1333,-0.013070798949176416,-0.005938602240413829,0.9933333333333333,0.994034302759135,0.978159543235133,0.6052490411258832
2012-11-19,1349,1340,1332,-0.011684561464418281,-0.007654511755743671,0.9933283914010378,0.9940298507462687,0.9858071735799109,0.6113638524977221
2012-11-20,1354,1345,1337,-0.029962107406919767,-0.023383551761749482,0.9933530280649926,0.9940520446096655,0.981487648282813,0.5828874860030544
2012-11-21,1353,1343,1334,0.0013669814790632114,0.010149082256498083,0.9926090169992609,0.9932985852568875,0.9824038395531982,0.5836025841279615
2012-11-23,1351,1340,1331,-0.00032992439316684635,-0.006939150218837068,0.9918578830495929,0.9932835820895523,0.9745079688639819,0.5761113828576547
2012-11-26,1360,1348,1337,0.015145749550999312,0.009582950141588229,0.9911764705882353,0.9918397626112759,0.9732035821760142,0.5953147058908522
2012-11-27,1344,1332,1318,0.03526529437067019,0.009564438132948808,0.9910714285714286,0.9894894894894894,0.9697108476943462,0.5982088368691785
2012-11-28,1350,1337,1323,0.032528959758096714,0.027765504082106315,0.9903703703703703,0.9895287958115183,0.9625107618643924,0.611970956268495
2012-11-29,1348,1336,1324,0.05401452224833086,0.04972986234148607,0.9910979228486647,0.9910179640718563,0.9672368963541863,0.6580476142059918
2012-11-30,1349,1337,1325,0.05620413741365517,0.04173185834522175,0.9911045218680504,0.9910246821241586,0.9741071828409779,0.6638422426921023
2012-12-03,1347,1336,1325,0.04993686778014681,0.04433651972928575,0.991833704528582,0.9917664670658682,0.9804956900849796,0.694592060643478
2012-12-04,1341,1332,1321,0.047182258548587354,0.02667479855004544,0.9932885906040269,0.9917417417417418,0.9823315644116914,0.7169488299309911
2012-12-05,1343,1334,1323,0.0443527204285378,0.05567477907943728,0.9932985852568875,0.9917541229385307,0.9818773424396865,0.7229195357297895
2012-12-06,1343,1334,1324,0.028061898515486475,0.04883981219841682,0.9932985852568875,0.992503748125937,0.9796150284225282,0.733774301175925
2012-12-07,1343,1335,1325,-0.004346419578762819,0.030586909527797714,0.9940431868950111,0.9925093632958801,0.9817350701825892,0.7514458479475806
2012-12-10,1339,1331,1320,-0.0004323876023692634,0.028313737136400594,0.9940253920836445,0.9917355371900827,0.9848330142172426,0.739525676846717
2012-12-11,1336,1328,1318,0.0271567323416006,0.039443059662730116,0.9940119760479041,0.9924698795180723,0.9873612342411132,0.7284560919982741
2012-12-12,1336,1329,1319,-0.007102396870718464,0.010097264729515859,0.9947604790419161,0.9924755455229496,0.9878370031740767,0.7394165373015762
2012-12-13,1346,1339,1329,-0.03479069553110658,0.0002113530583237404,0.9947994056463596,0.9925317401045557,0.9819951801811597,0.7366809389244999
2012-12-14,1352,1345,1335,-0.06000924142593626,-0.015471012055030217,0.9948224852071006,0.9925650557620818,0.9848876427474965,0.719544268082568
2012-12-17,1338,1331,1322,-0.01021008843785664,0.04762463097856505,0.9947683109118086,0.9932381667918858,0.9889386807404369,0.7277733949618543
2012-12-18,1340,1332,1323,-0.025142552165823985,0.034076759138249646,0.9940298507462687,0.9932432432432432,0.986246105771387,0.7191439175992793
2012-12-19,1338,1332,1324,-0.00802487955530286,0.06290336035989573,0.9955156950672646,0.993993993993994,0.9848710266115304,0.7106745024733867
2012-12-20,1345,1337,1329,-0.0032703252533843544,0.05139267673385374,0.9940520446096655,0.994016454749439,0.9827145792138443,0.6767505596070035
2012-12-21,1354,1347,1340,0.012009486412215852,0.045518357059627666,0.9948301329394387,0.9948032665181886,0.9847021613724175,0.6605583128225887
2012-12-24,1369,1362,1358,0.012834296322004328,0.038579660594807635,0.9948867786705624,0.9970631424375918,0.9826875918122264,0.658180883035998
2012-12-26,1417,1411,1407,0.004319076240989344,0.02269340140019631,0.9957657021877205,0.997165131112686,0.9887779084015474,0.6605538409490133
2012-12-27,1407,1400,1395,0.0016885680446718939,0.01431763442539958,0.9950248756218906,0.9964285714285714,0.9873614624145444,0.6417236925995996
2012-12-28,1404,1397,1392,0.02415357300935942,0.025254458236723735,0.9950142450142451,0.9964209019327129,0.9851783236207134,0.6428534913815217
2012-12-31,1399,1392,1388,0.001418186158701958,0.0012334721705108945,0.9949964260185847,0.9971264367816092,0.9872528438241642,0.6486925314831817
2013-01-02,1393,1385,1381,-0.02310758285406182,0.0017581779817992353,0.994256999282125,0.9971119133574007,0.9859290365623512,0.6502778024079716
2013-01-03,1390,1382,1378,-0.012020574825377538,0.03377420981662177,0.9942446043165467,0.9971056439942113,0.9844542836703782,0.6286009702542026
2013-01-04,1411,1403,1398,-0.008548074436617467,0.03413600288055643,0.9943302622253721,0.9964362081254454,0.97810001244884,0.617743236291578
2013-01-07,1413,1405,1401,0.020487466866359053,0.05130711316133174,0.9943382873319179,0.9971530249110321,0.9894102985017388,0.6136210684924278
2013-01-08,1419,1408,1405,0.03813698995963875,0.05328702858202768,0.9922480620155039,0.9978693181818182,0.9903667677709224,0.6038930910528686
2013-01-09,1418,1406,1404,0.054691467533452644,0.06550220198046539,0.9915373765867419,0.9985775248933144,0.9866794051639296,0.5985968151124649
2013-01-10,1431,1419,1416,0.026577831011650777,0.05460932239527303,0.9916142557651991,0.9978858350951374,0.9833946219915876,0.6085783701531305
2013-01-11,1435,1423,1419,0.020053228088727885,0.04880246390361296,0.9916376306620209,0.9971890372452565,0.9758435658293834,0.6253057911828516
2013-01-14,1430,1418,1414,0.04770585923895958,0.08328388149296354,0.9916083916083916,0.997179125528914,0.9822722221009896,0.6482313198041674
2013-01-15,1431,1419,1415,0.02884160642195256,0.0657386851545464,0.9916142557651991,0.9971811134601832,0.9862693971363379,0.6535144319506891
2013-01-16,1436,1425,1420,0.06591594199239616,0.09594468884773662,0.9923398328690808,0.9964912280701754,0.983932265453388,0.6662052562974694
2013-01-17,1440,1430,1424,0.051716398737620885,0.08309294005343489,0.9930555555555556,0.9958041958041958,0.9713399389763111,0.6611118274726241
2013-01-18,1443,1435,1428,0.058583015186849004,0.08290412830806759,0.9944559944559944,0.9951219512195122,0.9574044784320453,0.684938465787043
2013-01-22,1435,1427,1419,0.016474867589822955,0.029305612387757276,0.9944250871080139,0.9943938332165382,0.9764365175993343,0.7170468721701331
2013-01-23,1430,1422,1414,0.0056652047671004735,0.008571596443992193,0.9944055944055944,0.9943741209563994,0.9827552434221564,0.7428335193540303
2013-01-24,1433,1425,1416,0.0060756620126926125,0.006775827485859973,0.994417306350314,0.9936842105263158,0.9763716851760479,0.7507007497911176
2013-01-25,1402,1395,1386,-0.01456554224896247,-0.043715514987954535,0.9950071326676176,0.9935483870967742,0.978373711360554,0.751978417107709
2013-01-28,1422,1415,1406,-0.0037974205447061046,-0.022400769141871613,0.9950773558368495,0.9936395759717315,0.9741758368289815,0.7678984849992713
2013-01-29,1432,1425,1416,-0.017673437951722545,-0.027882222597638732,0.9951117318435754,0.9936842105263158,0.9807817481361256,0.7671307108795135
2013-01-30,1438,1430,1423,-0.03312638702491057,-0.04535473095939382,0.9944367176634215,0.9951048951048951,0.9875125986608503,0.7613343582599247
2013-01-31,1450,1442,1435,-0.011214817933509796,-0.0422897981217132,0.9944827586206897,0.9951456310679612,0.9679818603715158,0.7525265674222278
2013-02-01,1451,1443,1436,-0.0036154971797465784,-0.06318737655590692,0.994486560992419,0.9951489951489951,0.9767574287491674,0.7593343194263346
2013-02-04,1443,1435,1427,0.0040282643845647795,-0.05493547233282405,0.9944559944559944,0.9944250871080139,0.9742535378708275,0.7679363976710678
2013-02-05,1445,1438,1430,-0.00592214418642401,-0.0536519400720518,0.9951557093425606,0.9944367176634215,0.9817643388797261,0.7672821534543877
2013-02-06,1445,1437,1429,-0.009257385344080134,-0.0352244594001478,0.9944636678200692,0.9944328462073765,0.9882282041065088,0.7617692766976722
2013-02-07,1446,1438,1430,-0.022097211229382293,-0.0449822089628261,0.9944674965421854,0.9944367176634215,0.9846948167067433,0.7532575944049643
2013-02-08,1450,1442,1435,-0.004360877671803458,-0.047237223870306495,0.9944827586206897,0.9951456310679612,0.9882159291180296,0.7557045317479231
2013-02-11,1458,1449,1442,0.0010668893880834993,-0.033760405138156535,0.9938271604938271,0.9951690821256038,0.9872017300297583,0.7510564416993336
2013-02-12,1456,1447,1440,-0.006988439405118393,-0.04269316295002066,0.9938186813186813,0.995162404975812,0.9872504274176035,0.7359540305796755
2013-02-13,1452,1442,1436,0.0032550815019177443,-0.037764291704826466,0.9931129476584022,0.9958391123439667,0.9837124446508031,0.7605748984149852
2013-02-14,1448,1438,1433,-0.0056855564722595045,-0.04626839973194437,0.9930939226519337,0.9965229485396384,0.9847325252937701,0.7518682361133872
2013-02-15,1462,1452,1446,0.016517731431979075,-0.022534959406433522,0.9931600547195623,0.9958677685950413,0.9857521648877684,0.7417626485206473
2013-02-19,1467,1457,1451,0.0007350499904688564,-0.0275117267618818,0.9931833674164963,0.9958819492107069,0.9862096663381091,0.7504535408881613
2013-02-20,1472,1462,1456,0.0368673624420112,-0.0009353865996876546,0.9932065217391305,0.9958960328317373,0.9873385950339081,0.7461201998121669
2013-02-21,1474,1464,1459,0.05048061148551646,0.015083256762311769,0.9932157394843962,0.9965846994535519,0.9876690904660484,0.7506372346274213
2013-02-22,1480,1470,1466,0.04404262609646812,-0.0025459589001893433,0.9932432432432432,0.9972789115646259,0.9883635202440658,0.7485954889230342
2013-02-25,1491,1480,1477,0.06812818637199777,0.04130228602733212,0.9926224010731053,0.9979729729729729,0.988451260334051,0.7583369059645789
2013-02-26,1486,1475,1472,0.06696035727909751,0.04521032547971485,0.9925975773889637,0.9979661016949153,0.9852361121981813,0.760380869251374
2013-02-27,1488,1478,1475,0.07555455675435886,0.035414168961274244,0.9932795698924731,0.9979702300405954,0.9887755486300036,0.7635666067851994
2013-02-28,1490,1480,1478,0.06060300100843106,0.03085556260319309,0.9932885906040269,0.9986486486486487,0.983924210719467,0.7523891313104372
2013-03-01,1485,1474,1473,0.05113194343638812,0.03459958219696624,0.9925925925925926,0.9993215739484396,0.9883591285522045,0.7660864577718246
2013-03-04,1486,1476,1474,0.006345675467029966,-0.008274737890637133,0.9932705248990579,0.9986449864498645,0.9859335367029521,0.7645902761047073
2013-03-05,1483,1473,1471,-0.04612370217940122,-0.07263603280699861,0.9932569116655429,0.9986422267481331,0.9848645223415364,0.749541973241199
2013-03-06,1486,1477,1475,-0.07000716342365165,-0.0884758551561783,0.993943472409152,0.998645903859174,0.9866323487247789,0.7580321065193422
2013-03-07,1493,1484,1481,-0.07469490470101996,-0.09914838787755391,0.9939718687206965,0.9979784366576819,0.9847104759855085,0.7603282898865922
2013-03-08,1488,1478,1475,-0.04359691444739925,-0.0787217245352777,0.9932795698924731,0.9979702300405954,0.9868684314039536,0.762903239851589
2013-03-11,1492,1483,1480,0.005871909799784559,-0.05129785128744221,0.9939678284182306,0.9979770734996628,0.9862775031387064,0.7670830213615214
2013-03-12,1496,1487,1484,-0.001790860973618077,-0.05451288929704686,0.9939839572192514,0.9979825151311366,0.98241830770975,0.7730697258217439
2013-03-13,1491,1483,1480,0.036238052509329634,-0.04255036688798752,0.994634473507713,0.9979770734996628,0.9813291310293666,0.7691432472028783
2013-03-14,1490,1481,1478,0.02071963412306226,-0.06737291082105944,0.9939597315436242,0.9979743416610398,0.9859518320234293,0.7696565547894064
2013-03-15,1488,1479,1477,-0.017200975612595447,-0.09608683168131506,0.9939516129032258,0.9986477349560514,0.9813248394048203,0.7675914358651559
2013-03-18,1487,1478,1473,-0.046794041300299474,-0.12863028600707374,0.9939475453934096,0.996617050067659,0.9835360745687551,0.7656244725546232
2013-03-19,1508,1499,1494,-0.07215529625882157,-0.15515924772055267,0.9940318302387268,0.9966644429619747,0.9829728759171872,0.756866235038921
2013-03-20,1503,1494,1490,-0.07402318625301374,-0.15116508725980365,0.9940119760479041,0.9973226238286479,0.9858543410163406,0.7603811176294354
2013-03-21,1499,1488,1484,-0.08674627768009087,-0.15150984208351342,0.9926617745163442,0.9973118279569892,0.9853884181243177,0.7496099530451218
2013-03-22,1490,1479,1475,-0.07061915019744966,-0.13344462250362676,0.9926174496644296,0.9972954699121027,0.9882157402354728,0.749632899158597
2013-03-25,1484,1473,1469,-0.08020240726103471,-0.13541227784640558,0.9925876010781671,0.9972844534962662,0.9884221089037237,0.7437597663297857
2013-03-26,1488,1478,1473,-0.06953037708658946,-0.11586029956237821,0.9932795698924731,0.996617050067659,0.9901341108940048,0.7249968323897431
2013-03-27,1484,1474,1469,-0.08746059844620396,-0.14798647856929556,0.9932614555256065,0.9966078697421981,0.989462129577632,0.7042650909011628
2013-03-28,1483,1471,1466,-0.0822226738254407,-0.14947054209315927,0.9919082939986514,0.9966009517335146,0.9866395859013927,0.685404855580837
2013-04-01,1479,1467,1462,-0.054783537069285446,-0.1215632464865346,0.9918864097363083,0.9965916837082481,0.9818042772057989,0.656933830198299
2013-04-02,1480,1468,1463,0.00243386419185439,-0.07552472090336114,0.9918918918918919,0.9965940054495913,0.9841324495236083,0.6564305737973497
2013-04-03,1480,1468,1463,-3.405920121197899e-05,-0.07224539010160141,0.9918918918918919,0.9965940054495913,0.9907213476937695,0.6379134839565433
2013-04-04,1482,1468,1463,0.007083705261928084,-0.05625367728588936,0.99055330634278,0.9965940054495913,0.9913921904132782,0.6312336303895474
2013-04-05,1479,1465,1460,0.039433926938027136,-0.00569822665828572,0.9905341446923597,0.9965870307167235,0.9868790942325661,0.6051142705291781
2013-04-08,1474,1460,1455,0.044507063050834426,0.012238744324068815,0.9905020352781547,0.9965753424657534,0.9899102886629644,0.6165410307943792
2013-04-09,1478,1464,1459,0.008561614696765042,-0.018261007284785597,0.9905277401894452,0.9965846994535519,0.9896927331546769,0.607790569615322
2013-04-10,1471,1457,1451,-0.0016975158718921504,-0.04207984627105372,0.990482664853841,0.9958819492107069,0.9911062728075511,0.603678502657642
2013-04-11,1468,1455,1449,0.007578255681652094,-0.019121721696373578,0.9911444141689373,0.9958762886597938,0.9901186851952138,0.6009620307178397
2013-04-12,1470,1457,1451,0.02060138158412192,-0.01217626664053187,0.991156462585034,0.9958819492107069,0.9863478763569118,0.5828887791156477
2013-04-15,1462,1449,1446,0.03027986385535696,0.00028156388044410274,0.9911080711354309,0.9979296066252588,0.9796815740656867,0.5927100328043148
2013-04-16,1456,1443,1440,-0.006364639874824647,-0.033906837017829095,0.9910714285714286,0.997920997920998,0.984752137951573,0.6127859218660227
2013-04-17,1448,1435,1432,0.04849109136857658,0.006743290662093576,0.9910220994475138,0.9979094076655052,0.9885812051868195,0.6290498422470826
2013-04-18,1446,1434,1431,0.07745051546634711,0.04452802915435993,0.991701244813278,0.997907949790795,0.9886614369995892,0.6276036782363279
2013-04-19,1450,1439,1436,0.09346708644643446,0.05385994356916724,0.9924137931034482,0.9979152189020153,0.9839713076328476,0.6157337351523955
2013-04-22,1448,1437,1434,0.06535929409223017,0.028729871982017527,0.9924033149171271,0.9979123173277662,0.9787909572061957,0.6238252706936813
2013-04-23,1450,1439,1437,0.03341926051175723,-0.0004725656694855046,0.9924137931034482,0.9986101459346769,0.9695664797685847,0.6374656030858463
2013-04-24,1450,1439,1437,0.011195803181044905,-0.007852129747147484,0.9924137931034482,0.9986101459346769,0.9764792240769558,0.641521397411374
2013-04-25,1455,1445,1443,0.02316863435662852,0.014650769928719543,0.993127147766323,0.9986159169550173,0.97014434985355,0.6613507634705003
2013-04-26,1460,1449,1448,0.016058590564357506,0.0027674506591765986,0.9924657534246575,0.9993098688750862,0.9735192636615918,0.6580464083854312
2013-04-29,1466,1455,1454,0.019177529517464757,-0.011700887609355755,0.9924965893587995,0.9993127147766323,0.9787067333592098,0.676451958325223
2013-04-30,1474,1462,1461,0.018264126093848584,-0.0021118886602899452,0.9918588873812755,0.9993160054719562,0.9780935586402351,0.690193714327662
2013-05-01,1469,1458,1457,0.020570165882008384,-0.017931125648657804,0.9925119128658951,0.9993141289437586,0.975240827039104,0.7046608812733491
2013-05-02,1471,1461,1460,0.024894675060025417,-0.018293664129314907,0.9932019034670292,0.999315537303217,0.9775453019092913,0.7063197770132502
2013-05-03,1473,1463,1460,0.039555948029757704,-0.010925967230195663,0.9932111337406653,0.9979494190020506,0.9752928634331474,0.7284408260060382
2013-05-06,1483,1473,1470,0.0518019964299246,0.002900484039848479,0.9932569116655429,0.9979633401221996,0.9851456582292669,0.7496070485728338
2013-05-07,1496,1485,1482,0.03423005091838305,-0.008230084134675585,0.9926470588235294,0.997979797979798,0.984822853945624,0.7401848048449194
2013-05-08,1499,1488,1485,0.08208832130930627,0.035150912725254405,0.9926617745163442,0.9979838709677419,0.9858572548082701,0.733293339166222
2013-05-09,1511,1499,1495,0.10871829472873039,0.06680784626891306,0.9920582395764395,0.9973315543695798,0.9837292156746482,0.7343615761685706
2013-05-10,1518,1506,1500,0.10045370125329899,0.05023391388173954,0.9920948616600791,0.9960159362549801,0.9854939355649688,0.7431078264235554
2013-05-13,1518,1506,1498,0.07323344450261729,0.024151633390735932,0.9920948616600791,0.9946879150066401,0.9790247115677831,0.7386667764584919
2013-05-14,1523,1510,1502,0.05733694930380942,0.03557213482258895,0.9914642153644123,0.9947019867549669,0.9876395895729986,0.7326262990173913
2013-05-15,1514,1503,1495,0.03984742441469477,0.0005610157260235565,0.9927344782034346,0.9946773120425815,0.9861725427686338,0.7173694565136046
2013-05-16,1517,1505,1496,0.05482558737383515,0.007888067014504072,0.992089650626236,0.9940199335548173,0.9882060845804641,0.7029008365174658
2013-05-17,1513,1499,1490,0.07513581686200174,0.030137642057083296,0.9907468605419696,0.9939959973315544,0.989194183839988,0.7119035208708001
2013-05-20,1506,1492,1483,0.07925322053920353,0.04546487040237797,0.9907038512616202,0.9939678284182306,0.9850328775407464,0.7078346606420272
2013-05-21,1514,1500,1491,0.08487245601469144,0.040743657656394136,0.9907529722589168,0.994,0.984401980995003,0.7143046000479545
2013-05-22,1519,1507,1498,0.05243958840989182,0.04366035694364791,0.9921000658327848,0.9940278699402787,0.9815547672962066,0.708290960450864
2013-05-23,1513,1503,1494,0.07199147802353284,0.06249095376368909,0.9933906146728354,0.9940119760479041,0.9767822959650679,0.7122770221915371
2013-05-24,1518,1506,1497,0.07035096204380653,0.06365523361610094,0.9920948616600791,0.9940239043824701,0.9851254764236957,0.7326426645089527
2013-05-28,1518,1506,1497,0.09036400590818836,0.08710075241406182,0.9920948616600791,0.9940239043824701,0.9835276222540537,0.7514332930392632
2013-05-29,1518,1507,1497,0.1386415046550925,0.13243580898186436,0.9927536231884058,0.993364299933643,0.9817192149097301,0.7473001183043516
2013-05-30,1520,1509,1499,0.13627744525258056,0.1359555021549747,0.9927631578947368,0.9933730947647449,0.9722043990483823,0.7519748917857086
2013-05-31,1513,1502,1494,0.15525683349724276,0.16290671875305177,0.992729676140119,0.9946737683089214,0.9841217255621485,0.7609666349551912
2013-06-03,1494,1483,1475,0.1490142881744984,0.1332358725744423,0.9926372155287818,0.9946055293324343,0.9834790134688709,0.7552358285083063
2013-06-04,1493,1484,1476,0.15436577707213878,0.14473659172863154,0.9939718687206965,0.9946091644204852,0.9810989537835766,0.7632999298554071
2013-06-05,1498,1490,1480,0.17451983602921642,0.1437428338213537,0.9946595460614153,0.9932885906040269,0.9805947650448538,0.7604531213479409
2013-06-06,1510,1503,1494,0.16122843393581748,0.13075575683302956,0.9953642384105961,0.9940119760479041,0.9847298967767312,0.7569237063100435
2013-06-07,1501,1494,1485,0.14402945639580533,0.12413513447059248,0.9953364423717521,0.9939759036144579,0.9850239814993099,0.7542155535717839
2013-06-10,1498,1491,1486,0.14573636292037745,0.12402389560894723,0.9953271028037384,0.9966465459423206,0.982941573468408,0.7674234422203148
2013-06-11,1497,1491,1486,0.14900105055362317,0.10826342679831101,0.9959919839679359,0.9966465459423206,0.9873737592329027,0.7779374499736683
2013-06-12,1501,1495,1490,0.14040946834186596,0.10368433506370847,0.9960026648900733,0.9966555183946488,0.9834586379085147,0.7808104724075239
2013-06-13,1499,1495,1490,0.18737923398882506,0.13664313373581916,0.9973315543695798,0.9966555183946488,0.9849757438542579,0.7831342879728072
2013-06-14,1496,1492,1486,0.13322434187854384,0.12777700935055697,0.9973262032085561,0.9959785522788204,0.9865384250773398,0.7805829754593397
2013-06-17,1495,1491,1485,0.10830312305272724,0.11488495985309012,0.9973244147157191,0.9959758551307847,0.9850020860882689,0.7850780093874071
2013-06-18,1486,1482,1476,0.12113499519848456,0.11443721557007178,0.9973082099596231,0.9959514170040485,0.9899903859343336,0.7940454893425852
2013-06-19,1481,1477,1471,0.11690577678522013,0.12031888169804027,0.9972991222147198,0.995937711577522,0.9905116456408247,0.8017598821409168
2013-06-20,1484,1480,1473,0.10742933932223236,0.09028597508380755,0.9973045822102425,0.9952702702702703,0.9870894097862077,0.7876167591761853
2013-06-21,1475,1472,1465,0.09217629937382892,0.0547540632485883,0.9979661016949153,0.9952445652173914,0.9912011838823832,0.7665947394203015
2013-06-24,1475,1472,1464,0.05475633505630964,-0.00990671288680349,0.9979661016949153,0.9945652173913043,0.9901644218275577,0.7459899236786851
2013-06-25,1499,1496,1488,0.0582688324117709,0.027274766747661605,0.9979986657771848,0.9946524064171123,0.9797541358038228,0.733238064948041
2013-06-26,1508,1504,1497,0.04264785273444181,0.019218852947607928,0.9973474801061007,0.995345744680851,0.9823307212165341,0.7185412527883105
2013-06-27,1502,1498,1492,0.053919432668141795,0.05370147834748533,0.9973368841544608,0.9959946595460614,0.9832685983357805,0.7282785310651182
2013-06-28,1508,1504,1498,0.026734101443493478,0.02696529205249824,0.9973474801061007,0.9960106382978723,0.9827878389584728,0.7395886433257406
2013-07-01,1508,1504,1499,0.012100303471915716,0.0025117946900069313,0.9973474801061007,0.9966755319148937,0.9849425781829795,0.7308994193070767
2013-07-02,1557,1553,1549,0.01746335029874349,0.006037393790022731,0.9974309569685292,0.9974243399871217,0.9822784481995137,0.7252430044185799
2013-07-03,1553,1549,1542,0.02235182265072297,0.020438104584685382,0.9974243399871217,0.9954809554551324,0.9860316016057626,0.7143621714683417
2013-07-05,1543,1538,1531,-0.006174742270456667,-0.002133277075225776,0.9967595593000648,0.9954486345903771,0.9864410856108061,0.7072944265164224
2013-07-08,1535,1529,1522,0.004522113575928291,0.009728450873323455,0.9960912052117263,0.9954218443427076,0.9875632633963994,0.7114537076725189
2013-07-09,1532,1525,1518,0.011007759001101182,0.01948296976420767,0.9954308093994778,0.9954098360655738,0.9856319486375047,0.7133017567308558
2013-07-10,1535,1528,1522,0.010807925138842907,0.01148605549861827,0.9954397394136808,0.9960732984293194,0.9861404563301882,0.7115485857973444
2013-07-11,1537,1530,1525,0.06806198532904306,0.05273134097822673,0.9954456733897202,0.9967320261437909,0.9882637582596141,0.702655629023351
2013-07-12,1539,1532,1528,0.05302521446439531,0.03094874207094987,0.99545159194282,0.9973890339425587,0.9879215236036774,0.7129703018720281
2013-07-15,1544,1537,1533,0.04662918194652236,0.013454109169020984,0.9954663212435233,0.9973975276512687,0.9878664742953934,0.7112375078632395
2013-07-16,1552,1545,1541,0.05904884566748694,0.019107794237643184,0.9954896907216495,0.997411003236246,0.9859062667964252,0.7093315234248599
2013-07-17,1558,1551,1547,0.05043478871443707,0.01172183147732773,0.9955070603337612,0.9974210186976145,0.9799993842208278,0.7040816469160536
2013-07-18,1561,1554,1549,0.01707331692652673,-0.01110861963392718,0.9955156950672646,0.9967824967824968,0.9858791347560256,0.7195725510809527
2013-07-19,1561,1554,1549,0.05633539967633,0.017505457707228556,0.9955156950672646,0.9967824967824968,0.978463312509914,0.7293437034951243
2013-07-22,1564,1557,1552,0.06582680252921853,0.04265312870543402,0.9955242966751918,0.9967886962106616,0.9819387602596469,0.737597953454661
2013-07-23,1557,1550,1545,0.10100882931755903,0.06437173554597815,0.9955041746949261,0.9967741935483871,0.9798461161083494,0.7425771262028198
2013-07-24,1542,1535,1530,0.09092884854605007,0.04156086036629013,0.9954604409857328,0.996742671009772,0.9742430719952068,0.7425408029379938
2013-07-25,1536,1528,1523,0.054598701808764645,-0.004766063495749224,0.9947916666666666,0.9967277486910995,0.9847656024658044,0.7376418462184137
2013-07-26,1541,1532,1527,0.044178355139879055,-0.004125550699959325,0.9941596365996106,0.9967362924281984,0.9893544344128633,0.723336092724306
2013-07-29,1552,1543,1538,0.0626966300380204,-0.025579266881229735,0.9942010309278351,0.9967595593000648,0.9879572888035004,0.7254580260725336
2013-07-30,1553,1543,1537,0.021408352864361133,-0.028817215024624494,0.9935608499678042,0.9961114711600778,0.9869340555553133,0.7198143795684707
2013-07-31,1509,1500,1497,0.01949352787055497,-0.013271507781418163,0.9940357852882704,0.998,0.9839594651404215,0.7283141089857419
2013-08-01,1509,1501,1498,0.06928954735183364,0.029740443094193537,0.9946984758117959,0.9980013324450366,0.9834282657603054,0.7228287951838065
2013-08-02,1512,1504,1502,0.0366925860067641,0.002708999641508477,0.9947089947089947,0.9986702127659575,0.9898654202260561,0.7227615781687319
2013-08-05,1530,1523,1521,0.035317252456268586,-0.015653306847505818,0.9954248366013072,0.9986868023637557,0.9883605506939053,0.7178784834205967
2013-08-06,1536,1529,1527,0.04965463626337503,-0.010754377400649643,0.9954427083333334,0.9986919555264879,0.9857547754470147,0.7170632951764935
2013-08-07,1531,1524,1522,0.06822395652153677,-0.0050861557929402935,0.9954278249510125,0.9986876640419947,0.9783532407059219,0.7004525375283324
2013-08-08,1533,1526,1524,0.03590374103804266,-0.05223306910323279,0.9954337899543378,0.9986893840104849,0.9865706648292913,0.6975044670455331
2013-08-09,1536,1528,1526,0.03675974078060175,-0.0484799729105312,0.9947916666666666,0.9986910994764397,0.9861681310090445,0.6875701195242145
2013-08-12,1535,1527,1525,0.07439840241022283,-0.012298710818765376,0.9947882736156352,0.9986902423051736,0.9843054557963906,0.6746499240738991
2013-08-13,1532,1524,1522,0.06102560573991408,-0.027399722819307182,0.9947780678851175,0.9986876640419947,0.9795721924390673,0.6716689845333224
2013-08-14,1529,1520,1518,0.0711435270155418,-0.007117978915995907,0.9941137998691956,0.9986842105263158,0.9872795084425587,0.673590241496941
2013-08-15,1532,1523,1520,0.10004895027613023,0.031296115154955846,0.9941253263707572,0.9980302035456337,0.9870035844863994,0.6585567294317918
2013-08-16,1529,1519,1516,0.07885843138410974,0.0030457431656204298,0.9934597776324395,0.9980250164581962,0.981002777693376,0.645683931319199
2013-08-19,1526,1516,1513,0.0886941237642029,0.00576001604734529,0.9934469200524246,0.9980211081794196,0.9819836940978575,0.6716157450684641
2013-08-20,1522,1512,1509,0.06491570043190256,-0.032021984417908066,0.9934296977660972,0.998015873015873,0.9817365152718712,0.6949986731351526
2013-08-21,1525,1516,1513,0.060573137414280644,-0.05056755607115716,0.9940983606557378,0.9980211081794196,0.983618018433689,0.6982049586686375
2013-08-22,1522,1514,1510,0.05103329284590527,-0.027317532909842374,0.9947437582128777,0.9973579920739762,0.9782728894571098,0.7083067929188641
2013-08-23,1520,1512,1508,0.040006438396262174,-0.020475437581659955,0.9947368421052631,0.9973544973544973,0.9848436575349597,0.7071940352132099
2013-08-26,1506,1499,1496,0.02017281629235488,-0.03840954313971959,0.9953519256308101,0.9979986657771848,0.9851718580812292,0.7120738877076697
2013-08-27,1503,1497,1494,0.030129128821720128,-0.03638501659789762,0.9960079840319361,0.9979959919839679,0.9779036491318613,0.7026940621867849
2013-08-28,1495,1488,1485,0.01500366513583231,-0.05099321731790803,0.9953177257525083,0.9979838709677419,0.9855262692481742,0.7105230211470278
2013-08-29,1497,1489,1486,0.0005283444223480147,-0.039211999050020964,0.9946559786239145,0.9979852249832102,0.9845735011305553,0.721315536225514
2013-08-30,1487,1479,1475,0.02367691615040849,-0.017926508612187288,0.9946200403496974,0.9972954699121027,0.9852927833601814,0.7236069994008753
2013-09-03,1473,1465,1459,0.07503003136937614,0.02302284194616778,0.9945689069925322,0.9959044368600682,0.9798454518641655,0.7247654167157268
2013-09-04,1474,1466,1457,0.0350512901853361,0.003051878414114357,0.994572591587517,0.9938608458390177,0.9807928313793812,0.7130955439000681
2013-09-05,1476,1468,1458,0.022017587900982846,0.0006728951618125718,0.994579945799458,0.9931880108991825,0.9847864893754706,0.7124526008951245
2013-09-06,1479,1472,1462,0.04983432596349984,0.0179649939103855,0.9952670723461798,0.9932065217391305,0.9871849538527439,0.6921866366152141
2013-09-09,1474,1467,1457,0.060916870601698106,0.04400652715302303,0.9952510176390773,0.9931833674164963,0.9829767103892252,0.6945057718915073
2013-09-10,1478,1471,1460,0.0068902042061567475,0.008547324563930921,0.9952638700947226,0.9925220938137321,0.9864938060559951,0.7200481502200781
2013-09-11,1474,1469,1458,0.007064124073789167,0.009690070924502454,0.9966078697421981,0.9925119128658951,0.9830588542868052,0.7295026813548311
2013-09-12,1471,1466,1456,0.04037278962019539,0.03033032424770847,0.9966009517335146,0.9931787175989086,0.9842217276624879,0.7239881088724671
2013-09-13,1473,1469,1459,0.01185842459028903,0.01574249201186608,0.9972844534962662,0.9931926480599047,0.9888201205253697,0.7502566841598532
2013-09-16,1476,1472,1461,0.03895067835545819,0.03260729725250498,0.997289972899729,0.9925271739130435,0.9915748907749271,0.7620777793069692
2013-09-17,1474,1470,1460,0.008685784161421146,0.009587805288135144,0.9972862957937585,0.9931972789115646,0.9912927440258216,0.7706842446724785
2013-09-18,1476,1472,1462,0.04894655660089345,0.05769069290524159,0.997289972899729,0.9932065217391305,0.9861172994760737,0.7560178515459424
2013-09-19,1477,1473,1462,0.01867705945846392,0.03284678850705945,0.997291807718348,0.9925322471147319,0.9893985265932226,0.7535172470467629
2013-09-20,1482,1478,1466,0.012956020595048988,0.013641043216823391,0.9973009446693657,0.9918809201623816,0.9854326583797163,0.7645977823965749
2013-09-23,1490,1486,1473,0.009658283580775825,0.03699196068433021,0.9973154362416108,0.9912516823687753,0.9893508813186926,0.7649770942422208
2013-09-24,1523,1519,1506,-0.03884402158452132,-0.001376653713360157,0.9973736047275115,0.9914417379855168,0.9891523178438615,0.7509026062708772
2013-09-25,1526,1523,1510,-0.07661059089391,-0.04755028282450934,0.9980340760157274,0.9914642153644123,0.9880912057883428,0.755883715611626
2013-09-26,1534,1529,1517,-0.06625913256656914,-0.05675149278760943,0.9967405475880052,0.9921517331589274,0.9913161573347875,0.7557759568071486
2013-09-27,1534,1529,1518,-0.08525533961519788,-0.07721790395481086,0.9967405475880052,0.9928057553956835,0.9857429271135774,0.7526266569765299
2013-09-30,1538,1533,1523,-0.13464897311375332,-0.11667464856996526,0.9967490247074122,0.9934768427919113,0.9869448572721079,0.7476439618420622
2013-10-01,1538,1533,1525,-0.16212675474777286,-0.13593615657420174,0.9967490247074122,0.994781474233529,0.9870493623983194,0.7466840246524323
2013-10-02,1546,1541,1534,-0.19892304131845123,-0.1337108514057787,0.9967658473479948,0.9954574951330305,0.9861853560752925,0.7503177328318562
2013-10-03,1549,1544,1536,-0.17299630514023126,-0.12609953065958257,0.9967721110393802,0.9948186528497409,0.9883755410446775,0.7443120878792148
2013-10-04,1546,1541,1533,-0.21011290504809566,-0.18720817889212768,0.9967658473479948,0.9948085658663206,0.989717440452643,0.7461746511328929
2013-10-07,1547,1540,1532,-0.19905995786359126,-0.15746188058339455,0.995475113122172,0.9948051948051948,0.9888933304423552,0.7425650745341713
2013-10-08,1554,1546,1538,-0.14599868162851357,-0.09553026444458625,0.9948519948519948,0.9948253557567918,0.9835167115023349,0.7426507045637458
2013-10-09,1542,1533,1523,-0.16785862787617012,-0.11420593022453904,0.9941634241245136,0.9934768427919113,0.9785841824310934,0.714372233829552
2013-10-10,1542,1531,1520,-0.19994786821159413,-0.16111999998359813,0.9928664072632944,0.992815153494448,0.991872775419589,0.7110145099104836
2013-10-11,1540,1530,1521,-0.13944970720652763,-0.09352006755686658,0.9935064935064936,0.9941176470588236,0.9868673098149937,0.6928679977179162
2013-10-14,1539,1528,1519,-0.12801477832062216,-0.10138766868538347,0.9928525016244314,0.9941099476439791,0.981875009351918,0.7008865483348728
2013-10-15,1547,1536,1527,-0.09066918728885094,-0.08904497779175978,0.9928894634776988,0.994140625,0.9797114906554323,0.7122268219476707
2013-10-16,1556,1545,1537,-0.07951631385806628,-0.07281637031569792,0.9929305912596401,0.9948220064724919,0.9809236423722173,0.720034485969924
2013-10-17,1564,1549,1539,-0.09810771024855429,-0.07903841976116291,0.9904092071611253,0.9935442220787605,0.9876432855700753,0.7312141093139792
2013-10-18,1565,1547,1538,-0.11028177631730925,-0.10970128603468453,0.9884984025559106,0.9941822882999354,0.9841367038781392,0.7023417319868941
2013-10-21,1572,1554,1545,-0.11796440111668763,-0.127460817766374,0.9885496183206107,0.9942084942084942,0.9815726890447644,0.6876605171582848
2013-10-22,1559,1543,1532,-0.09846374362516687,-0.10893725156802696,0.9897370109044259,0.9928710304601426,0.982804930496891,0.6900090101017234
2013-10-23,1557,1542,1531,-0.08270072026818766,-0.08343542487828888,0.9903660886319846,0.9928664072632944,0.9836120912244654,0.6764729739506204
2013-10-24,1553,1538,1529,-0.09756187904630517,-0.05775465189345851,0.9903412749517064,0.994148244473342,0.984161703796003,0.6739257006929317
2013-10-25,1562,1546,1535,-0.0703155489210413,-0.05150882719699836,0.9897567221510883,0.9928848641655886,0.9845244784939803,0.6861725465873156
2013-10-28,1563,1547,1537,-0.06610107121594455,-0.04476325412262592,0.9897632757517595,0.9935358758888171,0.9852496545965258,0.6768305849840969
2013-10-29,1570,1554,1543,-0.04128545884518559,-0.019021127547929687,0.9898089171974522,0.9929214929214929,0.9869632849155265,0.6824126458020773
2013-10-30,1566,1550,1539,-0.014314398194346533,-0.008367699798813324,0.9897828863346104,0.9929032258064516,0.987229109907779,0.6805172604765374
2013-10-31,1567,1551,1541,-0.04089411784618579,-0.03221897901511169,0.9897894065092534,0.9935525467440361,0.9897625014000287,0.6663698735886386
2013-11-01,1575,1559,1549,-0.05991131021467848,-0.0469053286562441,0.9898412698412699,0.9935856318152662,0.9882755143984947,0.6710413942490546
2013-11-04,1588,1573,1564,-0.06744633720229452,-0.049439468552384354,0.9905541561712846,0.9942784488239034,0.9853342876312898,0.6533862651428657
2013-11-05,1605,1591,1583,-0.07146939888958889,-0.042443927911897834,0.9912772585669782,0.9949717159019484,0.9854691131760773,0.6543232762179141
2013-11-06,1610,1596,1589,0.002853293856942429,0.007859607851840315,0.991304347826087,0.9956140350877193,0.9890186386273246,0.6718431347358791
2013-11-07,1614,1600,1593,-0.006404495193752962,0.006911167044393819,0.9913258983890955,0.995625,0.9841774566686914,0.6527664013718598
2013-11-08,1616,1602,1595,-0.05930800124061305,-0.047063837068550766,0.9913366336633663,0.9956304619225967,0.98723184692356,0.6486169196758614
2013-11-11,1622,1608,1598,-0.07673648062980065,-0.04092274692332338,0.9913686806411838,0.9937810945273632,0.9864538032399319,0.6365948422738857
2013-11-12,1629,1615,1605,-0.0821912897229069,-0.058802763810089254,0.9914057704112953,0.9938080495356038,0.9868530378238864,0.61360796182173
2013-11-13,1629,1619,1610,-0.09524528899542943,-0.058224836463680915,0.9938612645794966,0.9944410129709698,0.985509972346706,0.5955927149198973
2013-11-14,1630,1623,1615,-0.07846294949462816,-0.03214104367035502,0.9957055214723927,0.9950708564386938,0.9841996235889345,0.5930879283100429
2013-11-15,1630,1623,1615,-0.10954118056533338,-0.03314294815833973,0.9957055214723927,0.9950708564386938,0.9861728202284266,0.601622913095378
2013-11-18,1626,1620,1613,-0.0847016990609348,-0.022144530636140046,0.996309963099631,0.995679012345679,0.9820698945557427,0.6136386319747765
2013-11-19,1618,1612,1605,-0.08234830519399722,-0.026248533529364862,0.9962917181705809,0.9956575682382134,0.9793621605598986,0.6248807591422919
2013-11-20,1616,1609,1600,-0.0648763210434025,-0.030511066605885394,0.9956683168316832,0.9944064636420137,0.9750998487084224,0.6206699079296292
2013-11-21,1621,1615,1607,-0.05428207861377112,-0.02520156357163409,0.9962985811227637,0.9950464396284829,0.9773806088957511,0.6276680667581489
2013-11-22,1622,1616,1607,-0.058736979602580154,-0.028276491438227448,0.9963008631319359,0.994430693069307,0.9834132803035225,0.6310779306735874
2013-11-25,1620,1614,1606,-0.03550304934453384,-0.008245421781388235,0.9962962962962963,0.9950433705080545,0.9847624051194137,0.6365858521992437
2013-11-26,1613,1607,1598,-0.08041630311581997,-0.03032247012881809,0.9962802231866088,0.9943995021779714,0.9774387428402544,0.6246677984694665
2013-11-27,1619,1613,1603,-0.026774830735452476,0.0014493259772314507,0.9962940086473132,0.9938003719776813,0.9775649061171845,0.6496957657832966
2013-11-29,1616,1611,1601,-0.05220862484549384,-0.024924385975993512,0.9969059405940595,0.9937926753569212,0.9766695597101372,0.6631172520051005
2013-12-02,1607,1602,1592,-0.025106370712444422,0.016855418553502997,0.9968886123210952,0.9937578027465668,0.9800283334641152,0.682313479431899
2013-12-03,1590,1585,1575,-0.04899981162187579,-0.016867608426635563,0.9968553459119497,0.9936908517350158,0.9792549503464851,0.6982718540919289
2013-12-04,1580,1576,1565,-0.07702758802683787,-0.05188187087938207,0.9974683544303797,0.993020304568528,0.9806442885128024,0.713116721535918
2013-12-05,1586,1582,1570,-0.09091755944432396,-0.07507750314328585,0.9974779319041615,0.9924146649810367,0.9738621274211332,0.7146872958805025
2013-12-06,1575,1571,1559,-0.07244855480915822,-0.054234246240164936,0.9974603174603175,0.9923615531508593,0.9790636781943797,0.7332763556954583
2013-12-09,1578,1574,1565,-0.0470401404987543,-0.03002568439516389,0.9974651457541192,0.9942820838627701,0.979918039573376,0.7513787687841061
2013-12-10,1575,1571,1563,-0.05650559965613132,-0.03953537439317938,0.9974603174603175,0.9949077021005729,0.9800315645374059,0.734344959618171
2013-12-11,1570,1566,1558,-0.034669841294767786,-0.049452338458118444,0.9974522292993631,0.9948914431673053,0.9767872130882009,0.7371579481015098
2013-12-12,1564,1560,1552,-0.021989782885309304,-0.016663237948851835,0.9974424552429667,0.9948717948717949,0.9839901328328144,0.7559438185819619
2013-12-13,1581,1577,1569,-0.012413200659956977,-0.010323106054298314,0.9974699557242251,0.9949270767279645,0.9848696412449424,0.7615354107906298
2013-12-16,1577,1573,1565,0.010656518077205399,0.011991476541376035,0.9974635383639823,0.9949141767323586,0.9838911375306102,0.7488103923626388
2013-12-17,1581,1574,1568,0.025862879617368585,0.026382039782397903,0.9955724225173941,0.9961880559085133,0.9860266850510537,0.7299030394858085
2013-12-18,1580,1574,1568,-0.009886855298968702,0.011185283554316085,0.9962025316455696,0.9961880559085133,0.9841387427738625,0.7194701199813512
2013-12-19,1586,1580,1575,-0.027863988967977142,-0.023243871971998443,0.9962168978562421,0.9968354430379747,0.9851513592657123,0.7111932688157998
2013-12-20,1585,1578,1574,0.006472974091776999,-0.01684287450257187,0.9955835962145111,0.9974651457541192,0.9827473822318353,0.711702689372435
2013-12-23,1594,1587,1583,-0.0005001067089253461,-0.008824806214382424,0.9956085319949812,0.9974795211090107,0.9870954163577325,0.7136737658102456
2013-12-24,1619,1612,1609,-0.01660473981813229,-0.019613669585820896,0.9956763434218654,0.9981389578163772,0.9862684974409411,0.6868742142589617
2013-12-26,1622,1615,1611,-0.0195202874872825,-0.02336846346342769,0.9956843403205918,0.9975232198142415,0.9831630225823307,0.6821650401983768
2013-12-27,1623,1616,1611,-0.006433393556007361,-0.006181896644729753,0.9956869993838571,0.9969059405940595,0.9825753536780716,0.6911395095435544
2013-12-30,1612,1605,1600,-0.003151573707193967,0.0060254379005617005,0.9956575682382134,0.9968847352024922,0.9857689474980562,0.6731701241853653
2013-12-31,1615,1608,1602,0.0008433893359448978,7.332578733706143e-05,0.9956656346749226,0.996268656716418,0.9767839748012089,0.661641226240156
2014-01-02,1627,1620,1615,-0.0019153262461885205,-0.01086593124767612,0.9956976029502151,0.9969135802469136,0.983633936673693,0.6592490870360551
2014-01-03,1631,1624,1620,-0.01650806619740514,-0.03041202816198922,0.9957081545064378,0.9975369458128078,0.9809388673855911,0.6538232170617916
2014-01-06,1622,1614,1610,-0.007775294346536601,-0.014397001586802374,0.9950678175092479,0.9975216852540273,0.98465447705511,0.6683718464965992
2014-01-07,1617,1609,1604,-0.004671818986535373,-0.03098707833642322,0.9950525664811379,0.9968924798011187,0.9835973519134028,0.6570093727277487
2014-01-08,1627,1620,1614,-0.018576274225851046,-0.04420244518660679,0.9956976029502151,0.9962962962962963,0.9824811939395142,0.6517767068918475
2014-01-09,1627,1619,1613,0.007664338179189505,-0.023255250381288225,0.9950829748002459,0.9962940086473132,0.9835903558070093,0.6656878952556681
2014-01-10,1642,1634,1627,-0.03351975251542208,-0.0414766145822104,0.9951278928136419,0.9957160342717258,0.9822259239339299,0.6564217353079331
2014-01-13,1650,1642,1635,-0.0172738639251241,-0.029899490913312024,0.9951515151515151,0.9957369062119367,0.9805062491344991,0.6597544680969251
2014-01-14,1655,1647,1638,-0.01653526325796963,-0.025220323511107548,0.9951661631419939,0.994535519125683,0.9826455994204257,0.6689989551986204
2014-01-15,1659,1653,1644,-0.0030178188519138617,-0.0011725294919221955,0.9963833634719711,0.9945553539019963,0.9686642529814561,0.680335082550222
2014-01-16,1660,1653,1644,0.019849756525908854,0.009631036222985747,0.9957831325301205,0.9945553539019963,0.9792281687151524,0.6909008803041551
2014-01-17,1657,1650,1640,0.0323563283649708,0.021413252836067424,0.995775497887749,0.9939393939393939,0.9847149617250953,0.690653858493267
2014-01-21,1658,1651,1641,0.06774388036802743,0.039189109264341056,0.9957780458383595,0.9939430648092066,0.97471589981612,0.6970765017879027
2014-01-22,1652,1645,1635,0.059936721873459775,0.024345127075640273,0.9957627118644068,0.993920972644377,0.9771271783709864,0.7037028006536517
2014-01-23,1659,1652,1642,0.056020002938774814,0.02406553692466854,0.9957805907172996,0.9939467312348669,0.9694854700100611,0.7112857265857017
2014-01-24,1624,1617,1608,0.038536746372749384,0.02338651605167851,0.9956896551724138,0.9944341372912802,0.983001202943265,0.7364336809487102
2014-01-27,1624,1617,1609,0.003939788482731627,0.00611361027012521,0.9956896551724138,0.9950525664811379,0.990218249888321,0.7448672810109506
2014-01-28,1635,1628,1620,0.0016503517799341576,-0.00853350932283289,0.9957186544342508,0.995085995085995,0.9867558607957168,0.7334092955820217
2014-01-29,1649,1642,1635,0.004039820258203439,-0.010727256538557002,0.9957550030321407,0.9957369062119367,0.9796283725609004,0.7250277016049735
2014-01-30,1658,1651,1643,0.004565960697127047,-0.009754536358555268,0.9957780458383595,0.9951544518473653,0.9771206429443589,0.7271938276314055
2014-01-31,1667,1659,1649,0.0017317360639320658,-0.005557410760593657,0.9952009598080384,0.9939722724532851,0.9815457498466147,0.7250391599802889
2014-02-03,1662,1655,1646,0.014374029364681058,0.011091738901088229,0.9957882069795427,0.9945619335347432,0.9877645282055117,0.7217855652247938
2014-02-04,1660,1652,1644,0.006250742610302188,-0.013494594870978196,0.9951807228915662,0.9951573849878934,0.9846734189660916,0.7243664998443942
2014-02-05,1675,1666,1659,0.03922381170246516,0.006368979605953371,0.9946268656716418,0.9957983193277311,0.9806352542645177,0.7381266492203135
2014-02-06,1678,1669,1663,0.014711770670689031,-0.02900698653811501,0.9946364719904648,0.9964050329538646,0.9791843836421867,0.7393203406434817
2014-02-07,1677,1668,1663,0.004875554305805436,-0.03691392463725662,0.9946332737030411,0.9970023980815348,0.9846365210843597,0.7309704663626225
2014-02-10,1675,1665,1659,0.023668359344884357,-0.002730521945559891,0.9940298507462687,0.9963963963963964,0.9850645756358969,0.7330555384003955
2014-02-11,1670,1659,1653,-0.018629019604843134,-0.022218652808217373,0.9934131736526947,0.9963833634719711,0.9856921244829215,0.7324873397828989
2014-02-12,1674,1663,1658,-0.03626030524341954,-0.06773295369733691,0.9934289127837514,0.9969933854479855,0.9884082882657647,0.7351445226695486
2014-02-13,1674,1663,1658,-0.05367630897788121,-0.09460923171490555,0.9934289127837514,0.9969933854479855,0.9843534512246679,0.7284449081849165
2014-02-14,1675,1664,1659,-0.05567957918350606,-0.07984416720711396,0.9934328358208955,0.9969951923076923,0.9830445840360487,0.7330995582452857
2014-02-18,1678,1667,1662,-0.0414148597116063,-0.09322169640373798,0.9934445768772348,0.997000599880024,0.988068296142388,0.7178371933593931
2014-02-19,1677,1666,1662,-0.03718407858019465,-0.08236814049110991,0.9934406678592725,0.9975990396158463,0.9859456804882285,0.7239383906249273
2014-02-20,1676,1662,1657,-0.049073732258010955,-0.09762074218330165,0.9916467780429594,0.9969915764139591,0.9873336743945166,0.7228436659301389
2014-02-21,1677,1664,1659,-0.05727257884188638,-0.0941008067984588,0.9922480620155039,0.9969951923076923,0.985281983114233,0.7175145677970308
2014-02-24,1683,1669,1664,-0.059741754720367087,-0.08670177300664376,0.9916815210932858,0.9970041941282205,0.9844174921081392,0.7270074563708411
2014-02-25,1688,1675,1670,-0.007869947755131463,-0.020386522887136882,0.9922985781990521,0.9970149253731343,0.9849052958546769,0.7271063233419791
2014-02-26,1689,1676,1672,-0.00989349202289903,-0.01288922287211567,0.9923031379514505,0.9976133651551312,0.9811779387161039,0.7280505791351319
2014-02-27,1686,1673,1668,-0.03991025120349449,-0.023114491205323287,0.9922894424673784,0.9970113568439928,0.9873012088794199,0.7297487800321408
2014-02-28,1694,1681,1676,-0.026312493864724177,-0.030092112902427245,0.9923258559622196,0.9970255800118977,0.9832314337073074,0.73774116802474
2014-03-03,1695,1682,1678,-0.0018412235804833885,-0.00993642819265841,0.9923303834808259,0.9976218787158145,0.9819337909648979,0.7408011202232506
2014-03-04,1705,1693,1688,0.003725633824447201,-0.019040667748645473,0.9929618768328445,0.9970466627288836,0.9831412647729366,0.7488083543750432
2014-03-05,1704,1693,1688,-0.0047159758183325665,-0.028149237955283995,0.9935446009389671,0.9970466627288836,0.9862358907690503,0.7517985827339911
2014-03-06,1712,1701,1695,-0.016292750766051668,-0.023873404370034514,0.9935747663551402,0.9964726631393298,0.986435179502753,0.7473240267012753
2014-03-07,1716,1705,1699,-0.008949924894357324,0.006072732330962685,0.9935897435897436,0.9964809384164223,0.9836941467636692,0.7574901300866175
2014-03-10,1705,1695,1690,-0.03267167818724106,0.0014356309574744125,0.9941348973607038,0.9970501474926253,0.9861466843060723,0.7540648779527402
2014-03-11,1709,1699,1694,-0.05023430884407304,-0.011735929318574083,0.9941486249268578,0.9970570924072985,0.9846016541138571,0.7568135187834188
2014-03-12,1709,1699,1693,-0.05053476200999728,-0.010016973596669717,0.9941486249268578,0.9964685108887581,0.9828106205784236,0.7604249686468498
2014-03-13,1705,1695,1689,-0.041081329151023575,-0.02025418936435454,0.9941348973607038,0.9964601769911504,0.9848131281002619,0.7549243650946282
2014-03-14,1708,1698,1693,-0.020364032289534213,-0.007329843970305721,0.9941451990632318,0.997055359246172,0.9841094078931504,0.7476837148983173
2014-03-17,1711,1700,1694,-0.015585221277565621,0.004526432857657134,0.9935710111046172,0.9964705882352941,0.9819221239515707,0.7403173508846034
2014-03-18,1710,1699,1694,-0.042731288245033035,-0.0016950281692852038,0.9935672514619883,0.9970570924072985,0.9850853745655456,0.7415185234207604
2014-03-19,1713,1703,1699,-0.04005886264868372,0.012053320029180784,0.9941622883829538,0.997651203758074,0.9854561756270089,0.7403753806508394
2014-03-20,1706,1696,1692,-0.041915282520104485,0.013822516701360003,0.9941383352872216,0.9976415094339622,0.9836477192437976,0.7339171967363978
2014-03-21,1707,1697,1692,-0.047151949176131566,0.03885369098215357,0.994141769185706,0.9970536240424278,0.9863615867741313,0.731081819269465
2014-03-24,1693,1683,1678,-0.04065669507356342,0.02880906955426078,0.9940933254577673,0.9970291146761735,0.9886148177372123,0.7217702789024792
2014-03-25,1711,1700,1695,-0.045028966502983055,0.014461215593404877,0.9935710111046172,0.9970588235294118,0.9835457629685984,0.7322250337677191
2014-03-26,1716,1705,1699,-0.0476988528646946,-0.00201999072901532,0.9935897435897436,0.9964809384164223,0.9856637297863097,0.7341901862507566
2014-03-27,1708,1697,1693,-0.05263379446086344,-0.019984328001410444,0.9935597189695551,0.9976428992339422,0.9876891203152572,0.7321788429090017
2014-03-28,1710,1699,1695,-0.03979040376408256,-0.00638636890970714,0.9935672514619883,0.9976456739258387,0.9877381975456611,0.7198625622669396
2014-03-31,1704,1693,1690,-0.045868686643511104,0.007634692589375389,0.9935446009389671,0.9982279976373302,0.99123021426379,0.7125512832967182
2014-04-01,1696,1684,1681,-0.0580197530632808,-0.0023795359904818666,0.9929245283018868,0.9982185273159145,0.986888283234095,0.7295444147841632
2014-04-02,1698,1686,1682,-0.07508718955124571,-0.012661214088511239,0.9929328621908127,0.9976275207591934,0.9813148116719469,0.704813638709865
2014-04-03,1688,1676,1670,-0.08268350006342752,-0.03069998693902199,0.9928909952606635,0.9964200477326969,0.9835959654348185,0.7038729201592602
2014-04-04,1681,1669,1662,-0.06537370504298497,-0.024823342730216275,0.9928613920285544,0.9958058717795086,0.9831980784198388,0.6889122279560942
2014-04-07,1675,1664,1657,-0.07729064350630872,-0.020469364787050366,0.9934328358208955,0.9957932692307693,0.9905368008466686,0.6816416257219051
2014-04-08,1679,1668,1662,-0.026359133435650235,0.01576537931827871,0.9934484812388327,0.9964028776978417,0.9877331904455848,0.6809180877043471
2014-04-09,1684,1673,1667,-0.025093803158514335,0.014014343270377068,0.9934679334916865,0.9964136282127914,0.9893092129442581,0.6723702708882688
2014-04-10,1680,1669,1663,-0.019906090241254257,-0.016521969514548242,0.993452380952381,0.9964050329538646,0.9873776175403283,0.6851412819993736
2014-04-11,1679,1667,1661,-0.016686558564486764,-0.02207086190389764,0.9928528886241811,0.9964007198560288,0.9849842576630299,0.6659902143968146
2014-04-14,1681,1669,1662,0.0032089214807028317,-0.00492614232928277,0.9928613920285544,0.9958058717795086,0.9893363747292013,0.674847669844758
2014-04-15,1683,1669,1662,0.02668916908803869,0.019452381914325894,0.9916815210932858,0.9958058717795086,0.9862947076834758,0.6661610615540094
2014-04-16,1681,1668,1661,-0.011475299924609498,-0.013950840277237505,0.992266508030934,0.9958033573141487,0.981509256590957,0.6517692433838512
2014-04-17,1678,1665,1659,-0.021110184455955146,-0.01174998464531301,0.9922526817640047,0.9963963963963964,0.9759332569920626,0.6738167991698001
2014-04-21,1675,1662,1657,-0.034408226824063276,-0.02371832888159413,0.9922388059701492,0.9969915764139591,0.9727348801250624,0.672138797943942
2014-04-22,1677,1665,1660,-0.043139320521968866,-0.021571411165465036,0.9928443649373881,0.996996996996997,0.98912271516559,0.676327956395296
2014-04-23,1656,1641,1636,-0.040470560854294006,-0.03952419964856511,0.9909420289855072,0.9969530773918343,0.981702313885923,0.6763552434697282
2014-04-24,1654,1639,1634,-0.07275851285601015,-0.06472013552633082,0.9909310761789601,0.9969493593654668,0.9780104393796575,0.6955755179030895
2014-04-25,1651,1637,1632,-0.0694107552264017,-0.06717698814424805,0.9915202907328892,0.9969456322541234,0.9686841023639979,0.6858315349831133
2014-04-28,1649,1634,1629,-0.08855590336224863,-0.10020092072425725,0.9909035779260158,0.9969400244798041,0.9812853714682177,0.7142434337345654
2014-04-29,1651,1637,1632,-0.07297342186082381,-0.07015519624006185,0.9915202907328892,0.9969456322541234,0.9860895610784912,0.7219302888097502
2014-04-30,1650,1637,1633,-0.03858085207034365,-0.041372451322900176,0.9921212121212121,0.9975565058032987,0.9746190051842127,0.7166394524324845
2014-05-01,1641,1628,1626,0.004385659810837606,-0.0019326170057124344,0.992078001218769,0.9987714987714987,0.9804860016013734,0.7270386459375401
2014-05-02,1640,1625,1621,0.06181324471131244,0.04891677109675928,0.9908536585365854,0.9975384615384615,0.9756936782442355,0.717057201937085
2014-05-05,1648,1632,1627,0.07060773887174787,0.05755224987075881,0.9902912621359223,0.9969362745098039,0.9728953247069296,0.7198904961239282
2014-05-06,1656,1639,1634,0.051172371128473206,0.03352900567706545,0.9897342995169082,0.9969493593654668,0.9873113507440581,0.7421974243411471
2014-05-07,1649,1632,1627,-0.0025769590780743297,-0.017072265502242116,0.9896907216494846,0.9969362745098039,0.9833907878218238,0.7415698804166907
2014-05-08,1647,1630,1625,-0.009465993444614539,-0.04408333414899132,0.9896782027929569,0.9969325153374233,0.9884808714622223,0.7622459383608968
2014-05-09,1642,1626,1621,-0.0022988617263441924,-0.03199355447917976,0.9902557856272838,0.9969249692496925,0.9831819004509779,0.7558002441445437
2014-05-12,1647,1632,1628,0.03616935446039509,0.004424184649457727,0.9908925318761385,0.9975490196078431,0.9880013116999875,0.764097363885845
2014-05-13,1654,1638,1633,0.014528016594672063,-0.021373321664988204,0.9903264812575574,0.996947496947497,0.9846375305364897,0.7646082042791783
2014-05-14,1655,1639,1634,0.021167444336742912,-0.057158859463676014,0.9903323262839879,0.9969493593654668,0.9876736519061119,0.754233130392446
2014-05-15,1657,1641,1636,-0.016972184470521897,-0.06311249096436479,0.9903439951719976,0.9969530773918343,0.9874268688026444,0.7489065168350959
2014-05-16,1649,1633,1628,-0.020751100760977824,-0.06485854506989569,0.9902971497877502,0.9969381506429884,0.987382126555222,0.7522328774912624
2014-05-19,1656,1639,1633,-0.02541001245401835,-0.060710507886053304,0.9897342995169082,0.99633923123856,0.9854092177090866,0.7446973103361649
2014-05-20,1657,1642,1636,-0.03464655795329704,-0.0808832726444944,0.9909474954737477,0.9963459196102314,0.9887257220075008,0.7386018900787196
2014-05-21,1654,1636,1630,-0.003300053130565122,-0.0123582869523451,0.9891172914147521,0.9963325183374083,0.9860797284222766,0.7468300333023612
2014-05-22,1659,1641,1634,0.007152746756005912,-0.006295804264823725,0.9891500904159132,0.9957343083485679,0.9835153737262182,0.7621433668841296
2014-05-23,1658,1640,1633,0.008162812722518453,0.019380945381095863,0.9891435464414958,0.9957317073170732,0.9887021421132088,0.7791756424901155
2014-05-27,1658,1640,1633,0.003841454174589783,0.04253953476026809,0.9891435464414958,0.9957317073170732,0.9841297706702605,0.7783645136919058
2014-05-28,1657,1638,1631,-0.038998939472793176,-0.027221116335630863,0.9885334942667471,0.9957264957264957,0.9866532135277692,0.7793754800315743
2014-05-29,1655,1636,1629,-0.04778594223497261,-0.02817122138886028,0.9885196374622357,0.9957212713936431,0.9823742374869904,0.7763656600854513
2014-05-30,1647,1627,1622,-0.07974485594362225,-0.08639523765298379,0.9878567091681846,0.9969268592501537,0.9789837934361801,0.7850685816072409
2014-06-02,1637,1619,1615,-0.10363683349669058,-0.08979742038908627,0.9890042761148442,0.9975293390982087,0.9812490888555694,0.7946398308524089
2014-06-03,1630,1615,1611,-0.12817111086521885,-0.1093370989999446,0.99079754601227,0.9975232198142415,0.9865883023017549,0.8004840728813356
2014-06-04,1625,1610,1606,-0.09707073425271696,-0.08441554975534424,0.9907692307692307,0.9975155279503105,0.986538264427276,0.7943371233767795
2014-06-05,1628,1613,1607,-0.10256378000851049,-0.1000584681336267,0.9907862407862408,0.9962802231866088,0.9847184047715506,0.7859715932814145
2014-06-06,1624,1608,1602,-0.0754876381577514,-0.04966422196346425,0.9901477832512315,0.996268656716418,0.9813832686734507,0.7773285904184815
2014-06-09,1622,1605,1599,0.014934487430173504,0.06220837139294666,0.9895191122071517,0.9962616822429906,0.9876657747570136,0.7860492380499763
2014-06-10,1615,1600,1594,0.0208524847200355,0.07268961579552068,0.9907120743034056,0.99625,0.9898695763393349,0.7863422326204293
2014-06-11,1616,1601,1595,0.031806464680167644,0.09672445569582525,0.9907178217821783,0.9962523422860712,0.9856011116530542,0.7708552220588484
2014-06-12,1605,1590,1585,0.02969100709959805,0.07046974934703121,0.9906542056074766,0.9968553459119497,0.9860309718059426,0.7570111885918085
2014-06-13,1602,1587,1582,0.02852691533008299,0.06018349137760117,0.9906367041198502,0.9968494013862634,0.9836110944815973,0.7556917912801531
2014-06-16,1595,1579,1575,0.0325581118496765,0.05194691105371645,0.9899686520376175,0.9974667511082964,0.9842741816958798,0.7553657152513205
2014-06-17,1582,1565,1561,0.1242530363809682,0.15926271038378656,0.9892541087231352,0.997444089456869,0.9874935797469421,0.765852528574761
2014-06-18,1589,1574,1570,0.15008931243797693,0.17446861706918745,0.9905601006922593,0.9974587039390089,0.9941364372275686,0.7591538232178479
2014-06-19,1591,1576,1573,0.10104564754970108,0.11514838410559744,0.9905719673161534,0.9980964467005076,0.9936225972688222,0.7563455609449973
2014-06-20,1589,1574,1571,0.0987457244576233,0.1150931406528173,0.9905601006922593,0.9980940279542567,0.9910656720713604,0.7574051162859843
2014-06-23,1586,1571,1568,0.09698373190099394,0.11680062438633838,0.9905422446406053,0.9980903882877148,0.9916170201279483,0.7320339043517443
2014-06-24,1606,1591,1588,-0.007025408281125704,0.09992187633372464,0.9906600249066002,0.9981143934632307,0.9910900279180123,0.7176050398469721
2014-06-25,1610,1594,1589,0.005110578072001367,0.09012803645757515,0.9900621118012423,0.9968632371392723,0.9881497128747799,0.6987808031013735
2014-06-26,1613,1596,1590,0.013923780668511854,0.08328385187506866,0.9894606323620583,0.9962406015037594,0.9895968493597292,0.6875804637797948
2014-06-27,1621,1603,1597,0.025274066028923535,0.08892543674282138,0.9888957433682912,0.9962570180910792,0.9896926039919636,0.6830010798139754
2014-06-30,1622,1605,1599,-0.01039148634248556,0.052889534760852605,0.9895191122071517,0.9962616822429906,0.9826057080389108,0.698635918214318
2014-07-01,1659,1641,1636,-0.034397900678355804,0.02989904903865825,0.9891500904159132,0.9969530773918343,0.9828647014826307,0.7025567348364943
2014-07-02,1657,1638,1635,-0.027956008108576666,0.02682130970219463,0.9885334942667471,0.9981684981684982,0.9821024613028159,0.7077147338597987
2014-07-03,1668,1647,1643,0.00028106579345848245,0.07286219727908555,0.987410071942446,0.9975713418336369,0.9800573536968785,0.7153028489623265
2014-07-07,1674,1655,1651,-0.017794208637782038,0.03117314021891629,0.9886499402628435,0.997583081570997,0.9863776582431405,0.7070193052126412
2014-07-08,1662,1643,1639,-0.09886341730546169,-0.06771746287215273,0.9885679903730445,0.9975654290931223,0.986017633744433,0.7045773597977489
2014-07-09,1662,1643,1639,-0.09068938833706194,-0.07961348685689829,0.9885679903730445,0.9975654290931223,0.9885511890863354,0.7208123416147159
2014-07-10,1663,1644,1639,-0.09169631924044078,-0.07837410584177644,0.9885748647023451,0.9969586374695864,0.9847583314811497,0.719821791981222
2014-07-11,1659,1640,1635,-0.07808435782764082,-0.0467947070447348,0.9885473176612417,0.9969512195121951,0.988261214036646,0.7186855900618356
2014-07-14,1663,1645,1640,-0.08999924101843297,-0.04944956660009496,0.9891761876127481,0.9969604863221885,0.9834495805620801,0.7246874584550703
2014-07-15,1662,1644,1639,-0.09128275654876021,-0.03259607201332518,0.9891696750902527,0.9969586374695864,0.9865865072918193,0.7217377746774206
2014-07-16,1660,1641,1635,-0.13502152489336583,-0.0750173634958243,0.9885542168674699,0.9963436928702011,0.9840725556685793,0.6935103674411367
2014-07-17,1655,1636,1630,-0.16281654691047676,-0.10631031720066235,0.9885196374622357,0.9963325183374083,0.9848661956101858,0.7210117627024397
2014-07-18,1652,1633,1627,-0.14752277430947822,-0.08651736138542045,0.988498789346247,0.9963257807715861,0.9886964783976787,0.7257080726601407
2014-07-21,1660,1641,1634,-0.1439220375126952,-0.11075856634471215,0.9885542168674699,0.9957343083485679,0.9837481302408778,0.7146570606566817
2014-07-22,1663,1645,1636,-0.13716075858483148,-0.0934012543345117,0.9891761876127481,0.9945288753799392,0.9849081036812841,0.7291222874687449
2014-07-23,1641,1622,1615,-0.04233219036172927,-0.05329669399893135,0.9884216940889702,0.9956843403205918,0.9788712358564876,0.7386392333894376
2014-07-24,1638,1619,1613,-0.028801954583665343,-0.030967970346143,0.9884004884004884,0.9962940086473132,0.9792248715738618,0.725991109323871
2014-07-25,1641,1621,1615,-0.04692394115225801,-0.04503816952643741,0.987812309567337,0.9962985811227637,0.9889832965610718,0.7340198123691022
2014-07-28,1646,1625,1619,-0.05984508400554173,-0.05414414965443349,0.9872417982989065,0.9963076923076923,0.980951259133706,0.7374002591014391
2014-07-29,1642,1623,1617,-0.05725517051654033,-0.053429399472325244,0.9884287454323996,0.9963031423290203,0.9836717422531198,0.7502641799217236
2014-07-30,1604,1586,1581,0.020381107904900768,0.01852602338846552,0.9887780548628429,0.9968474148802018,0.9695747944089677,0.7450532264819301
2014-07-31,1599,1584,1580,0.019147403883137157,0.025816497475368603,0.9906191369606003,0.9974747474747475,0.9796289036901634,0.7418786299426475
2014-08-01,1585,1571,1567,0.01301293913296221,0.013554635337693178,0.9911671924290221,0.9974538510502864,0.9877039074878523,0.7393565749955353
2014-08-04,1586,1572,1566,-0.03929856905570395,-0.03761121444832791,0.9911727616645649,0.9961832061068703,0.9827883709050317,0.7324704588253185
2014-08-05,1603,1588,1583,-0.0016663098560062463,0.013245316569770524,0.990642545227698,0.9968513853904282,0.982558944794141,0.7264703011060523
2014-08-06,1605,1588,1584,-0.01821873281822964,-0.009993883970440869,0.9894080996884735,0.9974811083123426,0.9829451662321029,0.7091556628353232
2014-08-07,1608,1591,1587,-0.0030456480308069197,0.009716101223277948,0.9894278606965174,0.9974858579509742,0.9830597895005981,0.7111478197500166
2014-08-08,1614,1597,1593,-0.044064404892561124,-0.0483951519833726,0.9894671623296158,0.9974953036944271,0.9853672595331423,0.7128049447458292
2014-08-11,1613,1597,1593,-0.01144130590403117,-0.009537597772965745,0.9900805951642901,0.9974953036944271,0.9870065002917169,0.7264379948857914
2014-08-12,1629,1613,1608,-0.0949719645804443,-0.06196954156294482,0.9901780233271946,0.9969001859888407,0.9810416141729568,0.7202684143157654
2014-08-13,1633,1616,1611,-0.08639231409540099,-0.03570834607292413,0.9895897121861604,0.9969059405940595,0.98330097918215,0.7062934934810852
2014-08-14,1632,1615,1609,-0.10458334000365613,-0.06113246424940181,0.9895833333333334,0.9962848297213622,0.987751500738028,0.707711178478463
2014-08-15,1630,1613,1608,-0.00854124882360789,-0.010362130568423004,0.9895705521472392,0.9969001859888407,0.9818380406540543,0.6906694757366897
2014-08-18,1623,1606,1602,-0.0017394395194408033,0.03412566673400327,0.9895255699322243,0.9975093399750934,0.984874770008528,0.6814985843945222
2014-08-19,1620,1605,1601,-0.03778137526883902,0.008087668170876323,0.9907407407407407,0.9975077881619938,0.9829586407460774,0.6726260917244057
2014-08-20,1623,1609,1605,-0.06492101871301564,-0.03684240069627262,0.9913739987677141,0.997513983840895,0.974892442380139,0.6772647824743885
2014-08-21,1626,1612,1607,-0.05890686353604411,-0.02592619402805794,0.991389913899139,0.9968982630272953,0.9841573919723828,0.6896800136376348
2014-08-22,1621,1608,1603,0.0017382299732630608,0.049192752777554576,0.9919802590993214,0.9968905472636815,0.9823551083506237,0.7055186991673132
2014-08-25,1623,1610,1605,0.013615246913904385,0.052614074153427684,0.9919901417128774,0.9968944099378882,0.9858866810060362,0.72900597776561
2014-08-26,1619,1606,1601,0.02171259182819732,0.05187643139704355,0.9919703520691785,0.9968866749688667,0.9788641250475746,0.72752599290175
2014-08-27,1610,1597,1592,0.016666986315482683,0.020623015149252976,0.9919254658385093,0.9968691296180339,0.9822008214057458,0.6949578989912663
2014-08-28,1607,1593,1588,-0.020752116414143547,-0.009460483007589405,0.9912881144990666,0.9968612680477087,0.985722017600108,0.6991889150701487
2014-08-29,1596,1582,1579,-0.035635614643355545,-0.027597068578566253,0.9912280701754386,0.9981036662452591,0.983185782037655,0.7117840744667703
2014-09-02,1573,1562,1558,0.01951137918477294,0.030628383191072153,0.993006993006993,0.9974391805377721,0.9844351662831495,0.6955527947481323
2014-09-03,1555,1545,1541,0.017825135056257643,0.0015393222639010153,0.9935691318327974,0.997411003236246,0.984169431606753,0.7103953292453536
2014-09-04,1561,1551,1547,-0.01933777695421502,-0.017555749351142118,0.9935938500960922,0.9974210186976145,0.9872543851098728,0.7001307566353348
2014-09-05,1564,1552,1548,-0.042247230321084926,-0.04360468553421245,0.9923273657289002,0.9974226804123711,0.9878383828708786,0.6966709362126837
2014-09-08,1559,1547,1543,0.03540329682196895,0.003636707249188783,0.9923027581783195,0.9974143503555268,0.9819985298704696,0.6709620982426548
2014-09-09,1551,1540,1537,0.035175728962686725,0.011110008445767329,0.9929078014184397,0.9980519480519481,0.98786108101642,0.6355988911929256
2014-09-10,1545,1534,1531,0.07088262117322358,0.04062881008317564,0.9928802588996763,0.9980443285528031,0.9904090877402673,0.6398751262067207
2014-09-11,1544,1533,1530,0.08923987670129961,0.05546862928453103,0.9928756476683938,0.9980430528375733,0.9829242209457051,0.6358739066828645
2014-09-12,1551,1540,1538,0.12433803643539462,0.09997647218465563,0.9929078014184397,0.9987012987012988,0.9866872155192652,0.6743256097294141
2014-09-15,1557,1548,1545,0.09890275609377461,0.07283842147970648,0.9942196531791907,0.998062015503876,0.9882118698982533,0.6910906658201277
2014-09-16,1552,1543,1540,0.05828537489379035,0.032928403507999804,0.9942010309278351,0.9980557355800389,0.9850835775520351,0.6928776201321324
2014-09-17,1548,1539,1536,0.03823324932753093,0.0009048849868286763,0.9941860465116279,0.9980506822612085,0.9801564157431437,0.6872164950235692
2014-09-18,1551,1542,1539,0.01846268046584771,-0.0044328386741636526,0.9941972920696325,0.9980544747081712,0.9861290203268867,0.6533050483828663
2014-09-19,1548,1539,1536,0.025509806725203442,0.006492736707363903,0.9941860465116279,0.9980506822612085,0.9863851817890381,0.6408664125932756
2014-09-22,1551,1541,1537,-0.005853326756377775,-0.018031580332508963,0.9935525467440361,0.9974042829331603,0.9850104377693242,0.6441935698851277
2014-09-23,1577,1567,1563,-0.012543210185831303,-0.019327061784717683,0.9936588459099556,0.9974473516273133,0.9839166988746763,0.6147844799305123
2014-09-24,1584,1571,1566,0.006270352375900267,0.00425827137728763,0.9917929292929293,0.9968173138128581,0.9792783810346188,0.6233033306386425
2014-09-25,1585,1572,1567,0.016341518729698738,-0.011750585555760633,0.9917981072555205,0.9968193384223919,0.9830490012950266,0.64004502332734
2014-09-26,1577,1564,1559,0.005480371245597999,-0.004205832242261557,0.9917564996829423,0.9968030690537084,0.9833722056656247,0.6403873124288846
2014-09-29,1581,1565,1561,-0.025640592066670034,-0.042990789921251576,0.9898798228969007,0.997444089456869,0.9815759984056953,0.6094424188124228
2014-09-30,1584,1567,1563,-0.020649569043144956,-0.05156122952948627,0.9892676767676768,0.9974473516273133,0.9821375889730893,0.5934227051603641
2014-10-01,1592,1572,1568,-0.020576892922759594,-0.04681898035557929,0.9874371859296482,0.9974554707379135,0.9823414822198495,0.592225141104142
2014-10-02,1599,1579,1575,-0.0013670590311843916,-0.022099754316809314,0.9874921826141339,0.9974667511082964,0.9824493976119679,0.6084223172143861
2014-10-03,1600,1580,1576,0.002344039954392987,-0.036140559336694106,0.9875,0.9974683544303797,0.9836580790399831,0.611294943134909
2014-10-06,1608,1587,1583,0.0353763371266633,-0.009748218758918703,0.9869402985074627,0.9974795211090107,0.9803841271451534,0.6113569821501295
2014-10-07,1609,1588,1584,0.062464526313842784,0.0011613058713460453,0.9869484151646986,0.9974811083123426,0.9850364231630476,0.6173492845813503
2014-10-08,1604,1583,1579,0.015403552235279599,-0.04082767631414424,0.9869077306733167,0.9974731522425774,0.9834022393505838,0.6250266425906384
2014-10-09,1607,1587,1582,0.03753992403498659,-0.027226848688342922,0.9875544492843809,0.9968494013862634,0.9832193597520311,0.629922892564347
2014-10-10,1608,1590,1586,0.020785656017944684,-0.03279361555350471,0.9888059701492538,0.9974842767295597,0.9834318126116418,0.6299372737447428
2014-10-13,1606,1587,1583,0.03740951932570016,-0.03131439439013274,0.9881693648816936,0.9974795211090107,0.9839907674388501,0.6225118847484575
2014-10-14,1618,1597,1593,0.011029692372920145,-0.038481792170487514,0.9870210135970334,0.9974953036944271,0.9799634862316601,0.607065844857056
2014-10-15,1623,1603,1599,0.05800999772759164,-0.0007768769357569249,0.9876771410967344,0.9975046787273861,0.9752424758954057,0.6175022312177315
2014-10-16,1625,1604,1600,0.11843386681425554,0.09215651158457475,0.9870769230769231,0.9975062344139651,0.9812283719819569,0.6310734741156124
2014-10-17,1636,1616,1612,0.08511596549419008,0.06473295888165632,0.9877750611246944,0.9975247524752475,0.9766468103443156,0.639622435115662
2014-10-20,1641,1619,1614,0.11856790507371318,0.08207278166507263,0.9865935405240707,0.9969116738727609,0.9739150967910468,0.6478113989798105
2014-10-21,1626,1607,1603,0.12704593521517868,0.09151563732158759,0.9883148831488315,0.9975108898568762,0.9716653171222344,0.6640199805661199
2014-10-22,1627,1608,1603,0.12087855199110274,0.09236391475790767,0.9883220651505839,0.9968905472636815,0.9779292581638643,0.6846462031082774
2014-10-23,1621,1602,1597,0.11238124831856398,0.0715234547702026,0.9882788402220851,0.9968789013732834,0.9854820447960212,0.6746657524891382
2014-10-24,1624,1607,1602,0.08214431526387576,0.04159397807451108,0.9895320197044335,0.9968886123210952,0.9802409091581917,0.6591843201181532
2014-10-27,1625,1610,1605,0.08651696736594591,0.05414918784787547,0.9907692307692307,0.9968944099378882,0.9649257166545362,0.6667372230838091
2014-10-28,1626,1612,1606,0.09649255129594513,0.08688091049500067,0.991389913899139,0.9962779156327544,0.9768319785519813,0.6727805953114497
2014-10-29,1627,1613,1607,0.13521261718786112,0.09197475897227432,0.9913952059004303,0.9962802231866088,0.9732829090680695,0.6766357481633272
2014-10-30,1627,1613,1608,0.1521273162854303,0.11579472722897177,0.9913952059004303,0.9969001859888407,0.9846317147091851,0.6901490856375864
2014-10-31,1629,1616,1610,0.15916043441061722,0.1176867849243135,0.9920196439533456,0.9962871287128713,0.9798951928915886,0.6739288623480297
2014-11-03,1641,1628,1623,0.20839622703511973,0.1446684000091482,0.992078001218769,0.9969287469287469,0.9820068547938846,0.6657901049517947
2014-11-04,1654,1641,1636,0.1629122621670654,0.10315282744591922,0.9921402660217654,0.9969530773918343,0.9830418651959381,0.6679605339765391
2014-11-05,1664,1650,1645,0.248531478108857,0.16204230755243845,0.9915865384615384,0.996969696969697,0.9811451507728762,0.6779557243716772
2014-11-06,1665,1651,1646,0.25229808767484635,0.1662564368939041,0.9915915915915916,0.9969715324046032,0.9859505547460324,0.6515676479284183
2014-11-07,1663,1650,1644,0.2949380881257722,0.19830029432608134,0.9921828021647625,0.9963636363636363,0.9805385500860658,0.6676395693545335
2014-11-10,1674,1660,1652,0.2824826386067669,0.19231844138938314,0.991636798088411,0.9951807228915662,0.9799635287383066,0.6820554624401178
2014-11-11,1682,1667,1659,0.31885616587043664,0.2167347428353401,0.9910820451843044,0.9952009598080384,0.9868904419579515,0.7070493905954339
2014-11-12,1687,1672,1663,0.32486829020754265,0.22830153267207298,0.991108476585655,0.9946172248803827,0.9829299882417558,0.7116632790303227
2014-11-13,1689,1672,1664,0.3128831808322576,0.24072197660216305,0.9899348727057431,0.9952153110047847,0.9814998623939856,0.6896513893506374
2014-11-14,1672,1657,1650,0.2858548359183366,0.2218059337128398,0.9910287081339713,0.995775497887749,0.9755090471053378,0.6644675532234863
2014-11-17,1662,1647,1639,0.2788612739831051,0.21656809115476652,0.9909747292418772,0.9951426836672739,0.9860195399341166,0.6755949557378684
2014-11-18,1657,1641,1633,0.30285519035801356,0.262342734387335,0.9903439951719976,0.9951249238269348,0.9840329390383721,0.6735639756592224
2014-11-19,1658,1641,1633,0.2925442451328239,0.25307050758535754,0.9897466827503015,0.9951249238269348,0.9818203855058557,0.6705876052393122
2014-11-20,1658,1641,1633,0.3021652513460861,0.24944150018140945,0.9897466827503015,0.9951249238269348,0.9765420224730958,0.6759568168775544
2014-11-21,1658,1641,1633,0.3215227689646043,0.25344079151837096,0.9897466827503015,0.9951249238269348,0.9808887002297607,0.686408764835864
2014-11-24,1652,1634,1626,0.2658320153498603,0.20999326822543446,0.9891041162227603,0.9951040391676866,0.97940612658456,0.6952411589809098
2014-11-25,1660,1643,1634,0.2806452720604768,0.22600359038136256,0.9897590361445783,0.9945222154595252,0.9848822474783097,0.7279731202674408
2014-11-26,1668,1650,1641,0.25831019072418493,0.21465395889666014,0.9892086330935251,0.9945454545454545,0.9791927687218726,0.7345865149842467
2014-11-28,1662,1644,1636,0.11934300506778188,0.10788549493836569,0.9891696750902527,0.9951338199513382,0.9754312828023357,0.7523702704993978
2014-12-01,1658,1640,1632,0.09279256143168962,0.09459439589801633,0.9891435464414958,0.9951219512195122,0.9769039326496495,0.7685663719360872
2014-12-02,1644,1626,1617,0.04785229286024975,0.08741762618783508,0.9890510948905109,0.9944649446494465,0.9811905614621076,0.7784220811564005
2014-12-03,1634,1618,1609,0.04669934169782533,0.10606151386215587,0.9902080783353733,0.9944375772558715,0.9855898586143328,0.7811479154512339
2014-12-04,1634,1618,1608,0.07659733599148735,0.14674718290590458,0.9902080783353733,0.9938195302843016,0.9740046322574605,0.7900372195547414
2014-12-05,1631,1615,1607,0.05661566115955516,0.11877537259129138,0.9901900674432863,0.9950464396284829,0.9788390660919338,0.780769376609923
2014-12-08,1612,1598,1592,-0.0004731260232704346,0.06042877127210894,0.9913151364764268,0.9962453066332916,0.9743633667555385,0.7688484640360358
2014-12-09,1609,1596,1589,0.0715968358235857,0.08933594511408083,0.9919204474829086,0.9956140350877193,0.9829047132277209,0.7710778859562892
2014-12-10,1613,1600,1594,-0.021182591532995516,-0.0024899188746373984,0.9919404835709857,0.99625,0.9877888442571515,0.7880496452209087
2014-12-11,1614,1601,1595,0.07058232691233568,0.052237420484499496,0.9919454770755886,0.9962523422860712,0.9861039128839452,0.7885764890746729
2014-12-12,1616,1603,1597,0.06384021754708992,0.04927644447344059,0.9919554455445545,0.9962570180910792,0.9887984060910461,0.7964698115512467
2014-12-15,1613,1600,1593,0.020059780596635393,0.010880529103729426,0.9919404835709857,0.995625,0.9858023832992682,0.7795390214300263
2014-12-16,1615,1602,1595,0.05950717988640022,0.06282030698296778,0.9919504643962849,0.9956304619225967,0.9897215616017675,0.7674770190947443
2014-12-17,1624,1612,1605,0.1197541868657164,0.11141383108377034,0.9926108374384236,0.9956575682382134,0.9890328733959686,0.7386337754871639
2014-12-18,1627,1615,1608,0.14525701132572763,0.13516264869068104,0.9926244622003688,0.9956656346749226,0.9880196426954277,0.7224382744487294
2014-12-19,1633,1622,1614,0.1707495921609889,0.15556795730101902,0.9932639314145744,0.9950678175092479,0.9874757319043289,0.7278955038466322
2014-12-22,1643,1631,1625,0.16851822801443714,0.15933551650029582,0.992696287279367,0.9963212752912324,0.9884188047828543,0.7194149506537028
2014-12-23,1679,1666,1660,0.17803771408972952,0.1956953780110267,0.9922572960095295,0.9963985594237695,0.9915231956360553,0.7175946892141757
2014-12-24,1680,1668,1662,0.14888800286926562,0.17376830278087033,0.9928571428571429,0.9964028776978417,0.9888766590192227,0.725008936459899
2014-12-26,1680,1668,1661,0.10570282348956021,0.14315202679497838,0.9928571428571429,0.9958033573141487,0.9841899543089485,0.7313527000054633
2014-12-29,1665,1654,1647,0.1754999327386546,0.19346718772699772,0.9933933933933934,0.9957678355501813,0.9901092322792284,0.7342753037065918
2014-12-30,1662,1651,1644,0.1904582788280222,0.2024733664286727,0.99338146811071,0.9957601453664445,0.9906717566311823,0.7361836146692844
2014-12-31,1670,1659,1652,0.12291051691025998,0.14006512844242328,0.9934131736526947,0.9957805907172996,0.9911441653990424,0.7396418806270421
2015-01-02,1663,1652,1644,0.08113893717143525,0.10732330223106384,0.9933854479855683,0.9951573849878934,0.9910284299790996,0.7427951603604764
2015-01-05,1664,1653,1644,-0.10512417460187876,-0.03612310854783092,0.9933894230769231,0.9945553539019963,0.9885825456137964,0.7498368207782409
2015-01-06,1660,1649,1640,-0.10411819316915506,-0.03138875113298912,0.9933734939759036,0.9945421467556095,0.9798424741134466,0.7507085185395651
2015-01-07,1659,1648,1639,-0.203244204452177,-0.0899928112483359,0.9933694996986137,0.9945388349514563,0.9881208177352756,0.753194280687497
2015-01-08,1663,1652,1644,-0.21144023811959517,-0.09307411623146439,0.9933854479855683,0.9951573849878934,0.9874437916825921,0.7686282779077297
2015-01-09,1659,1649,1640,-0.23497671221279046,-0.1338463184996142,0.9939722724532851,0.9945421467556095,0.9905550658871132,0.7719602600947932
2015-01-12,1658,1648,1639,-0.25827847032702655,-0.1556802203634746,0.9939686369119421,0.9945388349514563,0.9868111330813644,0.7738486550978662
2015-01-13,1650,1639,1631,-0.25509116840435986,-0.16540963814367998,0.9933333333333333,0.9951189749847468,0.9819029061083587,0.7791714050063194
2015-01-14,1654,1644,1637,-0.24880509196509792,-0.18060906473277483,0.9939540507859734,0.995742092457421,0.9821148222981638,0.7833053028249726
2015-01-15,1663,1654,1647,-0.2861576353369904,-0.18408460947367067,0.994588093806374,0.9957678355501813,0.982681384636914,0.7895874944602019
2015-01-16,1651,1642,1634,-0.2620783379267909,-0.18906640904493402,0.9945487583282859,0.9951278928136419,0.9846364254256135,0.7882986180724237
2015-01-20,1648,1640,1632,-0.25168312689733363,-0.17110735773432287,0.9951456310679612,0.9951219512195122,0.9794333196217085,0.7894069543427649
2015-01-21,1641,1634,1624,-0.16787626557092003,-0.10800276528876182,0.9957343083485679,0.9938800489596084,0.9731654950569295,0.7913551285175496
2015-01-22,1640,1631,1621,-0.1788800169475001,-0.13624586163975538,0.9945121951219512,0.9938687921520539,0.9830674397124246,0.7936038335612572
2015-01-23,1601,1593,1583,-0.17719041803732488,-0.1534555366684907,0.9950031230480949,0.9937225360954175,0.9816070857093337,0.8080464477965396
2015-01-26,1607,1599,1589,-0.15886331744858181,-0.13102023622614123,0.9950217797137524,0.9937460913070669,0.987156856599492,0.8069842380639082
2015-01-27,1608,1598,1589,-0.1446399101504421,-0.1349696144501838,0.9937810945273632,0.9943679599499374,0.9862381137357459,0.8047048938245663
2015-01-28,1626,1615,1605,-0.18002318498915093,-0.15412073568363163,0.9932349323493235,0.9938080495356038,0.9847844997297168,0.8037865228649028
2015-01-29,1627,1616,1606,-0.22763801783150886,-0.19647486196401587,0.9932390903503381,0.9938118811881188,0.984846413560791,0.7940741591480625
2015-01-30,1630,1619,1610,-0.0908413209079912,-0.0760054432876108,0.9932515337423313,0.9944410129709698,0.984028728521209,0.7957662919533551
2015-02-02,1641,1630,1622,-0.004711627366336958,-0.007743920090275936,0.9932967702620353,0.9950920245398773,0.9903216361251111,0.7930214302183738
2015-02-03,1646,1635,1627,0.08017504618640192,0.05367842969704547,0.9933171324422844,0.9951070336391438,0.9862278278303525,0.7958527681838797
2015-02-04,1653,1642,1634,0.07140697520515334,0.02223491464920862,0.9933454325468845,0.9951278928136419,0.9893660826648416,0.80589541879795
2015-02-05,1661,1649,1641,0.11806120202325064,0.06147277020091771,0.9927754364840458,0.9951485748938751,0.9863079783933314,0.8015155314880142
2015-02-06,1656,1644,1637,0.17559300865707958,0.10169145342019568,0.9927536231884058,0.995742092457421,0.9886766517606767,0.79360839783124
2015-02-09,1659,1646,1639,0.24158410406320954,0.1727369509412397,0.9921639541892706,0.9957472660996355,0.9902250062083503,0.7975119568360203
2015-02-10,1656,1643,1636,0.17081115425066037,0.11229731439401064,0.9921497584541062,0.995739500912964,0.9883123492846094,0.7996485744724676
2015-02-11,1657,1644,1637,0.20975757510076376,0.15561444120454643,0.992154496077248,0.995742092457421,0.9878979537477657,0.8111991588140981
2015-02-12,1656,1643,1635,0.25291694459279035,0.17804985613770236,0.9921497584541062,0.9951308581862447,0.9908991139759783,0.8008613052562886
2015-02-13,1655,1642,1634,0.3201537497276952,0.2261131242230926,0.9921450151057402,0.9951278928136419,0.9903561985750622,0.7991776442681889
2015-02-17,1662,1649,1641,0.3462402906773699,0.24372286058755405,0.9921780986762936,0.9951485748938751,0.991575259741378,0.7775914912531194
2015-02-18,1657,1644,1635,0.25109116390520947,0.17225476315208793,0.992154496077248,0.9945255474452555,0.9903497569634444,0.7836315095318391
2015-02-19,1655,1642,1633,0.3120474292976929,0.23109550794138659,0.9921450151057402,0.9945188794153471,0.9915258604518518,0.771905973368162
2015-02-20,1659,1645,1636,0.2603434204131398,0.18292012574504737,0.9915611814345991,0.9945288753799392,0.9893989676892501,0.7794210145224706
2015-02-23,1653,1640,1631,0.2143341950341086,0.1602315526647743,0.9921355111917726,0.9945121951219512,0.9921553653923773,0.7691909912146921
2015-02-24,1653,1642,1633,0.22585623467998434,0.18732469705459737,0.9933454325468845,0.9945188794153471,0.990101519274592,0.7696605578272293
2015-02-25,1653,1643,1634,0.13275183396083107,0.11954750602325069,0.9939503932244405,0.9945222154595252,0.9892487366451558,0.7667046157198437
2015-02-26,1654,1644,1635,0.05559019200631704,0.048423596101955915,0.9939540507859734,0.9945255474452555,0.98955507656235,0.7674654735994296
2015-02-27,1663,1653,1643,0.1546305110394861,0.14947829923824937,0.9939867708959711,0.9939503932244405,0.9878289406359944,0.7752011681159193
2015-03-02,1664,1655,1646,0.12464174220516384,0.10611956994622099,0.9945913461538461,0.9945619335347432,0.9877406522067946,0.7622256540864704
2015-03-03,1666,1657,1648,0.1332244228564172,0.12786411338188944,0.9945978391356542,0.9945684972842487,0.988487797104726,0.7674810666802213
2015-03-04,1668,1659,1650,0.0998526594054516,0.09674626543814743,0.9946043165467626,0.9945750452079566,0.9857456268140019,0.7626632541659203
2015-03-05,1671,1662,1652,0.050618135577018226,0.05915566334619272,0.9946140035906643,0.9939831528279182,0.9847775736633297,0.7539344654864717
2015-03-06,1669,1660,1650,-0.021894777888761114,-0.0035685035229497983,0.9946075494307969,0.9939759036144579,0.983693631440131,0.7535756707509383
2015-03-09,1662,1654,1644,-0.07040604161063622,-0.055969981961635294,0.9951865222623345,0.9939540507859734,0.9801929935394552,0.6977876130108757
2015-03-10,1660,1652,1643,-0.043969455981179226,-0.04930461444282233,0.9951807228915662,0.9945520581113801,0.9895237917016121,0.7076729156922325
2015-03-11,1656,1647,1638,-0.07620141134981644,-0.09806110630174941,0.9945652173913043,0.994535519125683,0.986617665293841,0.7056560119919277
2015-03-12,1660,1651,1643,-0.11490013038129812,-0.12285334688645703,0.994578313253012,0.9951544518473653,0.9898057611585852,0.7197333570778267
2015-03-13,1660,1651,1643,-0.12374799250771734,-0.12716920590855252,0.994578313253012,0.9951544518473653,0.9861649556119296,0.7462255952058298
2015-03-16,1680,1671,1663,-0.1867974800446314,-0.15747753482404417,0.9946428571428572,0.995212447636146,0.9848149992491333,0.7599083318917531
2015-03-17,1677,1667,1661,-0.24174661512332662,-0.19830985090074374,0.9940369707811568,0.9964007198560288,0.9905176990678125,0.7645389161608965
2015-03-18,1677,1668,1662,-0.16127893687526001,-0.15739985446949684,0.9946332737030411,0.9964028776978417,0.9873085808020212,0.7681625087160809
2015-03-19,1681,1672,1667,-0.23376179611420383,-0.2346917844703663,0.9946460440214159,0.9970095693779905,0.9901790001582853,0.7515417859577034
2015-03-20,1683,1674,1669,-0.2000768547469072,-0.20235215092098993,0.9946524064171123,0.9970131421744325,0.9862157991858869,0.7493745701321894
2015-03-23,1684,1674,1669,-0.13195138416290375,-0.1501805317297954,0.994061757719715,0.9970131421744325,0.9889281271875663,0.7357217039181094
2015-03-24,1702,1692,1687,-0.15000346354401367,-0.19350630409724906,0.9941245593419507,0.9970449172576832,0.9882686590796526,0.7166950037107384
2015-03-25,1702,1692,1688,-0.03948154015869178,-0.1435123799629119,0.9941245593419507,0.9976359338061466,0.987182386131899,0.723402368437156
2015-03-26,1704,1694,1690,0.003295873268412353,-0.10537679698674361,0.994131455399061,0.9976387249114522,0.9853771194700037,0.7247572989222298
2015-03-27,1700,1690,1686,-0.1599908902086412,-0.22390638261907428,0.9941176470588236,0.9976331360946745,0.9848896428921927,0.6836845464514201
2015-03-30,1694,1684,1679,-0.21693969709788508,-0.25521540312229263,0.9940968122786304,0.9970308788598575,0.9880988596570122,0.7079313295921239
2015-03-31,1689,1679,1673,-0.26811514244257023,-0.29243463509754153,0.9940793368857312,0.9964264443120905,0.989556877436374,0.703411932937731
2015-04-01,1689,1678,1672,-0.2952415710968927,-0.2930562230544795,0.9934872705743043,0.9964243146603099,0.9831095630854928,0.6744987823330656
2015-04-02,1694,1683,1677,-0.22834085002912238,-0.2554123814046653,0.9935064935064936,0.9964349376114082,0.9894217950035439,0.7035088796952116
2015-04-06,1693,1682,1676,-0.15839207489567603,-0.19359394912586383,0.993502658003544,0.9964328180737217,0.975121963039368,0.6818171194773116
2015-04-07,1689,1677,1672,-0.17766428214048172,-0.1835938896959236,0.9928952042628775,0.9970184853905785,0.980734908685155,0.6640527302327337
2015-04-08,1688,1676,1670,-0.15847098358185885,-0.18570302590145177,0.9928909952606635,0.9964200477326969,0.9836548007757692,0.6423340472197226
2015-04-09,1688,1675,1669,-0.1044462360881766,-0.12285038313353938,0.9922985781990521,0.9964179104477612,0.9765229527213277,0.6560166146864479
2015-04-10,1693,1680,1674,-0.08908453307121908,-0.08868257802184477,0.9923213230950975,0.9964285714285714,0.9797357360833101,0.622571866770203
2015-04-13,1686,1672,1665,-0.09105671672193238,-0.0772678562069319,0.9916963226571768,0.9958133971291866,0.9810416040877509,0.6008054496097455
2015-04-14,1678,1663,1654,-0.09903165293813818,-0.07759845552867395,0.9910607866507747,0.994588093806374,0.9848547547444894,0.6192415916031409
2015-04-15,1680,1665,1657,-0.04116779217155496,-0.0168016822002502,0.9910714285714286,0.9951951951951952,0.9853262503953488,0.5994022274102858
2015-04-16,1683,1666,1658,-0.03696524047073949,-0.012846295696264998,0.98989898989899,0.9951980792316927,0.979381189205483,0.5664292581207174
2015-04-17,1685,1668,1660,-0.03461040621130575,0.00431637724475775,0.9899109792284867,0.9952038369304557,0.9762038947852872,0.603338632157808
2015-04-20,1679,1660,1651,-0.007857883395441015,0.028423771610746086,0.98868374032162,0.994578313253012,0.9808311314895359,0.60498444363629
2015-04-21,1679,1660,1651,-0.019852662459076697,0.01413303098876302,0.98868374032162,0.994578313253012,0.982748534019264,0.640673632236776
2015-04-22,1650,1632,1622,-0.011982296264870405,0.02797113759230043,0.9890909090909091,0.9938725490196079,0.9733760974935936,0.651420880950724
2015-04-23,1647,1629,1619,-0.020328645173406018,0.02435105067985164,0.9890710382513661,0.9938612645794966,0.9768829669231427,0.663963090970759
2015-04-24,1644,1626,1615,-0.006558772382619573,0.04101160127521955,0.9890510948905109,0.9932349323493235,0.9664359147236942,0.650027629767767
2015-04-27,1641,1623,1613,0.052218391323676595,0.07760875211084706,0.9890310786106032,0.9938385705483672,0.9721145722803292,0.6149056279942412
2015-04-28,1637,1621,1611,0.11167083879580864,0.11678594310325842,0.9902260232131949,0.9938309685379395,0.9858618346891065,0.5754510181758468
2015-04-29,1640,1626,1617,0.11091321414086731,0.12940860696397333,0.9914634146341463,0.9944649446494465,0.9779492771606271,0.5747871601197778
2015-04-30,1633,1618,1611,0.14857221317100322,0.14098932870744482,0.9908144519289651,0.9956736711990112,0.9736339103967623,0.609080390575877
2015-05-01,1626,1612,1604,0.17336513897207673,0.15914495743605184,0.991389913899139,0.9950372208436724,0.9716775091976867,0.5814570600638855
2015-05-04,1638,1623,1615,0.1562710315489355,0.15687634912627496,0.9908424908424909,0.9950708564386938,0.9712776233864513,0.5993133845305888
2015-05-05,1644,1628,1622,0.205895519696835,0.18689399922994637,0.9902676399026764,0.9963144963144963,0.9798703652219435,0.5787154048753089
2015-05-06,1645,1631,1625,0.13303718950884388,0.13886705380126937,0.9914893617021276,0.9963212752912324,0.9844969595432168,0.609983179085033
2015-05-07,1653,1639,1633,0.16921954082183924,0.16777764706235074,0.9915305505142166,0.99633923123856,0.9798337249649138,0.5815838690173644
2015-05-08,1659,1646,1640,0.15022716843636022,0.14229434455815468,0.9921639541892706,0.9963547995139733,0.9838717840395743,0.5939568647486178
2015-05-11,1670,1658,1651,0.14377898364417516,0.12887829906647477,0.9928143712574851,0.9957780458383595,0.9806652675201938,0.5725210603227765
2015-05-12,1683,1671,1665,0.13984078916499867,0.14492994443099486,0.9928698752228164,0.9964093357271095,0.9787041108062446,0.5783816912577829
2015-05-13,1690,1679,1672,0.1431967859183723,0.1370916491236559,0.993491124260355,0.9958308516974389,0.9855985163527687,0.607293642031728
2015-05-14,1687,1676,1668,0.11233663349269929,0.1179491849689254,0.993479549496147,0.9952267303102625,0.9825941572592448,0.6288085822396468
2015-05-15,1686,1676,1667,0.13651366291292624,0.1444073669828204,0.9940688018979834,0.9946300715990454,0.98247511196155,0.6172081426369743
2015-05-18,1684,1675,1666,0.12176377756189706,0.11867347175579646,0.9946555819477435,0.9946268656716418,0.9820026771346225,0.6262521259897756
2015-05-19,1686,1677,1669,0.16436374242396432,0.15015391238205425,0.994661921708185,0.9952295766249255,0.9830845626316471,0.6047348898710011
2015-05-20,1691,1681,1673,0.15194121553246945,0.13272088059508763,0.994086339444116,0.9952409280190363,0.9857303685672024,0.6450408708942248
2015-05-21,1696,1686,1678,0.13224826417532215,0.12414397665665941,0.9941037735849056,0.9952550415183867,0.978191301728965,0.6513191107159395
2015-05-22,1702,1692,1685,0.10983357343222852,0.09501650432155939,0.9941245593419507,0.9958628841607565,0.9636299772983569,0.6832580499703584
2015-05-26,1694,1684,1678,0.08153051647762666,0.08240997171082069,0.9940968122786304,0.996437054631829,0.9788470351519959,0.7341922989780397
2015-05-27,1695,1685,1678,0.06485676822267507,0.07215956020641079,0.9941002949852508,0.9958456973293769,0.9831142090467109,0.7514729081455137
2015-05-28,1695,1683,1676,0.06223210422047198,0.0829531415252861,0.9929203539823008,0.995840760546643,0.9799952470456953,0.7542461048494714
2015-05-29,1690,1679,1673,0.025812818046337633,0.048930752957150415,0.993491124260355,0.9964264443120905,0.9786346913721294,0.7739632691479084
2015-06-01,1688,1677,1671,0.01101967857342227,0.03981679207278283,0.9934834123222749,0.9964221824686941,0.9753230797003682,0.790651516702442
2015-06-02,1682,1670,1664,-0.012101819214638885,-0.0026737825294649714,0.9928656361474435,0.9964071856287425,0.985047256118105,0.7906561307850299
2015-06-03,1668,1657,1650,-0.10514221705301767,-0.05245582626309669,0.9934052757793765,0.995775497887749,0.9772323037579695,0.7852731788685284
2015-06-04,1673,1661,1653,-0.0729320427893627,-0.0318978518411376,0.9928272564255828,0.9951836243226971,0.98435381810509,0.7938751947645772
2015-06-05,1666,1654,1644,-0.15925014537210955,-0.0823673867316264,0.992797118847539,0.9939540507859734,0.9842642248924435,0.7934641358645707
2015-06-08,1655,1643,1632,-0.14274951529275756,-0.10982739736664832,0.992749244712991,0.9933049300060864,0.9841676616291507,0.7820235720556367
2015-06-09,1662,1651,1640,-0.16543773475455256,-0.12702176593393524,0.99338146811071,0.9933373712901272,0.9865787563386551,0.7827585762859883
2015-06-10,1649,1637,1625,-0.17357834760799074,-0.11509110434037272,0.9927228623408126,0.9926695174098962,0.9833199914993533,0.7606815415827932
2015-06-11,1649,1635,1624,-0.1546607343141207,-0.10685416463834467,0.9915100060642814,0.9932721712538226,0.9851347998913821,0.7604547253785608
2015-06-12,1646,1630,1620,-0.13324292281825814,-0.10949476361946042,0.9902794653705954,0.9938650306748467,0.9844786249327682,0.7579326141801837
2015-06-15,1644,1628,1618,-0.11158223992305334,-0.09059370770289268,0.9902676399026764,0.9938574938574939,0.9810470194624121,0.7545799257713122
2015-06-16,1636,1621,1611,-0.1250986135121931,-0.09686335561581391,0.9908312958435208,0.9938309685379395,0.9849649002082885,0.7436264742971966
2015-06-17,1650,1635,1625,-0.11926018877980994,-0.10495620196065544,0.990909090909091,0.9938837920489296,0.9834544558601401,0.7617252367526702
2015-06-18,1650,1635,1625,-0.0510506645097646,-0.04763769402756548,0.990909090909091,0.9938837920489296,0.9910141633301055,0.7556779296315386
2015-06-19,1651,1636,1626,-0.07467523873689753,-0.0542852436382148,0.9909145972138098,0.9938875305623472,0.9931249206052594,0.7578477053357029
2015-06-22,1659,1643,1633,-0.09567119451242029,-0.08757889734800062,0.9903556359252562,0.9939135727328059,0.9904364664430277,0.7488587639321759
2015-06-23,1678,1661,1652,-0.09949607168408861,-0.09089209747077238,0.9898688915375446,0.9945815773630343,0.9923916117277443,0.7464473434474368
2015-06-24,1688,1671,1662,-0.10678120516351333,-0.09780482627737765,0.9899289099526066,0.9946140035906643,0.9910460322734255,0.7279614035488194
2015-06-25,1683,1666,1656,-0.09050875259739197,-0.10201636323726333,0.98989898989899,0.9939975990396158,0.9900678186455738,0.7046140199687759
2015-06-26,1690,1673,1663,-0.09904119997306593,-0.10935402216311592,0.9899408284023669,0.9940227136879857,0.9868970357340745,0.6984967539581762
2015-06-29,1701,1682,1671,-0.11196186823775355,-0.12455125569602468,0.9888300999412111,0.9934601664684899,0.9878856827513455,0.7087200579571119
2015-06-30,1729,1706,1696,-0.11721672504496744,-0.15123612499954495,0.9866975130133024,0.9941383352872216,0.9834391497522962,0.714870056759733
2015-07-01,1732,1709,1700,-0.1325770952930094,-0.17091278130505358,0.9867205542725174,0.994733762434172,0.9861232584073256,0.7207455306122665
2015-07-02,1734,1711,1704,-0.15920132149650093,-0.1768306738955056,0.9867358708189158,0.9959088252483927,0.9858683415912795,0.7167523320837041
2015-07-06,1740,1713,1707,-0.14368554095702138,-0.16645856839755693,0.9844827586206897,0.9964973730297724,0.9800351036210595,0.7138309718725168
2015-07-07,1737,1711,1705,-0.1194740178311641,-0.11090526996850619,0.9850316637881404,0.9964932787843367,0.986508303720548,0.7326940928572704
2015-07-08,1741,1717,1712,-0.10583729108116316,-0.1083200309417816,0.9862148190695003,0.9970879440885265,0.9843101956833912,0.743063935529344
2015-07-09,1745,1723,1718,-0.06473213956415765,-0.08200149877280244,0.9873925501432664,0.9970980847359258,0.9876332988519542,0.7304216817238591
2015-07-10,1755,1731,1726,-0.09781834436212435,-0.10293425729048764,0.9863247863247864,0.9971114962449451,0.9899436820096692,0.7271814471917798
2015-07-13,1747,1724,1718,-0.03227091440445407,-0.04848025980574467,0.9868345735546652,0.9965197215777262,0.9877919186810318,0.7054771246403478
2015-07-14,1751,1731,1725,-0.080556367074885,-0.096712908678621,0.9885779554540263,0.9965337954939342,0.9836494781505064,0.7348330375264425
2015-07-15,1755,1735,1729,-0.06642232730429677,-0.10497743265084307,0.9886039886039886,0.9965417867435159,0.9867594143541227,0.7430011868577345
2015-07-16,1756,1736,1730,-0.0827268363483273,-0.10682429704173362,0.9886104783599089,0.9965437788018433,0.9867100548976362,0.7426158171240914
2015-07-17,1758,1739,1733,-0.08680385319294028,-0.10555951277515242,0.9891922639362912,0.9965497412305923,0.9877958564192577,0.7488624513225985
2015-07-20,1757,1740,1734,-0.06815091481672228,-0.09909146843227665,0.9903244166192373,0.996551724137931,0.9878423658574396,0.7416681496711186
2015-07-21,1755,1739,1733,-0.06642579927507955,-0.08806615001314587,0.9908831908831909,0.9965497412305923,0.9844012462001916,0.7224780720023803
2015-07-22,1738,1720,1712,-0.10091301781446782,-0.12468755191644307,0.9896432681242808,0.9953488372093023,0.9850295928340849,0.7324237129654924
2015-07-23,1734,1716,1709,-0.12661252764007794,-0.1445238363296898,0.9896193771626297,0.995920745920746,0.9834944880919395,0.7211328013223988
2015-07-24,1734,1716,1708,-0.09335569885861626,-0.10957014654703043,0.9896193771626297,0.9953379953379954,0.9818508825392976,0.7321541700041313
2015-07-27,1724,1708,1701,-0.09999390501585374,-0.12222818604745289,0.9907192575406032,0.9959016393442623,0.9870454059033614,0.7110167212333236
2015-07-28,1726,1710,1702,-0.07839070705795083,-0.10867408842848604,0.9907300115874855,0.9953216374269006,0.9827605148768371,0.6901720423250601
2015-07-29,1672,1656,1649,-0.09761646381772662,-0.1153148261242605,0.9904306220095693,0.9957729468599034,0.9804620258064648,0.7044315334164342
2015-07-30,1671,1656,1648,-0.057961048089771205,-0.078641327929091,0.9910233393177738,0.9951690821256038,0.9760557285812252,0.675330977545837
2015-07-31,1667,1655,1647,-0.020337054952164483,-0.03940141375529916,0.9928014397120576,0.9951661631419939,0.9879102783847327,0.6895771389274489
2015-08-03,1659,1647,1639,0.008528380028163174,0.006590683829184315,0.9927667269439421,0.9951426836672739,0.9855546647310346,0.6928032744676965
2015-08-04,1673,1657,1649,-0.027381654103042937,-0.04148044469969499,0.990436341900777,0.9951719975859988,0.9825519412590371,0.679138905718239
2015-08-05,1675,1658,1650,-0.0037887976514839224,-0.0066604969785613345,0.9898507462686568,0.9951749095295537,0.9773366394864961,0.7089233028339801
2015-08-06,1671,1654,1646,-0.022276948830195972,-0.031691634564142424,0.9898264512268103,0.9951632406287787,0.9845331845455312,0.7030429994714259
2015-08-07,1671,1654,1646,0.01769080279880993,0.015342390744640529,0.9898264512268103,0.9951632406287787,0.9862333724055824,0.7148281011590434
2015-08-10,1678,1661,1653,-0.003724577195375815,-0.01813051215002707,0.9898688915375446,0.9951836243226971,0.9842464216272218,0.6932614061044516
2015-08-11,1692,1675,1668,0.011545847511380707,-0.010122318291017554,0.9899527186761229,0.9958208955223881,0.9879777047554887,0.7109948905879364
2015-08-12,1698,1680,1673,0.010375113907590399,0.010804748920198821,0.9893992932862191,0.9958333333333333,0.9881897242473647,0.69777158893171
2015-08-13,1706,1686,1679,0.0001970347951567982,-0.002136631460818389,0.9882766705744431,0.9958481613285883,0.9856429189928726,0.6953522912412785
2015-08-14,1705,1685,1678,-0.0009909535531377215,-0.014762518828131418,0.9882697947214076,0.9958456973293769,0.9829152480113409,0.7065011883137585
2015-08-17,1701,1681,1673,0.014220499283909371,0.01634965553492805,0.9882422104644327,0.9952409280190363,0.980805765651197,0.700362242983659
2015-08-18,1699,1682,1676,0.017203004479627693,0.024638967394424737,0.9899941141848146,0.9964328180737217,0.9734093917701625,0.6948685107562099
2015-08-19,1697,1680,1674,0.015118871913013598,0.017188590593747288,0.9899823217442546,0.9964285714285714,0.97817054332453,0.7073925360192633
2015-08-20,1693,1676,1670,0.015618884472812308,0.03153564476293783,0.9899586532782044,0.9964200477326969,0.978115500817445,0.7029839256058732
2015-08-21,1692,1674,1668,0.04503849206136209,0.036170271969546655,0.9893617021276596,0.996415770609319,0.9783262311981291,0.7113458617877866
2015-08-24,1684,1668,1663,0.08023980809688029,0.10073043001601577,0.9904988123515439,0.9970023980815348,0.9835602334913438,0.7225745714725582
2015-08-25,1681,1668,1663,0.09284034123389168,0.09699921645170054,0.992266508030934,0.9970023980815348,0.9824606016917223,0.7346703270625569
2015-08-26,1688,1675,1671,0.10298394655517674,0.11313927169584276,0.9922985781990521,0.9976119402985074,0.9787932532246858,0.7368508775431607
2015-08-27,1691,1678,1674,0.10165971287215014,0.0929343078231783,0.9923122412773506,0.9976162097735399,0.9773114178259903,0.7189770867304531
2015-08-28,1702,1689,1686,0.09871431573093536,0.07012900265889693,0.9923619271445359,0.9982238010657194,0.9817797074826414,0.7447503555903322
2015-08-31,1709,1700,1698,0.11746196384501374,0.061671960288168376,0.994733762434172,0.9988235294117647,0.9829321726427905,0.7665702718517763
2015-09-01,1704,1695,1693,0.14136200502131524,0.0882147551862763,0.9947183098591549,0.9988200589970502,0.9759682583465018,0.7630514697729294
2015-09-02,1695,1686,1684,0.15186893920322142,0.0898335540751154,0.9946902654867257,0.9988137603795967,0.9776743469442002,0.7774204709717707
2015-09-03,1698,1689,1684,0.1337616308170021,0.09080749151838068,0.9946996466431095,0.9970396684428656,0.9722121374916171,0.788291643757709
2015-09-04,1700,1691,1685,0.12969476823443624,0.09357129980540263,0.9947058823529412,0.9964518036664696,0.9781644863734092,0.7895907771347527
2015-09-08,1701,1693,1687,0.14634554347694304,0.1250209437408855,0.9952968841857731,0.9964559952746603,0.9850058350309623,0.7752992682030332
2015-09-09,1692,1684,1677,0.11661791067969206,0.10364292876028741,0.9952718676122931,0.9958432304038005,0.9844876073344586,0.7751431161493217
2015-09-10,1681,1673,1666,0.16923613327037348,0.11672144530245171,0.9952409280190363,0.99581589958159,0.9866017797178914,0.7609393910559697
2015-09-11,1685,1677,1670,0.15209889165157692,0.11348014219583444,0.9952522255192878,0.9958258795468098,0.986842393660447,0.7628400163386124
2015-09-14,1678,1671,1663,0.15086760040236513,0.1127012291175549,0.9958283671036948,0.995212447636146,0.9889738737963825,0.7777189036967149
2015-09-15,1678,1671,1663,0.153192597285411,0.11446353701275269,0.9958283671036948,0.995212447636146,0.9778463138935494,0.7674267167912845
2015-09-16,1678,1671,1663,0.056081247237685525,0.0433868892986398,0.9958283671036948,0.995212447636146,0.9840496173812959,0.7714815923202769
2015-09-17,1674,1667,1659,0.04164119461218659,0.05140487698497597,0.9958183990442055,0.9952009598080384,0.9841559226734162,0.7716703016918564
2015-09-18,1673,1666,1657,0.06478289379680355,0.06457005095384247,0.99581589958159,0.9945978391356542,0.9875044048608155,0.7619753332500122
2015-09-21,1672,1665,1656,0.07251787272083172,0.045537650488953016,0.9958133971291866,0.9945945945945946,0.9865181543623815,0.7391147780710291
2015-09-22,1693,1686,1676,0.07079239619381683,0.039263239521138624,0.9958653278204371,0.9940688018979834,0.9801207101542823,0.7221731794627885
2015-09-23,1683,1676,1666,0.024651296218892192,-0.0019388964749472485,0.995840760546643,0.9940334128878282,0.9834014622527611,0.7000076551423756
2015-09-24,1670,1663,1653,0.005174109609139386,-0.017431762030197688,0.9958083832335329,0.9939867708959711,0.9769476769017518,0.706272054999998
2015-09-25,1665,1658,1649,-0.05645687279085909,-0.06774456904261965,0.9957957957957958,0.9945717732207479,0.9820495092135413,0.7327868038289089
2015-09-28,1659,1650,1641,-0.058898011965800176,-0.07992447223681522,0.9945750452079566,0.9945454545454545,0.9807821015523361,0.7093175203013621
2015-09-29,1651,1643,1634,-0.08089289957514459,-0.07871786020020732,0.9951544518473653,0.9945222154595252,0.9879878451137695,0.6779517725562394
2015-09-30,1654,1646,1637,-0.09849759238784955,-0.08627349294127483,0.9951632406287787,0.9945321992709599,0.9872134931077969,0.6897057243492328
2015-10-01,1645,1637,1630,-0.10218190233659621,-0.08976568345323885,0.9951367781155015,0.9957238851557727,0.9837968601446397,0.6701623965361919
2015-10-02,1651,1643,1637,-0.061890102518579945,-0.060066149436650965,0.9951544518473653,0.9963481436396835,0.9811344056552875,0.688365585374968
2015-10-05,1660,1651,1644,-0.09515011364207666,-0.08642913877763105,0.994578313253012,0.9957601453664445,0.9839530895169588,0.6828344620043727
2015-10-06,1668,1656,1647,-0.11825508948013086,-0.09777592617983931,0.9928057553956835,0.9945652173913043,0.9863032319920054,0.6826174794925117
2015-10-07,1676,1663,1654,-0.0695678047189355,-0.058929385417548795,0.9922434367541766,0.994588093806374,0.9865300841196669,0.668112961024456
2015-10-08,1676,1664,1655,-0.05423894414647712,-0.017641973388928884,0.9928400954653938,0.9945913461538461,0.9836717701561899,0.6697791672105537
2015-10-09,1674,1662,1654,-0.017788641870648287,0.010895369273169475,0.992831541218638,0.9951865222623345,0.9844673746833793,0.6463666268474978
2015-10-12,1680,1668,1660,-0.058595001278476895,-0.036992717001241376,0.9928571428571429,0.9952038369304557,0.9839119080439286,0.6618366727316368
2015-10-13,1677,1664,1656,-0.057244127589635554,-0.029531458473860055,0.9922480620155039,0.9951923076923077,0.9801817521100501,0.6620384367120365
2015-10-14,1678,1663,1656,-0.010794611274276587,0.02094596842429557,0.9910607866507747,0.9957907396271798,0.9704187917754583,0.6750262567624467
2015-10-15,1681,1666,1658,0.021508260128562964,0.024298124549457522,0.991076740035693,0.9951980792316927,0.9765667675848153,0.6733922688729118
2015-10-16,1683,1668,1659,0.03850039777513713,0.025552727337999768,0.9910873440285205,0.9946043165467626,0.9799721021556799,0.6565513410725187
2015-10-19,1683,1667,1659,0.015696815806870733,0.017365148332320668,0.9904931669637552,0.9952009598080384,0.9706990551443474,0.6393362169291431
2015-10-20,1656,1639,1631,0.021741331489155098,0.014862744249863016,0.9897342995169082,0.9951189749847468,0.9701203950585742,0.6680411819138511
2015-10-21,1651,1634,1626,0.05684175583674113,0.029428658210746417,0.9897032101756511,0.9951040391676866,0.9749221080626218,0.6421194726190196
2015-10-22,1643,1626,1617,0.07746540927713386,0.07424141798655536,0.9896530736457699,0.9944649446494465,0.9869447626500513,0.6561453865583002
2015-10-23,1651,1635,1626,0.08678829130327301,0.07952781903309553,0.9903089036947305,0.9944954128440368,0.9799572454850788,0.6518987957081473
2015-10-26,1653,1637,1628,0.039101802756824094,0.039701658954800864,0.9903206291591047,0.9945021380574222,0.9832345400121358,0.6648335725857694
2015-10-27,1648,1632,1622,-0.03628108564645944,-0.015680545520718247,0.9902912621359223,0.9938725490196079,0.9767857644967174,0.6952975808301517
2015-10-28,1641,1625,1617,-0.025969065941578363,-0.005335544023361276,0.9902498476538696,0.9950769230769231,0.9790334530754479,0.6877366707871394
2015-10-29,1649,1633,1624,-0.017252059233197867,0.002192562998222972,0.9902971497877502,0.994488671157379,0.9817195217471738,0.6936485150161377
2015-10-30,1658,1643,1636,-0.019933258838335174,0.004196333095214934,0.9909529553679132,0.995739500912964,0.979711439072988,0.6895928682733876
2015-11-02,1653,1641,1637,0.03306812551126359,0.039204828947828896,0.9927404718693285,0.9975624619134674,0.984478736343377,0.6883693699274037
2015-11-03,1659,1647,1643,0.0486442271973643,0.03237544565207684,0.9927667269439421,0.9975713418336369,0.9700411846595023,0.7009479207106708
2015-11-04,1669,1657,1652,0.035007993474270145,0.016276305542778785,0.9928100659077291,0.9969824984912492,0.9844864098123581,0.6857931834109042
2015-11-05,1680,1666,1661,0.02484903542674416,0.018736499540131017,0.9916666666666667,0.996998799519808,0.9843635060689652,0.6763611728971451
2015-11-06,1682,1668,1663,0.03731831351445337,0.03276384315975569,0.9916765755053508,0.9970023980815348,0.9838610062044527,0.6880227343328922
2015-11-09,1684,1670,1664,0.02333008471288172,0.017792581829713567,0.9916864608076009,0.9964071856287425,0.9797731688351966,0.6916481255939947
2015-11-10,1700,1686,1680,0.046019683422198636,0.05337127842560276,0.991764705882353,0.99644128113879,0.9830797381712862,0.7245847566060376
2015-11-11,1700,1685,1678,0.020882034495958404,0.021312029849605743,0.9911764705882353,0.9958456973293769,0.9878580851540201,0.7187162565286184
2015-11-12,1699,1684,1678,0.03527453146572463,0.05427908767073994,0.9911712772218952,0.996437054631829,0.9771499912699376,0.7251519003118398
2015-11-13,1691,1677,1672,0.07678236702266646,0.08127821895362555,0.9917208752217622,0.9970184853905785,0.9817078973304958,0.7122337479093199
2015-11-16,1691,1677,1671,0.05544471775437418,0.05503873494796121,0.9917208752217622,0.9964221824686941,0.988911137848662,0.6879383538496807
2015-11-17,1696,1682,1674,0.02871021658928595,0.05244403156945991,0.9917452830188679,0.995243757431629,0.9795083105896342,0.6964413231675192
2015-11-18,1702,1686,1679,0.031280440907170075,0.059345781621247116,0.9905992949471211,0.9958481613285883,0.9823699155766707,0.6839214247951251
2015-11-19,1712,1696,1687,-0.028410751521210115,0.005368958406217978,0.9906542056074766,0.9946933962264151,0.9701369982985736,0.7013324139440295
2015-11-20,1711,1694,1686,-0.014444369912477037,0.020539556486025966,0.9900642898889538,0.9952774498229043,0.9760518612107946,0.7385344071479897
2015-11-23,1709,1692,1684,0.006357779488957462,0.02847634195757199,0.9900526623756583,0.9952718676122931,0.986746372780991,0.7370530617420735
2015-11-24,1708,1690,1682,0.005432584634568039,0.04254582798252517,0.9894613583138173,0.9952662721893492,0.9788474655536248,0.739086414363906
2015-11-25,1706,1688,1681,0.06913371699944637,0.12994891546089055,0.9894490035169988,0.9958530805687204,0.9835027309260269,0.709556196573109
2015-11-27,1702,1685,1677,0.08327847669959225,0.12290901273274102,0.9900117508813161,0.9952522255192878,0.9751641488863945,0.7248965728358472
2015-11-30,1686,1669,1661,0.07047037350185661,0.116483061678115,0.9899169632265717,0.9952067106051528,0.982077511529459,0.7304311351742098
2015-12-01,1678,1662,1653,0.08554380647394182,0.12357058266512118,0.9904648390941597,0.9945848375451264,0.9846599672189636,0.7392793252140704
2015-12-02,1676,1660,1650,0.043553690545875684,0.08884697745443697,0.9904534606205251,0.9939759036144579,0.9873000131995324,0.7487180705508188
2015-12-03,1673,1659,1649,-0.002289226669159003,0.03362572036758217,0.9916317991631799,0.9939722724532851,0.9828342160485724,0.7570756777158679
2015-12-04,1658,1644,1633,0.023240391272152598,0.05524142304105901,0.991556091676719,0.9933090024330901,0.9840008004457582,0.7654564834592362
2015-12-07,1652,1639,1628,0.03170339128170177,0.06508652380286788,0.9921307506053268,0.9932885906040269,0.9686232187532777,0.7744809843051638
2015-12-08,1640,1629,1618,0.09092637983253192,0.08693894257193928,0.9932926829268293,0.9932473910374463,0.9790601974667962,0.7709573066778059
2015-12-09,1632,1622,1614,0.10838340157184957,0.09992177096487585,0.9938725490196079,0.9950678175092479,0.9877966708866555,0.7767565594314483
2015-12-10,1624,1614,1606,0.19375870784622057,0.17436363718927436,0.9938423645320197,0.9950433705080545,0.9885890085837046,0.7685280837823337
2015-12-11,1631,1621,1613,0.15160941099157735,0.16076363985504316,0.9938687921520539,0.9950647748303516,0.9890671871772779,0.7745406697439928
2015-12-14,1627,1617,1610,0.17133164396120515,0.15114078379497148,0.9938537185003073,0.9956709956709957,0.9873769082433045,0.7606242401839612
2015-12-15,1625,1615,1609,0.15733923432484764,0.15837728907739068,0.9938461538461538,0.9962848297213622,0.9796280157132664,0.7759006948297414
2015-12-16,1636,1626,1620,0.21716903453825226,0.18940674290253365,0.9938875305623472,0.996309963099631,0.9852266762410727,0.7673232308756625
2015-12-17,1640,1630,1624,0.24153329566441084,0.20743716147451252,0.9939024390243902,0.996319018404908,0.9907276135898035,0.7631482160707302
2015-12-18,1642,1632,1626,0.21274122457700972,0.18276817841697396,0.9939098660170523,0.9963235294117647,0.9867436057193991,0.7699168656481239
2015-12-21,1643,1631,1625,0.252497352588505,0.21673275547458012,0.992696287279367,0.9963212752912324,0.9843455742673738,0.7582467138180887
2015-12-22,1685,1673,1666,0.22115510928578638,0.18986008320544764,0.9928783382789318,0.99581589958159,0.991299512150695,0.7679900182522345
2015-12-23,1688,1675,1667,0.21661101404132777,0.1812609504319696,0.9922985781990521,0.9952238805970149,0.9883595129267173,0.7525986387169051
2015-12-24,1690,1677,1670,0.1831184269171049,0.14682015491903186,0.9923076923076923,0.9958258795468098,0.9859214713562485,0.7541464545831545
2015-12-28,1686,1673,1667,0.1909610541236943,0.14008663457701173,0.9922894424673784,0.9964136282127914,0.9905198568822142,0.736263514037761
2015-12-29,1677,1664,1658,0.1844713115383038,0.14958657595811548,0.9922480620155039,0.9963942307692307,0.9815240289209002,0.7190087211394
2015-12-30,1687,1674,1666,0.1897068943994563,0.16301965394533438,0.992294013040901,0.995221027479092,0.989339527802518,0.7190505364962803
2015-12-31,1677,1664,1656,0.2072041668013292,0.17569055652166513,0.9922480620155039,0.9951923076923077,0.9909493994891949,0.716836171127171
2016-01-04,1669,1656,1644,0.22114340453225495,0.19697888617530293,0.9922109047333733,0.9927536231884058,0.9910274658052824,0.7133613810470528
2016-01-05,1659,1646,1636,0.23750678982823,0.20104300824659424,0.9921639541892706,0.9939246658566221,0.9900863744443112,0.6913209973841486
2016-01-06,1659,1646,1636,0.1715759334047535,0.14624860321305422,0.9921639541892706,0.9939246658566221,0.988213893989386,0.6938418563435466
2016-01-07,1651,1639,1628,0.17311752871448863,0.15393222835317052,0.9927316777710479,0.9932885906040269,0.9883568363992306,0.6952043944055933
2016-01-08,1649,1637,1627,0.19051748620933262,0.17469546478294157,0.9927228623408126,0.9938912645082468,0.9833241958766,0.6803291536116032
2016-01-11,1650,1639,1628,0.15360922066351387,0.17360826644088723,0.9933333333333333,0.9932885906040269,0.9859504186016862,0.7017055210076437
2016-01-12,1656,1645,1634,0.15828661845515218,0.17571213174009387,0.9933574879227053,0.9933130699088146,0.9872079734875051,0.714681325059826
2016-01-13,1657,1647,1635,0.14296663653526093,0.17703650118853154,0.9939649969824985,0.9927140255009107,0.980394921136189,0.7172015515003283
2016-01-14,1646,1638,1626,0.1492134169851233,0.17264640318664554,0.9951397326852977,0.9926739926739927,0.9778761783041641,0.7082206843142609
2016-01-15,1651,1643,1633,0.11674251482971769,0.13694602659957653,0.9951544518473653,0.9939135727328059,0.9882727798083161,0.7197345652210289
2016-01-19,1643,1635,1626,0.00033520058463060604,0.06070426860384152,0.9951308581862447,0.9944954128440368,0.9877114351710763,0.7192523011540322
2016-01-20,1648,1641,1631,0.050942393086493,0.08060592861911081,0.995752427184466,0.9939061547836685,0.9792185379200435,0.7342106810677977
2016-01-21,1643,1637,1627,0.06056450590343247,0.09507381976803665,0.9963481436396835,0.9938912645082468,0.9798903954885854,0.740383127097185
2016-01-22,1606,1601,1592,0.05525100903898617,0.07546801014533845,0.9968866749688667,0.9943785134291068,0.9796348686545456,0.7469602646621512
2016-01-25,1612,1607,1598,0.06650494408457283,0.0810469563744534,0.9968982630272953,0.9943995021779714,0.9776926043200475,0.7473351793100478
2016-01-26,1608,1603,1594,0.06833800206607113,0.08906815152812163,0.9968905472636815,0.9943855271366189,0.9842107339929411,0.7013582972275599
2016-01-27,1616,1610,1601,0.006992066544137297,0.04451336594403778,0.9962871287128713,0.9944099378881988,0.9781149414978929,0.735931076790996
2016-01-28,1625,1619,1612,-0.05067844865527525,-0.02753473811768969,0.9963076923076923,0.9956763434218654,0.9738182407794506,0.7601179063601826
2016-01-29,1627,1621,1614,-0.02486101822476297,-0.011634860967810023,0.9963122311001844,0.9956816779765577,0.9812595961703782,0.7722386553040516
2016-02-01,1633,1627,1622,-0.028715049935294796,-0.03389505061751539,0.9963257807715861,0.9969268592501537,0.9865709255552498,0.7672142943046277
2016-02-02,1645,1639,1634,-0.09922850831659039,-0.0883121439980811,0.9963525835866262,0.9969493593654668,0.9785691811045065,0.7675948687736802
2016-02-03,1644,1636,1631,-0.07811928725467183,-0.08226060244261478,0.9951338199513382,0.9969437652811736,0.9817679438822251,0.7535225319849743
2016-02-04,1639,1631,1626,-0.054408939190338436,-0.06793530196944443,0.9951189749847468,0.996934396076027,0.9885517344944436,0.7440281990408851
2016-02-05,1639,1631,1625,-0.11162011354131891,-0.11755920628550738,0.9951189749847468,0.9963212752912324,0.9865312538099553,0.7431737330628421
2016-02-08,1636,1628,1623,-0.13543483554915967,-0.13645681219616998,0.9951100244498777,0.9969287469287469,0.9876391975372067,0.7256469534454819
2016-02-09,1629,1621,1615,-0.12995555495085792,-0.1327730783137356,0.9950890116635973,0.9962985811227637,0.9862254826934646,0.7339631355919263
2016-02-10,1627,1619,1614,-0.10217474189528153,-0.11348219913600216,0.9950829748002459,0.9969116738727609,0.9882123896495119,0.7346969815215986
2016-02-11,1617,1609,1604,-0.1483865600622683,-0.16817920741723447,0.9950525664811379,0.9968924798011187,0.987924054243906,0.7226252227160881
2016-02-12,1610,1601,1596,-0.1472323848309181,-0.12917192961400167,0.9944099378881988,0.9968769519050593,0.9812690591728627,0.7150212558552403
2016-02-16,1607,1598,1593,-0.10260085560345138,-0.09112455666200288,0.9943995021779714,0.9968710888610763,0.9831182357158026,0.7189564878446607
2016-02-17,1602,1592,1587,-0.08317502877998523,-0.0769752144509351,0.9937578027465668,0.996859296482412,0.9827230163584717,0.7238238432198039
2016-02-18,1606,1596,1591,-0.1276523430323291,-0.14749474934174198,0.9937733499377335,0.9968671679197995,0.9795917845414677,0.7211068136899613
2016-02-19,1604,1594,1589,-0.15217223801753182,-0.1730848660152828,0.9937655860349127,0.9968632371392723,0.982633497513055,0.7290179230054046
2016-02-22,1598,1588,1583,-0.13564842585074624,-0.14848430517821554,0.9937421777221527,0.9968513853904282,0.9852127701036733,0.7417062872659232
2016-02-23,1594,1584,1579,-0.1994999147563793,-0.1892575134309467,0.9937264742785445,0.9968434343434344,0.9798772932669689,0.7155534343591466
2016-02-24,1598,1589,1584,-0.17787230337875048,-0.18272148882807085,0.9943679599499374,0.9968533668974198,0.9853572171575455,0.6967006076553678
2016-02-25,1599,1590,1584,-0.13403775622625017,-0.14343562163299087,0.9943714821763602,0.9962264150943396,0.9848030819448709,0.7048868173515097
2016-02-26,1602,1593,1585,-0.005720122105200441,-0.024610159539310898,0.9943820224719101,0.9949780288763339,0.9824736516584174,0.7135846684642858
2016-02-29,1603,1594,1587,-0.04044516158586855,-0.06164089980162099,0.9943855271366189,0.9956085319949812,0.9837776361994381,0.6961784750475831
2016-03-01,1603,1594,1587,0.012300471199944155,0.022912374925400197,0.9943855271366189,0.9956085319949812,0.9874736519592022,0.710984406167889
2016-03-02,1598,1591,1584,0.026994266516387644,0.019104280055215823,0.9956195244055068,0.9956002514142049,0.989043168602634,0.6992759312414745
2016-03-03,1603,1596,1590,0.06861591094788269,0.07980131569811724,0.9956331877729258,0.9962406015037594,0.9833070005721499,0.6883475173023361
2016-03-04,1610,1603,1597,0.0384859477597259,0.06829819306703847,0.9956521739130435,0.9962570180910792,0.9848279652189902,0.6644039570335586
2016-03-07,1617,1610,1602,0.07157269699357599,0.08303336417015066,0.9956709956709957,0.9950310559006211,0.9841820380701435,0.6925785050340084
2016-03-08,1625,1618,1610,-0.08351530206925714,-0.05374584374519917,0.9956923076923077,0.9950556242274413,0.9893095915021103,0.6837003007458307
2016-03-09,1620,1613,1604,-0.08289362412082614,-0.04190542469509375,0.995679012345679,0.9944203347799132,0.981902012794573,0.6751903502541806
2016-03-10,1616,1609,1600,-0.0891538232698574,-0.0685192123121923,0.9956683168316832,0.9944064636420137,0.9853090015044254,0.6865244882616565
2016-03-11,1613,1607,1598,-0.011423334639233012,0.019747792149600284,0.9962802231866088,0.9943995021779714,0.9895986131765593,0.6921723480976112
2016-03-14,1616,1610,1601,-0.003359778179069963,0.021655885132653537,0.9962871287128713,0.9944099378881988,0.985593227448143,0.6845598290768772
2016-03-15,1615,1609,1600,-0.1707019236639699,-0.1622449149394199,0.9962848297213622,0.9944064636420137,0.9889080063319021,0.6938132241414772
2016-03-16,1610,1604,1595,-0.2045485567016847,-0.19058332063407815,0.9962732919254659,0.9943890274314214,0.9833096418110364,0.7078716530962961
2016-03-17,1611,1606,1596,-0.19366961823028075,-0.17851962719301326,0.9968963376784605,0.9937733499377335,0.9877125809579981,0.7134064547819343
2016-03-18,1607,1602,1592,-0.18602427771673494,-0.15030043324154793,0.9968886123210952,0.9937578027465668,0.9826153863847477,0.6740442198301643
2016-03-21,1610,1605,1594,-0.10797415647462283,-0.09379613715789639,0.9968944099378882,0.9931464174454828,0.9860271559324811,0.6714298708926028
2016-03-22,1629,1624,1613,-0.11372953141514368,-0.13875589254750512,0.9969306322897483,0.9932266009852216,0.9782181401226081,0.6941981386931754
2016-03-23,1623,1618,1608,-0.1471212251829755,-0.1771734708118195,0.9969192852741836,0.9938195302843016,0.9831608586233096,0.6865899533400383
2016-03-24,1620,1615,1607,-0.19205152891064667,-0.1965518929857058,0.9969135802469136,0.9950464396284829,0.9791666129937044,0.7102110829067781
2016-03-28,1622,1617,1608,-0.2285174851401539,-0.22699100627910768,0.9969173859432799,0.9944341372912802,0.9753323908313641,0.6997955805111847
2016-03-29,1624,1619,1609,-0.22690790723111345,-0.2141532147176905,0.9969211822660099,0.993823347745522,0.9836155246986992,0.6901859783925022
2016-03-30,1618,1612,1602,-0.2226400994697098,-0.21199195537963933,0.9962917181705809,0.9937965260545906,0.9764425853901981,0.7086668644786465
2016-03-31,1613,1607,1597,-0.22907338395147772,-0.18894100815835288,0.9962802231866088,0.9937772246421904,0.976346329927942,0.6835720881759463
2016-04-01,1614,1608,1598,-0.17747917780770225,-0.16215337228316343,0.9962825278810409,0.9937810945273632,0.9807387404491432,0.6810894274469524
2016-04-04,1609,1602,1593,-0.14924420150036716,-0.1539549863056311,0.9956494717215661,0.9943820224719101,0.982670909122609,0.6903206220623113
2016-04-05,1605,1598,1588,-0.09188355435713627,-0.10198888254263931,0.9956386292834891,0.9937421777221527,0.9757939739425668,0.6749369694688385
2016-04-06,1603,1596,1586,-0.026356620940454756,-0.04694522204145812,0.9956331877729258,0.993734335839599,0.9835172046480498,0.6734402911779903
2016-04-07,1601,1594,1585,-0.07319007349109868,-0.0885912070209013,0.995627732667083,0.9943538268506901,0.9819856058235994,0.671738225073441
2016-04-08,1594,1587,1578,-0.06292511891463282,-0.07069680968641312,0.9956085319949812,0.994328922495274,0.9814338484816699,0.6667902265671481
2016-04-11,1602,1595,1586,-0.09224001165777894,-0.09670577461670726,0.9956304619225967,0.9943573667711598,0.9817521034516975,0.664907377853481
2016-04-12,1603,1597,1588,-0.08533024251585573,-0.07881611943846313,0.9962570180910792,0.9943644333124608,0.9846419116129604,0.6584363818275237
2016-04-13,1603,1597,1588,-0.07220509706492112,-0.05418993856105712,0.9962570180910792,0.9943644333124608,0.9791044787724218,0.6591924198471137
2016-04-14,1603,1597,1589,-0.05075808246981621,-0.027266490318027803,0.9962570180910792,0.9949906073888541,0.9830683040386184,0.6461631857021103
2016-04-15,1605,1599,1590,-0.04108013028784928,-0.028165843785956945,0.9962616822429906,0.9943714821763602,0.9620811215436397,0.6593854759846796
2016-04-18,1604,1597,1589,-0.06980522348291744,-0.04230433082056314,0.9956359102244389,0.9949906073888541,0.9682313472553405,0.6910256313770471
2016-04-19,1599,1590,1582,-0.10553327761098524,-0.07579550522976186,0.9943714821763602,0.9949685534591195,0.9844376351931552,0.7086882190551357
2016-04-20,1567,1559,1551,-0.1263290075621322,-0.10922326627939055,0.9948947032546267,0.994868505452213,0.9759078237046048,0.7212893381105834
2016-04-21,1571,1563,1554,-0.06474691964119852,-0.04896732777879737,0.9949077021005729,0.9942418426103646,0.9739753899862581,0.7388458082882567
2016-04-22,1568,1560,1551,-0.061878794916724475,-0.05365908302934661,0.9948979591836735,0.9942307692307693,0.966984564189045,0.7506818815216765
2016-04-25,1569,1561,1554,-0.07002178858264897,-0.05004185979127128,0.9949012109623965,0.9955156950672646,0.9793485626704727,0.7597883285828154
2016-04-26,1571,1564,1556,-0.09154433224783758,-0.0757751886778675,0.9955442393380013,0.9948849104859335,0.982389830936012,0.7494225273659313
2016-04-27,1574,1568,1560,-0.12540029828401686,-0.11680856213369586,0.9961880559085133,0.9948979591836735,0.9774826058660461,0.7416549794615614
2016-04-28,1576,1569,1562,-0.0926652837726318,-0.1002470146450509,0.9955583756345178,0.9955385595920969,0.9783318988835048,0.7382060251809676
2016-04-29,1577,1570,1564,-0.16996025693619804,-0.16432514188058456,0.9955611921369689,0.9961783439490446,0.9732572987660498,0.7489787805698429
2016-05-02,1573,1567,1562,-0.13315649366693091,-0.14721904796184176,0.996185632549269,0.9968091895341417,0.9676580356558014,0.7185679053150648
2016-05-03,1574,1568,1562,-0.18220531731337303,-0.19468568080756263,0.9961880559085133,0.9961734693877551,0.9874775625036352,0.7269720776503307
2016-05-04,1570,1564,1557,-0.22867623278509805,-0.2493941827517613,0.9961783439490446,0.9955242966751918,0.9826706568468461,0.7417064827223252
2016-05-05,1570,1564,1557,-0.12401122486706537,-0.14579536871689475,0.9961783439490446,0.9955242966751918,0.9866121889578666,0.7469629323287138
2016-05-06,1572,1566,1559,-0.12679132747065502,-0.1402083912755726,0.9961832061068703,0.9955300127713921,0.987871803563364,0.7498253062696232
2016-05-09,1579,1572,1566,-0.0560278064075281,-0.08695450774422156,0.9955668144395187,0.9961832061068703,0.9854800221308967,0.7661328618201619
2016-05-10,1586,1579,1572,-0.0668171953376235,-0.08368351921987807,0.9955863808322825,0.9955668144395187,0.9891129430103281,0.7584887241869911
2016-05-11,1589,1582,1575,-0.034089711546411286,-0.03455084573190339,0.9955947136563876,0.995575221238938,0.9838374973583248,0.760662599978642
2016-05-12,1597,1590,1584,-0.05339304583888688,-0.05771864911351689,0.9956167814652473,0.9962264150943396,0.9892131252088838,0.7485058232196659
2016-05-13,1586,1581,1575,-0.013478068991295238,-0.003813786945773076,0.9968474148802018,0.9962049335863378,0.9881462194196935,0.7444426480965677
2016-05-16,1592,1588,1581,0.02818064233840443,0.04528214650788027,0.9974874371859297,0.9955919395465995,0.9851378374557517,0.7257662762584205
2016-05-17,1588,1584,1576,0.03390012174771417,0.02966806962976522,0.9974811083123426,0.9949494949494949,0.9873905515293382,0.7490555185025448
2016-05-18,1594,1589,1582,0.1383677594879558,0.15480669832421054,0.9968632371392723,0.9955947136563876,0.9849380385812687,0.7604235231356202
2016-05-19,1594,1589,1582,0.1680698776336937,0.17860985006029031,0.9968632371392723,0.9955947136563876,0.9862993005447664,0.7255666433457959
2016-05-20,1595,1590,1583,0.19211558479265806,0.18014907486980788,0.9968652037617555,0.9955974842767296,0.9910908173719137,0.742510001163678
2016-05-23,1594,1589,1583,0.19652530304272772,0.1875888817585439,0.9968632371392723,0.9962240402769037,0.9850899103201464,0.7554234792333909
2016-05-24,1598,1592,1586,0.22676652768569866,0.22211625701740792,0.9962453066332916,0.9962311557788944,0.9855923998474346,0.7445699442996916
2016-05-25,1596,1589,1582,0.17848475756649498,0.16548207651770558,0.9956140350877193,0.9955947136563876,0.9839055738949681,0.7646872324712621
2016-05-26,1596,1589,1582,0.21202913652652972,0.20076238599349946,0.9956140350877193,0.9955947136563876,0.9819970206270818,0.7817217013295672
2016-05-27,1597,1590,1583,0.21227370985908287,0.21335521697428356,0.9956167814652473,0.9955974842767296,0.9811429532033866,0.772490443784253
2016-05-31,1598,1591,1585,0.20200678994293728,0.20893373188325876,0.9956195244055068,0.9962287869264613,0.9873803633273494,0.7840418131436141
2016-06-01,1598,1590,1585,0.21611879617088617,0.22186678364472243,0.9949937421777222,0.9968553459119497,0.9850105890501276,0.7939900561921348
2016-06-02,1601,1593,1588,0.20261166449990334,0.21086297522706932,0.9950031230480949,0.9968612680477087,0.9843116917727747,0.7908155089541264
2016-06-03,1604,1595,1590,0.1907718421059114,0.21565734599583203,0.9943890274314214,0.9968652037617555,0.987990852658713,0.7834080474509879
2016-06-06,1599,1590,1583,0.13101831028193595,0.17554821151805702,0.9943714821763602,0.9955974842767296,0.986886825583318,0.7881876763053216
2016-06-07,1590,1581,1574,0.08061860325151396,0.1326670757143207,0.9943396226415094,0.9955724225173941,0.9871120043524966,0.7825927786406134
2016-06-08,1585,1575,1567,0.03905793197578991,0.11021156091334271,0.9936908517350158,0.9949206349206349,0.9857081654174541,0.7817237108645506
2016-06-09,1588,1578,1570,0.049492082055897516,0.09601348893656173,0.9937027707808564,0.9949302915082383,0.9845721561834954,0.7872841147430123
2016-06-10,1582,1573,1565,0.06347391508285481,0.09751890952976179,0.9943109987357776,0.9949141767323586,0.9880018547432072,0.8110536741068063
2016-06-13,1586,1577,1570,0.09904251411985873,0.10119986699471822,0.9943253467843631,0.9955611921369689,0.9905630521549231,0.7802841945761374
2016-06-14,1585,1576,1568,0.11483249666702079,0.1024699982013326,0.9943217665615142,0.9949238578680203,0.9916505617183761,0.7867317879168938
2016-06-15,1584,1575,1565,0.06679079431287825,0.06400848939684771,0.9943181818181818,0.9936507936507937,0.9891155901947272,0.7698617958566063
2016-06-16,1578,1569,1559,0.07306382372448128,0.05061935674787789,0.9942965779467681,0.9936265137029955,0.9846972548272218,0.7764832237965607
2016-06-17,1573,1564,1554,-0.03168256565035739,-0.046699746748402673,0.9942784488239034,0.9936061381074168,0.99236114692252,0.7879182848382755
2016-06-20,1572,1564,1554,-0.047418019681229204,-0.035867754828049464,0.9949109414758269,0.9936061381074168,0.992185988645203,0.7609775992306359
2016-06-21,1600,1592,1582,-0.10560817151981523,-0.08533665182452177,0.995,0.9937185929648241,0.9912080423054374,0.7506941757828876
2016-06-22,1597,1589,1579,-0.08911951565804749,-0.07549476736329988,0.9949906073888541,0.9937067337948395,0.9948814471082946,0.7240499586004621
2016-06-23,1597,1589,1579,-0.10035412081414706,-0.04731043177738038,0.9949906073888541,0.9937067337948395,0.9927321007786891,0.7006616763434517
2016-06-24,1587,1579,1570,-0.1238581320987247,-0.08305292068620128,0.9949590422180214,0.9943001899936669,0.9824550821164617,0.6956347623668729
2016-06-27,1583,1574,1565,-0.05964315684789645,-0.05116105732136753,0.9943145925457991,0.9942820838627701,0.987561461671893,0.6725226537364348
2016-06-28,1632,1621,1612,-0.06393108454084334,-0.03182068637549141,0.9932598039215687,0.9944478716841456,0.9840325902400734,0.676605662687012
2016-06-29,1648,1634,1625,-0.05404467593338114,-0.01675511941932608,0.991504854368932,0.9944920440636474,0.9870853517968456,0.6683611808344637
2016-06-30,1652,1639,1628,0.0004917291468992997,0.010087598660269072,0.9921307506053268,0.9932885906040269,0.9859928620217865,0.6195345473346233
2016-07-01,1646,1633,1624,-0.06738486421055906,-0.0201128192987458,0.9921020656136087,0.994488671157379,0.9832755247169988,0.593287892316005
2016-07-05,1658,1639,1628,0.0030350547062639654,0.0035940427027300477,0.98854041013269,0.9932885906040269,0.9823713021545271,0.6167923174406942
2016-07-06,1653,1633,1623,0.04224706293624271,0.031732797869473896,0.9879007864488808,0.9938763012859767,0.9884857871561441,0.6309075023124383
2016-07-07,1652,1631,1620,0.07171293860734726,0.0552981802267448,0.9872881355932204,0.9932556713672593,0.9842691767262757,0.645514825257592
2016-07-08,1651,1631,1621,0.0262459919341559,0.03762291894497809,0.987886129618413,0.9938687921520539,0.9876699070716011,0.6322141525159054
2016-07-11,1648,1628,1617,0.06012451169720805,0.052629976677948324,0.9878640776699029,0.9932432432432432,0.986874710083086,0.6288807321342386
2016-07-12,1645,1625,1616,-0.01942725962024157,-0.007051130651701745,0.9878419452887538,0.9944615384615385,0.9810718940489426,0.6302582304218847
2016-07-13,1648,1629,1622,-0.03270493888147867,-0.02598783681237393,0.9884708737864077,0.9957028852056476,0.9841029520176315,0.6091717646116391
2016-07-14,1652,1633,1626,0.017835264641898933,0.010794617720655878,0.988498789346247,0.9957134109001837,0.9873998776866466,0.6459810436474761
2016-07-15,1656,1637,1630,0.014735311035769956,0.004623520500352046,0.9885265700483091,0.9957238851557727,0.9895675170848844,0.6421635498998108
2016-07-18,1657,1638,1631,0.05307494093060698,0.03545138058382988,0.9885334942667471,0.9957264957264957,0.9844953874628526,0.6403874034933502
2016-07-19,1654,1636,1629,0.07964643911280726,0.06055888262782479,0.9891172914147521,0.9957212713936431,0.9798962919406856,0.6541455915117409
2016-07-20,1638,1620,1612,0.09262115089813314,0.06287625607382619,0.989010989010989,0.9950617283950617,0.9735232275715713,0.6701987767441178
2016-07-21,1636,1617,1608,0.11420717476984812,0.09476050488531704,0.9883863080684596,0.9944341372912802,0.9802245027727532,0.6871315558632823
2016-07-22,1635,1616,1607,0.12188567706336637,0.10222283466970346,0.9883792048929664,0.994430693069307,0.9818385095782473,0.6707087482784223
2016-07-25,1643,1623,1614,0.1324690568324681,0.1185312951567147,0.9878271454656117,0.9944547134935305,0.9813491813838934,0.6825882263915884
2016-07-26,1635,1618,1608,0.0917697169705766,0.07746409808192554,0.9896024464831804,0.9938195302843016,0.9722964233176037,0.679569987519491
2016-07-27,1599,1584,1571,0.024564567738803212,0.0002270575090518298,0.9906191369606003,0.9917929292929293,0.9684561400317027,0.6678553899383621
2016-07-28,1591,1577,1566,0.04640122302726595,0.015565385343766554,0.9912005028284098,0.9930247305009512,0.9602442173193889,0.6760036514073844
2016-07-29,1584,1570,1560,0.015563363286628967,-0.002065623794224143,0.9911616161616161,0.9936305732484076,0.9754405949868336,0.6486846137077056
2016-08-01,1581,1573,1564,0.06232680207508451,0.02472449576698604,0.9949399114484504,0.9942784488239034,0.9768561761196403,0.7013797041990574
2016-08-02,1589,1581,1573,0.050200192881115505,0.020038920999358088,0.9949653870358716,0.9949399114484504,0.978855799449331,0.648214015222401
2016-08-03,1590,1583,1575,-0.028698112854885306,-0.028384145433145956,0.9955974842767296,0.9949463044851548,0.9776432457225073,0.6424839789045198
2016-08-04,1600,1593,1584,-0.015363937446103112,-0.022520234740074484,0.995625,0.9943502824858758,0.9788510613329565,0.6471245339199715
2016-08-05,1605,1597,1585,0.023257637206273666,0.009243279517882615,0.9950155763239875,0.9924859110832811,0.9812280009559231,0.6437495047182253
2016-08-08,1611,1602,1590,0.05001400905739495,0.02740397667881516,0.994413407821229,0.9925093632958801,0.9799758125769261,0.6475096933733339
2016-08-09,1621,1611,1598,0.07703008998155844,0.050387621422176065,0.9938309685379395,0.9919304779639975,0.9789078576702165,0.6374190154203474
2016-08-10,1615,1605,1591,0.1450330220170223,0.09995816219243578,0.9938080495356038,0.9912772585669782,0.9851484165110458,0.6281901946686933
2016-08-11,1620,1610,1594,0.06992061460278387,0.04284935287342774,0.9938271604938271,0.9900621118012423,0.98579444885674,0.6254699902145979
2016-08-12,1626,1616,1600,0.10000447781197366,0.05583545052166037,0.993849938499385,0.9900990099009901,0.9820049505124986,0.6487472757417381
2016-08-15,1630,1620,1604,-0.017028513218604383,-0.021237924946148217,0.9938650306748467,0.9901234567901235,0.9867195805702885,0.6568773605439304
2016-08-16,1630,1619,1604,-0.025458989695176917,-0.02785042163686114,0.9932515337423313,0.9907350216182829,0.9801525472554976,0.690775127374501
2016-08-17,1622,1612,1600,-0.014256994762110798,-0.00391931989035932,0.9938347718865598,0.9925558312655087,0.9760408340546779,0.6941334587984826
2016-08-18,1626,1615,1603,-0.04826200220545102,-0.022299191029577867,0.9932349323493235,0.9925696594427245,0.9779961481315059,0.7025094778701313
2016-08-19,1632,1622,1608,-0.004801507087191628,0.011109636530129025,0.9938725490196079,0.9913686806411838,0.9808624255159346,0.7320592033755183
2016-08-22,1628,1617,1600,0.0030154127117661728,0.003218913366763028,0.9932432432432432,0.9894867037724181,0.9791428338058167,0.7276980099731529
2016-08-23,1633,1622,1607,0.03000134063842159,0.02094622145009325,0.9932639314145744,0.9907521578298397,0.9739774716157354,0.7235622922652177
2016-08-24,1634,1623,1608,0.087089538723534,0.06997082956078457,0.9932680538555692,0.9907578558225508,0.9748643178719117,0.7361283964602501
2016-08-25,1622,1611,1596,0.09766321860703216,0.06430717587935011,0.9932182490752158,0.9906890130353817,0.9593765912439512,0.7283983754378125
2016-08-26,1620,1609,1593,0.08613614988674308,0.053113832542096916,0.9932098765432099,0.9900559353635798,0.9666953210612392,0.7064800805024202
2016-08-29,1616,1606,1590,0.07605997242553054,0.030442530959219453,0.9938118811881188,0.9900373599003736,0.9724307147240842,0.7287792918407816
2016-08-30,1610,1600,1583,0.1286699844481537,0.07423381240877984,0.9937888198757764,0.989375,0.9759115500546857,0.7180848733158077
2016-08-31,1606,1595,1578,0.1008015650299561,0.04973071514685215,0.9931506849315068,0.9893416927899686,0.9779931798145233,0.7102561529100924
2016-09-01,1595,1585,1571,0.1013795731724055,0.051274261386076485,0.9937304075235109,0.9911671924290221,0.9730990713949185,0.7220486077275122
2016-09-02,1593,1585,1571,0.08529491842293042,0.05167469149670496,0.9949780288763339,0.9911671924290221,0.972873630286615,0.7501409815435357
2016-09-06,1590,1583,1570,0.06675886232616467,0.04864859115698752,0.9955974842767296,0.9917877447883765,0.9793924888475274,0.7683386313015338
2016-09-07,1586,1579,1566,0.09395293090884646,0.06970585963694569,0.9955863808322825,0.9917669411019633,0.9796540245267447,0.7764700933642866
2016-09-08,1587,1580,1568,0.027024542256939704,0.03155795221262358,0.9955891619407687,0.9924050632911392,0.9789898663238332,0.7656942945844595
2016-09-09,1584,1577,1565,0.05095364386696633,0.044613479140276975,0.9955808080808081,0.9923906150919467,0.9820440205089097,0.7700710582489345
2016-09-12,1584,1578,1566,0.05565481303507411,0.04986335794467508,0.9962121212121212,0.9923954372623575,0.9832211244582596,0.7631417437643472
2016-09-13,1587,1581,1569,0.06585769058453682,0.05015496071892726,0.996219281663516,0.9924098671726755,0.9813241330605897,0.7763615481264075
2016-09-14,1592,1586,1574,0.009439544188068088,0.014976340128240258,0.9962311557788944,0.9924337957124842,0.9874069675060736,0.7522966789756595
2016-09-15,1586,1581,1569,-0.035400785460522124,-0.013241837393334512,0.9968474148802018,0.9924098671726755,0.9873832340574371,0.7516332624402996
2016-09-16,1587,1582,1572,-0.04681050420876981,-0.03655053822492715,0.9968494013862634,0.9936788874841972,0.9843560110223206,0.7605234727903045
2016-09-19,1575,1570,1562,-0.04545647478679015,-0.010062399415014887,0.9968253968253968,0.9949044585987261,0.9889000573975174,0.7439468432661002
2016-09-20,1593,1588,1581,-0.05436063574198098,-0.015548199860784656,0.9968612680477087,0.9955919395465995,0.9880862367635626,0.7292000793855359
2016-09-21,1587,1581,1574,-0.0913324438425283,-0.020230124501812156,0.996219281663516,0.9955724225173941,0.982417274840498,0.70251954744704
2016-09-22,1597,1592,1585,-0.03350382471406387,0.008356472181005423,0.9968691296180339,0.9956030150753769,0.9808761039445054,0.6613663097855865
2016-09-23,1601,1596,1590,-0.0027194717185993716,0.027959125705064956,0.9968769519050593,0.9962406015037594,0.9859162467041016,0.6756797366064292
2016-09-26,1608,1603,1596,-0.023497449800602033,0.03389592280491391,0.9968905472636815,0.9956331877729258,0.9845507108300802,0.70023798842076
2016-09-27,1610,1605,1600,0.023602992921260207,0.05112097504725581,0.9968944099378882,0.9968847352024922,0.9893181486365085,0.6830109347989933
2016-09-28,1608,1603,1597,-0.055567541876283016,-0.029618816921371076,0.9968905472636815,0.9962570180910792,0.9872016068399779,0.6659561832504718
2016-09-29,1608,1602,1596,-0.07552099419564609,-0.03945783688654562,0.996268656716418,0.9962546816479401,0.990255082244049,0.6907264913291795
2016-09-30,1611,1605,1599,-0.13243062950106918,-0.09673091892539225,0.9962756052141527,0.9962616822429906,0.9828605184092244,0.7185801202589476
2016-10-03,1604,1598,1593,-0.1460540129745361,-0.1127774019088726,0.9962593516209476,0.9968710888610763,0.9840788740660327,0.7251777813848449
2016-10-04,1612,1603,1599,-0.12410815240821808,-0.10289187997661242,0.9944168734491315,0.9975046787273861,0.987961104583635,0.6790633215163052
2016-10-05,1618,1609,1604,-0.15220315642223126,-0.12781945184263882,0.9944375772558715,0.9968924798011187,0.9862058635452262,0.6688571320383373
2016-10-06,1612,1603,1598,-0.11806069357069815,-0.11328794522719265,0.9944168734491315,0.9968808484092326,0.9837523064390123,0.6838428932898738
2016-10-07,1613,1604,1597,-0.1293020746399441,-0.1255541100237472,0.9944203347799132,0.9956359102244389,0.9795341412383447,0.6961446396683648
2016-10-10,1614,1604,1597,-0.1528963875343574,-0.11687563265504615,0.9938042131350682,0.9956359102244389,0.9825792505439193,0.7044110689375441
2016-10-11,1609,1600,1592,-0.1430018786934349,-0.1050405587091778,0.9944064636420137,0.995,0.977642575358062,0.6752540494284605
2016-10-12,1602,1593,1581,-0.0740836703636823,-0.044151157320956036,0.9943820224719101,0.992467043314501,0.9839534184718006,0.6785028456327427
2016-10-13,1604,1594,1582,-0.032583294857933195,-0.00258422293820623,0.9937655860349127,0.9924717691342535,0.9853031290103985,0.6748456632048979
2016-10-14,1599,1589,1577,-9.234804758078518e-05,0.02518004595185705,0.9937460913070669,0.9924480805538074,0.9808306010876162,0.6775584788476761
2016-10-17,1598,1589,1577,0.03141558247913917,0.012906113798546361,0.9943679599499374,0.9924480805538074,0.9799637003216832,0.6551347867490556
2016-10-18,1572,1563,1551,0.052457104780077125,0.03504630394971366,0.9942748091603053,0.9923224568138196,0.9655011115719906,0.6732361159559168
2016-10-19,1573,1564,1552,0.05234083396843916,0.03672950935895518,0.9942784488239034,0.9923273657289002,0.9752464220126443,0.6901692885216254
2016-10-20,1565,1555,1543,0.04532095055804404,0.05112926558995869,0.9936102236421726,0.992282958199357,0.9876399658724718,0.6693904038310806
2016-10-21,1567,1557,1546,0.04303623982742207,0.05407257071499193,0.9936183790682833,0.9929351316634554,0.979969064092606,0.680611247796535
2016-10-24,1558,1549,1539,0.049524223809368106,0.040615521280773566,0.9942233632862645,0.9935442220787605,0.9806189189657266,0.6649516063985339
2016-10-25,1552,1543,1534,0.019440835001175296,0.03683846218089012,0.9942010309278351,0.9941672067401166,0.9700177569739477,0.667614928653894
2016-10-26,1549,1541,1532,0.07786761528432856,0.09478702440102088,0.9948353776630084,0.9941596365996106,0.9747504759029517,0.7112234367792795
2016-10-27,1544,1536,1527,0.09137219210459936,0.10438271960522254,0.9948186528497409,0.994140625,0.973140576458961,0.7078905693497924
2016-10-28,1538,1531,1522,0.08592858797475877,0.09854383261573613,0.9954486345903771,0.9941214892227302,0.9800914929943946,0.7018037520143261
2016-10-31,1540,1534,1525,0.12341971991869338,0.1201750307606496,0.9961038961038962,0.9941329856584094,0.9756936222573166,0.6952646972776562
2016-11-01,1537,1531,1521,0.11743716553841659,0.12522889315132094,0.996096291476903,0.9934683213585892,0.9863378478763084,0.6960951185020474
2016-11-02,1541,1535,1525,0.11485350856326292,0.12651457182681466,0.9961064243997404,0.993485342019544,0.984069401400607,0.7278601897917665
2016-11-03,1550,1543,1534,0.21571269607576443,0.19397858089919862,0.9954838709677419,0.9941672067401166,0.9858341446078618,0.7240527737685599
2016-11-04,1543,1537,1526,0.1889975033828383,0.1985697996406728,0.9961114711600778,0.9928432010409889,0.9822795933570783,0.7261065178896088
2016-11-07,1546,1540,1531,0.16526809908067766,0.15794101546084746,0.9961190168175937,0.9941558441558441,0.9749217782792922,0.7217780185882628
2016-11-08,1549,1543,1535,0.15958090869549144,0.1360670055028475,0.9961265332472563,0.9948152948801037,0.9843055011684999,0.6823725699984489
2016-11-09,1561,1555,1546,0.14258147994938378,0.13831081417299024,0.9961563100576554,0.9942122186495177,0.9819406969801513,0.6976741100238197
2016-11-10,1565,1559,1549,0.09814829599110449,0.09662114689421224,0.9961661341853035,0.9935856318152662,0.9848012764045062,0.6716724452213296
2016-11-11,1589,1583,1571,0.059808162913014586,0.0462817228330491,0.9962240402769037,0.9924194567277321,0.9863701310440951,0.633201532578503
2016-11-14,1609,1604,1593,0.04034648094891986,0.028900430100655315,0.9968924798011187,0.993142144638404,0.9763275862156593,0.6253494360630565
2016-11-15,1630,1625,1614,-0.0008041684798272961,0.009664939456355144,0.9969325153374233,0.9932307692307693,0.9817607501281775,0.5995359751024547
2016-11-16,1663,1657,1645,0.0008702865922504287,0.017172469156892828,0.9963920625375827,0.9927579963789982,0.9784510371985151,0.6103573898212039
2016-11-17,1668,1662,1650,0.02392658028327575,0.03045820235546287,0.9964028776978417,0.9927797833935018,0.9826673637461886,0.6109499811429203
2016-11-18,1679,1673,1661,0.007670387261407407,0.006659206043272522,0.9964264443120905,0.9928272564255828,0.9749702495084777,0.6188760749396285
2016-11-21,1684,1678,1667,0.03124316504874281,0.028017143511800454,0.996437054631829,0.9934445768772348,0.9754084322073723,0.6274559879986332
2016-11-22,1705,1697,1685,0.07149792273809615,0.05500934258703411,0.9953079178885631,0.9929286977018268,0.9790055253389305,0.6396303194150853
2016-11-23,1714,1705,1692,0.030800189713622805,0.023883340032846073,0.9947491248541424,0.992375366568915,0.9724392533791454,0.6842906301808366
2016-11-25,1718,1709,1696,0.024261187706414482,0.03372807670475818,0.9947613504074505,0.9923932124049152,0.9722863714492894,0.6806549693221923
2016-11-28,1724,1715,1702,0.015089007131667689,0.04175940418887649,0.9947795823665894,0.9924198250728863,0.9802090107523984,0.7202739782691118
2016-11-29,1711,1702,1691,-0.0008322451400515907,0.028151992368054875,0.994739918176505,0.9935370152761457,0.9854629092154551,0.7236121184993881
2016-11-30,1705,1696,1685,0.001146705906295795,-0.011699465405814803,0.9947214076246335,0.9935141509433962,0.9824284459845092,0.746058664271196
2016-12-01,1714,1704,1693,0.0048367890153338524,-0.027155603228887118,0.9941656942823804,0.9935446009389671,0.9808229488238679,0.7444407739919289
2016-12-02,1715,1705,1697,-0.010419074658407117,-0.017105351219053974,0.9941690962099126,0.9953079178885631,0.9806965938769261,0.7448720850241898
2016-12-05,1726,1716,1707,0.0016446028505874167,-0.023989497887112597,0.9942062572421785,0.9947552447552448,0.9834889711757031,0.75195011229528
2016-12-06,1729,1719,1712,-0.05355488298947314,-0.08046968207906778,0.9942163100057837,0.9959278650378127,0.9795873939350167,0.77470554470786
2016-12-07,1729,1719,1711,-0.04482954410974096,-0.05483430948285687,0.9942163100057837,0.995346131471786,0.9820032247259219,0.8022707365194942
2016-12-08,1732,1722,1715,0.0034596874508683387,-0.024719678197638782,0.9942263279445728,0.9959349593495935,0.9770146939075535,0.7893685636354753
2016-12-09,1739,1729,1723,0.04410237002904137,0.003730534215769046,0.9942495687176538,0.9965297860034702,0.9788633199601513,0.8044086265557747
2016-12-12,1738,1728,1722,0.018767357781761054,0.026906242572253523,0.9942462600690449,0.9965277777777778,0.9870443103483552,0.8123448507818951
2016-12-13,1726,1716,1710,0.025449456913293676,-0.017847072557236873,0.9942062572421785,0.9965034965034965,0.9889400355415744,0.8016566813820608
2016-12-14,1712,1703,1698,-0.009866509415505901,-0.05166292353090443,0.9947429906542056,0.9970640046975925,0.983462482616589,0.7973142721845106
2016-12-15,1712,1703,1698,-0.10271407427542102,-0.20025165524067376,0.9947429906542056,0.9970640046975925,0.9868798864741002,0.812479409226172
2016-12-16,1708,1699,1693,-0.0175937740548821,-0.09248192655864017,0.9947306791569087,0.9964685108887581,0.989267549178724,0.8118678234106076
2016-12-19,1711,1701,1694,-0.0008249656996954064,-0.07015979137283125,0.994155464640561,0.9958847736625515,0.9876913561379219,0.7888753253834996
2016-12-20,1744,1734,1728,-0.026917662685155,-0.10849828273562773,0.9942660550458715,0.9965397923875432,0.9868174854525975,0.7816569739124225
2016-12-21,1744,1735,1729,-0.025869710834380794,-0.08973202561390871,0.9948394495412844,0.9965417867435159,0.9892516510820115,0.7863011028328569
2016-12-22,1744,1735,1729,-0.006316386806799467,-0.04401951085286958,0.9948394495412844,0.9965417867435159,0.9890039204635335,0.775433240948544
2016-12-23,1742,1733,1727,-0.0021184592199835124,-0.013309775542137825,0.994833524684271,0.996537795729948,0.9953650542473109,0.7691471237472142
2016-12-27,1739,1730,1724,0.011369173332381013,-0.005819305848285775,0.9948246118458884,0.9965317919075144,0.9925466809339383,0.7595252686601011
2016-12-28,1736,1727,1721,0.014022286694496169,-0.011119489882249296,0.994815668202765,0.9965257672264042,0.9910814489845786,0.7543325420233793
2016-12-29,1733,1725,1718,0.03379849585127705,0.0057072632477281095,0.9953837276399308,0.9959420289855072,0.9815507554369446,0.7394252132348056
2016-12-30,1727,1720,1713,0.014999432514987428,-0.037122463926702653,0.9959467284308049,0.9959302325581395,0.9886443941676871,0.7401290707944694
2017-01-03,1718,1711,1705,0.03347777147240022,-0.018099816371144613,0.9959254947613504,0.9964932787843367,0.9908008345435169,0.7498967982819756
2017-01-04,1716,1709,1704,-0.01987553971127334,-0.09487816704834649,0.995920745920746,0.9970743124634289,0.9918336581702253,0.73504879674431
2017-01-05,1720,1713,1708,0.062024169194365056,0.006476758349914015,0.9959302325581395,0.997081144191477,0.9923950685704193,0.7178586502298032
2017-01-06,1718,1711,1706,0.04367439573526025,-0.010875488409876639,0.9959254947613504,0.9970777323202805,0.9885116604351616,0.7004363284999915
2017-01-09,1711,1704,1698,0.018280950949216123,-0.008748884205267253,0.9959088252483927,0.9964788732394366,0.9878744377663978,0.6902107437583995
2017-01-10,1708,1701,1694,-0.02063239341186602,-0.07866854764092404,0.9959016393442623,0.9958847736625515,0.9897783401734485,0.674244613936099
2017-01-11,1705,1698,1691,0.0035030319987156043,-0.07167936320579422,0.9958944281524926,0.9958775029446407,0.9880315615312913,0.6900759792750947
2017-01-12,1697,1690,1682,0.013679537230930029,-0.02197877488908574,0.995875073659399,0.9952662721893492,0.9871749179176179,0.6811364195062825
2017-01-13,1696,1689,1680,0.024718780907265692,-0.014341834223803425,0.995872641509434,0.9946714031971581,0.9882269378795662,0.6727375865110461
2017-01-17,1686,1679,1670,0.08531229440161162,0.10014860735301043,0.9958481613285883,0.9946396664681358,0.9813186794009492,0.6869950954965106
2017-01-18,1678,1671,1662,0.04713365862481948,0.062304782547546955,0.9958283671036948,0.9946140035906643,0.9806780682890978,0.7048153334209453
2017-01-19,1673,1667,1658,0.01400531525715733,0.018428870622873114,0.9964136282127914,0.9946010797840432,0.9747386178331748,0.7043271018130312
2017-01-20,1617,1611,1602,0.003504543031490293,-0.01099499056813221,0.9962894248608535,0.994413407821229,0.9825390913302088,0.7156807930828966
2017-01-23,1610,1604,1595,0.009577953094239231,0.014227242015431437,0.9962732919254659,0.9943890274314214,0.9856700862883251,0.7435825781496614
2017-01-24,1602,1596,1586,-0.028215960538442313,-0.050521149525409204,0.9962546816479401,0.993734335839599,0.98473145317028,0.736447079671549
2017-01-25,1605,1599,1589,-0.048474612879549954,-0.08863325039318333,0.9962616822429906,0.9937460913070669,0.9847339607372831,0.7252652031339862
2017-01-26,1612,1606,1596,-0.03465989781798087,-0.112246819351679,0.9962779156327544,0.9937733499377335,0.9821879165969258,0.7464119728359266
2017-01-27,1621,1615,1604,-0.00016358562458433063,-0.06659261210840878,0.9962985811227637,0.993188854489164,0.9848770800098066,0.7695212121323518
2017-01-30,1628,1622,1610,-0.00577894302335729,-0.046544149060674285,0.9963144963144963,0.9926017262638718,0.9904414580126742,0.7697444885127114
2017-01-31,1628,1622,1609,0.05952836037524574,0.053604518893820764,0.9963144963144963,0.9919852034525277,0.9835623909794069,0.7685084245779612
2017-02-01,1636,1630,1616,0.019090897025411533,-0.04508132401665007,0.9963325183374083,0.9914110429447853,0.9817104782781367,0.764751228141106
2017-02-02,1636,1630,1617,0.04870717421408503,0.015126923567460782,0.9963325183374083,0.9920245398773007,0.988023797360107,0.7515712922010814
2017-02-03,1639,1633,1620,0.04018235662190998,-0.018893273808170408,0.99633923123856,0.9920391916717698,0.9867486686441569,0.7225778098477459
2017-02-06,1633,1626,1614,0.05387624712715499,-0.006496970707497883,0.9957134109001837,0.992619926199262,0.9859776020608596,0.7535752390155812
2017-02-07,1633,1625,1612,0.0798885261507807,0.017776022680868083,0.9951010410287814,0.992,0.9822024730861876,0.739592493176058
2017-02-08,1632,1624,1611,0.10153246813509584,0.07182494454780099,0.9950980392156863,0.9919950738916257,0.9860712354174314,0.724411539650446
2017-02-09,1625,1617,1606,0.09903731293349809,0.021834344912444584,0.9950769230769231,0.9931972789115646,0.9855233804997221,0.7137654342709964
2017-02-10,1624,1616,1606,0.14729827750462213,0.05431731484400651,0.9950738916256158,0.9938118811881188,0.9889425265376799,0.7078752188984935
2017-02-13,1620,1613,1602,0.1299302048459376,0.028038258960152586,0.995679012345679,0.9931804091754495,0.9908557804538611,0.7072916790895424
2017-02-14,1620,1612,1601,0.08481261879554321,-0.019579017210685307,0.9950617283950617,0.9931761786600496,0.9893801150668985,0.7073462724617146
2017-02-15,1623,1615,1605,0.07552279964375837,-0.014768400166701875,0.9950708564386938,0.9938080495356038,0.9871257151063156,0.7221005480384979
2017-02-16,1618,1610,1601,0.06329264455772395,-0.018639851146404277,0.9950556242274413,0.9944099378881988,0.9852817578681312,0.716184144717241
2017-02-17,1616,1607,1599,0.04737740803349636,-0.03468015835930001,0.994430693069307,0.9950217797137524,0.9864597616754739,0.7083249862699226
2017-02-21,1622,1613,1605,-0.01601129633334126,-0.0995119886414248,0.9944512946979038,0.9950402975821451,0.9922256909917673,0.7195814645945102
2017-02-22,1625,1616,1608,0.00945265922183765,-0.0989646230692493,0.9944615384615385,0.995049504950495,0.9861343463230183,0.7155666390033916
2017-02-23,1629,1620,1610,0.014438354969214126,-0.08067514358294622,0.994475138121547,0.9938271604938271,0.9854408569569749,0.7248249268898429
2017-02-24,1631,1622,1613,-0.031466083900541696,-0.11720017702569524,0.9944819129368485,0.9944512946979038,0.9815840686634215,0.7061399232012223
2017-02-27,1636,1627,1618,-0.08323981403351478,-0.1629723956517833,0.9944987775061125,0.9944683466502766,0.9863574725187864,0.6918464813173664
2017-02-28,1647,1638,1630,-0.06399457172355671,-0.11812390484643058,0.994535519125683,0.9951159951159951,0.9830007517263023,0.7029513105645729
2017-03-01,1662,1653,1645,-0.0959984383843624,-0.1654128840108414,0.9945848375451264,0.9951603145795523,0.9824561983653234,0.6985482481255926
2017-03-02,1664,1656,1648,-0.060742213607601694,-0.0852966775423071,0.9951923076923077,0.9951690821256038,0.9830194584731228,0.7031065838760225
2017-03-03,1668,1660,1652,-0.08272233904403638,-0.11114359361664831,0.9952038369304557,0.9951807228915662,0.9749959135455956,0.7115341787343263
2017-03-06,1670,1663,1654,-0.09628365344575829,-0.1252354315451103,0.9958083832335329,0.994588093806374,0.9786879133181902,0.7280531986790549
2017-03-07,1674,1668,1660,-0.13194527252935603,-0.1569835919216339,0.996415770609319,0.9952038369304557,0.982323627337653,0.7260045436158192
2017-03-08,1681,1674,1666,-0.1455264636531523,-0.1784226302593218,0.9958358120166567,0.995221027479092,0.9786656402520117,0.7247615429878294
2017-03-09,1676,1669,1660,-0.11629898318521383,-0.1467344464763935,0.9958233890214797,0.9946075494307969,0.9851927196022477,0.7123535151800529
2017-03-10,1671,1664,1653,-0.1276939903637536,-0.13934038150223022,0.9958108916816277,0.9933894230769231,0.9807271553163073,0.7264376501928143
2017-03-13,1675,1668,1660,-0.1334690441664208,-0.14813827218648112,0.9958208955223881,0.9952038369304557,0.9850617531852256,0.7180085252857304
2017-03-14,1674,1668,1660,-0.153222853241363,-0.15102896854687312,0.996415770609319,0.9952038369304557,0.9888270376590392,0.7215577606668374
2017-03-15,1676,1670,1662,-0.15195536517021765,-0.19142415511270175,0.9964200477326969,0.9952095808383233,0.984773573905305,0.7276214242743582
2017-03-16,1669,1663,1654,-0.18189902980736675,-0.24083660070156102,0.9964050329538646,0.994588093806374,0.9866922676453839,0.7202120705419011
2017-03-17,1670,1664,1654,-0.1452671148507321,-0.2137734228942193,0.9964071856287425,0.9939903846153846,0.9848906490315812,0.7267051715300153
2017-03-20,1668,1662,1652,-0.1319896688369841,-0.18646094910790106,0.9964028776978417,0.9939831528279182,0.9842461806520588,0.7202165427258989
2017-03-21,1698,1692,1681,-0.08842920240549182,-0.12027209197773613,0.9964664310954063,0.9934988179669031,0.98599750651076,0.7252542885061255
2017-03-22,1688,1682,1672,-0.09309036715390805,-0.10018212308179995,0.9964454976303317,0.9940546967895363,0.9813637013857064,0.7009904904244255
2017-03-23,1694,1688,1679,-0.06331625929866386,-0.09211170135142634,0.9964580873671782,0.9946682464454977,0.982100957795805,0.6939266888505751
2017-03-24,1691,1685,1675,-0.018197913635891263,-0.035728680742360484,0.9964518036664696,0.9940652818991098,0.9866723328190589,0.6820198292346503
2017-03-27,1690,1683,1673,-0.02609169274570373,-0.05005950121954128,0.9958579881656805,0.994058229352347,0.9789324671566727,0.6827526419771226
2017-03-28,1690,1683,1673,-0.034651282247943234,-0.05709203826713826,0.9958579881656805,0.994058229352347,0.9808341016303498,0.6795627556804433
2017-03-29,1683,1676,1666,0.020807408612844473,-0.020155464056599796,0.995840760546643,0.9940334128878282,0.9803323944095932,0.6888506978279071
2017-03-30,1672,1665,1655,-0.014182560756809291,-0.06270662684636523,0.9958133971291866,0.993993993993994,0.9779359828016977,0.6788606590114978
2017-03-31,1663,1656,1646,0.002129243777303765,-0.04000682188100834,0.9957907396271798,0.9939613526570048,0.9859011631503797,0.6863245198790217
2017-04-03,1665,1657,1647,0.013490004953874058,-0.03010446680328999,0.9951951951951952,0.9939649969824985,0.9861637057336562,0.6789252365065536
2017-04-04,1666,1659,1649,0.03214186345995589,-0.01583097782656798,0.9957983193277311,0.9939722724532851,0.9828538015565015,0.6700083591751955
2017-04-05,1670,1662,1653,0.04577040661776585,-0.0026590374927918286,0.9952095808383233,0.9945848375451264,0.9871072459577254,0.6722280416294769
2017-04-06,1675,1668,1659,0.04713767382313202,0.00101471287812904,0.9958208955223881,0.9946043165467626,0.986181732751493,0.5936678627204165
2017-04-07,1677,1671,1662,0.051088865982919555,0.009837373687433811,0.9964221824686941,0.9946140035906643,0.9891927167612298,0.5175737345239723
2017-04-10,1678,1671,1661,0.06953389751650092,0.02405468401621225,0.9958283671036948,0.9940155595451825,0.9897004912793226,0.5014409756479283
2017-04-11,1684,1676,1666,0.05672132293804903,0.0233618958697472,0.995249406175772,0.9940334128878282,0.9867484368765713,0.4644812747013991
2017-04-12,1685,1677,1668,0.06404459079260848,0.030470999308076185,0.9952522255192878,0.9946332737030411,0.9839748936222817,0.47342184666622994
2017-04-13,1682,1674,1666,0.062498278665584564,0.02774747993200101,0.995243757431629,0.995221027479092,0.9787616735593562,0.5059150237717787
2017-04-17,1678,1670,1661,0.05301474435324212,0.016524333750366098,0.9952324195470799,0.9946107784431137,0.9856530352817249,0.5155461860936035
2017-04-18,1669,1661,1652,0.04617922497660674,0.008638870734721615,0.9952067106051528,0.9945815773630343,0.9807473585653949,0.506565974413547
2017-04-19,1631,1623,1616,0.019657038952945783,-0.005793606466225737,0.9950950337216432,0.9956869993838571,0.9746391459406314,0.5116589858663075
2017-04-20,1636,1626,1618,0.04877219223001918,0.024891157416832347,0.9938875305623472,0.995079950799508,0.9772088960763595,0.5441956966172629
2017-04-21,1630,1620,1613,0.057991641151300746,0.02096612264459441,0.9938650306748467,0.995679012345679,0.9703530650538438,0.5744243432203141
2017-04-24,1624,1615,1609,0.05034250723326323,0.0294560044912843,0.9944581280788177,0.9962848297213622,0.9756215904905996,0.5883709717471945
2017-04-25,1625,1616,1610,0.052478031369502645,0.046596973705132175,0.9944615384615385,0.9962871287128713,0.9823357589029771,0.6049741671035139
2017-04-26,1628,1618,1611,0.06568238184452059,0.05578074052848196,0.9938574938574939,0.9956736711990112,0.9792880316162864,0.6135207946422653
2017-04-27,1635,1626,1619,0.04736610711716961,0.06396252135339357,0.9944954128440368,0.9956949569495694,0.9735660496790243,0.616634044469363
2017-04-28,1643,1634,1628,0.04738917034524501,0.07341344883239777,0.9945222154595252,0.996328029375765,0.9625933392890121,0.5823456379350493
2017-05-01,1645,1636,1630,0.03315030478001097,0.07084868118210329,0.9945288753799392,0.9963325183374083,0.9740731770047534,0.5942142372897983
2017-05-02,1653,1644,1637,0.07281304724314422,0.09218870061576843,0.9945553539019963,0.995742092457421,0.9820976776921966,0.6068987233105884
2017-05-03,1648,1639,1632,0.0512532638108142,0.08938294100574821,0.9945388349514563,0.9957291031116534,0.9785303533051226,0.5863316254721685
2017-05-04,1645,1636,1629,0.03330178710400504,0.06547232956750633,0.9945288753799392,0.9957212713936431,0.927596354953289,0.558111889032334
2017-05-05,1651,1642,1634,0.09034833369303608,0.1754462600826776,0.9945487583282859,0.9951278928136419,0.9630437378316652,0.6609389535658445
2017-05-08,1660,1652,1645,0.12598452210154112,0.23675807241170724,0.9951807228915662,0.9957627118644068,0.9741191622819859,0.7002440847422099
2017-05-09,1665,1658,1651,0.12217190421397675,0.2430572150390646,0.9957957957957958,0.9957780458383595,0.980445767171071,0.7083823803059748
2017-05-10,1661,1654,1647,0.1084242789389505,0.1854933774699961,0.9957856712823601,0.9957678355501813,0.9819261654151153,0.7083438682571731
2017-05-11,1672,1665,1658,0.041255336179286776,0.06444615138339653,0.9958133971291866,0.9957957957957958,0.9828707353768783,0.7200369957418468
2017-05-12,1683,1676,1669,0.02671775661980503,0.042507396980633466,0.995840760546643,0.9958233890214797,0.9868062193892229,0.7253711586947653
2017-05-15,1691,1684,1676,0.035852086276419864,0.0681725302554221,0.9958604376108812,0.995249406175772,0.9868715930549758,0.7182197006463719
2017-05-16,1693,1685,1677,0.094296279302352,0.13343100942139147,0.9952746603662138,0.9952522255192878,0.9850789823462733,0.729140797535205
2017-05-17,1699,1692,1684,0.08741979687216829,0.07246600602311794,0.9958799293702177,0.9952718676122931,0.9824459680910004,0.7241027117548754
2017-05-18,1693,1685,1677,0.08697038812267573,0.08496878239935761,0.9952746603662138,0.9952522255192878,0.9872223399797941,0.740162217116806
2017-05-19,1699,1691,1682,0.07803934051044022,0.07734482641737195,0.9952913478516775,0.9946777054997044,0.9908669094746417,0.7287666537336862
2017-05-22,1704,1695,1685,0.10346148005368505,0.09896061289317395,0.9947183098591549,0.9941002949852508,0.987107179895855,0.7344924063353833
2017-05-23,1707,1698,1689,0.1357692472191794,0.15353788552779174,0.9947275922671354,0.9946996466431095,0.9852385066208321,0.7198110034128373
2017-05-24,1705,1697,1688,0.1063583918050351,0.1252040835894167,0.9953079178885631,0.99469652327637,0.9669519544957933,0.7160023663804918
2017-05-25,1702,1694,1685,0.17649353453284344,0.1588515308872252,0.9952996474735605,0.9946871310507674,0.9673021961316989,0.7486209677391547
2017-05-26,1689,1682,1672,0.16374914704332755,0.1219527247500191,0.9958555358200119,0.9940546967895363,0.9853900120434808,0.7860169157936652
2017-05-30,1683,1676,1668,0.11285745996875646,0.05286902755833435,0.995840760546643,0.9952267303102625,0.985231778326435,0.793465216693911
2017-05-31,1675,1666,1658,0.06764597750448734,-0.008522965221221895,0.9946268656716418,0.9951980792316927,0.9812210806400312,0.8082864377538356
2017-06-01,1659,1650,1642,0.012333038248853572,-0.06368766112024396,0.9945750452079566,0.9951515151515151,0.9809578759475109,0.8198312426370687
2017-06-02,1657,1647,1640,-0.019823871567839157,-0.09232788160940736,0.9939649969824985,0.9957498482088646,0.9821655913414465,0.8324996138157201
2017-06-05,1654,1644,1637,-0.08565732192098122,-0.18028516065506023,0.9939540507859734,0.995742092457421,0.9852722134389799,0.8380213564763049
2017-06-06,1653,1643,1635,-0.02618717089125993,-0.12366513587125953,0.9939503932244405,0.9951308581862447,0.9842712491501264,0.8516262773980077
2017-06-07,1646,1636,1628,-0.04348777608629533,-0.12090078426113629,0.9939246658566221,0.9951100244498777,0.9846239830908257,0.8506078301499798
2017-06-08,1649,1639,1630,0.04210972558415846,-0.04358089194239556,0.9939357186173439,0.9945088468578401,0.9845361786813428,0.8518322270663978
2017-06-09,1639,1629,1622,0.12202417144599284,0.10532474135742485,0.9938987187309335,0.9957028852056476,0.9869036194695178,0.8550747044147988
2017-06-12,1638,1628,1621,0.15803192143196698,0.15522275409939706,0.9938949938949939,0.9957002457002457,0.9882653527188188,0.8388720630961342
2017-06-13,1641,1632,1625,0.17872691500725205,0.18486121462199842,0.9945155393053017,0.9957107843137255,0.991691230262536,0.8401241753299672
2017-06-14,1643,1634,1626,0.10699666987833618,0.11127181829616982,0.9945222154595252,0.9951040391676866,0.9868578284118473,0.8360148258015383
2017-06-15,1642,1635,1628,0.11209150416330121,0.11527439795241093,0.9957369062119367,0.9957186544342508,0.9909665059240534,0.8407426779711764
2017-06-16,1639,1632,1626,0.0958410249326559,0.08391876022017748,0.9957291031116534,0.9963235294117647,0.9890654445713165,0.8368501843247257
2017-06-19,1636,1630,1625,0.10764297011238261,0.08838350096270944,0.9963325183374083,0.9969325153374233,0.9913016564378929,0.8467061433676029
2017-06-20,1648,1642,1636,0.0024980647316908476,-0.013713280119100429,0.9963592233009708,0.9963459196102314,0.9882142631520003,0.8444724608242421
2017-06-21,1643,1637,1631,-0.04835504106187447,-0.09339673782570249,0.9963481436396835,0.996334758704948,0.995461901245998,0.8478999632138392
2017-06-22,1641,1635,1628,-0.036531599776854606,-0.07881431490962647,0.9963436928702011,0.9957186544342508,0.9943073595493027,0.844862979844825
2017-06-23,1645,1639,1632,0.009451941213306485,-0.04328717549691861,0.9963525835866262,0.9957291031116534,0.9935552300034565,0.8388271169108635
2017-06-26,1649,1643,1636,-0.02700316503246509,-0.09735416978371221,0.9963614311704063,0.995739500912964,0.990188579056708,0.8384902109926272
2017-06-27,1684,1680,1672,0.05345285237023613,0.014754413159212507,0.997624703087886,0.9952380952380953,0.9916291893051596,0.8172552340723328
2017-06-28,1686,1682,1675,0.011239777685923638,-0.007033342538724227,0.9976275207591934,0.9958382877526754,0.991142602105984,0.7904961067058957
2017-06-29,1689,1685,1677,0.09854921985378595,0.11816256591175493,0.9976317347542925,0.9952522255192878,0.9904254663718418,0.7986475830982765
2017-06-30,1687,1683,1675,0.08130951095650356,0.08927610261367987,0.997628927089508,0.9952465834818776,0.9877875968729148,0.7924565804988041
2017-07-03,1686,1682,1674,0.17139148511643246,0.19568963376498774,0.9976275207591934,0.995243757431629,0.988860965528192,0.7914311069507399
2017-07-05,1686,1682,1673,0.12099335554565831,0.13800185984620278,0.9976275207591934,0.9946492271105827,0.9885191591249604,0.7747295460642205
2017-07-06,1677,1672,1664,0.10540601717391988,0.12725599228906498,0.9970184853905785,0.9952153110047847,0.9896840224456371,0.7904788676274387
2017-07-07,1674,1668,1660,0.05216027577114741,0.07304178681252073,0.996415770609319,0.9952038369304557,0.9927503014342297,0.7936914887813159
2017-07-10,1677,1671,1663,0.10493007920002166,0.11403388012500038,0.9964221824686941,0.995212447636146,0.9871364387040391,0.7973345220080922
2017-07-11,1673,1667,1659,0.09522145330752135,0.09484394999446912,0.9964136282127914,0.9952009598080384,0.9898330920270291,0.7985761614363268
2017-07-12,1669,1664,1655,0.10907646796631373,0.10325858635176799,0.9970041941282205,0.9945913461538461,0.9908750916332445,0.8006247820975867
2017-07-13,1665,1660,1651,0.1450272101313371,0.15328751056763867,0.996996996996997,0.994578313253012,0.9897463362494155,0.7967366608971486
2017-07-14,1666,1661,1651,0.1692722429698484,0.16793197460486933,0.996998799519808,0.9939795304033715,0.9926726846029893,0.7951481641363315
2017-07-17,1666,1662,1652,0.1846488071489401,0.18320458021977393,0.9975990396158463,0.9939831528279182,0.9892206625972674,0.7968789888487422
2017-07-18,1663,1659,1650,0.1806892957328944,0.19125973867124538,0.9975947083583885,0.9945750452079566,0.9898759175408754,0.7889421074704037
2017-07-19,1636,1632,1623,0.21506073265948605,0.22754020809608294,0.9975550122249389,0.9944852941176471,0.9884671007041533,0.7754004068798519
2017-07-20,1634,1630,1622,0.1895372750557435,0.21550340621083114,0.9975520195838433,0.9950920245398773,0.9911513098117425,0.7735801872416773
2017-07-21,1636,1632,1624,0.14766552804007882,0.18365228244889148,0.9975550122249389,0.9950980392156863,0.9903540698843215,0.7783051185776083
2017-07-24,1638,1634,1627,0.12582248273377944,0.18261014866498448,0.9975579975579976,0.9957160342717258,0.9870496711534,0.7759963283595765
2017-07-25,1635,1631,1626,0.19036180893759944,0.23153049457590225,0.9975535168195718,0.996934396076027,0.9849363201406921,0.7856827767577195
2017-07-26,1601,1597,1593,0.1543032685624723,0.18446839924480443,0.9975015615240475,0.9974953036944271,0.9825264768004717,0.7658053946068936
2017-07-27,1606,1602,1599,0.18075580788784656,0.20027260858437018,0.9975093399750934,0.99812734082397,0.9881877019929198,0.7559479316812728
2017-07-28,1613,1609,1607,0.17242924987007058,0.16999773659428313,0.9975201487910725,0.9987569919204475,0.9915964029418701,0.749538916503181
2017-07-31,1614,1610,1608,0.20535334257612178,0.20587263738315087,0.9975216852540273,0.9987577639751553,0.9919287441919803,0.7388855422049068
2017-08-01,1612,1608,1605,0.1804310131224147,0.18098791730651143,0.9975186104218362,0.9981343283582089,0.9864871206374014,0.7222033118297914
2017-08-02,1610,1607,1604,0.16086172618063393,0.1514193161111657,0.9981366459627329,0.9981331673926571,0.9807859724383635,0.709321703050354
2017-08-03,1621,1619,1616,0.17447948650785366,0.15712889258218804,0.9987661937075879,0.9981470043236566,0.9871533008416916,0.7120965489087976
2017-08-04,1627,1625,1622,0.17864216839540506,0.16668770647253053,0.9987707437000615,0.9981538461538462,0.988996327670733,0.7128342637113066
2017-08-07,1637,1635,1629,0.16448987356535877,0.1852569359331384,0.9987782529016493,0.9963302752293578,0.9882765658574579,0.7033428521478552
2017-08-08,1649,1646,1640,0.127213658661776,0.1695200397041687,0.9981807155852032,0.9963547995139733,0.9850887871478512,0.7095609500474482
2017-08-09,1646,1643,1637,0.15445774678431876,0.20589217045926417,0.9981773997569866,0.9963481436396835,0.984616257957022,0.7206167204692479
2017-08-10,1644,1641,1636,0.16852184950092067,0.22641799747124863,0.9981751824817519,0.9969530773918343,0.9863449033872143,0.7248453971058216
2017-08-11,1649,1646,1641,0.11715831695607908,0.16781832755856352,0.9981807155852032,0.996962332928311,0.9903631254470233,0.7247861563591002
2017-08-14,1653,1650,1644,0.06306679802781978,0.09838647763925654,0.9981851179673321,0.9963636363636363,0.9857756699491479,0.7066789546777172
2017-08-15,1665,1661,1654,0.0053374242528909715,0.025745451870301448,0.9975975975975976,0.9957856712823601,0.9809313633008571,0.7130111624842261
2017-08-16,1673,1669,1661,0.014771708967157156,0.03317129224531513,0.9976090854751942,0.9952067106051528,0.9803625930585137,0.7194993860057498
2017-08-17,1676,1671,1662,-0.007634585991653212,-0.017231071973840932,0.997016706443914,0.9946140035906643,0.9786173147700682,0.7278120066679208
2017-08-18,1674,1669,1660,-0.06958380261462015,-0.08775773270418799,0.9970131421744325,0.9946075494307969,0.982714405151102,0.7231330717597204
2017-08-21,1671,1668,1658,-0.10217644978291493,-0.12201200545093198,0.9982046678635548,0.9940047961630696,0.9790718937869183,0.7351606064719073
2017-08-22,1673,1670,1659,-0.13141531731049544,-0.16924600090233272,0.9982068141063957,0.9934131736526947,0.9794796705065367,0.7512110116080206
2017-08-23,1667,1664,1654,-0.09865932752982505,-0.14628235335005377,0.9982003599280144,0.9939903846153846,0.984570284362244,0.7734516375730971
2017-08-24,1651,1648,1638,-0.090082322690985,-0.13158411642707263,0.9981829194427619,0.9939320388349514,0.9822438376593442,0.7728530216661366
2017-08-25,1647,1644,1634,-0.09683382452312442,-0.13399719601121826,0.9981785063752276,0.9939172749391727,0.9837433818697535,0.7850300366621435
2017-08-28,1640,1638,1628,-0.13399772062441997,-0.1703054143263729,0.998780487804878,0.9938949938949939,0.9801223928093424,0.787348723891529
2017-08-29,1634,1631,1620,-0.15580309086485414,-0.21269674822057671,0.9981640146878825,0.9932556713672593,0.9843361601431432,0.7738024504652569
2017-08-30,1633,1630,1617,-0.13485593622012262,-0.1983468966331058,0.998162890385793,0.9920245398773007,0.9812120424945389,0.773745139572105
2017-08-31,1627,1625,1612,-0.13951941552659028,-0.21994729592832366,0.9987707437000615,0.992,0.982945021030201,0.777245761919171
2017-09-01,1622,1620,1609,-0.13335876853835987,-0.2061797275372843,0.998766954377312,0.9932098765432099,0.982779232635283,0.7798813179321599
2017-09-05,1610,1609,1594,-0.15985913316622266,-0.24648249050819468,0.9993788819875776,0.9906774394033562,0.9835473879538659,0.7868650831796447
2017-09-06,1603,1602,1585,-0.12512936702390617,-0.2182874377695187,0.9993761696818465,0.9893882646691635,0.9861529077940043,0.8012715027207103
2017-09-07,1607,1606,1588,-0.19686762043556405,-0.28034183816910596,0.9993777224642191,0.9887920298879203,0.9824531434388415,0.798042684216384
2017-09-08,1611,1610,1591,-0.17196010012998503,-0.26469594631840704,0.9993792675356921,0.9881987577639751,0.9826936280370827,0.8139610353719727
2017-09-11,1598,1596,1579,-0.1414119226496645,-0.23055596900199268,0.9987484355444305,0.9893483709273183,0.9880782941926753,0.8020855318495443
2017-09-12,1596,1594,1578,-0.11293848280226583,-0.191682845076389,0.9987468671679198,0.9899623588456713,0.9905315224021622,0.8046754294961685
2017-09-13,1594,1592,1576,-0.08137096165761477,-0.1444898589817459,0.998745294855709,0.9899497487437185,0.9889939126466467,0.7992987718377709
2017-09-14,1589,1587,1570,-0.06290188976018918,-0.13484860013243313,0.9987413467589679,0.9892879647132955,0.9903109301615454,0.7926450895532302
2017-09-15,1595,1593,1576,-0.03274902695435024,-0.11253491811603497,0.9987460815047022,0.9893283113622097,0.9896061227233213,0.7771836118427333
2017-09-18,1605,1603,1587,-0.017724186367392862,-0.09233573897115807,0.9987538940809969,0.9900187149095446,0.9897488343028962,0.7692127347246076
2017-09-19,1628,1626,1611,0.0003277975728919991,-0.08150793760813581,0.9987714987714987,0.9907749077490775,0.9878649237470344,0.7459612924429674
2017-09-20,1629,1626,1611,0.03046200436622521,-0.033330345574619884,0.998158379373849,0.9907749077490775,0.987538898297199,0.7203800452700584
2017-09-21,1636,1633,1618,0.04726222470868203,-0.03556411890093337,0.9981662591687042,0.9908144519289651,0.9897850844541621,0.7135476152808463
2017-09-22,1640,1637,1621,0.04488459569418217,-0.016299309675321665,0.9981707317073171,0.9902260232131949,0.9870601106175728,0.708398633165018
2017-09-25,1644,1640,1624,0.09565737654173943,0.06784548003465717,0.9975669099756691,0.9902439024390244,0.9816327635473958,0.6887080459489987
2017-09-26,1641,1636,1622,0.09890543950720865,0.08977046841694314,0.9969530773918343,0.991442542787286,0.9866086472137832,0.6665495457436716
2017-09-27,1649,1643,1629,0.11353076914687128,0.12511898802445517,0.9963614311704063,0.9914790018259282,0.990966831059706,0.6237517439393879
2017-09-28,1651,1645,1632,0.09486998075004913,0.11944062374311729,0.9963658388855239,0.99209726443769,0.991606253130846,0.6327407178051121
2017-09-29,1660,1654,1641,0.10609569011806969,0.11936127645862732,0.9963855421686747,0.9921402660217654,0.9831697681321373,0.6155561923519223
2017-10-02,1666,1659,1652,0.1039997921311087,0.11446558819702973,0.9957983193277311,0.9957805907172996,0.9889127679392941,0.5842309181658106
2017-10-03,1671,1664,1658,0.09775822742443543,0.1124891917626714,0.9958108916816277,0.9963942307692307,0.9849611306105113,0.5992331831315967
2017-10-04,1681,1673,1667,0.03950351208326724,0.053465830968640056,0.9952409280190363,0.9964136282127914,0.9875277354186547,0.5914553801365132
2017-10-05,1687,1675,1668,0.07517921322507017,0.0832086040861323,0.992886781268524,0.9958208955223881,0.9849123553771306,0.6011351733809246
2017-10-06,1689,1679,1674,0.07180754224188705,0.09324347035110263,0.9940793368857312,0.9970220369267421,0.9838660429091448,0.5917579155666405
2017-10-09,1685,1674,1669,0.046058846917559536,0.06623913270226237,0.9934718100890207,0.9970131421744325,0.9837892684389541,0.6063143785706381
2017-10-10,1691,1678,1673,0.03075813368281182,0.08346812748997852,0.9923122412773506,0.9970202622169249,0.9838918068111567,0.6024176911706591
2017-10-11,1690,1676,1672,0.026490813438818775,0.06939699084122694,0.991715976331361,0.9976133651551312,0.9861663115463665,0.5922397278865655
2017-10-12,1692,1678,1675,-0.015317068939442182,0.035263602944039865,0.991725768321513,0.9982121573301549,0.986595463869453,0.5929162771779776
2017-10-13,1692,1678,1674,0.012991050077176243,0.06292720625833038,0.991725768321513,0.9976162097735399,0.983509269763122,0.5851803211368827
2017-10-16,1693,1678,1675,0.023858460053733932,0.07247362387385574,0.9911399881866509,0.9982121573301549,0.9788335539280797,0.602326919671904
2017-10-17,1672,1658,1654,0.008727489399888915,0.054125081324665196,0.9916267942583732,0.9975874547647768,0.9755216325800349,0.5739190379115805
2017-10-18,1662,1648,1644,0.01982321084327398,0.04599615698825974,0.9915764139590855,0.9975728155339806,0.9789292047430336,0.600258004931519
2017-10-19,1662,1650,1647,0.03205626966802356,0.06289758349171407,0.9927797833935018,0.9981818181818182,0.9836441497584607,0.6197071634865311
2017-10-20,1658,1647,1644,0.015408440801912756,0.05447270437964986,0.9933655006031363,0.9981785063752276,0.9745863602205839,0.6166530738032521
2017-10-23,1656,1646,1641,0.03508734838385916,0.052247845180957056,0.9939613526570048,0.996962332928311,0.9710807845583821,0.6210325917461084
2017-10-24,1657,1647,1639,0.02784646635933832,0.0499021958016884,0.9939649969824985,0.9951426836672739,0.963371325763544,0.651461323018352
2017-10-25,1659,1649,1641,0.03610453543090036,0.07485958367456308,0.9939722724532851,0.9951485748938751,0.9629151904251757,0.6736044019498019
2017-10-26,1656,1646,1637,0.05295932920895658,0.07996712639500968,0.9939613526570048,0.9945321992709599,0.9796594540413949,0.6786462159204825
2017-10-27,1653,1643,1634,0.03930190893197911,0.07470953277312742,0.9939503932244405,0.9945222154595252,0.9749956320830234,0.664874416423326
2017-10-30,1650,1639,1631,-0.015287940404060073,0.004616690537295938,0.9933333333333333,0.9951189749847468,0.9766339441122607,0.6859945287888715
2017-10-31,1649,1639,1631,-0.07891652554582206,-0.06288836975586469,0.9939357186173439,0.9951189749847468,0.9825324590560072,0.7059471300008979
2017-11-01,1641,1632,1625,-0.02584683183929872,-0.025311250907128283,0.9945155393053017,0.9957107843137255,0.9826495101492598,0.7396470069331696
2017-11-02,1647,1638,1631,-0.028091679106011642,-0.03121624489075228,0.994535519125683,0.9957264957264957,0.9852017375854218,0.7254716044389232
2017-11-03,1647,1638,1629,-0.05371696827538933,-0.051919460820250604,0.994535519125683,0.9945054945054945,0.9850304193116622,0.729389325086169
2017-11-06,1651,1643,1634,-0.05051528773245185,-0.04221783502202929,0.9951544518473653,0.9945222154595252,0.9833195318729934,0.6965340715598407
2017-11-07,1663,1656,1646,-0.018948332511973393,-0.03195717181555956,0.9957907396271798,0.9939613526570048,0.9811122724381548,0.691230302880096
2017-11-08,1669,1662,1652,0.02349494040993388,0.009469215669412723,0.9958058717795086,0.9939831528279182,0.9854962837648503,0.696444385151247
2017-11-09,1672,1663,1655,0.03748126898331958,0.02357260510233749,0.9946172248803827,0.995189416716777,0.9885192260535332,0.6863709451563542
2017-11-10,1670,1661,1652,0.005813497971239549,0.0009378251049908789,0.9946107784431137,0.9945815773630343,0.9862535912353215,0.6871915194271139
2017-11-13,1675,1665,1656,-0.021151076402830368,-0.009998482463228254,0.9940298507462687,0.9945945945945946,0.9813774216832671,0.6627297277570148
2017-11-14,1680,1669,1662,0.01291033070909614,0.021179913784579372,0.993452380952381,0.9958058717795086,0.9810482104290549,0.6700616891905476
2017-11-15,1682,1670,1663,-0.007720631564443757,0.010345507269561491,0.9928656361474435,0.9958083832335329,0.985597575323094,0.6669010372654132
2017-11-16,1684,1672,1665,-0.011545856135507477,0.0203888026104413,0.9928741092636579,0.9958133971291866,0.9857090268411288,0.6662578096472239
2017-11-17,1684,1672,1667,-0.010008888429056123,0.033921524572593315,0.9928741092636579,0.9970095693779905,0.9839653873286447,0.678396150686488
2017-11-20,1684,1674,1670,-0.045870001064094446,0.017273955981508902,0.994061757719715,0.997610513739546,0.9855551817238626,0.6695871389240056
2017-11-21,1691,1681,1677,-0.01210172209181581,0.032686940192518825,0.994086339444116,0.9976204640095181,0.9836268612869397,0.6742765808371198
2017-11-22,1698,1687,1683,0.019272774159849775,0.049858705626729595,0.9935217903415783,0.997628927089508,0.9808244327815457,0.6767105560276971
2017-11-24,1701,1690,1686,0.01851837622435298,0.03826626914424257,0.993533215755438,0.9976331360946745,0.9740546018463951,0.6846996783232081
2017-11-27,1698,1687,1683,0.07661699456033552,0.08139563662506952,0.9935217903415783,0.997628927089508,0.9726755252540675,0.7026594886972793
2017-11-28,1692,1681,1677,0.06510151940317858,0.08372541699472434,0.9934988179669031,0.9976204640095181,0.9790303192177535,0.7253356609723555
2017-11-29,1699,1691,1685,0.10283941101895595,0.11591939055425106,0.9952913478516775,0.9964518036664696,0.9634798892143226,0.7434182083141169
2017-11-30,1704,1696,1690,0.04927876257260464,0.06029720751375922,0.9953051643192489,0.9964622641509434,0.9823985685922975,0.7112716685320655
2017-12-01,1706,1700,1695,0.051825325207526404,0.04717127011484847,0.9964830011723329,0.9970588235294118,0.9728670989171225,0.7163039473840634
2017-12-04,1705,1699,1693,0.10497225265199404,0.0997534392307042,0.9964809384164223,0.9964685108887581,0.9730275465823087,0.7066726553355098
2017-12-05,1702,1695,1689,0.12714199010103747,0.126001066346975,0.9958871915393654,0.9964601769911504,0.9816477734645985,0.6908839008496406
2017-12-06,1700,1695,1689,0.14331260554231823,0.1291788505658269,0.9970588235294118,0.9964601769911504,0.9836310839870732,0.6951671360584608
2017-12-07,1699,1694,1688,0.13212844949338476,0.10872008653768421,0.9970570924072985,0.9964580873671782,0.9825516988521366,0.7021643674759784
2017-12-08,1695,1690,1683,0.10267653003714619,0.07530554784559042,0.9970501474926253,0.9958579881656805,0.9801488257834112,0.7095844042680559
2017-12-11,1697,1692,1685,0.09493753660237533,0.06334672078368117,0.9970536240424278,0.9958628841607565,0.9764958138690512,0.7402876320900119
2017-12-12,1696,1692,1685,0.1380094250884172,0.12743740963333058,0.9976415094339622,0.9958628841607565,0.9845587912400516,0.7666321695704534
2017-12-13,1696,1693,1686,0.16290195769374882,0.1320334305080455,0.9982311320754716,0.9958653278204371,0.9835174164346109,0.7659525900369786
2017-12-14,1703,1700,1692,0.10576903342473375,0.10006994609916395,0.9982384028185555,0.9952941176470588,0.987633697336554,0.7686677394920322
2017-12-15,1703,1700,1692,0.12369358930792428,0.11052641810236866,0.9982384028185555,0.9952941176470588,0.9788501513114823,0.7656708584682537
2017-12-18,1704,1700,1691,0.09429478919153442,0.04636030931901723,0.9976525821596244,0.9947058823529412,0.9887433586877922,0.7350819018236504
2017-12-19,1743,1739,1730,0.10054283482771355,0.08793910098497933,0.9977051061388411,0.9948246118458884,0.9844360653372172,0.7348520194691046
2017-12-20,1745,1740,1732,0.09243169767892435,0.06109189772450614,0.997134670487106,0.9954022988505747,0.9904065957456611,0.6967329524804007
2017-12-21,1744,1740,1733,0.09394373367020335,0.03524510823385117,0.9977064220183486,0.9959770114942529,0.9859755041746928,0.6915483253692278
2017-12-22,1737,1733,1725,0.06130016912640133,0.025187644675537003,0.9976971790443293,0.9953837276399308,0.9881726275504638,0.6593390497590762
2017-12-26,1741,1736,1728,-0.0032261177308934128,-0.026232260308693463,0.9971280873061459,0.9953917050691244,0.9886866589484309,0.6866195146150265
2017-12-27,1748,1743,1737,-0.01578204483171224,-0.03467079726238062,0.9971395881006865,0.9965576592082617,0.9895974296778786,0.6603410240431157
2017-12-28,1746,1741,1735,-0.045989010156198114,-0.06420656730393083,0.9971363115693013,0.996553704767375,0.9754351039491621,0.6640921495879533
2017-12-29,1735,1730,1726,-0.07059363898896506,-0.10683582763821692,0.9971181556195965,0.9976878612716763,0.9828997658771876,0.6810876814254617
2018-01-02,1723,1717,1714,-0.07638245750774691,-0.09807915672901173,0.9965177016831108,0.9982527664531159,0.9786618160858684,0.692495714420093
2018-01-03,1716,1710,1705,-0.0666792087556399,-0.06634497278057999,0.9965034965034965,0.9970760233918129,0.9888183809150973,0.7056642625729089
2018-01-04,1718,1712,1706,-0.06907555992858493,-0.09148526322526682,0.9965075669383003,0.9964953271028038,0.9887331226139432,0.7059442997810762
2018-01-05,1719,1712,1705,-0.038970755058826016,-0.06518291488037735,0.9959278650378127,0.9959112149532711,0.9874013098780385,0.7218906503803609
2018-01-08,1727,1718,1711,-0.042007500977477304,-0.07301186136903952,0.9947886508396062,0.9959254947613504,0.9871100903525416,0.7128464965720708
2018-01-09,1726,1717,1710,-0.061809476506859064,-0.07046482208347728,0.9947856315179606,0.9959231217239372,0.9886085796316525,0.713885551550455
2018-01-10,1729,1720,1713,-0.06413487124340406,-0.07000584356849081,0.9947946790052054,0.9959302325581395,0.9857679219242156,0.7189607130709266
2018-01-11,1736,1727,1719,-0.07112557319598313,-0.08924294991977516,0.994815668202765,0.9953676896352056,0.9881979162067006,0.7225687535302018
2018-01-12,1733,1724,1717,-0.08122281147990908,-0.09745109040689832,0.9948066935949221,0.9959396751740139,0.9869758232496102,0.7386621626700568
2018-01-16,1731,1722,1714,-0.08381182698519588,-0.08331338757205327,0.9948006932409013,0.9953542392566783,0.9775118156578343,0.7367846724521234
2018-01-17,1718,1710,1701,-0.06875751204730773,-0.06425788594586547,0.9953434225844005,0.9947368421052631,0.9794961251465304,0.7325485962802765
2018-01-18,1718,1710,1700,-0.07435759528979495,-0.07151334450899363,0.9953434225844005,0.9941520467836257,0.9785155363879456,0.7400477666882426
2018-01-19,1674,1666,1655,-0.09732444835226184,-0.0918733087344548,0.995221027479092,0.9933973589435774,0.9784455324250781,0.7387336785933799
2018-01-22,1674,1666,1655,-0.12526323458953653,-0.10912141258193825,0.995221027479092,0.9933973589435774,0.9873330978899424,0.7558959145554478
2018-01-23,1675,1667,1656,-0.11830404714360411,-0.0930813218175995,0.9952238805970149,0.9934013197360528,0.9843180963019637,0.7642463514481275
2018-01-24,1678,1669,1657,-0.09397460961502553,-0.08031072537284145,0.9946364719904648,0.9928100659077291,0.978698672304788,0.7683774284757334
2018-01-25,1675,1666,1654,-0.07147536882738746,-0.066589377418959,0.9946268656716418,0.992797118847539,0.9785987388673361,0.7704998004170142
2018-01-26,1688,1679,1667,-0.05686676149644148,-0.052332256824995906,0.9946682464454977,0.9928528886241811,0.9726472292293569,0.7869670195556449
2018-01-29,1697,1688,1676,-0.06640995306673801,-0.06729794867164302,0.99469652327637,0.9928909952606635,0.9854876300942963,0.7988036326482494
2018-01-30,1703,1693,1680,-0.05446431474018655,-0.05841822860623173,0.994128009395185,0.9923213230950975,0.9819774745100843,0.7976278880981493
2018-01-31,1706,1692,1679,-0.038209625694355334,-0.026449042959842812,0.9917936694021102,0.9923167848699763,0.9784744474071627,0.7857532943951069
2018-02-01,1710,1695,1682,-0.021431481394276912,-0.020066235716615557,0.9912280701754386,0.9923303834808259,0.9862993039403981,0.765685479276531
2018-02-02,1709,1696,1685,0.025347185348263274,0.011490954384652266,0.9923932124049152,0.9935141509433962,0.9889425659520752,0.7608073373892459
2018-02-05,1713,1700,1691,0.009106035141412769,0.009413878040311845,0.99241097489784,0.9947058823529412,0.9895522181936486,0.777566600174597
2018-02-06,1717,1704,1694,-0.02918202293610164,-0.05085750644924548,0.9924286546301689,0.994131455399061,0.9891417529249782,0.7716307987323809
2018-02-07,1726,1713,1702,-0.05008197721100881,-0.07640778378691856,0.992468134414832,0.9935785172212492,0.9856480384292743,0.7628953058626418
2018-02-08,1732,1719,1709,-0.03380140686312483,-0.04081396019473423,0.9924942263279446,0.9941826643397323,0.9872967977011796,0.759737977475993
2018-02-09,1728,1714,1701,-0.051395319169782884,-0.05422172385514247,0.9918981481481481,0.9924154025670945,0.9905024580190335,0.7670081344704033
2018-02-12,1727,1713,1700,-0.08106772509827632,-0.06902803691179778,0.9918934568616097,0.99241097489784,0.9921896744873077,0.7577204385080398
2018-02-13,1736,1722,1710,-0.08776942083058456,-0.08875065747497939,0.9919354838709677,0.9930313588850174,0.9878275225940106,0.7549963715730352
2018-02-14,1745,1731,1719,-0.1568684874127538,-0.14233694029563376,0.9919770773638968,0.9930675909878682,0.9884440898303004,0.7504161188433194
2018-02-15,1739,1725,1715,-0.11686889312180938,-0.09371898551285593,0.9919493962047153,0.9942028985507246,0.9882168201574957,0.7397565268202315
2018-02-16,1742,1728,1718,-0.1227676297414431,-0.09153050712233132,0.9919632606199771,0.9942129629629629,0.9882973831132171,0.725670340218079
2018-02-20,1741,1727,1717,-0.08006136010117129,-0.04970372616041513,0.9919586444572085,0.9942096120440069,0.9892689420637766,0.6844884039736503
2018-02-21,1749,1736,1727,-0.050431962549925186,-0.03582212428810173,0.9925671812464265,0.994815668202765,0.988805055591802,0.6700844574005507
2018-02-22,1745,1732,1723,-0.10896222426988038,-0.07651517045721748,0.9925501432664756,0.9948036951501155,0.9885813960067279,0.6907696234549402
2018-02-23,1747,1734,1725,-0.10333794605219587,-0.0738066158195069,0.9925586720091586,0.9948096885813149,0.9885574470415408,0.6779708532063093
2018-02-26,1743,1730,1721,-0.09420685827859555,-0.07112674968775398,0.9925415949512335,0.9947976878612717,0.9905454915524579,0.6756264250274523
2018-02-27,1742,1730,1720,-0.0926134048732315,-0.05980261542625542,0.9931113662456946,0.9942196531791907,0.9823662653234799,0.6884145371300391
2018-02-28,1739,1731,1722,-0.04884817214949265,-0.018139231467564108,0.9953996549741231,0.9948006932409013,0.9840505878898553,0.699381993299491
2018-03-01,1737,1730,1722,-0.038922141959679954,-0.012509088023880916,0.9959700633275763,0.9953757225433526,0.9771646969670621,0.7023948961410093
2018-03-02,1740,1733,1726,-0.04520016267081312,-0.012940476509633779,0.9959770114942529,0.9959607616849394,0.9818710672802897,0.7155298321136533
2018-03-05,1748,1741,1733,-0.0617063356239615,-0.015130120215710401,0.9959954233409611,0.9954049396898335,0.9846838384740362,0.7185608757788324
2018-03-06,1754,1748,1740,-0.057551471741453156,-0.028204589249400808,0.9965792474344356,0.9954233409610984,0.9870703202628316,0.714176796954503
2018-03-07,1754,1748,1739,0.015872794322619163,0.0346275313928573,0.9965792474344356,0.9948512585812357,0.9855618475862903,0.7089902444181436
2018-03-08,1763,1756,1747,0.01673767883497034,0.03862770556287608,0.9960294951786727,0.994874715261959,0.9823579247348415,0.7198611442693393
2018-03-09,1752,1745,1740,0.0033859310929297563,0.011899450857673468,0.9960045662100456,0.997134670487106,0.9844369419046988,0.7270378748898066
2018-03-12,1751,1745,1739,0.052341654813625106,0.04684375116872306,0.9965733866362079,0.9965616045845272,0.9824673375905025,0.7311953678612674
2018-03-13,1753,1747,1741,0.04591859091352722,0.04376424970220633,0.9965772960638904,0.996565540927304,0.9861294523989701,0.7291828552565887
2018-03-14,1751,1745,1739,0.07966442089101156,0.08499212279221016,0.9965733866362079,0.9965616045845272,0.9840772047940359,0.7467727101578545
2018-03-15,1755,1749,1742,0.07521276583101628,0.06256266558717542,0.9965811965811966,0.9959977129788451,0.9874015327830139,0.7568915315438984
2018-03-16,1758,1752,1745,0.07068887667625963,0.045629073930090386,0.9965870307167235,0.9960045662100456,0.9859684941881788,0.7645353427672166
2018-03-19,1773,1767,1760,0.0452749224799386,0.014065867848555732,0.9966159052453468,0.9960384833050367,0.9817948105402543,0.77330252845013
2018-03-20,1795,1787,1779,0.03876605719234321,-0.007911734141783344,0.9955431754874652,0.9955232232792389,0.9842371408634101,0.784587693043747
2018-03-21,1798,1788,1780,0.023066304808087953,0.003761549567349489,0.9944382647385984,0.9955257270693513,0.9835914544152616,0.7790616554665707
2018-03-22,1797,1787,1779,0.052786612484218697,0.044246474325521805,0.9944351697273233,0.9955232232792389,0.9811020636997541,0.7574839437004113
2018-03-23,1791,1782,1774,0.05792354423003303,0.053672523046914694,0.9949748743718593,0.9955106621773289,0.982039216484617,0.7358060901913143
2018-03-26,1787,1778,1771,0.08058596855323091,0.05572204593581918,0.9949636261891438,0.9960629921259843,0.97877147383628,0.7388608206680868
2018-03-27,1788,1779,1772,0.08459701912508259,0.06927171477425478,0.9949664429530202,0.9960652051714446,0.9850250877971647,0.7366340316370033
2018-03-28,1786,1776,1768,0.08710721932444984,0.08117292673240488,0.9944008958566629,0.9954954954954955,0.984419555953909,0.7446825726753035
2018-03-29,1782,1772,1764,0.07646541447182129,0.07841634707194654,0.9943883277216611,0.9954853273137697,0.9804567978446712,0.7296587583225171
2018-04-02,1773,1764,1758,0.09065257126648033,0.09338378839993523,0.9949238578680203,0.9965986394557823,0.9794968310380867,0.7000971916853309
2018-04-03,1773,1765,1759,0.05975507563834822,0.07163274217415087,0.9954878736604625,0.996600566572238,0.9870114746139454,0.7125221787341701
2018-04-04,1772,1764,1758,0.06868854347450644,0.06224345779233469,0.9954853273137697,0.9965986394557823,0.9833188078444165,0.7145602966665195
2018-04-05,1772,1765,1759,0.03767190973980539,0.046546738840733445,0.9960496613995485,0.996600566572238,0.9879403395589298,0.7009673542468703
2018-04-06,1767,1760,1755,0.021583731980261922,0.034949642195040265,0.9960384833050367,0.9971590909090909,0.9874988876062236,0.6998773130673294
2018-04-09,1759,1751,1747,0.010023716156337356,0.02800551640199948,0.9954519613416714,0.9977155910908052,0.98686953855389,0.6841148301472326
2018-04-10,1760,1752,1748,0.003855936988814559,0.055698728353055914,0.9954545454545455,0.997716894977169,0.9870701786227631,0.6748179908727886
2018-04-11,1753,1744,1740,0.02858474764562977,0.08637604048392922,0.9948659440958357,0.9977064220183486,0.986087860903499,0.6657299267956738
2018-04-12,1755,1745,1741,0.00930354109846656,0.050445322131869516,0.9943019943019943,0.9977077363896848,0.9877201606056568,0.6546114787723714
2018-04-13,1755,1744,1740,0.009715842734023752,0.07530404171071213,0.9937321937321937,0.9977064220183486,0.9878780028295938,0.6586009811663651
2018-04-16,1750,1739,1734,0.01738850454478612,0.07992659366031062,0.9937142857142857,0.9971247843588269,0.9873191498774132,0.6615086408402608
2018-04-17,1735,1724,1720,0.04469235812916711,0.10023060241484957,0.9936599423631124,0.9976798143851509,0.9878836074476588,0.6514366220534037
2018-04-18,1703,1692,1686,0.06748749118402164,0.12244758762886447,0.9935408103347034,0.9964539007092199,0.9826407942971014,0.6521379276719649
2018-04-19,1700,1689,1683,0.05742364152962634,0.10903694546003109,0.9935294117647059,0.9964476021314387,0.9815609813569306,0.6628069792263613
2018-04-20,1697,1686,1680,0.06634026125522953,0.11077416511880243,0.9935179728933412,0.99644128113879,0.9753052433470122,0.6846620225819576
2018-04-23,1697,1686,1680,0.08384286119812014,0.11145252420268811,0.9935179728933412,0.99644128113879,0.9765990478855499,0.6798296149594049
2018-04-24,1695,1684,1676,0.06189322862231413,0.0790131478708685,0.9935103244837759,0.995249406175772,0.9798911361164262,0.7022741982148912
2018-04-25,1683,1672,1666,0.037581028684838515,0.06376166251451701,0.9934640522875817,0.9964114832535885,0.9794662276754037,0.7010308169193061
2018-04-26,1683,1672,1666,0.03972769894843287,0.05862055258394482,0.9934640522875817,0.9964114832535885,0.9802087010398491,0.7017429625542969
2018-04-27,1678,1667,1661,0.035686396372577985,0.030014459234905574,0.9934445768772348,0.9964007198560288,0.9586182841162442,0.7011842613044679
2018-04-30,1677,1666,1660,0.04520563541389079,0.013638426249588451,0.9934406678592725,0.9963985594237695,0.9676471991909898,0.7076604129454347
2018-05-01,1666,1654,1647,0.059312715240754134,0.04375915820603303,0.992797118847539,0.9957678355501813,0.9797883141170043,0.6758549005651381
2018-05-02,1668,1653,1648,0.06174636782015466,0.04520127795719035,0.9910071942446043,0.9969751966122202,0.9759048905817608,0.6716164061208997
2018-05-03,1670,1655,1650,0.09195101055087639,0.0697681371550049,0.9910179640718563,0.9969788519637462,0.9756434974436744,0.6604743170089507
2018-05-04,1672,1658,1651,0.10111664316110093,0.09857935471708316,0.9916267942583732,0.9957780458383595,0.9812835174758197,0.6563364485487404
2018-05-07,1681,1667,1660,0.1058579699360265,0.10030591866110655,0.9916716240333135,0.9958008398320336,0.9822489826484947,0.6493717956308392
2018-05-08,1685,1672,1664,0.09990733493604372,0.07938642768769046,0.9922848664688427,0.9952153110047847,0.9824548154730055,0.6636487487157541
2018-05-09,1692,1680,1671,0.09825236454168605,0.06073207197315404,0.9929078014184397,0.9946428571428572,0.9821909768562223,0.6668642048827415
2018-05-10,1704,1692,1682,0.10173258795148375,0.07232483821241646,0.9929577464788732,0.9940898345153665,0.9881753680172816,0.6661027183935855
2018-05-11,1707,1695,1684,0.10633170608789723,0.07945063558795254,0.9929701230228472,0.9935103244837759,0.9850387286502177,0.683669928982817
2018-05-14,1719,1706,1695,0.07365108256373927,0.06331699861789117,0.9924374636416521,0.9935521688159438,0.9830765532922356,0.6850558797451719
2018-05-15,1719,1709,1700,0.06466971642622474,0.051601099882326466,0.9941826643397323,0.994733762434172,0.9867291229267813,0.6563866995332168
2018-05-16,1728,1716,1707,0.04000558500847175,0.0319434514218532,0.9930555555555556,0.9947552447552448,0.983050080692123,0.6646415633933098
2018-05-17,1731,1719,1710,0.024447983207273895,-0.0056178012500751745,0.9930675909878682,0.9947643979057592,0.9856698612806072,0.663793638849446
2018-05-18,1733,1721,1710,0.04603415686153268,0.03623858512530387,0.9930755914598961,0.9936083672283557,0.9885902370352562,0.6563338585723738
2018-05-21,1736,1723,1712,0.05730380137598687,0.037454812516226905,0.9925115207373272,0.9936157864190366,0.9898066372353037,0.6408459581927045
2018-05-22,1737,1725,1713,0.06385088009547853,0.05219545725336158,0.9930915371329879,0.9930434782608696,0.987173196769257,0.6330824668746966
2018-05-23,1740,1728,1716,0.06105107856608665,0.07003989081414107,0.993103448275862,0.9930555555555556,0.9722212976018935,0.6570415417008734
2018-05-24,1737,1725,1713,0.08033000139666742,0.08587548791180404,0.9930915371329879,0.9930434782608696,0.974714767547068,0.6908072875680727
2018-05-25,1734,1722,1710,0.08837067682304647,0.08348471629674527,0.9930795847750865,0.9930313588850174,0.9764612790575965,0.7169394972987981
2018-05-29,1739,1728,1716,0.08376247699362642,0.0824560484622529,0.9936745255894192,0.9930555555555556,0.9652505937910348,0.7061765469061614
2018-05-30,1744,1735,1723,0.03935998342739377,0.048279431948955176,0.9948394495412844,0.9930835734870317,0.980055640406957,0.7297828988287738
2018-05-31,1744,1735,1724,0.012095343761796782,0.031878225061810254,0.9948394495412844,0.9936599423631124,0.9714193198606716,0.7407696701198557
2018-06-01,1744,1735,1726,-0.03769638085157705,-0.0021172673604649937,0.9948394495412844,0.9948126801152738,0.9746221846608206,0.7490803813670597
2018-06-04,1741,1731,1722,-0.024572614079426514,0.008086914317128761,0.9942561746122918,0.9948006932409013,0.9789310340052687,0.7603359319880161
2018-06-05,1743,1732,1723,-0.029947875001410783,-0.021852472705956985,0.993689041881813,0.9948036951501155,0.9833081581532491,0.7696200390791763
2018-06-06,1748,1736,1727,-0.013397790040637986,-0.0167377306882883,0.9931350114416476,0.994815668202765,0.9835774672356369,0.7629711304045579
2018-06-07,1749,1737,1730,0.024770100510647184,0.026101948630327023,0.9931389365351629,0.9959700633275763,0.9827356869355308,0.7597734613712303
2018-06-08,1748,1736,1728,0.053466096500433095,0.031818406944119276,0.9931350114416476,0.9953917050691244,0.9839053800189179,0.7415321886160298
2018-06-11,1743,1733,1724,0.06407773837957811,0.0533655384550172,0.9942627653471027,0.9948066935949221,0.9827984676870126,0.7509533366678359
2018-06-12,1747,1736,1726,0.0786172524221044,0.07624559168100159,0.9937034917000572,0.9942396313364056,0.9823750587281921,0.7550543642931832
2018-06-13,1749,1740,1730,0.07913243737093532,0.08654825509553367,0.9948542024013722,0.9942528735632183,0.9885674480008675,0.7496550221944702
2018-06-14,1755,1746,1737,0.05410970512657913,0.05566049713232555,0.9948717948717949,0.9948453608247423,0.9891490961640149,0.7643041458755331
2018-06-15,1752,1743,1736,0.07931889318950276,0.08045564853586239,0.9948630136986302,0.9959839357429718,0.9821185037507314,0.7432420733220612
2018-06-18,1751,1742,1735,0.04370512059456788,0.05034730054958293,0.9948600799543118,0.9959816303099885,0.9895383648033912,0.7275976794449702
2018-06-19,1765,1754,1748,0.04442697441783592,0.047190336616581514,0.9937677053824363,0.9965792474344356,0.9902422688128374,0.7403486474194192
2018-06-20,1763,1752,1746,0.031831435549499645,0.018125942035898443,0.9937606352807714,0.9965753424657534,0.9890901756431668,0.7501541550194819
2018-06-21,1765,1754,1746,0.0482778769276311,0.022047017393793635,0.9937677053824363,0.9954389965792474,0.9920231091709889,0.753931010106844
2018-06-22,1772,1761,1753,0.0677054477535794,0.0700820964755281,0.9937923250564334,0.9954571266325951,0.9902269548863518,0.7379822097609293
2018-06-25,1773,1762,1755,0.059762323177024755,0.06601623772451014,0.9937958262831359,0.9960272417707151,0.9781943960116609,0.7509216523597005
2018-06-26,1812,1799,1791,0.06545927700883085,0.07229420120354363,0.9928256070640177,0.9955530850472485,0.9842799613010491,0.7409352627690353
2018-06-27,1818,1805,1797,0.05384404787574719,0.05935908269391327,0.9928492849284929,0.9955678670360111,0.9840570103349188,0.7442099679426326
2018-06-28,1818,1804,1796,-0.023352223075295383,-0.034096482289920994,0.9922992299229924,0.9955654101995566,0.9804452469168513,0.7312563007048974
2018-06-29,1820,1806,1798,-0.04222244567265314,-0.07434622995560033,0.9923076923076923,0.9955703211517165,0.9801017066785017,0.7362594130928062
2018-07-02,1819,1806,1799,-0.08528130685338092,-0.13470950058152448,0.9928532160527762,0.9961240310077519,0.9805728833164677,0.7361680354273191
2018-07-03,1822,1808,1801,-0.03964578053050394,-0.05537300258437417,0.9923161361141603,0.9961283185840708,0.9876712250409937,0.7410219802961373
2018-07-05,1820,1806,1797,-0.003844090094068186,-0.024533482987950654,0.9923076923076923,0.9950166112956811,0.9860801107411595,0.7324201987696494
2018-07-06,1811,1797,1789,-0.022216558998976857,-0.04880808042533225,0.9922694643843181,0.9955481357818586,0.986016284002654,0.7270381466233619
2018-07-09,1806,1793,1786,0.021859615865858276,0.0037955318899856078,0.9928017718715393,0.9960959286112661,0.9869875095664813,0.7506959800235636
2018-07-10,1808,1795,1788,-0.006115585550890627,-0.022672097276856002,0.9928097345132744,0.996100278551532,0.9836453818147273,0.722573039575101
2018-07-11,1812,1799,1792,-0.0026255992360335926,-0.03083982260250872,0.9928256070640177,0.9961089494163424,0.988137135226461,0.7219344844961432
2018-07-12,1808,1795,1788,-0.0049594427836180295,-0.028170088670719136,0.9928097345132744,0.996100278551532,0.9881990997905648,0.7247083125368713
2018-07-13,1802,1789,1782,0.010461951121730454,-0.00196902902913848,0.9927857935627081,0.9960871995528228,0.9827854113295689,0.7369471934809282
2018-07-16,1797,1785,1779,0.028401932630056886,0.01433124192367178,0.993322203672788,0.9966386554621849,0.9861081273569938,0.7250288925922351
2018-07-17,1782,1769,1763,0.06618615333031566,0.042550274681232444,0.9927048260381593,0.996608253250424,0.9806698487851168,0.7167431674969088
2018-07-18,1764,1752,1746,0.08516759351119678,0.06152051170787778,0.9931972789115646,0.9965753424657534,0.9840417861293249,0.7266104439632031
2018-07-19,1761,1748,1744,0.06118976525536024,0.026985170135981094,0.9926178307779671,0.9977116704805492,0.9835571798307959,0.7398211695669095
2018-07-20,1756,1744,1740,0.03496576624403483,0.0004555037700240007,0.9931662870159453,0.9977064220183486,0.9855712988640006,0.7478486508050206
2018-07-23,1750,1738,1734,0.03979786704734939,-0.018461714110751513,0.9931428571428571,0.997698504027618,0.9840972996292521,0.7395307832130232
2018-07-24,1743,1732,1727,0.06196612078314755,0.0010654943796259428,0.993689041881813,0.9971131639722863,0.9848156674697764,0.7529509474152607
2018-07-25,1698,1687,1682,0.05712063024272796,0.02147160394271888,0.9935217903415783,0.997036158861885,0.9837786551635758,0.7423699620819922
2018-07-26,1699,1689,1683,0.11511502553039063,0.0745083600179856,0.9941141848145968,0.9964476021314387,0.9830322608576295,0.7326328686056437
2018-07-27,1700,1690,1684,0.16212787398810752,0.12434090401194467,0.9941176470588236,0.9964497041420118,0.9890243278444583,0.7382381146643423
2018-07-30,1689,1679,1673,0.1597388163264484,0.11285871213697259,0.9940793368857312,0.9964264443120905,0.9808466171326627,0.710711264626279
2018-07-31,1691,1682,1675,0.15719590793843632,0.13794100301990442,0.9946777054997044,0.9958382877526754,0.9834846291252041,0.6961118008874041
2018-08-01,1687,1678,1673,0.15698379050449277,0.12978139467615282,0.994665085951393,0.9970202622169249,0.9795474250390419,0.68372819614701
2018-08-02,1692,1683,1678,0.16540725669465842,0.14711194982168577,0.9946808510638298,0.9970291146761735,0.9842732480526081,0.7343040675726034
2018-08-03,1706,1697,1692,0.1912179291910525,0.16981827666671712,0.9947245017584995,0.9970536240424278,0.9892831184861016,0.7097526822479889
2018-08-06,1712,1703,1698,0.20416308011505443,0.1570246615534937,0.9947429906542056,0.9970640046975925,0.9857931746596682,0.7082693377127772
2018-08-07,1719,1710,1705,0.19032296950371194,0.14040810754105312,0.9947643979057592,0.9970760233918129,0.9836865546031606,0.7040154156192203
2018-08-08,1720,1711,1706,0.19607275612723418,0.15893921828692692,0.9947674418604651,0.9970777323202805,0.9853128683177957,0.71422587082144
2018-08-09,1728,1718,1713,0.18772613958591597,0.1407923598698544,0.9942129629629629,0.9970896391152503,0.9847652372184765,0.7004703359168448
2018-08-10,1733,1723,1717,0.17253994869557118,0.10515694503726254,0.9942296595499135,0.9965177016831108,0.985332356461736,0.7002079539421556
2018-08-13,1739,1729,1723,0.16820292833981643,0.1112891788061434,0.9942495687176538,0.9965297860034702,0.9846115153299106,0.7127327558916117
2018-08-14,1744,1734,1728,0.16591545516374906,0.11879842463566906,0.9942660550458715,0.9965397923875432,0.9812174552949486,0.7187710699686175
2018-08-15,1754,1744,1737,0.15551917266508758,0.10315107327264135,0.9942987457240593,0.9959862385321101,0.982035758788325,0.7061983884264074
2018-08-16,1755,1745,1738,0.16543284503412567,0.10504453607317234,0.9943019943019943,0.9959885386819485,0.9862145064815006,0.6814482772630741
2018-08-17,1754,1744,1737,0.13583507387485563,0.07860386425392342,0.9942987457240593,0.9959862385321101,0.9826737707939586,0.6795742853311503
2018-08-20,1752,1742,1736,0.10368067410094596,0.07274029539025323,0.9942922374429224,0.9965556831228473,0.9794592823952495,0.7058840623033632
2018-08-21,1749,1740,1735,0.06010104123654033,0.02534019967730956,0.9948542024013722,0.9971264367816092,0.978644863833002,0.7245452307576132
2018-08-22,1749,1740,1735,0.03956112416389152,0.018719006777639623,0.9948542024013722,0.9971264367816092,0.9814674975998421,0.740491805599141
2018-08-23,1749,1740,1735,0.034447354438753464,0.011827629191875518,0.9948542024013722,0.9971264367816092,0.9848390337211835,0.7474695238048189
2018-08-24,1750,1741,1737,0.047645950256524454,0.0364910884600638,0.9948571428571429,0.9977024698449167,0.9820232483152198,0.7549476409216487
2018-08-27,1742,1733,1730,0.09274290395289675,0.09565002557585596,0.994833524684271,0.9982688978649741,0.9803247908844407,0.7586770790440407
2018-08-28,1731,1724,1721,0.0975022953055272,0.1192297600139668,0.9959560947429231,0.9982598607888631,0.9792094448528434,0.7361277077004388
2018-08-29,1728,1722,1719,0.09078624094574128,0.12016758311319296,0.9965277777777778,0.9982578397212544,0.9803540007248692,0.7323975107293939
2018-08-30,1716,1709,1706,0.09114902440030352,0.1121463049567583,0.995920745920746,0.9982445874780573,0.9725639032755381,0.7540975546715747
2018-08-31,1703,1696,1693,0.08646089792249839,0.13320964615291808,0.9958896065766295,0.9982311320754716,0.9825390578392101,0.7606019330477535
2018-09-04,1690,1682,1679,0.058009624507297096,0.10578774450303914,0.9952662721893492,0.9982164090368609,0.9873395436640852,0.7632566796765882
2018-09-05,1685,1677,1674,0.037242091936739455,0.08189383376390713,0.9952522255192878,0.998211091234347,0.9826492160649,0.7686525020019843
2018-09-06,1689,1681,1678,0.006673921851905421,0.06195181285299815,0.9952634695085849,0.9982153480071386,0.9824429434662273,0.7746116754955967
2018-09-07,1683,1674,1671,0.03600847949823662,0.08960072776200322,0.9946524064171123,0.9982078853046595,0.9816974427736715,0.7839296824802424
2018-09-10,1681,1672,1669,0.05600544128349819,0.09751864212572565,0.9946460440214159,0.9982057416267942,0.9862845838948433,0.7977843385581289
2018-09-11,1672,1663,1660,0.08302767703463365,0.11865725282558004,0.9946172248803827,0.9981960312687913,0.9863366198694492,0.7851274614789353
2018-09-12,1671,1662,1658,0.043816300956765586,0.08034304627596058,0.9946140035906643,0.9975932611311673,0.9856529966331318,0.8073958887197167
2018-09-13,1669,1661,1656,0.04091197058509664,0.09612883847555816,0.9952067106051528,0.9969897652016857,0.9805901348824234,0.8155498766107188
2018-09-14,1671,1663,1656,0.04310599044423716,0.11437098074387732,0.995212447636146,0.9957907396271798,0.9901671281773601,0.8251924624617575
2018-09-17,1676,1668,1661,0.052805651584919906,0.12560523709366583,0.9952267303102625,0.9958033573141487,0.9911972144629487,0.806665489010316
2018-09-18,1668,1660,1651,0.0539877033329648,0.12186143230851632,0.9952038369304557,0.994578313253012,0.9872693427709285,0.7932783258322627
2018-09-19,1668,1659,1650,0.08918051171238495,0.1479993371063598,0.9946043165467626,0.9945750452079566,0.9875141705136099,0.7785129687118992
2018-09-20,1671,1662,1653,0.1221593506323874,0.17265097312754474,0.9946140035906643,0.9945848375451264,0.9890675410357974,0.7579021224883337
2018-09-21,1679,1670,1661,0.11195339526083291,0.18304730189032162,0.9946396664681358,0.9946107784431137,0.989232806071785,0.7571611151608058
2018-09-24,1681,1672,1662,0.15557954072195093,0.20421195503845951,0.9946460440214159,0.9940191387559809,0.9872051272723977,0.7479090845847239
2018-09-25,1716,1707,1696,0.11585221919470257,0.16742491857739977,0.9947552447552448,0.9935559461042766,0.9880979673291137,0.7345201881815769
2018-09-26,1718,1709,1697,0.10650274472645578,0.16190887878087962,0.9947613504074505,0.9929783499122293,0.9901903942968764,0.743828922503292
2018-09-27,1728,1719,1706,0.05033066127484463,0.11086302184786587,0.9947916666666666,0.9924374636416521,0.9865652985656235,0.7171147751187871
2018-09-28,1729,1720,1707,0.00692050643390924,0.06407513194891641,0.9947946790052054,0.9924418604651163,0.9870961889487355,0.7247810462250827
2018-10-01,1728,1719,1706,0.041760372679343176,0.09747322732850448,0.9947916666666666,0.9924374636416521,0.9910766771759963,0.7193313620094087
2018-10-02,1736,1725,1713,0.055368174012130365,0.10172905370420306,0.993663594470046,0.9930434782608696,0.9907118597814565,0.7017695934567649
2018-10-03,1741,1731,1719,0.08869183741449047,0.14024494137723587,0.9942561746122918,0.9930675909878682,0.9915155091096505,0.6926045207378025
2018-10-04,1745,1733,1720,0.05460324067846778,0.0994179614292793,0.9931232091690544,0.9924985574148875,0.9877547729880428,0.6848907433006064
2018-10-05,1744,1732,1719,0.026838911381520843,0.07518288179094242,0.9931192660550459,0.9924942263279446,0.9901235617441365,0.6760460668294703
2018-10-08,1746,1734,1722,0.032957581363712074,0.08173478552800634,0.993127147766323,0.9930795847750865,0.9874205617348384,0.6780637005597663
2018-10-09,1752,1739,1725,0.0484459680927872,0.08530089414055231,0.992579908675799,0.9919493962047153,0.9873156589440721,0.673606424304058
2018-10-10,1751,1737,1725,0.07632905923607115,0.1006773623455699,0.9920045688178184,0.9930915371329879,0.9901391259068136,0.6797117174966275
2018-10-11,1748,1733,1722,0.09428532979271721,0.12100411528782627,0.9914187643020596,0.9936526255049047,0.9906923949831358,0.6684400242840329
2018-10-12,1750,1735,1725,0.07565220652960195,0.1113445305560462,0.9914285714285714,0.9942363112391931,0.984874057992589,0.6918747872085238
2018-10-15,1749,1735,1725,0.04059437646345335,0.07793406810748293,0.9919954259576901,0.9942363112391931,0.984250184521689,0.715000439339199
2018-10-16,1755,1740,1729,0.021476208006460093,0.048711654729680254,0.9914529914529915,0.9936781609195402,0.9735070452998194,0.7072885928729926
2018-10-17,1756,1741,1731,0.003198401524258175,0.043658691783465604,0.9914578587699316,0.9942561746122918,0.9791806108029208,0.720569580253782
2018-10-18,1758,1743,1733,0.011001979084681285,0.031507236101546626,0.9914675767918089,0.9942627653471027,0.9846668223378676,0.7112928613121621
2018-10-19,1749,1734,1724,0.012444140153323765,0.03693904584510906,0.9914236706689536,0.994232987312572,0.9812947183474852,0.6962555020797436
2018-10-22,1744,1729,1720,-0.032393559080807814,-0.008219500747092538,0.9913990825688074,0.9947946790052054,0.9702447556628677,0.7087796264766331
2018-10-23,1714,1700,1691,-0.04110942034396206,-0.013922919508376772,0.9918319719953326,0.9947058823529412,0.9753916779170682,0.7326089719871142
2018-10-24,1704,1690,1681,-0.05610050331788902,-0.05180349537547672,0.9917840375586855,0.9946745562130177,0.9816136229860118,0.7348391847405319
2018-10-25,1701,1688,1678,-0.024991482976888895,-0.003546911547176237,0.9923574368018813,0.9940758293838863,0.9884633790089599,0.7209638433677953
2018-10-26,1707,1694,1685,-0.019771544449163445,-0.005026570933065024,0.9923842999414177,0.9946871310507674,0.9759538438353682,0.7149366597987317
2018-10-29,1705,1695,1686,-0.00810638324537222,0.014351280785183503,0.9941348973607038,0.9946902654867257,0.9762219652964026,0.7177471701772714
2018-10-30,1694,1683,1672,0.025386322292735936,0.04380551981721772,0.9935064935064936,0.9934640522875817,0.9792432261249526,0.7450288868421296
2018-10-31,1698,1688,1679,0.048897592390808695,0.07674145175522351,0.9941107184923439,0.9946682464454977,0.9800031504535011,0.7452991412738487
2018-11-01,1705,1695,1684,0.06961786228082184,0.09740780586513156,0.9941348973607038,0.9935103244837759,0.9882355346821623,0.7434664075517362
2018-11-02,1719,1709,1698,0.06466145812038855,0.06796964809145209,0.9941826643397323,0.9935634874195436,0.9888050205292294,0.7514728413603554
2018-11-05,1726,1715,1706,0.08612313395727776,0.11160714865643201,0.9936268829663963,0.9947521865889213,0.9900506450834817,0.7478626664477316
2018-11-06,1729,1717,1708,0.0934364955007482,0.12662399934346732,0.9930595720069404,0.9947582993593477,0.988953746288505,0.7524328232763752
2018-11-07,1729,1717,1707,0.10420841351392776,0.1381322038917933,0.9930595720069404,0.994175888177053,0.9869529042668528,0.7365289467657522
2018-11-08,1733,1721,1711,0.1133010243938911,0.14351892152750614,0.9930755914598961,0.9941894247530505,0.9872375065868335,0.7422990101970768
2018-11-09,1731,1719,1709,0.10467226622131148,0.1392907058291203,0.9930675909878682,0.9941826643397323,0.9872446927677744,0.7232164776166349
2018-11-12,1728,1718,1708,0.0843554750278366,0.11669211603679716,0.9942129629629629,0.9941792782305006,0.9869658871222938,0.6998901331136232
2018-11-13,1725,1715,1705,0.11037019957289687,0.12906575605838919,0.9942028985507246,0.9941690962099126,0.9910490415261536,0.7089503696824324
2018-11-14,1728,1717,1706,0.11745914230993179,0.12718921163916125,0.9936342592592593,0.9935934769947583,0.9893120765070865,0.6976388135793097
2018-11-15,1730,1719,1709,0.10913033251785319,0.11853420109377127,0.9936416184971099,0.9941826643397323,0.984154982382447,0.6884948314707321
2018-11-16,1733,1721,1712,0.10087351929666105,0.09602285715827207,0.9930755914598961,0.9947704822777454,0.987454872379407,0.6998907586614426
2018-11-19,1734,1722,1713,0.11336146164387484,0.12404088041876292,0.9930795847750865,0.9947735191637631,0.9805333324346217,0.7121386582127328
2018-11-20,1743,1731,1721,0.1351856525375923,0.128364524820799,0.9931153184165232,0.9942229924898902,0.9896925218199994,0.712531943933759
2018-11-21,1736,1722,1712,0.17391516221648923,0.15862423576915136,0.9919354838709677,0.9941927990708479,0.9881165346393611,0.705404868837097
2018-11-23,1741,1726,1713,0.13833621802889146,0.12157584877225952,0.9913842619184376,0.992468134414832,0.9859846704962555,0.7116744757800407
2018-11-26,1731,1716,1703,0.11105159925909823,0.10117303462105096,0.9913344887348353,0.9924242424242424,0.9860805630685398,0.7286550734926991
2018-11-27,1715,1701,1690,0.07889088394537476,0.07659896454412222,0.9918367346938776,0.993533215755438,0.9838778960695449,0.7325490116912504
2018-11-28,1703,1689,1678,0.13139388578984376,0.12144276037189022,0.991779213153259,0.9934872705743043,0.9840248358930344,0.7410102802728806
2018-11-29,1699,1685,1675,0.10720887480751565,0.09861214113179316,0.9917598587404356,0.9940652818991098,0.9785470729220348,0.7631687866299567
2018-11-30,1702,1688,1679,0.06702735414086318,0.05610489528857141,0.9917743830787309,0.9946682464454977,0.9792746770781613,0.7719768196103629
2018-12-03,1699,1684,1672,0.10444504700236477,0.08445255575906817,0.9911712772218952,0.9928741092636579,0.9793615382846615,0.7804833289156525
2018-12-04,1694,1681,1668,0.005747586843883781,-0.03319102291158171,0.9923258559622196,0.992266508030934,0.9847918647832928,0.7928676125192228
2018-12-06,1683,1670,1657,-0.052628955871950954,-0.08887834909512463,0.9922756981580511,0.9922155688622755,0.9825866981208161,0.7934515229986931
2018-12-07,1679,1666,1655,-0.09034640883169202,-0.12901708309568052,0.9922572960095295,0.9933973589435774,0.9792759876065373,0.7868451259208186
2018-12-10,1675,1662,1653,-0.10773370920239049,-0.16456333409904783,0.9922388059701492,0.9945848375451264,0.9822953125690548,0.8096333108248032
2018-12-11,1673,1660,1651,-0.09961509705568487,-0.1485357562496225,0.9922295277943813,0.994578313253012,0.9856244660670145,0.8344423610213549
2018-12-12,1670,1657,1646,-0.09144309485743349,-0.12943760793185743,0.9922155688622755,0.9933614966807484,0.9889870247209953,0.8406205203540122
2018-12-13,1667,1654,1643,-0.13926616303651865,-0.1748000487944486,0.9922015596880623,0.9933494558645707,0.983962328223445,0.835342751508565
2018-12-14,1669,1656,1644,-0.15708342432459727,-0.20212271324671538,0.9922109047333733,0.9927536231884058,0.988377307715244,0.8539804344868694
2018-12-17,1661,1649,1636,-0.16568775324624774,-0.20092131312614075,0.9927754364840458,0.992116434202547,0.9868066809333919,0.8353674122592212
2018-12-18,1663,1652,1639,-0.17913559007220473,-0.21991650516777372,0.9933854479855683,0.9921307506053268,0.9860743814776162,0.8232857071686389
2018-12-19,1671,1659,1646,-0.23431914449991603,-0.2712618178503281,0.992818671454219,0.9921639541892706,0.982697456788602,0.8102869711013276
2018-12-20,1660,1648,1637,-0.23006046464976584,-0.25408925478750277,0.9927710843373494,0.9933252427184466,0.988355645375748,0.783393573509509
2018-12-21,1659,1648,1639,-0.19627640124331797,-0.24535254945305682,0.9933694996986137,0.9945388349514563,0.9889911549167907,0.7711149662201019
2018-12-24,1661,1650,1641,-0.16349845384165138,-0.2031781527257986,0.9933774834437086,0.9945454545454545,0.9922397993015429,0.7620453725527272
2018-12-26,1699,1688,1679,-0.13421095640233055,-0.186312745752942,0.9935256032960565,0.9946682464454977,0.9912519364479822,0.7517653234523047
2018-12-27,1704,1693,1684,-0.11140345547099648,-0.16736709386631085,0.9935446009389671,0.9946839929119905,0.9918028446038188,0.748393866106317
2018-12-28,1704,1693,1684,-0.11172155143559342,-0.15260486296300665,0.9935446009389671,0.9946839929119905,0.9890088313071301,0.7326681205966269
2018-12-31,1709,1698,1689,-0.17470603007961819,-0.2188494186869835,0.9935634874195436,0.9946996466431095,0.9885500212847619,0.7415386441731072
2019-01-02,1703,1694,1688,-0.09686736512632656,-0.14187262804823883,0.9947152084556665,0.9964580873671782,0.9902046197944266,0.7334856021847441
2019-01-03,1703,1694,1689,-0.11576668529597671,-0.15322844914905182,0.9947152084556665,0.9970484061393152,0.9857259722468704,0.7162187575225651
2019-01-04,1702,1694,1685,-0.09671317361267763,-0.14029170974798313,0.9952996474735605,0.9946871310507674,0.9906904525569287,0.7101680150016462
2019-01-07,1701,1693,1683,-0.05635835182887259,-0.09508780476868897,0.9952968841857731,0.9940933254577673,0.9866476907558535,0.6960871258305225
2019-01-08,1700,1692,1682,-0.05915643008410087,-0.08151810407780118,0.9952941176470588,0.9940898345153665,0.9907300743880539,0.6863724966618573
2019-01-09,1696,1688,1678,0.012149792646023814,-0.0036788305853233142,0.9952830188679245,0.9940758293838863,0.9880428188673978,0.6761901819283148
2019-01-10,1694,1686,1678,-0.000786815644274478,-0.020094864646463356,0.9952774498229043,0.9952550415183867,0.9890723334178744,0.6460784748573027
2019-01-11,1694,1687,1678,-0.017551093379618736,-0.02890152717354581,0.9958677685950413,0.994665085951393,0.9881806713176342,0.6463237890732569
2019-01-14,1695,1688,1680,-0.047370473616636787,-0.07622913040593166,0.9958702064896755,0.995260663507109,0.9871733106440289,0.6474173635624256
2019-01-15,1692,1685,1676,-0.06271949083735436,-0.0975823280054359,0.9958628841607565,0.9946587537091988,0.9841386364858197,0.6463624260490392
2019-01-16,1691,1684,1675,-0.04209392709210436,-0.0632828032700715,0.9958604376108812,0.9946555819477435,0.9798706056760093,0.6630008371928309
2019-01-17,1688,1680,1670,-0.06726277171713871,-0.0881315903485988,0.995260663507109,0.9940476190476191,0.9804343231311777,0.701704762944276
2019-01-18,1682,1675,1663,-0.04615431828068539,-0.06273022654143472,0.9958382877526754,0.9928358208955224,0.9766658778096549,0.706378346194329
2019-01-22,1685,1677,1666,-0.08890057963258038,-0.11711856519063142,0.9952522255192878,0.9934406678592725,0.9843009775937822,0.6841673857537408
2019-01-23,1681,1673,1662,-0.0872806182028967,-0.10849722764478988,0.9952409280190363,0.9934249850567842,0.9807424872611233,0.6911913470392285
2019-01-24,1679,1670,1659,-0.06367798975850883,-0.08612690826827488,0.9946396664681358,0.9934131736526947,0.9747099815248789,0.7053555902588924
2019-01-25,1636,1627,1615,-0.06916875072172636,-0.06676281028266262,0.9944987775061125,0.9926244622003688,0.9720961918358345,0.7115127429363506
2019-01-28,1646,1637,1626,-0.08459890773971822,-0.07155853124982005,0.9945321992709599,0.9932803909590715,0.9789204134410522,0.7217228464585146
2019-01-29,1643,1634,1623,-0.055509293591266586,-0.060729711555932306,0.9945222154595252,0.9932680538555692,0.9892733359644451,0.7059951262110774
2019-01-30,1638,1629,1618,-0.012509863754330261,-0.0058524796802382015,0.9945054945054945,0.9932473910374463,0.9795357642898954,0.7095369494695962
2019-01-31,1638,1629,1618,-0.03052628429700717,-0.06201786447482615,0.9945054945054945,0.9932473910374463,0.9802378557771837,0.7235924461661675
2019-02-01,1633,1624,1615,-0.020243942199179254,-0.05205238122532431,0.994488671157379,0.9944581280788177,0.9785050634531305,0.743670620476397
2019-02-04,1639,1629,1621,-0.011540474857204027,-0.023099172991424135,0.9938987187309335,0.9950890116635973,0.9798707573258094,0.7423672242365794
2019-02-05,1634,1624,1616,0.024681448467996133,0.029745444058527318,0.9938800489596084,0.9950738916256158,0.9793289766161124,0.7625273433785221
2019-02-06,1629,1619,1611,0.04425295433682789,0.040886708810424006,0.9938612645794966,0.9950586781964176,0.9861698332614778,0.7559111994512434
2019-02-07,1631,1621,1613,0.027463466825502693,0.03622425205245474,0.9938687921520539,0.9950647748303516,0.9829119977575252,0.7427441628646413
2019-02-08,1623,1613,1604,0.012294124467506225,0.020118685509976066,0.9938385705483672,0.9944203347799132,0.9883608758534104,0.7396378407525366
2019-02-11,1623,1613,1604,0.028021104280326444,0.054567564856609865,0.9938385705483672,0.9944203347799132,0.9890647009192697,0.7395536988321035
2019-02-12,1625,1615,1607,0.019713631410721605,0.03937180885557805,0.9938461538461538,0.9950464396284829,0.9888882803588028,0.7383447397442652
2019-02-13,1624,1612,1604,0.025713298883350708,0.039358315052440924,0.9926108374384236,0.9950372208436724,0.985861980415785,0.7324991269167431
2019-02-14,1628,1617,1609,0.027579290002580404,0.05055430647218643,0.9932432432432432,0.9950525664811379,0.9857427366590353,0.7285436783061428
2019-02-15,1639,1628,1622,-0.0016371341143761775,0.026125989057117882,0.9932885906040269,0.9963144963144963,0.9895432848782926,0.725263406278626
2019-02-19,1637,1628,1622,0.002877886634924938,0.030757098189881444,0.9945021380574222,0.9963144963144963,0.986566979014044,0.7234003824198919
2019-02-20,1646,1637,1631,-0.015317203771920437,0.007917602518508123,0.9945321992709599,0.996334758704948,0.9886561877406047,0.731123497215097
2019-02-21,1643,1635,1626,-0.0547912764435307,-0.016822198352000963,0.9951308581862447,0.9944954128440368,0.9869972715461306,0.7348618630759218
2019-02-22,1652,1644,1636,0.019844291003111428,0.04961535218776411,0.9951573849878934,0.9951338199513382,0.9820506240387992,0.7105022765547616
2019-02-25,1657,1649,1641,0.04672415322684118,0.04462721846443246,0.9951719975859988,0.9951485748938751,0.9862042333441142,0.7154780160208917
2019-02-26,1653,1644,1636,0.026556935642569706,0.02107094857586414,0.9945553539019963,0.9951338199513382,0.9891019958327338,0.7249770459603739
2019-02-27,1657,1648,1640,0.06695230257395048,0.05978141596028474,0.9945684972842487,0.9951456310679612,0.9874158102007912,0.7155482937029919
2019-02-28,1664,1657,1649,0.04895606674954258,0.039501203489557775,0.9957932692307693,0.9951719975859988,0.9809716331244566,0.6859956226072659
2019-03-01,1662,1655,1649,0.06977164181619025,0.06116305477068398,0.9957882069795427,0.9963746223564954,0.9806204127822619,0.7029797088000899
2019-03-04,1667,1660,1654,0.06677930425750388,0.053094221806169295,0.9958008398320336,0.9963855421686747,0.9866399911723153,0.6968928059644122
2019-03-05,1670,1663,1656,-0.00902096115386842,0.07889739208015978,0.9958083832335329,0.9957907396271798,0.9873142551902719,0.6908148612666715
2019-03-06,1676,1667,1659,0.021409001748842253,0.043415856354873265,0.9946300715990454,0.9952009598080384,0.9851585009367881,0.656967856293888
2019-03-07,1673,1664,1656,0.04642060131751516,0.06517241746514384,0.9946204423191871,0.9951923076923077,0.9795583073739291,0.6647580704157575
2019-03-08,1675,1666,1659,0.021189682534575316,0.05008548033731489,0.9946268656716418,0.9957983193277311,0.9821648942777053,0.6881242794681847
2019-03-11,1676,1667,1660,0.06232024485485134,0.0636146802918677,0.9946300715990454,0.9958008398320336,0.979958829820803,0.7105960181448797
2019-03-12,1675,1666,1659,0.0845634181611523,0.07022654845217785,0.9946268656716418,0.9957983193277311,0.9821688799133127,0.7229028744434447
2019-03-13,1676,1669,1662,0.0758890774039079,0.06688165736747159,0.9958233890214797,0.9958058717795086,0.9849360713019276,0.7278765079674674
2019-03-14,1679,1672,1666,0.0853404999386624,0.07636841925278358,0.9958308516974389,0.9964114832535885,0.9842347584318833,0.7440601919824121
2019-03-15,1678,1669,1663,0.0933742850516268,0.07384492638177785,0.9946364719904648,0.9964050329538646,0.981190736814024,0.7349097048203274
2019-03-18,1681,1672,1666,0.11400757908315329,0.11409916063573569,0.9946460440214159,0.9964114832535885,0.9833525819997712,0.7309561201418714
2019-03-19,1701,1692,1686,0.09406534858507404,0.08711471027622693,0.9947089947089947,0.9964539007092199,0.9807436225887058,0.7269536152253168
2019-03-20,1696,1688,1684,0.14490630115289366,0.12649450554048108,0.9952830188679245,0.9976303317535545,0.9840149798590468,0.7384955940678313
2019-03-21,1693,1684,1679,0.1612796151734491,0.14638671616518273,0.9946839929119905,0.9970308788598575,0.9805793684605746,0.7340981605811995
2019-03-22,1693,1683,1679,0.08207229608891668,0.09484524124746073,0.9940933254577673,0.9976232917409388,0.983666737996793,0.7410829335958375
2019-03-25,1692,1682,1679,0.08093822428163183,0.10079772699223094,0.9940898345153665,0.9982164090368609,0.9856288224140841,0.7598565796642648
2019-03-26,1691,1681,1678,0.08862655639302058,0.11565999002715945,0.994086339444116,0.9982153480071386,0.9833528278987326,0.7563827254870189
2019-03-27,1688,1678,1674,0.05944243784309957,0.08054117703712886,0.9940758293838863,0.9976162097735399,0.9825738074930983,0.7354533275015318
2019-03-28,1687,1676,1672,0.07452967772790658,0.10138810360904138,0.993479549496147,0.9976133651551312,0.9833602642298953,0.7280589920291343
2019-03-29,1683,1672,1669,0.053953944850861225,0.06859114682257057,0.9934640522875817,0.9982057416267942,0.9743537756731617,0.7247572256758531
2019-04-01,1681,1670,1668,0.03895584068197797,0.05943406152189829,0.9934562760261749,0.9988023952095808,0.9843952955517796,0.7242028018135276
2019-04-02,1678,1668,1666,0.026364287155661782,0.03506974151063818,0.9940405244338498,0.9988009592326139,0.9826181115440495,0.7069270088809324
2019-04-03,1678,1668,1666,0.003412364103582241,-0.005098393059456327,0.9940405244338498,0.9988009592326139,0.9842218721482399,0.7113942484209068
2019-04-04,1682,1671,1669,0.036006215105287794,0.021516098975241624,0.9934601664684899,0.9988031119090365,0.9882496817255169,0.7098195336861582
2019-04-05,1677,1666,1663,0.03873823069292572,0.015825353997344544,0.9934406678592725,0.9981992797118847,0.9817943027956056,0.691340396474404
2019-04-08,1679,1667,1664,0.081539358096395,0.05770863258836801,0.9928528886241811,0.9982003599280144,0.9850960280297257,0.6653532314380042
2019-04-09,1688,1676,1673,0.0774404027821053,0.0546490604315014,0.9928909952606635,0.9982100238663485,0.9863109780536213,0.6675217632637558
2019-04-10,1682,1670,1667,0.06749269576056845,0.0450288922584609,0.9928656361474435,0.9982035928143712,0.9876770262488462,0.6720797485797521
2019-04-11,1680,1669,1666,0.031871804014034874,0.020073686829747354,0.993452380952381,0.9982025164769323,0.9891475225501394,0.6619603541710832
2019-04-12,1678,1666,1663,0.012652104013703121,0.0018508948999100526,0.9928486293206198,0.9981992797118847,0.9889408141216521,0.6554018401842922
2019-04-15,1670,1659,1656,0.02838994236687989,0.021624098346529685,0.9934131736526947,0.9981916817359855,0.9829606315055514,0.6652574116321616
2019-04-16,1646,1635,1632,-0.0008223385818320933,-0.02311632768190759,0.9933171324422844,0.998165137614679,0.9875946852062102,0.6692388760851306
2019-04-17,1633,1623,1621,-0.007863799386766788,-0.024720892670149895,0.9938763012859767,0.9987677141096735,0.982436154848665,0.6651178423049192
2019-04-18,1631,1621,1619,-0.01028125871169918,-0.03794427224866592,0.9938687921520539,0.9987661937075879,0.9829684506786507,0.6634219038496025
2019-04-22,1626,1616,1614,-0.02105590623770445,-0.049438322777250104,0.993849938499385,0.9987623762376238,0.9747303976217101,0.6725428278844516
2019-04-23,1629,1620,1618,-0.0029992210850264297,-0.01915294518712541,0.994475138121547,0.9987654320987654,0.9751049867741258,0.66464353653164
2019-04-24,1624,1614,1613,0.0304726098216413,0.007038253712784048,0.9938423645320197,0.9993804213135068,0.9776392373079443,0.6644624101873187
2019-04-25,1624,1614,1613,0.046313969850254134,0.025886911183384497,0.9938423645320197,0.9993804213135068,0.9783433844314512,0.6848770716445048
2019-04-26,1623,1613,1611,0.03955855867222732,0.02689652719975449,0.9938385705483672,0.9987600743955363,0.9702859883921313,0.6961542429834516
2019-04-29,1628,1618,1616,0.04443068859250269,0.03873596527530429,0.9938574938574939,0.9987639060568603,0.9663127016691943,0.6954117852319407
2019-04-30,1627,1618,1616,0.055032571051272995,0.06531230712001507,0.9944683466502766,0.9987639060568603,0.9701073287210475,0.6817342597555491
2019-05-01,1628,1617,1615,0.04590032358822907,0.06801219679093835,0.9932432432432432,0.9987631416202845,0.9750910163501083,0.7250219297407098
2019-05-02,1632,1620,1618,0.0588765585236194,0.06922318866915068,0.9926470588235294,0.9987654320987654,0.9774829902248524,0.7130983469327223
2019-05-03,1644,1632,1631,0.04955728210268841,0.03791345548988699,0.9927007299270073,0.9993872549019608,0.9639520357993252,0.6898641962863071
2019-05-06,1653,1642,1641,0.05166612405677523,0.039878605737049065,0.9933454325468845,0.9993909866017052,0.9743151929788019,0.7226817982435888
2019-05-07,1659,1648,1647,0.0439778287191989,0.0426382157050788,0.9933694996986137,0.9993932038834952,0.9728159108575304,0.7097705157703303
2019-05-08,1666,1654,1653,0.03932621811217655,0.023894824697973095,0.992797118847539,0.9993954050785974,0.9807819967803502,0.7145527349009282
2019-05-09,1673,1660,1659,0.04558132238807498,0.027115273370851997,0.9922295277943813,0.9993975903614458,0.9841138443893173,0.7099644304341921
2019-05-10,1675,1663,1662,0.06557505881565275,0.0419182006498667,0.9928358208955224,0.9993986770895971,0.9850333100700385,0.6865561216911505
2019-05-13,1684,1671,1670,0.07675648383696547,0.06672826417219017,0.9922802850356295,0.9994015559545183,0.9813716388050283,0.6742175550249945
2019-05-14,1680,1667,1665,0.04682987145599804,0.003837972299106721,0.9922619047619048,0.9988002399520096,0.9826586367016702,0.6973689329775085
2019-05-15,1694,1680,1677,0.0314004107619385,-0.004660375486882025,0.9917355371900827,0.9982142857142857,0.9831372377740636,0.6920366200813389
2019-05-16,1690,1676,1673,0.02724680989842462,-0.01791188031962053,0.991715976331361,0.9982100238663485,0.9792502322639036,0.6710854535638587
2019-05-17,1692,1678,1675,0.011888239903130735,-0.024339441703893596,0.991725768321513,0.9982121573301549,0.986504419037521,0.6618772843410672
2019-05-20,1683,1669,1666,0.06119571783851583,0.04063426242755078,0.9916815210932858,0.9982025164769323,0.9814489970184646,0.6556249732370019
2019-05-21,1687,1673,1670,0.017579598798966433,-0.0093608158846485,0.991701244813278,0.9982068141063957,0.9870816691281427,0.6403542983993352
2019-05-22,1690,1676,1672,0.040171376539992906,0.04148823220441596,0.991715976331361,0.9976133651551312,0.9843292892804404,0.6597917035881427
2019-05-23,1686,1672,1669,0.02603406152831044,0.033606731646646404,0.9916963226571768,0.9982057416267942,0.9800045287710084,0.6470847279764635
2019-05-24,1686,1672,1669,0.019014927688765868,0.02138678619501474,0.9916963226571768,0.9982057416267942,0.9847637878295736,0.6807180722911723
2019-05-28,1687,1673,1670,0.012695488248306172,0.0014993580204347,0.991701244813278,0.9982068141063957,0.9814081616285627,0.6943626070743246
2019-05-29,1684,1671,1668,0.0037867560478979795,0.016115988323471945,0.9922802850356295,0.9982046678635548,0.9771034362489991,0.7021509512795303
2019-05-30,1687,1675,1672,-0.00421717237030193,0.014227854556762894,0.992886781268524,0.9982089552238806,0.9781175583566776,0.7200552501614521
2019-05-31,1682,1671,1668,0.027865421912627256,0.047625060812287616,0.9934601664684899,0.9982046678635548,0.9741471291010225,0.7232496185933809
2019-06-03,1668,1657,1654,0.051447414121318674,0.08732527168317343,0.9934052757793765,0.9981894990947495,0.9786113886098134,0.7139192796176911
2019-06-04,1664,1653,1649,0.055944703567043924,0.07493760962406275,0.9933894230769231,0.9975801572897761,0.9838060689946251,0.7137475691427801
2019-06-05,1662,1652,1645,0.01724649216561732,0.053373278973202876,0.9939831528279182,0.9957627118644068,0.981022876328924,0.7280618926961028
2019-06-06,1658,1647,1640,0.005121550134361312,0.03945245115377111,0.9933655006031363,0.9957498482088646,0.9842101879699099,0.7143861657765956
2019-06-07,1657,1646,1639,0.012951186390287419,0.04632645414279073,0.9933614966807484,0.9957472660996355,0.9770033329137818,0.710995472635833
2019-06-10,1654,1643,1636,-0.004241750864084623,0.005815744746745832,0.9933494558645707,0.995739500912964,0.9835112396810298,0.7012873953950006
2019-06-11,1647,1637,1630,0.013432895401338326,-0.016708616142906613,0.9939283545840923,0.9957238851557727,0.9769159471688827,0.7463770566604633
2019-06-12,1645,1637,1631,0.03333021971568235,0.025899507489875573,0.9951367781155015,0.996334758704948,0.9828444323600275,0.7541994792521198
2019-06-13,1638,1630,1624,0.022163470796270162,0.038996875391801765,0.9951159951159951,0.996319018404908,0.9859173484530281,0.7374207673180092
2019-06-14,1637,1629,1623,-0.014294266802903154,-0.021553780187025078,0.9951130116065975,0.996316758747698,0.9790666790279052,0.735950496534407
2019-06-17,1633,1625,1619,-0.004685800033857765,-0.002017053193098464,0.9951010410287814,0.9963076923076923,0.982246077832966,0.7264947627200646
2019-06-18,1632,1624,1616,-0.04053097902990377,-0.029387557761273053,0.9950980392156863,0.9950738916256158,0.9765343138502449,0.7337609453488498
2019-06-19,1628,1622,1615,-0.015773373071395144,-0.0076320136761221305,0.9963144963144963,0.9956843403205918,0.9876044229552093,0.7252993018580599
2019-06-20,1630,1623,1617,-0.00677085335324849,0.002207415628170107,0.9957055214723927,0.9963031423290203,0.9909657094272245,0.7162073812335442
2019-06-21,1627,1619,1613,0.025112758941459284,0.0023725828380522836,0.9950829748002459,0.9962940086473132,0.990012999312232,0.7069125023422085
2019-06-24,1623,1615,1610,0.019034849164065604,0.007098695110369762,0.9950708564386938,0.9969040247678018,0.9906289232462656,0.7059731401340701
2019-06-25,1639,1631,1625,0.04680168780649479,0.0419612399307017,0.9951189749847468,0.9963212752912324,0.9803768426884578,0.7064535027310498
2019-06-26,1649,1641,1635,0.07519793277027231,0.06337654697923496,0.9951485748938751,0.9963436928702011,0.9783557138152984,0.7338568711855659
2019-06-27,1650,1642,1636,0.08997583883152938,0.08407428499697661,0.9951515151515151,0.9963459196102314,0.9880186651355859,0.7414148654138031
2019-06-28,1648,1641,1635,0.06960351458297133,0.07177481765000415,0.995752427184466,0.9963436928702011,0.9726192498826897,0.7455836221887213
2019-07-01,1650,1643,1636,0.06148433106692028,0.059489902978657055,0.9957575757575757,0.995739500912964,0.9788498220458299,0.7433695730160552
2019-07-02,1689,1678,1672,0.04362367229976847,0.03772170181509864,0.9934872705743043,0.9964243146603099,0.9858751131418626,0.7347204659077375
2019-07-03,1695,1685,1678,0.06833537361306416,0.06448214394861435,0.9941002949852508,0.9958456973293769,0.9837114000734359,0.7065877326167251
2019-07-05,1692,1679,1669,0.11705541447733006,0.1021854373506179,0.9923167848699763,0.9940440738534843,0.9876016330064312,0.7007975205243734
2019-07-08,1684,1670,1660,0.10446812884881292,0.09854833084484019,0.9916864608076009,0.9940119760479041,0.9886490215715914,0.6986843884377715
2019-07-09,1687,1673,1664,0.13040168352343692,0.1271901093007527,0.991701244813278,0.9946204423191871,0.9836818379082748,0.7083015741284747
2019-07-10,1689,1675,1666,0.13225746060879529,0.12521559281148545,0.9917110716400237,0.9946268656716418,0.9837544277042191,0.7133875471355703
2019-07-11,1684,1670,1660,0.1361697420588637,0.14082759965114086,0.9916864608076009,0.9940119760479041,0.9883498060604904,0.7208757204785566
2019-07-12,1679,1665,1655,0.17478616687738582,0.1648770746998084,0.9916617033948779,0.993993993993994,0.985584904501014,0.7229441195213249
2019-07-15,1683,1668,1657,0.18694919968291762,0.1892382199512721,0.9910873440285205,0.9934052757793765,0.9880275668033167,0.7245562595004444
2019-07-16,1681,1666,1656,0.1847532595499058,0.19025790277158022,0.991076740035693,0.9939975990396158,0.9817633983287343,0.7187724268483975
2019-07-17,1685,1670,1660,0.18708707733365354,0.1873647133953344,0.9910979228486647,0.9940119760479041,0.9817067288994977,0.7166156900884688
2019-07-18,1685,1671,1661,0.18287757896870663,0.18495041812948249,0.9916913946587537,0.9940155595451825,0.9846992806315288,0.7058838138414157
2019-07-19,1684,1669,1659,0.19829582640829163,0.20762165136747654,0.9910926365795725,0.994008388256441,0.9861051979579398,0.7186462707453193
2019-07-22,1683,1668,1658,0.18821122703708137,0.1996019525866371,0.9910873440285205,0.9940047961630696,0.982934376697034,0.7139946550800956
2019-07-23,1681,1667,1658,0.19135905456422975,0.20866100108730687,0.9916716240333135,0.9946010797840432,0.9771184907975186,0.7100319038416334
2019-07-24,1666,1652,1643,0.1908229075272306,0.20452168077254182,0.9915966386554622,0.9945520581113801,0.9717348361538863,0.6912879280990804
2019-07-25,1665,1651,1642,0.16130264182090204,0.16621014136531595,0.9915915915915916,0.9945487583282859,0.982560269133503,0.6908608369355265
2019-07-26,1668,1654,1645,0.14686105878218322,0.15296920650849674,0.9916067146282974,0.9945586457073761,0.9854640731820916,0.6848701500209031
2019-07-29,1672,1658,1651,0.1533567059414302,0.15531800376321922,0.9916267942583732,0.9957780458383595,0.9803284425870648,0.6784102495975094
2019-07-30,1678,1664,1658,0.15281936883920627,0.15438252856299034,0.9916567342073898,0.9963942307692307,0.9751555905361089,0.6729732897182726
2019-07-31,1626,1613,1608,0.160672737704138,0.18029053849123636,0.9920049200492005,0.9969001859888407,0.9722403925495777,0.6701032400780462
2019-08-01,1623,1614,1612,0.13155827762523364,0.1685226633143165,0.9944547134935305,0.9987608426270136,0.9755136426490306,0.6677548647733405
2019-08-02,1636,1628,1626,0.0962753703054425,0.15412905935025978,0.9951100244498777,0.9987714987714987,0.9869785218999733,0.6806256402320326
2019-08-05,1655,1647,1643,0.11547223733982213,0.16465942146413864,0.9951661631419939,0.9975713418336369,0.9851068074224216,0.6726238157607514
2019-08-06,1658,1650,1646,0.08209850416656705,0.13704988748719707,0.9951749095295537,0.9975757575757576,0.9826136989702575,0.6683582549789224
2019-08-07,1664,1655,1652,0.05226764716312294,0.09804723560914155,0.9945913461538461,0.9981873111782478,0.9836081660883226,0.6638616005510494
2019-08-08,1669,1660,1657,0.00949301285414414,0.07725445070262614,0.9946075494307969,0.9981927710843373,0.9819261635524866,0.6549365099950696
2019-08-09,1673,1665,1663,-0.07119136512095019,-0.018524836318601256,0.9952181709503886,0.9987987987987988,0.9836926584148654,0.6562337052095859
2019-08-12,1678,1669,1667,-0.14162965439776307,-0.13305559068344716,0.9946364719904648,0.9988016776512882,0.9800420766089101,0.6616641851014445
2019-08-13,1676,1667,1665,-0.17501893742645486,-0.1821713144717347,0.9946300715990454,0.9988002399520096,0.9815931733393223,0.6409360413931672
2019-08-14,1679,1671,1669,-0.18118150621587056,-0.16769055954240636,0.9952352590827874,0.9988031119090365,0.9737907240883856,0.6365800908394191
2019-08-15,1679,1669,1666,-0.19338655713612876,-0.18895751299757899,0.9940440738534843,0.9982025164769323,0.9793515110879665,0.6335945678428915
2019-08-16,1680,1670,1667,-0.22803732470988514,-0.22273712063878087,0.9940476190476191,0.9982035928143712,0.9825097103067472,0.6478954816541819
2019-08-19,1678,1667,1664,-0.1866677320750385,-0.15464921215447366,0.9934445768772348,0.9982003599280144,0.9774474670778753,0.6570246102048338
2019-08-20,1683,1674,1671,-0.15454338273149998,-0.1337638613832611,0.9946524064171123,0.9982078853046595,0.9769379011820883,0.6692069417193186
2019-08-21,1682,1673,1669,-0.12805335990450573,-0.09326838432742214,0.9946492271105827,0.9976090854751942,0.9780656956895455,0.6692408571895445
2019-08-22,1681,1672,1667,-0.11336673750615506,-0.08886428816821547,0.9946460440214159,0.9970095693779905,0.976775037633465,0.6903660780379731
2019-08-23,1683,1674,1669,-0.1645299523778724,-0.13289502480957788,0.9946524064171123,0.9970131421744325,0.9834296124466336,0.6884828079291497
2019-08-26,1673,1664,1659,-0.13201352848570752,-0.11431633430416305,0.9946204423191871,0.9969951923076923,0.9810169192663042,0.7075570424219342
2019-08-27,1673,1667,1661,-0.1383973860401914,-0.11842416362123324,0.9964136282127914,0.9964007198560288,0.9734102042040895,0.7169422081258379
2019-08-28,1670,1664,1655,-0.0700769483179119,-0.04354165081653274,0.9964071856287425,0.9945913461538461,0.9767589106275469,0.7027456444423215
2019-08-29,1671,1665,1655,-0.04019976989490096,-0.0075294449824445395,0.9964093357271095,0.993993993993994,0.9717623543953577,0.6950590308958373
2019-08-30,1664,1659,1651,-0.07467684626098262,-0.057753750320145604,0.9969951923076923,0.995177817962628,0.9782000646068696,0.7236271718553579
2019-09-03,1648,1643,1635,-0.08783339267668988,-0.08188383023027099,0.9969660194174758,0.9951308581862447,0.9769423697676568,0.761428800623494
2019-09-04,1637,1633,1625,-0.0730015534275415,-0.0642211449321769,0.9975565058032987,0.9951010410287814,0.981038228696103,0.7750398890368814
2019-09-05,1631,1627,1619,-0.032827737435059456,-0.01409486990615296,0.9975475168608215,0.9950829748002459,0.9774872706462651,0.7746410055446632
2019-09-06,1632,1628,1618,-0.01828643221151759,-0.0032918343474703507,0.9975490196078431,0.9938574938574939,0.9753952546430473,0.7789030276178701
2019-09-09,1627,1624,1614,0.04889294022916121,0.05600671617925681,0.9981561155500922,0.9938423645320197,0.9819172594004634,0.793494616564104
2019-09-10,1619,1617,1606,0.13972430151897813,0.19163446238044743,0.9987646695491044,0.9931972789115646,0.9847834796137939,0.7837585164163214
2019-09-11,1622,1620,1608,0.14736426207786216,0.2108441646200146,0.998766954377312,0.9925925925925926,0.9839259386059542,0.7454515245229927
2019-09-12,1627,1626,1614,0.1321520231649414,0.17153898168368015,0.9993853718500307,0.992619926199262,0.9835881001287966,0.7484950518086437
2019-09-13,1636,1634,1623,0.07766841651780268,0.09838796432142632,0.9987775061124694,0.9932680538555692,0.9846596230464699,0.7625930786019832
2019-09-16,1643,1641,1628,0.1386489443032049,0.137462813183643,0.9987827145465612,0.992078001218769,0.9861456200043546,0.758678312972074
2019-09-17,1644,1642,1628,0.07805543474388228,0.11052501529840086,0.9987834549878345,0.9914738124238733,0.9917178915416351,0.7422935326051884
2019-09-18,1644,1642,1630,0.07028258740958221,0.0928560660217251,0.9987834549878345,0.9926918392204629,0.9866318656780334,0.7584854876896933
2019-09-19,1641,1638,1627,0.08794411310419076,0.08984686978504405,0.9981718464351006,0.9932844932844933,0.9892723076336576,0.754640411603933
2019-09-20,1638,1635,1624,0.1199694647812057,0.11389757925164899,0.9981684981684982,0.9932721712538226,0.9891462653403957,0.7471816658065061
2019-09-23,1641,1638,1627,0.1193926811713179,0.10182482432928658,0.9981718464351006,0.9932844932844933,0.9903562434652909,0.7291850214226352
2019-09-24,1659,1656,1646,0.00781887312262864,-0.015545136660726506,0.9981916817359855,0.9939613526570048,0.989866453371697,0.7135626081665234
2019-09-25,1658,1653,1644,-0.013103289651426535,-0.032357709456758886,0.996984318455971,0.9945553539019963,0.9850320399795086,0.7041248632108986
2019-09-26,1670,1664,1656,-0.03158105003243924,-0.0643622594655992,0.9964071856287425,0.9951923076923077,0.9905840034621958,0.6706487065644955
2019-09-27,1677,1671,1663,-0.02055845510837281,-0.07567257606417543,0.9964221824686941,0.995212447636146,0.9897427459143023,0.6685194583760696
2019-09-30,1675,1670,1663,0.003229399861058968,-0.07039123342249928,0.9970149253731343,0.9958083832335329,0.989872806178071,0.6383446936606094
2019-10-01,1673,1667,1659,0.0018585314876230464,-0.052448617251635285,0.9964136282127914,0.9952009598080384,0.9900039388895076,0.6464601087195969
2019-10-02,1677,1671,1662,-0.006354371392461626,-0.07266161975666736,0.9964221824686941,0.9946140035906643,0.9905363602181505,0.6273448968946914
2019-10-03,1680,1674,1666,0.03672203193132436,-0.033414915277870424,0.9964285714285714,0.995221027479092,0.9860179817216264,0.6218680898404852
2019-10-04,1678,1670,1661,-0.002585293978112959,-0.07210361167685676,0.9952324195470799,0.9946107784431137,0.9887381224307207,0.6294835335027211
2019-10-07,1677,1669,1660,-0.0457771936096329,-0.11169939274174472,0.9952295766249255,0.9946075494307969,0.979668072209002,0.6535754758554243
2019-10-08,1674,1665,1657,-0.06458832930498862,-0.12922274413183496,0.9946236559139785,0.9951951951951952,0.9748017372289286,0.6667123849714301
2019-10-09,1669,1659,1651,-0.024171811088558214,-0.07765597808037418,0.994008388256441,0.995177817962628,0.9851659652312688,0.6642805760357099
2019-10-10,1666,1656,1648,-0.044941452965264354,-0.08796515653330471,0.9939975990396158,0.9951690821256038,0.980719384649449,0.6626560059211871
2019-10-11,1655,1646,1640,-0.023102694283045018,-0.04528534623608193,0.9945619335347432,0.9963547995139733,0.9833434391428373,0.6659726039356402
2019-10-14,1641,1633,1626,-0.0085367086803359,-0.032235047203197705,0.9951249238269348,0.9957134109001837,0.9730578986868704,0.6697972021526888
2019-10-15,1642,1633,1626,-0.008636984524056234,-0.020263521426760755,0.9945188794153471,0.9957134109001837,0.977282900233653,0.645696791919877
2019-10-16,1635,1624,1616,-0.0044288042625077505,-0.02389633194696232,0.9932721712538226,0.9950738916256158,0.98479611344546,0.6592536531789824
2019-10-17,1635,1623,1615,-0.013428632246398894,-0.03417038085315545,0.9926605504587156,0.9950708564386938,0.9819920619397672,0.6652135974270784
2019-10-18,1635,1622,1615,-0.05792587752915809,-0.0939091083023848,0.9920489296636086,0.9956843403205918,0.9742246625908036,0.6701676484554783
2019-10-21,1636,1623,1615,-0.016941954795641336,-0.04222471100793594,0.9920537897310513,0.9950708564386938,0.9748377634642023,0.6729539374665435
2019-10-22,1608,1597,1590,-0.015285600699944685,-0.0489675428954385,0.9931592039800995,0.9956167814652473,0.9717075743440632,0.6774123496102987
2019-10-23,1613,1602,1595,-0.018821096039186462,-0.04303688032280046,0.9931804091754495,0.9956304619225967,0.9746442669277431,0.6611988455439552
2019-10-24,1602,1590,1582,-0.011362214858033178,-0.029683863026656817,0.9925093632958801,0.9949685534591195,0.9814363844701616,0.670370814154349
2019-10-25,1599,1586,1576,-0.01610793907085874,-0.03003765299739467,0.991869918699187,0.9936948297604036,0.9780125269484321,0.6881130287579897
2019-10-28,1592,1580,1570,-0.047171457160610566,-0.05156217367059306,0.992462311557789,0.9936708860759493,0.9784822535313198,0.6675186602202191
2019-10-29,1596,1585,1577,-0.08176104134661537,-0.0813619111470552,0.9931077694235589,0.9949526813880126,0.9706554014269068,0.6543337224502631
2019-10-30,1595,1583,1575,-0.09718886679104567,-0.11879063916022359,0.9924764890282132,0.9949463044851548,0.9780069623252613,0.6716639178649587
2019-10-31,1595,1585,1578,-0.11276704235583977,-0.13555346557851156,0.9937304075235109,0.9955835962145111,0.9851224142676301,0.6967863453293199
2019-11-01,1593,1582,1576,-0.0839605282339076,-0.09156822090085463,0.9930947897049592,0.9962073324905183,0.9858516316297102,0.711007635118947
2019-11-04,1599,1589,1583,-0.07240119209198558,-0.07649591313618395,0.9937460913070669,0.9962240402769037,0.984010802812969,0.6846176557828204
2019-11-05,1614,1604,1598,-0.031813238399351476,-0.07698128812912104,0.9938042131350682,0.9962593516209476,0.9819733850154864,0.6826659812717493
2019-11-06,1614,1603,1596,-0.05164674039364485,-0.09502593566770164,0.993184634448575,0.9956331877729258,0.9875363358648461,0.6843226759251904
2019-11-07,1626,1615,1606,-0.07953951844260501,-0.09928263287138331,0.9932349323493235,0.9944272445820433,0.9823208177595244,0.7032865651558851
2019-11-08,1631,1621,1613,-0.07828539840137864,-0.09792256330791153,0.9938687921520539,0.9950647748303516,0.9863596012658244,0.6959118917351999
2019-11-11,1643,1632,1623,-0.13893884746373222,-0.1180843420361648,0.9933049300060864,0.9944852941176471,0.9842203045781972,0.7030098799768053
2019-11-12,1646,1638,1630,-0.14017760438023413,-0.1214659004530668,0.9951397326852977,0.9951159951159951,0.9834790186485461,0.7186908435790383
2019-11-13,1650,1643,1635,-0.1426748424951087,-0.08632445660158368,0.9957575757575757,0.9951308581862447,0.9854208816556543,0.7281051986978206
2019-11-14,1653,1645,1637,-0.1657452124898685,-0.11275974442390445,0.9951603145795523,0.9951367781155015,0.9860396976942848,0.7224961607890483
2019-11-15,1656,1648,1641,-0.15547441568826684,-0.10264416145776949,0.9951690821256038,0.995752427184466,0.9823856053267641,0.7191439873185393
2019-11-18,1655,1646,1639,-0.1365427332889489,-0.07968476658933366,0.9945619335347432,0.9957472660996355,0.9854101419492312,0.7218409930631207
2019-11-19,1662,1653,1644,-0.1073070776597771,-0.023811354432416696,0.9945848375451264,0.9945553539019963,0.9820702202711974,0.7323833514216764
2019-11-20,1666,1658,1650,-0.10354879101075565,-0.03169519154009868,0.9951980792316927,0.9951749095295537,0.9771089277594626,0.7323124935990889
2019-11-21,1664,1656,1649,-0.11674589908841511,-0.042356869845962986,0.9951923076923077,0.9957729468599034,0.9810669276905241,0.7505748144952836
2019-11-22,1672,1664,1657,-0.10647123602129854,-0.05816435541169999,0.9952153110047847,0.9957932692307693,0.9783649509945628,0.7557174273063303
2019-11-25,1674,1665,1657,-0.05307669503412603,-0.018540352526850046,0.9946236559139785,0.9951951951951952,0.9804952669242702,0.7733896019370337
2019-11-26,1676,1668,1659,-0.04784444917420258,-0.023908702253395288,0.9952267303102625,0.9946043165467626,0.9829071500436929,0.7828100777293361
2019-11-27,1679,1671,1662,-0.030302185064944497,-0.012666767380960287,0.9952352590827874,0.9946140035906643,0.9813036600476374,0.7900006143956799
2019-11-29,1688,1680,1671,-0.032685572715754486,0.001821372502433183,0.995260663507109,0.9946428571428572,0.9780727238360644,0.7941543359598199
2019-12-02,1685,1678,1668,-0.058688448642826095,-0.0531973918676701,0.9958456973293769,0.9940405244338498,0.9755547461141849,0.7844204515182409
2019-12-03,1673,1667,1657,-0.04673920385561554,-0.0363118754639393,0.9964136282127914,0.994001199760048,0.983806680450008,0.787631362494576
2019-12-04,1672,1667,1658,-0.05729641431075374,-0.053271220453953876,0.9970095693779905,0.9946010797840432,0.9825058370815627,0.7889220372044776
2019-12-05,1666,1662,1655,-0.07925118860634937,-0.0789495079191902,0.9975990396158463,0.9957882069795427,0.9778802697584906,0.8026731204667376
2019-12-06,1664,1660,1652,-0.12394223018823235,-0.11865468512652584,0.9975961538461539,0.9951807228915662,0.9755149272876426,0.7961213475606527
2019-12-09,1667,1664,1657,-0.1501787058015254,-0.1393291823155937,0.9982003599280144,0.9957932692307693,0.9854075095582979,0.8102992746697564
2019-12-10,1667,1664,1657,-0.16316039300382312,-0.16087658342337935,0.9982003599280144,0.9957932692307693,0.9857987874486953,0.8130113458288697
2019-12-11,1670,1664,1656,-0.17152924172895484,-0.17682003142196898,0.9964071856287425,0.9951923076923077,0.9832407049858932,0.7875825716062149
2019-12-12,1673,1667,1658,-0.21256681961811946,-0.23202933758382657,0.9964136282127914,0.9946010797840432,0.9871738632344744,0.7899147593485086
2019-12-13,1671,1665,1655,-0.17960993090337668,-0.2216574244833439,0.9964093357271095,0.993993993993994,0.9872502010711248,0.7925490096515646
2019-12-16,1673,1669,1659,-0.17837925272224056,-0.215007948300815,0.9976090854751942,0.994008388256441,0.9851500100404007,0.7601996258677076
2019-12-17,1674,1670,1660,-0.1770341392048139,-0.20702058451271407,0.997610513739546,0.9940119760479041,0.9853101165253828,0.7541882477200563
2019-12-18,1671,1667,1656,-0.16338830821621536,-0.19369664955203328,0.997606223818073,0.9934013197360528,0.9848859805885414,0.7405408950338659
2019-12-19,1680,1676,1666,-0.1617259370557666,-0.17436084373923696,0.9976190476190476,0.9940334128878282,0.9834773138320596,0.7336666897349894
2019-12-20,1685,1681,1671,-0.16815534440104316,-0.17140826453575797,0.997626112759644,0.9940511600237953,0.9834368210938217,0.7348540125955657
2019-12-23,1681,1677,1668,-0.16871952195081533,-0.17559705252719907,0.9976204640095181,0.9946332737030411,0.9905171554629679,0.7469119696649424
2019-12-24,1723,1719,1711,-0.18416024006142578,-0.19295544948060872,0.9976784677887406,0.995346131471786,0.9911058350109831,0.7353044330795271
2019-12-26,1724,1720,1711,-0.1537680113654907,-0.1710621233190252,0.9976798143851509,0.9947674418604651,0.9890441908974437,0.7149660651229257
2019-12-27,1715,1711,1702,-0.15310141812332284,-0.16546833904948738,0.997667638483965,0.994739918176505,0.9859622629768866,0.7139214329840758
2019-12-30,1712,1707,1699,-0.1701191086904897,-0.17870849481807266,0.9970794392523364,0.9953134153485648,0.9916164567492118,0.7040522166660245
2019-12-31,1707,1702,1694,-0.1718327387747012,-0.17874447331950405,0.997070884592853,0.9952996474735605,0.9889463390578712,0.6877184555021021
2020-01-02,1720,1713,1705,-0.14555595346530853,-0.18062333529908495,0.9959302325581395,0.9953298307063632,0.9843809100224135,0.6766707333284545
2020-01-03,1718,1710,1702,-0.0965945097572508,-0.14907145906150238,0.9953434225844005,0.9953216374269006,0.9865276045262211,0.6448978731350178
2020-01-06,1708,1701,1694,-0.11083051486000291,-0.15765444288276703,0.9959016393442623,0.9958847736625515,0.9886021561318696,0.6505968061442622
2020-01-07,1716,1709,1702,-0.07474045514335205,-0.09600519845015923,0.995920745920746,0.9959040374488005,0.9874067657847302,0.6365272553151006
2020-01-08,1714,1707,1700,-0.08673462250324808,-0.13373506357614653,0.9959159859976663,0.9958992384299942,0.9835116593720274,0.6473013008399298
2020-01-09,1711,1706,1698,-0.06744838572091534,-0.13323487728053093,0.9970777323202805,0.9953106682297772,0.9815411167132593,0.6646600597413277
2020-01-10,1708,1702,1694,-0.04236738566219394,-0.09875514385533636,0.9964871194379391,0.9952996474735605,0.9884935298021612,0.6388188994926125
2020-01-13,1703,1697,1689,-0.0137749933953709,-0.06422843734392131,0.9964768056371109,0.9952857984678845,0.9875943104797078,0.6334465033021165
2020-01-14,1706,1700,1691,-0.005379296383353167,-0.06429037227323328,0.9964830011723329,0.9947058823529412,0.9779943708436282,0.6421999412961159
2020-01-15,1705,1699,1691,0.0026965548383918645,-0.052273714259039476,0.9964809384164223,0.9952913478516775,0.9759789646435036,0.6233269427157132
2020-01-16,1704,1698,1691,-0.06279042051016198,-0.09590448295375982,0.9964788732394366,0.9958775029446407,0.9792607294763042,0.6532464288661286
2020-01-17,1694,1688,1681,-0.09202352099234644,-0.1266878052418304,0.9964580873671782,0.9958530805687204,0.9891615139173976,0.6752592510193298
2020-01-21,1694,1688,1681,-0.08356850395367836,-0.10889211621569707,0.9964580873671782,0.9958530805687204,0.9718591509622128,0.6851859073299187
2020-01-22,1690,1684,1677,-0.04003473655969816,-0.080053742322221,0.9964497041420118,0.9958432304038005,0.9779266837934678,0.6831860969962358
2020-01-23,1686,1681,1674,-0.04892531981564006,-0.08473825845993219,0.9970344009489917,0.9958358120166567,0.9567848992897762,0.6843022157605584
2020-01-24,1647,1642,1637,-0.06363758175705038,-0.12541398586447905,0.9969641772920461,0.9969549330085262,0.9740033261614394,0.7221643117803327
2020-01-27,1650,1645,1640,-0.05560405409948792,-0.11753343700460422,0.996969696969697,0.9969604863221885,0.9872285493339132,0.7330385795358398
2020-01-28,1658,1653,1649,-0.05003955846523695,-0.10341025104412147,0.996984318455971,0.9975801572897761,0.9765071794148922,0.7229505798668289
2020-01-29,1661,1656,1652,-0.03675708742299674,-0.11188425152480647,0.9969897652016857,0.9975845410628019,0.978541260382972,0.7290763259630776
2020-01-30,1662,1659,1655,-0.007690979618297362,-0.0811537870397445,0.9981949458483754,0.997588908981314,0.9757267095925958,0.7449485508210895
2020-01-31,1664,1662,1658,0.0070831766212447475,-0.07532328474357515,0.9987980769230769,0.9975932611311673,0.9805117793155779,0.7504220915078162
2020-02-03,1656,1654,1650,-0.03134251934358445,-0.10918345107331032,0.998792270531401,0.9975816203143894,0.9900694832490784,0.6837315515725241
2020-02-04,1656,1654,1650,-0.03590044801333185,-0.14090901177056947,0.998792270531401,0.9975816203143894,0.9878529724815005,0.6272818875592482
2020-02-05,1656,1654,1649,-0.08575230990116608,-0.19399370663543725,0.998792270531401,0.9969770253929867,0.9863674488609526,0.6230351426406509
2020-02-06,1663,1661,1658,-0.10913128136981295,-0.20033742633021417,0.9987973541791942,0.9981938591210114,0.9894452747358332,0.6686539118901881
2020-02-07,1664,1662,1659,-0.14482835788468684,-0.21697146651071167,0.9987980769230769,0.9981949458483754,0.9921910242491341,0.6387169378300342
2020-02-10,1659,1657,1653,-0.1372815337992385,-0.2093312947909701,0.9987944544906571,0.9975859987929994,0.9898996281091356,0.6313542863316125
2020-02-11,1654,1651,1648,-0.12118173503257623,-0.20663513319707666,0.998186215235792,0.9981829194427619,0.9880043321571157,0.6696387369924307
2020-02-12,1658,1653,1650,-0.1227672742403868,-0.20954392670450595,0.996984318455971,0.9981851179673321,0.9867654776738647,0.6885301826946117
2020-02-13,1659,1653,1650,-0.13489667687058304,-0.19467465202174383,0.9963833634719711,0.9981851179673321,0.9898380963228834,0.6909171586943914
2020-02-14,1662,1656,1653,-0.07813555313430048,-0.12990229459345642,0.9963898916967509,0.9981884057971014,0.9925072893524435,0.6979262222011268
2020-02-18,1656,1650,1646,-0.0727801585765486,-0.11910140069413419,0.9963768115942029,0.9975757575757576,0.9917580293719478,0.6629125182260421
2020-02-19,1654,1648,1644,-0.06712627958194677,-0.11519232498456321,0.9963724304715841,0.9975728155339806,0.9893975658215001,0.6500625882305029
2020-02-20,1656,1650,1647,-0.06064995364136503,-0.12104989664293073,0.9963768115942029,0.9981818181818182,0.9909975643586351,0.6301879108547545
2020-02-21,1657,1651,1648,-0.05133910459414148,-0.11233484721055546,0.996378998189499,0.9981829194427619,0.9867389175770344,0.6573053656547972
2020-02-24,1659,1653,1650,-0.04668976233661058,-0.10587011284986197,0.9963833634719711,0.9981851179673321,0.9877485598471892,0.6285665008907955
2020-02-25,1652,1646,1643,-0.04101202424427579,-0.09127416871339153,0.9963680387409201,0.9981773997569866,0.9845868030690105,0.6389689089959625
2020-02-26,1645,1641,1637,-0.06691285853727498,-0.10945863808008013,0.9975683890577508,0.9975624619134674,0.988976763744371,0.6628784275096137
2020-02-27,1644,1640,1636,-0.08303904995756718,-0.12161018380372675,0.9975669099756691,0.9975609756097561,0.984891563046327,0.6550592742191813
2020-02-28,1647,1642,1638,-0.09450413457179825,-0.1377748784037092,0.9969641772920461,0.997563946406821,0.986547841681551,0.6958065015541911
2020-03-02,1660,1656,1653,-0.09052504675062126,-0.12761712276751236,0.9975903614457832,0.9981884057971014,0.9574116877689957,0.7020917134388825
2020-03-03,1674,1670,1665,-0.027532011760848026,-0.033891425593106296,0.997610513739546,0.9970059880239521,0.9694720100097188,0.7261517432807307
2020-03-04,1674,1668,1663,0.009837799431573653,0.0005078749964724791,0.996415770609319,0.9970023980815348,0.9795202346368462,0.7209911778232633
2020-03-05,1676,1670,1663,0.0006402441603296768,0.008845072704799206,0.9964200477326969,0.9958083832335329,0.9758801618184957,0.7213362577102952
2020-03-06,1677,1671,1663,-0.025142270678837612,-0.02463107499370034,0.9964221824686941,0.995212447636146,0.9779013917282681,0.7080595684283234
2020-03-09,1676,1669,1661,0.008014628315533146,0.021048597112222366,0.9958233890214797,0.9952067106051528,0.9699005428520026,0.713147781363853
2020-03-10,1657,1650,1642,-0.009470831415883153,-0.012586154018544578,0.995775497887749,0.9951515151515151,0.98380065853204,0.6852544598215434
2020-03-11,1661,1656,1647,-0.022059383512716548,0.005594186201647994,0.9969897652016857,0.9945652173913043,0.981900645980556,0.6915253039722947
2020-03-12,1660,1655,1645,-0.02922357880214875,0.014868810496400313,0.9969879518072289,0.9939577039274925,0.9884121897961271,0.6652610361597152
2020-03-13,1646,1642,1632,-0.003396206114950592,0.02176315138120251,0.9975698663426489,0.9939098660170523,0.9861257546998182,0.6491484366542742
2020-03-16,1669,1665,1656,0.04198256294360366,0.05527726649322407,0.9976033553025764,0.9945945945945946,0.9843809884871099,0.607399650722245
2020-03-17,1649,1646,1637,0.05260917904935828,0.06063219922208203,0.9981807155852032,0.9945321992709599,0.983095331033658,0.6012647106649253
2020-03-18,1656,1652,1643,0.0827824170717784,0.08177856133119171,0.9975845410628019,0.9945520581113801,0.9838797410392671,0.5259655734779658
2020-03-19,1624,1621,1612,0.08420720373371682,0.08441818372719731,0.9981527093596059,0.9944478716841456,0.9772495587458163,0.5131281441568204
2020-03-20,1660,1654,1644,0.1169885475060833,0.10797810528207988,0.9963855421686747,0.9939540507859734,0.9813982045030926,0.5479896042953273
2020-03-23,1665,1659,1649,0.0687872594331877,0.0767827943544912,0.9963963963963964,0.9939722724532851,0.9823039013646321,0.5539225815259304
2020-03-24,1668,1661,1652,0.12320021252177714,0.07256261751310127,0.9958033573141487,0.9945815773630343,0.9773629941929902,0.5593194461230119
2020-03-25,1685,1678,1669,0.1638529613654913,0.10039697234796197,0.9958456973293769,0.9946364719904648,0.9756095666907658,0.5971685284589672
2020-03-26,1695,1688,1679,0.17186853475160255,0.12143754131904755,0.9958702064896755,0.9946682464454977,0.9728234062325773,0.6379605876642399
2020-03-27,1701,1694,1685,0.1291743949696314,0.09946039420592806,0.9958847736625515,0.9946871310507674,0.9745665670034048,0.6223103284864979
2020-03-30,1690,1683,1675,0.11100941842349,0.09560085731427045,0.9958579881656805,0.9952465834818776,0.9778226078052156,0.5695076842034621
2020-03-31,1675,1668,1660,0.04810647910566854,0.03831719670230051,0.9958208955223881,0.9952038369304557,0.9852794477365894,0.5476272545089789
2020-04-01,1669,1660,1655,0.030076207694636856,0.03707955054499846,0.9946075494307969,0.9969879518072289,0.9872882113612388,0.56213909483367
2020-04-02,1650,1642,1638,0.014372757185424762,0.006358352289073579,0.9951515151515151,0.997563946406821,0.9834198498968542,0.5689855416398761
2020-04-03,1652,1643,1640,0.040909349167631795,0.010566210164668799,0.9945520581113801,0.9981740718198417,0.9797093186558233,0.5828022387538544
2020-04-06,1639,1631,1627,0.0957686688024792,0.05682200941739585,0.9951189749847468,0.9975475168608215,0.9814162212320049,0.5938530683027883
2020-04-07,1652,1641,1638,0.17700019078618975,0.15586082408678992,0.9933414043583535,0.9981718464351006,0.9760664710054406,0.6303683375377798
2020-04-08,1651,1640,1637,0.16778788917936943,0.15381908068676306,0.9933373712901272,0.9981707317073171,0.9834968659357142,0.6468961896215651
2020-04-09,1662,1651,1648,0.16043957711120377,0.15274645337881132,0.99338146811071,0.9981829194427619,0.9854536609785125,0.6649545300548136
2020-04-13,1665,1654,1651,0.19049866416787864,0.17601894968770718,0.9933933933933934,0.998186215235792,0.9499082590121826,0.658501207388482
2020-04-14,1656,1646,1643,0.19208821886521502,0.15921357690867816,0.9939613526570048,0.9981773997569866,0.9825117195964539,0.6718869723742237
2020-04-15,1649,1638,1634,0.18356757765299206,0.14890149737715452,0.9933292904790783,0.9975579975579976,0.928158874922223,0.675256672031477
2020-04-16,1647,1636,1633,0.0251296248559225,-0.015366520056204522,0.9933211900425015,0.9981662591687042,0.9736240635224126,0.6980776427424281
2020-04-17,1638,1629,1627,0.08768166846269619,0.0687370004769878,0.9945054945054945,0.9987722529158993,0.9454315104246538,0.7142702085305863
2020-04-20,1639,1630,1628,-0.06489025133226571,-0.12289243466171478,0.9945088468578401,0.9987730061349693,0.9725982861728917,0.7082090461867571
2020-04-21,1637,1627,1625,-0.01759191604599075,-0.08222731969646332,0.9938912645082468,0.9987707437000615,0.9774788731688565,0.734208037641387
2020-04-22,1622,1611,1609,-0.05146637605517427,-0.13710258699976258,0.9932182490752158,0.9987585350713842,0.9451120003905763,0.7377172184297319
2020-04-23,1609,1598,1597,0.01737214912860633,-0.07063868123580619,0.9931634555624611,0.9993742177722152,0.9648819700613965,0.7639114245549414
2020-04-24,1607,1596,1595,0.04701905568461126,-0.015031912959713884,0.9931549471064095,0.9993734335839599,0.9543418889233832,0.7407704702327097
2020-04-27,1605,1594,1593,-0.026838342349105895,-0.09261894576626695,0.9931464174454828,0.9993726474278545,0.9735814411880879,0.7548786894070267
2020-04-28,1602,1591,1590,-0.05355810246062045,-0.1295735336134846,0.9931335830212235,0.9993714644877436,0.968751513392048,0.7621901084625599
2020-04-29,1601,1591,1590,0.10624559772821311,0.0691993783650415,0.9937539038101186,0.9993714644877436,0.9817903133152267,0.7449073538810885
2020-04-30,1610,1599,1598,0.14090439127343596,0.11417657847231763,0.993167701863354,0.9993746091307066,0.97793019307645,0.7248675876925156
2020-05-01,1617,1607,1605,0.06654533965122492,-0.021330549512207836,0.9938157081014224,0.998755444928438,0.9751419399345006,0.7427930907525593
2020-05-04,1611,1601,1599,-0.048011912228534154,-0.12656118576926606,0.9937926753569212,0.9987507807620237,0.9817339344252739,0.7572911186028369
2020-05-05,1615,1607,1605,-0.22479541210098705,-0.3438947381955371,0.9950464396284829,0.998755444928438,0.9808705203934049,0.7782896150125707
2020-05-06,1617,1608,1606,-0.3215360793032481,-0.4456472211086773,0.9944341372912802,0.9987562189054726,0.9819770267334031,0.7895335386668322
2020-05-07,1616,1607,1606,-0.346048882593921,-0.47504628262049403,0.994430693069307,0.9993777224642191,0.9786042036371121,0.7730363575793348
2020-05-08,1615,1606,1605,-0.26544984859362225,-0.4290254798520049,0.9944272445820433,0.9993773349937733,0.9789182952842461,0.7690504634306583
2020-05-11,1624,1615,1613,-0.34901351192039554,-0.44958247314998095,0.9944581280788177,0.9987616099071207,0.9866976702053105,0.7603346541226005
2020-05-12,1631,1620,1618,-0.3878297705677081,-0.4466922809768348,0.9932556713672593,0.9987654320987654,0.9860975081219672,0.7651297675336706
2020-05-13,1634,1622,1619,-0.39635405006990815,-0.4539275129718037,0.99265605875153,0.9981504315659679,0.9887630502381793,0.771435602759126
2020-05-14,1626,1614,1610,-0.3834259592121706,-0.4640414074936883,0.992619926199262,0.9975216852540273,0.986587401969672,0.7908037362163852
2020-05-15,1636,1623,1619,-0.36959992082587995,-0.47640709429075495,0.9920537897310513,0.9975354282193469,0.9860892632898529,0.7816610399496358
2020-05-18,1641,1630,1625,-0.2815327386476403,-0.3661248907600861,0.9932967702620353,0.9969325153374233,0.9901603713744882,0.7729810464557959
2020-05-19,1651,1643,1638,-0.2851174410565857,-0.33906883889869627,0.9951544518473653,0.996956786366403,0.9868701103060894,0.7575563753761656
2020-05-20,1665,1655,1650,-0.20215666102156418,-0.2629750026788557,0.993993993993994,0.9969788519637462,0.9821585534646252,0.7520857941321082
2020-05-21,1671,1661,1656,-0.1492274411318606,-0.20260937845123686,0.9940155595451825,0.9969897652016857,0.9900396135244534,0.7518087071616933
2020-05-22,1676,1665,1660,-0.11854335886688394,-0.19636728492640027,0.9934367541766109,0.996996996996997,0.9927760215333298,0.748085858838314
2020-05-26,1682,1671,1665,0.03630640324020131,-0.014974139343887307,0.9934601664684899,0.9964093357271095,0.9837407462254676,0.7518515364505719
2020-05-27,1688,1676,1670,0.2526461790301781,0.2336351829677994,0.9928909952606635,0.9964200477326969,0.9779072949262415,0.7524376684522615
2020-05-28,1691,1679,1673,0.20356001994141495,0.1343383925361037,0.9929036073329391,0.9964264443120905,0.9777766780978767,0.7275643642414794
2020-05-29,1687,1675,1670,0.15996607542625482,0.08824729114820161,0.992886781268524,0.9970149253731343,0.9799383365126635,0.7595860057780539
2020-06-01,1687,1675,1671,0.09086047046103883,0.015488693954638373,0.992886781268524,0.9976119402985074,0.9837473786155488,0.7747099849846786
2020-06-02,1696,1685,1679,0.14884563351615088,0.07488864202957021,0.9935141509433962,0.9964391691394658,0.9843204129779786,0.7824934573473205
2020-06-03,1693,1683,1676,0.3291104916415509,0.32233855931574246,0.9940933254577673,0.995840760546643,0.9827542150671504,0.7786088066725845
2020-06-04,1697,1686,1678,0.3936511040170553,0.427427122893819,0.9935179728933412,0.9952550415183867,0.9840778241060709,0.7689426391620635
2020-06-05,1706,1695,1686,0.45381150947254617,0.49115766538793465,0.9935521688159438,0.9946902654867257,0.9840132060073037,0.7345915294173239
2020-06-08,1707,1697,1689,0.4914696199618925,0.5253911445681678,0.994141769185706,0.9952857984678845,0.9805037926122666,0.7125846697727591
2020-06-09,1726,1718,1710,0.45219398344897893,0.48231554763580714,0.9953650057937428,0.9953434225844005,0.9839756666793547,0.726474413176312
2020-06-10,1726,1718,1711,0.46358250517371163,0.4910644586416472,0.9953650057937428,0.9959254947613504,0.9893569208971726,0.7392110814205024
2020-06-11,1722,1714,1707,0.3713804981386739,0.37668792134024875,0.9953542392566783,0.9959159859976663,0.9911986542300992,0.7689001718219053
2020-06-12,1704,1697,1690,0.39244704146436404,0.40776294133854707,0.9958920187793427,0.995875073659399,0.9901572654691623,0.7741295774151433
2020-06-15,1714,1705,1699,0.3470106350343033,0.3754390963713846,0.9947491248541424,0.9964809384164223,0.99123996499559,0.7375763565178568
2020-06-16,1724,1715,1709,0.33774489132399915,0.3378608825779592,0.9947795823665894,0.9965014577259476,0.9817770939788901,0.7450798915528635
2020-06-17,1728,1720,1714,0.2916162368914926,0.2514973065700497,0.9953703703703703,0.9965116279069768,0.9926578082357987,0.7583424426171606
2020-06-18,1721,1713,1707,0.31490241299561567,0.2875759130611018,0.9953515398024404,0.9964973730297724,0.9915018109248981,0.7548780794246419
2020-06-19,1719,1711,1705,0.32604639487602666,0.32845924771485613,0.995346131471786,0.9964932787843367,0.9918095300563944,0.7570320817948026
2020-06-22,1723,1714,1709,0.25887634080719585,0.21413699814673995,0.9947765525246662,0.9970828471411902,0.9934836511301178,0.7471959017600537
2020-06-23,1742,1733,1727,0.23641858288371495,0.22690158135293795,0.994833524684271,0.996537795729948,0.9888494183301889,0.7379732922246304
2020-06-24,1750,1740,1733,0.13615297391136588,0.08051675536721968,0.9942857142857143,0.9959770114942529,0.9846479218681554,0.7383483018948407
2020-06-25,1746,1735,1728,0.1440031161779905,0.11971257548277327,0.9936998854524628,0.9959654178674352,0.9861161716274512,0.7257420915812015
2020-06-26,1746,1735,1728,0.15741716617252,0.12465460843771266,0.9936998854524628,0.9959654178674352,0.9881808865181634,0.7152421537377704
2020-06-29,1740,1729,1724,0.23120300839931954,0.22418049918797311,0.9936781609195402,0.9971081550028918,0.9893579001839982,0.7114166541659768
2020-06-30,1765,1750,1746,0.1966331773442557,0.18953374701793435,0.9915014164305949,0.9977142857142857,0.9814489223655507,0.7077866251782655
2020-07-01,1768,1749,1746,0.20602420686304782,0.146589433186536,0.9892533936651584,0.9982847341337907,0.9807686891521618,0.7117588789877245
2020-07-02,1768,1749,1747,0.21610931855058904,0.1663971141004749,0.9892533936651584,0.9988564894225271,0.9798593884251344,0.7266964207444105
2020-07-06,1771,1752,1749,0.24781396582814114,0.18160829921772892,0.9892715979672502,0.9982876712328768,0.9708515998085152,0.7158622995388504
2020-07-07,1776,1758,1754,0.17511061552079718,0.1115205275536384,0.9898648648648649,0.9977246871444824,0.9785633866903625,0.7242232553445916
2020-07-08,1764,1747,1743,0.12708888536865773,0.049808862231839064,0.9903628117913832,0.9977103606182026,0.9803344314189826,0.7348240206364507
2020-07-09,1757,1739,1735,0.05290700274164402,-0.02791499365551248,0.9897552646556631,0.9976998274870615,0.9820972937534779,0.745848970715455
2020-07-10,1750,1732,1728,0.037247535657009494,-0.03892429087283259,0.9897142857142858,0.9976905311778291,0.9867094430738109,0.7476178859238094
2020-07-13,1754,1738,1734,0.04742179489750841,-0.046736657360074874,0.9908779931584949,0.997698504027618,0.9720414652800842,0.7338411774605154
2020-07-14,1747,1730,1726,-0.045739464728174,-0.12586329742654903,0.9902690326273612,0.9976878612716763,0.9844636373023523,0.7396389973989494
2020-07-15,1751,1734,1730,-0.02271542800278157,-0.060357605179784266,0.9902912621359223,0.9976931949250288,0.9826251625611728,0.7287999507773365
2020-07-16,1751,1734,1730,0.006298969868568964,-0.028346257441074007,0.9902912621359223,0.9976931949250288,0.9796514167865203,0.7436396456461484
2020-07-17,1752,1735,1731,-0.0443734762590668,-0.1056085034243629,0.990296803652968,0.9976945244956772,0.9878510673918153,0.7494195276838095
2020-07-20,1759,1741,1737,-0.05876386857036504,-0.1317922631301044,0.9897669130187606,0.9977024698449167,0.9876857656469187,0.7574461428939568
2020-07-21,1761,1745,1741,-0.009416953295761624,-0.021018253194435822,0.9909142532651902,0.9977077363896848,0.9863139054467817,0.7586133330675864
2020-07-22,1738,1722,1718,-0.02556816211968534,-0.036432991962760806,0.9907940161104718,0.9976771196283392,0.9850443802032459,0.750827422764966
2020-07-23,1736,1720,1716,0.030526049553642003,0.06338385325940739,0.9907834101382489,0.9976744186046511,0.9849088897420106,0.7441777042047549
2020-07-24,1735,1719,1715,0.023489061378170452,0.05240436224171603,0.9907780979827089,0.997673065735893,0.9854318555581948,0.7564338665071851
2020-07-27,1731,1715,1710,-0.11948383661096627,-0.13361122850119736,0.9907567879838244,0.9970845481049563,0.984033387256277,0.7461285780808403
2020-07-28,1733,1716,1711,-0.07229826010137792,-0.058787041863029736,0.9901904212348529,0.997086247086247,0.9792227466045929,0.7404828326340571
2020-07-29,1699,1685,1680,-0.040237068215533335,0.003095056976099319,0.9917598587404356,0.9970326409495549,0.9787234246808296,0.7058232707383506
2020-07-30,1695,1682,1678,-0.16173299204098976,-0.09849099389501206,0.9923303834808259,0.9976218787158145,0.9813996090809941,0.7029283436706671
2020-07-31,1687,1674,1671,-0.1751712356924936,-0.12785643268538385,0.992294013040901,0.9982078853046595,0.9880279249120983,0.6697115189464802
2020-08-03,1686,1673,1671,-0.1933217911214076,-0.12997700835004586,0.9922894424673784,0.9988045427375971,0.987521073800306,0.6984736870127706
2020-08-04,1692,1678,1675,-0.17178986351423298,-0.08540193277460059,0.991725768321513,0.9982121573301549,0.9876918842135369,0.6904212445590634
2020-08-05,1698,1684,1681,-0.19541877075754313,-0.101726270095524,0.9917550058892816,0.9982185273159145,0.989163600258428,0.6838553113783415
2020-08-06,1704,1690,1686,-0.2658916303624176,-0.19614140352520734,0.9917840375586855,0.9976331360946745,0.9855244198946215,0.646981875634544
2020-08-07,1716,1701,1697,-0.28450278441676613,-0.2076705206982372,0.9912587412587412,0.9976484420928865,0.9873787309725107,0.6439963057548169
2020-08-10,1715,1702,1697,-0.21197980757617765,-0.12229519632481495,0.9924198250728863,0.9970622796709753,0.9777118910937157,0.5147631045976039
2020-08-11,1720,1708,1703,-0.11153191046245091,-0.0002376868013101688,0.9930232558139535,0.997072599531616,0.9774907424836243,0.43844669533944997
2020-08-12,1733,1720,1715,-0.08361753635832635,-0.01595450723638755,0.9924985574148875,0.997093023255814,0.9842774750872325,0.46415288135513444
2020-08-13,1738,1726,1721,-0.1377095749522781,-0.0902614763569477,0.9930955120828538,0.9971031286210892,0.9886949465922873,0.5242830460738622
2020-08-14,1736,1723,1718,-0.09807354349452753,-0.07637392722128417,0.9925115207373272,0.9970980847359258,0.9824673543061864,0.5016629807227903
2020-08-17,1738,1727,1723,-0.1362913351180024,-0.1011114999141064,0.9936708860759493,0.9976838448176027,0.9836749153295663,0.5033651480106368
2020-08-18,1735,1726,1722,-0.15430544015145375,-0.1857060147384726,0.9948126801152738,0.9976825028968713,0.9741194477758511,0.5931642811434569
2020-08-19,1736,1728,1724,-0.15359389095368206,-0.19870006139894147,0.9953917050691244,0.9976851851851852,0.9725213067049934,0.6073287093412891
2020-08-20,1729,1721,1718,-0.11400774715601411,-0.1960257583431531,0.995373048004627,0.9982568274259151,0.9683347193350846,0.5892880445213607
2020-08-21,1731,1723,1720,-0.0468156057537409,-0.11634301934695873,0.9953783939919122,0.9982588508415554,0.9804049138344663,0.5967023440853336
2020-08-24,1728,1725,1722,0.02206276113356895,-0.015797098488008973,0.9982638888888888,0.9982608695652174,0.9795925821757022,0.5909245372573153
2020-08-25,1736,1733,1730,-0.023354872392584103,-0.05035109897033789,0.9982718894009217,0.9982688978649741,0.9791947704203384,0.5815801414841036
2020-08-26,1738,1735,1732,-0.05558133260550703,-0.11146198734270354,0.9982738780207134,0.9982708933717579,0.975461609058919,0.5837213858723627
2020-08-27,1738,1735,1733,0.017637362611643344,-0.05290528182381585,0.9982738780207134,0.9988472622478386,0.9626129692696189,0.5843974137666949
2020-08-28,1732,1729,1727,0.010533517374776159,-0.06038083924691707,0.9982678983833718,0.9988432620011567,0.9710611934081651,0.5652091992999485
2020-08-31,1732,1730,1729,0.047594208632861304,-0.04281486100013631,0.9988452655889145,0.999421965317919,0.979885113063943,0.6169942875648898
2020-09-01,1727,1725,1724,-0.009001626647026768,-0.11415843666948308,0.9988419224088014,0.9994202898550725,0.9656533611029243,0.652823791763243
2020-09-02,1724,1721,1720,0.07397056785398361,-0.03810853713090593,0.9982598607888631,0.999418942475305,0.9468811703985852,0.6817213278163958
2020-09-03,1721,1718,1715,0.14655196291318168,0.0687853117996237,0.9982568274259151,0.9982537834691502,0.9545728731375674,0.6987621015435176
2020-09-04,1713,1710,1706,0.2398267007859459,0.17894110860272722,0.9982486865148862,0.9976608187134502,0.9249731758182995,0.6514020865597183
2020-09-08,1702,1699,1694,0.1753923164834598,0.10821606758774577,0.9982373678025852,0.9970570924072985,0.9462986550837652,0.6689212134958847
2020-09-09,1692,1689,1683,0.1725628067575026,0.10356641113953292,0.99822695035461,0.9964476021314387,0.9404243697901805,0.6771311888897829
2020-09-10,1691,1688,1682,0.1280364262812569,0.061016160256849916,0.9982259018332348,0.9964454976303317,0.9517395030417962,0.7226035579070266
2020-09-11,1685,1682,1675,0.16049547146961754,0.0992692681535479,0.9982195845697329,0.9958382877526754,0.9521322117701224,0.7112508695142221
2020-09-14,1683,1680,1673,0.10229532190845367,0.02196928719792099,0.9982174688057041,0.9958333333333333,0.9512023094299604,0.7042525053942514
2020-09-15,1691,1686,1678,0.15003035926978797,0.05516407545297082,0.997043169722058,0.9952550415183867,0.9422615682099668,0.6806600405113098
2020-09-16,1696,1689,1681,0.144449447582719,0.1133623051709435,0.995872641509434,0.9952634695085849,0.9579670757068435,0.6216348444437599
2020-09-17,1699,1691,1683,0.12445532374616648,0.12248657757449279,0.9952913478516775,0.9952690715552928,0.9763972673150023,0.6363344108012199
2020-09-18,1702,1693,1684,0.06778039686077991,0.07573447699173835,0.9947121034077556,0.9946839929119905,0.9649350845482183,0.665108673950852
2020-09-21,1709,1697,1688,0.049717128795619236,0.06558650130525727,0.9929783499122293,0.99469652327637,0.9799983700290843,0.7371709615201789
2020-09-22,1747,1732,1723,-0.0004063642937595281,0.0038188653099127897,0.9914138523182598,0.9948036951501155,0.9801186516841225,0.7373647580718792
2020-09-23,1744,1729,1720,0.009172485180296766,-0.008926705226020393,0.9913990825688074,0.9947946790052054,0.9825692680073921,0.7413959628024781
2020-09-24,1745,1730,1721,0.0535964225680979,0.03461367113801448,0.9914040114613181,0.9947976878612717,0.9847942460184528,0.7403250174964902
2020-09-25,1748,1733,1724,0.07197335065834162,0.05478501734679642,0.9914187643020596,0.9948066935949221,0.976203459798225,0.7140924026486961
2020-09-28,1752,1737,1728,-0.022510186541210668,-0.043402596956066596,0.9914383561643836,0.9948186528497409,0.9808971009678166,0.7118938018954113
2020-09-29,1759,1743,1734,-0.013572546093815686,-0.024998718140069827,0.9909039226833428,0.9948364888123924,0.9810402169279181,0.6582651873295015
2020-09-30,1755,1739,1730,-0.007993907827975504,-0.015338939640070303,0.9908831908831909,0.9948246118458884,0.9754060183034726,0.6461885767930049
2020-10-01,1750,1735,1728,-0.07285255553303566,-0.08342262553626953,0.9914285714285714,0.9959654178674352,0.9793575206575839,0.6137549713747604
2020-10-02,1746,1730,1724,-0.14848516873048992,-0.15585392098722617,0.9908361970217641,0.9965317919075144,0.9671860007759375,0.6170727451086327
2020-10-05,1745,1727,1720,-0.12529748771946614,-0.11286183884012635,0.9896848137535816,0.9959467284308049,0.9793221953911707,0.6440972372105381
2020-10-06,1754,1734,1728,-0.07025808677454823,-0.031793873333430846,0.9885974914481186,0.9965397923875432,0.9761607836322652,0.6907573203952313
2020-10-07,1753,1733,1727,-0.1486779340851681,-0.10465640716081699,0.9885909868796349,0.996537795729948,0.9806459268332463,0.7156108312840797
2020-10-08,1759,1740,1735,-0.07172465295039984,-0.03269190127423259,0.9891984081864695,0.9971264367816092,0.9835311654039443,0.6786661823828884
2020-10-09,1763,1744,1738,-0.05302918900533688,-0.014829695644477475,0.9892229154849688,0.9965596330275229,0.9865962063850101,0.6966399795320549
2020-10-12,1758,1741,1736,-0.03313937286177176,0.03231207831181533,0.9903299203640501,0.9971280873061459,0.9807149457043346,0.6849577142244546
2020-10-13,1756,1743,1738,-0.0213482941792807,0.05680832515968551,0.9925968109339408,0.9971313826735514,0.9799321796271422,0.6912628931425766
2020-10-14,1753,1740,1735,-0.058213223028322145,0.006550250808644709,0.9925841414717627,0.9971264367816092,0.9863971246471174,0.6869643254211925
2020-10-15,1745,1732,1728,-0.05367635781317962,-0.005872265887351359,0.9925501432664756,0.9976905311778291,0.9835894751078673,0.6839132167019537
2020-10-16,1737,1726,1722,-0.011188855053323225,0.03539689411174901,0.9936672423719056,0.9976825028968713,0.9727310387394026,0.6814531167148254
2020-10-19,1735,1725,1721,-0.028209232406769823,0.003561664629755848,0.9942363112391931,0.9976811594202899,0.9652153976083002,0.6735545153143294
2020-10-20,1705,1695,1691,-0.037516959403746004,-0.05807511478082842,0.9941348973607038,0.9976401179941002,0.9781688635806991,0.6972570867827808
2020-10-21,1700,1691,1686,0.028904253962294214,0.004512679034899435,0.9947058823529412,0.997043169722058,0.9828141573960101,0.6761487841240763
2020-10-22,1694,1685,1680,0.10434850557182995,0.07361613041144886,0.9946871310507674,0.9970326409495549,0.9702151144508864,0.6694424203865538
2020-10-23,1690,1681,1677,0.12884557508072558,0.07361984139964914,0.9946745562130177,0.9976204640095181,0.9779142704647724,0.6851422734011982
2020-10-26,1693,1685,1681,0.21252937170824218,0.17142534791922479,0.9952746603662138,0.997626112759644,0.9713296773744287,0.69676503010936
2020-10-27,1689,1680,1676,0.21743988149210988,0.2102975560713899,0.9946714031971581,0.9976190476190476,0.9751708310132774,0.6661852354493444
2020-10-28,1687,1676,1672,0.19391804309852376,0.18051173607432022,0.993479549496147,0.9976133651551312,0.9715568408781535,0.6317690956729124
2020-10-29,1677,1668,1664,0.15776010490699055,0.1237552996009099,0.9946332737030411,0.9976019184652278,0.9736783740943052,0.6324391998453888
2020-10-30,1676,1669,1667,0.1626309619722902,0.14600510248507784,0.9958233890214797,0.9988016776512882,0.9752998800536614,0.6654790050492475
2020-11-02,1671,1664,1662,0.1359165350912526,0.12554409704327152,0.9958108916816277,0.9987980769230769,0.9862497088741299,0.7299647192604439
2020-11-03,1671,1663,1660,0.10584508883207312,0.12768273674317163,0.995212447636146,0.9981960312687913,0.986427939973181,0.7534531506957239
2020-11-04,1686,1676,1672,0.18605377153784708,0.23313351316144143,0.9940688018979834,0.9976133651551312,0.9822044447450208,0.734119373366255
2020-11-05,1678,1668,1664,0.12311785240486164,0.18339866938032898,0.9940405244338498,0.9976019184652278,0.9771930289972026,0.7044193141743342
2020-11-06,1677,1669,1666,0.09359511338579089,0.1368696806694922,0.9952295766249255,0.9982025164769323,0.9866630602870993,0.718380929934942
2020-11-09,1676,1668,1665,0.0971884655545219,0.08403904441194354,0.9952267303102625,0.9982014388489209,0.985503957813661,0.721069797149368
2020-11-10,1684,1676,1673,0.11085916826459377,0.07629241377492081,0.995249406175772,0.9982100238663485,0.9850033004264676,0.6973233863314465
2020-11-11,1703,1695,1692,0.08634450342482225,0.0753355287599653,0.995302407516148,0.9982300884955753,0.9853672887384246,0.6915543611544458
2020-11-12,1719,1712,1709,0.0781514781998349,0.09994813843498992,0.9959278650378127,0.9982476635514018,0.9741526707721205,0.7192910130583365
2020-11-13,1721,1714,1711,0.002147510695122852,0.0016045065497797602,0.9959325973271353,0.9982497082847142,0.9738665444980038,0.6826568418750266
2020-11-16,1723,1717,1714,-0.003076070354613362,-0.015130368803917018,0.9965177016831108,0.9982527664531159,0.9716441171865374,0.6269937766065647
2020-11-17,1728,1721,1718,-0.012844634222575403,0.013113497040588016,0.9959490740740741,0.9982568274259151,0.9757308580502845,0.6614687242450452
2020-11-18,1744,1737,1734,-0.02567325643161145,-0.02525032231491166,0.9959862385321101,0.998272884283247,0.9800774007601822,0.6982026396656592
2020-11-19,1755,1748,1745,-0.07357130051781487,-0.06535048637611203,0.996011396011396,0.9982837528604119,0.9827575238419233,0.7138483439964821
2020-11-20,1760,1753,1750,-0.06739738822143573,-0.0370649314264499,0.9960227272727272,0.9982886480319453,0.9705553971272336,0.7446966877770226
2020-11-23,1763,1757,1753,-0.08453019718609905,-0.07277350425153298,0.996596710153148,0.9977233921457029,0.9662593644191527,0.70932994162632
2020-11-24,1777,1771,1767,-0.052549565079361434,-0.04867980580728982,0.9966235227912211,0.9977413890457368,0.9519494828997322,0.6284779333412313
2020-11-25,1788,1781,1777,-0.010960316076073307,-0.0023511201999232637,0.9960850111856824,0.9977540707467715,0.9554286593942692,0.5139183322055799
2020-11-27,1801,1794,1789,0.029928033940859886,0.007475719236987856,0.9961132704053304,0.9972129319955407,0.969263042666985,0.46799715919124296
2020-11-30,1803,1796,1791,-0.002436843457104188,0.011165531033726757,0.9961175818080976,0.9972160356347439,0.9525735892440634,0.528986643720932
2020-12-01,1795,1789,1785,0.011497680736755235,0.031785027822085025,0.9966573816155989,0.9977641140301845,0.9716199510949097,0.6402027476676899
2020-12-02,1799,1794,1790,0.04623887869767868,0.0493641883002726,0.9972206781545303,0.9977703455964325,0.9809793236332984,0.679711599497618
2020-12-03,1810,1804,1800,0.0035466533459203075,0.015164119906621422,0.9966850828729282,0.9977827050997783,0.974938677987093,0.6506856228043343
2020-12-04,1811,1806,1800,0.05368579106181031,0.0453671991874072,0.9972390944229708,0.9966777408637874,0.9747418743244638,0.6188248175903285
2020-12-07,1815,1810,1804,0.09021205234837544,0.10976257997097193,0.9972451790633609,0.9966850828729282,0.9766943475362935,0.627224072471007
2020-12-08,1816,1811,1805,0.1098706975881233,0.12036904132221389,0.9972466960352423,0.9966869133075649,0.9428653721519918,0.663081221444406
2020-12-09,1822,1816,1808,0.07762931715135854,0.05356219987280953,0.9967069154774972,0.9955947136563876,0.9804489029584386,0.7592246089209148
2020-12-10,1809,1804,1796,0.09008834119797057,0.08410384971492832,0.9972360420121614,0.9955654101995566,0.9834929635016165,0.7684379591036223
2020-12-11,1813,1808,1800,0.10787775483925933,0.1202177325774895,0.9972421400992829,0.995575221238938,0.9873348529238977,0.7538959911971281
2020-12-14,1825,1820,1812,0.14250098900967084,0.14723209551931551,0.9972602739726028,0.9956043956043956,0.985924096240965,0.7259970496836674
2020-12-15,1834,1828,1820,0.11481689122096111,0.11903608960630177,0.9967284623773174,0.9956236323851203,0.9865866372965251,0.7287686818950788
2020-12-16,1843,1836,1827,0.10853433333881667,0.11455905337717964,0.9962018448182312,0.9950980392156863,0.9822427749118803,0.7267113259725838
2020-12-17,1851,1843,1834,0.09959076682574373,0.11842883130414346,0.9956780118854673,0.99511665762344,0.9814808510241808,0.7536324073720683
2020-12-18,1854,1845,1836,0.10484515652736943,0.14831822703900313,0.9951456310679612,0.9951219512195122,0.9802635513363454,0.7470199411594437
2020-12-21,1850,1841,1833,0.13957249939343205,0.1589444572164564,0.9951351351351352,0.9956545355784899,0.9840332419893438,0.7280982579202734
2020-12-22,1906,1898,1890,0.1309940056570066,0.20293231887843352,0.9958027282266527,0.9957850368809273,0.9863044781323647,0.7303541710859083
2020-12-23,1909,1901,1891,0.03778399938088884,0.08806452553454877,0.9958093242535359,0.9947396107311941,0.9781128731406266,0.7243399005835628
2020-12-24,1912,1903,1894,0.03350031755996141,0.06830364088029969,0.9952928870292888,0.9952706253284288,0.9913944951234036,0.7549387027926662
2020-12-28,1908,1899,1890,0.019882834480796616,-0.0072822889687148345,0.9952830188679245,0.995260663507109,0.9881292835310009,0.7645139417053256
2020-12-29,1896,1885,1876,0.027768367520479436,0.04141245943204282,0.994198312236287,0.9952254641909815,0.9913931358135762,0.7576710589632875
2020-12-30,1904,1893,1884,0.01468255792248694,-0.03188009656492791,0.9942226890756303,0.9952456418383518,0.9900793315242373,0.7479030934666198
2020-12-31,1903,1893,1882,-0.02355063214620294,-0.03998637761555821,0.9947451392538098,0.99418911780243,0.9860741623983595,0.7283277088454075
2021-01-04,1892,1881,1873,-0.023842969624973266,0.0272290808395916,0.9941860465116279,0.9957469431153642,0.9886801496834504,0.7202282583669981
2021-01-05,1895,1884,1876,-0.028924229967737455,0.0203983392270703,0.9941952506596307,0.9957537154989384,0.98712228928551,0.7247890583079547
2021-01-06,1899,1889,1881,-0.0887063422076258,-0.07001108785979426,0.9947340705634544,0.995764955002647,0.988340045377338,0.7413099049345235
2021-01-07,1900,1889,1883,-0.07744436723220488,-0.06920259013617762,0.9942105263157894,0.9968237162519852,0.9866427488744597,0.7656284826877482
2021-01-08,1918,1907,1901,-0.07661565703001035,-0.012715752162737941,0.9942648592283628,0.9968536969061353,0.9854762102857371,0.7620790583433807
2021-01-11,1920,1909,1902,-0.10589225740854427,-0.06102803483210971,0.9942708333333333,0.9963331587218439,0.9845852275747811,0.7539648976971426
2021-01-12,1922,1911,1903,-0.10956087963082044,-0.10489036650978607,0.9942767950052029,0.9958137100994244,0.987883213263495,0.7640667574864793
2021-01-13,1924,1914,1907,-0.11216170862352298,-0.07080417763874126,0.9948024948024948,0.9963427377220481,0.9838729510525447,0.7759245285544424
2021-01-14,1927,1917,1909,-0.11831233057356373,-0.10412836895775124,0.9948105864037364,0.9958268127282212,0.9886489906557757,0.7695045858899977
2021-01-15,1926,1915,1907,-0.05825498146662719,0.006523562169971016,0.994288681204569,0.995822454308094,0.9872011202493984,0.7671909800304969
2021-01-19,1929,1918,1911,-0.07559583542209508,0.009009238227684506,0.9942975635044065,0.9963503649635036,0.9887686336578462,0.7571887415103061
2021-01-20,1928,1917,1911,-0.05601396459437006,0.019943373457141568,0.9942946058091287,0.9968701095461658,0.9765181964236558,0.7545472506668156
2021-01-21,1934,1923,1917,-0.014763331569319513,0.10907272294790368,0.9943123061013444,0.9968798751950078,0.9810390223553367,0.7718377747396103
2021-01-22,1896,1886,1881,0.02277098411332038,0.15996891165625918,0.9947257383966245,0.9973488865323435,0.9798750160257721,0.7658016617177011
2021-01-25,1896,1886,1881,0.10352462025827619,0.21285828776138935,0.9947257383966245,0.9973488865323435,0.9848163859550426,0.7659072323594569
2021-01-26,1904,1895,1891,0.1664757031420326,0.2876547715454163,0.9952731092436975,0.9978891820580474,0.9852346037082208,0.766318578620143
2021-01-27,1912,1901,1897,0.17599255498466757,0.29873261414374896,0.9942468619246861,0.9978958442924777,0.9765291367691438,0.7367798472685742
2021-01-28,1923,1914,1910,0.1771426690831169,0.28090922959633274,0.9953198127925117,0.9979101358411703,0.9837483829406026,0.7465557574665901
2021-01-29,1927,1918,1914,0.22102628907276697,0.3166380358907961,0.9953295277633627,0.9979144942648592,0.9861632830392689,0.7529393527586425
2021-02-01,1936,1928,1922,0.22723315352321674,0.30058553409613925,0.9958677685950413,0.9968879668049793,0.9822398346624087,0.743998476431776
2021-02-02,1951,1942,1936,0.2069587772203247,0.2810304130365994,0.9953869810353665,0.9969104016477858,0.9838633341559312,0.7213952717625514
2021-02-03,1959,1947,1941,0.18376046934096496,0.23581629816667948,0.9938744257274119,0.9969183359013868,0.9855670692045371,0.749295554109912
2021-02-04,1968,1956,1950,0.17384990502945197,0.2280703708069554,0.9939024390243902,0.9969325153374233,0.9841539231431666,0.7599954417873354
2021-02-05,1978,1966,1960,0.22591360597988855,0.29137656916682186,0.993933265925177,0.9969481180061037,0.9862641356528736,0.7673064275734898
2021-02-08,1976,1963,1958,0.1535990391674745,0.2218535932027603,0.993421052631579,0.9974528782475802,0.9874008210652049,0.763372721342027
2021-02-09,1990,1972,1968,0.1708474607024845,0.23224759114395177,0.9909547738693467,0.9979716024340771,0.9908795969934896,0.7601902241697599
2021-02-10,1999,1980,1976,0.20879965394291203,0.2781749593496947,0.9904952476238119,0.997979797979798,0.9905157428093224,0.7521594960020456
2021-02-11,2008,1990,1988,0.20912630350053635,0.2789762460793175,0.9910358565737052,0.9989949748743718,0.9911191184972906,0.7516588164206777
2021-02-12,2005,1988,1986,0.2043476693686645,0.26102457606547386,0.9915211970074813,0.9989939637826962,0.9869998173303417,0.7588381540518808
2021-02-16,2017,2000,1997,0.15520054579830495,0.1882264064219362,0.991571641051066,0.9985,0.9843449238399964,0.7996259251339443
2021-02-17,2026,2007,2004,0.13409541631353689,0.1658289694491965,0.9906219151036525,0.9985052316890882,0.9904362346631855,0.8102335903066342
2021-02-18,2036,2018,2015,0.1457249360292816,0.18622673748606736,0.9911591355599214,0.9985133795837463,0.989960590474461,0.8107822009512383
2021-02-19,2027,2010,2007,0.13237411589865036,0.14669894787436596,0.9916132215096202,0.9985074626865672,0.9885464954539339,0.8132869953759314
2021-02-22,2036,2019,2016,0.06379792943892645,0.027382330540166304,0.9916502946954814,0.9985141158989599,0.9907744443951234,0.8203852548081182
2021-02-23,2036,2019,2016,0.03474205548261959,-0.04715149136159257,0.9916502946954814,0.9985141158989599,0.9883233319563275,0.822406918130229
2021-02-24,2030,2015,2012,-0.0509570451057436,-0.09202829637622387,0.9926108374384236,0.9985111662531018,0.9813462446894561,0.8318564154642046
2021-02-25,2050,2035,2032,0.014877244593383732,0.004384351119907426,0.9926829268292683,0.9985257985257985,0.9780349274327323,0.8357826710541645
2021-02-26,2039,2024,2021,0.010577559077655974,-0.014165639258276097,0.9926434526728789,0.9985177865612648,0.9794498088515315,0.8382447871363535
2021-03-01,2032,2018,2017,-0.10594785855191068,-0.13359613327772965,0.9931102362204725,0.9995044598612488,0.9869797605893726,0.8291714367581667
2021-03-02,2038,2024,2023,-0.05312194572124646,-0.09896483829192142,0.9931305201177625,0.9995059288537549,0.9808457970420958,0.8178635419115456
2021-03-03,2035,2023,2022,-0.025576639211630805,-0.12814589749844538,0.9941031941031941,0.9995056846267919,0.9824579898213289,0.8033267842112061
2021-03-04,2031,2021,2019,0.0421247114201476,-0.10163485452022525,0.9950763170851797,0.9990103908955963,0.9873369865917884,0.7917092168970673
2021-03-05,2014,2004,2001,0.027310277025329194,-0.11258306910480827,0.9950347567030785,0.9985029940119761,0.9902299605161935,0.7914195862802907
2021-03-08,2026,2015,2012,0.008355652456323345,-0.1526030366301097,0.9945705824284304,0.9985111662531018,0.9852728804256315,0.7836196936886131
2021-03-09,2031,2024,2020,-0.09992368950442154,-0.1694860199060468,0.9965534219596258,0.9980237154150198,0.9881457613999816,0.7725944444100895
2021-03-10,2046,2039,2034,-0.1328681132141432,-0.19947791491915207,0.9965786901270772,0.9975478175576263,0.98572005774636,0.7916737549867154
2021-03-11,2045,2038,2033,-0.2004800870707488,-0.22787628756781547,0.9965770171149144,0.9975466143277724,0.9882380824872008,0.7815236118462251
2021-03-12,2051,2044,2039,-0.25903372755750187,-0.26110755977426514,0.9965870307167235,0.9975538160469667,0.9883916167385883,0.7985212993094425
2021-03-15,2050,2043,2039,-0.26264155084719915,-0.2467453481789061,0.9965853658536585,0.9980420949583945,0.9860959930395445,0.7970666548355319
2021-03-16,2060,2054,2050,-0.2531203360991153,-0.23796011477700385,0.9970873786407767,0.9980525803310614,0.9893321856055189,0.8050041768948977
2021-03-17,2053,2046,2042,-0.3231354265845688,-0.28961225405675056,0.9965903555772041,0.9980449657869013,0.9911205898119743,0.8208970878758635
2021-03-18,2057,2050,2044,-0.3652821572942854,-0.32426789920844934,0.9965969859017987,0.9970731707317073,0.9867149523976524,0.8080166825333102
2021-03-19,2048,2041,2033,-0.36456733524011004,-0.3225674659183332,0.99658203125,0.9960803527682509,0.988169316436818,0.7706944120711099
2021-03-22,2058,2051,2043,-0.3500052955749572,-0.3186707131986434,0.9965986394557823,0.9960994636762555,0.9876223584566659,0.7991331488117303
2021-03-23,2080,2073,2065,-0.22914262282213582,-0.17137084876370176,0.9966346153846154,0.9961408586589484,0.9906432404633462,0.8219115661978169
2021-03-24,2065,2057,2047,-0.1969045618521923,-0.18799956934420153,0.9961259079903148,0.9951385512882839,0.9926203723067372,0.8258487454760327
2021-03-25,2053,2045,2034,-0.2222255199454447,-0.20341845506539552,0.9961032635168047,0.9946210268948655,0.9873756777061332,0.8151683166036173
2021-03-26,2058,2050,2039,-0.18631155120009738,-0.20515356369645452,0.9961127308066083,0.9946341463414634,0.9882384331490575,0.8202758370995041
2021-03-29,2054,2047,2035,-0.1354637463598467,-0.10466766105272982,0.9965920155793574,0.9941377625793845,0.9891762018821462,0.7902419421632744
2021-03-30,2043,2036,2025,-0.15188604186365506,-0.12036745410237834,0.9965736661771905,0.9945972495088409,0.9886089882026255,0.7865055806857335
2021-03-31,2044,2037,2025,-0.15230099807563846,-0.09784138507989307,0.9965753424657534,0.9941089837997055,0.9879468618527953,0.7986115261321184
2021-04-01,2051,2044,2032,-0.13283399964771594,-0.09847507519180704,0.9965870307167235,0.9941291585127201,0.9912733609688156,0.8324647660606754
2021-04-05,2058,2050,2039,-0.07541267946456645,-0.019194517167499467,0.9961127308066083,0.9946341463414634,0.9912317118576588,0.8223584347038291
2021-04-06,2055,2046,2035,-0.02795791860568366,0.05785730379154938,0.9956204379562044,0.9946236559139785,0.9901335726702969,0.8109836213128182
2021-04-07,2052,2043,2033,-0.021588309776488634,0.09992728622880757,0.9956140350877193,0.9951052373959863,0.9880783117629076,0.6770664451811677
2021-04-08,2045,2032,2022,-0.027869510231984727,0.09388424785802259,0.993643031784841,0.9950787401574803,0.9897750069097543,0.6789549450137723
2021-04-09,2044,2031,2021,-0.01098430055401993,0.1100482306873984,0.9936399217221135,0.9950763170851797,0.9901268648258275,0.7591134203673969
2021-04-12,2037,2024,2013,-0.0246753261422634,0.08617701381209211,0.9936180657830143,0.9945652173913043,0.9901065888924845,0.7708802062494751
2021-04-13,2016,2002,1991,0.013601499601456245,0.13540717694114646,0.9930555555555556,0.9945054945054945,0.9876404767042891,0.757602066643929
2021-04-14,2006,1992,1981,-0.002966994557099711,0.10425107691031038,0.9930209371884346,0.9944779116465864,0.9888854239513019,0.7148976674058721
2021-04-15,2005,1990,1981,0.04311586229904923,0.16318059204246907,0.9925187032418953,0.9954773869346734,0.9813552323991186,0.6981313843569281
2021-04-16,1996,1980,1973,0.0746324710190746,0.16812643823675066,0.9919839679358717,0.9964646464646465,0.9765581822042547,0.6781584772000446
2021-04-19,1986,1970,1962,0.09999566063319507,0.19757928741715786,0.9919436052366566,0.9959390862944163,0.9722934464267476,0.677119277672209
2021-04-20,1975,1959,1950,0.14193163867264744,0.22765065006743437,0.9918987341772152,0.9954058192955589,0.9823516067350768,0.680631123561285
2021-04-21,1923,1908,1901,0.0653024218470125,0.16724468181457314,0.9921996879875195,0.9963312368972747,0.9802232688620771,0.6069723838573896
2021-04-22,1926,1910,1905,0.06994813943192649,0.14724713037961176,0.9916926272066459,0.9973821989528796,0.9839262329591272,0.5832297687127822
2021-04-23,1919,1902,1897,0.08025881672074817,0.1672844478603418,0.9911412193850964,0.9973711882229233,0.9817840870124582,0.6027620742462327
2021-04-26,1917,1900,1895,0.06621664330618643,0.1745706401047016,0.99113197704747,0.9973684210526316,0.9824330505254382,0.6434555762551326
2021-04-27,1906,1890,1885,0.0393243093052926,0.12283160292441343,0.9916054564533053,0.9973544973544973,0.987124843741891,0.6821558096944859
2021-04-28,1908,1892,1886,0.043324771703223755,0.1167438398161631,0.9916142557651991,0.9968287526427061,0.9861286774650472,0.6924830137879928
2021-04-29,1898,1882,1876,0.07788065546899534,0.14755788361639557,0.9915700737618546,0.9968119022316685,0.9763174397636556,0.687130903750139
2021-04-30,1891,1874,1868,0.09279341595920657,0.16737229463879122,0.9910100475938657,0.9967982924226254,0.983356395997181,0.6644217199519961
2021-05-03,1881,1866,1861,0.15121257839212046,0.1935901928420797,0.9920255183413078,0.9973204715969989,0.9828768686294728,0.6573200382914222
2021-05-04,1886,1871,1866,0.15036379161048524,0.15362841977365888,0.9920466595970308,0.997327632282202,0.9229322217444546,0.6776302208534344
2021-05-05,1891,1880,1873,0.12833766982137826,0.13013343633276322,0.9941829719725013,0.9962765957446809,0.974418932886768,0.6605716395344653
2021-05-06,1900,1889,1882,0.15963646751088356,0.11502385921358063,0.9942105263157894,0.9962943356273161,0.9726639064443072,0.6563295817705512
2021-05-07,1896,1885,1878,0.1569728947653351,0.07627899101765392,0.994198312236287,0.9962864721485412,0.9855847870867364,0.6370689412665915
2021-05-10,1902,1892,1884,0.11292024593034782,0.01645701829150461,0.9947423764458465,0.9957716701902748,0.9843134829318165,0.6648262471005929
2021-05-11,1891,1881,1873,0.12183304982987891,0.02388389682998061,0.994711792702274,0.9957469431153642,0.9717110219494803,0.6762985375648398
2021-05-12,1910,1901,1892,0.09728331667101822,-0.005185314552496896,0.9952879581151832,0.9952656496580747,0.9845354728633265,0.6630883350138739
2021-05-13,1912,1904,1895,0.07845894516785544,-0.03847495992382345,0.99581589958159,0.9952731092436975,0.9812651979715751,0.6727572502663193
2021-05-14,1906,1898,1890,0.056733712261919325,-0.03918743751200804,0.9958027282266527,0.9957850368809273,0.9799064511871896,0.667373614479534
2021-05-17,1922,1913,1904,0.017386192209651423,-0.06771925796067241,0.9953173777315296,0.9952953476215368,0.9821996458831649,0.680051370416229
2021-05-18,1923,1914,1904,-0.008521690925389597,-0.0870215857495882,0.9953198127925117,0.9947753396029259,0.9741305792175119,0.7070243623679043
2021-05-19,1923,1915,1905,-0.011821670652131308,-0.10100969860558684,0.9958398335933437,0.9947780678851175,0.9777810942282741,0.6495500190540326
2021-05-20,1926,1918,1908,0.017222844499747973,-0.07719900967673066,0.995846313603323,0.9947862356621481,0.9807834493604897,0.6243141893583853
2021-05-21,1919,1911,1901,0.01050683328394812,-0.07391912275956368,0.9958311620635748,0.9947671376242805,0.9797723622064017,0.6525868272290138
2021-05-24,1929,1921,1911,-0.031865339340643346,-0.109541932360614,0.9958527734577501,0.9947943779281624,0.9827030829518383,0.6695560038639712
2021-05-25,1929,1921,1912,-0.03947964614576395,-0.08398428910004008,0.9958527734577501,0.9953149401353462,0.982740783219739,0.6910302077322107
2021-05-26,1928,1920,1912,-0.003608747511786189,-0.06461825811329587,0.995850622406639,0.9958333333333333,0.9830739114136418,0.6849603731675079
2021-05-27,1936,1928,1920,-0.0346063816337437,-0.08200867906593945,0.9958677685950413,0.995850622406639,0.9760738452390673,0.693299894357929
2021-05-28,1944,1937,1929,-0.08763038888315297,-0.14868757573051286,0.9963991769547325,0.9958699019101703,0.9774628453143424,0.7149255843638598
2021-06-01,1943,1935,1927,-0.14817824181982733,-0.16840906388327714,0.9958826556870818,0.9958656330749354,0.9782212877252116,0.7170746979747682
2021-06-02,1943,1934,1928,-0.15884834242303392,-0.1825992806672994,0.9953679876479671,0.9968976215098242,0.9781102929631131,0.695186466876692
2021-06-03,1947,1938,1932,-0.15004176183707466,-0.19878355637152786,0.9953775038520801,0.9969040247678018,0.9775832076670072,0.6890316932054804
2021-06-04,1943,1934,1926,-0.14498552554068211,-0.17179839897657037,0.9953679876479671,0.9958634953464323,0.973611832577426,0.7033153235492281
2021-06-07,1938,1927,1920,-0.14210023655609572,-0.1578189277666362,0.9943240454076367,0.9963674104826155,0.9855427187217906,0.7040404373392546
2021-06-08,1943,1931,1924,-0.08722436214103654,-0.11978531398188186,0.9938239835306227,0.9963749352667012,0.9718976121117245,0.7164488204257768
2021-06-09,1953,1939,1933,-0.09617461345653652,-0.16045979854435613,0.992831541218638,0.9969056214543579,0.97814633605023,0.7381150381668968
2021-06-10,1942,1928,1922,-0.06884874786866159,-0.11602197188439466,0.9927909371781668,0.9968879668049793,0.984196305607997,0.7337551347664631
2021-06-11,1937,1922,1916,-0.06967959973765593,-0.11472936356383348,0.9922560660815695,0.9968782518210197,0.9834003277589329,0.7382439957773276
2021-06-14,1937,1922,1917,-0.020114371206103814,-0.05614972822064638,0.9922560660815695,0.9973985431841832,0.9816967763206886,0.7254767812328798
2021-06-15,1929,1913,1909,-0.03861159996158811,-0.07450456124434598,0.9917055469155003,0.9979090433873498,0.9823050791933566,0.7287674556444432
2021-06-16,1937,1918,1913,-0.035172188639844566,-0.05934363308394377,0.9901910170366546,0.997393117831074,0.9809485331705791,0.7640234903656844
2021-06-17,1939,1920,1914,0.022145596263933004,0.0017666698252273368,0.9902011346054668,0.996875,0.9854531553904967,0.7629147159644201
2021-06-18,1944,1925,1918,0.0037867197829073496,0.0038067702244491677,0.9902263374485597,0.9963636363636363,0.990874627730809,0.7259023254798386
2021-06-21,1945,1926,1918,-0.08930406461764007,-0.08006708658167268,0.9902313624678664,0.995846313603323,0.9865024634459927,0.6916734932992783
2021-06-22,1982,1963,1955,-0.07194711841097357,-0.08481156538084837,0.9904137235116044,0.9959246051961284,0.9909830944298512,0.6590168299162793
2021-06-23,1983,1964,1954,-0.034346297461670595,-0.06987549310918324,0.9904185577407968,0.994908350305499,0.9857347118969163,0.6949498397565846
2021-06-24,1989,1969,1959,0.0011593628155201101,-0.04244781407143536,0.9899446958270488,0.9949212798374809,0.984614508554406,0.7003980507981732
2021-06-25,1996,1976,1965,0.004368346720724011,-0.055719221922003084,0.9899799599198397,0.9944331983805668,0.9794159844083121,0.6677799306338247
2021-06-28,1992,1973,1962,0.08080039068395208,0.03890917183180289,0.9904618473895582,0.9944247339077547,0.9783737199502471,0.7034085880721935
2021-06-29,2059,2037,2026,0.06378327204232646,0.049046052038838064,0.9893152015541525,0.9945999018163967,0.9709628914887848,0.6717724638343676
2021-06-30,2062,2039,2028,0.024089923865842626,0.04496384095880063,0.9888457807953444,0.9946051986267779,0.9778140277874067,0.6929914239386601
2021-07-01,2050,2027,2019,0.0025388626821402607,0.0010145009334945922,0.988780487804878,0.9960532807104094,0.9779545380061134,0.6996516050094527
2021-07-02,2058,2036,2028,0.008980960063722612,-0.020346927382606846,0.989310009718173,0.9960707269155207,0.9864013108829759,0.6680578205673945
2021-07-06,2056,2034,2026,0.05466169159743605,0.044821763708851256,0.9892996108949417,0.9960668633235005,0.9835170530096599,0.6543513950128099
2021-07-07,2054,2031,2024,-0.03000191367686802,-0.041372962215447534,0.9888023369036028,0.9965534219596258,0.9832670990465904,0.6363137828887667
2021-07-08,2040,2017,2010,-0.037716796812957,-0.04327502717875251,0.9887254901960785,0.9965294992563213,0.9772838176937112,0.6221653291278222
2021-07-09,2041,2019,2013,0.02836727947121074,0.020799012012604375,0.9892209701126898,0.9970282317979198,0.9830475753020841,0.6591418474843025
2021-07-12,2039,2018,2012,-0.01320901870586837,0.005572131539886397,0.9897008337420304,0.9970267591674926,0.9786614730325226,0.6644092503345427
2021-07-13,2035,2015,2009,0.022851499354702057,0.02383757245336462,0.9901719901719902,0.9970223325062034,0.9835527363085322,0.6811975831995853
2021-07-14,2028,2012,2007,-0.01789421659674698,-0.016424075043493067,0.9921104536489151,0.9975149105367793,0.9853406387774328,0.6726318722440787
2021-07-15,2020,2003,1999,-0.021077067821702114,-0.035927562880539436,0.9915841584158416,0.9980029955067399,0.9880273013497843,0.6513545373376691
2021-07-16,2020,2002,1998,0.027427733244058304,0.010045512168882323,0.9910891089108911,0.998001998001998,0.971382818809505,0.613148078678761
2021-07-19,2012,1993,1990,0.10157923360577409,0.0714647331014836,0.9905566600397614,0.9984947315604616,0.9664537412187179,0.6173966120761516
2021-07-20,2002,1982,1978,0.13168871735256238,0.11511221736396483,0.99000999000999,0.9979818365287588,0.9585036878228961,0.555111207744227
2021-07-21,1985,1964,1962,0.13159502971476714,0.13296965722260357,0.9894206549118388,0.9989816700610998,0.9634757339583448,0.536357092817587
2021-07-22,1982,1962,1960,0.14160799489559522,0.12855602682154815,0.9899091826437941,0.9989806320081549,0.9823931757866545,0.6141959509412903
2021-07-23,1979,1960,1959,0.10669511850521295,0.10261998036524302,0.9903991915108641,0.9994897959183674,0.980053328877977,0.5802001360168788
2021-07-26,1977,1958,1957,0.042482431063258864,0.039966018810672264,0.9903894790085989,0.9994892747701737,0.9723362768774177,0.5675222060015721
2021-07-27,1973,1953,1952,-0.01238823186381015,-0.011048796997053084,0.9898631525595539,0.9994879672299027,0.9669206388961744,0.5410001769515376
2021-07-28,1884,1865,1864,0.06606753618171739,0.056442371682050185,0.9899150743099787,0.9994638069705094,0.9822065381125364,0.5647628703369154
2021-07-29,1879,1859,1858,0.048382809876936314,0.0331452726148688,0.9893560404470463,0.9994620763851533,0.9775873749469717,0.5373523349210511
2021-07-30,1872,1853,1850,0.030395594411130135,0.00018177234695335954,0.9898504273504274,0.9983810037776578,0.9753366184516276,0.4715211208186898
2021-08-02,1857,1839,1835,0.03991691656346657,0.0026629259353969518,0.9903069466882067,0.9978249048395867,0.9823952826503884,0.5655113960210623
2021-08-03,1864,1847,1842,0.00015082074411240336,-0.027458859930235696,0.9908798283261803,0.9972929074174337,0.9817699575584207,0.548738162108745
2021-08-04,1867,1849,1843,-0.009024621304668724,-0.03370727628453683,0.9903588644884842,0.9967550027041644,0.9785769800758952,0.6184853036293885
2021-08-05,1868,1850,1843,0.02826508071225116,0.024513254031455645,0.9903640256959315,0.9962162162162163,0.9851368547226014,0.6026682498121885
2021-08-06,1871,1853,1845,0.027867748966771452,0.033125323182783495,0.9903794762159273,0.995682676740421,0.9784387331161348,0.6184511797863521
2021-08-09,1870,1850,1842,0.05077518267040088,0.021561478764804423,0.9893048128342246,0.9956756756756757,0.9847409320675214,0.6655627543876452
2021-08-10,1879,1857,1848,0.07150531377377713,0.07779020192013301,0.9882916444917509,0.9951534733441034,0.9801183049166033,0.6530629994893282
2021-08-11,1882,1862,1852,0.02586472986571717,0.011042044159490448,0.9893730074388948,0.9946294307196563,0.984569061456927,0.6481588364870111
2021-08-12,1884,1864,1854,0.05842451380389594,0.04601693350562291,0.9893842887473461,0.9946351931330472,0.9813099874010812,0.6982161597578512
2021-08-13,1880,1863,1853,0.00031504086447201957,-0.01832217377152191,0.9909574468085106,0.9946323134728932,0.9839161810153558,0.7341218466097669
2021-08-16,1873,1857,1847,-0.039662776314382274,-0.053023263368169905,0.99145755472504,0.9946149703823371,0.9804471312873696,0.7494333723013963
2021-08-17,1868,1853,1843,-0.12044009337616271,-0.1547264414010396,0.9919700214132763,0.9946033459255261,0.9807889115580412,0.7678372127116148
2021-08-18,1855,1840,1829,-0.09591423744774592,-0.12738430769250692,0.9919137466307277,0.9940217391304348,0.9781407105657486,0.7845036638505842
2021-08-19,1855,1840,1829,-0.1994289035603222,-0.2547335790258673,0.9919137466307277,0.9940217391304348,0.9837623876051678,0.7476321881969193
2021-08-20,1846,1833,1822,-0.13213239016814887,-0.1626697221050076,0.9929577464788732,0.993998908892526,0.9857355821991673,0.7386357241729282
2021-08-23,1854,1839,1828,-0.040609118502074465,-0.053288696985450044,0.9919093851132686,0.9940184883088635,0.9848098782891905,0.7611549620051095
2021-08-24,1864,1850,1840,-0.0077460539955899145,-0.027251088070896465,0.9924892703862661,0.9945945945945946,0.9813209036834926,0.7966539389628221
2021-08-25,1868,1854,1842,-0.0816398363055939,-0.0931047314087387,0.9925053533190579,0.9935275080906149,0.9804682290872381,0.8007673997325483
2021-08-26,1862,1848,1838,-0.07567226990296377,-0.10363471428661478,0.9924812030075187,0.9945887445887446,0.9775298684208094,0.7856048950056911
2021-08-27,1863,1849,1840,-0.10711273129826783,-0.14060365363128788,0.9924852388620504,0.9951325040562466,0.9780324255850188,0.7878369279929728
2021-08-30,1867,1854,1846,-0.12684868748624506,-0.19049849394621957,0.9930369576861274,0.9956850053937433,0.9862302318429905,0.7914182107790665
2021-08-31,1872,1859,1852,-0.07615677744789098,-0.12858812222302088,0.9930555555555556,0.9962345346960731,0.9810309448825562,0.7917027479219739
2021-09-01,1867,1851,1845,-0.053852941610254994,-0.09844228740546175,0.9914301017675415,0.9967585089141004,0.9865914965138745,0.7899525538996879
2021-09-02,1862,1846,1841,-0.08868125190202723,-0.15819045770230264,0.99140708915145,0.9972914409534128,0.9814562634054382,0.7805644041912039
2021-09-03,1855,1841,1833,-0.05154313977761731,-0.1391512500966149,0.9924528301886792,0.9956545355784899,0.9845544643120507,0.8069522552632403
2021-09-07,1849,1837,1830,-0.019223528575144984,-0.09718490646196669,0.9935100054083288,0.9961894393032118,0.9831089246716175,0.8269316953302794
2021-09-08,1846,1834,1826,-0.04906065554284909,-0.11480411274504984,0.9934994582881906,0.9956379498364231,0.9810138571557486,0.7985489453530965
2021-09-09,1845,1833,1826,-0.014299275229667252,-0.10136931508524634,0.9934959349593496,0.9961811238406983,0.9809565139116129,0.8009724650443998
2021-09-10,1844,1832,1825,0.005409489177002874,-0.06346304204824807,0.9934924078091106,0.99617903930131,0.985494753539862,0.7686695525319108
2021-09-13,1840,1827,1819,0.034832646278031974,-0.01633054756520488,0.9929347826086956,0.9956212370005474,0.9844521007759137,0.7373039644023391
2021-09-14,1849,1836,1829,-0.043299438927442764,-0.08966333655853242,0.9929691725256896,0.9961873638344226,0.9872702273265124,0.7617928712823717
2021-09-15,1853,1840,1834,-0.06330199327349123,-0.09306008891540787,0.992984349703184,0.9967391304347826,0.9846948724688612,0.7692347100001076
2021-09-16,1857,1845,1839,-0.06476174977848888,-0.10388669629136604,0.9935379644588045,0.9967479674796748,0.9867094803274584,0.772397929913098
2021-09-17,1863,1850,1844,-0.03251618320724952,-0.07160033265447652,0.9930220075147611,0.9967567567567568,0.9883911875830957,0.787425745235292
2021-09-20,1872,1858,1851,-0.06436571734468981,-0.10054192372306563,0.9925213675213675,0.996232508073197,0.9891803813280535,0.7737406951638921
2021-09-21,1916,1899,1892,-0.09907912101292819,-0.11703187605446921,0.9911273486430062,0.9963138493944181,0.9895508849918115,0.7921772999774944
2021-09-22,1924,1907,1901,-0.0567361811487533,-0.07156576626351574,0.9911642411642412,0.9968536969061353,0.9864808253665924,0.769822457161057
2021-09-23,1933,1914,1909,0.016718339367030162,0.0075305055655493424,0.9901707190894982,0.9973876698014629,0.9866026192986166,0.7560472920280152
2021-09-24,1942,1922,1917,0.044668868132476204,0.03904798296063982,0.9897013388259527,0.9973985431841832,0.9898047918460242,0.7620135145989119
2021-09-27,1940,1917,1912,0.08168247636811106,0.10547766925793883,0.9881443298969073,0.9973917579551382,0.9873865582853985,0.7463302101023913
2021-09-28,1943,1921,1916,0.08075943156472572,0.13265895084700988,0.988677303139475,0.9973971889640812,0.9911162817027067,0.7241477371731208
2021-09-29,1944,1921,1916,0.08342354395374456,0.1441005765270262,0.9881687242798354,0.9973971889640812,0.9875071404935862,0.6880482278627508
2021-09-30,1941,1918,1913,0.023465501330983407,0.06164410599828931,0.9881504379185987,0.997393117831074,0.9856844229870901,0.7229917908596296
2021-10-01,1928,1905,1902,0.05760466106135089,0.13512609445225734,0.9880705394190872,0.9984251968503937,0.9869127800813263,0.7172411337072481
2021-10-04,1936,1911,1906,-0.07242615430455912,0.0223156624570744,0.9870867768595041,0.9973835688121402,0.9897087909511951,0.7033931903131901
2021-10-05,1940,1914,1910,-0.05651998737617083,0.03952319115685341,0.98659793814433,0.9979101358411703,0.9850130139170065,0.7108562539764354
2021-10-06,1943,1914,1910,-0.09025408622128488,-0.04929864920869229,0.9850746268656716,0.9979101358411703,0.9865389726477272,0.691781751065175
2021-10-07,1945,1916,1912,-0.04899952329334578,0.004166218312108428,0.9850899742930591,0.9979123173277662,0.986043727795416,0.7140861713013363
2021-10-08,1946,1917,1914,-0.06209071456281224,-0.02918383674981645,0.9850976361767728,0.9984350547730829,0.9825538559280818,0.7287347578238378
2021-10-11,1948,1918,1914,-0.07213808425190212,-0.01963524156363844,0.9845995893223819,0.9979144942648592,0.9816346471391535,0.7361028858650578
2021-10-12,1945,1914,1910,-0.06091077660214899,-0.019397240713659874,0.9840616966580977,0.9979101358411703,0.985802164516274,0.737532001498902
2021-10-13,1937,1905,1900,-0.06805330309609531,-0.05847158114827294,0.9834796076406814,0.9973753280839895,0.9873747486795381,0.7376787722836545
2021-10-14,1934,1905,1900,-0.08123097824718435,-0.07409073753789214,0.9850051706308169,0.9973753280839895,0.9885096336577595,0.7273344458496461
2021-10-15,1924,1899,1895,-0.0823017305016099,-0.048331611479344845,0.987006237006237,0.9978936282253817,0.9837786454852645,0.7191413802402271
2021-10-18,1917,1893,1888,-0.0690229518413778,-0.052403115007915765,0.9874804381846636,0.9973586899101955,0.9865195103828911,0.7401674170196912
2021-10-19,1867,1845,1839,-0.036942152128867645,-0.022938196405474377,0.9882163899303695,0.9967479674796748,0.9733982256654186,0.7644545063238478
2021-10-20,1863,1842,1836,0.0003494777063455457,0.026551388036847985,0.9887278582930756,0.996742671009772,0.9873306011940302,0.7840830950136163
2021-10-21,1862,1841,1835,-0.0010121750471416772,0.011892333390567262,0.9887218045112782,0.9967409016838674,0.9814975544718854,0.7829797138153053
2021-10-22,1857,1839,1833,-0.008787011585452652,0.029981717962806704,0.9903069466882067,0.9967373572593801,0.9823369041015918,0.786628781358114
2021-10-25,1854,1834,1827,-0.02552939016007602,-0.028644976847657013,0.9892125134843581,0.9961832061068703,0.9830235212094963,0.7617827090796099
2021-10-26,1863,1845,1837,-0.07410778692329864,-0.09292898436744779,0.9903381642512077,0.9956639566395664,0.9779546345182502,0.7572338164605271
2021-10-27,1855,1838,1828,-0.11113232495644353,-0.14666191461133588,0.9908355795148248,0.9945593035908596,0.9835427804941461,0.7487307829007209
2021-10-28,1851,1832,1820,-0.04474964855850696,-0.04879151015640005,0.9897352782279849,0.9934497816593887,0.9820859018795097,0.7534072262135397
2021-10-29,1853,1835,1825,-0.09458467594943062,-0.08956633178845026,0.9902860226659471,0.9945504087193461,0.9797572958285214,0.7301972009430736
2021-11-01,1854,1836,1827,-0.018404310861875554,0.010273657509700426,0.9902912621359223,0.9950980392156863,0.9827989788484406,0.7490463156086608
2021-11-02,1864,1847,1834,-0.011256084220277246,0.01585655335291894,0.9908798283261803,0.9929615592853276,0.9822766220949516,0.7272689183337188
2021-11-03,1868,1851,1838,-0.04365114364395438,-0.025351035949411155,0.9908993576017131,0.9929767693138843,0.9879747888354483,0.6963917170728509
2021-11-04,1874,1855,1841,-0.06210352121352848,-0.05250305381804759,0.9898612593383138,0.9924528301886792,0.988050085293157,0.6973572232038056
2021-11-05,1883,1864,1851,-0.04291680733346943,-0.030251323886379567,0.9899097185342538,0.9930257510729614,0.9805816460314578,0.7576629421692249
2021-11-08,1885,1869,1856,0.05511802423608181,0.057877013511324106,0.9915119363395225,0.9930444087747459,0.9868852710345437,0.7476905176611189
2021-11-09,1898,1882,1870,0.058936918083216244,0.06535829094463097,0.9915700737618546,0.9936238044633369,0.9849310288505507,0.7194873847947761
2021-11-10,1904,1889,1876,0.059154403640760744,0.05154797259611076,0.9921218487394958,0.9931180518793012,0.9863048592076208,0.6634002325691292
2021-11-11,1904,1888,1875,0.045405851676299444,0.046084518708485296,0.9915966386554622,0.993114406779661,0.9904490556831722,0.6435894258004725
2021-11-12,1913,1896,1884,0.10635790683613647,0.09587242724362992,0.9911134343962362,0.9936708860759493,0.9892245755681185,0.6713173294595617
2021-11-15,1922,1904,1892,0.10389843679497586,0.08907303868770586,0.9906347554630593,0.9936974789915967,0.9862944427020851,0.6908191637752256
2021-11-16,1916,1899,1886,0.14402412364205305,0.13071865264061852,0.9911273486430062,0.9931542917324908,0.989052011798331,0.7032539538489724
2021-11-17,1925,1908,1895,0.11501375386592971,0.10027265343066287,0.9911688311688311,0.9931865828092243,0.9920944678682369,0.6901912181408224
2021-11-18,1931,1915,1902,0.1227289470112301,0.11134701353930215,0.9917141377524599,0.9932114882506528,0.9851299587959645,0.6665716097018374
2021-11-19,1933,1919,1907,0.1275023003582616,0.10104290049027861,0.9927573719606829,0.9937467430953622,0.9800431926241234,0.6499512962621444
2021-11-22,1945,1931,1920,0.1600645981806942,0.12569857807036075,0.9928020565552699,0.9943034697048162,0.9886598012577845,0.7122585494165022
2021-11-23,1943,1927,1918,0.1669296422634922,0.1582145337424757,0.9917653113741637,0.9953295277633627,0.9899750031200204,0.687530381192357
2021-11-24,1950,1931,1924,0.1424289276259376,0.12191103748046027,0.9902564102564102,0.9963749352667012,0.9870591341916245,0.634401211010212
2021-11-26,1961,1940,1932,0.1258753971567773,0.05703345644720824,0.9892911779704232,0.9958762886597938,0.983110886554908,0.5969281612491587
2021-11-29,1955,1938,1930,0.10507317939575012,0.01642341487863994,0.991304347826087,0.9958720330237358,0.9891968081880528,0.6349554471853376
2021-11-30,1954,1939,1933,0.1258673037590393,0.015390799740592766,0.9923234390992836,0.9969056214543579,0.9839092730217996,0.6632374671152463
2021-12-01,1952,1937,1931,0.06070979252804751,-0.03603817428439809,0.9923155737704918,0.9969024264326277,0.9877356908588759,0.7366565715894186
2021-12-02,1940,1926,1921,0.09292374709410782,0.02135123506227518,0.9927835051546392,0.9974039460020768,0.9798790790915617,0.7538072389719234
2021-12-03,1952,1934,1929,-0.024609838045743335,-0.11071346665102308,0.9907786885245902,0.9974146845915202,0.9747569925530497,0.7433836433295075
2021-12-06,1940,1923,1918,-0.035231176621318507,-0.12012158415049047,0.9912371134020619,0.9973998959958398,0.9801829618868801,0.7012095658818834
2021-12-07,1944,1927,1920,0.008228934152143841,-0.12064860925255243,0.9912551440329218,0.9963674104826155,0.9793196761790312,0.6908607858985367
2021-12-08,1951,1931,1924,0.03473293821497879,-0.09061395744703075,0.9897488467452589,0.9963749352667012,0.9596448695184285,0.6987014738139146
2021-12-09,1949,1928,1921,0.10719678431224863,-0.013271680319010888,0.9892252437147255,0.9963692946058091,0.9856138251260932,0.7231051322090417
2021-12-10,1939,1919,1912,0.052619705233867956,-0.059974634259679846,0.9896854048478597,0.9963522668056279,0.9886748538754817,0.7216337856612871
2021-12-13,1933,1911,1905,-0.06390218997013213,-0.1634351786669837,0.9886187273667874,0.9968602825745683,0.9885780915733082,0.7443462301063738
2021-12-14,1928,1904,1899,-0.07555837110173541,-0.15287171654434356,0.9875518672199171,0.9973739495798319,0.9879055091087005,0.7211887105274162
2021-12-15,1929,1903,1898,-0.04605925893032431,-0.14780908506480236,0.9865215137376879,0.9973725696269049,0.9881623280545305,0.7048149967142087
2021-12-16,1936,1909,1904,-0.062195446967809216,-0.15806900331393856,0.9860537190082644,0.9973808276584599,0.9823635009941653,0.7475617381190512
2021-12-17,1939,1914,1909,0.0653476842938291,-0.036751318309845654,0.9871067560598247,0.9973876698014629,0.9858482432518896,0.7468528748642083
2021-12-20,1946,1918,1913,0.04448267176390889,-0.04237728987891196,0.9856115107913669,0.997393117831074,0.9840383898421795,0.7500377116761073
2021-12-21,1983,1955,1950,0.040413947722069674,-0.046145746217462265,0.9858799798285426,0.9974424552429667,0.988625671457859,0.7266830753347355
2021-12-22,1993,1966,1961,0.06366866596522064,-0.021129508088878955,0.9864525840441546,0.9974567650050865,0.9781669448863304,0.7017464440242591
2021-12-23,1989,1964,1961,0.08245673681306083,-0.0056702767563570865,0.987430869783811,0.9984725050916496,0.9833751290594562,0.7153004366691313
2021-12-27,1985,1959,1956,0.06765911177364485,0.012188211966085776,0.9869017632241813,0.998468606431853,0.978915620964563,0.6856456887067404
2021-12-28,1983,1959,1956,0.018054382301986607,-0.03839328869776015,0.9878971255673222,0.998468606431853,0.9861166059904893,0.6929957145854647
2021-12-29,1973,1950,1947,0.008380910014557529,-0.05241311170159428,0.988342625443487,0.9984615384615385,0.9805952244089324,0.6757724193308563
2021-12-30,1969,1946,1943,-0.051809524578138234,-0.10737028765154054,0.9883189436262062,0.9984583761562179,0.9890260425238094,0.6767376246119855
2021-12-31,1961,1941,1937,-0.0476671543107442,-0.11152249601938591,0.9898011218765935,0.9979392065945389,0.9810941066692773,0.6718735006362508
2022-01-03,1953,1933,1928,0.012354342298387696,-0.046214949125860806,0.9897593445980543,0.9974133471288154,0.9870841830235467,0.6646949777352702
2022-01-04,1955,1934,1929,0.04107159000300486,-0.023201189359626218,0.9892583120204603,0.9974146845915202,0.9775102886448664,0.6461601318354867
2022-01-05,1957,1934,1929,0.055981271791555064,-0.01139404194730225,0.9882473173224323,0.9974146845915202,0.9866205308798623,0.6601177495506597
2022-01-06,1946,1924,1919,0.017091297698721045,-0.02988162119543277,0.9886947584789312,0.9974012474012474,0.9798470843815833,0.6351685585916017
2022-01-07,1947,1925,1920,0.08108919385607546,0.03019888277150689,0.9887005649717514,0.9974025974025974,0.9849325827308634,0.651020318439073
2022-01-10,1944,1926,1921,0.09050602538216874,0.043018741458256654,0.9907407407407407,0.9974039460020768,0.9819564117853193,0.6416132858617165
2022-01-11,1947,1930,1925,0.08104731850582268,0.03800552735132179,0.9912686183872624,0.9974093264248705,0.9810820541953096,0.617007554763222
2022-01-12,1954,1940,1935,0.043836536806457715,-0.012417066679175047,0.9928352098259979,0.9974226804123711,0.9819346918004863,0.6025978475546572
2022-01-13,1952,1940,1935,0.01770314938961217,-0.02392664276430022,0.9938524590163934,0.9974226804123711,0.9794443158607613,0.6255768735518602
2022-01-14,1943,1930,1925,-0.005191095213726337,-0.043313083313083325,0.993309315491508,0.9974093264248705,0.9867809699461417,0.5891928757800478
2022-01-18,1934,1921,1915,-0.03942675711345186,-0.0838767373725204,0.9932781799379524,0.9968766267568975,0.9844206113404771,0.6283799694076766
2022-01-19,1923,1908,1901,-0.01109749237049336,-0.04714587069049624,0.9921996879875195,0.9963312368972747,0.9770149191710514,0.5994290136188211
2022-01-20,1862,1852,1844,0.00042219194020539275,-0.0202591414313469,0.9946294307196563,0.9956803455723542,0.980879191728509,0.5982251607074446
2022-01-21,1852,1842,1834,0.002837652173809248,-0.004733575405002779,0.9946004319654428,0.995656894679696,0.984111843175726,0.6310380939230859
2022-01-24,1844,1834,1826,0.04110599186306135,0.0455043000188154,0.9945770065075922,0.9956379498364231,0.9776194741329738,0.6254783163096084
2022-01-25,1845,1835,1828,0.03024037707704138,0.06915359487526421,0.994579945799458,0.9961852861035423,0.9633426470221782,0.636795845621361
2022-01-26,1858,1847,1839,-0.012628181702152434,0.018806361991269484,0.9940796555435952,0.9956686518678939,0.9690331962725215,0.6678268972463075
2022-01-27,1856,1845,1837,-0.025691578356966643,0.004088005028388887,0.994073275862069,0.9956639566395664,0.9784515066025213,0.6420623927368998
2022-01-28,1864,1852,1845,-0.058962484219932235,-0.020526417046461017,0.9935622317596566,0.9962203023758099,0.9825603061012491,0.6145330959330972
2022-01-31,1864,1849,1842,-0.01786835456169728,0.024733529702524057,0.9919527896995708,0.9962141698215251,0.9763832036102904,0.6442032206933421
2022-02-01,1873,1859,1853,-0.005616234641044821,0.021970953487459678,0.9925253603844101,0.9967724583109199,0.9729492976449454,0.617124556762676
2022-02-02,1884,1871,1865,-0.00217719683162774,0.030355645308714315,0.9930997876857749,0.9967931587386424,0.9726728319077107,0.6516796944427647
2022-02-03,1884,1870,1864,0.019549708093523827,0.07339412285110113,0.9925690021231423,0.9967914438502674,0.9736595289840028,0.6833453305010709
2022-02-04,1887,1872,1865,0.08042533239284433,0.12435624999930635,0.9920508744038156,0.9962606837606838,0.9834360407260659,0.7205263822555464
2022-02-07,1891,1874,1866,0.08490487472584794,0.11520694700095048,0.9910100475938657,0.9957310565635006,0.984987202190837,0.7267121071447765
2022-02-08,1886,1869,1860,0.08664047988542602,0.10534810164321769,0.9909862142099682,0.9951845906902087,0.9838266554926888,0.7384199340980329
2022-02-09,1892,1876,1867,0.13150259310984352,0.15925186042904602,0.9915433403805497,0.9952025586353944,0.9799679946861739,0.7294228374963395
2022-02-10,1888,1872,1863,0.15306724656944434,0.15372844886157466,0.9915254237288136,0.9951923076923077,0.9886130180035549,0.7262422468487918
2022-02-11,1895,1879,1868,0.1340280204286518,0.1267951265395791,0.99155672823219,0.9941458222458754,0.9825092022479132,0.7355235899815833
2022-02-14,1895,1878,1868,0.12698749080555527,0.11830590956853558,0.9910290237467019,0.9946751863684771,0.9850352254558488,0.7545343907556252
2022-02-15,1899,1883,1873,0.12555384845605475,0.11867274814468286,0.9915745129015271,0.9946893255443441,0.9846144532863131,0.7531292178215656
2022-02-16,1909,1893,1884,0.07612503429498561,0.07674511832071251,0.9916186485070718,0.9952456418383518,0.9868845778373007,0.7520656055135762
2022-02-17,1906,1890,1881,-0.016244740704531982,0.0004192341172728737,0.9916054564533053,0.9952380952380953,0.9843137973330397,0.7428878317867277
2022-02-18,1900,1884,1874,0.007631187945506636,0.026035773198989715,0.991578947368421,0.994692144373673,0.9858220014912541,0.730732841522869
2022-02-22,1893,1876,1866,-0.043580912621306964,-0.022371946949398553,0.9910195456946645,0.9946695095948828,0.9785354565846802,0.7358798821130557
2022-02-23,1885,1870,1861,-0.02662035001342697,-0.006224006741646454,0.9920424403183024,0.9951871657754011,0.9786454070857242,0.7228244401691682
2022-02-24,1882,1867,1857,0.03682800002998882,0.059121658339868946,0.9920297555791711,0.9946438136047134,0.9765358300822299,0.7334209256633685
2022-02-25,1880,1865,1855,0.061272308887599554,0.07021029244425754,0.9920212765957447,0.9946380697050938,0.9844195460608826,0.7170969280142954
2022-02-28,1890,1878,1869,0.03138595395562499,0.042402001603978404,0.9936507936507937,0.9952076677316294,0.9759598996318973,0.6955845698436799
2022-03-01,1884,1873,1865,0.0130149487444174,0.03759665235829521,0.9941613588110403,0.99572877736252,0.9777089670003748,0.7100979921798085
2022-03-02,1878,1867,1859,0.02751251518934473,-0.002797086990181356,0.9941427050053249,0.9957150508837708,0.9812819961309966,0.7015327947289323
2022-03-03,1889,1878,1869,0.029285129909492703,-0.01373861620729946,0.9941768131286395,0.9952076677316294,0.9776927887408401,0.7140654075894944
2022-03-04,1883,1871,1862,-0.03698546681893005,-0.05830770922758191,0.9936271906532129,0.9951897381079636,0.9824498862267792,0.7134313237717005
2022-03-07,1872,1863,1855,-0.10973207952851652,-0.12429145456908057,0.9951923076923077,0.9957058507783145,0.9831859670556501,0.7053743241700039
2022-03-08,1872,1864,1855,-0.06812608567214833,-0.10362863776875597,0.9957264957264957,0.9951716738197425,0.9825332042291108,0.6876675734133141
2022-03-09,1885,1877,1867,-0.011152736048461325,-0.04701536187390212,0.9957559681697613,0.9946723494938732,0.9818203944982704,0.687418267121244
2022-03-10,1895,1888,1878,-0.06620801629675716,-0.10546938350913539,0.9963060686015831,0.9947033898305084,0.9758575196159153,0.7197440784954114
2022-03-11,1895,1888,1877,-0.09306587858355024,-0.10482162260548557,0.9963060686015831,0.9941737288135594,0.9863980518021562,0.7138142333257712
2022-03-14,1892,1887,1875,-0.13155134586493533,-0.13733173194858153,0.9973572938689218,0.9936406995230525,0.9824177174984645,0.7152105892046419
2022-03-15,1880,1873,1860,-0.06758997600149892,-0.07786236534648171,0.9962765957446809,0.993059263214095,0.9873953535268877,0.7329257265749601
2022-03-16,1884,1877,1864,0.0003581691741328796,-0.029020270689042692,0.9962845010615711,0.9930740543420352,0.981802909809348,0.7220385003720738
2022-03-17,1897,1890,1877,0.0733010538172037,0.05142552241139589,0.996309963099631,0.9931216931216931,0.9863122151224897,0.7381974740352921
2022-03-18,1906,1897,1886,0.1389399470932356,0.12169136381707295,0.9952780692549843,0.9942013705851345,0.9832696962866267,0.731238370449859
2022-03-21,1913,1903,1892,0.08154562815743834,0.05683549354205658,0.9947726084683742,0.9942196531791907,0.9816469425281932,0.710340927919374
2022-03-22,1937,1926,1915,0.15775968140495916,0.11168930055838257,0.9943211151264842,0.994288681204569,0.9865549655143103,0.7313746470969832
2022-03-23,1940,1929,1919,0.15062588351644887,0.09582964908024195,0.9943298969072165,0.9948159668221876,0.9749217472169468,0.7368492756180636
2022-03-24,1933,1922,1912,0.2105404541317575,0.15234602951092113,0.9943093636833937,0.9947970863683663,0.9612352628047103,0.7533244568840355
2022-03-25,1937,1923,1912,0.08670765175359207,0.04439221386859054,0.9927723283427982,0.9942797711908476,0.971514841833608,0.7311873289838596
2022-03-28,1934,1917,1906,0.13142444732787142,0.10503712689729106,0.9912099276111686,0.9942618675013041,0.9808410606502679,0.7198062492827121
2022-03-29,1933,1914,1904,0.1417187500790773,0.12886883602626564,0.9901707190894982,0.9947753396029259,0.9742606756753214,0.7029723818468796
2022-03-30,1934,1915,1906,0.10479434650719854,0.10936730675989831,0.9901758014477766,0.9953002610966057,0.9722894032375252,0.7084860962228877
2022-03-31,1927,1908,1900,0.15502414366351122,0.14163778176290792,0.9901401141670991,0.9958071278825996,0.9762325944117338,0.709469383916442
2022-04-01,1928,1909,1902,0.16711727010054372,0.16847159486631189,0.9901452282157677,0.9963331587218439,0.9754674073683846,0.6919800127309905
2022-04-04,1931,1910,1903,0.2602861734050818,0.2339435990724153,0.9891248058001035,0.9963350785340314,0.9826982856285233,0.6998984788140865
2022-04-05,1947,1925,1918,0.21623694801517837,0.21185299204440092,0.9887005649717514,0.9963636363636363,0.980351535486534,0.6798326198821678
2022-04-06,1934,1912,1905,0.20278444879849852,0.19821515794724168,0.9886246122026887,0.9963389121338913,0.9824256051960186,0.6633950830573467
2022-04-07,1922,1903,1897,0.2014594644393792,0.20177439968406125,0.9901144640998959,0.9968470835522859,0.9855010493420051,0.6238424123964353
2022-04-08,1922,1905,1899,0.17086341589434975,0.1685678298643647,0.9911550468262227,0.9968503937007874,0.9867981517633361,0.6183635390485045
2022-04-11,1919,1904,1900,0.2071792886999394,0.18657446661196767,0.9921834288692027,0.9978991596638656,0.9847591457890131,0.6242483846300785
2022-04-12,1912,1896,1892,0.259819181108308,0.22169320285248562,0.9916317991631799,0.9978902953586498,0.982590320347718,0.6080827646973084
2022-04-13,1909,1893,1889,0.2159958741931773,0.19157031141737416,0.9916186485070718,0.9978869519281564,0.9845312702388511,0.5976662199236242
2022-04-14,1918,1902,1898,0.1264131926774987,0.1281110971879028,0.9916579770594369,0.9978969505783386,0.9856980330130358,0.5796656793573544
2022-04-18,1912,1894,1888,0.11840524418899001,0.11700045015398057,0.9905857740585774,0.996832101372756,0.9859006929181487,0.5915458539424114
2022-04-19,1903,1884,1878,0.12713267943388293,0.12746254028094323,0.9900157645822386,0.9968152866242038,0.9834798176600434,0.5791671569533005
2022-04-20,1872,1854,1847,0.12479861604785482,0.13614675204844268,0.9903846153846154,0.9962243797195254,0.9822724803883656,0.595098799832
2022-04-21,1871,1853,1846,0.04987835960697282,0.06212539337539688,0.9903794762159273,0.9962223421478683,0.9759368264590198,0.6390640556191002
2022-04-22,1862,1844,1838,0.030784036463868004,0.038235715293661564,0.9903329752953813,0.9967462039045553,0.9810535628171787,0.6926960784020735
2022-04-25,1858,1840,1834,0.079368208065168,0.0885730055172337,0.9903121636167922,0.9967391304347826,0.9775403899128667,0.7214702378420386
2022-04-26,1867,1848,1841,0.105218144040487,0.10467717264182123,0.9898232458489555,0.9962121212121212,0.9753821181925695,0.7250066858689413
2022-04-27,1864,1845,1838,0.07419904181409845,0.07620934026764727,0.9898068669527897,0.9962059620596206,0.9747308920040701,0.7488528016322538
2022-04-28,1865,1846,1837,0.07291467699157829,0.06764480152134848,0.9898123324396783,0.995124593716143,0.9752233917388127,0.7520885736675151
2022-04-29,1864,1846,1838,0.009180649071394733,0.012974722673903136,0.990343347639485,0.9956663055254604,0.9713110057462699,0.7727892173643924
2022-05-02,1861,1844,1837,0.08755801521311933,0.08632743532271749,0.9908651262761956,0.9962039045553145,0.9781486265915531,0.7684373199478379
2022-05-03,1863,1848,1841,0.12422860936268575,0.12186951244532308,0.9919484702093397,0.9962121212121212,0.9805155604507864,0.776336451859556
2022-05-04,1859,1844,1836,0.0880511580323675,0.09311898867610328,0.9919311457772996,0.9956616052060737,0.9838917752953077,0.7825520437558612
2022-05-05,1863,1846,1838,0.06779146498226733,0.05489453621263636,0.9908749329039184,0.9956663055254604,0.9824273569861812,0.7785215894305699
2022-05-06,1853,1837,1829,0.03373939421556509,0.013912811910432211,0.9913653534808419,0.9956450734893849,0.9887011763592137,0.7588607590829661
2022-05-09,1855,1839,1830,0.008421604129484924,0.003123957955175997,0.9913746630727763,0.9951060358890701,0.9866675255543392,0.7365336692767103
2022-05-10,1840,1825,1816,-0.07210741031168343,-0.06217142263817102,0.9918478260869565,0.9950684931506849,0.9839033648585475,0.7430870138125372
2022-05-11,1839,1825,1815,-0.14360301846932017,-0.14254090375023154,0.9923871669385536,0.9945205479452055,0.9864738752921165,0.7537802643420253
2022-05-12,1841,1828,1818,0.028438216410075053,0.026642191371379267,0.9929386203150462,0.9945295404814004,0.9877339251446073,0.773754764346006
2022-05-13,1844,1834,1826,0.11282321951710593,0.11345628956205417,0.9945770065075922,0.9956379498364231,0.9897073566806349,0.737717079783652
2022-05-16,1856,1846,1837,0.041493861594613296,0.030417602761808958,0.9946120689655172,0.995124593716143,0.9858283027795067,0.7600515185755458
2022-05-17,1853,1842,1835,0.0357001555576702,0.03335934591542934,0.9940636805180788,0.996199782844734,0.983591968336519,0.7544405617350334
2022-05-18,1861,1851,1844,0.027186955169294574,0.01748028482341027,0.9946265448683503,0.9962182603997839,0.9878434222738034,0.7272774918338792
2022-05-19,1856,1847,1841,0.022487808380082634,0.0024457334282820373,0.9951508620689655,0.9967514889009204,0.9858888076052303,0.7425350200366454
2022-05-20,1867,1855,1848,0.0411254322529282,0.03885438324384972,0.9935725763256561,0.9962264150943396,0.9859480442926184,0.7486192437183501
2022-05-23,1872,1860,1854,-0.06060227008477239,-0.05275976135264032,0.9935897435897436,0.9967741935483871,0.9904978046930889,0.7429387091659779
2022-05-24,1872,1861,1855,-0.19830336181503083,-0.19787305525200405,0.9941239316239316,0.9967759269210102,0.9884696585184544,0.7487127789585715
2022-05-25,1860,1849,1844,-0.18875485544771087,-0.20778219290355932,0.9940860215053764,0.9972958355868037,0.9886867618725667,0.7748606002012466
2022-05-26,1868,1856,1851,-0.12961513542995465,-0.14540356810002675,0.9935760171306209,0.9973060344827587,0.9849023271315106,0.7794424477617237
2022-05-27,1871,1859,1854,-0.034747558718163124,-0.06315042776741701,0.9935863174772849,0.9973103819257665,0.9805507579380255,0.7754935020886108
2022-05-31,1886,1873,1867,-0.039545986493091115,-0.07103497410816392,0.9931071049840933,0.99679658302189,0.9833619428613907,0.7772088597827841
2022-06-01,1879,1864,1858,-0.08381627866475914,-0.10684727826217491,0.9920170303352848,0.9967811158798283,0.9757481843059765,0.764650698068167
2022-06-02,1870,1856,1850,-0.047665759855190754,-0.07266957541527093,0.9925133689839573,0.9967672413793104,0.9780693498901335,0.74710052339028
2022-06-03,1880,1866,1857,-0.17246554951811754,-0.17346967396415042,0.9925531914893617,0.9951768488745981,0.9869434502342642,0.7430363020191516
2022-06-06,1880,1864,1855,-0.17976345301844146,-0.17232319761794967,0.9914893617021276,0.9951716738197425,0.9770511515364734,0.752783450310545
2022-06-07,1874,1859,1848,-0.26642007441463067,-0.2621708855990809,0.9919957310565635,0.9940828402366864,0.9858661333484103,0.763282431165157
2022-06-08,1873,1858,1847,-0.2669708439283982,-0.2558472338950007,0.9919914575547251,0.9940796555435952,0.9799314058275544,0.7376703260837189
2022-06-09,1880,1864,1853,-0.24741815837000156,-0.231985835581411,0.9914893617021276,0.994098712446352,0.9855117404466254,0.6863717746621781
2022-06-10,1865,1848,1838,-0.2822757701348396,-0.2458777574141479,0.9908847184986596,0.9945887445887446,0.9772825253860472,0.6673893795399392
2022-06-13,1847,1829,1819,-0.3302866744328639,-0.2905217828780444,0.9902544667027612,0.9945325314379442,0.9856567476384398,0.59077683956614
2022-06-14,1828,1810,1801,-0.34073373096278575,-0.3018185605357978,0.9901531728665208,0.9950276243093923,0.9882601886987828,0.615258704164742
2022-06-15,1830,1810,1801,-0.2984835574969686,-0.26733373965176976,0.9890710382513661,0.9950276243093923,0.9872571361302083,0.6439110036285615
2022-06-16,1830,1811,1802,-0.30299577390329857,-0.2593610709662287,0.9896174863387979,0.9950303699613473,0.9912701243864616,0.6518082095179205
2022-06-17,1816,1799,1790,-0.2787396146425324,-0.2629983568132692,0.9906387665198237,0.9949972206781545,0.980515209857388,0.6335319988388523
2022-06-21,1831,1813,1804,-0.27629293195983107,-0.25353572950990977,0.9901693063899508,0.9950358521787093,0.9914939685336235,0.6050818571526078
2022-06-22,1846,1828,1820,-0.2646451133886159,-0.26289247902060864,0.9902491874322861,0.9956236323851203,0.9906700000461073,0.6297910386440351
2022-06-23,1843,1825,1816,-0.17556020138272574,-0.17725744200690785,0.9902333152468801,0.9950684931506849,0.9875800963778474,0.5745077852797467
2022-06-24,1855,1837,1828,-0.034967500821314466,-0.04586414684048992,0.9902964959568733,0.995100707675558,0.9865176231863735,0.4951724520529185
2022-06-27,1861,1843,1833,-0.10634359355600846,-0.12458300086894801,0.9903277807630306,0.9945740640260445,0.9839279957309982,0.586660964708057
2022-06-28,1885,1866,1856,-0.17722089409496647,-0.19835171620979003,0.9899204244031831,0.9946409431939979,0.9754663487864098,0.5842957486367273
2022-06-29,1877,1860,1850,-0.12495731353803603,-0.1653572016521545,0.9909429941395844,0.9946236559139785,0.9841751023698699,0.6197549016155834
2022-06-30,1875,1858,1848,-0.10561018261698846,-0.12708676988392706,0.9909333333333333,0.9946178686759957,0.9833833642993471,0.5975747006173311
2022-07-01,1861,1844,1836,-0.10820645347169476,-0.13044027881619885,0.9908651262761956,0.9956616052060737,0.9813135012713817,0.6230025519682043
2022-07-05,1864,1844,1836,0.026298594044599326,0.01676809577162104,0.9892703862660944,0.9956616052060737,0.9805959059690635,0.6495085659075683
2022-07-06,1877,1855,1849,-0.0062976317904407915,0.009421515733035474,0.988279168886521,0.9967654986522911,0.9852378159153683,0.6022126587556059
2022-07-07,1878,1856,1848,-0.06069442382323249,-0.052401376298927806,0.9882854100106496,0.9956896551724138,0.98350874334477,0.5782860913686173
2022-07-08,1889,1866,1858,-0.04768299841430962,-0.05643636955281156,0.9878242456326098,0.9957127545551983,0.9784994468924679,0.5945293129976776
2022-07-11,1887,1865,1857,-0.024885241923832627,-0.031634982720273264,0.9883412824589295,0.995710455764075,0.9851270922014482,0.6056746570073587
2022-07-12,1866,1846,1838,0.007684763443115022,0.003676549459442856,0.9892818863879957,0.9956663055254604,0.9848346828828022,0.6302203259997652
2022-07-13,1867,1849,1841,-0.0032576098754905215,-0.025521826135112988,0.9903588644884842,0.9956733369388859,0.9824932662689132,0.6357339903181007
2022-07-14,1872,1853,1845,0.015854403531053215,-0.010401967301482995,0.9898504273504274,0.995682676740421,0.9821913504457862,0.6180276908865869
2022-07-15,1859,1841,1833,0.03911038075957478,0.004262943126862751,0.9903173749327595,0.9956545355784899,0.9846885781281863,0.5687539151429802
2022-07-18,1856,1838,1830,0.0199411836520482,-0.03502080270188529,0.990301724137931,0.9956474428726877,0.9715247130141689,0.566943058265527
2022-07-19,1854,1837,1828,-0.0023467423723839737,-0.06900951622575459,0.9908306364617044,0.995100707675558,0.9640689833779585,0.6041938897096651
2022-07-20,1859,1841,1831,0.021470632896521312,-0.06287439781909218,0.9903173749327595,0.9945681694731124,0.9800344061712243,0.6275184857405033
2022-07-21,1843,1824,1815,0.04367400053927646,-0.032809089259321196,0.9896907216494846,0.9950657894736842,0.975814691064373,0.6296187833685906
2022-07-22,1845,1826,1818,0.08308318877975145,-0.0022145448851142256,0.9897018970189702,0.9956188389923329,0.9794642748574331,0.6575473804038249
2022-07-25,1832,1813,1806,0.09449925693288207,0.005686837645634471,0.9896288209606987,0.9961389961389961,0.9726795051387624,0.6183104358927427
2022-07-26,1825,1808,1801,0.08809044009338388,0.01435273657932058,0.9906849315068493,0.9961283185840708,0.9840574323195651,0.57064012182597
2022-07-27,1784,1767,1759,0.1010206649092591,0.026950533376772286,0.9904708520179372,0.9954725523486134,0.9774774397226687,0.6072462998483943
2022-07-28,1782,1766,1758,0.07899568943670568,0.033241136303827586,0.9910213243546577,0.9954699886749717,0.9793027308881428,0.6072983456001764
2022-07-29,1783,1767,1760,0.09967228426037247,0.04785416719676925,0.9910263600673023,0.9960384833050367,0.9693004539307345,0.6138399357514698
2022-08-01,1785,1772,1766,0.08854689321024876,0.035129704356338644,0.9927170868347339,0.9966139954853274,0.9807901478998774,0.5648831959078363
2022-08-02,1785,1773,1765,0.0224153761351383,-0.014899824972867003,0.9932773109243698,0.9954878736604625,0.9739162244438091,0.5702528173870826
2022-08-03,1789,1776,1771,0.05011846183147688,0.010112844781505448,0.9927333705980995,0.9971846846846847,0.9828582460442749,0.630006210806826
2022-08-04,1784,1771,1766,0.01703632848974338,-0.009101601006382066,0.9927130044843049,0.9971767363071711,0.9815268389952874,0.6186458048216524
2022-08-05,1787,1772,1767,-0.012022612099429704,-0.02940788874454488,0.9916060436485731,0.9971783295711061,0.9788910806087504,0.6212281309100388
2022-08-08,1804,1789,1783,-0.041430783854270625,-0.04701171327366913,0.9916851441241685,0.9966461710452766,0.9887722058698218,0.6777357752259152
2022-08-09,1815,1799,1794,0.05286953130341571,0.029833815915006733,0.9911845730027549,0.9972206781545303,0.9818095237918707,0.6570495813206003
2022-08-10,1819,1803,1798,0.06245247160824414,0.05859294531346608,0.9912039582188016,0.9972268441486412,0.977423944745134,0.6822984710438573
2022-08-11,1831,1815,1811,0.08096571670505437,0.06934054713145944,0.9912616056799564,0.9977961432506887,0.9840403483096324,0.6610319031688856
2022-08-12,1840,1822,1818,0.04289124403685632,0.03533508495151253,0.9902173913043478,0.9978046103183315,0.9853042220672303,0.668044462677399
2022-08-15,1854,1836,1832,0.01808687216212673,0.02987530949920862,0.9902912621359223,0.9978213507625272,0.9851500879302338,0.6547543531613007
2022-08-16,1858,1840,1837,0.07429256089969895,0.07459284964487066,0.9903121636167922,0.9983695652173913,0.9734056340872923,0.6648346188816614
2022-08-17,1858,1839,1835,0.06622488943248356,0.03389044228322888,0.9897739504843919,0.9978249048395867,0.9673104022440842,0.6562028419478105
2022-08-18,1868,1848,1844,0.05949943253192642,0.05026945810656966,0.9892933618843683,0.9978354978354979,0.9687599135685461,0.6822083568159282
2022-08-19,1868,1851,1847,-0.0005726924299676045,-0.004180995575491356,0.9908993576017131,0.9978390059427337,0.9731275530050852,0.6908041992612634
2022-08-22,1857,1842,1838,-0.03150219754189111,-0.03464143619515683,0.9919224555735057,0.997828447339848,0.9680152223174535,0.709984456157557
2022-08-23,1860,1848,1844,-0.026758782346498308,0.008693162225017058,0.9935483870967742,0.9978354978354979,0.978922359214453,0.7244737669033696
2022-08-24,1861,1849,1845,-0.02994621080478828,0.022963540291261898,0.9935518538420204,0.997836668469443,0.9810914722264253,0.7068023616160211
2022-08-25,1862,1850,1846,-0.0009508860951552943,0.0401939646893491,0.9935553168635876,0.9978378378378379,0.971479177849831,0.7096907260707674
2022-08-26,1859,1848,1845,0.006022076895435791,0.04281031981488996,0.9940828402366864,0.9983766233766234,0.9626131535435749,0.7250704552530427
2022-08-29,1854,1844,1842,0.0564108862506589,0.07227355415134398,0.9946062567421791,0.9989154013015185,0.9741679875732512,0.7431565945440174
2022-08-30,1851,1842,1839,0.040272194269164015,0.0655564672048218,0.9951377633711507,0.998371335504886,0.9743643779078281,0.7086893646608435
2022-08-31,1847,1839,1835,0.00468245981354105,0.047446095216032894,0.9956686518678939,0.9978249048395867,0.9779083203385258,0.6914987867660922
2022-09-01,1842,1835,1831,-0.005520421803867836,0.02617702989755851,0.996199782844734,0.9978201634877384,0.9703376043296149,0.7009313817738647
2022-09-02,1841,1834,1829,-0.023902255303604198,0.010748099423631766,0.9961977186311787,0.9972737186477645,0.9691717784069589,0.72661156853454
2022-09-06,1838,1832,1826,0.031388307450400256,0.017857675141055223,0.9967355821545157,0.9967248908296943,0.9829097515816025,0.7546842270691486
2022-09-07,1834,1828,1821,-0.04712471520542299,-0.05017586825293117,0.9967284623773174,0.9961706783369803,0.9743840469033666,0.7713870554127781
2022-09-08,1837,1831,1823,-0.07926531893703963,-0.06277133379921804,0.9967338051170387,0.9956308028399782,0.982101542188264,0.7529662045919985
2022-09-09,1829,1824,1817,-0.1116036638679554,-0.07517841937396844,0.9972662657189721,0.9961622807017544,0.980112357779554,0.771644152912006
2022-09-12,1822,1817,1810,-0.11058145954397901,-0.07764011320707015,0.9972557628979144,0.996147495872317,0.9819751060045128,0.7608302024851165
2022-09-13,1820,1815,1808,-0.11389930299758026,-0.08553828528167375,0.9972527472527473,0.9961432506887052,0.9891686303360037,0.7875898060497084
2022-09-14,1811,1806,1800,-0.10984653347647669,-0.07296422828114041,0.9972390944229708,0.9966777408637874,0.978726286641067,0.7719231336316077
2022-09-15,1819,1814,1807,-0.11836734812775988,-0.0905432720465568,0.9972512369433755,0.996141124586549,0.9873095149632475,0.7242520303881396
2022-09-16,1817,1812,1804,-0.10226720182042912,-0.07959118323154751,0.9972482113373693,0.9955849889624724,0.9829601151590477,0.7319254273863662
2022-09-19,1813,1804,1795,-0.1180773731548696,-0.11176649343207362,0.9950358521787093,0.9950110864745011,0.9842771150113274,0.7703386620508923
2022-09-20,1846,1833,1824,-0.09701432903847464,-0.07530374122849869,0.9929577464788732,0.9950900163666121,0.9882003823728966,0.7636837265390839
2022-09-21,1842,1829,1819,-0.13553620302160885,-0.11703779304462958,0.992942453854506,0.9945325314379442,0.9852455500802245,0.7476737853493959
2022-09-22,1836,1823,1811,-0.12281321854956091,-0.10754387977107292,0.9929193899782135,0.9934174437739989,0.9883344051081556,0.7506103281236167
2022-09-23,1831,1818,1805,-0.1375536434853567,-0.09987618686983747,0.9929000546149646,0.9928492849284929,0.9813902345019552,0.7528110164462855
2022-09-26,1823,1808,1794,-0.14415761881695585,-0.09411192095986037,0.9917718047174986,0.9922566371681416,0.9864394183272063,0.7418776978520969
2022-09-27,1829,1812,1799,-0.13617625520408763,-0.08504489063363385,0.9907053034445052,0.9928256070640177,0.9860555902990068,0.7125099386890038
2022-09-28,1833,1815,1802,-0.1390525073682641,-0.09488711268779071,0.9901800327332242,0.9928374655647383,0.9852009557929816,0.6818897575207282
2022-09-29,1844,1826,1814,-0.11567992592402462,-0.0858593699470573,0.9902386117136659,0.9934282584884995,0.9856976432893116,0.6959127094574197
2022-09-30,1848,1829,1818,-0.12855323251806725,-0.09348438053216888,0.9897186147186147,0.9939857845817387,0.9836470422861041,0.6848846629834797
2022-10-03,1846,1827,1816,-0.11055879817950098,-0.08963202333018255,0.9897074756229686,0.9939792008757526,0.9874502235781114,0.6579763344675676
2022-10-04,1854,1833,1823,-0.1409380495273899,-0.12102233975539388,0.988673139158576,0.994544462629569,0.9891466759846157,0.6724323369587534
2022-10-05,1864,1841,1832,-0.14425502415290206,-0.15163129081833718,0.9876609442060086,0.9951113525258012,0.9856773430283843,0.6767636957771761
2022-10-06,1859,1836,1827,-0.14519276883172927,-0.15623162372886698,0.9876277568585261,0.9950980392156863,0.9892343985482619,0.6735775391944047
2022-10-07,1859,1836,1828,-0.18317789840359816,-0.17043879524883346,0.9876277568585261,0.9956427015250545,0.9892637126600501,0.7016895753143392
2022-10-10,1845,1822,1813,-0.21772207335933902,-0.21455699167212366,0.9875338753387534,0.9950603732162459,0.9878786494190714,0.7182831041180928
2022-10-11,1847,1824,1815,-0.22019999056768108,-0.20308894277422765,0.9875473741201949,0.9950657894736842,0.9867182639211323,0.7139632245990272
2022-10-12,1846,1822,1814,-0.22631552878995465,-0.19381841938006836,0.9869989165763814,0.995609220636663,0.9871228293956148,0.713342355963573
2022-10-13,1842,1818,1811,-0.14149040443737929,-0.10335040654741219,0.9869706840390879,0.9961496149614961,0.9856775985069451,0.7033640209538402
2022-10-14,1832,1813,1806,-0.05900704428719428,-0.040683182216863754,0.9896288209606987,0.9961389961389961,0.9861097097474649,0.6903732310901124
2022-10-17,1825,1808,1801,-0.07354428709058403,-0.06476008416420115,0.9906849315068493,0.9961283185840708,0.9875429991329012,0.6999806567160275
2022-10-18,1794,1778,1772,-0.06401120267089364,-0.05696049802987071,0.9910813823857302,0.9966254218222722,0.9874038572521406,0.6944451080819862
2022-10-19,1791,1776,1771,-0.023782066502936614,-0.01894647901308462,0.9916247906197655,0.9971846846846847,0.9830728127190228,0.7257827827146963
2022-10-20,1780,1766,1762,-0.06117303085685426,-0.05476337532284406,0.9921348314606742,0.9977349943374858,0.9847811750269714,0.7441410563845775
2022-10-21,1782,1770,1765,-0.06100642945961794,-0.047038562167718366,0.9932659932659933,0.9971751412429378,0.9870099366386946,0.7309905615885199
2022-10-24,1778,1768,1763,-0.09658700616403425,-0.0732189336145622,0.9943757030371203,0.9971719457013575,0.9804466420150408,0.7368587736828993
2022-10-25,1779,1769,1763,-0.16333619126044172,-0.13245235462320326,0.9943788645306352,0.996608253250424,0.9756404117599051,0.7701789991626201
2022-10-26,1786,1776,1769,-0.16757569407129774,-0.12219180827738982,0.9944008958566629,0.9960585585585585,0.9849066353661594,0.7913223217797282
2022-10-27,1791,1781,1772,-0.18176919813767425,-0.13391669244627014,0.9944165270798436,0.9949466591802358,0.9782946304288447,0.7989093922915901
2022-10-28,1792,1783,1775,-0.20977228821856317,-0.18491935923410913,0.9949776785714286,0.9955131800336512,0.9751439399030496,0.8177322928545632
2022-10-31,1794,1785,1777,-0.2550804209154593,-0.24232898810506842,0.9949832775919732,0.9955182072829132,0.977209362174495,0.7875425424232404
2022-11-01,1798,1789,1780,-0.19958230605047048,-0.16904750153988193,0.9949944382647385,0.994969256567915,0.9841248744990423,0.7762516724635214
2022-11-02,1804,1794,1785,-0.1524333354247858,-0.10599693655978906,0.9944567627494457,0.9949832775919732,0.9805222943258511,0.7807466266455524
2022-11-03,1797,1787,1776,-0.11741508265433358,-0.08831104805535524,0.9944351697273233,0.9938444320089536,0.9865565322804368,0.7702094024305955
2022-11-04,1802,1792,1782,-0.04219832393855824,-0.053474107811298896,0.9944506104328524,0.9944196428571429,0.9877867991022731,0.7646299550844425
2022-11-07,1810,1800,1790,-0.03471675486406884,-0.059352388453546595,0.994475138121547,0.9944444444444445,0.9889439655999348,0.7300746437195653
2022-11-08,1822,1811,1800,-0.03186760639461679,-0.05748430375029949,0.9939626783754116,0.9939260077305356,0.9807451229371299,0.6953863834823858
2022-11-09,1833,1821,1808,0.015218598487401187,-0.011848326932674782,0.9934533551554828,0.9928610653487095,0.9854808346259365,0.6926166552746047
2022-11-10,1829,1816,1804,-0.08658481945039896,-0.11045980031499618,0.9928922908693275,0.9933920704845814,0.9827720357900965,0.6615044975383062
2022-11-11,1848,1836,1825,-0.08039715766069686,-0.08511035621808204,0.9935064935064936,0.9940087145969498,0.983145300288767,0.6626735084834402
2022-11-14,1863,1851,1838,-0.086665562347991,-0.09053261020360481,0.9935587761674718,0.9929767693138843,0.9820568635388269,0.6392368192434719
2022-11-15,1864,1852,1840,-0.07546341988817326,-0.08780134109464692,0.9935622317596566,0.9935205183585313,0.9830821534850678,0.559553667923269
2022-11-16,1873,1860,1848,-0.041123104133084745,-0.06350696440936761,0.993059263214095,0.9935483870967742,0.9851332091439213,0.5877051275925019
2022-11-17,1871,1858,1845,0.025349505503481373,-0.002614353946163561,0.9930518439337253,0.9930032292787944,0.9868862612864361,0.6245197343227163
2022-11-18,1872,1858,1839,-0.014978583657066034,-0.03443944233614291,0.9925213675213675,0.9897739504843919,0.989466815013729,0.6462178862842389
2022-11-21,1872,1858,1841,0.03207482270809355,-0.009862889935389595,0.9925213675213675,0.9908503767491926,0.9872127840778336,0.6190361110200931
2022-11-22,1870,1855,1839,0.05974090129176857,0.035743347543690886,0.9919786096256684,0.9913746630727763,0.9871494032313307,0.6265148298457979
2022-11-23,1869,1853,1840,0.04200507076714525,0.0171487751759604,0.9914392723381488,0.992984349703184,0.9869978455325182,0.5692038691571437
2022-11-25,1868,1853,1840,-0.02598623833267397,-0.05255316838994397,0.9919700214132763,0.992984349703184,0.9856626210657684,0.45990643009948023
2022-11-28,1866,1850,1838,-0.07314928777541013,-0.1155499776527632,0.9914255091103966,0.9935135135135135,0.9860815074946151,0.44142025078829905
2022-11-29,1851,1836,1824,-0.011605092471010783,-0.038064869264437695,0.9918962722852512,0.9934640522875817,0.9891728362488784,0.513530272254487
2022-11-30,1852,1839,1827,-0.011292483725568809,-0.05523410963824996,0.9929805615550756,0.9934747145187602,0.9845897928745483,0.5157426368853226
2022-12-01,1848,1835,1822,-0.02352099443498035,-0.09067273488258908,0.9929653679653679,0.9929155313351499,0.983015014336584,0.5628459568182295
2022-12-02,1859,1846,1834,-0.06392142142400663,-0.10241831734649771,0.993006993006993,0.9934994582881906,0.9801549100329344,0.5714049897451489
2022-12-05,1860,1847,1832,-0.04321578116273046,-0.09408324912522827,0.9930107526881721,0.991878722252301,0.9733530685521211,0.5904717722483716
2022-12-06,1852,1843,1829,-0.036918229503211844,-0.08781548634139973,0.9951403887688985,0.9924036896364623,0.9756204304545025,0.611908959520671
2022-12-07,1840,1832,1821,-0.0584317757082,-0.10705307835568226,0.9956521739130435,0.993995633187773,0.9783912352616883,0.6360354283648427
2022-12-08,1829,1821,1809,-0.08030734670996352,-0.13454006593120224,0.9956260251503554,0.9934102141680395,0.9680934761513633,0.6998946822656951
2022-12-09,1826,1819,1808,-0.03345654245433505,-0.06387805029845041,0.9961664841182913,0.9939527212754261,0.9706119431819431,0.734965256568517
2022-12-12,1822,1816,1806,-0.020667019087931053,-0.011219708730248901,0.9967069154774972,0.9944933920704846,0.9716008548627513,0.7365298171058166
2022-12-13,1813,1806,1795,-0.006773186203402265,0.0200785980461618,0.9961389961389961,0.9939091915836102,0.9641219431866825,0.7401146830707156
2022-12-14,1804,1797,1787,-0.03137959963071667,0.027093735706815916,0.996119733924612,0.9944351697273233,0.9755477124532699,0.7655004896212575
2022-12-15,1814,1807,1798,-0.02461535708256414,0.03320547241333922,0.996141124586549,0.9950193691200886,0.9825827338562816,0.7489916992793519
2022-12-16,1805,1798,1791,-0.02179381893210921,0.022360630968088668,0.9961218836565097,0.9961067853170189,0.9848939907423,0.761562765863617
2022-12-19,1814,1807,1798,-0.0489542573780928,-0.04069964772684894,0.996141124586549,0.9950193691200886,0.9851100292905838,0.7548069399043826
2022-12-20,1848,1842,1833,-0.039373316549578444,-0.02284191952996514,0.9967532467532467,0.995114006514658,0.9886617168015382,0.718663523695408
2022-12-21,1849,1843,1833,-0.04367417196157944,-0.031220974843031723,0.9967550027041644,0.9945740640260445,0.9758692968164651,0.6942352961570988
2022-12-22,1844,1838,1831,-0.011583961342730048,0.00801055579142071,0.9967462039045553,0.9961915125136017,0.9622111027788487,0.6674126102103173
2022-12-23,1842,1836,1828,-0.058956061821039206,-0.057858856974829294,0.996742671009772,0.9956427015250545,0.985104584792558,0.6191380455225701
2022-12-27,1842,1836,1828,-0.06568382263077675,-0.054955686233410087,0.996742671009772,0.9956427015250545,0.981631716635135,0.6199266673639923
2022-12-28,1840,1834,1827,-0.0761817531990519,-0.04787092899718455,0.9967391304347826,0.9961832061068703,0.9861007430864405,0.6317296703434704
2022-12-29,1838,1832,1826,-0.05740052309861914,-0.019096188568788492,0.9967355821545157,0.9967248908296943,0.9783100157360104,0.6299945983544636
2022-12-30,1842,1836,1831,-0.0327234982110912,0.025068999824414188,0.996742671009772,0.9972766884531591,0.9803878819769658,0.61076312431289
2023-01-03,1833,1827,1820,-0.05024950025143821,-0.02229773979191855,0.9967266775777414,0.9961685823754789,0.9868315376491749,0.6227312236472792
2023-01-04,1832,1826,1817,-0.05459678079386401,-0.035335913415760464,0.9967248908296943,0.9950711938663745,0.9855041379710693,0.6039779914509465
2023-01-05,1837,1830,1822,-0.05051434553589152,-0.014765272842913476,0.9961894393032118,0.9956284153005465,0.9840587304489585,0.5988191393613864
2023-01-06,1833,1826,1818,-0.04981476514515642,-0.004003810390288345,0.9961811238406983,0.9956188389923329,0.9768053002585799,0.6037070551614964
2023-01-09,1835,1828,1821,-0.06643577161807393,-0.033545857987019215,0.9961852861035423,0.9961706783369803,0.9826687865533595,0.6132315119076328
2023-01-10,1836,1830,1823,-0.023917676434439514,-0.0221123240798792,0.9967320261437909,0.9961748633879781,0.9822560660766166,0.6122960443297163
2023-01-11,1842,1837,1831,-0.041275709292495466,-0.050851342867773965,0.99728555917481,0.9967338051170387,0.9754852561073409,0.6024678187658988
2023-01-12,1847,1840,1836,-0.028392527734495316,-0.04423349408756057,0.9962100703844071,0.9978260869565218,0.9788336327326804,0.6074912690188478
2023-01-13,1851,1844,1840,-0.014484412772432283,-0.03388168148576418,0.9962182603997839,0.9978308026030369,0.9779677709623669,0.6115171621530997
2023-01-17,1850,1842,1838,0.02181834577319869,0.010255557711524647,0.9956756756756757,0.997828447339848,0.9801878773728804,0.6312441632989886
2023-01-18,1842,1836,1832,0.018487601025214424,0.01971884810049404,0.996742671009772,0.9978213507625272,0.9776714617707184,0.6314252462964811
2023-01-19,1840,1833,1829,0.03682885888970235,0.04664384766220854,0.996195652173913,0.9978177850518276,0.9627843701383719,0.6260300319680938
2023-01-20,1802,1795,1792,0.04179662814352929,0.05084962940816216,0.9961154273029966,0.9983286908077994,0.9799716789105792,0.6509152629362271
2023-01-23,1796,1789,1786,0.051396761036885855,0.03215045499234487,0.9961024498886414,0.9983230855226384,0.9832019512800374,0.6394386882454948
2023-01-24,1797,1790,1787,-0.0007567079395586128,-0.012888516851286294,0.9961046188091264,0.9983240223463687,0.9765173303118869,0.6340370051273103
2023-01-25,1796,1789,1784,-0.022144651952295723,-0.010802202518495523,0.9961024498886414,0.9972051425377306,0.9698499466789129,0.6771277248552943
2023-01-26,1797,1790,1784,-0.032439234095588444,-0.015386219023371846,0.9961046188091264,0.9966480446927374,0.9478109434842387,0.6793537520946336
2023-01-27,1801,1794,1788,0.02164065756897259,0.030533483196018014,0.9961132704053304,0.9966555183946488,0.9669534669793457,0.6852782508525633
2023-01-30,1812,1805,1799,0.02808633650156576,0.034344122295932145,0.9961368653421634,0.9966759002770084,0.9788387310171941,0.7059422723333516
2023-01-31,1815,1808,1802,0.08084098982095644,0.07682712911042082,0.9961432506887052,0.9966814159292036,0.9708989088549141,0.7103297185525214
2023-02-01,1819,1812,1805,0.06611912007722553,0.05586916701062041,0.9961517317207257,0.9961368653421634,0.976577584818219,0.7330256129896208
2023-02-02,1826,1820,1813,0.06733819304969618,0.05690803440462099,0.9967141292442497,0.9961538461538462,0.9719203647078353,0.7370543465228523
2023-02-03,1839,1833,1825,0.03640355449179623,0.006017638753216943,0.9967373572593801,0.9956355701036552,0.9797943129076582,0.7440062341098667
2023-02-06,1843,1837,1828,0.05867156323006137,0.016163347222549647,0.9967444384156267,0.995100707675558,0.9835363448383727,0.7655821992023253
2023-02-07,1847,1840,1831,0.0852643832067742,0.028910716281769125,0.9962100703844071,0.9951086956521739,0.9745514721230721,0.7696989490301743
2023-02-08,1848,1841,1832,0.06655767958661653,0.02330749105604283,0.9962121212121212,0.9951113525258012,0.9803316037429183,0.7478705003076176
2023-02-09,1852,1846,1836,0.030995899858220207,-0.01399422179794433,0.9967602591792657,0.9945828819068255,0.9830737406710367,0.7600209660093757
2023-02-10,1842,1836,1823,0.03142346234013269,0.003906346683513006,0.996742671009772,0.9929193899782135,0.9822964576389279,0.7692399794603367
2023-02-13,1847,1841,1828,0.025268597879354527,-0.012397806602793243,0.9967514889009204,0.9929386203150462,0.9889049557162881,0.76518666283577
2023-02-14,1837,1831,1818,0.0394047211542504,-0.008266387980993209,0.9967338051170387,0.9929000546149646,0.9882749165755399,0.7773545112266994
2023-02-15,1840,1835,1822,0.061124962498153086,0.016307466435768195,0.9972826086956522,0.9929155313351499,0.989103227302236,0.7686009580094846
2023-02-16,1839,1834,1821,0.06027153212881598,0.0158013328336868,0.9972811310494835,0.9929116684841875,0.9827097575340988,0.7796226688209064
2023-02-17,1834,1829,1816,0.07952061101516875,0.031483069121080114,0.9972737186477645,0.9928922908693275,0.9883157150373604,0.7628462583778072
2023-02-21,1833,1828,1814,0.07554003352388416,0.05030209103864217,0.9972722313147845,0.9923413566739606,0.9866776168226775,0.7534854431228925
2023-02-22,1826,1821,1808,0.07520283558278106,0.05645728380363286,0.9972617743702081,0.9928610653487095,0.9857166478073248,0.7510071548381281
2023-02-23,1831,1825,1813,0.111290357034462,0.08030014219600316,0.9967231021299836,0.9934246575342466,0.985442997239862,0.7610709306075363
2023-02-24,1836,1830,1819,0.10041060351819694,0.05782198195775452,0.9967320261437909,0.9939890710382514,0.9748606077045523,0.7609245826645905
2023-02-27,1843,1836,1824,0.08456522490306922,0.02965181742067733,0.9962018448182312,0.9934640522875817,0.9867534558720819,0.7585986988577408
2023-02-28,1840,1833,1821,0.09070535392200299,0.009795306352486913,0.996195652173913,0.9934533551554828,0.9838037180325608,0.7703067918579652
2023-03-01,1834,1828,1819,0.052152151956994935,-0.010251475582225266,0.9967284623773174,0.9950765864332604,0.9826627404147597,0.7732807592933612
2023-03-02,1840,1833,1823,0.05388255364032625,-0.014365742923779004,0.996195652173913,0.994544462629569,0.9780777106874928,0.7608335613193936
2023-03-03,1837,1832,1822,0.07728749145978539,0.022387041278116766,0.9972781709308656,0.9945414847161572,0.9843352767784413,0.7508296340901104
2023-03-06,1838,1831,1822,0.06628682716701345,0.009365173826079447,0.9961915125136017,0.9950846531949754,0.9825656706210522,0.7457134490481183
2023-03-07,1838,1833,1824,0.0469743215756773,-0.016062315181999194,0.9972796517954298,0.9950900163666121,0.9840346316371018,0.7468073933859294
2023-03-08,1838,1832,1822,0.03612950424423588,-0.04848585728818744,0.9967355821545157,0.9945414847161572,0.9867043180229025,0.7406435544203945
2023-03-09,1845,1840,1830,0.019241829047339225,-0.06773663547920446,0.997289972899729,0.9945652173913043,0.9849299938431283,0.7239273821334933
2023-03-10,1839,1835,1826,0.02501718766102495,-0.04959710283816346,0.9978249048395867,0.9950953678474115,0.9827782108147303,0.7310786904605567
2023-03-13,1834,1830,1823,0.03606823345798946,-0.03621443421337065,0.9978189749182116,0.9961748633879781,0.9827385317351225,0.7307679094442212
2023-03-14,1847,1843,1836,0.027341430145606187,-0.03432084768472736,0.9978343259339469,0.9962018448182312,0.9902325746228492,0.7171872647595393
2023-03-15,1852,1848,1841,0.028367833250236597,-0.00819109042863149,0.9978401727861771,0.9962121212121212,0.9889111924258854,0.7313145508707133
2023-03-16,1864,1859,1852,0.036632186547990185,0.007592886425909302,0.9973175965665236,0.9962345346960731,0.9826815151958972,0.712155347880209
2023-03-17,1872,1867,1860,0.01970758382689002,-0.005066940025465759,0.9973290598290598,0.9962506695232994,0.9757976181048853,0.7024102552179288
2023-03-20,1872,1867,1861,0.05109659238067029,0.032046406872154085,0.9973290598290598,0.9967862881628281,0.9836526251909957,0.6673234535676206
2023-03-21,1893,1888,1883,0.0665126044584242,0.012458698413819176,0.9973586899101955,0.9973516949152542,0.9808700503345691,0.6516040216477833
2023-03-22,1899,1894,1889,0.039910541844337476,-0.00021174868933070983,0.9973670352817272,0.9973600844772967,0.9846010735331916,0.6714402610227881
2023-03-23,1891,1886,1881,0.0073041025454668425,-0.04870588444875647,0.997355896351137,0.9973488865323435,0.9840072286638124,0.6741822221146474
2023-03-24,1889,1884,1880,0.00721050083241409,-0.03148676220513413,0.9973530968766543,0.9978768577494692,0.9860118059117289,0.6601287113209162
2023-03-27,1888,1883,1880,-0.0033247904121263003,-0.029242099982534648,0.9973516949152542,0.9984067976633032,0.9779425933216132,0.6397429862386441
2023-03-28,1889,1884,1881,-0.026873218934842857,-0.05771622110938533,0.9973530968766543,0.9984076433121019,0.9841974199439193,0.6725456184570069
2023-03-29,1883,1878,1876,0.023577952562493114,-0.008706592314324621,0.997344662772172,0.9989350372736954,0.9860615934848991,0.6836668968151224
2023-03-30,1878,1873,1871,0.037229540015405745,0.0015795129614414524,0.9973375931842385,0.99893219434063,0.9836751998645592,0.6722015278086405
2023-03-31,1871,1867,1864,0.054771063281689326,0.023009352388858328,0.9978621058257616,0.998393144081414,0.9869216528728235,0.6700487289319275
2023-04-03,1874,1870,1866,0.10435543128362813,0.10289813211108564,0.9978655282817502,0.9978609625668449,0.9833255136862862,0.6186677883452049
2023-04-04,1879,1874,1870,0.04971601393073066,0.06716420511751411,0.9973390101117616,0.9978655282817502,0.9828224477363922,0.6103556910178219
2023-04-05,1873,1869,1863,0.031822235963529434,0.053952181196140175,0.99786438868126,0.9967897271268058,0.9821727078525937,0.6158819278186297
2023-04-06,1870,1865,1859,0.028376154597201494,0.05346008499002584,0.9973262032085561,0.9967828418230563,0.9710797970546744,0.6008528841865772
2023-04-10,1865,1860,1855,0.04169048021108975,0.07852106432456185,0.9973190348525469,0.9973118279569892,0.9872909973940913,0.6320594395855568
2023-04-11,1859,1853,1848,0.014983362054775856,0.06807970778208279,0.9967724583109199,0.9973016729627631,0.9822193492835858,0.6192297400827572
2023-04-12,1857,1851,1846,0.05020030854019616,0.08883935849033048,0.9967689822294022,0.9972987574284171,0.9893119880908127,0.6433798924436552
2023-04-13,1854,1849,1844,0.0651768548352114,0.09245563902857384,0.9973031283710896,0.9972958355868037,0.9798986384694656,0.6249726494993285
2023-04-14,1853,1848,1843,0.07618963062129176,0.09239206501326908,0.9973016729627631,0.9972943722943723,0.9829112966440732,0.6432176916427444
2023-04-17,1844,1838,1832,0.059622827832388384,0.09063147633957787,0.9967462039045553,0.9967355821545157,0.9816774738189671,0.6184405858547651
2023-04-18,1834,1828,1821,0.04721590621393262,0.07265841015147047,0.9967284623773174,0.9961706783369803,0.9880026706709092,0.6475755222137451
2023-04-19,1795,1788,1781,0.03753039708150287,0.05532259551778953,0.996100278551532,0.9960850111856824,0.9836862054545724,0.6741444382046288
2023-04-20,1793,1786,1779,0.026834611289560002,0.053297034556736844,0.9960959286112661,0.996080627099664,0.9831206499329775,0.665196147293964
2023-04-21,1779,1772,1765,0.03052146451936382,0.06055153330922578,0.9960652051714446,0.9960496613995485,0.9825217756623567,0.6834950584281398
2023-04-24,1775,1770,1763,0.014353009977739932,0.03353615012306305,0.9971830985915493,0.996045197740113,0.9826608343946769,0.7072801922794849
2023-04-25,1776,1771,1764,-0.018643502046681602,-0.02994742251344014,0.9971846846846847,0.9960474308300395,0.9886435827113706,0.7284922376395188
2023-04-26,1778,1773,1766,-0.010892751590365698,-0.016305876172569553,0.9971878515185602,0.9960518894529047,0.9822170364586071,0.7300317350534845
2023-04-27,1777,1772,1765,0.011658386058883105,-0.0012787498003317566,0.9971862689926843,0.9960496613995485,0.9802420845508533,0.7270838012226332
2023-04-28,1780,1775,1768,0.04420045966495566,0.022203735048771933,0.9971910112359551,0.9960563380281691,0.9745830306300911,0.7295612110444454
2023-05-01,1774,1769,1764,0.03417584894340744,0.018953923804220146,0.9971815107102593,0.9971735443753533,0.9671482406967321,0.744559373642377
2023-05-02,1770,1766,1762,0.0350440983447452,-0.015009321381877577,0.9977401129943503,0.9977349943374858,0.9839189636837262,0.7590834397518711
2023-05-03,1756,1752,1749,0.04684064165946072,-0.04019416428310693,0.9977220956719818,0.9982876712328768,0.9839635249631523,0.7746786121184112
2023-05-04,1759,1756,1751,-0.05325043141087829,-0.12762489648073624,0.9982944855031268,0.9971526195899773,0.9812940661899158,0.7732584061090191
2023-05-05,1758,1755,1750,0.00732053040976085,-0.08501755275208721,0.9982935153583617,0.9971509971509972,0.9756510482448663,0.7514881166814517
2023-05-08,1766,1764,1759,-0.07299004215755003,-0.15237202599917413,0.9988674971687429,0.9971655328798186,0.9746412345723436,0.7295113823934269
2023-05-09,1774,1772,1767,-0.1351617041215514,-0.205931548504324,0.9988726042841037,0.9971783295711061,0.9861497916997395,0.7208034955587777
2023-05-10,1773,1771,1766,-0.1319040924340137,-0.21230896480378034,0.9988719684151156,0.9971767363071711,0.9825499231006946,0.7169546232861699
2023-05-11,1773,1770,1765,-0.16694340720388717,-0.23496992661658384,0.9983079526226735,0.9971751412429378,0.9811023780344091,0.720781397143238
2023-05-12,1786,1785,1781,-0.10307101071088826,-0.1792960826258622,0.9994400895856663,0.9977591036414566,0.9896776711444849,0.7378556058097885
2023-05-15,1784,1783,1780,-0.0982917326637028,-0.17790887058115137,0.999439461883408,0.9983174425126192,0.9868388671721867,0.7254422172003304
2023-05-16,1789,1788,1783,-0.07427320290896293,-0.1696658103781686,0.9994410285075461,0.9972035794183445,0.9900994118796876,0.7380704049654029
2023-05-17,1792,1790,1784,-0.04992469716413858,-0.12970660907084705,0.9988839285714286,0.9966480446927374,0.9882584830890107,0.7355719535868412
2023-05-18,1802,1800,1793,-0.055259269359795554,-0.13105012110788647,0.9988901220865705,0.9961111111111111,0.9909824647348294,0.7259745733493299
2023-05-19,1802,1799,1791,-0.018441341499607924,-0.10524925271475764,0.9983351831298557,0.9955530850472485,0.9946829574348641,0.709530712077326
2023-05-22,1808,1804,1795,-0.023464487688717523,-0.0797479854649678,0.9977876106194691,0.9950110864745011,0.9891026557606895,0.7199752890596982
2023-05-23,1808,1804,1795,0.042580799297300215,0.0313793526361226,0.9977876106194691,0.9950110864745011,0.9892944931620621,0.7117896155357138
2023-05-24,1814,1810,1802,0.0409489778804046,0.03333686164946035,0.9977949283351709,0.9955801104972376,0.9851360996641415,0.7128327917038481
2023-05-25,1810,1806,1798,0.026982613193086,0.022228361687760437,0.9977900552486187,0.9955703211517165,0.9820009974591548,0.721978669957047
2023-05-26,1805,1801,1792,0.03666340428893313,0.027818602280251025,0.9977839335180055,0.9950027762354248,0.9860026205734056,0.7285565100483893
2023-05-30,1808,1804,1795,0.04035639039671611,0.029194863012696737,0.9977876106194691,0.9950110864745011,0.9864341462986634,0.7186591986984983
2023-05-31,1808,1803,1793,0.010417547300436699,-0.014719274373932268,0.9972345132743363,0.9944536882972823,0.9848554712183722,0.7039575335041409
2023-06-01,1812,1807,1800,0.04516467036632549,0.040503415793235395,0.9972406181015453,0.9961261759822911,0.9793858346807244,0.7052556184121661
2023-06-02,1821,1817,1810,0.06989594103418821,0.09140432599700901,0.9978034047226798,0.996147495872317,0.9788887558596707,0.7178372661002955
2023-06-05,1822,1818,1811,0.05368811139405128,0.06608720614882199,0.9978046103183315,0.9961496149614961,0.9804141018026767,0.7234992001938891
2023-06-06,1820,1816,1809,0.08483682170728832,0.10707119522257037,0.9978021978021978,0.9961453744493393,0.9867297516738938,0.7250085543013768
2023-06-07,1819,1815,1808,0.1106889499856804,0.11681489064968623,0.9978009895547004,0.9961432506887052,0.9796291742042423,0.7233755466943032
2023-06-08,1825,1821,1814,0.11499180682474915,0.1170974472797237,0.9978082191780822,0.9961559582646897,0.9782743460347905,0.7268368940137193
2023-06-09,1826,1822,1815,0.13481053511885885,0.08568919768972842,0.9978094194961665,0.9961580680570802,0.9825560421097298,0.7269241853438639
2023-06-12,1829,1824,1816,0.1056930661667151,0.055969171310971684,0.9972662657189721,0.9956140350877193,0.9847879614353668,0.7367776163198778
2023-06-13,1826,1821,1814,0.11830084498160663,0.07684586347224692,0.9972617743702081,0.9961559582646897,0.9762206672625302,0.7275166313153572
2023-06-14,1829,1824,1818,0.113875011869812,0.07153524258478668,0.9972662657189721,0.9967105263157895,0.9883195463774722,0.7305436150055786
2023-06-15,1830,1826,1821,0.09948141464633264,0.07091358866007724,0.9978142076502732,0.9972617743702081,0.9885708755205332,0.7412089002690604
2023-06-16,1833,1829,1825,0.0763265515913963,0.0434128794130445,0.9978177850518276,0.9978130125751777,0.9887047730331229,0.7261988912666246
2023-06-20,1830,1827,1823,0.06536364967689368,0.006526462457248677,0.9983606557377049,0.9978106185002736,0.9866202368613695,0.7479257629564091
2023-06-21,1855,1851,1847,0.019499169646325445,-0.053752337857891595,0.997843665768194,0.9978390059427337,0.9812150768961809,0.7415198458935822
2023-06-22,1856,1852,1848,-0.003920477381291262,-0.08405866909051153,0.9978448275862069,0.9978401727861771,0.992308322425032,0.7447981386312038
2023-06-23,1857,1853,1849,-0.013349084408921557,-0.10584112611695094,0.9978459881529348,0.9978413383702105,0.9881269712509967,0.7106086641361511
2023-06-26,1855,1851,1848,0.034274459299695026,-0.06297206202040699,0.997843665768194,0.9983792544570502,0.9840052818270459,0.738402686706528
2023-06-27,1893,1889,1886,-0.02722098239599041,-0.12469808399892142,0.9978869519281564,0.9984118581259925,0.9834330174058226,0.7542266137509711
2023-06-28,1902,1899,1897,-0.04695632564069662,-0.11714454734129598,0.998422712933754,0.9989468141126909,0.979951365218587,0.7504606197302274
2023-06-29,1897,1894,1892,-0.031645945531626585,-0.09577543299029963,0.9984185556141276,0.9989440337909187,0.9802655890899962,0.7513111501646275
2023-06-30,1901,1898,1895,-0.021179296222609008,-0.0969544856732848,0.9984218832193582,0.9984193888303478,0.9858398769397562,0.7676857049565967
2023-07-03,1901,1897,1894,0.0101426015109926,-0.0607525823824545,0.9978958442924777,0.9984185556141276,0.9739418565262413,0.7642585200362927
2023-07-05,1904,1900,1896,-0.020984995027839848,-0.0740598629774033,0.9978991596638656,0.9978947368421053,0.9817088813697118,0.7880588055825904
2023-07-06,1893,1889,1885,-0.037259888290233224,-0.09628939608182557,0.9978869519281564,0.9978824775013234,0.9847839652978279,0.792406844939191
2023-07-07,1895,1890,1886,-0.03051264815757882,-0.06807949911763864,0.9973614775725593,0.9978835978835979,0.9837347225966759,0.7725462325427769
2023-07-10,1892,1887,1883,-0.032100800065432686,-0.05251138982888709,0.9973572938689218,0.9978802331743508,0.9858290294902284,0.7638388156861556
2023-07-11,1895,1891,1887,-0.03786735864906664,-0.0512528666758316,0.9978891820580474,0.9978847170809095,0.9851240518022844,0.7817473189253584
2023-07-12,1892,1888,1884,-0.061844850958720214,-0.06550598370771679,0.9978858350951374,0.9978813559322034,0.9876141666671312,0.7696194395107232
2023-07-13,1887,1883,1878,-0.06479635439342314,-0.07836146411858644,0.9978802331743508,0.997344662772172,0.9855974932423432,0.7771725548010274
2023-07-14,1896,1892,1887,-0.08514385961107471,-0.10812651038315509,0.9978902953586498,0.9973572938689218,0.9870139764868765,0.7622114985823311
2023-07-17,1883,1879,1873,-0.06696424906385748,-0.09994049933991567,0.9978757302177377,0.9968068121341139,0.9863742994939737,0.7621603079830712
2023-07-18,1879,1875,1869,-0.013804584424105246,-0.029882702020533836,0.9978712080894092,0.9968,0.9854960791479157,0.7541648124437867
2023-07-19,1874,1870,1864,-0.006482024446011488,-0.014545689960304071,0.9978655282817502,0.9967914438502674,0.982204389387187,0.7604607271335415
2023-07-20,1848,1844,1838,-0.028637253750163103,-0.04208354932737497,0.9978354978354979,0.9967462039045553,0.9823019240448867,0.7467209170144381
2023-07-21,1846,1842,1836,-0.04485435558588679,-0.054346748565747637,0.9978331527627302,0.996742671009772,0.9783048425374662,0.7390491267960171
2023-07-24,1843,1839,1832,0.032465775653183364,0.03755489117369457,0.9978296256104178,0.9961935834692768,0.9885424990102226,0.7391360775725347
2023-07-25,1846,1842,1834,0.026484566046332803,0.04111185251890827,0.9978331527627302,0.995656894679696,0.9868042731018515,0.7427579649949505
2023-07-26,1802,1800,1792,0.06497941152798589,0.09314822575816967,0.9988901220865705,0.9955555555555555,0.9823442906266113,0.7444365047495415
2023-07-27,1805,1803,1794,0.04112925179027298,0.06189519508933936,0.9988919667590028,0.9950083194675541,0.9711044246108225,0.7110032227056489
2023-07-28,1802,1800,1792,0.062006612096067316,0.11189734910042741,0.9988901220865705,0.9955555555555555,0.981630258160805,0.7080357176338528
2023-07-31,1805,1803,1795,0.05196045457932718,0.0944790397913658,0.9988919667590028,0.9955629506378258,0.9888796833119854,0.7113415867512973
2023-08-01,1799,1797,1791,0.049059277593780266,0.08520521017564543,0.9988882712618121,0.996661101836394,0.980303148289249,0.7105639872601944
2023-08-02,1795,1793,1787,0.05966488435947509,0.08375449403163375,0.9988857938718663,0.9966536530953709,0.983803881946755,0.7222250219427852
2023-08-03,1798,1797,1791,0.08888869848888283,0.11215293513323471,0.9994438264738599,0.996661101836394,0.9787381028769137,0.6916025106996705
2023-08-04,1809,1808,1801,0.058802835213438806,0.07520509939908833,0.9994472084024323,0.9961283185840708,0.9814440894803813,0.6785743982119502
2023-08-07,1800,1799,1791,0.05638300964034682,0.06792971992845312,0.9994444444444445,0.9955530850472485,0.9869020428222951,0.5920521318468279
2023-08-08,1804,1803,1794,0.0704569232936672,0.09473928501561502,0.9994456762749445,0.9950083194675541,0.9878548637828793,0.5778123645099044
2023-08-09,1801,1800,1792,0.11447276473348111,0.13762718502146082,0.9994447529150472,0.9955555555555555,0.9785515178864093,0.5417180728540366
2023-08-10,1810,1809,1801,0.12225156327267418,0.13871543802585942,0.9994475138121547,0.9955776672194583,0.9768584793752895,0.5444366574936588
2023-08-11,1812,1811,1804,0.11907434125981212,0.13384946997790312,0.9994481236203091,0.996134732192159,0.9822581172928198,0.5147651162700856
2023-08-14,1816,1815,1808,0.06632351295396907,0.07654199126296841,0.9994493392070485,0.9961432506887052,0.9824429903597715,0.5219106259328928
2023-08-15,1815,1814,1806,0.010783001813906337,0.01958258944860862,0.9994490358126722,0.9955898566703418,0.9820087661319331,0.5717564156694082
2023-08-16,1812,1811,1803,-0.009908645261913313,-0.0037285290651261796,0.9994481236203091,0.9955825510767532,0.9782168039927476,0.581556287488964
2023-08-17,1807,1806,1798,0.011092915558871111,0.025010329174330125,0.9994465965688988,0.9955703211517165,0.981410170242873,0.5663693719211057
2023-08-18,1802,1801,1794,0.031026948830125647,0.05275915043214179,0.9994450610432852,0.9961132704053304,0.9855191339454136,0.5521702868103027
2023-08-21,1800,1799,1793,-0.0177861206533936,0.01204640459900198,0.9994444444444445,0.9966648137854364,0.9794862456334339,0.5600000358527747
2023-08-22,1805,1804,1798,-0.03295763305809492,-0.01495878200067931,0.9994459833795014,0.9966740576496674,0.9745420452120261,0.580948425785934
2023-08-23,1799,1798,1793,-0.07747179570908183,-0.03623621768668779,0.9994441356309061,0.9972191323692993,0.975433736457172,0.5868126961323392
2023-08-24,1798,1797,1791,-0.05221737517716891,-0.016330680738087907,0.9994438264738599,0.996661101836394,0.9842256277310429,0.6217026987540941
2023-08-25,1797,1796,1790,-0.027829199074885663,0.003022392121909772,0.9994435169727324,0.9966592427616926,0.9813612643975325,0.6024874289425571
2023-08-28,1787,1786,1780,-0.0551252887117807,-0.0004889344195105074,0.9994404029099049,0.9966405375139977,0.9839609977930525,0.6149943375728503
2023-08-29,1789,1788,1781,-0.046480404383381656,0.014249698043678198,0.9994410285075461,0.9960850111856824,0.9827037903702741,0.5763829487618702
2023-08-30,1785,1784,1777,-0.03705588198565871,0.023424575815914783,0.9994397759103641,0.9960762331838565,0.9753119062591473,0.5847306849055788
2023-08-31,1777,1776,1769,-0.03160080237486146,0.02258701566301661,0.9994372537985369,0.9960585585585585,0.9703239629000847,0.6107902664331669
2023-09-01,1773,1772,1767,0.006231397775815362,0.05829535246482903,0.9994359842075579,0.9971783295711061,0.9470829648798489,0.6591994142482696
2023-09-05,1768,1767,1763,-0.004786395714260743,0.0502384865514752,0.9994343891402715,0.9977362761743067,0.9726523893488498,0.7073772531755816
2023-09-06,1763,1762,1758,-0.02161320006546645,0.053160612433075634,0.9994327850255247,0.9977298524404086,0.9686857662299746,0.7198292273695894
2023-09-07,1761,1760,1756,-0.04770949805911805,0.02645351796537489,0.9994321408290744,0.9977272727272727,0.9726453113124995,0.7505915228166314
2023-09-08,1750,1749,1745,-0.0423011327965434,-0.01342602767804066,0.9994285714285714,0.9977129788450543,0.9785942239647929,0.759032015798217
2023-09-11,1750,1749,1745,-0.020647548390216423,0.02016153262382577,0.9994285714285714,0.9977129788450543,0.9838283118648026,0.7725983688266569
2023-09-12,1747,1746,1742,-0.03558677289232146,-0.01463485112246832,0.9994275901545506,0.997709049255441,0.9831959050258501,0.7787307083102359
2023-09-13,1752,1751,1748,0.024931339668660735,0.034222598281280395,0.9994292237442922,0.9982866933181039,0.9866201059942867,0.7762261207405311
2023-09-14,1744,1743,1739,0.04201602260469386,0.06188319060241571,0.9994266055045872,0.9977051061388411,0.984494173818918,0.7773521636363754
2023-09-15,1744,1743,1739,0.05524990119785317,0.0795454551159112,0.9994266055045872,0.9977051061388411,0.9846810108719004,0.7717022909138376
2023-09-18,1750,1749,1744,0.04409774430972834,0.06904000127410313,0.9994285714285714,0.9971412235563178,0.9911540276858447,0.7805469496083955
2023-09-19,1797,1796,1791,0.054158760874325085,0.06907687880744505,0.9994435169727324,0.9972160356347439,0.9827724952006709,0.7581129183601175
2023-09-20,1793,1791,1785,0.04329421427945254,0.07656511281064984,0.9988845510317903,0.9966499162479062,0.9864649539491543,0.7747926147240075
2023-09-21,1793,1791,1785,0.049356630892380744,0.06976613522896742,0.9988845510317903,0.9966499162479062,0.9885823050921361,0.7424921223971997
2023-09-22,1786,1784,1778,0.011734138586943842,0.0308604042460246,0.9988801791713325,0.9966367713004485,0.9881736314878684,0.7296343373010985
2023-09-25,1788,1786,1780,0.0032664778864809727,0.026136372401258635,0.9988814317673378,0.9966405375139977,0.9852483106965607,0.7290482187353104
2023-09-26,1788,1786,1781,-0.01975594811278443,-0.003743517054433175,0.9988814317673378,0.9972004479283315,0.983185024008104,0.7227919710161651
2023-09-27,1793,1791,1785,-0.05727407753141362,-0.05345720469478247,0.9988845510317903,0.9966499162479062,0.9805137017253402,0.7064670881358303
2023-09-28,1795,1793,1788,-0.08537904224702608,-0.06799347011258809,0.9988857938718663,0.9972113775794758,0.9894289823183071,0.6963711166156106
2023-09-29,1795,1793,1788,-0.07388894442765868,-0.07425557444288952,0.9988857938718663,0.9972113775794758,0.9854938942491922,0.6892346952517141
2023-10-02,1797,1795,1790,-0.07129950614877999,-0.06754440616404483,0.9988870339454646,0.9972144846796658,0.9852658859840561,0.6914191594541746
2023-10-03,1786,1784,1779,-0.04752292391468197,-0.03659855367426334,0.9988801791713325,0.9971973094170403,0.9836511621882645,0.6937856947475541
2023-10-04,1787,1785,1780,-0.026844617467245178,-0.015368133803627917,0.9988808058198098,0.9971988795518207,0.9872953232623115,0.695543071846218
2023-10-05,1786,1783,1777,-0.008636409481643901,-0.010254774091351657,0.9983202687569989,0.9966348850252383,0.9870284172819009,0.691033188852338
2023-10-06,1787,1784,1777,-0.012340207673415928,-0.012233821072370508,0.9983212087297146,0.9960762331838565,0.9885479729990843,0.6880675472773808
2023-10-09,1787,1784,1777,-0.015365484468189533,-0.02596764571183989,0.9983212087297146,0.9960762331838565,0.9850008720724029,0.6881005586558833
2023-10-10,1784,1781,1774,-0.011914110155493292,-0.01495285618064791,0.9983183856502242,0.99606962380685,0.9866112835993436,0.6747171461472229
2023-10-11,1779,1776,1768,-0.06743770059473297,-0.060637269301788366,0.9983136593591906,0.9954954954954955,0.9845295912180456,0.6973657743235986
2023-10-12,1781,1778,1767,-0.09253933868407153,-0.08300583925103305,0.9983155530600786,0.9938132733408324,0.9877040983832568,0.6982653807126467
2023-10-13,1771,1767,1756,-0.09190026967490553,-0.06355168133748573,0.9977413890457368,0.9937747594793436,0.9881035095908859,0.711491356254312
2023-10-16,1765,1761,1751,-0.07420219652588177,-0.04471858071596774,0.9977337110481587,0.9943214082907439,0.9838114935564338,0.6961491477958819
2023-10-17,1717,1714,1704,-0.05923121813472915,-0.05363470300608522,0.9982527664531159,0.9941656942823804,0.9852966180068754,0.6985941973022434
2023-10-18,1715,1712,1703,-0.07736149038218199,-0.07586562345868272,0.9982507288629737,0.9947429906542056,0.9804207417893531,0.6948732379512417
2023-10-19,1711,1708,1698,-0.07747143127179361,-0.06768590398020104,0.9982466393921683,0.9941451990632318,0.9805044229089098,0.6904643614692002
2023-10-20,1709,1706,1696,-0.03465829762713649,-0.022293021393670755,0.9982445874780573,0.9941383352872216,0.9867854365837683,0.6821311143029888
2023-10-23,1704,1701,1692,-0.030990731237825263,-0.01608705779954945,0.9982394366197183,0.9947089947089947,0.980061344588743,0.6685111839038619
2023-10-24,1701,1698,1689,-0.05255461036321929,-0.034980240353452596,0.9982363315696648,0.9946996466431095,0.9723930763791471,0.6803532050300013
2023-10-25,1704,1701,1692,-0.05274667499572882,-0.03644554518916184,0.9982394366197183,0.9947089947089947,0.9732758842003549,0.6889635914083275
2023-10-26,1696,1693,1683,-0.050065101308313424,-0.05341855475813784,0.9982311320754716,0.9940933254577673,0.9802841514857998,0.711169837216512
2023-10-27,1694,1691,1681,-0.049597296720557585,-0.03048888106533849,0.9982290436835891,0.994086339444116,0.9880474458948116,0.7062402800897095
2023-10-30,1691,1688,1678,-0.037427101357853286,-0.033425893011661274,0.9982259018332348,0.9940758293838863,0.9816757710576116,0.705594169047169
2023-10-31,1692,1688,1678,-0.016124742346347146,-0.0006464883713984003,0.9976359338061466,0.9940758293838863,0.9821688955513136,0.6969280067236006
2023-11-01,1681,1678,1669,-0.040427846411638116,-0.013986948234131658,0.9982153480071386,0.9946364719904648,0.9874591629578372,0.695464464184177
2023-11-02,1681,1678,1669,-0.0493963456702594,-0.023818232469631453,0.9982153480071386,0.9946364719904648,0.9880465011898968,
2023-11-03,1693,1690,1680,-0.05101503188185145,-0.017574922205238458,0.9982279976373302,0.9940828402366864,0.9881977618431081,
2023-11-06,1699,1695,1685,-0.06010260565292896,-0.028436703869375905,0.9976456739258387,0.9941002949852508,0.9881362563422496,
2023-11-07,1699,1695,1687,-0.074271322859297,-0.06783029202905544,0.9976456739258387,0.9952802359882006,0.9880342203773054,
2023-11-08,1701,1697,1691,-0.08977004278465028,-0.07041648931765179,0.9976484420928865,0.9964643488509134,0.9891196459055718,
2023-11-09,1698,1694,1688,-0.07323156127765831,-0.06379495585490197,0.9976442873969376,0.9964580873671782,0.9907435384348766,
2023-11-10,1699,1695,1689,-0.0573185705004818,-0.06362231113870853,0.9976456739258387,0.9964601769911504,0.985612578272896,
2023-11-13,1708,1704,1698,-0.1260113461904389,-0.11486843421509889,0.9976580796252927,0.9964788732394366,0.9871715101356542,
2023-11-14,1710,1706,1700,-0.13254174261562013,-0.1343807947175557,0.9976608187134502,0.9964830011723329,0.9893949152788019,
2023-11-15,1714,1709,1704,-0.11369965049590315,-0.11762522206109617,0.9970828471411902,0.9970743124634289,0.9802469225758014,
2023-11-16,1723,1718,1712,-0.07586063934127527,-0.08705214778232467,0.9970980847359258,0.9965075669383003,0.9864446450932535,
2023-11-17,1723,1718,1713,-0.08344353897948047,-0.10572527428265122,0.9970980847359258,0.9970896391152503,0.9869351223534211,
2023-11-20,1728,1723,1718,-0.09833755223231529,-0.11714376782058063,0.9971064814814815,0.9970980847359258,0.9858289206527141,
2023-11-21,1729,1724,1719,-0.07329346294844205,-0.08325831762690505,0.9971081550028918,0.9970997679814385,0.9849428216739456,
2023-11-22,1723,1718,1714,-0.09655492046515676,-0.10610337554561397,0.9970980847359258,0.9976717112922002,0.9811418308239693,
2023-11-24,1727,1722,1717,-0.1129745483652957,-0.13512529488190253,0.9971048060220035,0.997096399535424,0.9813611696973025,
2023-11-27,1723,1718,1713,-0.0846733170768901,-0.11415432389404542,0.9970980847359258,0.9970896391152503,0.9818498706435531,
2023-11-28,1715,1711,1707,-0.12878546676052713,-0.1458676505044773,0.997667638483965,0.9976621858562245,0.9798591711624527,
2023-11-29,1718,1714,1709,-0.1570886945999738,-0.187090261601591,0.9976717112922002,0.9970828471411902,0.9796110708336879,
2023-11-30,1720,1716,1712,-0.155875658014172,-0.18058919052051703,0.9976744186046511,0.9976689976689976,,
