date,gross_return,turnover,net_return_1bp,net_return_5bp,net_return_10bp,net_return_20bp,offset
2006-01-03,-0.026248082913620706,1.0,-0.026448082913620705,-0.027248082913620707,-0.028248082913620708,-0.030248082913620706,0
2006-02-01,0.016014332465590253,1.207185105524936,0.015772895444485267,0.014807147360065318,0.01359996225454038,0.011185592043490507,0
2006-03-02,-0.011388392854509754,1.187487684729064,-0.011625890391455566,-0.012575880539238818,-0.013763368223967882,-0.01613834359342601,0
2006-03-30,0.016600888040726923,1.1303776683087028,0.016374812507065184,0.015470510372418221,0.014340132704109517,0.012079377367492112,0
2006-04-28,0.020296887334551674,1.235000996611521,0.020049887135229368,0.01906188633794015,0.017826885341328633,0.015356883348105591,0
2006-05-26,0.03654500857207039,1.0939820986478765,0.03632621215234081,0.03545102647342251,0.03435704437477463,0.03216908017747888,0
2006-06-26,0.0638665288593376,0.8907192280835396,0.0636883850137209,0.06297580963125407,0.06208509040317053,0.06030365194700345,0
2006-07-25,-0.023667505800629457,0.8883795096671316,-0.023845181702562883,-0.02455588531029659,-0.02544426481996372,-0.027221023839297982,0
2006-08-22,-0.0535462275771218,0.8432657086503241,-0.05371488071885186,-0.05438949328577212,-0.05523275899442245,-0.05691929041172309,0
2006-09-20,-0.037847064858553645,0.9680282292557741,-0.0380406705044048,-0.03881509308780942,-0.03978312131706519,-0.04171917777557674,0
2006-10-18,-0.024885738010170244,1.0223125178214998,-0.025090200513734544,-0.025908050527991743,-0.026930363045813244,-0.028974988081456245,0
2006-11-15,0.011214792822837693,1.1005071905495636,0.01099469138472778,0.010114285632288129,0.009013778441738566,0.006812764060639439,0
2006-12-14,0.024257292113587334,1.0437853107344632,0.02404853505144044,0.02321350680285287,0.02216972149211841,0.02008215087064948,0
2007-01-17,-0.0212489353065046,1.0912421024331227,-0.021467183726991225,-0.022340177408937723,-0.023431419511370843,-0.02561390371623709,0
2007-02-14,0.023884297560442587,1.1118708269131998,0.023661923395059948,0.02277242673352939,0.021660555906616186,0.019436814252789786,0
2007-03-15,0.0009783412336997212,1.0902935193257774,0.0007602825298345657,-0.00011195228562605624,-0.0012022458049518337,-0.0033828328436033886,0
2007-04-13,0.01073124149060365,1.0361813426329554,0.01052400522207706,0.009695060147970695,0.00865887880533774,0.006586516120071829,0
2007-05-11,0.00857199935485662,1.1440278988666086,0.008343193775083298,0.007427971455990012,0.006283943557123403,0.003995887759390185,0
2007-06-11,0.018104644222279816,1.0685556524266202,0.017890933091794493,0.017036088569853197,0.015967532917426575,0.013830421612573335,0
2007-07-10,0.08421270754756298,1.1368421052631579,0.08398533912651035,0.08307586544229982,0.08193902333703666,0.07966533912651035,0
2007-08-07,-0.011824507240092132,1.236418994711821,-0.012071791039034496,-0.013060926234803953,-0.014297345229515774,-0.016770183218939416,0
2007-09-05,0.027812932920501226,0.869237754393462,0.027639085369622535,0.026943695166107763,0.0260744574117143,0.02433598190292738,0
2007-10-03,0.09464492502772912,1.0964424977298222,0.09442563652818316,0.0935484825299993,0.09245204003226948,0.09025915503680983,0
2007-10-31,0.08302772865733367,1.0725,0.08281322865733366,0.08195522865733366,0.08088272865733367,0.07873772865733367,0
2007-11-29,0.011138081467048592,0.9644717845709623,0.0109451871101344,0.01017360968247763,0.009209137897906667,0.007280194328764743,0
2007-12-28,-0.08141109123974952,0.9589165777415102,-0.08160287455529781,-0.08237000781749103,-0.08332892439523254,-0.08524675755071556,0
2008-01-29,0.013673294130645667,1.04,0.013465294130645667,0.012633294130645668,0.011593294130645667,0.009513294130645666,0
2008-02-27,0.07933842621445455,0.8742857142857143,0.07916356907159741,0.07846414050016884,0.07758985478588312,0.0758412833573117,0
2008-03-27,0.024490274587550855,0.7660818713450291,0.02433705821328185,0.023724192716205825,0.022958110844860796,0.021425947102170738,0
2008-04-24,0.029559511339435143,0.8041967664258685,0.02939867198614997,0.028755314573009276,0.027951117806583405,0.02634272427373167,0
2008-05-22,0.1493944977832675,0.8554522400676245,0.14922340733525397,0.14853904554319988,0.14768359330313224,0.145972688822997,0
2008-06-20,0.02594606827316106,0.9028599605522682,0.025765496281050605,0.02504320831260879,0.024140348352056522,0.022334628430951985,0
2008-07-21,-0.08355359617019145,1.01007326007326,-0.0837556108222061,-0.0845636694302647,-0.08557374269033798,-0.0875938892104845,0
2008-08-18,0.026288540038064093,0.837630318399549,0.026121013974384183,0.025450909719664544,0.024613279401264995,0.022938018764465898,0
2008-09-16,0.14926265483250484,0.8433361510284587,0.14909398760229914,0.14841931868147637,0.14757598253044793,0.145889310228391,0
2008-10-14,0.16064042486193766,0.9416839199447895,0.1604520880779487,0.15969874094199288,0.1587570570220481,0.1568736891821585,0
2008-11-11,-0.04286453116786921,0.9224369296833065,-0.04304901855380587,-0.04378696809755252,-0.04470940502723582,-0.046554278886602435,0
2008-12-10,-0.1361034379023293,0.7168036998972249,-0.13624679864230874,-0.1368202416022265,-0.13753704530212374,-0.1389706527019182,0
2009-01-09,0.06387581987040875,0.5555748322923896,0.06376470490395027,0.06332024503811635,0.06276467020582396,0.06165352054123919,0
2009-02-09,0.1507163460570047,0.7140132874015748,0.1505735433995244,0.15000233276960312,0.14928831948220156,0.1478602929073984,0
2009-03-10,-0.2879847607081097,0.776,-0.2881399607081097,-0.2887607607081097,-0.2895367607081097,-0.2910887607081097,0
2009-04-07,-0.45825790632960883,0.7073548387096774,-0.45839937729735075,-0.4589652611683185,-0.4596726160070282,-0.46108732568444755,0
2009-05-06,-0.06187822178878082,0.8575568913696866,-0.06204973316705476,-0.06273577868015051,-0.0635933355715202,-0.06530844935425957,0
2009-06-04,0.06561098360172757,0.6906474820143884,0.06547285410532469,0.06492033611971318,0.06422968863769879,0.06284839367367001,0
2009-07-02,-0.11406886339705613,0.6762589928057554,-0.11420411519561728,-0.11474512238986188,-0.11542138138266764,-0.11677389936827916,0
2009-07-31,-0.11080501755568006,0.7238017429193899,-0.11094977790426394,-0.11152881929859945,-0.11225262104151884,-0.11370022452735762,0
2009-08-28,-0.08488126847889207,0.8290575354229281,-0.08504707998597666,-0.085710326014315,-0.08653938354973793,-0.08819749862058379,0
2009-09-28,0.04110918178108427,1.0777530942557916,0.04089363116223311,0.04003142868682848,0.038953675592572685,0.0367981694040611,0
2009-10-26,0.009449805891251826,1.3989722507708118,0.009170011441097664,0.008050833640481014,0.006651861389710203,0.0038539168881685792,0
2009-11-23,-0.045425920273767594,1.268338399189463,-0.04567958795360549,-0.046694258672957054,-0.04796259707214652,-0.05049927387052545,0
2009-12-22,-0.0679933614992223,1.2187943262411347,-0.06823712036447054,-0.06921215582546345,-0.07043095015170457,-0.07286853880418684,0
2010-01-22,-0.006894683300786953,1.2506516525909706,-0.007144813631305147,-0.008145334953377924,-0.009395986605968895,-0.011897289911150835,0
2010-02-22,-0.017640958384701238,1.19283703472005,-0.01787952579164525,-0.01883379541942129,-0.020026632454141338,-0.02241230652358144,0
2010-03-22,-0.05238673475681832,1.2265325670498086,-0.05263204127022828,-0.053613267323868126,-0.05483979989091794,-0.057292865025017556,0
2010-04-20,0.04174091552701048,1.1576628352490421,0.04150938295996067,0.04058325269176144,0.0394255898565124,0.03711026418601431,0
2010-05-18,0.004129090646491522,1.2230769230769232,0.003884475261876137,0.002906013723414599,0.0016829368003376754,-0.0007632170458161712,0
2010-06-16,0.016416735262863302,1.062117452440033,0.016204311772375295,0.01535461781042327,0.014292500357983236,0.01216826545310317,0
2010-07-15,0.012364861959051232,0.9428291864691081,0.012176296121757411,0.011422032772582124,0.010479203586113015,0.0085935452131748,0
2010-08-12,0.007326554107313353,0.9290780141843973,0.007140738504476474,0.006397476093128956,0.0054683980789445585,0.003610242050575764,0
2010-09-10,-0.07275786333576331,0.8091961213637785,-0.07291970256003606,-0.07356705945712709,-0.07437625557849087,-0.07599464782121843,0
2010-10-08,-0.004665094480635422,1.0707182904897916,-0.00487923813873338,-0.005735812771125214,-0.006806531061615006,-0.00894796764259459,0
2010-11-05,0.027900667642503554,1.0966436919388671,0.027681338904115782,0.026804023950564686,0.02570738025862582,0.023514092874748087,0
2010-12-06,-0.060063483643969594,1.018861420269871,-0.060267255928023566,-0.061082345064239464,-0.062101206484509335,-0.06413892932504908,0
2011-01-04,0.025131975003250272,1.0625,0.02491947500325027,0.02406947500325027,0.023006975003250274,0.020881975003250272,0
2011-02-02,0.04542501511069295,1.1869218211500092,0.045187630746462946,0.04423809328954294,0.04305117146839293,0.04067732782609291,0
2011-03-03,0.00679448791554697,1.1896566747995818,0.006556556580587054,0.005604831240747388,0.004415174565947807,0.002035861216348643,0
2011-03-31,0.02021276388248383,1.0968352253181974,0.019993396837420192,0.01911592865716563,0.018019093431847436,0.01582542298121104,0
2011-04-29,0.014789545429157175,1.1164000687994495,0.014566265415397284,0.013673145360357726,0.012556745291558275,0.010323945153959378,0
2011-05-27,0.057587450084366026,1.179847632867767,0.057351480557792475,0.05640760245149826,0.055227754818630494,0.05286805955289496,0
2011-06-27,-0.027260127121441137,0.9658148303309594,-0.02745329008750733,-0.028225941951772096,-0.029191756782103055,-0.031123386442764973,0
2011-07-26,0.11816439335424381,1.0888563049853373,0.11794662209324674,0.11707553704925847,0.11598668074427314,0.11380896813430245,0
2011-08-23,0.04238155578691634,1.0808835538134902,0.04216537907615364,0.041300672233102846,0.04021978867928936,0.03805802157166238,0
2011-09-21,-0.04265741326450735,0.7158664053568513,-0.04280058654557872,-0.043373279669864206,-0.044089146075221054,-0.04552087888593476,0
2011-10-19,-0.046728238101264086,0.6285061969993477,-0.04685393934066395,-0.047356744298263434,-0.04798525049526278,-0.04924226288926148,0
2011-11-16,0.0791214914555763,0.7721554375174727,0.0789670603680728,0.07834933601805882,0.07757718058054136,0.0760328697055064,0
2011-12-15,-0.1107820623845377,0.7517472742521665,-0.11093241183938812,-0.11153380965878985,-0.11228555693304203,-0.11378905148154636,0
2012-01-17,-0.08950667140829845,0.9337386018237083,-0.08969341912866319,-0.09044041001012215,-0.09137414861194586,-0.09324162581559328,0
2012-02-14,0.04097052651637413,1.0257867132867133,0.04076536917371679,0.039944739803087416,0.0389189530898007,0.03686737966322728,0
2012-03-14,0.023017861289735275,0.9913335197092535,0.022819594585793423,0.02202652777002602,0.021035194250316767,0.01905252721089826,0
2012-04-12,0.06387560692367053,1.0118348709346752,0.0636732399494836,0.06286377205273586,0.06185193718180118,0.05982826743993183,0
2012-05-10,0.06850818451552655,1.0672892720306513,0.06829472666112042,0.0674408952434959,0.06637360597146524,0.06423902742740395,0
2012-06-08,0.01112203706760593,0.8661398467432952,0.010948809098257272,0.010255897220862635,0.00938975737411934,0.007657477680632749,0
2012-07-09,-0.007615656878624719,0.8980749746707194,-0.007795271873558863,-0.008513731853295438,-0.009411806827966157,-0.011207956777307597,0
2012-08-06,-0.03367105245036905,1.1045592705167173,-0.03389196430447239,-0.034775611720885766,-0.035880170991402484,-0.03808928953243591,0
2012-09-04,0.0015011746291436253,1.0491378398392046,0.0012913470611757845,0.0004520367893044207,-0.0005971010505347839,-0.002695376730213193,0
2012-10-02,0.0024085094573503473,0.9557986215163321,0.002217349733047081,0.0014527108358340151,0.0004969122143176831,-0.001414685028714981,0
2012-11-01,0.003668357147133405,1.1184696833483168,0.0034446632104637416,0.0025498874637850883,0.0014314177804367716,-0.0008055215862598619,0
2012-11-30,-0.04623183892781753,0.9681292784199304,-0.04642546478350151,-0.04719996820623746,-0.04816809748465739,-0.05010435604149725,0
2012-12-31,-0.004932660100306579,0.9910332603482431,-0.005130866752376228,-0.005923693360654823,-0.006914726621003065,-0.008896793141699551,0
2013-01-30,0.024918486473453023,1.158993783993784,0.024686687716654266,0.02375949268945924,0.022600498905465456,0.02028251133747789,0
2013-02-28,0.0418925283795364,1.0866427652141937,0.041675199826493564,0.040805885614322204,0.039719242849108015,0.03754595731867963,0
2013-03-28,0.008906007300631172,1.0051020408163265,0.008704986892467906,0.007900905259814845,0.006895803218998518,0.004885599137365865,0
2013-04-26,-0.03019452952639565,1.1485416084241917,-0.030424237848080488,-0.03134307113481984,-0.03249161274324403,-0.03478869596009242,0
2013-05-24,0.01946425365382476,1.2177924944812362,0.01922069515492851,0.018246461159343523,0.017028668664862287,0.014593083675899815,0
2013-06-24,-0.040276339080123236,1.197615894039735,-0.04051586225893118,-0.04147395497416297,-0.0426715708682027,-0.04506680265628218,0
2013-07-23,0.015436297388510118,1.1353026058908413,0.01520923686733195,0.014300994782619276,0.013165692176728435,0.010895086964946753,0
2013-08-20,-0.0276386814729427,1.2003225532637298,-0.027878745983595448,-0.02883900402620643,-0.03003932657947016,-0.03243997168599762,0
2013-09-18,0.05297526108007608,1.0775095852213314,0.052759759163031814,0.051897751494854746,0.05082024190963342,0.04866522273919076,0
2013-10-16,0.01656719245735604,1.1205541770057899,0.016343081621954882,0.01544663828035025,0.01432608410334446,0.01208497574933288,0
2013-11-13,0.005980214344180245,1.2399355877616747,0.00573222722662791,0.004740278756418571,0.0035003431686568957,0.0010204719931335461,0
2013-12-12,-0.01576584912324292,1.1966873706004142,-0.016005186597363004,-0.016962536493843335,-0.018159223864443748,-0.020552598605644578,0
2014-01-13,0.006138286477917132,1.1324464153732448,0.005911797194842483,0.005005840062543887,0.0038733936471706423,0.0016085008164241528,0
2014-02-11,-0.00825555228909544,1.106630113267441,-0.008476878311748927,-0.009362182402362881,-0.01046881251563032,-0.012682072742165203,0
2014-03-12,-0.006663972548590664,1.1167072746258269,-0.006887314003515829,-0.007780679823216491,-0.008897387097842317,-0.011130801647093971,0
2014-04-09,0.09968627001039539,1.1163592064044554,0.0994629981691145,0.09856991080399093,0.09745355159758648,0.09522083318477756,0
2014-05-08,-0.03985668296742419,0.9914869057066589,-0.04005498034856552,-0.04084816987313085,-0.041839656778837504,-0.04382263059025082,0
2014-06-06,-0.05713030818245719,0.8873740816481102,-0.05730778299878681,-0.0580176822641053,-0.058905056345753416,-0.06067980450904963,0
2014-07-07,0.027658282742608814,1.0104782767433371,0.027456187087260147,0.026647804465865475,0.02563732618912214,0.023616369635635466,0
2014-08-04,-0.018964699925415697,1.113179992698065,-0.01918733592395531,-0.020077879918113762,-0.021191059910811827,-0.023417419896207957,0
2014-09-02,0.03965403563038037,0.9119496855345913,0.03947164569327345,0.03874208594484578,0.037830136259311184,0.036006236888242005,0
2014-09-30,0.019432457386898097,1.0801687763713081,0.019216423631623836,0.01835228861052679,0.01727211983415548,0.015111782281412864,0
2014-10-28,0.026176312415245706,0.9420673261252972,0.025987898950020648,0.025234245089120408,0.024292177762995113,0.022408043110744517,0
2014-11-25,0.08100949376435565,1.0167944505293902,0.08080613487424977,0.07999269931382626,0.07897590486329686,0.07694231596223809,0
2014-12-24,0.04916880370624025,1.0525936079647935,0.04895828498464729,0.04811621009827546,0.04706361649031066,0.044958429274381075,0
2015-01-26,-0.0793435493307169,0.9564605728302432,-0.07953484144528294,-0.08030000990354715,-0.08125647047637738,-0.08316939162203787,0
2015-02-24,0.05991363662491835,1.047228381374723,0.05970419094864341,0.05886640824354363,0.057819179862168904,0.05572472309941946,0
2015-03-24,-0.07533687258534215,1.0635572572224157,-0.07554958403678663,-0.07640042984256457,-0.07746398709978698,-0.07959110161423182,0
2015-04-22,0.019263401501438765,1.0637660981552384,0.019050648281807716,0.018199635403283527,0.01713586930512829,0.015008337108817812,0
2015-05-20,0.037784705101017564,1.057833192448577,0.03757313846252785,0.036726871908568985,0.03566903871612041,0.033553372331223255,0
2015-06-18,0.12763853760882082,0.9571005917159763,0.12744711749047763,0.12668143701710485,0.12572433642538888,0.12381013524195691,0
2015-07-17,0.06911331001792617,1.021543513957307,0.06890900131513471,0.06809176650396886,0.06707022299001156,0.06502713596209694,0
2015-08-14,0.017252615696936934,1.1132348111658454,0.017029968734703766,0.01613938088577109,0.015026146074605243,0.012799676452273551,0
2015-09-14,-0.010906415083259062,0.7607072414764723,-0.011058556531554357,-0.011667122324735534,-0.012427829566212006,-0.013949244049164951,0
2015-10-12,-0.03292354997719016,0.8352211240170263,-0.03309059420199356,-0.03375877110120718,-0.03459399222522421,-0.036264434473258264,0
2015-11-09,0.09330009736373976,1.0396590588898282,0.0930921655519618,0.09226043830484994,0.0912207792459601,0.08914146112818044,0
2015-12-08,0.03182053961582006,0.9566779374471682,0.03162920402833063,0.030863861678372895,0.029907183740925727,0.02799382786603139,0
2016-01-07,0.043234163597263474,0.7838919646865179,0.04307738520432617,0.042450271632576954,0.04166637966789044,0.0400985957385174,0
2016-02-05,-0.1775863630913317,0.8078333083944336,-0.17774792975301057,-0.17839419639972612,-0.17920202970812055,-0.18081769632490943,0
2016-03-07,0.05560367991698177,0.7633871089903809,0.05545100249518369,0.05484029280799139,0.05407690569900101,0.05255013148102025,0
2016-04-05,-0.08963595395556125,0.7438846714209033,-0.08978473088984543,-0.09037983862698215,-0.09112372329840306,-0.09261149264124485,0
2016-05-03,-0.022079386536992908,0.8238993710691824,-0.022244166411206745,-0.02290328590806209,-0.02372718527913127,-0.02537498402126964,0
2016-06-01,0.02167326319785233,0.9354559748427673,0.021486172002883778,0.020737807223009563,0.019802351248166795,0.01793143929848126,0
2016-06-29,-0.06906801276978831,1.022931318270238,-0.06927259903344236,-0.07009094408805855,-0.0711138754063288,-0.07315973804286927,0
2016-07-28,-0.05479129838431886,1.2435283555289542,-0.05504000405542465,-0.05603482673984781,-0.057278355095376765,-0.05976541180643467,0
2016-08-25,-0.041466835886217294,1.0673349056603774,-0.04168030286734937,-0.04253417079187767,-0.04360150569753805,-0.045736175508858806,0
2016-09-23,0.014344611556826663,0.9797955974842768,0.014148652437329807,0.013364815959342385,0.01238502036185811,0.010425429166889556,0
2016-10-21,0.007982594066460728,1.017177672955975,0.007779158531869533,0.006965416393504753,0.005948238720548778,0.0039138833746368284,0
2016-11-18,0.023477670238476543,1.1543178702835293,0.023246806664419837,0.022323352368193015,0.021169034497909484,0.018860398757342425,0
2016-12-19,-0.010353233923038371,1.1899112783976342,-0.010591216178717899,-0.011543145201436006,-0.01273305647983364,-0.015112879036628907,0
2017-01-19,-0.0026350279823441755,1.0563247748353273,-0.002846292937311241,-0.003691352757179503,-0.00474767753201483,-0.006860327081685485,0
2017-02-16,0.03783858587411486,1.0860636645962733,0.0376213731411956,0.036752522209518586,0.035666458544922314,0.03349433121572976,0
2017-03-17,-0.006583449652400911,1.1556042351223073,-0.006814570499425372,-0.007739053887523218,-0.008894658122645525,-0.01120586659289014,0
2017-04-17,0.005185133765325153,0.9864549105512961,0.004987842783214893,0.004198678854773857,0.0032122239442225605,0.0012393141231199683,0
2017-05-15,0.019801175765854474,1.0634685826993517,0.019588482049314605,0.018737707183155122,0.01767423860045577,0.015547301435057066,0
2017-06-13,0.014229468885191015,1.0877712031558184,0.01401191464455985,0.013141697682035196,0.012053926478879377,0.00987838407256774,0
2017-07-12,0.0194702373593938,1.010441767068273,0.019268149005980145,0.018459795592325526,0.017449353825257256,0.015428470291120709,0
2017-08-09,-0.0005819302926802121,1.0646951442132164,-0.0007948693215228555,-0.0016466254368934286,-0.002711320581106645,-0.004840710869533078,0
2017-09-07,-0.04996056818315553,1.0291036959449351,-0.05016638892234452,-0.050989671879100466,-0.052018775575045396,-0.05407698296693527,0
2017-10-05,0.08826045191253815,1.0877359819667514,0.0880429047161448,0.0871727159305714,0.08608497994860465,0.08390950798467114,0
2017-11-02,-0.03641830838536794,1.1292265426880812,-0.03664415369390556,-0.03754753492805602,-0.03867676147074411,-0.040935214556120265,0
2017-12-01,-0.046278138162597404,1.1164636268708668,-0.046501430887971575,-0.04739460178946827,-0.048511065416339136,-0.05074399267008087,0
2018-01-02,0.04140346636192338,1.051530787753698,0.04119316020437264,0.04035193557416968,0.039300404786415985,0.03719734321090859,0
2018-01-31,0.01681531945939851,1.1159958720330236,0.016592120284991907,0.015699323587365487,0.014583327715332463,0.012351335971266416,0
2018-03-01,0.008024117702375265,0.9811130528296814,0.007827895091809329,0.007043004649545583,0.006061891596715902,0.004099665491056539,0
2018-03-29,-0.016010589704415046,1.0552452491011812,-0.016221638754235282,-0.017065834953516226,-0.018121080202617407,-0.02023157070081977,0
2018-04-27,0.001924600684472489,1.0036915767847971,0.0017238623691155294,0.0009209091076876918,-8.278246909710534e-05,-0.0020901656226666996,0
2018-05-25,0.005722209247217195,1.1316709235112248,0.005495875062514951,0.004590538323705971,0.003458867400194746,0.0011955255531722964,0
2018-06-25,0.015192732957598562,1.0487895716945996,0.014982975043259641,0.014143943385903962,0.013095153814209361,0.010997574670820163,0
2018-07-24,0.016154868093610508,0.9875543140906269,0.015957357230792384,0.015167313779519881,0.014179759465429254,0.012204650837248001,0
2018-08-21,0.02367150630908671,1.1249750847119793,0.023446511292144312,0.02254653122437473,0.02142155613966275,0.019171605970238793,0
2018-09-19,0.029776801487175486,1.107866586937745,0.029555228169787937,0.028668934900237742,0.027561068313299995,0.025345335139424507,0
2018-10-17,0.08362042620489912,1.0327093596059114,0.08341388433297794,0.08258771684529322,0.0815550074856873,0.07948958876647548,0
2018-11-14,0.058844990667800676,0.8313300492610838,0.05867872465794846,0.05801366061853959,0.05718233056927851,0.055519670470756344,0
2018-12-14,-0.0830951279377667,0.7581939344485245,-0.0832467667246564,-0.08385332187221523,-0.08461151580666375,-0.08612790367556081,0
2019-01-15,-0.06887639629825876,0.6992800114057599,-0.06901625230053991,-0.06957567630966452,-0.07027495632107028,-0.07167351634388179,0
2019-02-13,0.02133065083768294,0.8422797262617621,0.021162194892430587,0.020488371111421176,0.019646091385159416,0.01796153193263589,0
2019-03-14,-0.003920216052018349,0.9316066661857008,-0.0041065373852554885,-0.00485182271820405,-0.005783429384389751,-0.007646642716761152,0
2019-04-11,0.03183159961417094,0.9260515114349614,0.031646389311883946,0.030905548102735977,0.029979496591301016,0.028127393568431094,0
2019-05-10,0.13603462667479485,1.0219204448246366,0.13583024258582993,0.13501270622997022,0.1339907857851456,0.1319469448954963,0
2019-06-10,0.013094701508308534,0.8785642999714856,0.012918988648314237,0.01221613720833705,0.011337572908365564,0.009580444308422592,0
2019-07-09,0.08629334934154738,0.8609923011120617,0.08612115088132496,0.08543235704043532,0.08457136473932325,0.08284938013709914,0
2019-08-06,0.05831336639365106,0.9741944682064443,0.05811852750000977,0.05733917192544462,0.056364977457238175,0.05441658852082529,0
2019-09-04,-0.0506806675368474,0.7499452354874041,-0.05083065658394488,-0.0514306127723348,-0.05218055800782221,-0.053680448478797015,0
2019-10-02,-0.014092977431537515,0.7768391787852865,-0.014248345267294573,-0.014869816610322802,-0.015646655789108087,-0.01720033414667866,0
2019-10-30,-0.025814497284520944,1.1299900199600799,-0.02604049528851296,-0.026944487304481023,-0.028074477324441103,-0.030334457364361262,0
2019-11-27,-0.04835217664942297,1.1833475905332194,-0.04858884616752961,-0.04953552423995619,-0.05071887183048941,-0.05308556701155585,0
2019-12-27,0.027914215563579016,1.0411764705882351,0.027705980269461368,0.02687303909299078,0.025831862622402547,0.023749509681226074,0
2020-01-28,0.06852079915564269,1.176470588235294,0.06828550503799563,0.0673443285674074,0.0661678579791721,0.06381491680270152,0
2020-02-26,0.12387484973276776,0.9312522818546916,0.12368859927639682,0.12294359745091307,0.12201234516905837,0.12014984060534899,0
2020-03-25,0.052270350898636436,1.2588757396449703,0.052018575750707445,0.051011475158991466,0.0497525994193465,0.04723484794005656,0
2020-04-23,-0.19286601659212083,0.6887855734009579,-0.19300377370680102,-0.1935548021655218,-0.19424358773892275,-0.19562115888572465,0
2020-05-21,-0.10928797797508082,0.8654137508116297,-0.10946106072524314,-0.11015339172589245,-0.11101880547670408,-0.11274963297832734,0
2020-06-19,0.1414908610607737,0.898952808377533,0.1413110704990982,0.14059190825239615,0.1396929554440186,0.13789504982726355,0
2020-07-20,-0.053099887960988044,0.9299675324675324,-0.053285881467481554,-0.05402985549345558,-0.05495982302592311,-0.05681975809085817,0
2020-08-17,0.023436181553221035,1.0495454545454546,0.023226272462311945,0.02238663609867558,0.021337090644130127,0.019237999735039216,0
2020-09-15,0.036551603006470305,0.9692835058475602,0.036357746305300795,0.035582319500622746,0.034613035994775186,0.03267446898308007,0
2020-10-13,-0.1392249614758526,0.9869622331691296,-0.13942235392248642,-0.14021192370902172,-0.14119888594219085,-0.1431728104085291,0
2020-11-10,-0.14421705842493227,1.1359934318555007,-0.14444425711130338,-0.14535305185678776,-0.14648904528864326,-0.14876103215235426,0
2020-12-09,0.02625791255351847,1.1041589075108629,0.026037080772016295,0.025153753646007606,0.024049594738496743,0.02184127692347502,0
2021-01-08,-0.1757583332396458,1.151005786718104,-0.17598853439698942,-0.1769093390263639,-0.178060344813082,-0.1803623563865182,0
2021-02-08,-0.050447202447254966,1.2606720471042079,-0.050699336856675804,-0.05170787449435917,-0.05296854654146338,-0.0554898906356718,0
2021-03-09,0.04857365403401377,1.6125277697285814,0.048251148480068055,0.04696112626428519,0.04534859849455661,0.042123542955099444,0
2021-04-07,0.11547374696447382,1.1954988892108567,0.11523464718663165,0.11427824807526296,0.11308274918605211,0.11069175140763039,0
2021-05-05,-0.08410521082261097,1.0480905233380482,-0.08431482892727858,-0.08515330134594902,-0.08620139186928706,-0.08829757291596316,0
2021-06-03,-0.08530142998312519,1.1029522884283245,-0.08552202044081085,-0.08640438227155352,-0.08750733455998184,-0.08971323913683849,0
2021-07-01,0.1548941681161491,1.0672644667623146,0.15468071522279664,0.15382690364938678,0.15275963918262447,0.15062511024909983,0
2021-07-30,0.01223243276204929,0.9592061214729795,0.012040591537754693,0.01127322664057631,0.01031402051910333,0.008395608276157372,0
2021-08-27,-0.02338758054599662,0.8742226097064807,-0.023562425067937917,-0.0242618031557031,-0.025136025765409582,-0.026884470984822544,0
2021-09-27,0.08557731751821251,0.9469045456973453,0.08538793660907304,0.08463041297251517,0.08368350842681782,0.08178969933542313,0
2021-10-25,0.07101446603207937,0.9726510335986325,0.07081993582535964,0.07004181499848074,0.0690691639648821,0.06712386189768484,0
2021-11-22,0.04104461545611728,1.0969232412798462,0.04082523080786132,0.03994769221483744,0.03885076897355759,0.0366569224909979,0
2021-12-21,0.18617789008319588,1.0287295061164408,0.18597214418197258,0.18514916057707945,0.184120431070963,0.18206297205873012,0
2022-01-20,0.05112700684304598,0.9830719252829806,0.05093039245798939,0.050143934917763006,0.04916086299248002,0.04719471914191406,0
2022-02-17,-0.002707443352005288,0.8497692221096478,-0.0028773971964272177,-0.003557212574114936,-0.004406981796224584,-0.006106520240443879,0
2022-03-18,0.16657223029874563,0.9368421052631579,0.166384861877693,0.16563538819348247,0.16469854608821932,0.162824861877693,0
2022-04-18,0.1486074328863756,0.8421052631578947,0.14843901183374403,0.1477653276232177,0.1469232223600598,0.14523901183374402,0
2022-05-16,0.06953637107439005,0.8292397660818713,0.06937052312117367,0.06870713130830818,0.0678778915422263,0.06621941201006257,0
2022-06-14,-0.17024151515481745,0.6671856639247944,-0.1703749522876024,-0.17090870081874224,-0.17157588648266703,-0.17291025781051664,0
2022-07-14,-0.2225397156807789,0.7159224441833137,-0.22268290016961556,-0.2232556381249622,-0.22397156056914552,-0.22540340545751217,0
2022-08-11,0.08668549491516636,0.8027908343125734,0.08652493674830385,0.08588270408085379,0.08507991324654121,0.08347433157791606,0
2022-09-09,0.0955443840701001,0.6381860299358518,0.09541674686411293,0.09490619804016424,0.0942680120102284,0.0929916399503567,0
2022-10-07,0.09574865359827474,0.7309337134711333,0.0956024668555805,0.0950177198848036,0.09428678617133247,0.09282491874439021,0
2022-11-04,-0.07577171990831111,0.6546388690900453,-0.07590264768212912,-0.07642635877740116,-0.07708099764649119,-0.07839027538467129,0
2022-12-05,0.022359772439587915,0.8837906866239013,0.022183014302263136,0.021475981752964012,0.020592191066340113,0.01882460969309231,0
2023-01-04,-0.294612505723809,0.7527025421715372,-0.2947630462322433,-0.2953652082659805,-0.29611791080815203,-0.29762331589249513,0
2023-02-02,0.12250126744349256,1.0917852639164114,0.12228291039070928,0.12140948217957614,0.12031769691565973,0.11813412638782692,0
2023-03-03,0.03756552855054213,0.9983486458896296,0.0373658588213642,0.0365671799046525,0.03556883125876287,0.03357213396698361,0
2023-03-31,0.04746944825340105,0.8695877177850613,0.04729553070984403,0.04659986053561599,0.04573027281783092,0.0439910973822608,0
2023-05-01,-0.0455974841240345,0.9123684664481628,-0.04577995781732413,-0.04650985259048266,-0.04742222105693082,-0.04924695798982715,0
2023-05-30,-0.03695648353511613,1.0818435754189943,-0.03717285225019993,-0.038038327110535126,-0.03912017068595412,-0.04128385783679211,0
2023-06-28,-0.06117290279557293,0.9772765246449457,-0.06136835810050192,-0.06215017932021787,-0.06312745584486282,-0.06508200889415271,0
2023-07-27,0.02942389862437398,1.0619047619047621,0.029211517671993027,0.028361993862469216,0.027300089100564456,0.02517627957675493,0
2023-08-24,0.07441393687607814,1.0819987585350712,0.07419753712437113,0.07333193811754307,0.072249939359008,0.07008594184193785,0
2023-09-22,0.08176326739268588,0.9553072625698324,0.08157220594017192,0.08080796013011605,0.07985265286754623,0.07794203834240655,0
2023-10-20,-0.053886354552820294,0.8409076643023037,-0.054054536085680754,-0.054727262217122596,-0.0555681698814249,-0.05724998521002951,0
2023-11-17,-0.12818389263951896,0.9110431509611506,-0.12836610126971118,-0.12909493579048012,-0.13000597894144125,-0.13182806524336357,0
2006-01-04,0.000696295456673675,1.0,0.000496295456673675,-0.00030370454332632503,-0.001303704543326325,-0.003303704543326325,1
2006-02-02,0.03057086197131191,1.213234305686248,0.03032821511017466,0.029357627665625663,0.028144393359939415,0.02571792474856692,1
2006-03-03,-0.0009479540783108751,1.1991461412151065,-0.0011877833065538964,-0.0021471002195259815,-0.0033462463607410882,-0.005744538643171301,1
2006-03-31,0.04108748910593161,1.090279146141215,0.040869433276703365,0.03999720995979039,0.03890693081364918,0.03672637252136675,1
2006-05-01,0.023549493497506943,1.2118796093282838,0.023307117575641287,0.02233761388817866,0.021125734278850377,0.018701975060193807,1
2006-05-30,0.03421011450938251,1.0831728299948638,0.03399347994338354,0.03312694167938764,0.03204376884939278,0.029877423189403052,1
2006-06-27,0.05281148665966615,0.9296674370826914,0.052625553172249616,0.05188181922258346,0.05095215178550077,0.04909281691133539,1
2006-07-26,-0.017314089101135473,0.8471904825917461,-0.017483527197653823,-0.018161279583727218,-0.019008470066318964,-0.020702851031502458,1
2006-08-23,-0.05894357193390739,0.8680125304559694,-0.05911717443999858,-0.05981158446436336,-0.060679596994819326,-0.062415622055731264,1
2006-09-21,-0.04762322000764239,1.0462809321116802,-0.04783247619406472,-0.04866950093975407,-0.04971578187186575,-0.051808343736089106,1
2006-10-19,-0.018132702797372002,1.0760978043912175,-0.018347922358250245,-0.01920880060176322,-0.02028489840615444,-0.022437094014936872,1
2006-11-16,0.0090742585468727,1.1225480860788422,0.00884974892965693,0.007951710460793859,0.006829162374715016,0.0045840662025573315,1
2006-12-15,0.020529046702215864,1.0830635434520408,0.020312433993525454,0.01944598315876382,0.018362919615311783,0.0161967925284077,1
2007-01-18,-0.027406349283940493,1.132768937848497,-0.02763290307151019,-0.02853911822178899,-0.029671887159637488,-0.031937425035334484,1
2007-02-15,0.032985099116829626,1.099949216022345,0.03276510927362516,0.031885149900807284,0.030785200684784936,0.028585302252740245,1
2007-03-16,-0.00241614165900815,1.074412455934195,-0.002631024150194989,-0.0034905541149423446,-0.00456496657087654,-0.006713791482744929,1
2007-04-16,0.02004839787119621,1.0526733254994125,0.019837863206096328,0.0189957245456968,0.017943051220197386,0.01583770456919856,1
2007-05-14,0.0028693631924003368,1.1116535890729438,0.002647032474585748,0.001757709603327393,0.0006460560142544491,-0.0015772511638914386,1
2007-06-12,0.015519730569507395,1.0849752978785236,0.01530273550993169,0.014434755271628871,0.013349779973750347,0.0111798293779933,1
2007-07-11,0.05838875125458357,1.0562965004133371,0.05817749195450091,0.05733245475417024,0.0562761582537569,0.05416356525293022,1
2007-08-08,0.019996911196270284,1.2093576526566217,0.01975503966573896,0.018787553543613663,0.017578195890957042,0.015159480585643797,1
2007-09-06,0.029168716325715688,0.8954797779540047,0.028989620370124886,0.028273236547761683,0.02737775676980768,0.02558679721389967,1
2007-10-04,0.08939683128511897,1.0452661431064572,0.08918777805649768,0.0883515651420125,0.08730629899890605,0.08521576671269314,1
2007-11-01,0.04819919831305719,1.0511363636363635,0.04798897104032992,0.047148061949420825,0.04609692558578446,0.043994652858511736,1
2007-11-30,0.035132067965411115,1.0112359550561796,0.03492982077439988,0.034120832010354936,0.03310959605529876,0.0310871241451864,1
2007-12-31,-0.07233272138698038,0.9775280898876404,-0.07252822700495791,-0.07331024947686803,-0.07428777756675566,-0.07624283374653094,1
2008-01-30,0.030399962885090104,1.0554679802955664,0.03018886928903099,0.029344494904794537,0.028289026924498972,0.026178090963907837,1
2008-02-28,0.07245754181030999,0.9058784893267652,0.07227636611244463,0.07155166332098323,0.07064578483165646,0.06883402785300292,1
2008-03-28,-0.005157211598721603,0.7511179910560715,-0.005307435196932817,-0.005908329589777674,-0.0066594475808337454,-0.008161683562945889,1
2008-04-25,0.015156808147976927,0.8325095718760878,0.01499030623360171,0.014324298576100838,0.013491789004224751,0.011826769860472576,1
2008-05-23,0.16588520363248035,0.8571428571428572,0.16571377506105178,0.1650280607753375,0.16417091791819463,0.16245663220390893,1
2008-06-23,-0.09076770830321536,0.8809523809523809,-0.09094389877940584,-0.09164866068416774,-0.09252961306512011,-0.09429151782702488,1
2008-07-22,-0.017032479065701264,0.9982534930139721,-0.017232129764304056,-0.018030732558715235,-0.01902898605172921,-0.02102549303775715,1
2008-08-19,0.010241927587217217,0.8436531417300648,0.010073196958871204,0.009398274445487152,0.008554621303757087,0.006867315020296957,1
2008-09-17,0.16896764435673917,0.8967314736545506,0.16878829806200826,0.16807091288308462,0.16717418140943008,0.16538071846212096,1
2008-10-15,0.16103424751829193,0.9282625786163523,0.16084859500256865,0.16010598493967557,0.15917772236105923,0.1573211972038265,1
2008-11-12,-0.09053779701530866,0.915251572327044,-0.09072084732977406,-0.0914530485876357,-0.09236830015996275,-0.09419880330461683,1
2008-12-11,-0.1072329691164398,0.7253649635036497,-0.10737804210914052,-0.10795833407994344,-0.1086836990434471,-0.1101344289704544,1
2009-01-12,0.04864771835977817,0.6211391661773341,0.04852349052654271,0.04802657919360084,0.0474054400274235,0.04616316169506884,1
2009-02-10,0.09068098699787688,0.6642294713160856,0.09054814110361367,0.0900167575265608,0.08935252805524471,0.08802406911261254,1
2009-03-11,-0.2893883465766304,0.7533438237608183,-0.28953901534138254,-0.2901416904003912,-0.290895034224152,-0.2924017218716736,1
2009-04-08,-0.40261240969251716,0.656,-0.40274360969251716,-0.40326840969251715,-0.40392440969251714,-0.4052364096925172,1
2009-05-07,-0.09007772710834881,0.9162194074710177,-0.09026097098984301,-0.09099394651581982,-0.09191016592329085,-0.09374260473823288,1
2009-06-05,0.08938313973388216,0.6622765259705914,0.08925068442868804,0.08872086320791157,0.08805858668194098,0.0867340336299998,1
2009-07-06,-0.19992744987363398,0.7495504072781128,-0.2000773599550896,-0.2006770002809121,-0.2014265506881902,-0.20292565150274644,1
2009-08-03,-0.06644677280858707,0.7663902708678828,-0.06660005086276065,-0.06721316307945496,-0.06797955335032284,-0.0695123338920586,1
2009-08-31,-0.10878107904278801,0.7318082788671025,-0.10892744069856143,-0.10951288732165511,-0.11024469560052222,-0.11170831215825643,1
2009-09-29,0.0327724146490888,1.1285306251983496,0.03254670852404913,0.031643884023890456,0.030515353398692102,0.028258292148295405,1
2009-10-27,0.018532353735100583,1.3605876393110437,0.018260236207238375,0.017171766095789538,0.015811178456478496,0.013090003177856408,1
2009-11-24,-0.0482046474534667,1.2041540020263424,-0.048445478253871965,-0.04940880145549304,-0.050612955457519385,-0.05302126346157207,1
2009-12-23,-0.06802839064136793,1.256217882836588,-0.06827963421793525,-0.06928460852420451,-0.0705408264070411,-0.07305326217271428,1
2010-01-25,0.0245241404635163,1.2817624034697979,0.024267787982822343,0.023242378060046504,0.021960615656576706,0.01939709084963711,1
2010-02-23,-0.021384659198999005,1.0994922246905745,-0.02160455764393712,-0.02248415142368958,-0.023583643648380153,-0.025782628097761304,1
2010-03-23,-0.023955248927992813,1.2593764761454889,-0.02420712422322191,-0.025214625404138304,-0.02647400188028379,-0.02899275483257477,1
2010-04-21,0.03163762073753828,1.1772791686348607,0.03140216490381131,0.03046034156890342,0.029283062400268556,0.026928504062998834,1
2010-05-19,0.008412979503741704,1.3326302729528536,0.008146453449151133,0.00708034923078885,0.005747718957835997,0.003082458411930289,1
2010-06-17,0.024704807823189782,0.9913564929693961,0.024506536524595904,0.023713451330220386,0.02272209483725099,0.0207393818513122,1
2010-07-16,0.0008716214621171696,0.9286726499763815,0.0006858869321218933,-5.705118785921204e-05,-0.0009857238378355936,-0.002843069137788357,1
2010-08-13,-0.02749648107742157,0.911854103343465,-0.027678851898090263,-0.028408335180765035,-0.029320189284108497,-0.03114389749079543,1
2010-09-13,-0.060524618411098394,0.8018976123449066,-0.060684997933567374,-0.0613265160234433,-0.06212841363578821,-0.06373220886047802,1
2010-10-11,-0.013858163825719092,1.1216016079551463,-0.014082484147310122,-0.014979765433674238,-0.016101367041629386,-0.018344570257539678,1
2010-11-08,0.03532867319649611,1.166354771988575,0.035095402242098395,0.03416231842450754,0.03299596365251896,0.03066325410854181,1
2010-12-07,-0.06908972878578916,1.145572737122033,-0.06931884333321356,-0.07023530152291119,-0.07138087426003323,-0.0736720197342773,1
2011-01-05,0.010203368751764731,1.0672177609825224,0.009989925199568227,0.009136150990782209,0.008068933229799687,0.005934497707834641,1
2011-02-03,0.04367716562056085,1.2004353346635226,0.04343707855362815,0.042476730285897324,0.041276294951233805,0.03887542428190676,1
2011-03-04,0.0023412750477175056,1.1951324389404885,0.0021022485599294077,0.001146142608777017,-4.8989830163471536e-05,-0.0024392547080444487,1
2011-04-01,0.004972574344950667,1.1162710698314413,0.004749320130984379,0.003856303275119226,0.002740032205287785,0.0005074900656249024,1
2011-05-02,-0.003820540050387349,1.1370686650400836,-0.004047953783395366,-0.004957608715427433,-0.006094677380467517,-0.008368814710547684,1
2011-05-31,0.059924463858642384,1.2337656448394703,0.05967771072967449,0.05869069821380291,0.05745693256896344,0.054989401279284505,1
2011-06-28,-0.01560154063151671,0.9531430934656742,-0.015792169250209844,-0.016554683724982384,-0.017507826818448056,-0.019414113005379405,1
2011-07-27,0.11351414749614683,1.1073614557485525,0.11329267520499711,0.11240678604039828,0.11129942458464973,0.10908470167315262,1
2011-08-24,0.08182492749856293,1.0739337257115213,0.08161014075342063,0.08075099377285141,0.0796770600471399,0.07752919259571685,1
2011-09-22,-0.0917195518606454,0.7238974441667338,-0.09186433134947875,-0.09244344930481213,-0.09316734674897886,-0.09461514163731233,1
2011-10-20,-0.025663125625954786,0.6671232876712329,-0.025796550283489032,-0.02633024891362602,-0.026997372201297252,-0.028331618776639717,1
2011-11-17,0.06662694174836142,0.8334731152735066,0.06646024712530672,0.06579346863308792,0.06495999551781441,0.0632930492872674,1
2011-12-16,-0.12945104247474049,0.7106979778212654,-0.12959318207030474,-0.13016174045256176,-0.13087243843038301,-0.13229383438602554,1
2012-01-18,-0.06834269810865429,0.9267477203647416,-0.06852804765272724,-0.06926944582901903,-0.07019619354938376,-0.07204968899011326,1
2012-02-15,0.04193862145578005,1.0118492618492618,0.0417362516034102,0.04092677219393079,0.03991492293208152,0.037891224408383,1
2012-03-15,0.0653547352807511,0.9303640375068944,0.06516866247324972,0.06442437124324421,0.06349400720573731,0.06163327913072352,1
2012-04-13,0.0517645780763375,0.9777532634675492,0.051569027423643984,0.050786824812869946,0.0498090715494024,0.0478535650224673,1
2012-05-11,0.08057357221381739,1.0602490421455937,0.08036152240538827,0.0795133231716718,0.0784530741295262,0.07633257604523501,1
2012-06-11,0.017297922209867853,0.87294061302682,0.01712333408726249,0.016424981596841033,0.015552040983814212,0.013806159757760571,1
2012-07-10,-0.05885655277249305,0.9409321175278621,-0.05904473919599862,-0.05979748489002091,-0.06073841700754877,-0.06262028124260449,1
2012-08-07,-0.012038634408208432,1.1544579533941235,-0.012269525998887256,-0.013193092361602555,-0.014347550314996679,-0.016656466221784925,1
2012-09-05,0.03184758810028331,1.1008480034349506,0.03162741849959632,0.03074674009684836,0.029645892093413412,0.02744419608654351,1
2012-10-03,-0.012184517610573781,1.0054939566476877,-0.012385616401903318,-0.01319001156722147,-0.014195505523869157,-0.016206493437164533,1
2012-11-02,-0.0020539458890114644,1.175107381879932,-0.002288967365387451,-0.0032290532708913965,-0.004404160652771329,-0.006754375416531193,1
2012-12-03,-0.05416693136322647,0.9450330371383003,-0.05435593797065413,-0.05511196440036477,-0.05605699743750307,-0.057947063511779674,1
2013-01-02,-0.009183093762039097,1.0416536336148474,-0.009391424488762066,-0.010224747395653945,-0.011266401029268791,-0.013349708296498487,1
2013-01-31,0.03616443677093424,1.123931623931624,0.035939650446147914,0.03504050514700262,0.033916573523070995,0.03166871027520775,1
2013-03-01,0.031116101717655067,1.0729913587056443,0.030901503445913938,0.030043110358949424,0.02897011900024378,0.026824136282832492,1
2013-04-01,0.006493650284103743,1.0594778451921307,0.006281754715065317,0.005434172438911613,0.004374694593719482,0.00225573890333522,1
2013-04-29,-0.03935160035212602,1.074829931972789,-0.039566566338520584,-0.04042643028409881,-0.0415012602160716,-0.043650920080017176,1
2013-05-28,0.024243698802409334,1.2111258278145696,0.02400147363684642,0.023032572974594764,0.021821447146780196,0.019399195491151055,1
2013-06-25,-0.02333774183479778,1.1110816777041943,-0.02355995817033862,-0.024448823512501976,-0.02555990519020617,-0.02778206854561456,1
2013-07-24,0.0003346928464526772,1.0902992776057792,0.00011663299093152136,-0.000755606431153102,-0.0018459057087588811,-0.0040265042639704395,1
2013-08-21,-0.02309168549611796,1.168859649122807,-0.02332545742594252,-0.024260545145240765,-0.025429404794363574,-0.02776712409260919,1
2013-09-19,0.03324727637893926,1.1241721854304636,0.03302244194185317,0.0321231041935088,0.030998932008078333,0.028750587637217405,1
2013-10-17,0.0076663019301433,1.1722911497105046,0.0074318437002012,0.006494010780432796,0.005321719630722291,0.002977137331301282,1
2013-11-14,-0.008876382351760272,1.2524346292462234,-0.009126869277609516,-0.010128816981006495,-0.011381251610252718,-0.013886120868745166,1
2013-12-13,-0.024115631294174364,1.1842650103519667,-0.02435248429624476,-0.02529989630452633,-0.026484161314878296,-0.028852691335582232,1
2014-01-14,0.006784251530767463,1.1629342202512936,0.006551664686717204,0.005621317310516169,0.004458383090264875,0.0021325146497622885,1
2014-02-12,0.0005917886507823818,1.118642233605079,0.0003680602040613659,-0.0005268535828226973,-0.0016454958164277764,-0.0038827802836379345,1
2014-03-13,-0.0015336663292113354,1.0871214758092587,-0.0017510906243731871,-0.002620787805020594,-0.003707909280829853,-0.00588215223244837,1
2014-04-10,0.05443483360204088,1.0868430212321616,0.054217464997794444,0.05334799058080872,0.05226114755957655,0.05008746151711223,1
2014-05-09,-0.07013692092847261,1.0878724478753337,-0.07035449541804768,-0.07122479337634795,-0.07231266582422327,-0.07448841071997395,1
2014-06-09,-0.013436682663593442,0.9431393086937004,-0.013625310525332182,-0.014379821972287142,-0.015322961280980844,-0.017209239898368246,1
2014-07-08,0.0022523046036196787,1.0046002190580503,0.0020513845598080687,0.0012477043845616283,0.00024310416550357792,-0.0017660962726125228,1
2014-08-05,-0.012660273712215935,1.0285870755750275,-0.012865991127330941,-0.013688860787790963,-0.01471744786336599,-0.016774622014516044,1
2014-09-03,0.03056778330679054,0.9290487421383649,0.030381973558362866,0.029638734564652172,0.02870968582251381,0.02685158833823708,1
2014-10-01,0.021793199479465293,1.0612212403471062,0.02158095523139587,0.02073197823911819,0.01967075699877108,0.01754831451807687,1
2014-10-29,0.04136765940481903,0.9919484702093398,0.04116926971077716,0.04037571093460968,0.03938376246440035,0.03739986552398167,1
2014-11-26,0.06303290419203393,1.0229859571322986,0.06282830700060747,0.06200991823490163,0.060986932277769336,0.058940960363504734,1
2014-12-26,0.05707546077687983,1.0363636363636364,0.0568681880496071,0.0560390971405162,0.05500273350415256,0.05293000623142528,1
2015-01-27,-0.07387594637978416,0.9757575757575758,-0.07407109789493567,-0.07485170395554173,-0.07582746153129931,-0.07777897668281446,1
2015-02-25,0.044238543093381565,1.1202882483370287,0.04401448544371416,0.043118254845044536,0.04199796659670751,0.03975739010003345,1
2015-03-25,-0.07302710918086282,1.0281935259310826,-0.07323274788604904,-0.0740553027067939,-0.07508349623272498,-0.07713988328458715,1
2015-04-23,0.031769479600508944,1.046119039331709,0.0315602557926426,0.030723360561177235,0.029677241521845525,0.02758500344318211,1
2015-05-21,0.056014105862703834,1.0519512538743307,0.05580371561192897,0.0549621546088295,0.05391020335495517,0.05180630084720651,1
2015-06-19,0.14667918125403187,0.9690053536207383,0.14648538018330773,0.14571017590041113,0.1447411705467904,0.14280315983954892,1
2015-07-20,0.06054709768063659,0.9527750410509032,0.06035654267242641,0.05959432263958569,0.058641547598534786,0.056735997516432976,1
2015-08-17,0.015797230829075713,1.0787848932676518,0.015581473850422183,0.014718445935808061,0.01363966104254041,0.011482091256005106,1
2015-09-15,0.0035383317024998244,0.8083262890955198,0.0033766664446807206,0.0027300054134043045,0.0019216791243087848,0.0003050265461177451,1
2015-10-13,-0.033292020806951525,0.8473775340884497,-0.03346149631376921,-0.034139398341039975,-0.034986775875128426,-0.03668153094330533,1
2015-11-10,0.06507915413280255,1.0693153000845308,0.06486529107278564,0.06400983883271802,0.06294052353263349,0.06080189293246442,1
2015-12-09,0.05494439670144676,0.9744646379261763,0.05474950377386153,0.05396993206352058,0.05299546742559441,0.051046538149742055,1
2016-01-08,0.08039523532060364,0.7777569953613646,0.08023968392153136,0.07961747832524227,0.0788397213298809,0.07728420733915818,1
2016-02-08,-0.15869609158989254,0.7648137064192727,-0.15884905433117638,-0.1594609052963118,-0.16022571900273108,-0.16175534641556963,1
2016-03-08,-0.03965831494784806,0.7187332259796029,-0.039802061593043975,-0.04037704817382766,-0.04109578139980726,-0.042533247851766466,1
2016-04-06,-0.039964711106744155,0.867080745341615,-0.04013812725581248,-0.04083179185208577,-0.04169887259742738,-0.04343303408811061,1
2016-05-04,-0.060758906085875836,0.8526391210890851,-0.06092943391009365,-0.06161154520696492,-0.06246418432805401,-0.06416946257023218,1
2016-06-02,0.0541233467570293,0.8976022012578615,0.05394382631677773,0.05322574455577144,0.05232814235451358,0.050532937951997856,1
2016-06-30,-0.08007333894505238,1.0106613796199313,-0.08027547122097636,-0.0810840003246723,-0.08209466170429223,-0.0841159844635321,1
2016-07-29,-0.041959611644398494,1.1271135717492144,-0.04218503435874834,-0.04308672521614771,-0.04421383878789692,-0.04646806593139535,1
2016-08-26,-0.028479866041714763,1.0611242138364778,-0.028692090884482057,-0.02954099025555124,-0.03060211446938772,-0.032724362897060676,1
2016-09-26,0.011940581560965608,1.0423524844720498,0.011732111064071198,0.010898229076493559,0.009855876592021508,0.007771171623077409,1
2016-10-24,-0.01415458534869721,1.0045031055900622,-0.014355485969815222,-0.015159088454287272,-0.016163591559877337,-0.01817259777105746,1
2016-11-21,0.030565481238168286,1.2000211327134405,0.030325477011625596,0.029365460105454846,0.028165438972741406,0.025765396707314522,1
2016-12-20,-0.006546787521000419,1.1839965049065735,-0.006783586821981734,-0.007730784025906993,-0.008914780530813566,-0.011282773540626713,1
2017-01-20,0.0015075036694902509,1.1432988304879688,0.0012788439033926571,0.00036420483900228206,-0.0007790939914856868,-0.0030656916524616244,1
2017-02-17,0.056210748370180655,1.0484860248447205,0.05600105116521171,0.05516226234533594,0.05411377632049121,0.05201680427080177,1
2017-03-20,-0.007807697434473104,1.0874542124542126,-0.008025188276963946,-0.008895151646927316,-0.00998260585938153,-0.012157514284289954,1
2017-04-18,0.01846396910803507,0.9687940264863342,0.018270210302737802,0.017495175081548735,0.016526381055062402,0.014588793002089734,1
2017-05-16,0.023450573930638683,1.0873485488870105,0.02323310422086128,0.022363225381751672,0.021275876832864662,0.01910117973509064,1
2017-06-14,-0.011057201290892703,1.0937588052972669,-0.011275953051952156,-0.01215096009618997,-0.013244718901487236,-0.015432236512081771,1
2017-07-13,0.05086637197093789,1.0225994888645493,0.05066185207316498,0.04984377248207334,0.048821172993208796,0.0467759740154797,1
2017-08-10,-0.008703094280785317,1.1132530120481927,-0.008925744883194956,-0.009816347292833509,-0.010929600304881703,-0.013156106328978089,1
2017-09-08,-0.0533402241459416,1.0653362897265337,-0.053553291403886906,-0.05440556043566813,-0.05547089672539467,-0.057601569304847736,1
2017-10-06,0.07384938366746845,1.1360849729113203,0.07362216667288618,0.07271329869455713,0.0715772137216458,0.06930504377582317,1
2017-11-03,-0.06518161157550342,1.1060379241516967,-0.06540281916033376,-0.06628764949965511,-0.06739368742380682,-0.06960576327211021,1
2017-12-04,-0.0496469429904741,1.1046989209885139,-0.0498678827746718,-0.050751641911462614,-0.05185634083245112,-0.054065738674428154,1
2018-01-03,0.04701428073553276,1.0927072583419333,0.04679573928386437,0.04592157347719082,0.04482886621884889,0.042643451702165026,1
2018-02-01,0.008909272447062504,1.1571379428964568,0.008677844858483214,0.007752134504166047,0.00659499656126959,0.004280720675476677,1
2018-03-02,0.019128287884712162,1.009932894824264,0.01892630130574731,0.018118354989887897,0.017108422095063636,0.015088556305415106,1
2018-04-02,-0.030467888977949352,1.0099191063174113,-0.030669872799212836,-0.03147780808426676,-0.032487727190584174,-0.034507565403219,1
2018-04-30,-0.0046262154060935645,1.0376219825372368,-0.004833739802601012,-0.005663837388630801,-0.006701459371168038,-0.008776703336242512,1
2018-05-29,0.003082194514280049,1.1316373168436618,0.0028558670509113166,0.0019505571974363872,0.0008189198805927255,-0.001444354753094598,1
2018-06-26,0.030637279971987813,1.0651319828115409,0.030424253575425504,0.029572147989176272,0.02850701600636473,0.02637675204074165,1
2018-07-25,0.009569005606117287,0.9653161448741558,0.009375942377142456,0.008603689461243132,0.007638373316368975,0.005707741026620663,1
2018-08-22,0.01738028577755924,1.2059663809713639,0.01713909250136497,0.016174319396587877,0.014968353015616514,0.012556420253673786,1
2018-09-20,0.04482299327484961,1.1079330277058004,0.044601406669308445,0.043715060247143805,0.042607127219438004,0.04039126116402641,1
2018-10-18,0.05189824228523875,1.079031293601754,0.051682436026518404,0.050819210991637,0.04974017969803524,0.04758211711083174,1
2018-11-15,0.06545840490750413,0.8246295927180918,0.06529347898896051,0.06463377531478603,0.06380914572206794,0.06215988653663176,1
2018-12-17,-0.07822010890212329,0.8313953488372093,-0.07838638797189074,-0.0790515042509605,-0.0798828995997977,-0.08154569029747212,1
2019-01-16,-0.07262621608080744,0.6573638437410892,-0.07275768884955565,-0.07328357992454852,-0.07394094376828962,-0.07525567145577179,1
2019-02-14,0.01696341944090344,0.8722198460222412,0.01678897547169899,0.016091199594881197,0.015218979748858956,0.013474540056814473,1
2019-03-15,-0.005161710233354221,0.9377029074381358,-0.005349250814841848,-0.006099413140792357,-0.007037116048230493,-0.008912521863106765,1
2019-04-12,0.0550957671049515,0.8839549816030591,0.05491897610863089,0.05421181212334844,0.053327857141745386,0.05155994717853927,1
2019-05-13,0.10293734037025169,1.0160749928714001,0.1027341253716774,0.10192126537738029,0.10090519038450889,0.0988730403987661,1
2019-06-11,0.018775507668078346,0.944325634445395,0.018586642541189267,0.01783118203363295,0.016886856399187557,0.014998205130296767,1
2019-07-10,0.09171320537004995,0.8383233532934133,0.09154554069939128,0.09087488201675654,0.09003655866346313,0.0883599119568763,1
2019-08-07,0.014805376257403042,0.9880239520958084,0.01460777146698388,0.013817352305307234,0.012829328353211425,0.010853280449019807,1
2019-09-05,-0.019378513615756127,0.8295938243993939,-0.019544432380636006,-0.02020810744015552,-0.021037701264554915,-0.022696888913353704,1
2019-10-03,-0.0010542597978725515,0.8115936801096602,-0.0012165785338944836,-0.0018658534779822118,-0.002677447158091872,-0.004300634518311192,1
2019-10-31,-0.04028419214540241,1.0104610056994445,-0.0404862843465423,-0.041294653151101854,-0.0423051141568013,-0.04432603616820019,1
2019-11-29,-0.035947583740060754,1.1534074707727402,-0.0361782652342153,-0.037100991210833496,-0.03825439868160623,-0.040561213623151716,1
2019-12-30,0.031176565137295678,1.0161503654716324,0.03097333506420135,0.030160414771824046,0.029144264406352413,0.027111963675409148,1
2020-01-29,0.05596902564034771,1.0692307692307692,0.055755179486501556,0.054899794871116944,0.05383056410188617,0.05169210256342464,1
2020-02-27,0.15200164910048475,0.9919678714859437,0.15180325552618756,0.1510096812289988,0.15001771335751285,0.14803377761454098,1
2020-03-26,0.022080226101218084,1.1340870667793745,0.02185340868786221,0.020946139034438708,0.019812051967659335,0.017543877834100587,1
2020-04-24,-0.17907163052068906,0.765814313891237,-0.1792247933834673,-0.1798374448345803,-0.18060325914847153,-0.182134887776254,1
2020-05-22,-0.1091390940217488,0.8961719418306244,-0.10931832841011493,-0.11003526596357943,-0.11093143790541005,-0.1127237817890713,1
2020-06-22,0.08660511091723504,0.8712377915088698,0.08643086335893327,0.08573387312572617,0.0848626353342173,0.08312015975119956,1
2020-07-21,-0.002095945067699407,0.8886452727393528,-0.0022736741222472777,-0.0029845903404387597,-0.0038732356131781125,-0.005650526158656818,1
2020-08-18,-0.02426432662100567,1.0289017341040463,-0.02447010696782648,-0.025293228355109717,-0.02632213008921376,-0.028379933557421855,1
2020-09-16,0.07710200787061514,1.0331697808845275,0.07689537391443824,0.07606883808973061,0.07503566830884609,0.07296932874707703,1
2020-10-14,-0.12151698117810932,0.9811308218723008,-0.12171320734248378,-0.12249811199998162,-0.12347924282185392,-0.1254415044655985,1
2020-11-11,-0.1794078497305095,1.2003853564547207,-0.17964792680180044,-0.18060823508696422,-0.18180862044341894,-0.18420939115632837,1
2020-12-10,0.00468915417550542,1.053621853898097,0.004478429804725801,0.003635532321607323,0.002581910467709226,0.00047466675991303213,1
2021-01-11,-0.2016556021006579,1.1465968586387434,-0.20188492147238563,-0.20280219895929663,-0.20394879581793537,-0.20624198953521286,1
2021-02-09,-0.04215024712590667,1.2814070351758795,-0.04240652853294184,-0.04343165416108255,-0.044713061196258425,-0.04727587526661019,1
2021-03-10,0.05561860412407133,1.5239061141698058,0.05531382290123737,0.05409469800990153,0.05257079189573172,0.04952297966739211,1
2021-04-08,0.14306498015806268,1.1022408963585435,0.14284453197879096,0.14196273926170414,0.1408604983653456,0.13865601657262852,1
2021-05-06,-0.09704999418435642,1.0580402867872993,-0.09726160224171387,-0.09810803447114372,-0.09916607475793102,-0.10128215533150561,1
2021-06-04,-0.07894625659812513,1.0456066493955094,-0.07915537792800423,-0.07999186324752064,-0.08103746989691614,-0.08312868319570717,1
2021-07-02,0.12284726419351052,1.0378766140602582,0.12263968887069847,0.12180938757945027,0.12077151096539,0.1186957577372695,1
2021-08-02,0.032098959719871756,0.929842180774749,0.03191299128371681,0.031169117539097006,0.030239275358322257,0.028379590996772758,1
2021-08-30,-0.00221422360401754,0.9608993157380255,-0.002406403467165145,-0.0031751229197555654,-0.004136022235493591,-0.006057820866969642,1
2021-09-28,0.07772258399818685,0.9573740718978687,0.07753110918380728,0.07676520992628898,0.07580783585439112,0.07389308771059537,1
2021-10-26,0.10238169109913402,0.9778323807488916,0.10218612462298424,0.10140385871838513,0.10042602633763624,0.09847036157613845,1
2021-11-23,0.03889595883843168,1.1117895849854613,0.038673600921434584,0.037784169253446215,0.03667237966846076,0.034448800498489834,1
2021-12-22,0.18826856817558482,0.9532003451601443,0.1880779281065528,0.18731536783042468,0.18636216748526455,0.18445576679494424,1
2022-01-21,0.04172002994245183,1.0183239429470585,0.04151636515386242,0.040701705999504775,0.03968338205655771,0.037646734170663596,1
2022-02-18,0.011556820989960371,0.7965214454576157,0.011397516700868849,0.010760299544502756,0.00996377809904514,0.008370735208129908,1
2022-03-21,0.10127379163586779,0.8735157599309153,0.1010990884838816,0.10040027587593688,0.09952676011600596,0.09777972859614413,1
2022-04-19,0.1669407898436205,0.8476629965457685,0.16677125724431136,0.16609312684707475,0.16524546385052896,0.16355013785743744,1
2022-05-17,0.07135916874160755,0.7245414294750159,0.07121426045571255,0.07063462731213253,0.06991008588265753,0.06846100302370749,1
2022-06-15,-0.13652918556067745,0.6690496948561465,-0.13666299549964867,-0.1371982352555336,-0.13786728495038975,-0.13920538434010205,1
2022-07-15,-0.22448596192115752,0.7376909518213866,-0.2246335001115218,-0.2252236528729789,-0.2259613438248003,-0.22743672572844306,1
2022-08-12,0.07759802713733058,0.7919212690951822,0.07743964288351154,0.0768061058682354,0.07601418459914021,0.07443034206094985,1
2022-09-12,0.12979188373665798,0.7160987074030551,0.12964866399517738,0.12907578502925493,0.12835968632185188,0.12692748890704575,1
2022-10-10,0.08022379131339989,0.7418329769541459,0.08007542471800906,0.07948195833644575,0.0787401253594916,0.0772564594055833,1
2022-11-07,-0.06472067354391664,0.7472677595628415,-0.0648701270958292,-0.06546794130347948,-0.06621520906304232,-0.06770974458216801,1
2022-12-06,0.012997088486419943,0.8557316999939951,0.012825942146421144,0.012141356786425948,0.011285625086431952,0.009574161686443962,1
2023-01-05,-0.2881154489788102,0.6910466582597731,-0.2882536583104621,-0.28880649563706995,-0.28949754229532976,-0.29087963561184926,1
2023-02-03,0.09041792064806092,1.1639344262295084,0.09018513376281502,0.08925398622183142,0.0880900517956019,0.08576218294314289,1
2023-03-06,0.03966542122427021,1.0218579234972678,0.03946104963957076,0.03864356330077295,0.037621705377275674,0.03557798953028114,1
2023-04-03,0.07313171811912143,0.9183638639208103,0.07294804534633727,0.07221335425520062,0.07129499039127982,0.06945826266343819,1
2023-05-02,-0.0727326865232334,0.9448458300147913,-0.07292165568923636,-0.0736775323532482,-0.07462237818326299,-0.07651206984329258,1
2023-05-31,-0.03897938837663832,1.0870165745856355,-0.039196791691555447,-0.040066404951223954,-0.04115342152580959,-0.043327454674980864,1
2023-06-29,-0.07899298889655126,0.9667223614592035,-0.0791863333688431,-0.07995971125801046,-0.08092643361946968,-0.08285987834238807,1
2023-07-28,0.04447657489944849,1.1199387357282093,0.044252587152302854,0.043356636163720284,0.042236697427992076,0.03999681995653566,1
2023-08-25,0.09086222791354838,1.0484792054624457,0.0906525320724559,0.08981374870808594,0.08876526950262349,0.08666831109169859,1
2023-09-25,0.08093444523355417,0.868997551942753,0.08076064572316562,0.08006544768161142,0.07919645012966867,0.07745845502578316,1
2023-10-23,-0.09345905670857788,0.8520180779612077,-0.09362946032417012,-0.09431107478653908,-0.0951630928645003,-0.0968671290204227,1
2023-11-20,-0.12977800240960857,0.9806761661513645,-0.12997413764283886,-0.13075867857575993,-0.1317393547419113,-0.13370070707421403,1
2006-01-05,0.025322559524700004,1.0,0.025122559524700005,0.024322559524700003,0.023322559524700005,0.021322559524700004,2
2006-02-03,0.02698627771720967,1.1714836223506744,0.026751980992739535,0.025814794094858994,0.024643310472508322,0.02230034322780697,2
2006-03-06,0.007614862521150314,1.1597900471729454,0.0073829045117157245,0.006455072473977369,0.0052952824268044235,0.0029757023324585323,2
2006-04-03,0.013883358388214367,1.1022855624211014,0.013662901275730147,0.012781072825793266,0.011678787263372164,0.009474216138529962,2
2006-05-02,0.007807947031826034,1.2175935153810378,0.007564428328749827,0.006590353516444996,0.005372760001063959,0.0029375729703018825,2
2006-05-31,0.04837420880572333,1.1521428571428571,0.04814378023429476,0.04722206594858047,0.04606992309143761,0.0437656373771519,2
2006-06-28,0.06029768566318166,0.8665259740259739,0.06012438046837647,0.05943115968915569,0.05856463371512971,0.05683158176707776,2
2006-07-27,-0.026945013304647283,0.8421367351006577,-0.027113440651667414,-0.02778715003974794,-0.0286292867748486,-0.030313560245049914,2
2006-08-24,-0.04809229547173932,0.9034110685694396,-0.04827297768545321,-0.04899570654030876,-0.0498991176088782,-0.05170593974601708,2
2006-09-22,-0.048077485245155496,0.9311160384331116,-0.04826370845284212,-0.04900860128358861,-0.049939717322021716,-0.05180194939888794,2
2006-10-20,-0.014080587724675329,1.1054170188785575,-0.01430167112845104,-0.015186004743553886,-0.016291421762432444,-0.01850225580018956,2
2006-11-17,0.012457962592759638,1.144988256205167,0.012228964941518605,0.01131297433655447,0.010167986080349304,0.007878009567938968,2
2006-12-18,0.01109620004121727,1.0491969783533295,0.010886360645546603,0.01004700306286394,0.008997806084510611,0.006899412127803952,2
2007-01-19,-0.016511528464131175,1.0863777089783282,-0.016728804005926842,-0.017597906173109502,-0.018684283882087833,-0.02085703930004449,2
2007-02-16,0.0359323365399558,1.1330424957629779,0.0357057280408032,0.03479929404419282,0.033666251548429844,0.031400166556903884,2
2007-03-19,-0.01873922476187009,1.0632955536181343,-0.018951883872593715,-0.019802520315488223,-0.02086581586910636,-0.022992406976342628,2
2007-04-17,0.03911708638211397,1.1117988956698635,0.03889472660298,0.038005287486444106,0.03689348859077424,0.03466989079943451,2
2007-05-15,-0.00917070081751248,1.1647978839629696,-0.009403660394305074,-0.01033549870147545,-0.01150029658543842,-0.013829892353364358,2
2007-06-13,0.010503618170916452,1.1165832902075787,0.010280301512874936,0.009387034880708873,0.008270451590501295,0.0060372850100861375,2
2007-07-12,0.021870260568976965,1.1036649214659686,0.021649527584683772,0.020766595647510995,0.019662930726045028,0.01745560088311309,2
2007-08-09,-0.029675631300657288,1.266933292314003,-0.029929017959120088,-0.030942564592971292,-0.03220949788528529,-0.0347433644699133,2
2007-09-07,0.019387182732504175,1.0489924626980462,0.019177384239964564,0.01833819026980613,0.01728919780710808,0.01519121288171199,2
2007-10-05,0.09678192904521168,1.0465183140704963,0.09657262538239758,0.09573541073114118,0.0946888924170707,0.0925958557889297,2
2007-11-02,0.04943378421751219,1.072001797637391,0.04921938385798471,0.0483617824198748,0.04728978062223741,0.045145777026962625,2
2007-12-03,0.03735323243019435,0.9414483821263482,0.03716494275376908,0.036411784048068004,0.035470335665941655,0.03358743890168896,2
2008-01-02,-0.12165664237877816,0.9585901386748844,-0.12184836040651313,-0.12261523251745304,-0.12357382265612793,-0.1254910029334777,2
2008-01-31,0.0813338141797173,1.0892857142857144,0.08111595703686016,0.08024452846543159,0.07915524275114587,0.07697667132257444,2
2008-02-29,0.04228984973430951,0.9520779220779221,0.04209943414989393,0.04133777181223159,0.040385693890153666,0.038481538045997826,2
2008-03-31,-0.009226711116378697,0.7529411764705882,-0.009377299351672815,-0.009979652292849285,-0.010732593469319873,-0.01223847582226105,2
2008-04-28,0.03465197029815066,0.8823529411764706,0.03447549970991537,0.03376961735697419,0.03288726441579772,0.03112255853344478,2
2008-05-27,0.1522762597486708,0.8547547761619618,0.1521053087934384,0.15142150497250884,0.15056675019634685,0.14885724064402295,2
2008-06-24,-0.1749907231968223,0.8845166809238666,-0.17516762653300708,-0.17587523987774617,-0.17675975655867002,-0.17852878992051777,2
2008-07-23,0.028326335179593317,1.1112285150746688,0.028104089476578383,0.027215106664518648,0.02610387814944398,0.023881421119294644,2
2008-08-20,-0.07201952480316072,0.8257255564947873,-0.07218466991445968,-0.07284525035965551,-0.0736709759161503,-0.07532242702913987,2
2008-09-18,0.19356382894639576,0.8962432278300541,0.19338458030082975,0.1926675857185657,0.19177134249073566,0.18997885603507556,2
2008-10-16,0.12831007161135485,0.9254658385093169,0.128124978443653,0.12738460577284555,0.12645913993433622,0.12460820825731758,2
2008-11-13,-0.048595913893787944,0.8959079691107396,-0.04877509548761009,-0.04949182186289868,-0.050387729832009426,-0.0521795457702309,2
2008-12-12,-0.1051834538705551,0.6933062245855489,-0.10532211511547221,-0.10587676009514065,-0.1065700663197262,-0.1079566787688973,2
2009-01-13,0.05939312152693815,0.5904286553141515,0.05927503579587532,0.058802692871624,0.05821226421630985,0.05703140690568155,2
2009-02-11,0.07473651944547656,0.6642294713160855,0.07460367355121335,0.07407228997416047,0.07340806050284439,0.07207960156021222,2
2009-03-12,-0.3514274080904593,0.7556774193548388,-0.35157854357433027,-0.35218308550981414,-0.352938762929169,-0.35445011776787866,2
2009-04-09,-0.39861323532840215,0.6269841269841272,-0.39873863215379896,-0.3992402194553863,-0.3998672035823704,-0.40112117183633866,2
2009-05-08,-0.0016412402395400562,0.8750256937307296,-0.001816245378286202,-0.002516265933270786,-0.003391291627001515,-0.005141343014462975,2
2009-06-08,0.0917705211091376,0.7174717368961974,0.09162702676175835,0.0910530493722414,0.09033557763534521,0.0889006341615528,2
2009-07-07,-0.237282576405276,0.6892443108630313,-0.2374204252674486,-0.23797182071613904,-0.23866106502700207,-0.24003955364872812,2
2009-08-04,-0.03808332682550533,0.805119825708061,-0.03824435079064695,-0.038888446651213396,-0.03969356647692145,-0.041303806128337575,2
2009-09-01,-0.12180379499920285,0.7686274509803922,-0.12195752048939892,-0.12257242245018324,-0.12334104990116364,-0.12487830480312442,2
2009-09-30,0.04363272909784791,1.1579392785359144,0.04340114124214073,0.042474789819312,0.041316850540776086,0.03900097198370425,2
2009-10-28,-0.00012766932383654912,1.331965552178318,-0.00039406243427221274,-0.0014596348760148672,-0.0027916004281931853,-0.0054555315325498215,2
2009-11-25,-0.04916915326806996,1.097163120567376,-0.04938858589218344,-0.050266316388637336,-0.05136347950920472,-0.053557805750339464,2
2009-12-24,-0.06489293282319414,1.2061664953751285,-0.06513416612226916,-0.06609909931856926,-0.0673052658139444,-0.06971759880469465,2
2010-01-26,0.015546240478379103,1.2795850276300698,0.01529032347285309,0.014266655450749033,0.012987070423118963,0.010427900367858824,2
2010-02-24,-0.03000107112691866,1.113074757585236,-0.03022368607843571,-0.031114145884503897,-0.03222722064208913,-0.034453370157259605,2
2010-03-24,-0.014236583369440775,1.2247992442135098,-0.014481543218283478,-0.015461382613654285,-0.016686181857867795,-0.019135780346294814,2
2010-04-22,0.021620188824590644,1.1082664147378365,0.021398535541643077,0.020511922409852806,0.019403655995114972,0.0171871231656393,2
2010-05-20,-0.005647020191487256,1.35650623885918,-0.005918321439259092,-0.007003526430346436,-0.008360032669205616,-0.011073045146923977,2
2010-06-18,0.03658195388810017,0.9322638146167558,0.03639550112517682,0.03564969007348341,0.03471742625886666,0.03285289862963315,2
2010-07-19,-0.010379267069408794,0.9281609195402301,-0.01056489925331684,-0.011307427988949023,-0.012235588908489255,-0.014091910747569714,2
2010-08-16,-0.03389977091111064,0.8699430626311058,-0.034073759523636865,-0.03476971397374175,-0.035639657036372854,-0.03737954316163507,2
2010-09-14,-0.05282045269862017,0.9463133396805248,-0.05300971536655628,-0.053766766038300697,-0.05471307937798122,-0.05660570605734227,2
2010-10-12,0.016822061492941274,1.1362530413625302,0.016594810884668767,0.015685808451578742,0.014549555410216214,0.012277049327491154,2
2010-11-09,0.023586343022053674,1.1733477789815818,0.02335167346625736,0.022412995243072092,0.02123964746409051,0.018892951906127345,2
2010-12-08,-0.07646396132946512,1.1315374766078992,-0.0766902688247867,-0.07759549880607301,-0.07872703628268092,-0.08099011123589672,2
2011-01-06,0.01776026929535248,1.1909305621162023,0.017522083182929242,0.01656933873323628,0.015378408171120076,0.012996547046887671,2
2011-02-04,0.046404193052389145,1.1948887663173378,0.04616521529912568,0.045209304286071804,0.04401441551975447,0.041624637987119795,2
2011-03-07,0.0006296461648952565,1.217105263157895,0.00038622511226367754,-0.0005874590982626385,-0.0018045643614205335,-0.0042387748877363235,2
2011-04-04,-0.0005033603166106762,1.157894736842105,-0.0007349392639790973,-0.0016612550534527812,-0.0028191497902948864,-0.005134939263979097,2
2011-05-03,0.018174630848611678,1.1635587312652493,0.01794191910235863,0.01701107211734643,0.015847513386081178,0.013520395923550681,2
2011-06-01,0.040442516895062924,1.1466666666666665,0.04021318356172959,0.03929585022839626,0.03814918356172959,0.035855850228396255,2
2011-06-29,0.0017228875122433669,0.9803921568627451,0.001526809080870818,0.0007424953553806218,-0.00023789680148212332,-0.0021986811152076135,2
2011-07-28,0.12324647268181657,1.1633986928104576,0.12301379294325449,0.12208307398900611,0.12091967529619566,0.11859287791057474,2
2011-08-25,0.05849673168066319,0.9335293156949208,0.0583100258175242,0.057563202364968265,0.05662967304927335,0.05476261441788351,2
2011-09-23,-0.07608009395310811,0.7221133431324513,-0.0762245166217346,-0.07680220729624056,-0.077524320639373,-0.07896854732563792,2
2011-10-21,-0.019412770326307224,0.648867766284596,-0.019542543879564143,-0.02006163809259182,-0.020710505858876415,-0.022008241391445606,2
2011-11-18,0.09173878714753023,0.7651197465287484,0.09158576319822448,0.09097366740100148,0.09020854765447273,0.08867830816141523,2
2011-12-19,-0.16947088241895522,0.676404808498742,-0.16960616338065496,-0.17014728722745395,-0.1708236920359527,-0.17217650165295018,2
2012-01-19,-0.0671953990640869,0.9629173643258151,-0.06738798253695207,-0.06815831642841272,-0.06912123379273853,-0.07104706852139017,2
2012-02-16,0.031031070757278796,1.0464080459770115,0.030821789148083395,0.029984662711301784,0.028938254665324775,0.02684543857337075,2
2012-03-16,0.07288035880736238,1.0459183673469388,0.07267117513389298,0.07183444044001544,0.0707885220726685,0.06869668533797463,2
2012-04-16,0.0494140052387815,1.0119047619047619,0.049211624286400545,0.048402100476876736,0.047390195714971974,0.04536638619116245,2
2012-05-14,0.06063934471585886,1.0672413793103448,0.060425896439996796,0.05957210333654852,0.058504861957238176,0.05637037919861748,2
2012-06-12,0.017607459681534314,0.9352011494252874,0.017420419451649256,0.016672258532109026,0.015737057382683738,0.013866655083833165,2
2012-07-11,-0.050484956155212535,0.7839412360688955,-0.05064174440242632,-0.05126889739128143,-0.05205283862735033,-0.053620721099488115,2
2012-08-08,-0.01161076468751784,1.2257852077001015,-0.011855921729057861,-0.012836549895217942,-0.014062335102918044,-0.016513905518318245,2
2012-09-06,0.0354902103790461,0.9688987622976832,0.035296430626586564,0.034521311616748415,0.033552412854450736,0.03161461532985537,2
2012-10-04,-0.017146081904096114,0.9700829088003197,-0.01734009848585618,-0.018116164812896435,-0.019086247721696755,-0.021026413539297392,2
2012-11-05,-0.006518458152556136,1.1467385875536908,-0.0067478058700668735,-0.007665196740109827,-0.008811935327663518,-0.0111054125027709,2
2012-12-04,-0.05867376155221226,0.9147869674185465,-0.05885671894569597,-0.05958854851963081,-0.06050333548704935,-0.06233290942188645,2
2013-01-03,0.012765914266134874,1.0268996960486323,0.012560534326925148,0.011739014570086241,0.01071211487403761,0.008658315481940345,2
2013-02-01,0.05057872297985666,1.1109031813257166,0.05035654234359152,0.049467819798530946,0.048356916617205224,0.046135110254553795,2
2013-03-04,0.015009871787808372,1.1275510204081631,0.014784361583726738,0.01388232076740021,0.012754769746992045,0.01049966770617572,2
2013-04-02,0.0031128137249285866,1.025464239749954,0.002907720876978596,0.0020873494851786326,0.0010618852454286785,-0.0009890432340712296,2
2013-04-30,-0.050689393941149734,1.0476190476190474,-0.050898917750673546,-0.05173701298876878,-0.05278463203638783,-0.05487987013162592,2
2013-05-29,0.02931656536961466,1.1912141280353201,0.029078322544007596,0.02812535124157934,0.026934137113544022,0.024551708857473382,2
2013-06-26,-0.03322092661297761,1.211037527593819,-0.03346313411849638,-0.03443196414057143,-0.035643001668165246,-0.03806507672335289,2
2013-07-25,0.009682016169579583,1.063364739835328,0.009469343221612518,0.008618651429744256,0.0075552866899089265,0.005428557210238271,2
2013-08-22,-0.00846956484736187,1.1352601646719291,-0.008696616880296257,-0.0096048250120338,-0.01074008517670573,-0.013010605506049587,2
2013-09-20,0.043592017513573195,1.0976385500174277,0.04337248980356971,0.04249437896355577,0.04139674041353834,0.039201463313503486,2
2013-10-18,0.003570912443063733,1.1730769230769231,0.0033362970584483484,0.0023978355199868098,0.0012247585969098868,-0.0011213952492439595,2
2013-11-15,-0.000385995525735882,1.1902844873859366,-0.0006240524232130693,-0.0015762800131218187,-0.0027665645005077555,-0.005147133475279629,2
2013-12-16,-0.02823459294303306,1.1656698105973469,-0.02846772690515253,-0.029400262753630408,-0.030565932564227755,-0.032897272185422446,2
2014-01-15,0.008012066931786495,1.1324464153732448,0.0077855776487118465,0.00687962051641325,0.005747174101040005,0.003482281270293516,2
2014-02-13,-0.014718368787072363,1.106521895967102,-0.014939673166265783,-0.015824890683039466,-0.016931412579006568,-0.019144456370940772,2
2014-03-14,0.022204153200403788,1.063418029933867,0.021991469594417015,0.02114073517046992,0.020077317140536052,0.01795048108066832,2
2014-04-11,0.022050307675654236,1.0450400278454577,0.021841299670085145,0.021005267647808776,0.01996022761996332,0.017870147564272406,2
2014-05-12,-0.052483658115886136,1.057968400548301,-0.052695251795995796,-0.05354162651643444,-0.05459959491698274,-0.05671553171807934,2
2014-06-10,-0.0047124343499382465,0.9495565410199558,-0.0049023456581422375,-0.005661990890958203,-0.006611547431978158,-0.00851066051401807,2
2014-07-09,-0.0009253677165068225,1.0228185469149325,-0.001129931425889809,-0.0019481862634217549,-0.0029710048103366873,-0.005016641904166552,2
2014-08-06,-0.012832207353650923,1.0164658634538153,-0.013035500526341686,-0.013848673217104738,-0.014865139080558552,-0.016898070807466185,2
2014-09-04,0.03442585664346491,0.9103380503144654,0.03424378903340202,0.033515518593150447,0.03260518054283598,0.03078450444220705,2
2014-10-02,0.03751916126491753,1.0169970543746518,0.037315761854042596,0.03650216421054288,0.03548516715616822,0.03345117304741892,2
2014-10-30,0.0881102073778064,0.967180430948547,0.08791677129161668,0.08714302694685784,0.0861758465159093,0.08424148565401221,2
2014-11-28,0.01989979766261012,0.9741685144124167,0.019704963959727637,0.018925629148197703,0.017951460633785287,0.016003123604960454,2
2014-12-29,0.07250517930407001,1.126570583887657,0.07227986518729247,0.07137860872018235,0.0702520381362947,0.06799889696851938,2
2015-01-28,-0.11495749407146223,0.9315964523281595,-0.11514381336192786,-0.11588909052379039,-0.11682068697611855,-0.11868387988077488,2
2015-02-26,0.029946406046891437,1.121212121212121,0.02972216362264901,0.028825193925679317,0.027703981804467193,0.025461557562042953,2
2015-03-26,-0.06146815733299311,1.069683257918552,-0.061682093984576816,-0.06253784059091166,-0.06360752384883021,-0.06574689036466731,2
2015-04-24,0.020183651838950937,1.0757744517925512,0.019968496948592426,0.019107877387158384,0.018032102935365835,0.015880554031780732,2
2015-05-22,0.05588809828682922,1.0459636517328823,0.05567890555648264,0.05484213463509634,0.05379617098336345,0.05170424367989769,2
2015-06-22,0.13714127321283107,0.9808044519582981,0.13694511232243942,0.13616046876087276,0.13517966430891448,0.13321805540499787,2
2015-07-21,0.0845957779925247,0.9638392257023795,0.08440301014738422,0.08363193876682232,0.08266809954111994,0.08074042108971519,2
2015-08-18,-0.021838426177063924,1.0507124613523322,-0.02204856866933439,-0.022889138638416257,-0.023939851099768587,-0.026041276022473255,2
2015-09-16,0.009956270392924203,0.8201958298112144,0.00979223122696196,0.00913607456311299,0.008315878733301774,0.0066754870736793455,2
2015-10-14,0.009067030203731447,0.871437847197172,0.008892742634292012,0.008195592356534274,0.007324154509337103,0.005581278814942759,2
2015-11-11,0.01996942392817403,1.0336362355593125,0.019762696681062168,0.018935787692614718,0.017902151457055406,0.01583487898593678,2
2015-12-10,0.10992919636141651,0.9387503522118907,0.10974144629097414,0.10899044600920463,0.10805169565699273,0.10617419495256895,2
2016-01-11,0.07097745750611735,0.8109756097560976,0.07081526238416613,0.07016648189636125,0.06935550628660515,0.06773355506709296,2
2016-02-09,-0.19367225388806847,0.8109756097560975,-0.1938344490100197,-0.19448322949782457,-0.19529420510758067,-0.19691615632709286,2
2016-03-09,-0.03635082866762966,0.6317383636224216,-0.03647717634035415,-0.036982567031252085,-0.0376143053948745,-0.03887778212211935,2
2016-04-07,-0.026285509982018097,0.8485636645962734,-0.026455222714937353,-0.02713407364661437,-0.027982637311210645,-0.02967976464040319,2
2016-05-05,-0.06254213008683415,0.859008040761086,-0.06271393169498637,-0.06340113812759524,-0.06426014616835632,-0.0659781622498785,2
2016-06-03,0.01951485510712656,0.9349972135976435,0.01932785566440703,0.018579857893528916,0.017644860679931273,0.015774866252735983,2
2016-07-01,-0.05666257552227079,1.0165558019216556,-0.05686588668265512,-0.057679131324192445,-0.0586956871261141,-0.060728798729957414,2
2016-08-01,-0.05114050421601907,1.1324464153732445,-0.05136699349909372,-0.05227295063139231,-0.05340539704676556,-0.05567028987751205,2
2016-08-29,-0.023318586539099614,1.0552105724066556,-0.023529628653580947,-0.02437379711150627,-0.025429007683912926,-0.027539428828726238,2
2016-09-27,0.016769522720049276,1.011124213836478,0.01656729787728198,0.015758398506212797,0.014747274292376319,0.012725025864703364,2
2016-10-25,-0.026151508342375736,1.0296383647798741,-0.02635743601533171,-0.027181146707155608,-0.028210785071935484,-0.030270061801495232,2
2016-11-22,0.03531851401228751,1.2106856943961017,0.03507637687340829,0.03410782831789141,0.0328971426234953,0.0304757712347031,2
2016-12-21,-0.027272270324949197,1.1840973249092621,-0.027509089789931048,-0.02845636764985846,-0.029640464974767723,-0.032008659624586246,2
2017-01-23,-0.011860019934360394,1.1898440650625084,-0.012097988747372895,-0.013049863999422902,-0.01423970806448541,-0.016619396194610427,2
2017-02-21,0.07157872872551248,1.0853462157809983,0.07136165948235627,0.07049338250973147,0.06940803629395048,0.06723734386238849,2
2017-03-21,-0.015309426587423203,1.087895637296835,-0.01552700571488257,-0.016397322224720037,-0.017485217862016872,-0.019661009136610542,2
2017-04-19,0.02889121923711222,0.944575135443399,0.02870230421002354,0.027946644101668822,0.027002068966225423,0.025112918695338625,2
2017-05-17,0.03548395095296411,1.1228867286559594,0.03525937360723292,0.03436106422430815,0.033238177495652194,0.030992404038340273,2
2017-06-15,-0.035289286126571465,1.1530712876866722,-0.0355199003841088,-0.036442357414258136,-0.03759542870194481,-0.03990157127731815,2
2017-07-14,0.053460305568664886,1.0286600949251552,0.05325457354967986,0.05243164547373973,0.051402985378814575,0.049345665188964265,2
2017-08-11,-0.006050269757799229,1.1554947060971157,-0.006281368699018653,-0.007205764463896345,-0.00836125916999346,-0.010672248582187693,2
2017-09-11,-0.02865457260738422,1.0288617886178861,-0.028860344965107795,-0.029683434396002104,-0.030712296184619993,-0.03277001976185576,2
2017-10-09,0.059813726249060506,1.1352141448295296,0.0595866834200946,0.05867851210423097,0.05754329795940145,0.05527286966974239,2
2017-11-06,-0.05007846040069701,1.0816074950690338,-0.050294781899710816,-0.05116006789576604,-0.052241675390835074,-0.054404890380973146,2
2017-12-05,-0.05717822765604479,1.1775147928994083,-0.057413730614624674,-0.0583557424489442,-0.05953325724184361,-0.06188828682764243,2
2018-01-04,0.061294243537462136,1.104403164774682,0.0610733629045072,0.06018984037268745,0.059085437207912775,0.05687663087836341,2
2018-02-02,-0.0045209288616368856,1.1453388372893016,-0.004749996629094746,-0.005666267698926187,-0.006811606536215488,-0.009102284210794093,2
2018-03-05,0.01289051390482454,1.0615106732348112,0.012678211770177576,0.011829003231589728,0.010767492558354916,0.008644471211885295,2
2018-04-03,-0.04043914459708522,1.0609270672829996,-0.04065133001054182,-0.04150007166436822,-0.042560998731651214,-0.04468285286621722,2
2018-05-01,0.019968668714600922,1.0318759630200307,0.019762293521996915,0.018936792751580892,0.017904916788560862,0.0158411648625208,2
2018-05-30,0.0026680463204182916,1.125756150020164,0.0024428950904142586,0.0015422901703981274,0.0004165340203779633,-0.001834978279662365,2
2018-06-27,0.0064387018229384455,1.0706261510128914,0.006224576592735867,0.005368075671925554,0.004297449520912663,0.0021561972188868803,2
2018-07-26,0.029651511032253795,1.0930325352977286,0.02943290452519425,0.02855847849695607,0.027465445961658338,0.02527938089106288,2
2018-08-23,0.013196901893821954,1.136701880273736,0.012969561517767207,0.012060200013548218,0.010923498133274482,0.00865009437272701,2
2018-09-21,0.046234779069595465,1.1484618962195203,0.04600508669035156,0.045086317173375946,0.04393785527715642,0.04164093148471738,2
2018-10-19,0.03550656971512444,1.1548931307971502,0.03527559108896501,0.03435167658432729,0.03319678345353014,0.03088699719193584,2
2018-11-16,0.07187594172827186,0.8410068557601829,0.07170774035711983,0.07103493487251168,0.07019392801675149,0.06851191430523113,2
2018-12-18,-0.0832739855412147,0.771172200564592,-0.08342821998132763,-0.0840451577417793,-0.0848163299423439,-0.08635867434347308,2
2019-01-17,-0.07957267904616022,0.6252434889257629,-0.07969772774394537,-0.08019792253508598,-0.08082316602401175,-0.08207365300186327,2
2019-02-15,0.014299747312500732,0.8594617992929803,0.014127854952642136,0.013440285513207752,0.01258082371391477,0.01086190011532881,2
2019-03-18,0.021498106406368993,0.9859819667511975,0.021300910013018756,0.020512124439617797,0.0195261424728666,0.017554178539364203,2
2019-04-15,0.030379278043053744,0.9565370526908988,0.030187970632515562,0.029422740990362843,0.028466203937671946,0.026553129832290148,2
2019-05-14,0.13848459543582184,1.1052056917441533,0.138263554297473,0.13737938974407768,0.13627418405233352,0.13406377266884523,2
2019-06-12,-0.0008007268593552474,0.9267751479289941,-0.0009860818889410462,-0.0017275020072842415,-0.0026542771552132355,-0.004507827451071224,2
2019-07-11,0.07533153660461929,0.9020994156265781,0.07515111672149398,0.07442943718899271,0.07352733777336613,0.07172313894211298,2
2019-08-08,0.009546121990259051,1.0462809321116802,0.009336865803836716,0.008499841058147372,0.00745356012603569,0.00536099826181233,2
2019-09-06,-0.019501134754808,0.9380636317725992,-0.01968874748116252,-0.0204391983865806,-0.0213772620183532,-0.023253389281898396,2
2019-10-04,-0.038355393395168885,0.9380997042060457,-0.038543013336010096,-0.03929349309937493,-0.040231592803580976,-0.04210779221199307,2
2019-11-01,0.002972360325410602,0.998196378327682,0.0027727210497450654,0.00197416394708292,0.0009759675687552377,-0.0010204251879001266,2
2019-12-02,-0.06248421039305534,1.0903614457831325,-0.06270228268221197,-0.06357457183883847,-0.0646649332846216,-0.06684565617618787,2
2019-12-31,0.04324198013324454,1.0043343653250774,0.04304111326017952,0.04223764576791946,0.04123331140259438,0.039224642671944226,2
2020-01-30,0.02625103381206359,1.1333677330581358,0.026024360265451962,0.025117666079005455,0.023984298345947317,0.021717562879831048,2
2020-02-28,0.20385382212351225,0.9619204089083607,0.20366143804173056,0.2028919017146039,0.20192998130569553,0.2000061404878788,2
2020-03-27,-0.07636368872292208,1.0334331337325349,-0.0765703753496686,-0.07739712185665462,-0.07843055499038715,-0.08049742125785223,2
2020-04-27,-0.1943986729801648,0.7047333903621329,-0.19453961965823724,-0.19510340637052695,-0.19580813976088907,-0.19721760654161333,2
2020-05-26,-0.046589244379352586,0.9140647276874823,-0.04677205732489008,-0.047503309107040065,-0.04841737383472755,-0.050245503290102515,2
2020-06-23,0.11792563123865511,0.839080459770115,0.11775781514670108,0.117086550778885,0.11624747031911488,0.11456930939957466,2
2020-07-22,0.007118766537279193,0.9655172413793103,0.006925663089003331,0.006153249295899882,0.0051877320545205725,0.003256697571761952,2
2020-08-19,-0.02539732699527229,0.9170923511224627,-0.025580745465496782,-0.026314419346394752,-0.027231511697517214,-0.029065696399762142,2
2020-09-17,0.09444811648841539,1.0040328001075411,0.09424730992839388,0.09344408368830785,0.09244005088820031,0.09043198528798523,2
2020-10-15,-0.09357740210032493,0.9017341040462428,-0.09375774892113418,-0.09447913620437118,-0.09538087030841742,-0.0971843385165099,2
2020-11-12,-0.16774392232730656,1.0867052023121386,-0.16796126336776898,-0.1688306275296187,-0.16991733273193083,-0.17209074313655512,2
2020-12-11,-0.009877902103623519,1.1583085422864428,-0.010109563812080807,-0.011036210645909962,-0.012194519188196404,-0.01451113627276929,2
2021-01-12,-0.1880163547245281,1.15537739965096,-0.1882474302044583,-0.18917173212417907,-0.19032710952383003,-0.19263786432313193,2
2021-02-10,-0.036649916433942595,1.312910447761194,-0.03691249852349483,-0.03796282688170379,-0.03927573732946498,-0.04190155822498737,2
2021-03-11,0.11851440609428593,1.5116451458632234,0.11821207706511329,0.1170027609484227,0.11549111580255948,0.11246782551083304,2
2021-04-09,0.10867114916522096,1.140937350549976,0.10844296169511096,0.10753021181467098,0.106389274464121,0.10410739976302105,2
2021-05-07,-0.14276822541807976,1.0583468794640658,-0.14297989479397258,-0.14382657229754384,-0.1448849191770079,-0.14700161293593603,2
2021-06-07,-0.021413688924648303,1.0466321243523315,-0.02162301534951877,-0.022460321049000635,-0.023506953173352964,-0.02560021742205763,2
2021-07-06,0.14406666586426076,1.0098039215686274,0.14386470507994703,0.14305686194269213,0.1420470580211235,0.14002745017798623,2
2021-08-03,-0.002808872388113717,0.877450980392157,-0.002984362584192148,-0.003686323368505874,-0.004563774348898031,-0.0063186763096823445,2
2021-08-31,0.030165475328527303,0.8687590816623075,0.02999172351219484,0.029296716246864994,0.02842795716520269,0.026690439001878074,2
2021-09-29,0.051597076395802674,1.086881042679344,0.05137970018726681,0.05051019535312333,0.049423314310443986,0.0472495522250853,2
2021-10-27,0.06929873766907825,1.0141552267507077,0.06909590662372811,0.06828458244232755,0.06727042721557683,0.06524211676207542,2
2021-11-24,0.055766089612253905,1.1010204081632653,0.05554588553062125,0.05466506920409064,0.053564048795927376,0.051362007979600846,2
2021-12-23,0.16768125720777344,0.9580064605445315,0.16748965591566453,0.1667232507472289,0.16576524428668438,0.16384923136559532,2
2022-01-24,0.07655043751798596,1.0540173306670768,0.07633963405185254,0.07549642018731888,0.07444240285665181,0.07233436819531765,2
2022-02-22,-0.039025051337812346,0.795482990101263,-0.0391841479358326,-0.03982053432791361,-0.04061601731801487,-0.0422069832982174,2
2022-03-22,0.18999730594735306,0.83198402417962,0.18983090914251713,0.18916532192317345,0.1883333378989938,0.1866693698506346,2
2022-04-20,0.12752059925540404,0.8424006908462867,0.1273521191172348,0.12667819856455775,0.12583579787371146,0.1241509964920189,2
2022-05-18,0.06531825832225187,0.7675809326663218,0.0651647421357186,0.06455067738958555,0.06378309645691922,0.06224793459158658,2
2022-06-16,-0.15483305054591778,0.7377497062279671,-0.1549806004871634,-0.15557080025214576,-0.1563085499583737,-0.15778404937082965,2
2022-07-18,-0.20057400375913845,0.7323149236192714,-0.2007204667438623,-0.20130631868275772,-0.202038633606377,-0.20350326345361552,2
2022-08-15,0.0890590548063066,0.825603022377216,0.08889393420183116,0.08823345178392938,0.08740784876155216,0.08575664271679774,2
2022-09-13,0.10834881105115021,0.766259808195292,0.10819555908951116,0.10758255124295492,0.10681629143475962,0.10528377181836904,2
2022-10-11,0.07280356390662585,0.7418923734853885,0.07265518543192877,0.07206167153314046,0.07131977915965507,0.06983599441268429,2
2022-11-08,-0.05212514195647223,0.7418923734853884,-0.052273520431169306,-0.05286703432995762,-0.053608926703443006,-0.05509271145041378,2
2022-12-07,0.00795640755901649,0.832979175520612,0.007789811723912367,0.007123428383495878,0.0062904492079752655,0.004624490856934041,2
2023-01-06,-0.2535747613498308,0.7129946556176066,-0.2537173602809543,-0.2542877560054484,-0.25500075066106603,-0.25642673997230125,2
2023-02-06,0.0867809444812557,1.0366773580422903,0.08657360900964724,0.08574426712321341,0.08470758976517112,0.08263423504908654,2
2023-03-07,0.033663106544796415,0.982032549299121,0.03346670003493659,0.032681073995497294,0.03169904144619817,0.02973497634759993,2
2023-04-04,0.07403563271829337,0.8857742510493933,0.0738584778680835,0.07314985846724398,0.07226408421619458,0.0704925357140958,2
2023-05-03,-0.08883092911162818,0.9014432752573172,-0.08901121776667964,-0.0897323723868855,-0.09063381566214282,-0.09243670221265746,2
2023-06-01,-0.0282663437538136,1.0313277882338656,-0.028472609311460374,-0.029297671542047467,-0.030328999330281332,-0.032391654906749064,2
2023-06-30,-0.08979009120766386,0.982623224728488,-0.08998661585260956,-0.09077271443239235,-0.09175533765712084,-0.09372058410657781,2
2023-07-31,0.048480527197607155,1.093428014480646,0.04826184159471102,0.04738709918312651,0.04629367116864586,0.04410681513968457,2
2023-08-28,0.09506885377831872,1.0988206083178151,0.09484908965665516,0.09397003317000091,0.0928712125616831,0.09067357134504746,2
2023-09-26,0.07901777375471786,0.8746783001694809,0.07884283809468397,0.07814309545454838,0.07726841715437889,0.07551906055403994,2
2023-10-24,-0.04929187643645654,0.8128491620111732,-0.049454446268858775,-0.050104725598467716,-0.05091757476047889,-0.052543273084501234,2
2023-11-21,-0.11837314478827292,0.9805181558547531,-0.11856924841944387,-0.11935366294412768,-0.12033418109998242,-0.12229521741169193,2
2006-01-06,0.016034454173476848,1.0,0.01583445417347685,0.015034454173476847,0.014034454173476847,0.012034454173476847,3
2006-02-06,0.014068228271110123,1.1771310876353729,0.013832802053583048,0.01289109718347475,0.011713966095839377,0.00935970392056863,3
2006-03-07,-0.0033200730411923106,1.1598564879410007,-0.003552044338780511,-0.0044799295291333115,-0.0056397860170743115,-0.007959498992956313,3
2006-04-04,0.026305964075565926,1.0502292206497907,0.026095918231435967,0.025255734854916136,0.024205505634266343,0.022105047192966763,3
2006-05-03,0.0014462811799580981,1.1761576354679804,0.0012110496528645021,0.00027012354449011764,-0.0009060340909778628,-0.003258349361913824,3
2006-06-01,0.04177693154872018,1.2092857142857143,0.041535074405863036,0.040567645834434465,0.03935836012014875,0.03693978869157732,3
2006-06-29,0.06644818251231613,0.8666883116883116,0.06627484484997846,0.06558149420062781,0.0647148058889395,0.06298142926556288,3
2006-07-28,-0.014013101229204239,0.8644307030514853,-0.014185987369814535,-0.014877531932255723,-0.015741962635307208,-0.01747082404141018,3
2006-08-25,-0.05732856466179651,0.857000343997248,-0.05749996473059596,-0.05818556500579376,-0.05904256534979101,-0.0607565660377855,3
2006-09-25,-0.04924370813075618,0.8884331116038434,-0.04942139475307695,-0.050132141242360026,-0.05102057435396387,-0.052797440577171555,3
2006-10-23,-0.015817504864791214,1.0577627500704423,-0.016029057414805304,-0.016875267614861657,-0.017933030364932098,-0.02004855586507298,3
2006-11-20,0.019873341784941607,1.0659874309655302,0.019660144298748503,0.018807354353976076,0.017741366923010548,0.015609392061079487,3
2006-12-19,0.008004531731056502,1.0379927632831842,0.007796933178399865,0.006966538967773318,0.005928546204490134,0.0038525606779237654,3
2007-01-22,-0.01992438488201254,1.0508635930912553,-0.02013455760063079,-0.020975248475103795,-0.02202611206819505,-0.02412783925437756,3
2007-02-20,0.03346893865299346,1.1322470515207945,0.0332424892426893,0.032336691601472664,0.031204444549951874,0.028939950446910282,3
2007-03-20,-0.013594875905786296,1.0794536471955827,-0.013810766635225413,-0.014674329552981879,-0.015753783200177462,-0.017912690494568628,3
2007-04-18,0.024344117585628683,1.1117407730310958,0.024121769431022462,0.023232376812597585,0.02212063603956649,0.0198971544935043,3
2007-05-16,-0.013993301609341379,1.2065365798156786,-0.014234608925304515,-0.015199838189157058,-0.016406374768972738,-0.018819447928604092,3
2007-06-14,0.02129652096683753,1.0999544885652521,0.02107653006912448,0.02019656647827228,0.019096611989707024,0.016896703012576522,3
2007-07-13,0.04458009591578065,1.1465968586387436,0.0443507765440529,0.04343349905714191,0.042286902198503167,0.03999370848122568,3
2007-08-10,0.02421847160144311,1.3227114427860698,0.023953929312885897,0.02289576015865704,0.02157304871587097,0.01892762583029883,3
2007-09-10,0.010132185483181198,1.1578358208955224,0.009900618319002094,0.008974349662285675,0.007816513841390153,0.005500842199599109,3
2007-10-08,0.10248763621192399,1.0312670754659705,0.10228138279683079,0.10145636913645802,0.10042510206099205,0.09836256791006011,3
2007-11-05,0.05458932565677614,1.128787878787879,0.05436356808101857,0.05346053777798826,0.052331749899200385,0.05007417414162463,3
2007-12-04,0.06530870459387517,0.9584617360041089,0.06511701224667435,0.06435024285787105,0.06339178112186696,0.06147485764985873,3
2008-01-03,-0.18255121940272448,0.9473228043143296,-0.18274068396358734,-0.18349854220703882,-0.18444586501135313,-0.1863405106199818,3
2008-02-01,0.11376237844642013,1.0606168831168832,0.11355025506979675,0.11270176156330325,0.11164114468018636,0.1095199109139526,3
2008-03-03,-0.002130529518029686,0.9463311688311689,-0.0023197957517959197,-0.003076860686860855,-0.004023191855692024,-0.005915854193354362,3
2008-04-01,0.010441421630841427,0.7334365325077399,0.01029473432433988,0.009707985098333687,0.008974548565825947,0.007507675500810468,3
2008-04-29,0.056819264214717384,0.9333333333333333,0.056632597548050716,0.05588593088138405,0.054952597548050715,0.05308593088138405,3
2008-05-28,0.12331506712154454,0.8906472768748218,0.12313693766616958,0.12242441984466972,0.12153377256779489,0.11975247801404525,3
2008-06-25,-0.0708853977862049,0.9024451097804391,-0.07106588680816098,-0.07178784289598533,-0.07269028800576577,-0.07449517822532666,3
2008-07-24,-0.02261667946935499,1.0595238095238095,-0.02282858423125975,-0.0236762032788788,-0.024735727088402607,-0.02685477470745023,3
2008-08-21,-0.13351593154215777,0.8095238095238095,-0.13367783630406252,-0.13432545535168158,-0.1351349791612054,-0.136754026780253,3
2008-09-19,0.1972834045553797,1.0038958228122068,0.19708262539081728,0.1962795087325675,0.1952756129097553,0.1932678212641309,3
2008-10-17,0.1786389610033036,0.9729859571322985,0.17844436381187714,0.1776659750461713,0.176692989089039,0.1747470171747744,3
2008-11-14,-0.07421381039014396,0.951778329197684,-0.0744041660559835,-0.07516558871934165,-0.07611736704853933,-0.0780209237069347,3
2008-12-15,-0.08108427084346953,0.6718409586056644,-0.08121863903519067,-0.08175611180207519,-0.08242795276068086,-0.08377163467789218,3
2009-01-14,0.00531615328337679,0.5658914728682171,0.005202974988803146,0.004750261810508572,0.0041843703376403555,0.0030525873919039215,3
2009-02-12,0.07290765921360878,0.6217142857142857,0.07278331635646593,0.0722859449278945,0.07166423064218021,0.07042080207075165,3
2009-03-13,-0.37564042055300406,0.739741935483871,-0.3757883689401008,-0.37638016248848793,-0.3771199044239718,-0.37859938829493955,3
2009-04-13,-0.3174893681817997,0.6881639795025624,-0.3176270009777002,-0.31817753216130223,-0.3188656961408048,-0.32024202409980995,3
2009-05-11,-0.06399389432723986,0.7960431654676259,-0.06415310296033339,-0.06478993749270748,-0.06558598065817511,-0.06717806698911036,3
2009-06-09,0.11235437831880896,0.7461459403905447,0.11220514913073085,0.11160823237841841,0.11086208643802786,0.10936979455724678,3
2009-07-08,-0.2699697449125296,0.6943899782135077,-0.27010862290817234,-0.27066413489074315,-0.2713585248689566,-0.2727473048253837,3
2009-08-05,-0.015992809578485215,0.9018355517389437,-0.016173176688833002,-0.016894645130224158,-0.0177964806819631,-0.01960015178544099,3
2009-09-02,-0.0955104388020711,0.8217582653499357,-0.09567479045514109,-0.09633219706742104,-0.09715395533277096,-0.09879747186347083,3
2009-10-01,0.020374804510482073,1.128689304982545,0.020149066649485563,0.019246115205499528,0.018117425900516983,0.015860047290551894,3
2009-10-29,0.041966271025241614,1.3536474164133738,0.04169554154195894,0.04061262360882824,0.03925897619241486,0.03655168135958812,3
2009-11-27,-0.045989666247027036,1.068743667679838,-0.046203414980563004,-0.047058409914706875,-0.048127153582386714,-0.05026464091774639,3
2009-12-28,-0.08058432360311395,1.1872950386120809,-0.08082178261083636,-0.08177161864172602,-0.08295891368033811,-0.08533350375756227,3
2010-01-27,0.01320555016305868,1.2961493705701894,0.012946320288944642,0.01190940079248849,0.0106132514219183,0.008020952680777921,3
2010-02-25,-0.019723103074924888,1.1420081326243352,-0.019951504701449754,-0.020865111207549223,-0.022007119340173558,-0.024291135605422228,3
2010-03-25,-0.034106730519416935,1.238686820973075,-0.03435446788361155,-0.03534541734039001,-0.03658410416136308,-0.039061477803309236,3
2010-04-23,0.01452406875560142,1.204723665564478,0.014283124022488524,0.013319345090036941,0.012114621424472463,0.009705174093343507,3
2010-05-21,-0.002126578692401672,1.3419354838709676,-0.0023949657891758655,-0.0034685141762726395,-0.004810449660143608,-0.007494320627885543,3
2010-06-21,0.02281503854888036,1.006451612903226,0.022613748226299715,0.021808586935977134,0.020802135323073907,0.018789232097267457,3
2010-07-20,0.00819923520738422,0.9553826455234906,0.008008158678279522,0.007243852561860729,0.006288469916337238,0.0043777046252902576,3
2010-08-17,-0.02256737084206614,0.9116514690982777,-0.022749701135885793,-0.023479022311164416,-0.024390673780262693,-0.02621397671845925,3
2010-09-15,-0.06175192244540055,0.9172749391727493,-0.0619353774332351,-0.0626691973845733,-0.06358647232374605,-0.06542102220209155,3
2010-10-13,0.0077772026804718624,1.063313233894002,0.007564540033693062,0.00671388944657786,0.005650576212683858,0.0035239497448958544,3
2010-11-10,-0.0019486121901690482,1.1861402486402486,-0.002185840239897098,-0.003134752438809297,-0.004320892687449545,-0.006693173184730042,3
2010-12-09,-0.058298281431573576,1.1305361305361306,-0.0585243886576808,-0.05942881756210971,-0.06055935369264584,-0.0628204259537181,3
2011-01-07,0.0330677655457257,1.1496457250826642,0.03283783640070917,0.031918119820643034,0.030768474095560373,0.028469182645395042,3
2011-02-07,0.03812603015546494,1.127807287298481,0.037900468698005244,0.03699822286816646,0.035870415580867974,0.03361480100627101,3
2011-03-08,0.016789331126978863,1.2150412796697627,0.01654632287104491,0.0155742898473091,0.014359248567639336,0.011929166008299812,3
2011-04-05,-0.016927401693394982,1.169031647746818,-0.017161208022944345,-0.0180964333411418,-0.019265464988888616,-0.021603528284382254,3
2011-05-04,0.03274483049938378,1.2164081561519693,0.03250154886815339,0.03152842234323181,0.030312014187079843,0.027879197874775902,3
2011-06-02,0.03335578805812036,1.0642825607064017,0.03314293154597908,0.032291505497413955,0.031227222936707558,0.029098657815294752,3
2011-06-30,0.020274673394402414,0.9407894736842105,0.020086515499665572,0.019333883920718203,0.018393094447033992,0.01651151549966557,3
2011-07-29,0.0970408007782668,1.138157894736842,0.09681316919931943,0.09590264288352995,0.09476448498879311,0.09248816919931943,3
2011-08-26,0.06267186033277336,0.9848930262943003,0.0624748817275145,0.06168696730647906,0.06070207428018476,0.05873228822759616,3
2011-09-26,-0.12280289035144731,0.798832271762208,-0.12296265680579975,-0.12360172262320952,-0.12440055489497173,-0.12599821943849615,3
2011-10-24,0.04684375105863617,0.6763116205386264,0.046708488734528444,0.04616743943809754,0.045491127817558916,0.04413850457648166,3
2011-11-21,0.055876191400806734,0.7979215871516296,0.055716607083376404,0.0550782698136551,0.054280348226503475,0.052684505052200216,3
2011-12-20,-0.14453419841619644,0.7017477562588569,-0.14467454796744822,-0.1452359461724553,-0.14593769392871417,-0.14734118944123187,3
2012-01-20,-0.06813560831415508,0.976903378311829,-0.06833098898981745,-0.0691125116924669,-0.07008941507077873,-0.07204322182740239,3
2012-02-17,0.02900199025858794,1.0413793103448274,0.028793714396518975,0.027960610948243113,0.026919231637898285,0.02483647301720863,3
2012-03-19,0.08276909032784574,1.0337837837837838,0.08256233357108898,0.08173530654406196,0.08070152276027817,0.0786339551927106,3
2012-04-17,0.07920342724239968,1.0202702702702702,0.07899937318834563,0.07818315697212941,0.07716288670185914,0.07512234616131859,3
2012-05-15,0.06009847721563285,1.046455938697318,0.059889186027893386,0.05905202127693553,0.05800556533823821,0.05591265346084358,3
2012-06-13,0.01335007908798844,0.8798371647509577,0.013174111655038248,0.012470241923237483,0.011590404758486526,0.00983073042898461,3
2012-07-12,-0.09632047864816563,0.7969167523124356,-0.09647986199862812,-0.09711739540047806,-0.0979143121527905,-0.09950814565741538,3
2012-08-09,-0.02702739123508307,1.1699383350462487,-0.02726137890209232,-0.02819732957012932,-0.029367267905175565,-0.03170714457526806,3
2012-09-07,0.061303466343450595,1.0126414894742408,0.06110093804555575,0.060290824853976355,0.059278183364502114,0.05725290038555363,3
2012-10-05,-0.011058607968346991,0.9983282674772036,-0.011258273621842431,-0.012056936235824194,-0.013055264503301398,-0.015051921038255806,3
2012-11-06,-0.009286425798914078,1.1550658561296858,-0.009517438970140015,-0.010441491655043765,-0.01159655751117345,-0.01390668922343282,3
2012-12-05,-0.05284070194537804,0.9449760765550239,-0.05302969716068904,-0.05378567802193306,-0.05473065409848808,-0.056620606251598135,3
2013-01-04,0.01825468387460909,1.027001013171226,0.018049283671974847,0.017227682861437867,0.01620068184826664,0.014146679821924187,3
2013-02-04,0.046802407136857745,1.0403069153069153,0.04659434575379636,0.045762100221550826,0.044721793306243915,0.042641179475630085,3
2013-03-05,0.0026302994438010857,1.1205184776613346,0.0024061957482688187,0.0015097809661397512,0.0003892624884784166,-0.0018517744668442525,3
2013-04-03,0.0027379937708393977,1.0118128332414047,0.0025356312041911167,0.001726180937597993,0.0007143681043565884,-0.0013092575621262209,3
2013-05-01,-0.051239438491462945,1.07979407979408,-0.05145539730742176,-0.05231923257125703,-0.053399026651051104,-0.05555861481063926,3
2013-05-30,0.03654626064565422,1.2511699779249448,0.03629602665006923,0.035295090667729276,0.03404392068980433,0.03154158073395444,3
2013-06-27,-0.02635339535285597,1.1044591611479029,-0.02657428718508555,-0.02745785451400387,-0.028562313675151774,-0.03077123199744758,3
2013-07-26,0.014517314487668201,1.1862589023879346,0.014280062707190615,0.013331055585280267,0.012144796682892332,0.009772278878116462,3
2013-08-23,0.0025887888889773404,1.1927524088814412,0.002350238407201052,0.0013960364800958993,0.00020328407121445813,-0.002182220746548424,3
2013-09-23,0.03717303846195992,1.0716997792494483,0.036958698506110034,0.036101338682710475,0.03502963890346102,0.032886239344962126,3
2013-10-21,0.0076197689236461065,1.153833263510683,0.00738900227094397,0.006465935660135424,0.005312102396624741,0.0030044358696033743,3
2013-11-18,-0.018317576544053808,1.2164596273291925,-0.018560868469519647,-0.019534036171383,-0.020750495798712194,-0.023183415053370578,3
2013-12-17,-0.028992569591040934,1.222942546583851,-0.029237158100357704,-0.030215512137624786,-0.03143845468420864,-0.033884339777376336,3
2014-01-16,0.00025636089486055606,1.1384331116038435,2.867427253978736e-05,-0.0008820722167432874,-0.002020505328347131,-0.004297371551554818,3
2014-02-14,-0.009987241314105118,1.2148834860399682,-0.010230218011313111,-0.011202124800145086,-0.012417008286185055,-0.01484677525826499,3
2014-03-17,0.013933042363179483,1.140306300034807,0.01370498110317252,0.012792736063144676,0.01165242976310987,0.009371817163040254,3
2014-04-14,0.016286772272213333,1.1099199443090848,0.016064788283351516,0.015176852327904248,0.014066932383595163,0.011847092494976993,3
2014-05-13,-0.0275433002266362,1.1183897265709544,-0.02776697817195039,-0.028661689953207153,-0.02978007967977811,-0.03201685913292002,3
2014-06-11,0.012429476221978698,0.9738359201773836,0.012234709037943221,0.011455640301801314,0.010481804381623931,0.008534132541269163,3
2014-07-10,-0.018743356346529662,0.9985218033998523,-0.018943060707209632,-0.019741878149929514,-0.020740399953329366,-0.02273744356012907,3
2014-08-07,-0.011989519571155181,1.0531042128603105,-0.012200140413727243,-0.013042623784015491,-0.014095727996875803,-0.016201936422596423,3
2014-09-05,0.03590927523673315,0.9608695652173913,0.03571710132368967,0.03494840567151576,0.03398753610629837,0.032065796975863585,3
2014-10-03,0.02583722920244409,1.0106918238993712,0.025635090837664215,0.02482653737854472,0.023815845554645346,0.021794461906846606,3
2014-10-31,0.11591089055687738,1.028970688479891,0.1157050964191814,0.11488191986839749,0.1138529491799176,0.11179500780295781,3
2014-12-01,-0.0015751671790259704,1.0661970764220252,-0.0017884065943103754,-0.0026413642554479954,-0.003707561331870021,-0.005839955484714072,3
2014-12-30,0.07644311547808555,0.9987221613727638,0.076243371045811,0.07544439331671278,0.07444567115534002,0.0724482268325945,3
2015-01-29,-0.10381287236091262,1.0047097480832419,-0.10401381431052927,-0.10481758210899586,-0.1058222918570791,-0.10783171135324558,3
2015-02-27,0.055771450922308737,1.1011683096020444,0.05555121726038833,0.05467028261270669,0.05356911430310465,0.05136677768390056,3
2015-03-27,-0.07864511813167935,1.01060157790927,-0.0788472384472612,-0.07965571970958862,-0.08066632128749789,-0.08268752444331642,3
2015-04-27,0.03025782561531971,1.0046844181459564,0.030056888731690518,0.029253141197173753,0.0282484567790278,0.026239087942735884,3
2015-05-26,0.03188276519438922,1.0281065088757395,0.03167714389261407,0.03085465868551348,0.029826552176637742,0.027770339158886263,3
2015-06-23,0.1870959742344498,0.9748872921949845,0.1869009967760108,0.1861210869422548,0.18514619965005982,0.18319642506566985,3
2015-07-22,0.0905710448893443,0.9696531791907514,0.09037711425350614,0.08960139171015355,0.08863173853096279,0.0866924321725813,3
2015-08-19,-0.04259624150311942,1.0738338486355692,-0.042811008272846535,-0.04367007535175499,-0.04474390920039056,-0.0468915768976617,3
2015-09-17,0.013647571616630794,0.8273809523809526,0.013482095426154604,0.012820190664249841,0.011992809711868889,0.010338047807106983,3
2015-10-15,0.044854852343229834,0.8535819926412236,0.04468413594470159,0.04400127035058861,0.043147688357947384,0.04144052437266494,3
2015-11-12,0.03347661744760244,0.9860171879402648,0.033279414010014385,0.032490600259662175,0.03150458307172191,0.029532548695841383,3
2015-12-11,0.10008098844014969,0.9031065088757395,0.09990036713837454,0.09917788193127396,0.09827477542239821,0.09646856240464673,3
2016-01-12,0.07056581573522681,0.7865853658536585,0.07040849866205608,0.06977923036937315,0.0689926450035195,0.06741947427181218,3
2016-02-10,-0.1772423700321669,0.8109756097560975,-0.17740456515411812,-0.178053345641923,-0.1788643212516791,-0.18048627247119128,3
2016-03-10,-0.049350538677663994,0.6418478260869567,-0.049478908242881384,-0.04999238650375095,-0.05063423432983791,-0.05191792998201182,3
2016-04-08,-0.019162702583478103,0.7875000000000001,-0.019320202583478104,-0.019950202583478103,-0.020737702583478103,-0.022312702583478103,3
2016-05-06,-0.09711422801377953,0.8050314465408805,-0.09727523430308771,-0.09791925946032042,-0.09872429090686129,-0.10033435379994306,3
2016-06-06,0.09292810500500481,0.8008949447714262,0.09276792601605052,0.09212721006023339,0.09132631511546196,0.0897245252259191,3
2016-07-05,-0.07904866705145654,0.9207317073170733,-0.07923281339291995,-0.07996939875877361,-0.08089013046609068,-0.08273159388072483,3
2016-08-02,-0.07765960222326754,1.0426829268292683,-0.07786813880863339,-0.0787022851500968,-0.07974496807692608,-0.08183033393058461,3
2016-08-30,-0.029940115625773395,1.0741581084308574,-0.030154947247459565,-0.03101427373420425,-0.03208843184263511,-0.03423674805949682,3
2016-09-28,0.021101129409599868,1.0175314465408805,0.02089762312029169,0.02008359796305899,0.019066066516518106,0.017031003623436347,3
2016-10-26,-0.025808378944709522,1.0106918238993712,-0.026010517309489396,-0.026819070768608892,-0.027829762592508266,-0.029851146240307005,3
2016-11-23,0.036464809109331316,1.2271757825937395,0.03621937395281257,0.03523763332673758,0.034010457544143835,0.03155610597895636,3
2016-12-22,-0.0334219110010163,1.1087175695658016,-0.033643654514929455,-0.034530628570582096,-0.0356393461401479,-0.0378567812792795,3
2017-01-24,-0.009135817607532275,1.1666218577765828,-0.009369141979087591,-0.010302439465308857,-0.011469061323085441,-0.013802305038638607,3
2017-02-22,0.05413733217188323,1.0853078751629477,0.053920270596850645,0.05305202429672028,0.05196671642155734,0.04979610067123144,3
2017-03-22,-0.025447825714084042,1.1071428571428572,-0.025669254285512613,-0.0265549685712269,-0.027662111428369756,-0.02987639714265547,3
2017-04-20,0.04968306185380149,0.8511904761904762,0.04951282375856339,0.04883187137761101,0.04798068090142053,0.046278299949039585,3
2017-05-18,0.044483611199842406,1.0514933784164553,0.044273312524159114,0.04343211782142595,0.042380624443009496,0.040277637686176586,3
2017-06-16,-0.03938648349138542,0.9624542124542125,-0.03957897433387626,-0.040348937703839634,-0.04131139191629384,-0.043236300341202266,3
2017-07-17,0.0708654686461414,1.0347572106608252,0.07065851720400924,0.06983071143548059,0.06879595422481975,0.0667264398034981,3
2017-08-14,-0.024799453618618923,1.1193136181087988,-0.025023316342240684,-0.025918767236727723,-0.02703808085483652,-0.029276708091054118,3
2017-09-12,-0.019150630366654545,0.9984665936473165,-0.01935032368538401,-0.02014909696030186,-0.02114756355394918,-0.02314449674124381,3
2017-10-10,0.06664721006718263,1.0816779374471683,0.0664308744796932,0.06556553212973547,0.06448385419228829,0.06232049831739396,3
2017-11-07,-0.052786598940572804,1.057727528881375,-0.05299814444634908,-0.05384432646945418,-0.05490205399833555,-0.0570175090560983,3
2017-12-06,-0.07454714449203223,1.0934418145956608,-0.07476583285495136,-0.07564058630662789,-0.07673402812122355,-0.07892091175041488,3
2018-01-05,0.060168414598447476,1.056983544131647,0.05995701788962115,0.05911143105431583,0.05805444751018418,0.05594048042192089,3
2018-02-05,-0.02370890820486899,1.1620427036583707,-0.023941316745600665,-0.02487095090852736,-0.026032993612185733,-0.028357079019502473,3
2018-03-06,0.009294590898358003,1.0557307060755337,0.009083444757142897,0.008238860192282468,0.007183129486206936,0.005071668074055868,3
2018-04-04,-0.03531201010569541,1.0553094504365692,-0.03552307199578272,-0.036367319556131976,-0.03742262900656855,-0.039533247907441685,3
2018-05-02,0.003636642547811734,1.0489856189008733,0.0034268454240315594,0.002587656928910861,0.0015386713100099874,-0.0005592999277917593,3
2018-05-31,-0.0033074950609838175,1.1020197993488805,-0.0035278990208535937,-0.004409514860332698,-0.005511534659681579,-0.00771557425837934,3
2018-06-28,-0.00017192288819262418,1.0983425414364643,-0.00039159139647991704,-0.0012702654296290884,-0.0023686079710655526,-0.004565293053938481,3
2018-07-27,0.035885977337767244,1.1038367096378148,0.03566520999583968,0.034782140628129427,0.033678303918491616,0.03147063049921599,3
2018-08-24,0.02386164144623366,1.1309547538369542,0.02363545049546627,0.022730686692396706,0.02159973193855975,0.019337822430885845,3
2018-09-24,0.06444406379331859,1.1369344229619294,0.0642166769087262,0.06330712937035665,0.06217019494739473,0.05989632610147087,3
2018-10-22,0.051276542067293734,1.0920880632954935,0.05105812445463464,0.05018445400399824,0.04909236594070275,0.04690818981411176,3
2018-11-19,0.07132802214062202,0.7653918537437827,0.07117494376987327,0.07056263028687823,0.06979723843313446,0.0682664547256469,3
2018-12-19,-0.12423976409574546,0.8001747546713268,-0.12439979904667972,-0.12503993885041678,-0.12584011360508812,-0.12744046311443077,3
2019-01-18,-0.0670785415182971,0.6432436332154967,-0.06720719024494021,-0.0677217851515126,-0.0683650287847281,-0.06965151605115909,3
2019-02-19,0.030403947167639965,0.883558184835149,0.030227235530672934,0.029520388982804815,0.028636830797969668,0.026869714428299368,3
2019-03-19,-0.0028435638307946157,0.9324809805579037,-0.0030300600269061967,-0.0037760448113525196,-0.004708525791910423,-0.006573487753026231,3
2019-04-16,0.04806781502228587,1.004015215553677,0.04786701197917513,0.04706379980673219,0.046059784591178515,0.04405175416007116,3
2019-05-15,0.10985910772137493,1.0456818822203438,0.10964997134493086,0.10881342583915458,0.10776774395693424,0.10567638019249355,3
2019-06-13,0.018509709931151405,0.9088123415046492,0.018327947462850474,0.017600897589646756,0.016692085248142106,0.014874460565132808,3
2019-07-12,0.09304814279423236,0.9021354880600245,0.09286771569662036,0.09214600730617234,0.09124387181811232,0.08943960084199226,3
2019-08-09,-0.0646921417825426,1.0340747077274024,-0.06489895672408807,-0.06572621649027,-0.0667602911979974,-0.06882844061345221,3
2019-09-09,0.03103847594342939,0.8845879669232962,0.03086155835004473,0.030153887976506092,0.029269300009582798,0.027500124075736203,3
2019-10-07,-0.07144908091036122,0.9140754635307698,-0.07163189600306737,-0.07236315637389198,-0.07327723183742275,-0.0751053827644843,3
2019-11-04,0.03018426169167071,1.0886660414111535,0.02996652848338848,0.029095595650259556,0.028006929608848402,0.025829597526026097,3
2019-12-03,-0.06150627925373852,1.072289156626506,-0.06172073708506382,-0.06257856841036502,-0.06365085756699153,-0.06579543588024454,3
2020-01-02,0.045252059239247085,1.0219126246990025,0.04504767671430728,0.044230146614548084,0.043208233989849076,0.041164408740451075,3
2020-01-31,0.04348039481728336,1.0393876848985206,0.04327251728030365,0.042441007132384835,0.04140161944748632,0.039322844077689274,3
2020-03-02,0.2067781976298919,1.0883413895101364,0.20656052935198987,0.20568985624038177,0.20460151485087164,0.20242483207185136,3
2020-03-30,-0.20421705078972457,0.9974027847918622,-0.20441653134668294,-0.20521445357451643,-0.2062118563593083,-0.20820666192889203,3
2020-04-28,-0.1478662477573601,0.7391241613159225,-0.1480140725896233,-0.148605371918676,-0.14934449607999195,-0.15082274440262378,3
2020-05-27,0.040126737389492996,0.9205409974640745,0.03994262919000018,0.03920619639202892,0.03828565539456485,0.0364445733996367,3
2020-06-24,0.040315984913845415,0.8711713507408145,0.04014175064369725,0.0394448135631046,0.038573642212363785,0.036831299510882154,3
2020-07-23,0.04422169215855327,0.9580094345890638,0.04403009027163546,0.043263682723964206,0.04230567328937514,0.04038965442019701,3
2020-08-20,-0.03382442045365775,0.9054644441457186,-0.034005513342486894,-0.03472988489780347,-0.03563534934194919,-0.037446278230240625,3
2020-09-18,0.07913986196997176,1.0156607070842854,0.0789367298285549,0.07812420126288748,0.07710854055580318,0.07507721914163462,3
2020-10-16,-0.15099927271398597,0.9403817717435139,-0.15118734906833467,-0.1519396544857295,-0.152880036257473,-0.15476079980096002,3
2020-11-13,-0.14463939777202242,1.1318389568490388,-0.14486576556339223,-0.14577123672887146,-0.1469030756857205,-0.14916675359941858,3
2020-12-14,-0.01813623530711813,1.1628535399027202,-0.018368806015098674,-0.01929908884702085,-0.02046194238692357,-0.02278764946672901,3
2021-01-13,-0.138654458187494,1.2023342059336826,-0.13889492502868073,-0.1398567923934277,-0.14105912659936137,-0.14346379501122875,3
2021-02-11,-0.020621117602544547,1.2844723618090452,-0.020878012074906357,-0.021905589964353593,-0.023190062326162636,-0.02575900704978073,3
2021-03-12,0.1234834647623208,1.506934481109517,0.1231820778660989,0.12197653028121129,0.12046959580010178,0.11745572683788273,3
2021-04-12,0.1279081913612402,1.1603299856527978,0.12767612536410966,0.1267478613755874,0.12558753138993461,0.12326687141862902,3
2021-05-10,-0.2397027005022599,1.0639447236180903,-0.23991548944698352,-0.24076664522587798,-0.24183058994949608,-0.24395847939673226,3
2021-06-08,0.032078586611374804,1.1171821305841925,0.03185515018525797,0.03096140448079061,0.02984422235020642,0.027609858089038035,3
2021-07-07,0.11874887328275874,1.067892503536068,0.11853529478205152,0.11768098077922266,0.1166130882756866,0.11447730326861447,3
2021-08-04,-0.03165186667459383,0.9142808369506902,-0.03183472284198397,-0.032566147511544526,-0.03348042834849521,-0.0353089900223966,3
2021-09-01,0.040761901114209846,0.8797442603894217,0.040585952262131963,0.039882156853820426,0.039002412593431006,0.03724292407265216,3
2021-09-30,0.0477057920566394,0.9782221502590674,0.04751014762658758,0.04672756990638033,0.045749347756121266,0.043792903455603126,3
2021-10-28,0.08371048553982116,0.9726090241796199,0.08351596373498524,0.08273787651564155,0.08176526749146192,0.07982004944310268,3
2021-11-26,0.10480669610495916,1.0602167591858311,0.10459465275312199,0.10374647934577333,0.1026862625865875,0.10056582906821583,3
2021-12-27,0.13288779022023778,0.8818899656463108,0.13271141222710853,0.13200590025459147,0.13112401028894516,0.12936023035765254,3
2022-01-25,0.0794131374857825,1.049018099779521,0.0792033338658266,0.07836411938600299,0.07731510128622346,0.07521706508666443,3
2022-02-23,-0.06370043409490493,0.7525884628512913,-0.06385095178747519,-0.06445302255775623,-0.06520561102060751,-0.0667107879463101,3
2022-03-23,0.18442142934006664,0.852682426597582,0.18425089285474713,0.18356874691346906,0.18271606448687147,0.1810106996336763,3
2022-04-21,0.07820531408229313,0.8475010794473229,0.07803581386640367,0.0773578130028458,0.07651031192339848,0.07481530976450383,3
2022-05-19,0.044963992456238486,0.7609706480674223,0.044811798326625005,0.04420302180817107,0.04344205116010364,0.041920109863968796,3
2022-06-17,-0.12577735002795293,0.6906422551583843,-0.1259154784789846,-0.1264679922831113,-0.1271586345382697,-0.12853991904858647,3
2022-07-19,-0.1591053706796567,0.6074324324324325,-0.15922685716614318,-0.15971280311208913,-0.16032023554452154,-0.16153510040938643,3
2022-08-16,0.08472492470491,0.8363557105492591,0.08455765356280015,0.08388856899436074,0.08305221328381147,0.08137950186271296,3
2022-09-14,0.09360724993469276,0.7283929090380703,0.09346157135288514,0.09287885702565468,0.09215046411661662,0.09069367829854047,3
2022-10-12,0.11428419168263018,0.7636315039201711,0.11413146538184615,0.11352056017871001,0.11275692867478984,0.1112296656669495,3
2022-11-09,-0.1146897805318185,0.7473271560940841,-0.11483924596303731,-0.11543710768791259,-0.11618443484400666,-0.11767908915619484,3
2022-12-08,0.003644574266094263,0.794487280675126,0.003485676809959238,0.0028500869854191373,0.0020555997047440114,0.00046662514339375913,3
2023-01-09,-0.22464683612515896,0.707500150123101,-0.22478833615518357,-0.22535433627528206,-0.22606183642540514,-0.22747683672565136,3
2023-02-07,0.08893028742136506,0.9438999762413874,0.08874150742611679,0.08798638744512367,0.0870424874688823,0.08515468751639951,3
2023-03-08,0.03488175359899687,0.9165478736041814,0.034698444024276034,0.03396520572539269,0.0330486578517885,0.031215562104580142,3
2023-04-05,0.06344433954699251,0.907193375884078,0.0632629008718157,0.06253714617110843,0.06162995279522435,0.0598155660434562,3
2023-05-04,-0.11393253606496212,0.9068483698464723,-0.11411390573893142,-0.1148393844348086,-0.11574623280465507,-0.117559929544348,3
2023-06-02,-0.02559983467046929,1.0588913848582358,-0.025811612947440936,-0.026658726055327524,-0.027717617440185763,-0.029835400209902233,3
2023-07-03,-0.05473900058200125,0.9668059036480089,-0.05493236176273085,-0.05570580648564926,-0.056672612389297265,-0.05860622419659328,3
2023-08-01,0.025898676650815397,1.1145641882483988,0.025675763813165716,0.024784112462567,0.0236695482743186,0.021440419897821802,3
2023-08-29,0.111722826487045,1.0993660159437573,0.11150295328385625,0.11062346047110125,0.10952409445515748,0.10732536242326997,3
2023-09-27,0.08865092331830934,0.8578243675852112,0.08847935844479231,0.08779309895072414,0.08693527458313892,0.0852196258479685,3
2023-10-25,-0.06710648812460207,0.8743644466762914,-0.06728136101393734,-0.06798085257127837,-0.06885521701795465,-0.07060394591130724,3
2023-11-22,-0.15883648610220963,0.8488372093023255,-0.15900625354407008,-0.15968532331151195,-0.1605341605208143,-0.16223183493941892,3
2006-01-09,0.022521328954889442,1.0,0.022321328954889443,0.02152132895488944,0.020521328954889444,0.018521328954889442,4
2006-02-07,-0.007583658071839556,1.171417181582619,-0.00781794150815608,-0.008755075253422175,-0.009926492435004795,-0.012269326798170032,4
2006-03-08,-0.011061072033750861,1.1828117733040993,-0.011297634388411682,-0.012243883807054962,-0.01342669558035906,-0.01579231912696726,4
2006-04-05,0.03496030938279724,1.1193940601953358,0.034736430570758176,0.0338409153226019,0.03272152126240657,0.030482733142015897,4
2006-05-04,-0.012063694845626183,1.1819047619047618,-0.012300075798007137,-0.013245599607530946,-0.014427504369435707,-0.01679131389324523,4
2006-06-02,0.041441673368425046,1.173985618900873,0.04120687624464487,0.040267687749524175,0.0390937021306233,0.03674573089282156,4
2006-06-30,0.051439755634945836,0.8844054956343091,0.05126287453581897,0.050555350139311526,0.04967094464367722,0.0479021336524086,4
2006-07-31,-0.022585195574455548,0.9167562844468343,-0.022768546831344914,-0.023501951858902383,-0.024418708143349215,-0.026252220712242886,4
2006-08-28,-0.05715564555488001,0.8915419422206753,-0.05733395394332414,-0.05804718749710068,-0.05893872943932136,-0.06072181332376271,4
2006-09-26,-0.04143506555730815,0.9736881005173688,-0.04162980317741163,-0.04240875365782552,-0.04338244175834289,-0.04532981795937763,4
2006-10-24,-0.01620441719094902,1.0398351648351647,-0.01641238422391605,-0.017244252355784185,-0.018284087520619347,-0.02036375785028968,4
2006-11-21,0.023148893977329,1.0773820859518821,0.022933417560138624,0.022071511891377116,0.020994129805425234,0.01883936563352147,4
2006-12-20,0.007765086594035289,0.9815273281279755,0.007568781128409694,0.006783559265907313,0.005802031937779338,0.0038389772815233866,4
2007-01-23,-0.031180581323902903,1.0859173126614987,-0.0313977647864352,-0.0322664986365644,-0.0333524159492259,-0.0355242505745489,4
2007-02-21,0.03454603091622528,1.1490689013035382,0.034316217135964576,0.03339696201492175,0.032247893113618205,0.029949755311011128,4
2007-03-21,-0.0032071413349938935,1.074135425748329,-0.0034219684201435593,-0.004281276760742222,-0.005355412186490552,-0.0075036830379872094,4
2007-04-19,0.03807288346192,1.0470212147631504,0.037863479218967364,0.03702586224715684,0.035978841032393696,0.033884798602867396,4
2007-05-17,-0.01756834327406778,1.1539589442815248,-0.017799135062924083,-0.018722302218349304,-0.019876261162630828,-0.022184179051193877,4
2007-06-15,0.028126762942175115,1.14349376114082,0.02789806418994695,0.026983269181034296,0.025839775419893476,0.023552787897611834,4
2007-07-16,0.06600601626072658,1.0773215761917883,0.06579055194548822,0.06492869468453479,0.063851373108343,0.06169672995595943,4
2007-08-13,0.03797497857484209,1.246305418719212,0.037725717491098244,0.036728673156122875,0.03548236773740367,0.03298975689996524,4
2007-09-11,0.01691094886960306,1.0344827586206895,0.016704052317878925,0.01587646611098237,0.014841983352361683,0.012773017835120304,4
2007-10-09,0.09950409057402651,0.9530883006411477,0.09931347291389828,0.09855100227338537,0.09759791397274421,0.09569173737146192,4
2007-11-06,0.04864387828966266,1.0264394083666604,0.04843859040798933,0.047617438881296006,0.04659099947292934,0.04453812065619602,4
2007-12-05,0.08730282817002107,0.9868913857677903,0.0871054498928675,0.08631593678425327,0.08532904539848549,0.08335526262694991,4
2008-01-04,-0.19194766967765806,0.9184090909090907,-0.19213135149583987,-0.19286607876856715,-0.19378448785947625,-0.1956213060412944,4
2008-02-04,0.0961120610628602,1.0606493506493506,0.09589993119273033,0.09505141171221085,0.0939907623615615,0.0918694636602628,4
2008-03-04,0.0006304048372047449,0.9348376623376622,0.00044343730473721244,-0.0003044328251329174,-0.0012392704874705797,-0.003108945812145904,4
2008-04-02,0.01799128054026854,0.7570347437220503,0.01783987359152413,0.01723424579654649,0.016477211052824438,0.014963141565380339,4
2008-04-30,0.022202237257174427,0.8687650498796008,0.022028484247198506,0.021333472207294826,0.020464707157415225,0.018727177057656023,4
2008-05-29,0.16734472880257598,0.811774042276892,0.1671823739941206,0.16653295476029908,0.1657211807180222,0.1640976326334684,4
2008-06-26,-0.05988990372859792,0.8958228122069115,-0.0600690682910393,-0.06078572654080483,-0.06168154935301174,-0.06347319497742557,4
2008-07-25,-0.04119857153811548,1.004205873966353,-0.04139941271290875,-0.04220277741208183,-0.04320698328604818,-0.04521539503398089,4
2008-08-22,-0.054041716922511196,0.7830410607356715,-0.05419832513465833,-0.05482475798324687,-0.05560779904398254,-0.05717388116545388,4
2008-09-22,0.19058145347292132,1.045353289244692,0.19037238281507238,0.18953610018367664,0.18849074689443193,0.18640004031594257,4
2008-10-20,0.22049701372346928,1.062373825269753,0.22028453895841532,0.21943463989819953,0.21837226607292978,0.21624751842239026,4
2008-11-17,-0.16823125297854583,0.8850619195046439,-0.16840826536244674,-0.16911631489805046,-0.17000137681755512,-0.1717715006565644,4
2008-12-16,-0.03257984467280154,0.6396351575456054,-0.03270777170431066,-0.03321947983034715,-0.03385911498789275,-0.035138385302983965,4
2009-01-15,-0.0010073955945455871,0.6334525939177102,-0.0011340861133291291,-0.0016408481884632974,-0.0022743007823810076,-0.003541205970216428,4
2009-02-13,0.063007891871975,0.6932698412698413,0.06286923790372104,0.06231462203070516,0.06162135218943532,0.060234812506895635,4
2009-03-16,-0.32283858009782906,0.6832903225806453,-0.3229752381623452,-0.3235218704204097,-0.32420516074299033,-0.32557174138815165,4
2009-04-14,-0.31267870849305335,0.6906373031496064,-0.31281683595368326,-0.31336934579620296,-0.31405998309935257,-0.3154412577056518,4
2009-05-12,-0.09575408634027935,0.7889003083247688,-0.0959118664019443,-0.09654298664860411,-0.09733188695692889,-0.09890968757357842,4
2009-06-10,0.1066428490561774,0.7461973278520041,0.106493609590607,0.1058966517283254,0.10515045440047338,0.10365805974476938,4
2009-07-09,-0.2623250523289521,0.7017429193899781,-0.2624654009128301,-0.26302679524834205,-0.26372853816773206,-0.265132024006512,4
2009-08-06,-0.01116960089471306,0.9171691526499524,-0.011353034725243051,-0.012086770047363013,-0.013003939200012965,-0.01483827750531287,4
2009-09-03,-0.07800402421430296,0.8521104411298001,-0.07817444630252891,-0.07885613465543276,-0.07970824509656256,-0.08141246597882215,4
2009-10-02,0.04077459421995873,1.1573045593991327,0.040543133308078905,0.03961728966055959,0.038459985101160464,0.0361453759823622,4
2009-10-30,0.010059797042259788,1.1912127440904419,0.0098215544934417,0.008868584298169346,0.007677371554078905,0.005294946065898021,4
2009-11-30,-0.057707481373544714,1.0333504624871532,-0.057914151466042146,-0.05874083183603187,-0.059774182298519024,-0.06184088322349333,4
2009-12-29,-0.06880095917119435,1.1653972283931027,-0.06903403861687296,-0.06996635639958745,-0.07113175362798055,-0.07346254808476675,4
2010-01-28,-0.005567160373061639,1.3156605150662077,-0.00583029247607488,-0.006882820888127847,-0.008198481403194055,-0.01082980243332647,4
2010-02-26,-0.012663547792466449,1.1779793556459182,-0.012899143663595633,-0.013841527148112367,-0.015019506503758285,-0.017375465215050123,4
2010-03-26,-0.0372052437005953,1.2386395843174305,-0.03745297161745879,-0.03844388328491273,-0.039682522869230165,-0.04215980203786503,4
2010-04-26,0.008921923394196953,1.1910250354274918,0.008683718387111454,0.007730898358769461,0.006539873323341969,0.004157823252486985,4
2010-05-24,0.004627758422158668,1.3327129859387923,0.00436121582497091,0.003295045436219876,0.0019623324502810835,-0.0007030935215965014,4
2010-06-22,0.025103488943035168,1.0296112489660878,0.02489756669324195,0.02407387769406908,0.02304426644510299,0.020985043947170816,4
2010-07-21,-0.005684359937624544,0.8561582259514534,-0.005855591582814835,-0.006540518163575997,-0.007396676389527451,-0.009108992841430357,4
2010-08-18,-0.012045038238027477,0.9,-0.012225038238027477,-0.012945038238027477,-0.013845038238027477,-0.015645038238027476,4
2010-09-16,-0.036702333213440026,0.8881836454035754,-0.03687996994252074,-0.037590516858843605,-0.038478700504247176,-0.040255067795054326,4
2010-10-14,-0.006782820055700718,1.0700135543738922,-0.006996822766575496,-0.007852833610074609,-0.008922847164448501,-0.011062874273196285,4
2010-11-11,0.007697850215169565,1.226676245210728,0.00745251496612742,0.006471173969958837,0.0052444977247481095,0.002791145234326653,4
2010-12-10,-0.0387859312500123,1.192049808429119,-0.03902434121169812,-0.039977981058441414,-0.04117003086687054,-0.043554130483728776,4
2011-01-10,0.015019747180564019,1.16343882853094,0.01478705941485783,0.013856308352033078,0.012692869523502138,0.010365991866440258,4
2011-02-08,0.04151329419919237,1.2017374517374517,0.041272946708844876,0.040311556747454916,0.03910981929571747,0.03670634439224256,4
2011-03-09,0.005682890057646956,1.2018403852769177,0.005442521980591573,0.004481049672370038,0.0032792092870931205,0.0008755285165392849,4
2011-04-06,-0.02036295604062474,1.109735122119023,-0.020584903065048545,-0.021472691162743765,-0.02258242628486279,-0.024801896529100833,4
2011-05-05,0.04151884539155785,1.2295660508888113,0.04127293218138008,0.04028927934066904,0.039059713289780223,0.0366005811880026,4
2011-06-03,0.01822202808435061,1.0772481700941094,0.018006578450331788,0.017144779914256503,0.01606753174416239,0.013913035403974174,4
2011-07-01,0.03981881118672559,0.945734434124527,0.03962966429990068,0.038873076752601064,0.03792734231847653,0.03603587345022748,4
2011-08-01,0.05501614162848232,1.1292569659442726,0.054790290235293464,0.05388688466253805,0.05275762769659378,0.05049911376470523,4
2011-08-29,0.09454379921338704,1.0040829658664054,0.09434298262021376,0.09353971624752064,0.09253563328165423,0.09052746734992143,4
2011-09-27,-0.06997377625667305,0.7798056508247592,-0.070129737386838,-0.07075358190749781,-0.07153338755832256,-0.07309299885997209,4
2011-10-25,0.030701438201742388,0.8007905865048721,0.030541280084441413,0.029900647615237516,0.029099857028732645,0.027498275855722898,4
2011-11-22,0.04343134771702181,0.887529522909778,0.04325384181243986,0.042543818194112036,0.04165628867120225,0.0398812296253827,4
2011-12-21,-0.15003558096658096,0.7018422295701464,-0.15017594941249499,-0.1507374231961511,-0.15143926542572125,-0.15284294988486155,4
2012-01-23,-0.05161244636451181,0.9769813519813519,-0.05180784263490808,-0.05258942771649316,-0.05356640906847451,-0.05552037177243722,4
2012-02-21,0.035862250816396886,0.9909961685823755,0.03566405158268041,0.03487125464781451,0.033880258479232137,0.03189826614206738,4
2012-03-20,0.07526964399251332,0.9848539814982769,0.07507267319621366,0.07428479001101504,0.07329993602951676,0.07133022806652022,4
2012-04-18,0.07517860259154992,1.0725557772537637,0.07496409143609917,0.07410604681429615,0.07303349103704239,0.07088837948253486,4
2012-05-16,0.044860764555377616,1.0604406130268198,0.044648676432772254,0.0438003239423508,0.04273988332932398,0.04061900210327034,4
2012-06-14,0.017550352703280123,0.8590996168582375,0.017378532779908477,0.016691253086421887,0.015832153469563646,0.014113954235847173,4
2012-07-13,-0.10141695442440125,0.7642857142857142,-0.1015698115672584,-0.10218124013868697,-0.10294552585297269,-0.10447409728154411,4
2012-08-10,-0.01616228101525933,1.2285714285714286,-0.016407995300973616,-0.01739085244383076,-0.018619423872402188,-0.021076566729545044,4
2012-09-10,0.05077527292805266,0.9107161747593358,0.05059312969310079,0.04986455675329332,0.04895384057853399,0.047132408229015314,4
2012-10-08,0.004685110273880459,0.9771023302938197,0.004489689807821696,0.0037080079435866395,0.00273090561329282,0.0007767009527051803,4
2012-11-07,-0.023376771425003724,1.1407294832826747,-0.02360491732166026,-0.0245175009082864,-0.025658230391569073,-0.02793968935813442,4
2012-12-06,-0.05844689840943719,0.9753360674413307,-0.05864196562292546,-0.05942223447687852,-0.06039757054431985,-0.06234824267920251,4
2013-01-07,0.02019468229085928,1.019578463689941,0.019990766598121292,0.01917510382716934,0.018155525363479398,0.016116368436099517,4
2013-02-05,0.05239245494280215,1.0892094017094016,0.05217461306246027,0.051303245541092744,0.05021403613938334,0.04803561733596454,4
2013-03-06,0.010538481550338395,1.0859785960457102,0.010321285831129253,0.009452502954292685,0.008366524358246974,0.006194567166155554,4
2013-04-04,0.004923086371940163,1.0726918193361148,0.00470854800807294,0.003850394552604048,0.0027777027332679333,0.0006323190945957038,4
2013-05-02,-0.054955095594437696,0.9433883142298014,-0.05514377325728365,-0.055898483908667494,-0.0568418722228973,-0.0587286488513569,4
2013-05-31,0.031812787241866994,1.1668782876836568,0.03157941158433026,0.030645908954183336,0.02947903066649968,0.027145274091132366,4
2013-06-28,-0.01689538906862973,1.0533333333333332,-0.0171060557352964,-0.017948722401963064,-0.019002055735296397,-0.021108722401963063,4
2013-07-29,0.016399968084932427,1.1928361960620026,0.016161400845720025,0.015207131888870424,0.014014295692808421,0.011628623300684416,4
2013-08-26,0.007186699388454723,1.1279430247172182,0.006961110783511279,0.006058756363737505,0.004930813339020287,0.0026749272895858498,4
2013-09-24,0.02136539950306216,1.0728476821192052,0.02115082996663832,0.020292551820942955,0.019219704138823752,0.017074008774585342,4
2013-10-22,0.003386302602652187,1.1277754503560955,0.003160747512580968,0.0022585271522960917,0.0011307517019399963,-0.0011247991987721946,4
2013-11-19,-0.01691255413075885,1.2539208074534163,-0.017163338292249534,-0.018166474938212267,-0.019420395745665685,-0.021928237360572516,4
2013-12-18,-0.03154302877135797,1.173020186335404,-0.03177763280862505,-0.032716048957693374,-0.03388906914402878,-0.03623510951669959,4
2014-01-17,0.009192405214117344,1.1445676274944567,0.008963491688618453,0.008047837586622888,0.006903269959128431,0.004614134704139517,4
2014-02-18,-0.013155225739764922,1.118642233605079,-0.013378954186485938,-0.014273867973370002,-0.015392510206975081,-0.01762979467418524,4
2014-03-18,0.020361796127438592,1.0294117647058822,0.020155913774497415,0.01933238436273271,0.018302972598026827,0.016244149068615064,4
2014-04-15,0.01936040178969199,1.1176470588235294,0.019136872377927286,0.018242754730868463,0.017125107672044934,0.014889813554397873,4
2014-05-14,-0.04203142867893187,1.0822451482577016,-0.04224787770858341,-0.04311367382718957,-0.04419591897544727,-0.04636040927196268,4
2014-06-12,0.010120072644557714,1.028640059127864,0.009914344632732141,0.00909143258542985,0.008062792526301986,0.0060055124080462575,4
2014-07-11,-0.01878526864162937,1.0772909821102592,-0.01900072683805142,-0.019862559623739628,-0.020939850605849887,-0.023094432570070406,4
2014-08-08,-0.01727622915699256,1.0407082876962392,-0.017484370814531806,-0.018316937444688798,-0.019357645732385038,-0.021439062307777514,4
2014-09-08,0.05433874610643689,0.9858695652173914,0.05414157219339341,0.05335287654121949,0.052367006976002106,0.05039526784556732,4
2014-10-06,0.03525308491558679,0.9540094339622642,0.035062283028794335,0.03429907548162452,0.03334506604766226,0.031437047179737734,4
2014-11-03,0.10926773126358334,0.9817073170731707,0.10907138980016871,0.10828602394651017,0.107304316629437,0.10534090199529066,4
2014-12-02,-0.011911764989111697,0.9939024390243902,-0.012110545476916576,-0.012905667428136088,-0.013899569867160478,-0.015887374745209258,4
2014-12-31,0.05171380696687499,1.0048410938654841,0.05151283874810189,0.05070896587300951,0.04970412477914402,0.047694442591413054,4
2015-01-30,-0.08250714767177336,1.0717664449371767,-0.0827215009607608,-0.08357891411671053,-0.08465068056164772,-0.08679421345152206,4
2015-03-02,0.038243313578811465,1.1254837531945967,0.038018216828172545,0.03711782982561687,0.03599234607242227,0.03374137856603308,4
2015-03-30,-0.08752199472396047,0.9986455660108355,-0.08772172383716263,-0.08852064028997131,-0.08951928585598214,-0.0915165769880038,4
2015-04-28,0.04235463426406865,0.974729113202167,0.042159688441428214,0.04137990515086648,0.04040517603766432,0.03845571781125998,4
2015-05-27,0.026695038525456107,1.004437869822485,0.02649415095149161,0.02569060065563362,0.024686162785811136,0.022677287046166165,4
2015-06-24,0.15309939882896767,0.9986615948154409,0.15289966651000458,0.15210073723415224,0.15110207563933678,0.14910475244970592,4
2015-07-23,0.08420314211946768,0.9651162790697675,0.08401011886365373,0.08323802584039791,0.08227290956132814,0.08034267700318862,4
2015-08-20,-0.04413865964639886,1.0930232558139534,-0.04435726429756165,-0.045231682902212814,-0.046324706158026766,-0.048510752669654676,4
2015-09-18,-0.011479546096844494,0.8190404904476761,-0.011643354194934029,-0.01229858658729217,-0.013117627077739847,-0.014755708058635198,4
2015-10-16,0.035684154537962996,0.940119760479042,0.03549613058586719,0.03474403477748395,0.033803915017004915,0.03192367549604683,4
2015-11-13,0.0666995199416811,0.9285714285714287,0.06651380565596682,0.06577094851310968,0.06484237708453824,0.0629852342273954,4
2015-12-14,0.09028477299877143,0.8928571428571428,0.0901062015702,0.08939191585591429,0.08849905871305715,0.08671334442734285,4
2016-01-13,0.03341803689020074,0.733280315079906,0.033271380827184754,0.032684756575120835,0.031951476260040926,0.030484915629881114,4
2016-02-11,-0.2215921320160726,0.8495039006286451,-0.22176203279619836,-0.22244163591670127,-0.2232911398173299,-0.22499014761858718,4
2016-03-11,-0.01864553564410409,0.641886645962733,-0.018773912973296638,-0.019287422290066823,-0.019929308936029556,-0.021213082227955024,4
2016-04-11,-0.0028962573156472195,0.779774844720497,-0.0030522122845913187,-0.0036760321603677166,-0.004455807005088214,-0.006015356694529208,4
2016-05-09,-0.10808387775064618,0.7969339622641509,-0.10824326454309902,-0.10888081171291034,-0.10967774567517448,-0.11127161359970278,4
2016-06-07,0.06839864873514052,0.8963557203902282,0.06821937759106247,0.06750229301475029,0.06660593729436007,0.06481322585357961,4
2016-07-06,-0.1140440578547316,1.0228565015711508,-0.11424862915504583,-0.11506691435630274,-0.11608977085787389,-0.1181354838610162,4
2016-08-03,-0.022206384293767527,1.0411117761484363,-0.022414606648997214,-0.02324749606991596,-0.0242886078460644,-0.026370831398361272,4
2016-08-31,-0.021991866508899373,1.048961069978505,-0.022201658722895073,-0.02304082757887788,-0.024089788648856383,-0.026187710788813393,4
2016-09-29,0.039039299011614625,1.0360636645962733,0.038832086278695374,0.038003235347018355,0.03696717168242208,0.03489504435322953,4
2016-10-27,-0.036258848893645626,1.0918478260869566,-0.036477218458863016,-0.03735069671973258,-0.03844254454581954,-0.04062624019799345,4
2016-11-25,0.027756177833574067,1.2036119711042312,0.02751545543935322,0.026552565862469835,0.025348953891365603,0.022941729949157143,4
2016-12-23,-0.019196926961290963,1.1435004704933458,-0.01942562705538963,-0.020340427431784307,-0.021483927902277655,-0.023770928843264347,4
2017-01-25,-0.009125192782955503,1.1085495362279878,-0.0093469026902011,-0.010233742319183491,-0.011342291855411479,-0.013559390927867454,4
2017-02-23,0.041396074239095894,1.1287861360325129,0.04117031701188939,0.04026728810306338,0.03913850196703087,0.03688092969496584,4
2017-03-23,-0.020052205922006024,1.1237881380096948,-0.020276963549607962,-0.021175994060015718,-0.022299782198025413,-0.0245473584740448,4
2017-04-21,0.0345828508457998,0.9326703735386369,0.03439631677109207,0.03365018047226116,0.03271751009872252,0.03085216935164525,4
2017-05-19,0.045611795840613215,1.1221719457013575,0.04538736145147294,0.04448962389491186,0.0433674519492105,0.041123108057807785,4
2017-06-19,-0.02814571866480641,0.998224852071006,-0.028345363635220614,-0.029143943516877418,-0.030142168368948424,-0.03213861807309044,4
2017-07-18,0.06875262283039162,0.955949741315595,0.0685614328821285,0.06779667308907603,0.06684072334776042,0.06492882386512924,4
2017-08-15,-0.059371195517598355,1.0764374864728374,-0.05958648301489292,-0.060447633004071195,-0.06152407049054403,-0.0636769454634897,4
2017-09-13,0.03001908362007504,1.0647139456027703,0.029806140830954484,0.028954369674472267,0.0278896557288695,0.025760227837663956,4
2017-10-11,0.05856616918495019,1.0638912369681601,0.05835339093755656,0.05750227794798203,0.056438386711013866,0.05431060423707755,4
2017-11-08,-0.047001159016242675,1.1470132431670894,-0.04723056166487609,-0.04814817225940976,-0.04929518550257685,-0.05158921198891103,4
2017-12-07,-0.06197673406310153,1.0638560157790926,-0.06218950526625735,-0.06304059007888062,-0.06410444609465972,-0.0662321581262179,4
2018-01-08,0.052917204930976375,1.0512375900992792,0.05270695741295652,0.051865967340877096,0.05081472975077782,0.04871225457057926,4
2018-02-06,-0.0002927903204240777,1.1154970760233918,-0.0005158897356287561,-0.0014082873964474695,-0.0025237844724708613,-0.004754778624517645,4
2018-03-07,0.007659268294233879,1.0114285714285716,0.007456982579948164,0.006647839722805308,0.005636411151376736,0.0036135540085195927,4
2018-04-05,-0.00932272549812005,1.0441883116883117,-0.009531563160457711,-0.010366913809808361,-0.011411102121496673,-0.013499478744873297,4
2018-05-03,0.0256788763891216,1.0949675324675325,0.025459882882628092,0.024583908856654065,0.023488941324186535,0.02129900625925147,4
2018-06-01,-0.010195527665214147,1.0388493077026484,-0.010403297526754677,-0.011234376972916795,-0.012273226280619444,-0.014350924896024742,4
2018-06-29,-0.004151547171002942,1.1206875383670964,-0.004375684678676361,-0.005272234709370039,-0.006392922247737135,-0.008634297324471327,4
2018-07-30,0.01574587339846203,1.1038367096378146,0.015525106056534468,0.014642036688824217,0.013538199979186403,0.011330526559910773,4
2018-08-27,0.04281892195980997,1.17828337142089,0.04258326528552579,0.04164063858838908,0.04046235521696819,0.03810578847412641,4
2018-09-25,0.04752902079117433,1.0621723349912622,0.04731658632417608,0.04646684845618307,0.04540467612119181,0.043280331451209283,4
2018-10-23,0.047875347413081,1.0985729202923773,0.04765563282902252,0.04677677449278862,0.045678201572496246,0.04348105573191149,4
2018-11-20,0.07822723226797917,0.7943271945153918,0.0780683668290761,0.07743290507346379,0.07663857787894839,0.07504992348991761,4
2018-12-20,-0.11470002583901442,0.7595779002554106,-0.1148519414190655,-0.11545960373926983,-0.11621918163952524,-0.11773833744003606,4
2019-01-22,-0.10200260574705314,0.6793521390953033,-0.10213847617487219,-0.10268195788614844,-0.10336131002524375,-0.10472001430343435,4
2019-02-20,0.030385936080055624,0.847413606521896,0.030216453358751245,0.029538522473533727,0.02869110886701183,0.02699628165396804,4
2019-03-20,-0.007218467807309512,0.9206114398422091,-0.007402590095277954,-0.008139079247151721,-0.00905969068699393,-0.010900913566678348,4
2019-04-17,0.020544884726128764,1.0218723584108198,0.020340510254446602,0.019523012367717946,0.018501140009307124,0.016457395292485487,4
2019-05-16,0.12721611411650302,1.117004790081713,0.12699271315848668,0.12609910932642132,0.1249821045363396,0.12274809495617617,4
2019-06-14,0.020513276782316778,0.9267399267399266,0.02032792879696879,0.01958653685557685,0.018659796928836923,0.016806317075357072,4
2019-07-15,0.08584116531538839,0.9443041627588198,0.08565230448283663,0.08489686115262958,0.08395255698987075,0.08206394866435311,4
2019-08-12,-0.12594547356866173,1.0639791844881668,-0.12615826940555935,-0.1270094527531499,-0.12807343193763807,-0.1302013903066144,4
2019-09-10,0.07094824042008545,1.028229255774166,0.07074259456893062,0.06992001116431128,0.06889178190853712,0.06683532339698878,4
2019-10-08,-0.10095334532962033,0.9013143483023001,-0.10113360819928079,-0.10185465967792263,-0.10275597402622492,-0.10455860272282953,4
2019-11-05,0.006147647466102649,1.1920408908360716,0.005909239287935434,0.004955606575266577,0.0037635656844305053,0.001379483902758362,4
2019-12-04,-0.06302936730084696,1.1375319459656807,-0.0632568736900401,-0.06416689924681264,-0.06530443119277832,-0.06757949508470969,4
2020-01-03,0.04160319987072078,1.0398538113470241,0.04139522910845138,0.040563346059373756,0.03952349224802673,0.03744378462533268,4
2020-02-03,0.047610355689195284,1.175461190393317,0.047375263451116624,0.04643489449880197,0.04525943330840865,0.04290851092762202,4
2020-03-03,0.18343611938535395,0.9798355097034845,0.18324015228341325,0.18245628387565047,0.18147644836594698,0.17951677734654,4
2020-03-31,-0.3024435562985031,0.9913065435394272,-0.302641817607211,-0.3034348628420425,-0.304426169385582,-0.30640878247266085,4
2020-04-29,-0.013311880674617261,0.7349397590361445,-0.013458868626424491,-0.014046820433653406,-0.01478176019268955,-0.01625163971076184,4
2020-05-28,0.004972641946348413,0.9740875392072997,0.004777824438506953,0.003998554407141113,0.0030244668679338133,0.0010762917895192135,4
2020-06-25,0.04539933353048494,0.8713374526609529,0.04522506603995275,0.04452799607782399,0.04365665862516303,0.041913983719841126,4
2020-07-24,0.05517364663820375,0.9697030097667929,0.05497970603625039,0.05420394362843695,0.05323424061867016,0.05129483459913658,4
2020-08-21,-0.01576333430333205,0.8879889770130394,-0.015940932098734657,-0.01665132328034509,-0.01753931225735813,-0.019315290211384208,4
2020-09-21,0.05266179543076929,1.021460368081855,0.05245750335715292,0.051640335062687434,0.05061887469460558,0.04857595395844187,4
2020-10-19,-0.18049026140948926,0.9522290877682547,-0.1806807072270429,-0.18144249049725752,-0.18239471958502576,-0.1842991777605623,4
2020-11-16,-0.1316131305222514,1.1027355827396155,-0.13183367763879933,-0.13271586610499103,-0.13381860168773063,-0.13602407285320986,4
2020-12-15,-0.044748596987371124,1.1567474459491565,-0.04497994647656096,-0.04590534443332028,-0.047062091879269435,-0.049375586771167754,4
2021-01-14,-0.0642039957702769,1.2023614746945899,-0.06444446806521581,-0.06540635724497149,-0.06660871871966607,-0.06901344166905526,4
2021-02-12,-0.04722120721797817,1.2628855721393033,-0.04747378433240603,-0.04848409279011748,-0.04974697836225678,-0.05227274950653538,4
2021-03-15,0.11869674960198362,1.460620412029363,0.11840462551957774,0.11723612918995426,0.11577550877792489,0.11285426795386616,4
2021-04-13,0.1523098965376549,1.1789486147288657,0.15207410681470912,0.15113094792292603,0.14995199930819716,0.14759410207873944,4
2021-05-11,-0.21596809537132639,0.9935790061418202,-0.21616681117255476,-0.21696167437746822,-0.21795525338361002,-0.21994241139589366,4
2021-06-09,0.01868418031199326,1.1191709844559585,0.01846034611510207,0.017565009327537302,0.016445838343081342,0.014207496374169425,4
2021-07-08,0.11051589662492471,1.1272740574550064,0.11029044181343371,0.1093886225674697,0.1082613485100147,0.10600680039510468,4
2021-08-05,-0.016218344886986008,0.9043310735014389,-0.016399211101686295,-0.017122675960487447,-0.018027007033988886,-0.019835669180991763,4
2021-09-02,0.03268704429483921,0.9551002615518744,0.03249602424252883,0.03173194403328733,0.03077684377173546,0.02886664324863171,4
2021-10-01,0.03336362388586752,0.9988665803108808,0.03316385056980534,0.032364757305556636,0.03136589072524576,0.029368157564623996,4
2021-10-29,0.10398662551889337,1.0402094127806563,0.10377858363633724,0.10294641610611271,0.10190620669333206,0.09982578786777074,4
2021-11-29,0.09581387158893555,1.0448321438012158,0.09560490516017531,0.09476903944513433,0.09372420730133312,0.09163454301373068,4
2021-12-28,0.12811024531446633,0.8608463690044545,0.12793807604066543,0.12724939894546186,0.12638855257645742,0.12466685983844851,4
2022-01-26,-0.015367822420456709,1.110613280845333,-0.015589945076625776,-0.016478435701302044,-0.017589048982147373,-0.01981027554383804,4
2022-02-24,0.040568522533352344,0.7082111436950147,0.04042688030461334,0.03986031138965733,0.039152100245962315,0.037735677958572286,4
2022-03-24,0.18198618043332893,0.8526014680483591,0.18181566013971925,0.18113357896528057,0.1802809774972322,0.1785757745611355,4
2022-04-22,0.08222029568459846,0.930807426597582,0.08203413419927895,0.08128948825800088,0.0803586808314033,0.07849706597820813,4
2022-05-20,0.022533461016691167,0.7246851819906849,0.02238852398029303,0.02180877583470048,0.021084090652709796,0.019634720288728428,4
2022-06-21,-0.17561361202112655,0.7352941176470589,-0.17576067084465596,-0.1763489061387736,-0.17708420025642066,-0.17855478849171477,4
2022-07-20,-0.04658193264657678,0.5889463055357567,-0.04669972190768393,-0.047170878952112534,-0.04775982525764829,-0.0489377178687198,4
2022-08-17,0.03208261180375343,0.8157667759185785,0.031919458448569714,0.03126684502783485,0.030451078251916272,0.028819544700079115,4
2022-09-15,0.11072771872562577,0.8211431200046001,0.11056349010162485,0.10990657560562117,0.10908543248561657,0.10744314624560737,4
2022-10-13,-0.029209949873714915,0.7568906503332733,-0.02936132800378157,-0.02996684052404819,-0.03072373117438146,-0.03223751247504801,4
2022-11-10,0.01977045028692141,0.7145105725825612,0.019627548172404898,0.019055939714338846,0.018341429141756287,0.016912407996591165,4
2022-12-09,-0.027428627592741308,0.8128415300546448,-0.027591195898752238,-0.028241469122795952,-0.029054310652850596,-0.030679993712959888,4
2023-01-10,-0.15327610556703603,0.7474459491565691,-0.15342559475686735,-0.1540235515161926,-0.15477099746534917,-0.1562658893636623,4
2023-02-08,0.1111737205634241,0.9439890710382514,0.11098492274921645,0.11022973149238585,0.1092857424213476,0.1073977642792711,4
2023-03-09,0.007677429730768455,0.8837609883582799,0.007500677533096799,0.006793668742410175,0.0059099077540518945,0.004142385777335335,4
2023-04-06,0.047497132410329664,0.9444638186573671,0.047308239646598194,0.0465526685916723,0.04560820477301493,0.043719277135700195,4
2023-05-05,-0.06807334497837064,0.8523103748910201,-0.06824380705334884,-0.06892565535326166,-0.06977796572815269,-0.07148258647793472,4
2023-06-05,-0.042314015608674704,0.9595956529658187,-0.04250593473926787,-0.043273611261640525,-0.04423320691460634,-0.04615239822053798,4
2023-07-05,-0.023847733906457155,0.9878982325790837,-0.02404531355297297,-0.024835632139036237,-0.025823530371615323,-0.02779932683677349,4
2023-08-02,0.029421199641909215,1.0407801418439715,0.02921304361354042,0.028380419500065243,0.02733963935822127,0.02525807907453333,4
2023-08-30,0.11096530820629333,1.0486343885785225,0.11075558132857763,0.1099166738177148,0.10886803942913628,0.10677077065197924,4
2023-09-28,0.08815255762717855,0.9476492373360116,0.08796302777971135,0.08720490838984254,0.08625725915250652,0.08436196067783451,4
2023-10-26,-0.07648295715862356,0.8688406251961585,-0.0766567252836628,-0.07735179778381972,-0.07822063840901589,-0.0799583196594082,4
2023-11-24,-0.16694468418494404,0.9103087175302598,-0.1671267459284501,-0.1678549929024743,-0.16876530162000455,-0.1705859190550651,4
2006-01-10,0.011468417828773938,1.0,0.011268417828773938,0.010468417828773939,0.009468417828773938,0.007468417828773938,5
2006-02-08,0.01427049259172413,1.2015391853743784,0.014030184754649256,0.013068953406349752,0.011867414220975373,0.009464335850226616,5
2006-03-09,-0.02784530922028811,1.1530706075533663,-0.028075923341798783,-0.028998379827841477,-0.03015145043539484,-0.03245759165050158,5
2006-04-06,0.03759446428333036,1.210673234811166,0.03735232963636813,0.036383791048519194,0.03517311781370803,0.032751771344085696,5
2006-05-05,-0.010954682406942048,1.163668831168831,-0.011187416173175814,-0.01211835123811088,-0.01328202006927971,-0.015609357731617372,5
2006-06-05,0.04644377748744412,1.186396103896104,0.0462064982666649,0.04525738138354801,0.04407098527965191,0.0416981930718597,5
2006-07-03,0.04370852744266837,0.9026740317619735,0.043527992636315974,0.0428058534109064,0.04190317937914442,0.040097831315620475,5
2006-08-01,-0.05830696199614002,1.0429037725189882,-0.05851554275064382,-0.05934986576865901,-0.060392769541178,-0.06247857708621597,5
2006-08-29,-0.03853239213270654,0.8570626963938351,-0.03870380467198531,-0.039389454829100376,-0.040246517525494206,-0.04196064291828188,5
2006-09-27,-0.051958923099389556,0.986162833150785,-0.052156155666019714,-0.05294508593254034,-0.05393124876569112,-0.055903574431992696,5
2006-10-25,-0.023250628684386047,1.0987817612252,-0.023470385036631087,-0.024349410445611248,-0.025448192206836445,-0.027645755729286847,5
2006-11-22,0.021243392351134847,1.07189106836793,0.02102901413746126,0.020171501282766915,0.019099610214398988,0.016955828077663125,5
2006-12-21,0.010074856204010225,1.0492287183393638,0.009865010460342353,0.009025627485670863,0.007976398767331498,0.00587794133065277,5
2007-01-24,-0.02427803114044115,1.050999592003264,-0.024488231058841802,-0.025329030732444413,-0.02638003032444768,-0.02848202950845421,5
2007-02-22,0.047527482276605915,1.1658597144630662,0.0472943103337133,0.04636162256214285,0.04519576284767978,0.04286404341875365,5
2007-03-22,-0.0018630466121512237,1.0745005875440659,-0.002077946729660037,-0.0029375471996952894,-0.004012047787239356,-0.006161048962327487,5
2007-04-20,0.04033355521412453,1.0474441833137487,0.040124066377461784,0.03928611103081078,0.038238666847497035,0.03614377848086953,5
2007-05-18,-0.0014318675288857259,1.1016042780748665,-0.0016521883845006993,-0.0025334718069605923,-0.003635076085035459,-0.005838284641185192,5
2007-06-18,0.03738646070555613,1.0909090909090908,0.03716827888737431,0.03629555161464704,0.03520464252373795,0.03302282434191977,5
2007-07-17,0.057185746041877934,1.0251166230515416,0.056980722717267625,0.056160629418826394,0.05513551279577485,0.053085279549671766,5
2007-08-14,0.04313133493541698,1.2529172644667623,0.04288075148252363,0.04187841767095022,0.04062550040648345,0.03811966587754993,5
2007-09-12,0.01397051587376441,0.9833811573409852,0.013773839642296214,0.012987134716423425,0.01200375355908244,0.01003699124440047,5
2007-10-10,0.12721688249552768,1.0212012987012988,0.12701264223578743,0.1261956811968264,0.12517447989812508,0.12313207730072248,5
2007-11-07,-0.006404714653262113,1.0829365835079032,-0.006621301969963694,-0.0074876512367700165,-0.00857058782027792,-0.010736460987293726,5
2007-12-06,0.10682559341338221,0.9473116231828858,0.10663613108874563,0.10587828179019933,0.10493097016701644,0.10303634692065067,5
2008-01-07,-0.1748940319024324,0.8833825944170771,-0.17507070842131583,-0.1757774144968495,-0.17666079709126656,-0.17842756228010073,5
2008-02-05,0.09533830761936643,1.0093831168831169,0.09513643099598981,0.09432892450248331,0.0933195413856002,0.09130077515183396,5
2008-03-05,-0.02200207987348459,0.9406168831168831,-0.022190203250107968,-0.022942696756601474,-0.023883313639718358,-0.025764547405952125,5
2008-04-03,-0.0038325540315071083,0.7572067423460612,-0.00398399537997632,-0.004589760773853169,-0.00534696751619923,-0.006861381000891353,5
2008-05-01,0.06210927803133004,0.8628826969384245,0.06193670149194235,0.061246395334391614,0.06038351263745319,0.05865774724357634,5
2008-05-30,0.14634621767728465,0.823605800447298,0.1461814965171952,0.14552261187683735,0.14469900607639005,0.14305179447549546,5
2008-06-27,-0.05263119004221641,0.9499675348098984,-0.05282118354917839,-0.05358115757702631,-0.05453112511183621,-0.05643106018145601,5
2008-07-28,-0.060332716947949824,0.9923011120615912,-0.06053117717036214,-0.061325018060011414,-0.062317319172073005,-0.06430192139619618,5
2008-08-25,-0.05102882655428945,0.7949814656401484,-0.05118782284741748,-0.0518238080199296,-0.05261878948556974,-0.05420875241685004,5
2008-09-23,0.1919215865833974,0.8798120431604595,0.1917456241747653,0.19104177454023694,0.19016196249707648,0.18840233841075554,5
2008-10-21,0.23399116159214228,1.0030978071702055,0.23379054203070823,0.23298806378497208,0.23198496597780188,0.22997877036346145,5
2008-11-18,-0.2647898715795919,0.8501986754966888,-0.2649599113146912,-0.26564007025508857,-0.26649026893058525,-0.2681906662815786,5
2008-12-17,-0.009608832698821585,0.6818538884524745,-0.00974520347651208,-0.01029068658727406,-0.010972540475726534,-0.012336248252631483,5
2009-01-16,0.06616697182845228,0.6287727539635937,0.06604121727765956,0.06553819907448868,0.0649094263205251,0.06365188081259791,5
2009-02-17,-0.010269083027439126,0.7169523809523809,-0.010412473503629602,-0.010986035408391506,-0.011702987789343887,-0.01313689255124865,5
2009-03-17,-0.34883687015416176,0.6370967741935485,-0.3489642895090005,-0.3494739669283553,-0.35011106370254885,-0.35138525725093595,5
2009-04-15,-0.21533398780010152,0.6776889534883721,-0.21546952559079918,-0.2160116767535899,-0.21668936570707825,-0.21804474361405501,5
2009-05-13,-0.1733280930716602,0.7803148785319569,-0.17348415604736658,-0.17410840795019214,-0.1748887228287241,-0.17644935258578803,5
2009-06-11,0.13040307614472355,0.737253675320613,0.13025562540965943,0.12966582246940292,0.12892856879408232,0.1274540614434411,5
2009-07-10,-0.2954988766131155,0.6380957492486046,-0.29562649576296524,-0.29613697236236414,-0.29677506811161275,-0.2980512596101099,5
2009-08-07,-0.001452944324498402,0.8962569075174642,-0.0016321957060018949,-0.002349201232015866,-0.0032454581395333307,-0.005037971954568259,5
2009-09-04,-0.08761388066135506,0.8458971952872485,-0.08778306010041251,-0.0884597778566423,-0.08930567505192956,-0.09099746944250406,5
2009-10-05,0.05163164781912303,1.2139505786675007,0.05138885770338953,0.05041769724045553,0.04920374666178803,0.046775845504453024,5
2009-11-02,-0.007412755173115447,1.1610942249240122,-0.00764497401810025,-0.00857384939803946,-0.009734943622963472,-0.012057132072811496,5
2009-12-01,-0.056211305742812176,1.0544072948328267,-0.05642218720177874,-0.057265713037645,-0.058320120332477826,-0.06042893492214348,5
2009-12-30,-0.05398561979017979,1.1236928104575163,-0.05421035835227129,-0.055109312600637304,-0.05623300541109482,-0.05848039103200985,5
2010-01-29,-0.01038486288743086,1.2596001269438273,-0.010636782912819625,-0.011644463014374686,-0.012904063141318515,-0.01542326339520617,5
2010-03-01,-0.015856157010677635,1.20863309352518,-0.01609788362938267,-0.017064790104202816,-0.018273423197727994,-0.020690689384778353,5
2010-03-29,-0.015325671257851413,1.2,-0.015565671257851414,-0.016525671257851413,-0.017725671257851412,-0.02012567125785141,5
2010-04-27,-0.00012256264357864166,1.1564478034955126,-0.0003538522042777442,-0.0012790104470741543,-0.002435458250569667,-0.004748353857560692,5
2010-05-25,0.012145540868728273,1.3801424382069545,0.011869512381086883,0.010765398430521319,0.009385255992314365,0.006624971115900455,5
2010-06-23,0.0077856140236091265,1.0166317553414328,0.00758228767254084,0.006768982268267693,0.00575235051292626,0.003719087002243395,5
2010-07-22,0.027728218489990856,0.8064628908200978,0.027566925911826835,0.026921755599170757,0.02611529270835066,0.024502366926710463,5
2010-08-19,-0.01919451911513654,0.9428571428571428,-0.019383090543707966,-0.02013737625799368,-0.021080233400850825,-0.02296594768656511,5
2010-09-17,-0.054926252712728225,0.924362636200148,-0.05511112523996826,-0.05585061534892837,-0.056774977985128525,-0.05862370325752882,5
2010-10-15,-0.018787253645664283,1.0983556012332991,-0.019006924765910944,-0.01988560924689758,-0.020983964848130882,-0.02318067605059748,5
2010-11-12,-0.004843526551728023,1.2127873563218392,-0.005086084022992391,-0.0060563139080498625,-0.007269101264371702,-0.009694675977015382,5
2010-12-13,-0.048491477656293205,1.164367816091954,-0.048724351219511595,-0.04965584547238516,-0.05082021328847711,-0.05314894892066102,5
2011-01-11,0.010623121010825022,1.189730686795266,0.010385174873465968,0.009433390324029756,0.008243659637234491,0.005864198263643958,5
2011-02-09,0.04025301562184259,1.2086321014892443,0.04001128920154474,0.039044383520353346,0.0378357514188641,0.03541848721588561,5
2011-03-10,0.0032203518332242376,1.16890264877881,0.0029865713034684755,0.002051449184445428,0.0008825465356666179,-0.0014552587618910017,5
2011-04-07,0.008948093537210763,1.0441606467148261,0.008739261407867797,0.007903932890495936,0.00685977224378111,0.004771450950351458,5
2011-05-06,0.04698330445737815,1.156587661205995,0.046751986925136955,0.04582671679617216,0.044670129134966166,0.04235695381255417,5
2011-06-06,0.014533285308666205,1.0714988814317674,0.014318985532379851,0.013461786427234439,0.01239028754580267,0.010247289782939137,5
2011-07-05,0.029695017602682793,1.0047054722899964,0.029494076508224793,0.028690312130392796,0.0276856066581028,0.02567619571352281,5
2011-08-02,0.04025363208861996,1.1764552108748694,0.04001834104644499,0.0390771768777451,0.037900721666870224,0.035547811245120485,5
2011-08-30,0.11551007793138389,0.9655500413564931,0.11531696792311259,0.11454452789002739,0.11357897784867091,0.11164787776595791,5
2011-09-28,-0.13116682610734703,0.7461952026468155,-0.1313160651478764,-0.13191302130999386,-0.13265921651264068,-0.1341516069179343,5
2011-10-26,0.07545073849501807,0.669508899450191,0.07531683671512804,0.07478122959556788,0.07411172069611768,0.07277270289721731,5
2011-11-23,-0.010085991299835523,0.7966954022988506,-0.010245330380295294,-0.010882686702134374,-0.011679382104433225,-0.013272772909030926,5
2011-12-22,-0.12424654355196382,0.7553160919540229,-0.12439760677035462,-0.12500185964391786,-0.12575717573587186,-0.1272678079197799,5
2012-01-24,-0.037056512518567744,0.9560994560994561,-0.03724773240978763,-0.0380126119746672,-0.038968711430766655,-0.040880910342965565,5
2012-02-22,0.02146090095256125,0.9498346717052433,0.0212709340182202,0.020511066280856007,0.019561231609150763,0.017661562265740276,5
2012-03-21,0.07398505084162846,0.9779611826591692,0.07378945860509663,0.07300708965896929,0.07202912847631011,0.07007320611099178,5
2012-04-19,0.07837484958224708,0.9978686740431706,0.07817527584743844,0.07737698090820391,0.07637911223416075,0.0743833748860744,5
2012-05-17,0.03545626537427936,1.109508547008547,0.03523436366487765,0.034346756827270813,0.03323724828026226,0.03101823118624517,5
2012-06-15,0.03537941994105773,0.8303224553224553,0.03521335544999324,0.03454909748573527,0.03371877503041282,0.03205813011976791,5
2012-07-16,-0.09025438765692949,0.8614594039054471,-0.09042667953771058,-0.09111584706083493,-0.09197730646474038,-0.09370022527255127,5
2012-08-13,-0.046626756563826414,1.1915724563206578,-0.046865071055090544,-0.04781832902014707,-0.04900990147646773,-0.05139304638910905,5
2012-09-11,0.05046279198552493,0.961758172008886,0.05027044035112316,0.049501033813516046,0.04853927564150716,0.04661575929748939,5
2012-10-09,0.023562924592834315,0.9480472764645427,0.023373315137541407,0.022614877316369773,0.02166683003990523,0.019770735486976145,5
2012-11-08,-0.03151523427972404,1.0987153134635148,-0.03173497734241674,-0.03261394959318755,-0.03371266490665107,-0.0359100955335781,5
2012-12-07,-0.04091577495549967,0.8703849175176748,-0.041089851939003205,-0.04178615987301734,-0.04265654479053502,-0.04439731462557037,5
2013-01-08,0.004364450661881273,1.0283687943262412,0.004158776903016024,0.0033360818675550316,0.00230771307322879,0.00025097548457630754,5
2013-02-06,0.04992580947835377,1.0962024087024087,0.049706568996613285,0.04882960706965136,0.04773340466094895,0.045540999843544136,5
2013-03-07,0.020439389855605592,1.1283783783783785,0.020213714179929915,0.019311011477227212,0.018182633098848835,0.01592587634209208,5
2013-04-05,-0.0016455797992404706,1.1283783783783785,-0.0018712554749161464,-0.0027739581776188493,-0.0039023365559972276,-0.006159093312753985,5
2013-05-03,-0.024841196804838615,1.1002482073910644,-0.02506124644631683,-0.02594144501222968,-0.027041693219620744,-0.029242189634402872,5
2013-06-03,0.02220652541399366,1.2007981135497914,0.021966365791283703,0.02100572730044387,0.019804929186894075,0.017403332959794494,5
2013-07-01,-0.02143813971706799,1.1419354838709679,-0.021666526813842183,-0.022580075200938958,-0.023722010684809926,-0.02600588165255186,5
2013-07-30,0.006882563649420732,1.1548387096774193,0.006651595907485248,0.005727724939743313,0.004572886230065893,0.0022632088107110548,5
2013-08-27,0.010320519038192836,1.1314348785871964,0.010094232062475396,0.00918908415960564,0.008057649281018443,0.0057947795238440505,5
2013-09-25,0.037377420930463714,1.0579470198675498,0.0371658315264902,0.036319473910596166,0.03526152689072862,0.03314563285099351,5
2013-10-23,0.022887462082004404,1.1539170506912444,0.022656678671866156,0.02173354503131316,0.020579627980621917,0.018271793879239426,5
2013-11-20,-0.024425380712864334,1.1925465838509317,-0.02466389002963452,-0.025617927296715266,-0.026810473880566198,-0.029195567048268062,5
2013-12-19,-0.05494002832428396,1.1863354037267082,-0.0551772954050293,-0.05612636372801067,-0.05731269913173738,-0.0596853699391908,5
2014-01-21,0.0096672715663524,1.1148062247493642,0.009444310321402527,0.008552465341603036,0.007437659116853672,0.005208046667354944,5
2014-02-19,0.003633429564754553,1.1787389077267152,0.00339768178320921,0.002454690657027838,0.0012759517493011229,-0.0010815260661523073,5
2014-03-19,0.01741353223576354,1.0987121475809258,0.017193789806247355,0.016314820088182615,0.015216107940601688,0.013018683645439837,5
2014-04-16,0.03897848741536972,1.245840584754612,0.038729319298418795,0.037732646830615106,0.036486806245860495,0.03399512507635127,5
2014-05-15,-0.05372208092219532,1.009992064064642,-0.05392407933500825,-0.05473207298625996,-0.0557420650503246,-0.057762049178453886,5
2014-06-13,0.01872971033125379,1.0533443064491994,0.01851904146996395,0.017676366024804588,0.01662302171835539,0.01451633310545699,5
2014-07-14,-0.02866681580078836,1.0412416851441242,-0.028875064137817187,-0.029708057485932485,-0.03074929917107661,-0.03283178254136486,5
2014-08-11,-0.0010535174349388656,1.077531411677753,-0.0012690237172744163,-0.002131048846616619,-0.0032085802582943715,-0.005363643081649877,5
2014-09-09,0.06427366426822452,0.9549114331723028,0.06408268198159006,0.06331875283505221,0.062363841401879914,0.06045401853553531,5
2014-10-07,0.029317086270817524,1.0044811320754716,0.02911619004440243,0.028312605138742054,0.02730812400666658,0.025299161742515636,5
2014-11-04,0.09224510482970408,0.9757575757575759,0.09204995331455257,0.0912693472539465,0.09029358967818893,0.08834207452667378,5
2014-12-03,-0.004465857301571936,1.0303030303030303,-0.004671917907632542,-0.005496160331874967,-0.0065264633621779965,-0.008587069422784057,5
2015-01-02,0.05198833168365285,1.011049519586105,0.05178612177973563,0.050977282164066745,0.049966232644480635,0.04794413360530843,5
2015-02-02,-0.04583731671790717,1.0046563192904656,-0.046038247981765264,-0.046841973037197636,-0.0478466293564881,-0.04985594199506903,5
2015-03-03,0.04730972395625681,1.1133260313983206,0.047087058749977144,0.04619639792485849,0.04508307189346017,0.042856419830663524,5
2015-03-31,-0.12179906621533117,1.0704305674365555,-0.12201315232881847,-0.12286949678276772,-0.12393992735020427,-0.1260807884850774,5
2015-04-29,0.052989654610445455,1.0345737097234102,0.05278273986850077,0.051955080900722046,0.05092050719099864,0.04885135977155181,5
2015-05-28,0.04808529726908185,1.0163601368691189,0.04788202524170803,0.04706893713221273,0.04605257699534362,0.044019856721605376,5
2015-06-25,0.15756466515880424,1.0346449957228399,0.15735773615965967,0.1565300201630814,0.15549537516735856,0.15342608517591289,5
2015-07-24,0.058592455995520154,0.9929960560315518,0.058393856784313844,0.057599459939488604,0.05660646388345705,0.054620471771393946,5
2015-08-21,-0.020610676193314068,1.0860193118455053,-0.02082788005568317,-0.021696695505159572,-0.022782714817005077,-0.024954753440696087,5
2015-09-21,-0.01102171750163726,0.7951240376390077,-0.011180742309165062,-0.011816841539276268,-0.012611965576915275,-0.01420221365219329,5
2015-10-19,0.019625704396185415,0.9501354433989164,0.01943567730750563,0.0186755689527865,0.017725433509387583,0.015825162622589747,5
2015-11-16,0.06534385346565692,0.9683361510284587,0.06515018623545123,0.06437551731462847,0.0634071811636,0.06147050886154309,5
2015-12-15,0.08715085507903057,0.861334178641871,0.0869785882433022,0.0862895209003887,0.08542818672174683,0.08370551836446309,5
2016-01-14,0.05247240569453627,0.7471195570851414,0.05232298178311924,0.05172528613745113,0.05097816658036598,0.049483927466195704,5
2016-02-12,-0.20894363990961637,0.7401616040700285,-0.20909167223043038,-0.2096838015136864,-0.21042396311775644,-0.21190428632589647,5
2016-03-14,-0.041926167057586484,0.6979813664596274,-0.04206576333087841,-0.04262414842404611,-0.04332212979050574,-0.04471809252342499,5
2016-04-12,0.009687328492654575,0.8110636645962734,0.00952511575973532,0.008876264828058303,0.008065201163462028,0.006443073834269482,5
2016-05-10,-0.0955930480153113,0.8033018867924528,-0.09575370839266978,-0.09639634990210375,-0.0971996517888962,-0.0988062555624811,5
2016-06-08,0.0539620113848384,0.9728291542368782,0.053767445553991024,0.05298918223060152,0.052016353076364645,0.05007069476789089,5
2016-07-07,-0.09002142866634112,1.065726470148137,-0.09023457396037075,-0.09108715513648925,-0.0921528816066374,-0.09428433454693368,5
2016-08-04,-0.014416884943106507,1.0839817447254227,-0.014633681292051592,-0.01550086668783193,-0.016584848432557354,-0.0187528119220082,5
2016-09-01,-0.03590293439767614,0.9920786561579492,-0.03610135012890773,-0.03689501305383409,-0.037887091709992035,-0.03987124902230794,5
2016-09-30,0.06590062491824866,0.9484276729559749,0.06571093938365746,0.06495219724529269,0.06400376957233671,0.06210691422642476,5
2016-10-28,-0.037312207102109106,1.0484276729559747,-0.0375218926367003,-0.03836063477506508,-0.03940906244802105,-0.041505917793933006,5
2016-11-28,0.011273932833393466,1.2107553080403757,0.01103178177178539,0.01006317752535309,0.008852422217312715,0.006430911601231963,5
2016-12-27,-0.009206453680713662,1.1627906976744184,-0.009439011820248547,-0.010369244378388081,-0.0115320350760625,-0.013857616471411337,5
2017-01-26,-0.019688463083186558,1.1453488372093024,-0.01991753285062842,-0.02083381192039586,-0.021979160757605164,-0.02426985843202377,5
2017-02-24,0.03377424123852386,1.1464818601832916,0.0335449448664872,0.032627759378340566,0.031481277518157276,0.02918831379779069,5
2017-03-24,-0.011364453401353078,1.081943256344454,-0.011580842052621968,-0.012446396657697532,-0.013528339914041985,-0.015692226426730894,5
2017-04-24,0.033257201362303056,0.8607784431137724,0.0330850456736803,0.03239642291918928,0.031535644476075514,0.029814087589847965,5
2017-05-22,0.05178034948064902,1.068917507831535,0.05156656597908271,0.05071143197281748,0.049642514464985944,0.04750467944932288,5
2017-06-20,-0.05458020654799327,1.0928297946397496,-0.054798772506921216,-0.055673036342633014,-0.05676586613727277,-0.05895152572655227,5
2017-07-19,0.08357528340818887,0.9801735747418823,0.0833792486932405,0.08259510983344699,0.08161493625870511,0.07965458910922134,5
2017-08-16,-0.06466877505472564,1.0704494625207417,-0.06488286494722979,-0.06573922451724638,-0.06680967397976713,-0.0689505729048086,5
2017-09-14,0.04247192209310513,1.0647500180362168,0.04225897208949789,0.041407172075068915,0.040342422057032694,0.038212922020960265,5
2017-10-12,0.036677448171187524,1.0520216962524653,0.03646704383193703,0.03562542647493506,0.03457340477868259,0.03246936138617766,5
2017-11-09,-0.043191537386439105,1.1111580726965342,-0.04341376900097841,-0.04430269545913564,-0.04541385353183217,-0.04763616967722524,5
2017-12-08,-0.03638072523178185,1.129296985066216,-0.0366065846287951,-0.03751002221684807,-0.03863931920191428,-0.04089791317204672,5
2018-01-09,0.03757371060275776,1.0686794505643955,0.03735997471264488,0.03650503115219336,0.03543635170162897,0.03329899280050017,5
2018-02-07,-0.004180944504227506,1.1270569835441315,-0.004406355900936332,-0.005308001487771637,-0.006435058471315769,-0.008689172438404032,5
2018-03-08,0.012487127657955545,0.9581937602627257,0.012295488905903,0.01152893389769282,0.010570740137430094,0.008654352616904643,5
2018-04-06,-0.02351878342312399,1.08,-0.02373478342312399,-0.02459878342312399,-0.025678783423123987,-0.02783878342312399,5
2018-05-04,0.033327614484295214,1.0857142857142859,0.03311047162715235,0.032241900198580926,0.031156185912866643,0.028984757341438072,5
2018-06-04,-0.017647419893638664,1.09097324909262,-0.017865614543457187,-0.018738393142731284,-0.019829366391823904,-0.022011312890009144,5
2018-07-02,-0.009808890431838484,1.1983118477593617,-0.010048552801390356,-0.011007202279597846,-0.012205514127357207,-0.014602137822875932,5
2018-07-31,-0.0004836674011897014,1.0538980969920195,-0.0006944470205881053,-0.001537565498181721,-0.0025914635951737406,-0.00469925978915778,5
2018-08-28,0.04777785296726882,1.1909764721882223,0.04753965767283118,0.0465868764950806,0.04539590002289238,0.043013947078515934,5
2018-09-26,0.03389988857814495,1.0039779681762546,0.0336990929845097,0.032895910609968694,0.03189193264179244,0.029883976705439932,5
2018-10-24,-0.0010039800227002772,1.1627450980392156,-0.0012365290423081204,-0.0021667251207394926,-0.0033294702187787084,-0.00565496041485714,5
2018-11-21,0.13454778542718898,0.8058542814894475,0.1343866145708911,0.13374193114569954,0.13293607686421008,0.1313243683012312,5
2018-12-21,-0.12765973023606655,0.7305417394811131,-0.12780583858396277,-0.12839027197554767,-0.1291208137150288,-0.13058189719399102,5
2019-01-23,-0.10124890270031649,0.6431714883486039,-0.10137753699798621,-0.1018920741886651,-0.10253524567701369,-0.1038215886537109,5
2019-02-21,0.012931290554624471,0.8716542817978501,0.0127569596982649,0.012059636272826621,0.01118798199102877,0.00944467342743307,5
2019-03-21,0.00029634552800995406,0.9562552831783602,0.00010509447137428202,-0.0006599097551684061,-0.0016161650383467662,-0.0035286756047034863,5
2019-04-18,0.028287855985408016,1.0753381234150463,0.028072788360725007,0.02721251786199297,0.026137179738577924,0.02398650349174783,5
2019-05-17,0.10438315708276623,1.1414670658682633,0.10415486366959258,0.10324169001689797,0.1021002229510297,0.09981728881929318,5
2019-06-17,0.028132153471034684,0.8844453949244367,0.027955264392049796,0.027247708076110246,0.02636326268118581,0.024594371891336935,5
2019-07-16,0.08511744780250852,0.8608140861134872,0.08494528498528582,0.08425663371639502,0.08339581963028155,0.08167419145805457,5
2019-08-13,-0.1303963488652103,1.0459794696321643,-0.13060554475913672,-0.13144232833484246,-0.13248830780447463,-0.13458026674373894,5
2019-09-11,0.08299556004543793,1.0283361847733106,0.08278989280848327,0.08196722386066461,0.0809388876758913,0.07888221530634469,5
2019-10-09,-0.09081151139702454,0.9256297918948521,-0.0909966373554035,-0.09173714118891939,-0.09266277098081424,-0.09451403056460395,5
2019-11-06,0.007201274047229085,1.192223439211391,0.006962829359386807,0.006009050608017694,0.004816827168806303,0.0024323802903835207,5
2019-12-05,-0.08206628693921339,1.1011317999269805,-0.08228651329919878,-0.08316741873914037,-0.08426855053906734,-0.08647081413892131,5
2020-01-06,0.05830716901144695,1.0690058479532163,0.05809336784185631,0.057238163163493734,0.05616915731554052,0.05403114561963409,5
2020-02-04,0.06831977792544797,1.086171310629515,0.06810254366332207,0.06723360661481845,0.06614743530418894,0.0639750926829299,5
2020-03-04,0.19139986637421005,1.0279922083543755,0.19119426793253919,0.1903718741658557,0.1893438819575013,0.18728789754079256,5
2020-04-01,-0.36112679135128367,1.0515114349614025,-0.36133709363827593,-0.3621783027862451,-0.3632298142212065,-0.3653328370911293,5
2020-04-30,0.007481801847421461,0.8028085735402808,0.007321240132713405,0.00667899327388118,0.005876184700340899,0.004270567553260338,5
2020-05-29,-0.007009549290019156,0.851190476190476,-0.0071797873852572506,-0.007860739766209632,-0.008711930242400108,-0.01041431119478106,5
2020-06-26,0.035573261288905096,0.8654242243040329,0.03540017644404429,0.034707837064601066,0.03384241284029703,0.03211156439168897,5
2020-07-27,-0.022359904283072538,0.9870772706132482,-0.022557319737195186,-0.023346981553685787,-0.024334058824299034,-0.02630821336552553,5
2020-08-24,0.027860666854827937,0.9132947976878614,0.027678007895290364,0.026947372057140075,0.026034077259452212,0.02420748766407649,5
2020-09-22,0.014356996262122071,0.9768786127167629,0.014161620539578718,0.013380117649405308,0.012403239036688544,0.010449481811255018,5
2020-10-20,-0.18349035779411546,0.9653179190751445,-0.18368342137793048,-0.1844556757131906,-0.18542099363226575,-0.18735162947041603,5
2020-11-17,-0.09564679587211458,1.205866719819281,-0.09588796921607844,-0.09685266259193387,-0.09805852931175314,-0.1004702627513917,5
2020-12-16,-0.026323426708064722,1.0912627702542173,-0.026541679262115564,-0.02741468947831894,-0.028505952248573156,-0.03068847778908159,5
2021-01-15,-0.07016835975408467,1.2546356893542758,-0.07041928689195552,-0.07142299544343894,-0.07267763113279323,-0.07518690251150177,5
2021-02-16,-0.030109170826237007,1.2069356189350278,-0.03035055795002401,-0.031316106445172034,-0.03252304206410706,-0.03493691330197712,5
2021-03-16,0.1143081477897736,1.4824246771879483,0.11401166285433602,0.11282572311258565,0.11134329843539771,0.10837844908102182,5
2021-04-14,0.10522820162194019,1.179794356767097,0.10499224275058677,0.10404840726517309,0.10286861290840599,0.1005090241948718,5
2021-05-12,-0.20388637365680237,1.1095883457692501,-0.20410829132595623,-0.2049959620025716,-0.20610555034834088,-0.20832472703987936,5
2021-06-10,0.027292644873755788,0.9985697322970639,0.027092930927296376,0.026294075141458723,0.02529550540916166,0.023298365944567533,5
2021-07-09,0.1164887944062234,0.9937326244939766,0.1162900478813246,0.11549506178172941,0.11450132915723545,0.11251386390824748,5
2021-08-06,0.019641488011158573,1.0033165878164172,0.019440824693595288,0.018638171423342155,0.017634854835525737,0.015628221659892902,5
2021-09-03,0.05502731143941213,0.9120023249055507,0.05484491097443102,0.05411530911450658,0.05320330678960103,0.051379302139789924,5
2021-10-04,-0.051408408843609824,1.02459804497623,-0.05161332845260507,-0.052433006888586056,-0.05345760493356228,-0.05550680102351474,5
2021-11-01,0.1154550876235159,1.0659419902782972,0.11524189922546024,0.11438914563323761,0.11332320364295931,0.11119131966240271,5
2021-11-30,0.12443427701917129,0.9983610890827387,0.12423460480135473,0.12343591593008854,0.12243755484100581,0.12044083266284034,5
2021-12-29,0.16469340549208045,0.8251061846058221,0.16452838425515928,0.16386829930747462,0.1630431931228688,0.16139298075365716,5
2022-01-27,-0.044766034580033365,1.0290324251528022,-0.044971841065063925,-0.045795067005186166,-0.04682409943033897,-0.048882164280644576,5
2022-02-25,0.07667012745858214,0.797872340425532,0.07651055299049703,0.07587225511815661,0.07507438277773107,0.07347863809688,5
2022-03-25,0.10816001708144289,0.8421038428324698,0.1079915963128764,0.10731791323861042,0.10647580939577796,0.10479160171011301,5
2022-04-25,0.11834199668873677,0.9411971070811744,0.11815375726732054,0.1174007995816556,0.11645960247457442,0.11457720826041207,5
2022-05-23,-0.0144587146479121,0.7031798056465989,-0.01459935060904142,-0.0151618944535587,-0.015865074259205296,-0.017271433870498495,5
2022-06-22,-0.16565101044034863,0.7352366166407912,-0.1657980577636768,-0.16638624705698943,-0.16712148367363022,-0.1685919569069118,5
2022-07-21,-0.014403615453020022,0.5726419577096697,-0.014518143844561956,-0.014976257410729691,-0.015548899368439362,-0.016694183283858702,5
2022-08-18,0.07060575586306901,0.7728135242366742,0.07045119315822168,0.06983294233883233,0.06906012881459567,0.06751450176612231,5
2022-09-16,0.10893238989575771,0.767379679144385,0.10877891395992884,0.10816501021661333,0.10739763053746894,0.10586287117918017,5
2022-10-14,-0.14103258198426982,0.7114625705785926,-0.14117487449838553,-0.1417440445548484,-0.142455507125427,-0.1438784322665842,5
2022-11-11,0.08809066430767165,0.8735017626321976,0.08791596395514521,0.08721716254503946,0.08634366078240725,0.08459665725714285,5
2022-12-12,-0.041002188914235155,0.835605170387779,-0.04116930994831271,-0.04183779408462293,-0.042673399255010715,-0.044344609595786275,5
2023-01-11,-0.10016811027638553,0.7976498237367804,-0.10032764024113289,-0.10096576010012231,-0.10176340992385909,-0.10335870957133265,5
2023-02-09,0.09546443431089559,0.873678025851939,0.0952896987057252,0.09459075628504365,0.0937170782591917,0.09196972220748784,5
2023-03-10,-0.006703787754035389,0.8941632138353451,-0.006882620396802458,-0.007597950967870734,-0.00849211418170608,-0.01028044060937677,5
2023-04-10,0.04868543252917686,0.9066550421389132,0.04850410152074908,0.047778777487037946,0.046872122444899036,0.04505881236062121,5
2023-05-08,-0.07637562187168015,0.8900900900900901,-0.07655363988969817,-0.07726571196177023,-0.07815580205186033,-0.07993598223204051,5
2023-06-06,-0.01837782533510696,0.8878938740817194,-0.018555404109923304,-0.01926571920918868,-0.0201536130832704,-0.021929400831433837,5
2023-07-06,-0.07004035098700652,1.0038556793875943,-0.07024112212288404,-0.07104420666639412,-0.0720480623457817,-0.0740557737045569,5
2023-08-03,0.04739911441058879,1.0831926151075086,0.04718247588756729,0.04631592179548128,0.04523272918037377,0.04306634395015876,5
2023-08-31,0.08343972642383236,0.981767955801105,0.08324337283267215,0.08245795846803126,0.08147619051223015,0.07951265460062794,5
2023-09-29,0.10811845515089193,0.8922408441961515,0.1079400069820527,0.10722621430669578,0.10633397346249962,0.10454949177410731,5
2023-10-27,-0.09460515081512805,0.8918684047175667,-0.09478352449607157,-0.09549701921984562,-0.09638888762456319,-0.09817262443399831,5
2023-11-27,-0.17788079661743686,0.9216030271757827,-0.17806511722287202,-0.17880239964461264,-0.17972400267178842,-0.18156720872614,5
2006-01-11,0.008598950779910037,1.0,0.008398950779910036,0.007598950779910037,0.006598950779910037,0.004598950779910037,6
2006-02-09,0.011445215160991468,1.1483290146834095,0.011215549358054787,0.01029688614630806,0.00914855713162465,0.0068518991022578305,6
2006-03-10,-0.016434603931117422,1.1769982060992625,-0.016670003572337274,-0.017611602137216683,-0.018788600343315948,-0.02114259675551447,6
2006-04-07,0.03811962536571813,1.2579895023586471,0.037868027465246396,0.03686163586335948,0.03560364636100083,0.03308766735628354,6
2006-05-08,0.002994140936081321,1.1807142857142856,0.002757998078938464,0.0018134266503670355,0.00063271236465275,-0.0017287162067758212,6
2006-06-06,0.04142338642920994,1.1521103896103897,0.04119296435128786,0.04027127603959955,0.03911916564998916,0.036814944870768376,6
2006-07-05,0.019978491404761392,0.9355739599383668,0.01979137661277372,0.019042917444823025,0.018107343484884658,0.016236195565007924,6
2006-08-02,-0.06782149539226981,1.0491782229070363,-0.06803133103685122,-0.06887067361517685,-0.06991985183808389,-0.07201820828389796,6
2006-08-30,-0.025804103126417486,0.9737130339539978,-0.025998845733208285,-0.026777816160371483,-0.027751529194325483,-0.029698955262233477,6
2006-09-28,-0.05024704552652925,0.9636363636363636,-0.05043977279925652,-0.05121068189016561,-0.05217431825380198,-0.054101590981074706,6
2006-10-26,-0.01994631658439356,1.039610163592064,-0.020154238617111974,-0.020985926747985623,-0.022025536911577687,-0.024104757238761817,6
2006-11-24,0.01616200174124117,1.0681818181818181,0.015948365377604808,0.015093819923059353,0.014025638104877535,0.0118892744685139,6
2006-12-22,0.015507084666576198,1.0795454545454546,0.015291175575667107,0.014427539212030743,0.013347993757485289,0.01118890284839438,6
2007-01-25,-0.03593370623401072,1.0683559618228256,-0.03614737742637529,-0.037002062195833546,-0.038070418157656376,-0.04020713008130203,6
2007-02-23,0.04521063750969707,1.1593922651933701,0.04497875905665839,0.0440512452445037,0.04289185297931033,0.04057306844892359,6
2007-03-23,0.005796520012807856,1.0200940070505289,0.00559250121139775,0.004776426005757327,0.003756331998706798,0.0017161439846057405,6
2007-04-23,0.020397660159575805,1.0691245593419507,0.020183835247707414,0.019328535600233857,0.018259411040891904,0.016121161922208003,6
2007-05-21,0.009731602212072744,1.191650853889943,0.009493272041294755,0.0085399513581828,0.007348300504292858,0.004964998796512971,6
2007-06-19,0.03721194170349248,1.1112069461215572,0.03698970031426817,0.03610073475737092,0.034989527811249366,0.03276711391900625,6
2007-07-18,0.05341353430989319,1.1154170888213442,0.053190450892128927,0.052298117221071846,0.05118270013225051,0.048951865954607814,6
2007-08-15,0.037028493178367795,1.2382113821138212,0.03678085090194503,0.03579028179625397,0.03455207041414015,0.03207564764991251,6
2007-09-13,0.01969158414449432,0.9539454806312769,0.019500795048368064,0.018737638663863045,0.017783693183231766,0.01587580222196921,6
2007-10-11,0.11565893949010315,0.9643361581920904,0.11546607225846474,0.11469460333191106,0.11373026717371898,0.11180159485733479,6
2007-11-08,-0.01718622459972531,1.1217123846588413,-0.01741056707665708,-0.01830793698438415,-0.019429649369042994,-0.021673074138360678,6
2007-12-07,0.1367850795106947,0.9812629464565941,0.1365888269214034,0.13580381656423812,0.13482255361778153,0.13286002772486832,6
2008-01-08,-0.18999531668118957,0.9294581280788178,-0.19018120830680535,-0.1909247748092684,-0.1918542329373472,-0.19371314919350485,6
2008-02-06,0.10786814853144654,1.0325891967311143,0.10766163069210032,0.10683555933471542,0.10580297013798431,0.10373779174452208,6
2008-03-06,-0.02984552115623469,0.9572121453724005,-0.030036963585309173,-0.030802733301607092,-0.03175994544697949,-0.033674369737724294,6
2008-04-04,0.0010970933409116257,0.7143752175426383,0.000954218297403098,0.0003827181233689873,-0.00033165709417365104,-0.0017604075292589278,6
2008-05-02,0.0460142760475108,0.9212669683257919,0.04583002265384564,0.04509300907918501,0.04417174211085922,0.042329208174207635,6
2008-06-02,0.1942197202897729,0.841714162037371,0.19405137745736545,0.19337800612773554,0.19253629196569816,0.19085286364162343,6
2008-06-30,-0.14928670264365315,0.9387503522118907,-0.14947445271409554,-0.15022545299586504,-0.15116420334807693,-0.15304170405250073,6
2008-07-29,-0.01948364840395269,1.022189349112426,-0.019688086273775177,-0.020505837753065116,-0.021528027102177542,-0.023572405800402395,6
2008-08-26,-0.037680677450178175,0.7500912741876598,-0.03783069570501571,-0.038430768724365835,-0.039180859998553495,-0.040681042546928815,6
2008-09-24,0.21208020441653225,0.8968019160326852,0.2119008440333257,0.21118340250049955,0.21028660058446688,0.20849299675240152,6
2008-10-22,0.24223186327323545,1.032650042265427,0.24202533326478237,0.24119921323097002,0.2401665631887046,0.23810126310417373,6
2008-11-19,-0.3225652985599956,0.8559284116331096,-0.3227364842423222,-0.32342122697162873,-0.32427715538326185,-0.32598901220652804,6
2008-12-18,0.002523205373074898,0.6996298866527875,0.0023832793957443404,0.0018235754864221105,0.001123945599769323,-0.0002753141735362518,6
2009-01-20,0.0073164498432284645,0.6747504403992954,0.007181499755148605,0.006641699402829169,0.005966948962429873,0.004617448081631283,6
2009-02-18,-0.06820036427597705,0.6425806451612903,-0.0683288804050093,-0.06884294492113834,-0.06948552556629962,-0.0707706868566222,6
2009-03-18,-0.3152630046819545,0.6240493050091793,-0.31538781454295634,-0.3158870539869637,-0.31651110329197285,-0.31775920190199125,6
2009-04-16,-0.2158112308951009,0.6463178294573644,-0.21594049446099237,-0.21645754872455827,-0.21710386655401565,-0.21839650221293036,6
2009-05-14,-0.1456297360842541,0.7603288797533401,-0.14578180186020478,-0.14639006496400744,-0.1471503938437608,-0.14867105160326746,6
2009-06-12,0.1231766828615751,0.7678828365878726,0.12302310629425753,0.12240880002498723,0.12164091718839935,0.12010515151522361,6
2009-07-13,-0.27723410101343776,0.6352396514161219,-0.277361148943721,-0.27786934066485386,-0.27850458031627,-0.27977505961910226,6
2009-08-10,-0.011296001855555675,0.9256423432682426,-0.011481130324209323,-0.012221644198823918,-0.01314728654209216,-0.014998571228628646,6
2009-09-08,-0.07240328815146768,0.8901336073997944,-0.07258131487294764,-0.07329342175886748,-0.07418355536626726,-0.07596382258106686,6
2009-10-06,0.04856457203826205,1.298612538540596,0.048304849530553924,0.04726595949972145,0.045967346961180856,0.043370121884099666,6
2009-11-03,-0.0019117916022270537,1.2240035960443514,-0.002156592321435924,-0.003135795198271405,-0.004359798794315757,-0.00680780598640446,6
2009-12-02,-0.04524700957176708,1.117820397562681,-0.04547057365127962,-0.046364829969329766,-0.04748265036689245,-0.04971829116201781,6
2009-12-31,-0.061436193608119964,1.1236928104575163,-0.061660932170211465,-0.06255988641857749,-0.063683579229035,-0.06593096484995004,6
2010-02-01,0.0002479146703543507,1.2683890577507602,-5.763141195801354e-06,-0.0010204743873964094,-0.0022888634451471695,-0.004825641560648689,6
2010-03-02,-0.0037901125084249905,1.168693009118541,-0.004023851110248698,-0.004958805517543532,-0.006127498526662072,-0.008464884544899154,6
2010-03-30,-0.017885313326042446,1.1642241379310345,-0.018118158153628654,-0.01904953746397348,-0.020213761601904516,-0.022542209877766586,6
2010-04-28,0.06331733026561431,1.201921309064166,0.06307694600380148,0.06211540895655015,0.060913487647485984,0.05850964502935765,6
2010-05-26,0.01980208492457649,1.1468370339338083,0.019572717517789728,0.01865524789064268,0.017508410856708873,0.015214736788841256,6
2010-06-24,-0.017351768610122664,0.9843317972350231,-0.017548634969569668,-0.018336100407357687,-0.01932043220459271,-0.021289095799062758,6
2010-07-23,0.05185710536332546,0.8135550894016581,0.05169439434544513,0.0510435502739238,0.05022999518452215,0.04860288500571883,6
2010-08-20,-0.052057956088698405,0.9973529117970232,-0.05225742667105781,-0.05305530900049543,-0.05405266191229245,-0.0560473677358865,6
2010-09-20,-0.04098832162471097,0.9750966079862602,-0.041183340946308225,-0.04196341823269723,-0.04293851484068349,-0.04488870805665601,6
2010-10-18,0.0011094610519094823,1.1137524762798456,0.0008867105566535132,-4.291424370363303e-06,-0.001118043900650209,-0.0033455488532099,6
2010-11-15,-0.02106884750066229,1.1513209013209014,-0.02129911168092647,-0.022220168401983192,-0.023371489303304092,-0.025674131105945897,6
2010-12-14,-0.051937554286334967,1.1936674436674437,-0.052176287775068456,-0.05313122173000241,-0.05432488917366986,-0.05671222406100474,6
2011-01-12,0.010674913022112688,1.1966265958438171,0.010435587702943925,0.00947828642626887,0.008281659830425054,0.005888406638737419,6
2011-02-10,0.0321533422743503,1.2567567567567568,0.031901990922998946,0.030896585517593545,0.029639828760836786,0.027126315247323275,6
2011-03-11,-0.01709644250541663,1.2265087853323147,-0.01734174426248309,-0.018322951290748943,-0.019549460076081257,-0.022002477646745885,6
2011-04-08,0.016758723326070514,1.141711229946524,0.01653038108008121,0.01561701209612399,0.014475300866177467,0.012191878406284419,6
2011-05-09,0.0545850973725606,1.2307726269315673,0.05433894284717428,0.05335432474562903,0.052123552118697465,0.04966200686483433,6
2011-06-07,0.0058687574549558825,1.0647874720357942,0.0056557999605487234,0.004803969982920088,0.0037391825108842943,0.001609607566812706,6
2011-07-06,0.03919195650151447,1.037796697626419,0.03898439716198918,0.038154159803888046,0.03711636310626163,0.03504076971100879,6
2011-08-03,0.06901193302421549,1.1096061231510148,0.06879001179958529,0.06790232690106447,0.06679272077791346,0.06457350853161142,6
2011-08-31,0.100821651568242,0.8624069478908188,0.10064917017866383,0.09995924462035118,0.09909683767246036,0.09737202377667872,6
2011-09-29,-0.19891816455978317,0.7589330024813894,-0.19906995116027945,-0.19967709756226457,-0.20043603056474596,-0.20195389656970872,6
2011-10-27,0.11389508547969948,0.7876712328767124,0.11373755123312414,0.11310741424682277,0.11231974301394605,0.11074440054819264,6
2011-11-25,-0.021214159849958864,0.7842229570146433,-0.021371004441361793,-0.021998382806973506,-0.02278260576398815,-0.024351051678017436,6
2011-12-23,-0.15826377508153722,0.7674339549339548,-0.158417261872524,-0.15903120903647117,-0.15979864299140512,-0.16133351090127304,6
2012-01-25,-0.01217275678691795,1.0191336441336443,-0.01237658351574468,-0.013191890431051595,-0.01421102407518524,-0.016249291363452528,6
2012-02-23,0.051217800624215076,0.9843174303259329,0.05102093713814989,0.05023348319388914,0.04924916576356321,0.047280530902911344,6
2012-03-22,0.07064620608822426,0.9440867041538181,0.0704573887473935,0.06970211938407045,0.06875803267991663,0.06686985927160899,6
2012-04-20,0.08339087837940026,1.004670778160711,0.08318994422376812,0.08238620760123955,0.08138153682307885,0.07937219526675741,6
2012-05-18,0.030584331134810957,1.0952797202797204,0.030365275190755013,0.029489051414531238,0.028393771694251516,0.026203212253692074,6
2012-06-18,0.015567478383354073,0.7953574203574203,0.015408406899282589,0.014772120962996653,0.013976763542639232,0.012386048701924392,6
2012-07-17,-0.084350293894968,0.9039724741945574,-0.08453108838980691,-0.08525426636916256,-0.0861582388433571,-0.08796618379174623,6
2012-08-14,-0.06302391422717243,1.1784485455114169,-0.06325960393627472,-0.06420236277268385,-0.06538081131819527,-0.0677377084092181,6
2012-09-12,0.06267743399020909,0.961863958531683,0.06248506119850275,0.0617155700316774,0.06075370607314572,0.05882997815608235,6
2012-10-10,0.01963870928132953,0.9766700924974305,0.019443375262830045,0.0186620391888321,0.01768536909633467,0.015732028911339808,6
2012-11-09,-0.038686108300116144,1.0626927029804727,-0.03889864684071224,-0.039748801003096614,-0.04081149370607709,-0.042936879112038036,6
2012-12-10,-0.03208467969704269,0.9078105712041298,-0.03226624181128352,-0.03299249026824682,-0.033900300839450954,-0.03571592198185921,6
2013-01-09,-0.014413434775322836,1.075642667191963,-0.014628563308761229,-0.0154890774425148,-0.016564720109706763,-0.01871600544409069,6
2013-02-07,0.049076920531950535,1.1102855477855478,0.048854863422393424,0.04796663498416499,0.04685634943637944,0.04463577834080834,6
2013-03-08,0.03159568912619937,1.166742245601306,0.031362340677079104,0.03042894688059806,0.029262204634996757,0.026928720143794143,6
2013-04-08,-0.016144734376852092,1.1536368583348446,-0.01637546174851906,-0.017298371235186936,-0.01845200809352178,-0.02075928181019147,6
2013-05-06,-0.01614867380407356,1.12751677852349,-0.016374177159778257,-0.01727619058259705,-0.01840370736112054,-0.02065874091816752,6
2013-06-04,0.016912218182514697,1.1208053691275168,0.016688057108689196,0.01579141281338718,0.014670607444259664,0.012428996706004631,6
2013-07-02,-0.02700957910214484,1.231587767071638,-0.027255896655559168,-0.028241166869216478,-0.029472754636288116,-0.03193593017043139,6
2013-07-31,0.006367212686251423,1.2057394218684543,0.006126064801877731,0.005161473264382968,0.003955733842514514,0.001544254998777605,6
2013-08-28,0.009971794577334837,1.12476821192053,0.009746840934950731,0.008847026365414307,0.007722258153493777,0.0054727217296527166,6
2013-09-26,0.03704984218875097,1.0526315789473684,0.0368393158729615,0.035997210609803605,0.03494457903085624,0.0328393158729615,6
2013-10-24,0.03333081796923584,1.2188102220360284,0.033087055924828634,0.032112007747199814,0.030893197525163785,0.02845557708109173,6
2013-11-21,-0.02323975061591779,1.1987577639751552,-0.02347950216871282,-0.024438508379892945,-0.0256372661438681,-0.028034781671818408,6
2013-12-20,-0.03177203450288625,1.1801242236024845,-0.03200805934760675,-0.03295215872648873,-0.03413228295009122,-0.03649253139729619,6
2014-01-22,0.009166224834786997,1.1203252032520326,0.00894215979413659,0.008045899631534965,0.006925574428282932,0.004684924021778867,6
2014-02-20,-0.011767725090335572,1.1606666185700887,-0.01199985841404959,-0.01292839170890566,-0.01408905832747575,-0.016410391564615927,6
2014-03-20,-0.005910307838405598,1.1460494256874347,-0.0061395177235430845,-0.007056357264093032,-0.008202406689780468,-0.010494505541155337,6
2014-04-17,0.03786742695125872,1.2638009049773757,0.03761466677026325,0.03660362604628135,0.03533982514130397,0.03281222333134921,6
2014-05-16,-0.07688204766931306,1.0520525214630978,-0.07709245817360567,-0.07793410019077615,-0.07898615271223926,-0.08109025775516546,6
2014-06-16,0.03861267397750829,1.0651515151515152,0.038399643674477985,0.03754752246235678,0.03648237094720526,0.03435206791690223,6
2014-07-15,-0.041665530707889975,1.041130820399113,-0.0418737568719698,-0.042706661528289086,-0.043747792348688204,-0.045830053989486426,6
2014-08-12,-0.014434780491972232,1.0715077605321506,-0.014649082044078662,-0.015506288252504382,-0.016577796013036532,-0.018720811534100833,6
2014-09-10,0.07580443247594872,0.9382716049382717,0.07561677815496107,0.07486616087101045,0.07392788926607217,0.07205134605619563,6
2014-10-08,0.038488622764031664,0.9981918238993711,0.03828898439925179,0.0374904309401323,0.03649223911623292,0.03449585546843418,6
2014-11-05,0.11181646642306989,0.9981380065717416,0.11161683882175553,0.11081832841649815,0.10982019040992641,0.10782391439678292,6
2014-12-04,-0.000784145790352235,0.9984665936473164,-0.0009838391090816983,-0.0017826123839995514,-0.0027810789776468677,-0.0047780121649415004,6
2015-01-05,-0.007588955858260122,0.974390243902439,-0.007783833907040611,-0.00856334610216256,-0.009537736346065001,-0.011486516833869878,6
2015-02-03,-0.018615181936892065,1.0351441241685144,-0.018822210761725768,-0.01965032606106058,-0.020685470185229093,-0.02275575843356612,6
2015-03-04,0.04618696402763086,1.0770719240598758,0.04597154964281888,0.045109892103570984,0.04403282017951111,0.041878676331391355,6
2015-04-01,-0.1181847833301061,1.0639264581572272,-0.11839756862173755,-0.11924870978826332,-0.12031263624642055,-0.122440489162735,6
2015-04-30,0.05438685786807323,1.0820301493378417,0.05417045183820566,0.05330482771873539,0.052222797569397544,0.05005873727072186,6
2015-05-29,0.04477711018496632,0.9744083262047333,0.044582228519725375,0.04380270185876159,0.042828293532556856,0.04087947688014739,6
2015-06-26,0.15662213039100917,1.0046491969568891,0.1564212005516178,0.15561748119405228,0.15461283199709538,0.1526035336031816,6
2015-07-27,0.07570072762481429,1.0339317285461715,0.07549394127910505,0.07466679589626812,0.07363286416772195,0.0715650007106296,6
2015-08-24,-0.02008157047744479,1.033421732626139,-0.020288254823970016,-0.02111499221007093,-0.022148413942697065,-0.024215257407949345,6
2015-09-22,-0.01587382487065144,0.781833922516413,-0.016030191655154725,-0.016655658793167855,-0.017437492715684268,-0.019001160560717094,6
2015-10-20,0.04300388330703202,0.8355457759180435,0.04283677415184841,0.04216833753111397,0.04133279175519593,0.039661700203359844,6
2015-11-17,0.02011381944081937,0.9526627218934912,0.01992328689644067,0.019161156718925876,0.018208493997032386,0.016303168553245404,6
2015-12-16,0.09718147688398197,0.9230769230769231,0.0969968614993666,0.09625839996090504,0.09533532303782813,0.09348916919167428,6
2016-01-15,0.019959448740440092,0.8009164583806709,0.019799265448763956,0.01915853228205942,0.01835761582367875,0.01675578290691741,6
2016-02-16,-0.11873686180215735,0.7510035597970159,-0.11888706251411675,-0.11948786536195437,-0.12023886892175138,-0.12174087604134541,6
2016-03-15,-0.12418764819936087,0.6521619496855346,-0.12431808058929798,-0.12483981014904641,-0.12549197209873195,-0.12679629599810302,6
2016-04-13,0.0529861167611387,0.7657625786163522,0.05283296424541543,0.05222035418252235,0.051454591603905996,0.04992306644667329,6
2016-05-11,-0.06748898355238939,0.8849056603773586,-0.06766596468446485,-0.06837388921276674,-0.0692587948731441,-0.07102860619389882,6
2016-06-09,0.03283138762324,0.9035108669691905,0.03265068544984616,0.03192787675627081,0.031024365889301617,0.029217344155363235,6
2016-07-08,-0.084559446553166,1.0657264701481373,-0.08477259184719563,-0.08562517302331413,-0.08669089949346227,-0.08882235243375855,6
2016-08-05,0.014736562457644816,1.0961768666766423,0.014517327084309488,0.013640385590968173,0.01254420872429153,0.010351854990938247,6
2016-09-02,-0.0385317206380046,0.9795204402515725,-0.03872762472605491,-0.03951124107825617,-0.040490761518507744,-0.04244980239901089,6
2016-10-03,0.0734382905109546,0.9735248447204969,0.0732435855420105,0.07246476566623411,0.0714912408215136,0.06954419113207261,6
2016-10-31,-0.03184583732642631,1.0419642857142857,-0.03205423018356917,-0.032887801612140596,-0.03392976589785488,-0.03601369446928345,6
2016-11-29,-0.0020310705527845276,1.1124260355029585,-0.002253555759885119,-0.0031434965882874864,-0.004255922623790445,-0.006480774694796362,6
2016-12-28,-0.017725929236720627,1.1385148918808647,-0.0179536322150968,-0.01886444412860149,-0.020002959020482356,-0.022279988804244085,6
2017-01-27,-0.03932688538117779,1.0624915000679995,-0.03953938368119139,-0.04038937688124579,-0.04145186838131379,-0.04357685138144979,6
2017-02-27,0.06128821124454592,1.1761185096513542,0.06105298754261565,0.06011209273489457,0.058935974225243215,0.0565837372059405,6
2017-03-27,-0.011050375804441398,0.9981109210151127,-0.011249997988644421,-0.012048486725456511,-0.013046597646471623,-0.015042819488501849,6
2017-04-25,0.042812005953622494,0.9386940404904476,0.042624267145524405,0.041873311913132046,0.0409346178726416,0.0390572297916607,6
2017-05-23,0.06436182438066701,1.0985729202923773,0.06414210979660853,0.06326325146037463,0.06216467854008226,0.0599675326994975,6
2017-06-21,-0.06575410036916537,0.9923076923076923,-0.06595256190762691,-0.06674640806147307,-0.06773871575378076,-0.06972333113839614,6
2017-07-20,0.07364585404503368,1.059853359269789,0.07343388337317973,0.07258600068576389,0.07152614732649411,0.06940644060795452,6
2017-08-17,-0.07740820638888117,1.1184618714378471,-0.07763189876316874,-0.07852666826031902,-0.07964513013175686,-0.08188205387463256,6
2017-09-15,0.0511274435192701,1.0587619940841209,0.05091569112045328,0.05006868152518598,0.049009919531101856,0.04689239554293362,6
2017-10-13,0.024296708396873,0.992603550295858,0.024098187686813828,0.02330410484657714,0.022311501296281285,0.020326294195689567,6
2017-11-10,-0.033477790455783536,1.1529304029304028,-0.033708376536369614,-0.03463072085871394,-0.035783651261644345,-0.038089512067505146,6
2017-12-11,-0.02202663561908353,1.0937235841081994,-0.02224538033590517,-0.02312035920319173,-0.024214082787299928,-0.026401529955516326,6
2018-01-10,0.04291393325039963,0.9810794461621185,0.04271771736116721,0.041932853804237516,0.0409517743580754,0.03898961546575116,6
2018-02-08,0.0036517085287486426,1.0565600215082673,0.003440396524446989,0.002595148507240375,0.0015385884857321078,-0.000574531557284427,6
2018-03-09,0.029347619089922675,1.0499507389162561,0.029137628942139424,0.02829766835100642,0.027247717612090164,0.02514781613425765,6
2018-04-09,-0.026611007899040837,1.1011363636363636,-0.02683123517176811,-0.0277121442626772,-0.028813280626313564,-0.031015553353586293,6
2018-05-07,0.026610478716008773,1.117987012987013,0.02638688131341137,0.02549249170302176,0.024374504690034746,0.02213853066406072,6
2018-06-05,-0.03277954226729439,1.0961730117600161,-0.03299877686964639,-0.033875715279054405,-0.03497188829081442,-0.03716423431433445,6
2018-07-03,0.01316077005383114,1.1760282381829343,0.012925564406194552,0.011984741815648205,0.010808713577465271,0.008456657101099403,6
2018-08-01,-0.011715040056830644,1.1204726826273785,-0.01193913459335612,-0.012835512739458023,-0.013955985422085402,-0.016196930787340157,6
2018-08-29,0.04704526569468343,1.1862745098039218,0.04680801079272265,0.04585899118487951,0.04467271667507559,0.04230016765546774,6
2018-09-27,0.042667433599119196,1.0333677330581355,0.04246076005250757,0.04163406586606106,0.040600698133002926,0.038533962666886655,6
2018-10-25,0.015163703424440428,1.1156174750601995,0.014940579929428387,0.014048085949380229,0.012932468474320028,0.010701233524199629,6
2018-11-23,0.10553454995530848,0.7697878416972663,0.10538059238696902,0.10476476211361122,0.10399497427191394,0.10245539858851942,6
2018-12-24,-0.15362009357492318,0.7348021215830274,-0.1537670539992398,-0.1543548956965062,-0.15508969781808923,-0.1565593020612553,6
2019-01-24,-0.07987955347961402,0.6770569174415328,-0.08001496486310233,-0.08055661039705556,-0.08123366731449709,-0.08258778114938015,6
2019-02-22,0.03615758799890252,0.8516999260901699,0.03598724801368449,0.035305888072812354,0.03445418814672218,0.03275078829454184,6
2019-03-22,-0.022708896424553093,1.0216258100873485,-0.022913221586570564,-0.023730522234640443,-0.02475214804472779,-0.026795399664902488,6
2019-04-22,0.04892589083469131,1.0634333615102847,0.04871320416238925,0.047862457473181026,0.04679902411167074,0.04467215738865017,6
2019-05-20,0.07964486619374717,1.0691391941391941,0.07943103835491933,0.07857572699960798,0.07750658780546878,0.07536830941719039,6
2019-06-18,0.058255276665234224,0.8732389405466326,0.058080628877124896,0.05738203772468759,0.05650879878414096,0.054762320903047695,6
2019-07-17,0.08235665190444766,0.8907185628742514,0.0821785081918728,0.08146593334157341,0.08057521477869915,0.07879377765295065,6
2019-08-14,-0.14342128552084668,1.0340034217279728,-0.14362808620519227,-0.14445528894257464,-0.14548929236430264,-0.14755729920775856,6
2019-09-12,0.0656141075479861,1.0703949244368407,0.06540002856309873,0.06454371262354927,0.06347331769911242,0.061332527850238745,6
2019-10-10,-0.10758833019251188,0.9130450849963044,-0.10777093920951114,-0.10850137527750818,-0.10941442036250448,-0.11124051053249709,6
2019-11-07,-0.005608283473892078,1.1446784922394677,-0.0058372191723399715,-0.0067529619661315455,-0.007897640458371014,-0.01018699744284995,6
2019-12-06,-0.06315880052840316,0.9860167944505294,-0.06335600388729326,-0.06414481732285368,-0.06513083411730422,-0.06710286770620527,6
2020-01-07,0.03487414151784913,0.9866529067767459,0.03467681093649378,0.03388748861107238,0.03290083570429564,0.030927529890742145,6
2020-02-05,0.08551367863594876,1.0742690058479534,0.08529882483477917,0.08443940963010081,0.08336514062425285,0.08121660261255695,6
2020-03-05,0.17349247507307672,1.1603058942356252,0.17326041389422958,0.1723321691788411,0.17117186328460546,0.16885125149613422,6
2020-04-02,-0.3014809009534081,1.069583724118029,-0.30169481769823175,-0.30255048467752615,-0.3036200684016442,-0.30575923584988024,6
2020-05-01,-0.09264567184402774,0.76019955654102,-0.09279771175533594,-0.09340587140056876,-0.09416607095710977,-0.09568647007019182,6
2020-06-01,-0.015482251056342659,0.8790152155536771,-0.015658054099453395,-0.016361266271896335,-0.017240281487450014,-0.018998311918557366,6
2020-06-29,0.08917398633884105,0.8383766233766232,0.08900631101416573,0.08833560971546442,0.0874972330920878,0.08582047984533456,6
2020-07-28,-0.021667206740146633,0.9812662337662337,-0.02186345998689988,-0.022648472973912866,-0.0236297392076791,-0.025592271675211567,6
2020-08-25,0.046115720450683816,0.9809979403361904,0.04591952086261658,0.04513472251034763,0.04415372457001143,0.042191728689339056,6
2020-09-23,0.0014642704142607786,0.9577436715168427,0.0012727216799574101,0.0005065267427439359,-0.00045121692877290683,-0.0023667042718065923,6
2020-10-21,-0.18645129309927516,0.9810643811042454,-0.186647505975496,-0.1874323574803794,-0.18841342186148366,-0.19037555062369213,6
2020-11-18,-0.0768813227045351,1.217142857142857,-0.07712475127596367,-0.07809846556167796,-0.07931560841882081,-0.08174989413310653,6
2020-12-17,-0.03528981912249652,1.1125440658049355,-0.035512327935657506,-0.03640236318830146,-0.03751490725410639,-0.039739995385716265,6
2021-01-19,-0.08456725658200459,1.2024432809773125,-0.08480774523820005,-0.0857696998629819,-0.08697214314395922,-0.08937702970591384,6
2021-02-17,0.013286706476676017,1.2751304687118958,0.013031680382933638,0.012011576007964122,0.010736445539252225,0.008186184601828433,6
2021-03-17,0.13925535206056008,1.384672405547585,0.13897841757945056,0.13787067965501248,0.1364860072494649,0.13371666243836974,6
2021-04-15,0.1329228750097023,1.1161166905786706,0.13269965167158657,0.1318067583191236,0.13069064162854496,0.1284584082473876,6
2021-05-13,-0.25779714869463477,1.0641591797370693,-0.25800998053058216,-0.25886130787437184,-0.2599254670541089,-0.26205378541358304,6
2021-06-11,0.05167632454600262,0.9985697322970637,0.051476610599543206,0.05067775481370556,0.04967918508140849,0.04768204561681437,6
2021-07-12,0.09236360613452536,0.9541042774228161,0.0921727852790408,0.09140950185710255,0.09045539757967973,0.0885471890248341,6
2021-08-09,0.016796985616380863,0.9934887577427693,0.01659828786483231,0.015803496858638095,0.014810008100895325,0.012823030585409786,6
2021-09-07,0.06854401527058075,0.9502041285722501,0.06835397444486631,0.0675938111420085,0.06664360701343625,0.06474319875629175,6
2021-10-05,-0.057968509051406804,1.0505581966775281,-0.05817862069074231,-0.05901906724808433,-0.06006962544476186,-0.06217074183811692,6
2021-11-02,0.12279818122035399,1.0813524918540678,0.12258191072198318,0.12171682872849993,0.12063547623664586,0.11847277125293772,6
2021-12-01,0.05212137893902744,1.1174616740558732,0.051897886604216265,0.05100391726497157,0.049886455590915695,0.04765153224280395,6
2021-12-30,0.16268732603111033,0.8753793825222398,0.16251225015460588,0.16181194664858808,0.16093656726606584,0.15918580850102138,6
2022-01-28,-0.04575681623450442,1.0957352171637886,-0.04597596327793718,-0.04685255145166821,-0.047948286668831996,-0.05013975710315958,6
2022-02-28,0.062119453125502974,0.7686312435999545,0.061965726876782985,0.06135082188190302,0.060582190638303064,0.059044928151103154,6
2022-03-28,0.16778332802136112,0.8213784542314335,0.16761905233051483,0.16696194956712967,0.16614057111289826,0.16449781420443538,6
2022-04-26,0.13172903763024144,0.9672657599309155,0.13153558447825525,0.13076177187031052,0.1297945061103796,0.12785997459051776,6
2022-05-24,-0.17706842837300868,0.74478349317059,-0.1772173850716428,-0.17781321186617927,-0.17855799535934985,-0.18004756234569103,6
2022-06-23,-0.02934457542985294,0.7393199651264167,-0.02949243942287822,-0.030083895394979354,-0.030823215360105773,-0.0323018552903586,6
2022-07-22,0.005295554389862561,0.5803760282021152,0.005179479184222137,0.004715178361660445,0.00413480233345833,0.0029740502770541,6
2022-08-19,0.0299511767686571,0.7891891891891892,0.02979333893081926,0.02916198757946791,0.02837279839027872,0.02679442001190034,6
2022-09-19,0.07182264106109744,0.7513513513513512,0.07167237079082717,0.07107128970974609,0.07031993835839474,0.06881723565569203,6
2022-10-17,-0.05128095470066278,0.6764076977904491,-0.05141623624022087,-0.05195736239845323,-0.052633770096243676,-0.05398658549182458,6
2022-11-14,0.024173084034825536,0.9135135135135135,0.023990381332122834,0.02325957052131202,0.022346057007798507,0.020519029980771483,6
2022-12-13,-0.041936597421973434,0.9243243243243244,-0.0421214622868383,-0.042860921746297756,-0.043785246070622084,-0.045633894719270734,6
2023-01-12,-0.05691694788017686,0.7976792009400706,-0.05707648372036487,-0.05771462708111693,-0.058512306282056996,-0.06010766468393714,6
2023-02-10,0.049485628021430694,0.8953877790834311,0.04930655046561401,0.04859024024234726,0.04769485246326383,0.04590407690509697,6
2023-03-13,0.0004409927896311637,0.8674269422665717,0.00026750740117784935,-0.00042643415263540795,-0.0012938610949019796,-0.003028714979435123,6
2023-04-11,0.05080638639401884,0.804068584713746,0.05064557267707609,0.05000231780930509,0.049198249224591345,0.047590112055163857,6
2023-05-09,-0.1005107958227491,0.9602441150828247,-0.10070284464576568,-0.10147103993783194,-0.10243128405291475,-0.1043517722830804,6
2023-06-07,-0.024824577435833384,0.9431424928662497,-0.025013205934406632,-0.025767719928699633,-0.026710862421565885,-0.028597147407298382,6
2023-07-07,-0.060063792125722854,1.0994877856579985,-0.060283689682854455,-0.061163279911380854,-0.062262767697038854,-0.06446174326835485,6
2023-08-04,0.05818361119879758,1.109760216143195,0.05796165915556894,0.057073850982654384,0.05596409076651119,0.0537445703342248,6
2023-09-01,0.12326634922373926,0.9704531346989447,0.12307225859679947,0.12229589608904032,0.12132544295434138,0.11938453668494348,6
2023-10-02,0.09052319426838284,0.9101123595505618,0.09034117179647273,0.08961308190883228,0.08870296954928172,0.0868827448301806,6
2023-10-30,-0.10296600712974248,0.8370786516853932,-0.10313342286007955,-0.10380308578142787,-0.10464016443311326,-0.10631432173648406,6
2023-11-28,-0.1520427926013081,0.9395484836121311,-0.1522307022980305,-0.15298234108492023,-0.15392188956853237,-0.1558009865357566,6
2006-01-12,-0.006373029597861932,1.0,-0.006573029597861932,-0.007373029597861932,-0.008373029597861932,-0.010373029597861932,7
2006-02-10,0.015969204603921455,1.2119792704803667,0.01572680874982538,0.014757225333441088,0.013545246062960722,0.011121287521999989,7
2006-03-13,-0.01758903599698465,1.0962394525280714,-0.017808283887490266,-0.018685275449512723,-0.019781514902040793,-0.021973993807096935,7
2006-04-10,0.033534655987167206,1.1550947708025272,0.0333036370330067,0.03237956121636468,0.031224466445562152,0.028914276903957096,7
2006-05-09,-0.006227050629304287,1.196680790960452,-0.006466386787496377,-0.007423731420264739,-0.008620412211225191,-0.011013773793146095,7
2006-06-07,0.04632356461001752,1.1399910118130459,0.046095566407654914,0.04518357359820448,0.044043582586391426,0.04176360056276534,7
2006-07-06,0.017921587664922467,0.8496103896103896,0.01775166558700039,0.017071977275312077,0.016222366885701688,0.014523146106480908,7
2006-08-03,-0.05462256703895488,0.9581493506493506,-0.05481419690908475,-0.055580716389604226,-0.05653886574025358,-0.05845516444155228,7
2006-08-31,-0.01600238156103736,1.0038236779453142,-0.016203146296626423,-0.017006205238982674,-0.018010028916927986,-0.020017676272818617,7
2006-09-29,-0.0568849918495951,1.0288248337028825,-0.05709075681633567,-0.05791381668329798,-0.05894264151700086,-0.06100029118440663,7
2006-10-27,-0.02552412043405758,1.121465428276574,-0.025748413519712892,-0.02664558586233415,-0.027767051290610727,-0.030009982147163876,7
2006-11-27,0.013415466883513015,1.0391853743782766,0.01320762980863736,0.012376281509134739,0.011337096134756463,0.009258725385999908,7
2006-12-26,0.010659377225066772,1.0792638362899474,0.010443524457808783,0.009580113388776824,0.008500849552486877,0.006342321879906982,7
2007-01-26,-0.024191987912481935,1.0390671716165039,-0.024399801346805236,-0.02523105508409844,-0.026270122255714942,-0.02834825659894795,7
2007-02-26,0.046954170183995794,1.1427255985267035,0.046725625064290455,0.04581144458546909,0.044668718986942385,0.04238326778988898,7
2007-03-26,0.005718138246856255,1.0422012354478498,0.005509697999766685,0.004675937011408405,0.0036337357759605557,0.0015493333050648561,7
2007-04-24,0.011475956939026793,0.9985150867189356,0.011276253921683006,0.010477441852307857,0.00947892676558892,0.0074818965921510504,7
2007-05-22,0.023140967162082866,1.1843408758302376,0.02290409898691682,0.02195662628625263,0.020772285410422392,0.018403603658761918,7
2007-06-20,0.0475146534382733,1.131261961049195,0.04728840104606346,0.046383391477224103,0.045252129516174903,0.04298960559407652,7
2007-07-19,0.03906205496950937,1.0941404930766634,0.03884322687089403,0.037967914476432704,0.03687377398335604,0.034685492997202715,7
2007-08-16,0.04377952910529641,1.254901960784314,0.04352854871313955,0.04252462714451209,0.04126972518372778,0.03875992126215915,7
2007-09-14,0.04647808501076473,0.9754901960784315,0.04628298697154905,0.0455025948146863,0.04452710461860787,0.042576124226451004,7
2007-10-12,0.11258212335584879,0.9586222393425784,0.11239039890798028,0.11162350111650621,0.11066487887716363,0.10874763439847847,7
2007-11-09,-0.014437227992808502,1.0371818746120423,-0.014644664367730912,-0.015474409867420545,-0.016511591742032587,-0.018585955491256672,7
2007-12-10,0.1522707796931682,0.9200186219739293,0.15208677596877343,0.15135076107119427,0.15043074244922036,0.14859070520527248,7
2008-01-09,-0.19090380907710172,0.9342317515795133,-0.19109065542741763,-0.19183804082868122,-0.19277227258026075,-0.19464073608341978,7
2008-02-07,0.1113066048924574,1.0173410404624277,0.11110313668436492,0.11028926385199497,0.10927192281153254,0.1072372407306077,7
2008-03-07,-0.030119066844460682,0.930635838150289,-0.03030519401209074,-0.03104970268261097,-0.03198033852076126,-0.03384161019706184,7
2008-04-07,0.04442750982514034,0.6671423599025409,0.044294081353159834,0.0437603674652378,0.04309322510533526,0.04175894038553018,7
2008-05-05,0.04563408827674213,0.9271145144448312,0.04544866537385316,0.0447069737622973,0.04377985924785247,0.041925630218962805,7
2008-06-03,0.2065028669390323,0.8117379698434457,0.20634051934506362,0.20569112896918887,0.2048793909993454,0.2032559150596585,7
2008-07-01,-0.12699076958446923,0.9030008453085376,-0.12717136975353094,-0.12789377042977776,-0.1287967712750863,-0.13060277296570338,7
2008-07-30,-0.044215060620505155,1.0814666103127641,-0.044431353942567704,-0.045296527230817916,-0.046377993841130685,-0.04854092706175621,7
2008-08-27,-0.01752397185251782,0.7501642935377875,-0.017674004711225377,-0.01827413614605561,-0.019024300439593394,-0.020524629026668968,7
2008-09-25,0.24482974755049317,0.8678036895231466,0.24465618681258855,0.24396194386097003,0.24309414017144687,0.24135853279240058,7
2008-10-23,0.2799955956095826,1.0499825965889316,0.2797855990902648,0.27894561301299364,0.27789563041640475,0.27579566522322685,7
2008-11-20,-0.5216649786989229,0.8548430981316888,-0.5218359473185492,-0.5225198217970546,-0.5233746648951862,-0.5250843510914497,7
2008-12-19,-0.022840971199071435,0.7509101585437463,-0.022991153230780183,-0.023591881357615183,-0.024342791516158927,-0.02584461183324642,7
2009-01-21,0.06884324022973194,0.6974750440399295,0.06870374522092396,0.06814576518569201,0.06744829014165209,0.06605334005357222,7
2009-02-19,-0.09970268846482447,0.6424516129032259,-0.09983117878740512,-0.1003451400777277,-0.10098759169063092,-0.10227249491643738,7
2009-03-19,-0.30140073797181755,0.6700653072104492,-0.30153475103325966,-0.302070803279028,-0.30274086858623844,-0.30408099920065934,7
2009-04-17,-0.167581504086982,0.6722719141323793,-0.16771595846980847,-0.16825377600111438,-0.16892604791524676,-0.1702705917435115,7
2009-05-15,-0.13836271745907258,0.7530832476875642,-0.13851333410861008,-0.13911580070676013,-0.13986888395444771,-0.14137505044982285,7
2009-06-15,0.10813494718887455,0.7391572456320659,0.10798711573974813,0.10739578994324249,0.10665663269761042,0.10517831820634628,7
2009-07-14,-0.21735983011206622,0.5688453159041393,-0.21747359917524706,-0.21792867542797037,-0.2184975207438745,-0.2196352113756828,7
2009-08-11,-0.04750293416352508,0.8825282631038026,-0.04767943981614584,-0.04838546242662888,-0.049267990689732685,-0.05103304721594029,7
2009-09-09,-0.0658237910275128,0.9474820143884892,-0.0660132874303905,-0.0667712730419013,-0.06771875505628978,-0.06961371908506676,7
2009-10-07,0.056414461485270864,1.3417266187050358,0.056146116161529855,0.05507273486656583,0.05373100824786079,0.05104755501045072,7
2009-11-04,-0.023225913901453888,1.2224465675169902,-0.023470403214957285,-0.02444836046897088,-0.02567080703648787,-0.02811570017152185,7
2009-12-03,-0.07035756928364692,1.2574608490101449,-0.07060906145344895,-0.07161503013265706,-0.0728724909816672,-0.0753874126796875,7
2010-01-04,-0.036331042827767834,1.1393587617468215,-0.036558914580117195,-0.03747040158951465,-0.03860976035126148,-0.04088847787475512,7
2010-02-02,0.008285043139240176,1.2542046605876394,0.008034202207122648,0.007030838478652536,0.005776633818064897,0.003268224496889618,7
2010-03-03,-0.005761451576258493,1.1686423505572443,-0.005995180046369942,-0.006930093926815737,-0.008098736277372981,-0.01043602097848747,7
2010-03-31,0.002970214753969751,1.1723970473970473,0.002735735344490341,0.0017978177065727035,0.0006254206591756561,-0.0017193734356184386,7
2010-04-29,0.05460872545106312,1.1270454127596985,0.05438331636851118,0.05348168003830342,0.052354634625543725,0.05010054380002433,7
2010-05-27,0.0389976154453389,1.173076923076923,0.038763000060723515,0.037824538522261975,0.03665146159918505,0.03430530775303121,7
2010-06-25,-0.024863955389080705,0.9615384615384615,-0.025056263081388398,-0.025825493850619167,-0.02678703231215763,-0.02871010923523455,7
2010-07-26,0.06245317604170249,0.8850586033684624,0.062276164321028796,0.06156811743833403,0.06068305883496556,0.05891294162822864,7
2010-08-23,-0.058196895881843805,0.9973406874815325,-0.05839636401934011,-0.059194236569325334,-0.06019157725680687,-0.062186258631769936,7
2010-09-21,-0.02697492409158386,1.0047385620915033,-0.02717587180400216,-0.027979662653675363,-0.028984401215766866,-0.030993878339949873,7
2010-10-19,-0.00672426550871388,1.0999682640431607,-0.006944259161522512,-0.00782423377275704,-0.008924202036800201,-0.011124138564886523,7
2010-11-16,-0.02846557280116653,1.13134049049542,-0.028691840899265613,-0.02959691329166195,-0.03072825378215737,-0.03299093476314821,7
2010-12-15,-0.059470672201397165,1.1176007091500049,-0.05969419234322717,-0.06058827291054717,-0.06170587361969718,-0.06394107503799719,7
2011-01-13,0.025584802533532215,1.0939334637964775,0.02536601584077292,0.024490869069735736,0.02339693560593926,0.021209068678346307,7
2011-02-11,0.03133736341718736,1.1610590182018754,0.031105151613546985,0.030176304398985485,0.02901524538078361,0.02669312734437986,7
2011-03-14,0.002249514705811733,1.234563123495012,0.0020026020811127307,0.001014951582316721,-0.00021961154117829118,-0.0026887377881683154,7
2011-04-11,-0.0024556859905021946,1.017672858617131,-0.002659220562225621,-0.0034733588491193254,-0.004491031707736457,-0.006526377424970718,7
2011-05-10,0.057069505522187786,1.2176600441501104,0.05682597351335776,0.055851845478037676,0.05463418543388757,0.05219886534558735,7
2011-06-08,-0.03150179852203229,1.105055928411633,-0.031722809707714614,-0.03260685445044392,-0.033711910378855556,-0.03592202223567882,7
2011-07-07,0.06063240524343313,0.9934640522875816,0.060433712432975614,0.059638941191145545,0.05864547713885797,0.0566585490342828,7
2011-08-04,0.03759514794673357,1.156862745098039,0.03736377539771396,0.03643828520163553,0.03528142245653749,0.032967696966341414,7
2011-09-01,0.11406611180222824,0.8227901131126938,0.1139015537796057,0.11324332168911555,0.11242053157600285,0.11077495134977747,7
2011-09-30,-0.2532777429340908,0.7767909509844994,-0.2534331011242877,-0.25405453388507526,-0.2548313248360598,-0.2563849067380288,7
2011-10-28,0.09653570721259992,0.8473115273506663,0.09636624490712979,0.09568839568524926,0.09484108415789859,0.09314646110319726,7
2011-11-28,0.021782780362507897,0.9363060292610195,0.021595519156655692,0.020846474333246878,0.019910168303985856,0.01803755624546382,7
2011-12-27,-0.15459836273094812,0.746454933954934,-0.1547476537177391,-0.15534481766490305,-0.156091272598858,-0.15758418246676786,7
2012-01-26,-0.02947928594606369,0.9840229215229215,-0.029676090530368276,-0.03046330886758661,-0.03144733178910954,-0.03341537763215538,7
2012-02-24,0.03799595196524296,1.0117619272555503,0.03779359957979185,0.03698419003798741,0.03597242811073186,0.03394890425622076,7
2012-03-23,0.0857066236029908,0.9170596771267912,0.08552321166756545,0.08478956392586401,0.08387250424873723,0.08203838489448365,7
2012-04-23,0.07193144840669513,1.0316978051877381,0.07172510884565758,0.0708997506015074,0.06986805279631965,0.06780465718594418,7
2012-05-21,0.03317145512817925,1.004613442113442,0.03297053243975656,0.0321668416860658,0.031162228243952362,0.02915300135972548,7
2012-06-19,0.018645805121952755,0.8162878787878787,0.018482547546195178,0.017829517243164877,0.017013229364377,0.01538065360680124,7
2012-07-18,-0.07238908051918105,0.9202898550724639,-0.07257313849019555,-0.07330937037425352,-0.07422966022932598,-0.07607023993947092,7
2012-08-15,-0.05029628487080845,1.1231884057971016,-0.05052092255196787,-0.05141947327660555,-0.05254266168240265,-0.054789038493996856,7
2012-09-13,0.05225755093427917,0.9982545223738495,0.0520579000298044,0.05125929641190532,0.05026104188953147,0.04826453284478377,7
2012-10-11,0.037098603534695976,1.0629496402877698,0.03688601360663842,0.03603565389440821,0.03497270425412043,0.0328468049735449,7
2012-11-12,-0.047715216910785105,1.0124357656731755,-0.04791770406391974,-0.04872765267645828,-0.04974008844213146,-0.051764959973477805,7
2012-12-11,-0.01942286527340724,0.9229042756144091,-0.01960744612853012,-0.020345769549021647,-0.021268673824636056,-0.023114482375864876,7
2013-01-10,0.001449945628332811,1.033241406480843,0.0012432973470366422,0.00041670422185196773,-0.0006165371846288755,-0.002683019997590562,7
2013-02-08,0.04425280378195334,1.0261494252873562,0.04404757389689587,0.043226654356665985,0.04220050493137863,0.04014820608080392,7
2013-03-11,0.023875165947149477,1.1533194268093596,0.023644502061787604,0.02272184652034012,0.021568527093530757,0.01926188823991204,7
2013-04-09,0.017934713872021387,1.1197623798294938,0.01771076139605549,0.016814951492191893,0.0156951891123624,0.01345566435270341,7
2013-05-07,-0.01126792519002513,1.1859507829977627,-0.011505115346624684,-0.012453875973022893,-0.013639826756020657,-0.01601172832201618,7
2013-06-05,0.02441765407435177,1.1257270693512305,0.024192508660481525,0.023291927005000542,0.022166199935649313,0.01991474579694685,7
2013-07-03,-0.01864173563775234,1.1611917494270436,-0.018873973987637748,-0.019802927387179384,-0.020964119136606427,-0.023286502635460515,7
2013-08-01,-0.004153365155624722,1.2267209914268737,-0.004398709353910097,-0.005380086147051596,-0.006606807138478469,-0.009060249121332218,7
2013-08-29,0.01908561909518952,1.1315673289183223,0.018859305629405857,0.017954051766271198,0.016822484437352875,0.014559349779516232,7
2013-09-27,0.04203581965863339,1.0705624355005159,0.04182170717153329,0.04096525722313288,0.039894694787632363,0.03775356991663133,7
2013-10-25,0.011495807357733694,1.1612903225806452,0.011263549293217564,0.010334517035153049,0.009173226712572403,0.0068506460674111124,7
2013-11-22,-0.028587300068450772,1.210170807453416,-0.028829334229941456,-0.02979747087590419,-0.031007641683357606,-0.033427983298264435,7
2013-12-23,-0.01603829891100776,1.1100375738056898,-0.016260306425768898,-0.01714833648481345,-0.01825837405861914,-0.02047844920623052,7
2014-01-23,0.010289285156877648,1.1225749559082892,0.01006477016569599,0.009166710200969359,0.00804413524506107,0.0057989853332444915,7
2014-02-21,-0.01289916457136682,1.1953949244368407,-0.013138243556254188,-0.01409455949580366,-0.0152899544202405,-0.01768074426911418,7
2014-03-21,-0.016684414126692526,1.1835970915312233,-0.01692113354499877,-0.017868011218223748,-0.019051608309754973,-0.02141880249281742,7
2014-04-21,0.029395169089026958,1.2729184488166525,0.02914058539926363,0.028122250640210306,0.026849332191393654,0.024303495293760347,7
2014-05-19,-0.07514621807007638,1.070088738186278,-0.07536023581771363,-0.07621630680826265,-0.07728639554644894,-0.0794265730228215,7
2014-06-17,0.05841765044061243,1.10169992609017,0.0581973104553944,0.05731595051452226,0.05621425058843209,0.05401085073625175,7
2014-07-16,-0.05355302117479732,1.0290835181079085,-0.053758837878418904,-0.05458210469290523,-0.055611188211013136,-0.05766935524722896,7
2014-08-13,-0.021759128619473905,1.0349963045084996,-0.021966127880375604,-0.022794124923982403,-0.023829121228490905,-0.025899113837507905,7
2014-09-11,0.11281984853003428,0.9363162334176828,0.11263258528335074,0.1118835322966166,0.11094721606319892,0.10907458359636354,7
2014-10-09,0.005570386623626282,0.9981918238993711,0.005370748258846408,0.0045721947997269105,0.0035740029758275396,0.0015776193280287974,7
2014-11-06,0.09217348039764409,0.9617147080561715,0.09198113745603285,0.09121176568958791,0.09025005098153174,0.0883266215654194,7
2014-12-05,0.011898397379354927,1.022690317812269,0.011693859315792473,0.010875707061542658,0.009853016743730389,0.007807636108105851,7
2015-01-06,-0.006746997886585143,0.9804138950480414,-0.006943080665594751,-0.007727411781633184,-0.008707825676681226,-0.010668653466777308,7
2015-02-04,-0.03707358642510989,1.035070214338507,-0.03728060046797759,-0.038108656639448395,-0.039143726853786906,-0.04121386728246392,7
2015-03-05,0.037703228446488615,1.0953267615918216,0.03748416309417025,0.03660790168489679,0.03551257492330497,0.03332192140012133,7
2015-04-02,-0.08443261901490828,1.040257819103973,-0.08464067057872908,-0.08547287683401225,-0.08651313465311623,-0.08859365029132418,7
2015-05-01,0.05593494610225686,1.0698788391096083,0.05572097033443494,0.05486506726314725,0.053795188424037646,0.05165543074581843,7
2015-06-01,0.04682330002898836,0.99841281292836,0.046623617466402686,0.04582488721606,0.04482647440313164,0.042829648777274916,7
2015-06-29,0.13489529007576542,0.9986060111519108,0.13469556887353504,0.13389668406461352,0.1328980780534616,0.13090086603115778,7
2015-07-28,0.09044535666102445,0.9695022439820482,0.09025145621222803,0.0894758544170424,0.08850635217306035,0.08656734768509626,7
2015-08-25,0.012432077428376615,0.9744083262047334,0.012237195763135669,0.011457669102171882,0.010483260775967148,0.008534444123557682,7
2015-09-23,-0.024685513533744558,0.7591246079270032,-0.024837338455329958,-0.025444638141671562,-0.026203762749598566,-0.02772201196545257,7
2015-10-21,-0.0033075508228586374,0.9192040890836071,-0.0034913916406753586,-0.004226754911942245,-0.005145959001025852,-0.006984367179193066,7
2015-11-18,0.03384370762693856,0.9920988513748694,0.03364528785666358,0.03285160877556369,0.03185950992418882,0.02987531222143908,7
2015-12-17,0.1296006969515727,0.9803689523146537,0.12940462316110976,0.12862032799925804,0.1276399590469434,0.12567922114231408,7
2016-01-19,-0.08271794263115945,0.7897650755648661,-0.08287589564627242,-0.08350770770672432,-0.08429747278228918,-0.0858770029334189,7
2016-02-17,-0.08754350748419328,0.7525437677689661,-0.08769401623774707,-0.08829605125196224,-0.08904859501973121,-0.09055368255526915,7
2016-03-16,-0.1208048266873134,0.6270833333333334,-0.12093024335398007,-0.12143191002064674,-0.12205899335398007,-0.12331316002064674,7
2016-04-14,0.06545128753160505,0.8854559748427674,0.06527419633663649,0.06456583155676228,0.06368037558191951,0.06190946363223398,7
2016-05-12,-0.07299067256621158,0.9665487421383647,-0.07318398231463925,-0.07395722130834995,-0.07492377005048831,-0.07685686753476505,7
2016-06-10,0.0011685331162299426,0.8073853100056438,0.0010070560542288138,0.0003611478062242987,-0.00044623750378134514,-0.002061008123792633,7
2016-07-11,-0.08825337833738484,0.9921068382462966,-0.0884517997050341,-0.08924548517563113,-0.09023759201387743,-0.09222180569037003,7
2016-08-08,0.0082775141455058,1.151354182253479,0.008047243309055103,0.007126159963252321,0.005974805780998842,0.0036720974164918836,7
2016-09-06,-0.036647245079043364,1.004580745341615,-0.03684816122811169,-0.03765182582438498,-0.0386564065697266,-0.04066556806040982,7
2016-10-04,0.06696883375580376,1.0484860248447205,0.06675913655083482,0.06592034773095903,0.06487186170611432,0.06277488965642487,7
2016-11-01,-0.03565146685820596,1.0418090062111802,-0.035859828659448194,-0.03669327586441714,-0.03773508487062832,-0.03981870288305068,7
2016-11-30,0.017731299059718163,1.2286112077967282,0.017485576818158818,0.016502687851921435,0.015274076644124706,0.01281685422853125,7
2016-12-29,-0.015116305998275605,1.056643546851625,-0.01532763470764593,-0.01617294954512723,-0.017229593091978856,-0.019342880185682105,7
2017-01-30,-0.03453124841975512,1.1325989392084863,-0.034757768207596816,-0.03566384735896361,-0.036796446298172095,-0.03906164417658907,7
2017-02-28,0.030612747662935827,1.101847745750185,0.03039237811378579,0.029510899917185644,0.028409052171435457,0.026205356679935086,7
2017-03-28,-0.00904599057083895,1.136678450328259,-0.009273326260904602,-0.010182669021167209,-0.011319347471495468,-0.013592704372151985,7
2017-04-26,0.04733400353718091,1.0106413678666764,0.04713187526360758,0.046323362169314236,0.045312720801447555,0.043291438065714206,7
2017-05-24,0.048651736732877725,1.1340758788722587,0.048424921557103276,0.04751766085400547,0.04638358497513321,0.04411543321738869,7
2017-06-22,-0.03869971798041247,0.9981552384267316,-0.038899349028097815,-0.0396978732188392,-0.04069602845726593,-0.042692338934119396,7
2017-07-21,0.0678697240042534,1.0045638186443215,0.06766881124052453,0.06686516018560908,0.06586059636696476,0.0638514687296761,7
2017-08-18,-0.06604949379673328,1.1427025467138012,-0.06627803430607604,-0.06719219634344707,-0.06833489889016088,-0.07062030398358848,7
2017-09-18,0.04853090556699303,1.0707380419883124,0.048316757958595365,0.04746016752500472,0.0463894294830164,0.04424795339903978,7
2017-10-16,0.03979266101830386,1.0045811990476876,0.03959174477849432,0.03878807981925617,0.03778349862020848,0.03577433622211311,7
2017-11-13,-0.0572598589747124,1.1556886227544911,-0.057490996699263296,-0.05841554759746689,-0.05957123622022138,-0.06188261346573036,7
2017-12-12,-0.060726946822244714,1.0817836010143702,-0.06094330354244759,-0.06180873042325909,-0.06289051402427345,-0.0650540812263022,7
2018-01-11,0.05785245790450194,1.056627234843393,0.057641132457533266,0.05679583066965855,0.05573920343481516,0.05362594896512837,7
2018-02-09,-0.027908118086872453,1.1667226777792714,-0.028141462622428306,-0.029074840764651725,-0.030241563442430997,-0.03257500879798954,7
2018-03-12,0.016288603574321776,1.050049261083744,0.016078593722105027,0.015238554313238032,0.014188505052154288,0.0120884065299868,7
2018-04-10,-0.003319524138755444,1.095960591133005,-0.003538716256982045,-0.004415484729888449,-0.0055114453210214544,-0.007703366503287465,7
2018-05-08,0.009100541170998747,1.2161576354679804,0.00885730964390515,0.007884383535530766,0.006668225900062786,0.004235910629126825,7
2018-06-06,-0.010145453577495904,1.1078998073217727,-0.010367033538960258,-0.011253353384817677,-0.01236125319213945,-0.014577052806782995,7
2018-07-05,0.02230875987101994,1.1267846058348852,0.022083402949852966,0.021181975265185057,0.020055190659350172,0.0178016214476804,7
2018-08-02,0.0038408919485818887,1.05983860955928,0.003628924226670033,0.002781053339022609,0.0017212147294633287,-0.0003984624896552313,7
2018-08-30,0.04069731111242743,1.104559693699965,0.040476399173687436,0.039592751418727465,0.0384881917250275,0.03627907233762757,7
2018-09-28,0.022401424023727474,1.0334709322325422,0.022194729837280967,0.02136795309149493,0.02033448215926239,0.018267540294797307,7
2018-10-26,-0.010478986494912393,1.1157550739594082,-0.010702137509704274,-0.0115947415688718,-0.01271049664283121,-0.014942006790750025,7
2018-11-26,0.09513466820780635,0.7788722589627567,0.0949788937560138,0.0943557959488436,0.09357692368988084,0.09201917917195532,7
2018-12-26,-0.13368163517173098,0.737626174730247,-0.13382916040667703,-0.13441926134646123,-0.13515688752119148,-0.13663213987065198,7
2019-01-25,-0.06725176043454667,0.6947379543533388,-0.06739070802541734,-0.0679464983889,-0.06864123634325335,-0.07003071225196003,7
2019-02-25,0.06113578343340528,0.8396526237989652,0.06096785290864549,0.060296130809606316,0.059456478185807356,0.05777717293820942,7
2019-03-25,-0.04474516050141331,0.9265285996055227,-0.04493046622133442,-0.045671689101018834,-0.04659821770062436,-0.0484512748998354,7
2019-04-23,0.05253641129916905,0.986052409129332,0.05233920081734318,0.05155035889003972,0.050564306480910384,0.04859220166265172,7
2019-05-21,0.100172163616185,1.075091575091575,0.09995714530116669,0.09909707204109343,0.09802198046600186,0.0958717973158187,7
2019-06-19,0.06989707173162564,1.0340236686390534,0.06969026699789783,0.06886304806298658,0.06782902439434753,0.06576097705706943,7
2019-07-18,0.10505110146690878,0.904191616766467,0.10487026314355549,0.10414690985014231,0.10324271823337584,0.10143433499984292,7
2019-08-15,-0.17302546313550313,0.920337895637297,-0.17320953071463058,-0.17394580103114043,-0.17486613892677771,-0.1767068147180523,7
2019-09-13,0.06255541986037913,1.040347875677217,0.062347350285243686,0.061515071984701915,0.06047472410902469,0.05839402835767026,7
2019-10-11,-0.07865794969709661,0.8818270237917103,-0.07883431510185494,-0.07953977672088831,-0.08042160374468003,-0.08218525779226345,7
2019-11-08,-0.004887280250664729,1.2067185395780338,-0.005128623958580336,-0.006093998790242763,-0.007300717329820797,-0.009714154408976865,7
2019-12-09,-0.03878813385290652,0.9981745162468054,-0.03898776875615588,-0.039786308369153325,-0.04078448288540013,-0.04278083191789374,7
2020-01-08,0.03171328196463579,1.0411764705882354,0.03150504667051814,0.030672105494047554,0.029630929023459318,0.02754857608228285,7
2020-02-06,0.06526806072705527,1.1352941176470588,0.06504100190352585,0.06413276660940821,0.06299747249176114,0.06072688425646703,7
2020-03-06,0.17117124004193315,1.1902460139961044,0.17093319083913394,0.16998099402793704,0.16879074801394095,0.16641025598594875,7
2020-04-03,-0.3430016555900177,1.009306687829161,-0.34320351692758355,-0.3440109622778469,-0.34502026896567606,-0.34703888234133434,7
2020-05-04,-0.12270491901478787,0.7097860242406104,-0.122846876219636,-0.12341470503902849,-0.1241244910632691,-0.12554406311175031,7
2020-06-02,0.03765151381028134,0.8908495350803043,0.03747334390326528,0.036760664275201034,0.03586981474012073,0.034088115669960124,7
2020-06-30,0.07653900496834612,0.8279404211607602,0.07637341688411396,0.07571106454718536,0.0748831241260246,0.07322724328370307,7
2020-07-29,0.0036085891763595777,0.9190100154083205,0.0034247871732779136,0.002689579160951257,0.0017705691455429367,-6.745088527370432e-05,7
2020-08-26,0.025406931920262426,0.9984054215666733,0.02520725083594909,0.02440852649869575,0.02341012107712908,0.02141331023399573,7
2020-09-24,-0.03009706123225407,0.9693375855424888,-0.03029092874936257,-0.03106639881779656,-0.03203573640333905,-0.033974411574424025,7
2020-10-22,-0.16060557088744457,0.9868447279250548,-0.16080293983302957,-0.16159241561536963,-0.16257926034329467,-0.16455294979914478,7
2020-11-19,-0.07273509664987578,1.1522727272727271,-0.07296555119533032,-0.0738873693771485,-0.07503964210442123,-0.07734418755896669,7
2020-12-18,-0.052365707769209145,1.1405024946543123,-0.05259380826814001,-0.05350621026386346,-0.05464671275851777,-0.056927717747826394,7
2021-01-20,-0.0929867880345407,1.2013439119170983,-0.09322705681692413,-0.09418813194645781,-0.0953894758583749,-0.0977921636822091,7
2021-02-18,0.04852058400979389,1.329512754231088,0.04825468145894768,0.04719107125556281,0.045861558501331716,0.04320253299286954,7
2021-03-18,0.12059611674799729,1.401332946971892,0.12031585015860291,0.1191947838010254,0.1177934508540535,0.11499078496010973,7
2021-04-16,0.0905574125821148,1.1659180913744809,0.0903242289638399,0.08939149449074033,0.08822557639936585,0.08589374021661689,7
2021-05-14,-0.2311331627839438,1.1001128031584884,-0.2313531853445755,-0.2322332755871023,-0.23333338839026077,-0.23553361399657777,7
2021-06-14,0.08726935959605202,1.0562554537521816,0.08705810850530159,0.08621310414229984,0.08515684868854766,0.0830443377810433,7
2021-07-13,0.07668524307670448,0.9738436530220186,0.07649047434610007,0.07571139942368246,0.07473755577066044,0.07278986846461641,7
2021-08-10,0.020491211551182015,0.9685729767006551,0.020297496955841883,0.01952263857448136,0.018554065597780705,0.016616919644379394,7
2021-09-08,0.05745198258290136,0.9714795008912656,0.0572576866827231,0.056480503082010095,0.055509023581118824,0.0535660645793363,7
2021-10-06,-0.07558396658395324,1.0194434058009723,-0.07578785526511343,-0.0766034099897542,-0.07762285339555518,-0.07966174020715712,7
2021-11-03,0.13599320585060973,1.1227498531061375,0.1357686558799885,0.13487045599750358,0.13374770614439746,0.13150220643818517,7
2021-12-02,0.08769386281894197,1.1013745704467355,0.08747358790485261,0.08659248824849523,0.0854911136780485,0.08328836453715502,7
2021-12-31,0.10652002371324629,0.8388051810732224,0.10635226267703164,0.10568121853217306,0.10484241335109984,0.10316480298895339,7
2022-01-31,0.046359189689078734,1.0035157282579963,0.046158486543427135,0.045355673960820735,0.04435215823256274,0.04234512677604675,7
2022-03-01,0.0013442767459845625,0.7620320855614973,0.001191870328872263,0.0005822446604230652,-0.0001797874251384321,-0.0017038515962614267,7
2022-03-29,0.22769695383220587,0.8214863989637305,0.22753265655241312,0.22687546743324213,0.2260539810342784,0.22441100823635093,7
2022-04-27,0.10512210820536783,0.8474201208981003,0.10495262418118821,0.10427468808446973,0.10342726796357163,0.10173242772177543,7
2022-05-25,-0.1619669649391791,0.6774193548387097,-0.16210244881014682,-0.16264438429401779,-0.1633218036488565,-0.16467664235853394,7
2022-06-24,-0.004973609295622649,0.7419354838709677,-0.005121996392396843,-0.005715544779493617,-0.006457480263364585,-0.00794135123110652,7
2022-07-25,-0.0008960539196289615,0.5749412455934195,-0.0010110421687476454,-0.001470995165222381,-0.0020459364108158006,-0.0031958189020026397,7
2022-08-22,0.029002333537357643,0.722929380993897,0.028857747661158863,0.028279404156363746,0.02755647477536985,0.026110616013382056,7
2022-09-20,0.05291687316843141,0.6851206044754432,0.05277984904753632,0.052231752563955965,0.051546631959480525,0.05017639075052964,7
2022-10-18,-0.07386426963600114,0.6526751936588002,-0.07399480467473289,-0.07451694482965994,-0.07516962002331874,-0.07647497041063633,7
2022-11-15,0.04788541715307823,0.9012786980528917,0.04770516141346765,0.04698413845502534,0.04608285975697245,0.044280302360866663,7
2022-12-14,-0.04801171131580437,0.8688753269398432,-0.048185486381192334,-0.04888058664274421,-0.04974946196968406,-0.05148721262356374,7
2023-01-13,-0.05765979026319798,0.83572267920094,-0.057826934799038165,-0.05849551294239892,-0.05933123562159986,-0.06100268098000174,7
2023-02-13,0.06212274550955868,0.9061985898942421,0.06194150579157983,0.06121654691966444,0.0603103483297702,0.058497951149981714,7
2023-03-14,0.019565819539030103,0.9496180963572267,0.01937589591975866,0.018616201442672876,0.01766658334631565,0.015767347153601195,7
2023-04-12,0.032042523931398934,0.7811104582843713,0.03188630183974206,0.03126141347311456,0.03048030301483019,0.02891808209826145,7
2023-05-10,-0.08407194556164019,0.9599001175088132,-0.08426392558514195,-0.085031845679149,-0.08599174579665782,-0.08791154603167545,7
2023-06-08,-0.039357750592657184,0.9266286199987857,-0.03954307631665694,-0.04028437921265597,-0.04121100783265476,-0.043064265072652326,7
2023-07-10,-0.008235626005601817,0.9825227963525837,-0.008432130564872334,-0.009218148801954401,-0.010200671598306985,-0.012165717191012152,7
2023-08-07,0.03812252465659453,1.1044129235618598,0.03790164207188215,0.03701811173303267,0.035913698809470804,0.03370487296234709,7
2023-09-05,0.11460977061138203,0.9424270639354438,0.11442128519859494,0.11366734354744658,0.11272491648351114,0.11084006235564026,7
2023-10-03,0.07179985971150522,0.9253342539702467,0.07161479286071118,0.07087452545753498,0.06994919120356473,0.06809852269562423,7
2023-10-31,-0.10193641431592965,0.9026740317619735,-0.10211694912228204,-0.10283908834769162,-0.1037417623794536,-0.10554711044297754,7
2023-11-29,-0.1470772136993678,0.9103767169862642,-0.14725928904276506,-0.14798759041635406,-0.14889796713334033,-0.15071872056731286,7
2006-01-13,0.004199458431174566,1.0,0.0039994584311745665,0.003199458431174566,0.002199458431174566,0.00019945843117456612,8
2006-02-13,0.017450499990412635,1.171616503886785,0.01721617668963528,0.01627888348652585,0.015107266982639065,0.012764033974865495,8
2006-03-14,-0.007055026939164893,1.1194605009633911,-0.007278919039357572,-0.008174487440128284,-0.009293947941091675,-0.011532868943018457,8
2006-04-11,0.03882839599827235,1.130987974220982,0.03860219840342815,0.03769740802405137,0.036566420049830385,0.03430444410138842,8
2006-05-10,-0.0297937887662084,1.1965844889573705,-0.030033105663999873,-0.030990373255165772,-0.03218695774412314,-0.034580126722037884,8
2006-06-08,0.04052240895390751,1.2251540832049308,0.04027737813726653,0.03929725487070258,0.03807210078749765,0.03562179262108779,8
2006-07-07,0.019758955182811316,0.8373399014778324,0.01959148720251575,0.018921615281333484,0.01808427537985565,0.016409595576899985,8
2006-08-04,-0.047418711560829024,0.9635139573070608,-0.04761141435229044,-0.048382225518136084,-0.04934573947544314,-0.05127276739005727,8
2006-09-01,-0.008791748553552926,0.9740518962075849,-0.008986558932794443,-0.009765800449760512,-0.010739852345968096,-0.012687956138383265,8
2006-10-02,-0.06909077569229448,0.9316538882803942,-0.06927710646995056,-0.07002242958057488,-0.07095408346885526,-0.07281739124541606,8
2006-10-30,-0.019345701414597852,1.098108015135879,-0.01956532301762503,-0.02044380942973373,-0.02154191744486961,-0.02373813347514137,8
2006-11-28,0.004812453449629801,0.9753504750514916,0.004617383354619502,0.003837102974578309,0.0028617524995268174,0.0009110515494238341,8
2006-12-27,0.010049690299624584,1.0675702611122184,0.00983617624740214,0.008982120038512365,0.007914549777400148,0.00577940925517571,8
2007-01-29,-0.01365678785680997,1.10183908045977,-0.013877155672901924,-0.01475862693726974,-0.01586046601772951,-0.01806414417864905,8
2007-02-27,0.04688024262289804,1.0867281889381337,0.04666289698511041,0.04579351443395991,0.04470678624502177,0.0425333298671455,8
2007-03-27,0.0055833687608693,0.9764907223923618,0.005388070616390827,0.004606878038476938,0.003630387316084576,0.0016774058712998524,8
2007-04-25,0.011163628677106937,0.998648892091515,0.010963898898688634,0.010164979785015422,0.009166330892923907,0.0071690331087408765,8
2007-05-23,0.028878376413637937,1.2160869075762695,0.028635159032122683,0.027662289506061668,0.0264462025984854,0.02401402878333286,8
2007-06-21,0.03901614989601771,1.1684678599572216,0.038782456324026264,0.03784768203606049,0.036679214176103266,0.03434227845618883,8
2007-07-20,0.02244765047312538,1.0835303388494877,0.02223094440535548,0.02136412013427589,0.020280589795426403,0.018113529117727428,8
2007-08-17,0.036283695563665265,1.3247454416291735,0.03601874647533943,0.03495895012203609,0.03363420468040692,0.03098471379714857,8
2007-09-17,0.0550961146466179,1.0565711579445891,0.05488480041502898,0.05403954348867331,0.05298297233072872,0.050869830014839544,8
2007-10-15,0.07385404027779016,0.9643040575243964,0.07366117946628528,0.07288973622026576,0.07192543216274137,0.06999682404769257,8
2007-11-12,0.027248375701340675,1.0818746120422098,0.02703200077893223,0.026166501089298466,0.025084626477256254,0.022920877253171837,8
2007-12-11,0.13024438606146613,0.9925201738050901,0.1300458820267051,0.12925186588766105,0.12825934571385594,0.12627430536624576,8
2008-01-10,-0.15331671748302067,0.9476744186046511,-0.1535062523667416,-0.15426439190162533,-0.15521206632022996,-0.15710741515743928,8
2008-02-08,0.11583923713230948,0.9745933593224894,0.11564431846044498,0.114864643772987,0.1138900504136645,0.11194086369501953,8
2008-03-10,-0.03535007626033771,0.8990119639736524,-0.03552987865313244,-0.03624908822431136,-0.037148100188285016,-0.03894612411623232,8
2008-04-08,0.02272711622488494,0.6592349957734573,0.022595269225730248,0.02206788122911148,0.021408646233338026,0.02009017624179111,8
2008-05-06,0.0692534375242494,0.8374542124542125,0.06908594668175855,0.06841598331179519,0.06757852909934096,0.06590362067443255,8
2008-06-04,0.19385680195266128,0.7984665936473165,0.1936971086339318,0.19305833535901396,0.19225986876536663,0.190662935578072,8
2008-07-02,-0.14066969798715853,0.932207014542344,-0.140856139390067,-0.1416019050017009,-0.14253411201624322,-0.1443985260453279,8
2008-07-31,-0.0681551379287516,1.028015397775877,-0.06836074100830677,-0.06918315332652747,-0.07021116872430334,-0.07226719951985511,8
2008-08-28,0.009784813999355315,0.7139832055494706,0.00964201735824542,0.009070830793805844,0.008356847588256375,0.006928881177157432,8
2008-09-26,0.22771500903425534,0.8730628346012962,0.2275403964673351,0.22684194619965406,0.22596888336505275,0.22422275769585015,8
2008-10-24,0.2656555913522754,1.0207100591715976,0.26545144934044107,0.2646348812931038,0.2636141712339322,0.26157275111558903,8
2008-11-21,-0.3091665614909744,0.8810443096157381,-0.30934277035289753,-0.3100476058005901,-0.3109286501102059,-0.3126907387294373,8
2008-12-22,-0.06250342647512182,0.6771339347675226,-0.06263885326207533,-0.06318056040988934,-0.06385769434465687,-0.06521196221419191,8
2009-01-22,0.05824105703703578,0.6770182743465187,0.05810565338216648,0.057564038762689264,0.056887020488342745,0.055532983939649706,8
2009-02-20,-0.07403579564218284,0.6611355457816873,-0.07416802275133917,-0.07469693118796453,-0.0753580667337462,-0.07668033782530959,8
2009-03-20,-0.2561142900275208,0.6590570383416882,-0.2562461014351891,-0.25677334706586247,-0.25743240410420415,-0.2587505181808875,8
2009-04-20,-0.3262195861742649,0.630874515503876,-0.3263457610773657,-0.32685046068976875,-0.3274813352052726,-0.3287430842362804,8
2009-05-18,-0.058855018889348784,0.7673689619732785,-0.05900849268174344,-0.05962238785132206,-0.060389756813295344,-0.061924494737241896,8
2009-06-16,0.06945807300244977,0.7177286742034943,0.06931452726760907,0.06874034432824627,0.06802261565404279,0.06658715830563579,8
2009-07-15,-0.20939808531789994,0.5731343283582089,-0.2095127121835716,-0.20997121964625814,-0.21054435397461635,-0.2116906226313328,8
2009-08-12,-0.06253536597230556,0.9048632218844985,-0.06271633861668247,-0.06344022919419007,-0.06434509241607456,-0.06615481885984356,8
2009-09-10,-0.07708885427715294,0.9480749746707193,-0.07727846927208708,-0.07803692925182366,-0.07898500422649438,-0.08088115417583581,8
2009-10-08,0.05452475277192533,1.3201438848920866,0.05426072399494691,0.053204608887033246,0.05188446500214116,0.04924417723235699,8
2009-11-05,-0.021059475195350584,1.276563714063714,-0.021314787938163327,-0.022336038909414296,-0.023612602623478012,-0.02616573005160544,8
2009-12-04,-0.0617028736814345,1.2066822066822067,-0.06194421012277094,-0.0629095558881167,-0.06411623809479891,-0.06652960250816332,8
2010-01-05,-0.05244622189834438,1.1543946932006632,-0.052677100836984514,-0.053600616591545046,-0.054755011284745705,-0.05706380067114703,8
2010-02-03,-0.0008120355083371649,1.3396149949341438,-0.0010799585073239938,-0.002151650503271309,-0.0034912654982054525,-0.00617049548807374,8
2010-03-04,-0.0081854038095776,1.139969604863222,-0.008413397730550245,-0.009325373414440822,-0.010465343019304045,-0.01274528222903049,8
2010-04-01,-0.022175360510678727,1.1306818181818181,-0.02240149687431509,-0.023306042328860545,-0.024436724147042364,-0.026698087783406,8
2010-04-30,0.03019119353953695,1.2139941955378197,0.029948394700429388,0.02897719934399913,0.027763205148461312,0.025335216757385672,8
2010-05-28,0.035247787694174186,1.165550041356493,0.035014677685902884,0.03408223765281769,0.0329166876114612,0.030585587528748213,8
2010-06-28,-0.03701316690440521,1.0166666666666666,-0.037216500237738544,-0.038029833571071876,-0.03904650023773854,-0.04107983357107188,8
2010-07-27,0.05879649715185621,0.9345862470862472,0.05860957990243896,0.05786191090476996,0.056927324657683714,0.055058152163511224,8
2010-08-24,-0.058272490100067124,1.0119538770760605,-0.05847488087548234,-0.059284443977143185,-0.060296397854219246,-0.06232030560837137,8
2010-09-22,-0.024696744784009985,1.0417755991285402,-0.024905099903835694,-0.025738520383138525,-0.026780295982267065,-0.028863847180524146,8
2010-10-20,-0.010722706756624966,1.0197581065582317,-0.010926658377936613,-0.011742464863183198,-0.01276222296974143,-0.014801739182857893,8
2010-11-17,-0.03235297074005791,1.0328474342558849,-0.03255954022690909,-0.0333858181743138,-0.03441866560856968,-0.03648436047708145,8
2010-12-16,-0.07444526705254027,1.124593716143012,-0.07467018579576888,-0.07556986076868329,-0.0766944544848263,-0.07894364191711233,8
2011-01-14,0.029779712172929212,1.1428908833254607,0.02955113399626412,0.02863682128960375,0.027493930406278292,0.02520814863962737,8
2011-02-14,0.021125011456071086,1.195072623644052,0.020885996931342275,0.019929938832427035,0.018734866208782983,0.016344720961494877,8
2011-03-15,0.01584594304055001,1.2149122807017543,0.015602960584409659,0.014631030759848255,0.013416118479146501,0.010986293917742992,8
2011-04-12,0.002644935929563026,1.0440746474028209,0.002436121000082462,0.0016008612821602052,0.0005567866347573843,-0.0015313626600482575,8
2011-05-11,0.04899992408361815,1.1720805369127518,0.0487655079762356,0.0478278435467054,0.04665576300979264,0.04431160193596714,8
2011-06-09,-0.016357060507337866,1.0647874720357942,-0.016570018001745023,-0.01742184797937366,-0.018486635451409453,-0.020616210395481043,8
2011-07-08,0.07030293327797245,1.0707774337805298,0.07008877779121635,0.06923215584419191,0.0681613784104114,0.06601982354285033,8
2011-08-05,0.05044681368141415,1.1753525971792227,0.0502117431619783,0.04927146108423493,0.0480961084870557,0.04574540329269726,8
2011-09-02,0.12920359453947913,0.7368644427467956,0.12905622165092978,0.12846673009673235,0.12772986565398553,0.12625613676849196,8
2011-10-03,-0.27003029481194213,0.7620320855614973,-0.2701827012290544,-0.2707923268975036,-0.2715543589830651,-0.2730784231541881,8
2011-10-31,0.07578115787046663,0.9359332774205572,0.07559397121498251,0.07484522459304607,0.07390929131562551,0.0720374247607844,8
2011-11-29,0.019840719893551483,0.9019196719783804,0.019660335959155808,0.018938800221573102,0.018036880549594722,0.01623304120563796,8
2011-12-28,-0.2028907029491955,0.8221707869595193,-0.2030551371065874,-0.20371287373615501,-0.20453504452311455,-0.2061793860970336,8
2012-01-27,-0.02297262657740285,0.9415936176499557,-0.023160945300932843,-0.023914220195052807,-0.024855813812702764,-0.026739001048002673,8
2012-02-27,0.0270584272695283,1.0119981105337743,0.026856027647421545,0.026046429158994525,0.02503443104846075,0.023010434827393202,8
2012-03-26,0.06811354164059746,0.977734445855251,0.06791799475142642,0.06713580719474221,0.06615807274888696,0.06420260385717647,8
2012-04-24,0.08914483954042556,1.0386359513876293,0.08893711235014803,0.08810620358903792,0.08706756763765029,0.08499029573487504,8
2012-05-22,0.01351283933358199,1.0116550116550118,0.013310508331250989,0.012501184321926978,0.011489529310271966,0.009466219286961943,8
2012-06-20,0.018389233401905507,0.9349747474747476,0.018202238452410556,0.01745425865443076,0.016519283906956013,0.014649334412006516,8
2012-07-19,-0.06768565553536876,0.9031524383793506,-0.06786628602304463,-0.06858880797374811,-0.06949196041212746,-0.07129826528888616,8
2012-08-16,-0.05951378701943834,1.1506400084629218,-0.059743915021130925,-0.06066442702790126,-0.061815067036364184,-0.06411634705329003,8
2012-09-14,0.06540047182840907,1.0420501428118056,0.0651920617998467,0.06435842168559726,0.06331637154278545,0.061232271257161845,8
2012-10-12,0.02585765279658723,1.0490042748409967,0.02564785194161903,0.024808648521746232,0.023759644246905236,0.021661635697223243,8
2012-11-13,-0.06287548622655698,1.0486914815973307,-0.06308522452287645,-0.06392417770815431,-0.06497286918975163,-0.0670702521529463,8
2012-12-12,-0.01706243719965349,0.9228481651890922,-0.01724700683269131,-0.017985285364842583,-0.018908133530031675,-0.02075382986040986,8
2013-01-11,0.0003578028626107497,0.9929577464788732,0.00015921131331497504,-0.0006351548838681236,-0.001628112630346997,-0.0036140281233047436,8
2013-02-11,0.03896971628038373,1.1161877394636015,0.03874647873249101,0.03785352854092013,0.036737340801456526,0.03450496532252933,8
2013-03-12,0.027609470898211176,1.1061581715944133,0.027388239263892295,0.026503312726616764,0.02539715455502235,0.023184838211833522,8
2013-04-10,0.005136603899176326,1.1399873027389806,0.0049086064386285305,0.003996616596437345,0.002856629293698365,0.0005766546882204036,8
2013-05-08,-0.006612206203207344,1.1913024282560707,-0.006850466688858558,-0.007803508631463415,-0.008994811059719485,-0.011377415916231627,8
2013-06-06,0.025327371718650356,1.1715673289183224,0.02509305825286669,0.024155804389732034,0.022984237060813713,0.020641102402977066,8
2013-07-05,-0.040369442426852434,1.1556157550739594,-0.040600565577867224,-0.041525058181926394,-0.042680673937000355,-0.044991905447148275,8
2013-08-02,-0.0050420020334021876,1.221577227382181,-0.005286317478878624,-0.006263579260784368,-0.0074851564881665495,-0.009928310942930911,8
2013-08-30,0.02656282654976916,1.1167870657034742,0.026339469136628463,0.025446039484065684,0.02432925241836221,0.022095678286955262,8
2013-09-30,0.016987322336100476,1.0706484348125214,0.016773192649137972,0.015916673901287953,0.014846025466475433,0.01270472859685039,8
2013-10-28,0.010160951456423758,1.2173283705541769,0.009917485782312923,0.00894362308586958,0.007726294715315404,0.00529163797420705,8
2013-11-25,-0.028105300715105155,1.1728260869565217,-0.02833986593249646,-0.029278126802061676,-0.0304509528890182,-0.03279660506293124,8
2013-12-24,-0.035080573133197394,1.0168698719423357,-0.03528394710758586,-0.03609744300513973,-0.03711431287708206,-0.03914805262096674,8
2014-01-24,0.02419295399755765,1.1535541752933054,0.02396224316249899,0.023039399822264345,0.02188584564697104,0.01957873729638443,8
2014-02-24,-0.029279153211257562,1.1594667807242658,-0.029511046567402416,-0.030438619991981827,-0.03159808677270609,-0.03391702033415463,8
2014-03-24,0.0016770768932827355,1.234563174382179,0.0014301642584062997,0.00044251371890055655,-0.0007920494554816224,-0.0032611758042459804,8
2014-04-22,0.0501261740309459,1.1454925165332406,0.04989707552763925,0.04898068151441266,0.04783518899787942,0.045544203964812936,8
2014-05-20,-0.07945482717157594,1.0770879526977089,-0.07967024476211548,-0.08053191512427364,-0.08160900307697136,-0.08376317898236678,8
2014-06-18,0.06546107809364408,1.0609756097560976,0.06524888297169286,0.06440010248388799,0.06333912687413189,0.06121717565461969,8
2014-07-17,-0.06717848310080593,1.041448451294329,-0.0673867727910648,-0.06821993155210027,-0.06926138000339459,-0.07134427690598324,8
2014-08-14,-0.025274143968966985,1.0411491844979799,-0.02548237380586658,-0.026315293153464966,-0.027356442337962944,-0.029438740706958906,8
2014-09-12,0.10536907920823953,0.9548730925542519,0.10517810458972868,0.10441420611568528,0.10345933302313103,0.10154958683802252,8
2014-10-10,-0.033437472581345724,1.048309748427673,-0.033647134531031256,-0.034485782329773396,-0.035534092078201074,-0.037630711575056416,8
2014-11-07,0.1281491542456323,0.9861993428258489,0.12795191437706713,0.12716295490280646,0.12617675555998062,0.12420435687432892,8
2014-12-08,-0.030254765998503314,1.0224534501642935,-0.030459256688536173,-0.031277219448667605,-0.0322996728988319,-0.03434457979916049,8
2015-01-07,-0.03310247260363132,0.9744271988174429,-0.03329735804339481,-0.03407689980244876,-0.0350513270012662,-0.03700018139890109,8
2015-02-05,0.007791170441049294,0.9254249815225425,0.0076060854447447855,0.006865745459526752,0.00594032047800421,0.004089470514959124,8
2015-03-06,0.0030325151587736036,1.059349593495935,0.0028206452400744166,0.0019731655652776687,0.0009138159717817338,-0.001204883215210136,8
2015-04-06,-0.05850406165599509,1.058044519582981,-0.058715670559911684,-0.05956210617557807,-0.06062015069516105,-0.06273623973432702,8
2015-05-04,0.048380698577972926,1.0342702169625246,0.04817384453458042,0.0473464283610104,0.04631215814404788,0.04424361771012283,8
2015-06-02,0.06240869852590539,0.9742241694048923,0.06221385369202441,0.06143447435650049,0.0604602501870956,0.05851180184828582,8
2015-06-30,0.1306317772493087,1.010233918128655,0.13042973046568296,0.12962154333118003,0.12861130941305138,0.12659084157679407,8
2015-07-29,0.10456198037014976,0.946076431388549,0.10437276508387204,0.1036159039387612,0.10266982750737266,0.10077767464459556,8
2015-08-26,0.019368320951745142,0.9702380952380953,0.019174273332697524,0.018398082856507045,0.017427844761268952,0.015487368570792762,8
2015-09-24,-0.01679098428485676,0.7202380952380952,-0.01693503190390438,-0.017511222380094858,-0.01823146047533295,-0.01967193666580914,8
2015-10-22,-0.008211409625084782,0.9010952902519167,-0.008391628683135165,-0.0091125049153367,-0.010013600205588615,-0.01181579078609245,8
2015-11-19,0.01218271539191966,1.004037591367908,0.011981907873646079,0.011178677800551751,0.010174640209183844,0.008166565026448028,8
2015-12-18,0.13863482970255306,0.9922728854855553,0.13843637512545595,0.1376425568170675,0.13665028393158196,0.13466573816061084,8
2016-01-20,-0.02862402865139968,0.7896154421666917,-0.028781951739833018,-0.029413644093566373,-0.030203259535733062,-0.031782490420066443,8
2016-02-18,-0.11357254464250864,0.7756570476406878,-0.11372767605203678,-0.11434820169014932,-0.11512385873779002,-0.1166751728330714,8
2016-03-17,-0.10044503021667776,0.6333726415094341,-0.10057170474497965,-0.1010784028581872,-0.10171177549969664,-0.1029785207827155,8
2016-04-15,0.06185379883732796,0.8981525157232705,0.06167416833418331,0.06095564632160469,0.06005749380588142,0.058261188774434876,8
2016-05-13,-0.06112787467829646,0.9854166666666667,-0.06132495801162979,-0.06211329134496313,-0.0630987080116298,-0.06506954134496312,8
2016-06-13,-0.04487163861965075,0.7516519385399252,-0.04502196900735874,-0.04562329055819068,-0.0463749424967306,-0.047878246373810454,8
2016-07-12,-0.05691310991978483,1.0719736645219213,-0.05712750465268921,-0.05798508358430675,-0.05905705724882867,-0.06120100457787252,8
2016-08-09,0.003940695289103986,1.169684273529852,0.003706758434398015,0.0027710110155741334,0.0016013267420442816,-0.0007380418050154224,8
2016-09-07,-0.02696506318982712,1.0173349056603773,-0.027168530170959194,-0.0279823980954875,-0.028999733001147873,-0.03103440281246863,8
2016-10-05,0.08292879070441056,0.9734860248447206,0.08273409349944162,0.08195530467956584,0.08098181865472112,0.07903484660503168,8
2016-11-02,-0.034430810147886626,0.9980590062111803,-0.03463042194912886,-0.035428869154097806,-0.036426928160308986,-0.038423046172731345,8
2016-12-01,-0.004240130077004937,1.156828345373237,-0.004471495746079584,-0.005396958422378174,-0.006553786767751412,-0.008867443458497885,8
2016-12-30,-0.03516965787730875,1.1984520123839009,-0.035409348279785535,-0.036368109889692656,-0.03756656190207656,-0.039963465926844355,8
2017-01-31,0.008308626401479766,1.0980736154110766,0.00808901167839755,0.007210552786068689,0.006112479170657612,0.003916331939835459,8
2017-03-01,0.019478364706870782,1.034720700985761,0.01927142056667363,0.01844364400588502,0.01740892330489926,0.015339481902927738,8
2017-03-29,0.027978676581679712,1.0164658634538153,0.027775383408988948,0.026962210718225896,0.025945744854772083,0.023912813127864453,8
2017-04-27,0.034028664886780004,1.028733114275283,0.033822918263924945,0.03299993177250472,0.031971198658229436,0.02991373242967887,8
2017-05-25,0.021509704169098726,1.1474907328200743,0.02128020602253471,0.020362213436278653,0.019214722703458576,0.016919741237818427,8
2017-06-23,-0.008206107761154225,1.0284074707727404,-0.008411789255308773,-0.009234515231926966,-0.010262922702699706,-0.012319737644245187,8
2017-07-24,0.07357295244224826,1.010679970436068,0.07337081644816106,0.0725622724718122,0.07155159250137613,0.06953023256050399,8
2017-08-21,-0.07424440169765004,1.0945458480629104,-0.07446331086726261,-0.07533894754571295,-0.07643349339377586,-0.07862258508990168,8
2017-09-19,0.044084069553547656,1.0528100425654714,0.04387350754503456,0.04303125951098218,0.04197844946841671,0.03987282938328577,8
2017-10-17,0.059178557134775045,0.9077035414384811,0.05899701642648735,0.058270853593336565,0.057363150051898085,0.05554774296902112,8
2017-11-14,-0.07784480566198303,1.147775876817793,-0.07807436083734659,-0.07899258153880082,-0.08014035741561862,-0.0824359091692542,8
2017-12-13,-0.033845099618164176,1.1345283675600417,-0.034072005291676186,-0.03497962798572422,-0.03611415635328426,-0.038383213088404346,8
2018-01-12,0.04480098770338197,1.0334557323541411,0.04459429655691114,0.04376753197102783,0.04273407623867369,0.040667164773965404,8
2018-02-12,-0.02464021444111583,1.202876376988984,-0.024880789716513627,-0.025843090818104812,-0.027045967195093796,-0.029451719949071767,8
2018-03-13,0.0005266953152753672,1.0614449917898192,0.0003144063169174034,-0.000534749676514452,-0.0015961946683042713,-0.00371908465188391,8
2018-04-11,0.010027974687034355,1.1074548440065681,0.009806483718233042,0.008920519843027786,0.007813064999021218,0.005598155311008083,8
2018-05-09,-0.00907689897249298,1.1245977011494253,-0.009301818512722866,-0.010201496673642405,-0.011326094374791831,-0.01357528977709068,8
2018-06-07,-0.02359560720255522,1.067603481496246,-0.02380912789885447,-0.024663210684051466,-0.025730814165547712,-0.027866021128540204,8
2018-07-06,0.01223380711450139,1.1731843575418994,0.011999170242993011,0.01106062275695949,0.009887438399417591,0.007541069684333793,8
2018-08-03,0.025108328059845142,1.111731843575419,0.024885981691130057,0.023996596216269723,0.022884864372694304,0.020661400685543466,8
2018-08-31,0.027295948458770095,1.0687650498796009,0.027082195448794175,0.026227183408890496,0.025158418359010892,0.023020888259251693,8
2018-10-01,0.03946519804807591,1.103393172854617,0.039244519413504986,0.0383618048752213,0.03725841170236668,0.03505162535665744,8
2018-10-29,-0.027514811826426323,1.1150210798313613,-0.027737816042392595,-0.028629832906257684,-0.029744853986089045,-0.03197489614575177,8
2018-11-27,0.08579072307746712,0.8072344322344323,0.08562927619102023,0.08498348864523268,0.08417625421299825,0.08256178534852938,8
2018-12-27,-0.1288538829929765,0.7243941955480416,-0.1289987618320861,-0.12957827718852455,-0.1303026713840726,-0.13175145977516867,8
2019-01-28,-0.0641858356775845,0.8076923076923076,-0.06434737413912296,-0.0649935279852768,-0.06580122029296911,-0.06741660490835373,8
2019-02-26,0.060297741538949366,0.9004065040650406,0.06011766023813636,0.05939733503488433,0.05849692853081929,0.0566961155226892,8
2019-03-26,-0.043690906312470926,0.9262902765896779,-0.043876164367788864,-0.044617196589060604,-0.04554348686565028,-0.04739606741882964,8
2019-04-24,0.060013389339248546,1.0818006843455945,0.05979702920237943,0.05893158865490295,0.057849787970557356,0.05568618660186617,8
2019-05-22,0.07474880336992722,1.1109115243730627,0.0745266210650526,0.07363789184555415,0.07252698032118109,0.07030515727243497,8
2019-06-20,0.05581699800752125,0.9805226824457592,0.05562089347103209,0.05483647532507549,0.053855952642629726,0.05189490727773821,8
2019-07-19,0.10031750255772184,0.896291753841714,0.1001382442069535,0.09942121080388013,0.09852491905003842,0.09673233554235498,8
2019-08-16,-0.1937490123055904,0.8846236099230113,-0.19392593702757502,-0.19463363591551341,-0.19551825952543644,-0.19728750674528245,8
2019-09-16,0.10250235879242474,1.0821927573424581,0.10228592024095624,0.10142016603508228,0.10033797327773983,0.0981735877630549,8
2019-10-14,-0.05658789827089207,0.9063669010923238,-0.056769171651110534,-0.057494265171984395,-0.05840063207307672,-0.06021336587526137,8
2019-11-11,-0.016744396641790338,1.1819542121801587,-0.016980787484226368,-0.017926350853970496,-0.019108305066150653,-0.021472213490510973,8
2019-12-10,-0.040809668238371524,0.9863453815261045,-0.04100693731467674,-0.041796013619897626,-0.042782359001423735,-0.044755049764475946,8
2020-01-09,0.051592835282236224,1.0518273581621997,0.051382469810603786,0.050541007924074025,0.049489180565911825,0.047385525849587426,8
2020-02-07,0.08931495385171592,1.0868430212321616,0.0890975852474695,0.08822811083048376,0.0871412678092516,0.08496758176678727,8
2020-03-09,0.0810196128331905,1.1972252646951442,0.08078016778025146,0.07982238756849534,0.0786251623038002,0.07623071177440992,8
2020-04-06,-0.2094011188680544,1.0217294900221732,-0.20960546476605885,-0.21042284835807656,-0.21144457784809875,-0.2134880368281431,8
2020-05-05,-0.234838052330121,0.6873244641537324,-0.23497551722295176,-0.23552537679427474,-0.23621270125842847,-0.23758735018673593,8
2020-06-03,0.10962106790988223,0.9384333615102844,0.10943338123758017,0.10868263454837195,0.10774420118686166,0.10586733446384108,8
2020-07-01,0.07267499238100081,0.8053736517719567,0.07251391765064642,0.07186961872922885,0.0710642450774569,0.06945349777391298,8
2020-07-30,-0.031637327559761,0.9870313302516693,-0.03183473382581133,-0.032624358890012674,-0.03361139022026434,-0.03558545288076768,8
2020-08-27,0.0314533133662447,0.9694515391853743,0.03125942305840762,0.030483861827059325,0.029514410287873948,0.027575507209503202,8
2020-09-25,-0.030830966473479108,0.9809647199521627,-0.03102715941746954,-0.03181193119343127,-0.032792895913383434,-0.034754825353287756,8
2020-10-23,-0.13920914307430438,1.0330875024915287,-0.13941576057480268,-0.1402422305767959,-0.14127531807928742,-0.1433414930842705,8
2020-11-20,-0.06618053655127872,1.1066233766233766,-0.0664018612266034,-0.06728715992790209,-0.06839378330452547,-0.07060703005777222,8
2020-12-21,-0.04043704299413036,1.1465608465608466,-0.04066635516344253,-0.04158360384069121,-0.042730164687252055,-0.04502328638037375,8
2021-01-21,-0.09952480998848122,1.1938735728209413,-0.0997635847030454,-0.10071868356130216,-0.1019125571341231,-0.10430030427976499,8
2021-02-19,0.043983886168613234,1.3300492610837438,0.04371787631639649,0.04265383690752949,0.041323787646445745,0.038663689124278255,8
2021-03-19,0.16988811943549703,1.3014586322333812,0.16962782770905036,0.16858666080326365,0.16728520217103027,0.1646822849065635,8
2021-04-19,0.062478377530276547,1.1258727881396462,0.062253202972648615,0.0613525047421369,0.06022663195399725,0.057974886377717964,8
2021-05-17,-0.1838839424695721,1.1728676085818943,-0.18411851599128848,-0.185056810078154,-0.18622967768673587,-0.18857541290389968,8
2021-06-15,0.10558761395932333,1.1496383851468048,0.10535768628229396,0.10443797557417653,0.10328833718902972,0.1009890604187361,8
2021-07-14,0.054825220285398664,0.9054726368159205,0.054644125758035476,0.05391974764858274,0.05301427501176682,0.05120332973813498,8
2021-08-11,-0.022859948176692384,0.9800995024875622,-0.023055968077189896,-0.023840047679179948,-0.024820147181667508,-0.026780346186642632,8
2021-09-09,0.05599221587840652,1.0683399459490541,0.055778547889216705,0.05492387593245746,0.05385553598650841,0.0517188560946103,8
2021-10-07,-0.06110203861760423,1.0257731958762886,-0.06130719325677949,-0.06212781181348052,-0.0631535850093568,-0.06520513140110938,8
2021-11-04,0.14352359484621066,1.0257731958762888,0.1433184402070354,0.14249782165033437,0.14147204845445807,0.1394205020627055,8
2021-12-03,-0.0013203847052328781,1.1691950216334597,-0.0015542237095595701,-0.0024895797268663375,-0.0036587747484997974,-0.005997164791766717,8
2022-01-03,0.12744514258879114,0.8233412635474491,0.12728047433608164,0.1266218013252437,0.12579846006169623,0.12415177753460134,8
2022-02-01,0.07954582061698837,0.9984668252709489,0.07934612725193417,0.07854735379171741,0.07754888696644646,0.07555195331590457,8
2022-03-02,0.025578660674960292,0.8698941859142109,0.02540468183777745,0.02470876648904608,0.02383887230313187,0.02209908393130345,8
2022-03-30,0.19287472576331352,0.8520124345549738,0.19270432327640252,0.19202271332875856,0.19117070089420357,0.18946667602509362,8
2022-04-28,0.10572498421462104,0.8832351657940664,0.10554833718146223,0.10484174904882697,0.1039585138830329,0.10219204355144478,8
2022-05-26,-0.09369071202397429,0.7193950894140648,-0.09383459104185711,-0.09441010711338836,-0.09512950220280242,-0.09656829238163055,8
2022-06-27,0.014096562660921344,0.8115257708499259,0.013934257506751358,0.013285036890071418,0.012473511119221492,0.01085045957752164,8
2022-07-26,-0.04404650949127935,0.6028842871771533,-0.04416708634871478,-0.0446493937784565,-0.04525227806563366,-0.04645804663998796,8
2022-08-23,0.04413731052250745,0.7174658529497239,0.04399381735191751,0.04341984466955773,0.042702378816608,0.04126744711070856,8
2022-09-21,0.07526755665564376,0.6743097936646324,0.07513269469691083,0.07459324686197913,0.0739189370683145,0.07257031748098523,8
2022-10-19,-0.0813025469256354,0.6362817510358494,-0.08142980327584258,-0.08193882867667125,-0.0825751104277071,-0.08384767392977881,8
2022-11-16,0.02717541128229773,0.9875908166230747,0.026977893118973115,0.026187820465674656,0.02520022964905158,0.02322504801580543,8
2022-12-15,-0.0851895518088429,0.8959314152862541,-0.08536873809190015,-0.08608548322412915,-0.0869814146394154,-0.08877327746998792,8
2023-01-17,-0.05041949130289091,0.8293537657400808,-0.050585362056038925,-0.05124884506863099,-0.05207819883437107,-0.05373690636585123,8
2023-02-14,0.056663215542244495,0.9057971014492754,0.056482056121954644,0.05575741844079522,0.05485162133934594,0.05304002713644739,8
2023-03-15,0.011682846803997931,0.9714327230456263,0.011488560259388806,0.010711414080952305,0.009739981357906678,0.0077971159118154255,8
2023-04-13,0.06579011527852299,0.7662307468759082,0.0656368691291478,0.06502388453164708,0.06425765378477118,0.06272519229101936,8
2023-05-11,-0.08168788398270782,0.9762338425381903,-0.08188313075121546,-0.082664117825246,-0.0836403516677842,-0.08559281935286059,8
2023-06-09,-0.08027943570296736,0.9340659340659341,-0.08046624888978055,-0.0812135016370333,-0.08214756757109923,-0.0840156994392311,8
2023-07-11,-0.017429511010942755,0.9931892378700891,-0.017628148858516775,-0.018422700248812846,-0.019415889486682932,-0.021402267962423113,8
2023-08-08,0.040733903484521154,1.1628954182145672,0.04050132440087824,0.03957100806630659,0.03840811264809202,0.03608232181166288,8
2023-09-06,0.12029697074285951,1.0316573556797022,0.12009063927172357,0.11926531338717981,0.11823365603150011,0.1161703413201407,8
2023-10-04,0.07444068189742932,0.868469497873421,0.07426698799785464,0.0735722123995559,0.07270374290168248,0.07096680390593564,8
2023-11-01,-0.08579693005418607,0.8286675553862756,-0.08596266356526332,-0.08662559760957234,-0.08745426516495862,-0.08911160027573117,8
2023-11-30,-0.1315764649074206,0.9687882496940025,-0.1317702225573594,-0.1325452531571146,-0.1335140414068086,-0.1354516179061966,8
2006-01-17,-0.024284239928955276,1.0,-0.024484239928955275,-0.025284239928955277,-0.026284239928955275,-0.028284239928955276,9
2006-02-14,0.025333872105053407,1.1896551724137931,0.02509594107057065,0.024144216932639614,0.02295456176022582,0.020575251415398232,9
2006-03-15,0.005976947240122262,1.1091954022988506,0.005755108159662492,0.004867751837823411,0.003758556435524561,0.0015401656309268598,9
2006-04-12,0.04336007865527729,1.130987974220982,0.04313388106043309,0.042229090681056305,0.041098102706835324,0.03883612675839336,9
2006-05-11,-0.02810596080710446,1.2263636363636363,-0.028351233534377185,-0.029332324443468095,-0.030558688079831732,-0.033011415352559005,9
2006-06-09,0.052039203134491084,1.1521103896103897,0.051808781056569005,0.050887092744880694,0.0497349823552703,0.04743076157604952,9
2006-07-10,0.016719462062412312,0.831527093596059,0.0165531566436931,0.015887934968816252,0.015056407875220194,0.013393353688028076,9
2006-08-07,-0.05478110288752188,0.9515391853743782,-0.054971410724596756,-0.05573264207289626,-0.056684181258270634,-0.058587259629019395,9
2006-09-05,0.012774225082751476,0.926254633589963,0.012588974156033484,0.011847970449161513,0.01092171581557155,0.009069206548391624,9
2006-10-03,-0.07835824846062515,0.8830595107703543,-0.07853486036277922,-0.0792413079713955,-0.08012436748216586,-0.08189048650370657,9
2006-10-31,-0.016189912789436055,1.0683394532843737,-0.01640358068009293,-0.01725825224272043,-0.018326591696004802,-0.020463270602573552,9
2006-11-29,0.009280738955669696,0.9929572785861405,0.009082147499952469,0.008287781677083555,0.007294824398497416,0.005308909841325134,9
2006-12-28,0.0023563776303719168,1.1311208557570924,0.002130153459220498,0.0012252567746148244,9.413591885773205e-05,-0.0021681057926564527,9
2007-01-30,-0.004841669723749439,1.1069155844155842,-0.005063052840632556,-0.005948585308165023,-0.007055500892580608,-0.009269332061411777,9
2007-02-28,0.040352897857664924,1.025688999762414,0.040147760057712444,0.03932720885790251,0.03830151985814009,0.03625014185861527,9
2007-03-28,-0.014527367546944638,0.9166369684010454,-0.014710694940624847,-0.015444004515345684,-0.01636064148374673,-0.01819391542054882,9
2007-04-26,0.01974415626338823,1.037156213951794,0.019536725020597872,0.018707000049436436,0.01766984383548464,0.015595531407581055,9
2007-05-24,0.020341970099018815,1.2056174715749184,0.02010084660470383,0.019136352627443898,0.017930735155868977,0.015519500212719141,9
2007-06-22,0.051367799767698334,1.1790780141843973,0.051131984164861456,0.05018872175351394,0.04900964373932954,0.04665148771096075,9
2007-07-23,0.04026120502442195,1.056641604010025,0.040049876703619945,0.039204563420411925,0.0381479218164019,0.03603463860838185,9
2007-08-20,0.019096710643410474,1.2273265451101112,0.01885124533438845,0.017869384098300363,0.016642057553190252,0.014187404462970028,9
2007-09-18,0.07597967448707355,1.08574473123372,0.0757625255408268,0.07489392975583982,0.07380818502460611,0.07163669556213867,9
2007-10-16,0.047674656431842266,1.0153120184899844,0.04747159402814427,0.04665934441335228,0.0456440323948623,0.04361340835788233,9
2007-11-13,0.04232735128822215,1.1265983860955928,0.04210203161100303,0.041200752902126554,0.04007415451603096,0.03782095774383978,9
2007-12-12,0.12217326368542493,0.9255121042830541,0.12198816126456832,0.12124775158114187,0.12032223947685883,0.11847121526829271,9
2008-01-11,-0.1619708662366155,0.8820742035219786,-0.1621472810773199,-0.16285294044013748,-0.16373501464365944,-0.16549916305070342,9
2008-02-11,0.09776512020432296,1.0035623067616615,0.09756440774297062,0.0967615578975613,0.09575799559079963,0.09375087097727632,9
2008-03-11,-0.015178664470215281,0.9107070842855223,-0.015360805887072386,-0.016089371554500805,-0.017000078638786324,-0.01882149280735737,9
2008-04-09,0.01836583035151816,0.7126303183995492,0.018223304287838252,0.017653200033118613,0.016940569714719064,0.015515309077919965,9
2008-05-07,0.07889822556806378,0.8314313891236969,0.07873193929023904,0.07806679417894008,0.07723536278981638,0.075572500011569,9
2008-06-05,0.16762912691291385,0.8529025191675794,0.16745854640908034,0.16677622439374626,0.1659233218745787,0.16421751683624353,9
2008-07-03,-0.13471483825785122,0.9979683490162532,-0.13491443192765445,-0.13571280660686746,-0.1367107749558837,-0.13870671165391624,9
2008-08-01,-0.07280704120272588,1.0696464214428285,-0.07302097048701445,-0.07387668762416871,-0.07494633404561153,-0.0770856268884972,9
2008-08-29,0.08309291880822592,0.7365114560236511,0.08294561651702119,0.08235640735220227,0.08161989589617862,0.08014687298413131,9
2008-09-29,0.19057018964245173,0.9196666907149557,0.19038625630430875,0.1896505229517368,0.18873085626102182,0.1868915228795919,9
2008-10-27,0.19033305298887887,1.0449462520741648,0.19012406373846405,0.1892881067368047,0.18824316048473055,0.1861532679805822,9
2008-11-24,-0.21948614735200686,0.8530891808778306,-0.21965676518818242,-0.2203392365328847,-0.22119232571376252,-0.22289850407551817,9
2008-12-23,-0.11411826189338278,0.6845362017117742,-0.11425516913372513,-0.11480279809509455,-0.11548733429680633,-0.11685640670022988,9
2009-01-23,0.135667351459558,0.697651203758074,0.13552782121880638,0.1349697002557999,0.13427204905204185,0.1328767466445257,9
2009-02-23,-0.22690878445248944,0.679976396538159,-0.22704477973179707,-0.2275887608490276,-0.22826873724556576,-0.22962869003864209,9
2009-03-23,-0.205083336156982,0.6046248167399707,-0.20520426112033,-0.20568796097372197,-0.20629258579046192,-0.20750183542394188,9
2009-04-21,-0.27666296641516186,0.6074975775193799,-0.27678446593066575,-0.27727046399268124,-0.2778779615702006,-0.27909295672523937,9
2009-05-19,-0.010686828919591076,0.7048632218844985,-0.010827801563967976,-0.011391692141475574,-0.012096555363360073,-0.01350628180712907,9
2009-06-17,0.025222556566007127,0.7337892603850051,0.025075798713930127,0.024488767305622123,0.023754978045237116,0.022287399524467108,9
2009-07-16,-0.21150016746317235,0.5583747927031509,-0.211611842421713,-0.2120585422558755,-0.21261691704857866,-0.21373366663398496,9
2009-08-13,-0.05363689536780933,0.8904761904761904,-0.05381499060590457,-0.05452737155828552,-0.05541784774876171,-0.05719880012971409,9
2009-09-11,-0.042613042167560164,0.9907294832826747,-0.0428111880642167,-0.04360377165084284,-0.04459450113412551,-0.046575960100690865,9
2009-10-09,0.06869021611068708,1.3821175278622087,0.06841379260511464,0.06730809858282487,0.06592598105496267,0.06316174599923825,9
2009-11-06,-0.013104026785747267,1.384073672806067,-0.013380841520308481,-0.014488100458553334,-0.015872174131359402,-0.018640321476971533,9
2009-12-07,-0.07584027030643585,1.2295380675662366,-0.0760861779199491,-0.07706980837400208,-0.07829934644156833,-0.0807584225767008,9
2010-01-06,-0.04064213997397493,1.176782752902156,-0.040877496524555364,-0.04181892272687709,-0.04299570547977924,-0.045349270985583556,9
2010-02-04,-0.02266346142569401,1.3516317380877907,-0.022933787773311568,-0.024015093163781802,-0.025366724901869593,-0.028069988378045176,9
2010-03-05,-0.0028795846437287007,1.1612968591691997,-0.0031118440155625407,-0.0040408815028979,-0.0052021783620671,-0.0075247720804055,9
2010-04-05,-0.018426678216603105,1.1027097902097902,-0.018647220174645065,-0.019529388006812896,-0.020632097797022686,-0.022837517377442267,9
2010-05-03,0.05804077299635486,1.184326710816777,0.0578039076541915,0.05685644628553808,0.055672119574721304,0.05330346615308775,9
2010-06-01,0.014024566679935062,1.1544011544011545,0.013793686449054831,0.012870165525533907,0.011715764371132753,0.009406962062330444,9
2010-06-29,-0.04470582678326404,0.9646889058653765,-0.044898764564437116,-0.045670515689129415,-0.046635204594994796,-0.048564582406725544,9
2010-07-28,0.05124547655488168,0.9225352112676057,0.05106096951262816,0.05032294134361408,0.04940040613234647,0.047555335709811256,9
2010-08-25,-0.05335087505581434,0.9247210926910646,-0.05353581927435255,-0.054275596148505405,-0.055200317241196464,-0.0570497594265786,9
2010-09-23,-0.025728003320057903,0.9111111111111112,-0.025910225542280126,-0.026639114431169016,-0.027550225542280125,-0.029372447764502346,9
2010-10-21,-0.007307747364578836,1.0121989365029715,-0.00751018715187943,-0.008319946301081807,-0.009332145237584778,-0.01135654311059072,9
2010-11-18,-0.03934240839105287,1.1236402486402486,-0.03956713644078092,-0.04046604863969312,-0.04158968888833337,-0.043836969385613864,9
2010-12-17,-0.05044333244134681,1.1096542346542346,-0.050665263288277654,-0.05155298667600104,-0.05266264091065528,-0.05488194937996375,9
2011-01-18,0.023068421121431128,1.189730686795266,0.022830474984072074,0.02187869043463586,0.020688959747840595,0.018309498374250062,9
2011-02-15,0.034607244500443814,1.1814671814671815,0.034370951064150376,0.033425777318976634,0.03224431013750945,0.029881375774575086,9
2011-03-16,0.017248783611318454,1.2069433834139716,0.01700739493463566,0.01604184022790448,0.01483489684449051,0.012421010077662567,9
2011-04-13,0.013418924027375358,1.0176555470673119,0.013215392917961895,0.012401268480308045,0.011383612933240734,0.00934830183910611,9
2011-05-12,0.057305782141048055,1.104697986577181,0.05708484254373262,0.05620108415447087,0.055096386167893696,0.05288699019473933,9
2011-06-10,0.0007025300388521483,0.9776286353467563,0.0005070043117827971,-0.0002750985964946079,-0.0012527272318413642,-0.0032079845025348767,9
2011-07-11,0.08214840038929601,1.0392156862745099,0.08194055725204111,0.0811091847030215,0.08006996901674698,0.07799153764419797,9
2011-08-08,0.018556215523094718,1.1437908496732025,0.018327457353160076,0.017412424673421516,0.016268633823748314,0.013981052124401906,9
2011-09-06,0.0789267485212344,0.7021843825249399,0.0787863116447294,0.07822456413870946,0.07752237975618452,0.07611801099113463,9
2011-10-04,-0.15701707771960677,0.7146112831097351,-0.1571599999762287,-0.1577316890027165,-0.15844630028582624,-0.1598755228520457,9
2011-11-01,0.04228654178582494,0.7978271138403401,0.042126976363056866,0.041488714671984596,0.040690887558144255,0.03909523333046357,9
2011-11-30,0.04676908757088646,0.8119036372224846,0.04660670684344196,0.04595718393366397,0.045145280296441485,0.04352147302199652,9
2011-12-29,-0.18238785858506856,0.7236284841918644,-0.18253258428190694,-0.18311148706926042,-0.1838351155534523,-0.18528237252183602,9
2012-01-30,-0.017085805584979852,1.0683541810302373,-0.0172994764211859,-0.01815415976601009,-0.019222513947040325,-0.0213592223091008,9
2012-02-28,0.04026501503560318,1.0117416829745596,0.04006266669900827,0.03925327335262862,0.038241531669654064,0.036218048303704946,9
2012-03-27,0.061512784609977035,1.0185236256664827,0.061309079884843735,0.06049426098431055,0.05947573735864407,0.057438690107311105,9
2012-04-25,0.08594085560253155,1.1002022430593859,0.08572081515391967,0.08484065335947216,0.08374045111641278,0.081540046630294,9
2012-05-23,0.04862987532596787,1.0186965811965811,0.04842613600972855,0.04761117874477128,0.04659248216357471,0.04455508900118154,9
2012-06-21,-0.001882930521104568,0.9421134421134421,-0.0020713532095272564,-0.00282504396321801,-0.003767157405331452,-0.005651384289558336,9
2012-07-20,-0.08060111507073982,0.9617052787474875,-0.08079345612648932,-0.08156282034948731,-0.0825245256282348,-0.08444793618572977,9
2012-08-17,-0.04158718081164309,1.2452660531048343,-0.04183623402226405,-0.04283244686474792,-0.04407771291785276,-0.04656824502406243,9
2012-09-17,0.05204853757827991,0.976515391939067,0.0518532344998921,0.05107202218634084,0.05009550679440178,0.04814247601052364,9
2012-10-15,0.03127833317410629,1.1014492753623188,0.031058043319033828,0.03017688389874397,0.029075434623381653,0.026872536072657015,9
2012-11-14,-0.06769869297598835,1.0434782608695652,-0.06790738862816226,-0.06874217123685791,-0.06978564949772748,-0.07187260601946661,9
2012-12-13,-0.012510902691986278,0.9453484457412187,-0.012699972381134522,-0.013456251137727497,-0.014401599583468715,-0.016292296474951153,9
2013-01-14,0.0013740037381105136,0.9839948783610755,0.0011772047624382985,0.00039000885974943816,-0.0005939860186116373,-0.0025619757753337882,9
2013-02-12,0.058314679266117164,1.013888888888889,0.05811190148833938,0.057300790377228274,0.05628690148833938,0.05425912371056161,9
2013-03-13,0.02175922841329649,1.2141302376201704,0.021516402365772454,0.02054509817567632,0.019330967938056148,0.01690270746281581,9
2013-04-11,0.0025106134918781234,1.1061581715944133,0.0022893818575592407,0.0014044553202837101,0.00029829714868929687,-0.0019140191944995296,9
2013-05-09,-0.001166558970264971,1.1832084349947716,-0.0014032006572639254,-0.0023497674052597424,-0.0035329758402545142,-0.005899392710244058,9
2013-06-07,0.033360850188535726,1.1173318229348204,0.03313738382394876,0.0322435183656009,0.031126186542666086,0.028891522896796445,9
2013-07-08,-0.02698470374481576,1.1489938080495357,-0.027214502506425667,-0.028133697552865294,-0.029282691360914832,-0.0315806789770139,9
2013-08-05,-0.002592590868081949,1.174518292165351,-0.002827494526515019,-0.0037671091602473,-0.004941627452412651,-0.007290664036743353,9
2013-09-03,0.022211388615094106,1.135345047109753,0.021984319605672157,0.021076043567984353,0.0199406985208746,0.017670008426655094,9
2013-10-01,0.01934303118058113,1.0963415669298022,0.01912376286719517,0.018246689613651328,0.017150348046721525,0.01495766491286192,9
2013-10-29,0.015196839435216436,1.1528535980148884,0.014966268715613459,0.014043985837201548,0.01289113223918666,0.010585425043156883,9
2013-11-26,-0.023270909532734824,1.1853260869565216,-0.02350797475012613,-0.024456235619691347,-0.02564156170664787,-0.02801221388056091,9
2013-12-26,-0.024134294123591984,1.184380032206119,-0.024371170130033207,-0.025318674155798103,-0.02650305418800422,-0.028871814252416462,9
2014-01-27,0.014424764324603542,1.1957888358706352,0.014185606557429415,0.013228975488732907,0.01203318665286227,0.009641608981121,9
2014-02-25,-0.003276997002896573,1.1715497576276022,-0.0035113069544220935,-0.004448546760524175,-0.005620096518151777,-0.00796319603340698,9
2014-03-25,0.013197408100993409,1.2449604403164773,0.012948416012930113,0.011952447660676931,0.010707487220360454,0.008217566339727499,9
2014-04-23,0.045022143551256236,1.174200206398349,0.04478730350997657,0.043847943344857886,0.042673743138459536,0.04032534272566284,9
2014-05-21,-0.08087418554277445,1.11359940872136,-0.08109690542451872,-0.0819877849514958,-0.08310138436021718,-0.08532858317765989,9
2014-06-19,0.05724666397653107,1.0651145602365115,0.05703364106448377,0.05618154941629456,0.05511643485605804,0.05298620573558502,9
2014-07-18,-0.05339599250793349,1.0410569105691057,-0.05360420389004731,-0.054437049418502595,-0.0554781063290717,-0.05756022015020991,9
2014-08-15,-0.004850268498638033,1.016481892091648,-0.005053564877056363,-0.005866750390729682,-0.006883232282821329,-0.008916196067004625,9
2014-09-15,0.08324420446443333,0.9672187715665976,0.08305076071012,0.08227698569286673,0.08130976692130013,0.07937532937816694,9
2014-10-13,-0.03947572559864222,1.110442546583851,-0.039697814107958994,-0.04058616814522607,-0.041696610691809924,-0.043917495784977625,9
2014-11-10,0.08296308028588914,1.0164851020849865,0.08275978326547215,0.08194659518380415,0.08093011008171917,0.07889713987754919,9
2014-12-09,0.00847102395726418,1.0462809321116802,0.008261767770841845,0.0074247430251525,0.0063784620930408195,0.004285900228817459,9
2015-01-08,-0.040081721065519535,0.9682926829268294,-0.0402753796021049,-0.041050013748446364,-0.04201830643137319,-0.04395489179722685,9
2015-02-06,0.01786546931883842,1.0351071692535108,0.017658447884987716,0.01683036214958491,0.015795254980331398,0.013725040641824376,9
2015-03-09,-0.031820504781624015,1.126348854397635,-0.03204577455250354,-0.03294685363602165,-0.034073202490419285,-0.036325900199214556,9
2015-04-07,-0.04415483372503229,1.0583832335329342,-0.044366510371738874,-0.04521321695856522,-0.04627160019209816,-0.048388366659164024,9
2015-05-05,0.04275573523707247,0.9926218990590248,0.04255721085726066,0.04176311333801344,0.04077049143895442,0.03878524764083637,9
2015-06-03,0.0979916938909678,0.9983570646221249,0.09779202247804338,0.09699333682634569,0.09599497976172355,0.0939982656324793,9
2015-07-01,0.11406444299947166,0.9811466594972443,0.11386821366757222,0.11308329633997441,0.11210214968047717,0.11013985636148269,9
2015-07-30,0.05853766851823283,0.9696195725231886,0.058343744603728195,0.057568048945709646,0.05659842937318645,0.05465919022814008,9
2015-08-27,0.07978236798758533,0.9394013226592413,0.07959448772305348,0.07884296666492609,0.07790356534226685,0.07602476269694836,9
2015-09-25,-0.03683533006956022,0.7262095370692656,-0.03698057197697407,-0.03756153960662948,-0.03828774914369875,-0.03974016821783728,9
2015-10-23,-0.0002001415136209713,0.8637102734663711,-0.00037288356831424556,-0.0010638517870873426,-0.0019275620605537136,-0.003654982607486456,9
2015-11-20,0.013010534115277032,0.9329272537417335,0.012823948664528685,0.012077606861535297,0.011144679607793565,0.009278825100310098,9
2015-12-21,0.11191744565406773,0.915523842673164,0.1117343408855331,0.11100192181139457,0.11008639796872141,0.10825535028337507,9
2016-01-21,0.018941537419286943,0.7648274878813801,0.018788571921710667,0.018176709931405563,0.017411882443524183,0.015882227467761422,9
2016-02-19,-0.143951759048507,0.7589229559748427,-0.14410354363970196,-0.14471068200448184,-0.14546960496045666,-0.14698745087240636,9
2016-03-18,-0.09263942260675045,0.6773191823899372,-0.09277488644322844,-0.09331674178914039,-0.09399406097153033,-0.0953486993363102,9
2016-04-18,0.05418099396318993,0.8791666666666667,0.054005160629856594,0.05330182729652326,0.05242266062985659,0.05066432729652326,9
2016-05-16,-0.02675522210927886,0.9284690709338428,-0.026940915923465626,-0.027683691180212702,-0.028612160251146546,-0.03046909839301423,9
2016-06-14,-0.030330177440369272,0.7435701040070951,-0.03047889146117069,-0.031073747544376366,-0.03181731764838346,-0.03330445785639765,9
2016-07-13,-0.0486473718033387,1.1628233555062826,-0.04887993647443996,-0.04981019515884499,-0.050973018514351265,-0.053298665225363834,9
2016-08-10,-0.02673313642133147,1.119918699186992,-0.026957120161168868,-0.02785305512051846,-0.028972973819705455,-0.03121281121807944,9
2016-09-08,-0.00536939107316937,0.9375,-0.00555689107316937,-0.00630689107316937,-0.00724439107316937,-0.00911939107316937,9
2016-10-06,0.09128208152902448,1.0672360248447206,0.09106863432405553,0.09021484550417976,0.08914760947933503,0.0870131374296456,9
2016-11-03,-0.061597159162962635,1.0355590062111801,-0.06180427096420487,-0.06263271816917382,-0.063668277175385,-0.06573939518780736,9
2016-12-02,-0.0073932552495676405,1.1558207534339726,-0.007624419400254435,-0.008549076003001614,-0.009704896756435585,-0.012016538263303532,9
2017-01-03,-0.022042521553413602,1.109581123351013,-0.022264437778083804,-0.023152102676764614,-0.02426168380011563,-0.026480846046817656,9
2017-02-01,0.0024451178129349365,1.0745442036463708,0.0022302089722056623,0.0013705736092885657,0.0002960294056421949,-0.0018530590016505467,9
2017-03-02,0.013754817678741477,1.1255932822197883,0.013529699022297519,0.012629224396521688,0.0115036311143019,0.009252444549862324,9
2017-03-30,0.03359703442504451,1.0590726542533773,0.03338521989419384,0.032537961770791136,0.031478889116537755,0.029360743808031,9
2017-04-28,0.058151914863355754,1.0226164079822617,0.0579473915817593,0.05712929845537349,0.05610668204739123,0.05406144923142671,9
2017-05-26,-0.0024552090804655126,1.0817650413458797,-0.0026715620887346886,-0.0035369741218113926,-0.004618739163157273,-0.006782269245849032,9
2017-06-26,-0.011412461844135425,1.0701454234388366,-0.011626490928823192,-0.012482607267574261,-0.013552752691013099,-0.01569304353789077,9
2017-07-25,0.08821891114306209,1.0045266609637866,0.08801800581086933,0.0872143844820983,0.08620985782113451,0.08420080449920694,9
2017-08-22,-0.07974952689863188,1.1315078495801387,-0.07997582846854791,-0.08088103474821201,-0.08201254259779216,-0.08427555829695244,9
2017-09-20,0.04126564254803002,1.0832420591456735,0.04104899413620089,0.04018240048888435,0.03909915842973868,0.036932674311447325,9
2017-10-18,0.055437424846962007,1.0169404892296456,0.055234036749116075,0.05442048435773236,0.05340354386850271,0.051369662890043424,9
2017-11-15,-0.06013718799194393,1.1238950670088395,-0.0603619670053457,-0.061261083058952774,-0.06238497812596161,-0.0646327682599793,9
2017-12-14,-0.03771025866964631,1.0872607030978072,-0.03792771081026587,-0.038797519372744116,-0.039884780075841925,-0.042059301482037535,9
2018-01-16,0.039452595471668066,1.0807705538355692,0.03923644136090095,0.038371824917832496,0.03729105436399693,0.03512951325632579,9
2018-02-13,-0.0229704361333273,1.178451404758704,-0.023206126414279042,-0.024148887538086004,-0.02532733894284471,-0.027684241752362115,9
2018-03-14,0.0009560251023972995,1.0327750410509031,0.0007494700941871188,-7.674993865360372e-05,-0.001109524979704507,-0.0031750750618063134,9
2018-04-12,0.020581986008745154,1.0443349753694582,0.02037311901367126,0.019537651033375694,0.018493316058006238,0.016404646107267322,9
2018-05-10,-0.01223382989766755,1.1072906403940888,-0.012455288025746367,-0.013341120538061638,-0.014448411178455727,-0.016662992459243905,9
2018-06-08,-0.014682201959418714,1.0625084016668906,-0.014894703639752092,-0.015744710361085604,-0.016807218762752495,-0.018932235566086277,9
2018-07-09,0.029396501027133357,1.1324022346368716,0.029170020580205982,0.028264098792496486,0.027131696557859613,0.02486689208858587,9
2018-08-06,0.022607487581966144,1.0986033519553071,0.022387766911575083,0.021508884230010836,0.02041028087805553,0.018213074174144916,9
2018-09-04,-0.0019240160830449131,1.1276573787409703,-0.002149547558793107,-0.0030516734617858834,-0.004179330840526853,-0.0064346455980087945,9
2018-10-02,0.01835724843377864,1.1143970963839225,0.018134369014501855,0.01724285133739472,0.016128454241010795,0.01389966004824295,9
2018-10-30,-0.028375113832417493,1.1665546444414572,-0.028608424761305786,-0.02954166847685895,-0.030708223121300407,-0.033041332410183324,9
2018-11-28,0.10025036750949308,0.8130459284305438,0.10008775832380697,0.09943732158106254,0.09862427565263199,0.09699818379577091,9
2018-12-28,-0.12334616670734312,0.7319526627218934,-0.1234925572398875,-0.12407811937006502,-0.1248100720327869,-0.1262739773582307,9
2019-01-29,-0.06022754308667652,0.7733727810650887,-0.06038221764288954,-0.06100091586774161,-0.0617742886488067,-0.06332103421093688,9
2019-02-27,0.04569627674873962,0.9192405987586709,0.04551242862898788,0.04477703614998095,0.04385779555122228,0.042019314353704935,9
2019-03-27,-0.02784605326862798,0.8723267750213859,-0.028020518623632258,-0.028718380043649367,-0.02959070681867075,-0.031335360368713525,9
2019-04-25,0.05590886876784353,1.070002851439977,0.055694868197555536,0.05483886591640356,0.053768863064963576,0.05162885736208363,9
2019-05-23,0.054705753437958964,1.1347210481825867,0.05447880922832245,0.053571032389776375,0.05243631134159379,0.05016686924522862,9
2019-06-21,0.07608243124148448,0.9208932093547477,0.07589825259961352,0.07516153803212973,0.07424064482277498,0.07239885840406549,9
2019-07-22,0.07072717777221366,0.9383522112401702,0.07053950732996563,0.06978882556097349,0.06885047334973332,0.06697376892725297,9
2019-08-19,-0.13636109805170107,1.0341103507271172,-0.1365679201218465,-0.1373952084024282,-0.1384293187531553,-0.14049753945460955,9
2019-09-17,0.06334531757169243,1.0343954947248362,0.06313843847274746,0.06231092207696759,0.06127652658224275,0.05920773559279308,9
2019-10-15,-0.04136524863607446,0.9185994313930868,-0.041548968522353076,-0.042283848067467544,-0.04320244749886063,-0.045039646361646805,9
2019-11-12,0.0012666607267658846,1.128048780487805,0.0010410509706683237,0.00013861194627807962,-0.0009894368342097254,-0.0032455343951853354,9
2019-12-11,-0.03082454762081857,1.0240963855421688,-0.031029366897927006,-0.03184864400636074,-0.03287274039190291,-0.03492093316298724,9
2020-01-10,0.06299071350005857,0.9928297946397495,0.06279214754113062,0.06199788370541882,0.06100505391077907,0.059019394321499566,9
2020-02-10,0.12814667402052907,1.0160111381830839,0.12794347179289245,0.12713066288234598,0.1261146517441629,0.12408262946779673,9
2020-03-10,0.07907437035778256,1.1739837398373985,0.07883957360981508,0.07790038661794516,0.07672640287810777,0.07437843539843296,9
2020-04-07,-0.11112823348146013,0.8638211382113822,-0.1113009977091024,-0.11199205461967152,-0.11285587575788289,-0.11458351803430565,9
2020-05-06,-0.3387615795977874,0.7298965262379896,-0.33890755890303503,-0.3394914761240254,-0.34022137265026337,-0.3416811657027394,9
2020-06-04,0.1349368995115961,1.0570483814827705,0.13472548983529956,0.13387985113011333,0.13282280274863056,0.13070870598566503,9
2020-07-02,0.07579444210327746,0.8733628659476117,0.07561976953008794,0.07492107923732985,0.07404771637138223,0.07230099063948701,9
2020-07-31,-0.07840749352070198,0.9131997945557269,-0.07859013347961312,-0.0793206933152577,-0.08023389310981344,-0.08206029269892488,9
2020-08-28,0.05109710512004852,1.0158623470896626,0.05089393265063059,0.050081242772958855,0.04906538042586919,0.04703365573168987,9
2020-09-28,-0.006685707968189711,0.9466666666666665,-0.006875041301523044,-0.0076323746348563775,-0.008579041301523043,-0.010472374634856377,9
2020-10-26,-0.22148782854094676,1.061543513957307,-0.22170013724373822,-0.22254937205490408,-0.22361091556886137,-0.22573400259677598,9
2020-11-23,-0.006991048653406513,1.101694915254237,-0.00721138763645736,-0.00809274356866075,-0.009194438483914987,-0.011397828314423462,9
2020-12-22,-0.04509555165083732,1.0831523252575885,-0.04531218211588884,-0.04617870397609491,-0.047261856301352496,-0.049428160951867674,9
2021-01-22,-0.13815157597546315,1.204539125591757,-0.1383924838005815,-0.13935611510105492,-0.14056065422664668,-0.14296973247783018,9
2021-02-22,0.011601311885119238,1.3891625615763545,0.011323479372803967,0.010212149323542884,0.00882298676196653,0.006044661638813819,9
2021-03-22,0.14889762621657374,1.4052108250082078,0.1486165840515721,0.14749241539156552,0.14608720456655733,0.14327678291654092,9
2021-04-20,0.02581673888260678,1.153674780732611,0.02558600392646026,0.02466306410187417,0.02350938932114156,0.021202039759676338,9
2021-05-18,-0.14464528158973045,1.0994764397905759,-0.14486517687768857,-0.14574475802952103,-0.1468442344693116,-0.14904318734889274,9
2021-06-16,0.10733416692011238,1.087246329879102,0.10711671765413656,0.10624692059023329,0.10515967426035418,0.10298518160059597,9
2021-07-15,0.03489545821019617,0.9054726368159204,0.03471436368283298,0.033989985573380246,0.03308451293656433,0.03127356766293249,9
2021-08-12,-0.007677079014609751,1.054726368159204,-0.00788802428824159,-0.008731805382768954,-0.00978653175092816,-0.011895984487246568,9
2021-09-10,0.0593897638626107,1.0575297567707436,0.059178257911256554,0.05833223410583996,0.057274704349069214,0.05515964483552773,9
2021-10-08,-0.033958092193456565,0.9987575997885277,-0.03415784371341427,-0.03495684979324509,-0.03595560739303362,-0.037953122592610675,9
2021-11-05,0.13149109013922866,1.168437747819191,0.1312574025896648,0.13032265239140947,0.12915421464359028,0.1268173391479519,9
2021-12-06,0.04739847640790853,1.0967897014048393,0.04717911846762756,0.04630168670650369,0.04520489700509885,0.04301131760228917,9
2022-01-04,0.16278949874132975,0.8748612212529738,0.16261452649707916,0.1619146375200768,0.1610397762988238,0.15929005385631786,9
2022-02-02,0.08449023913739245,0.9623579169970922,0.08429776755399304,0.08352788122039537,0.08256552330339827,0.08064080746940408,9
2022-03-03,-0.021576162768684508,0.795255432927523,-0.02173521385527001,-0.02237141820161203,-0.023166673634539555,-0.0247571845003946,9
2022-03-31,0.19510516101993242,0.8177083333333333,0.19494161935326576,0.19428745268659908,0.19346974435326575,0.19183432768659908,9
2022-04-29,0.0583847468403155,0.8541666666666667,0.058213913506982164,0.05753058017364883,0.056676413506982166,0.054968080173648834,9
2022-05-27,-0.023552319699266112,0.6994823074297418,-0.02369221616075206,-0.024251802006695855,-0.024951284314125598,-0.02635024892898508,9
2022-06-28,-0.05468788842901814,0.8167880304926611,-0.05485124603511667,-0.0555046764595108,-0.05632146449000346,-0.05795504055098878,9
2022-07-27,-0.02009125912391459,0.6168420447357827,-0.020214627532861747,-0.020708101168650375,-0.021324943213386155,-0.022558627302857723,9
2022-08-24,0.08133307887789207,0.7660854402789887,0.08117986178983627,0.08056699343761307,0.0798009079973341,0.07826873711677611,9
2022-09-22,0.043657905800516324,0.7228712583551293,0.0435133315488453,0.042935034542161195,0.042212163283806066,0.04076642076709581,9
2022-10-20,-0.04868656818939656,0.645316009956894,-0.04881563139138794,-0.04933188419935346,-0.049977200209310346,-0.05126783222922414,9
2022-11-17,0.005281064863038042,0.9443475733798314,0.005092195348362076,0.004336717289658211,0.0033923697162783796,0.0015036745695187165,9
2022-12-16,-0.08875174467468512,0.8094449287997675,-0.08891363366044508,-0.08956118960348489,-0.09037063453228465,-0.0919895243898842,9
2023-01-18,-0.10208212085601148,0.878504395343312,-0.10225782173508015,-0.1029606252513548,-0.1038391296466981,-0.10559613843738473,9
2023-02-15,0.09252374043825547,0.8838203848895225,0.09234697636127756,0.09163992005336595,0.09075609966847642,0.08898845889869737,9
2023-03-16,0.019033520557718217,0.9929273762290842,0.0188349350824724,0.018040593181489133,0.01704766580526005,0.015061811052801879,9
2023-04-14,0.060002868255311495,0.767379679144385,0.059849392319482615,0.05923548857616711,0.058468108897022725,0.056933349538733954,9
2023-05-12,-0.10981856815192428,0.9542349726775956,-0.1100094151464598,-0.11077280312460187,-0.11172703809727948,-0.11363550804263467,9
2023-06-12,-0.05793608736908085,0.9376783437556917,-0.058123623037831994,-0.05887376571283655,-0.059811444056592236,-0.06168680074410362,9
2023-07-12,0.001899154900138567,0.9680851063829788,0.0017055378788619713,0.0009310697937555882,-3.7015312627390606e-05,-0.0019731855253933483,9
2023-08-09,0.05843556183074548,1.101063829787234,0.058215349064788036,0.05733449800095825,0.056233434171171014,0.054031306511596544,9
2023-09-07,0.09377778959629497,1.00914671577655,0.09357596025313966,0.09276864288051842,0.09175949616474187,0.08974120273318878,9
2023-10-05,0.02702523013194233,0.8854186504157937,0.02684814640185917,0.026139811481526536,0.025254392831110743,0.023483555530279154,9
2023-11-02,-0.08126973434291648,0.8400622103726273,-0.08143774678499101,-0.08210979655328911,-0.08294985876366173,-0.084629983184407,9
2006-01-18,-0.04433825191342878,1.0,-0.04453825191342878,-0.04533825191342878,-0.04633825191342878,-0.048338251913428776,10
2006-02-15,0.01719047232799865,1.2292538701747393,0.0169446215539637,0.01596121845782391,0.014731964587649173,0.012273456847299694,10
2006-03-16,0.008999683644037372,1.107866586937745,0.008778110326649822,0.007891817057099626,0.006783950470161882,0.0045682172962863915,10
2006-04-13,0.032257884561259734,1.092485549132948,0.03203938745143314,0.031165399012126786,0.030072913462993837,0.02788794236472794,10
2006-05-12,-0.0013540887392306678,1.0832049306625577,-0.0015707297253631793,-0.0024372936698932256,-0.0035204986005557834,-0.005686908461880899,10
2006-06-12,0.027705290878531054,1.1002182845403186,0.02748524722162299,0.026605072593990736,0.025504854309450417,0.02330441774036978,10
2006-07-11,0.035418786220729304,0.778552920071756,0.03526307563671495,0.03464023330065755,0.03386168038058579,0.03230457454044228,10
2006-08-08,-0.0518887594586047,0.9456916252184433,-0.052077897783648394,-0.05283445108382315,-0.05378014270904159,-0.055671525959478475,10
2006-09-06,-0.03074836091829187,0.9681351582549189,-0.03094198794994285,-0.03171649607654679,-0.032684631234801705,-0.03462090155131155,10
2006-10-04,-0.055010455406545346,0.9921001370752472,-0.05520887543396039,-0.056002555543620595,-0.05699465568069584,-0.05897885595484634,10
2006-11-01,-0.03171261125323305,1.021623827009384,-0.03191693601863493,-0.03273423508024243,-0.033755858907251815,-0.03579910656127058,10
2006-11-30,0.01296371328582778,0.9581755365092022,0.01277207817852594,0.012005537749318578,0.011047362212809376,0.009131011139790972,10
2006-12-29,-0.0031316565338380268,1.1311208557570924,-0.0033578807049894454,-0.004262777389595119,-0.005393898245352212,-0.007656139956866396,10
2007-01-31,0.004951013065534846,1.135357142857143,0.0047239416369634175,0.0038156559226777036,0.0026802987798205604,0.0004095844941062743,10
2007-03-01,0.04064896243040589,1.0217391304347825,0.04044461460431893,0.03962722329997111,0.038605484169536325,0.03656200590866676,10
2007-03-29,-0.011036116161428657,0.9619565217391304,-0.011228507465776484,-0.011998072683167788,-0.012960029204906917,-0.01488394224838518,10
2007-04-27,0.009764698933497355,1.1150399017802335,0.009541690953141307,0.00864965903171712,0.007534619129936887,0.00530453932637642,10
2007-05-25,0.012679376400070256,1.1897163120567376,0.012441433137658909,0.011489660088013519,0.01029994377595678,0.007920511151843305,10
2007-06-25,0.04296952380081399,1.156186277211353,0.04273828654537171,0.04181333752360263,0.040657151246391285,0.038344778691968576,10
2007-07-24,0.024796629458090663,1.0982915403692477,0.024576971150016814,0.023698337917721416,0.02260004637735217,0.02040346329661367,10
2007-08-21,0.022051609590278652,1.232157234193701,0.02180517814343991,0.020819452356084952,0.01958729512189125,0.017122980653503848,10
2007-09-19,0.0862454189279095,1.0467203409898176,0.08603607485971154,0.08519869858691968,0.08415197824592986,0.08205853756395023,10
2007-10-17,0.06000784608714689,1.0439610389610388,0.059799053879354684,0.05896388504818585,0.05791992400922481,0.055832001931302735,10
2007-11-14,0.0509555681402908,1.0814303253529773,0.0507392820752202,0.049874137814937824,0.04879270748958484,0.04662984683887889,10
2007-12-13,0.1111999934036575,0.9704112952731738,0.11100591114460286,0.11022958210838432,0.10925917081311115,0.1073183482225648,10
2008-01-14,-0.15036504496489095,0.9104787161702707,-0.150547140708125,-0.15127552368106123,-0.15218600239723148,-0.15400695982957202,10
2008-02-12,0.11475491233446386,0.9919343997849174,0.11455652545450688,0.11376297793467895,0.11277104353489402,0.11078717473532419,10
2008-03-12,-0.0349530580800106,0.8352601156069365,-0.035120110103131985,-0.035788318195617536,-0.036623578311224474,-0.03829409854243834,10
2008-04-10,0.03202730371937572,0.6769160326852635,0.031891920512838665,0.031350387686690455,0.03067347165400519,0.029319639588634663,10
2008-05-08,0.06884753529394347,0.8364342743085258,0.06868024843908176,0.06801110101963494,0.06717466674532642,0.06550179819670937,10
2008-06-06,0.1590740746545426,0.8710843373493976,0.15889985778707272,0.1582029903171932,0.1573319059798438,0.155589737305145,10
2008-07-07,-0.14014756914930085,0.9921362095086934,-0.1403459963912026,-0.14113970535880954,-0.14213184156831823,-0.14411611398733562,10
2008-08-04,-0.09891307731226934,1.0519443041627587,-0.09912346617310189,-0.0999650216164321,-0.10101696592059485,-0.10312085452892038,10
2008-09-02,0.07349059929601516,0.7321285140562249,0.07334417359320392,0.07275847078195893,0.07202634226790271,0.07056208523979027,10
2008-09-30,0.20228361636745232,0.9761904761904762,0.20208837827221424,0.20130742589126185,0.20033123541507136,0.1983788544626904,10
2008-10-28,0.1702448664530443,1.017857142857143,0.17004129502447285,0.16922700931018714,0.16820915216733,0.16617343788161573,10
2008-11-25,-0.1621466592021812,0.7574783337992732,-0.16229815486894103,-0.16290413753598046,-0.16366161586977973,-0.16517657253737827,10
2008-12-24,-0.09605851326675205,0.6719070403280929,-0.09619289467481766,-0.09673042030708014,-0.09740232734740824,-0.09874614142806443,10
2009-01-26,0.08585241597878675,0.6930111434108528,0.08571381375010458,0.0851594048353759,0.08446639369196504,0.08308037140514334,10
2009-02-24,-0.13657098681238347,0.631458169420404,-0.13669727844626756,-0.13720244498180387,-0.1378339031512243,-0.13909681949006508,10
2009-03-24,-0.24177583224183463,0.6454085032653605,-0.2419049139424877,-0.2424212407451,-0.24306664924836535,-0.24435746625489607,10
2009-04-22,-0.2792871854000665,0.6463783914728682,-0.27941646107836104,-0.27993356379153933,-0.2805799421830122,-0.28187269896595796,10
2009-05-20,0.005059935498248706,0.7689969604863222,0.004906136106151441,0.0042909385377623835,0.003521941577276062,0.0019839476563034172,10
2009-06-18,0.023483669577992004,0.6981762917933131,0.02334403431963334,0.02278549328619869,0.022087316994405377,0.02069096441081875,10
2009-07-17,-0.2097334752621945,0.565837479270315,-0.20984664275804854,-0.2102993127414648,-0.21086515022073513,-0.21199682517927576,10
2009-08-14,-0.06461211230373702,0.907142857142857,-0.06479354087516559,-0.06551925516087988,-0.06642639801802273,-0.06824068373230845,10
2009-09-14,-0.02627840563708475,0.9642857142857143,-0.026471262779941895,-0.027242691351370463,-0.02820697706565618,-0.03013554849422761,10
2009-10-12,0.058440749564641535,1.3321681864235058,0.058174315927356834,0.05710858137821803,0.05577641319179452,0.053112076818947515,10
2009-11-09,-0.009421554550000728,1.3069536097705112,-0.00968294527195483,-0.010728508159771239,-0.01203546176954175,-0.014649368989082773,10
2009-12-08,-0.09723215961936019,1.2436225746084901,-0.09748088413428188,-0.09847578219396867,-0.09971940476857717,-0.10220664991779414,10
2010-01-07,-0.035720175228960226,1.2058823529411766,-0.03596135169954846,-0.0369260575819014,-0.03813193993484258,-0.04054370464072493,10
2010-02-05,-0.04481267349073377,1.402199979147117,-0.0450931134865632,-0.04621487346988089,-0.047617073449028005,-0.05042147340732224,10
2010-03-08,-0.007150880333579297,1.1673159524523027,-0.007384343524069758,-0.0083181962860316,-0.009485512238483903,-0.011820144143388507,10
2010-04-06,0.006530344916001211,1.1794871794871795,0.006294447480103775,0.005350857736514032,0.004171370557026852,0.0018123961980524928,10
2010-05-04,0.021371961354153236,1.204459161147903,0.021131069521923656,0.020167502193005334,0.018963043031857432,0.016554124709561625,10
2010-06-02,0.043942091768713255,1.2571428571428571,0.043690663197284686,0.042684948911570396,0.04142780605442754,0.038913520340141824,10
2010-06-30,-0.058379525165926545,0.9909090909090909,-0.058577706984108364,-0.059370434256835636,-0.06036134334774473,-0.06234316152956291,10
2010-07-29,0.062414141829481184,0.9337229048047148,0.06222739724852024,0.06148041892467647,0.060546696019871754,0.058679250210262324,10
2010-08-26,-0.06802343449594588,0.9532952501851264,-0.0682140935459829,-0.068976729746131,-0.06993002499631613,-0.07183661549668638,10
2010-09-24,-0.025136084875363986,0.9081260364842454,-0.025317710082660833,-0.02604421091184823,-0.026952336948332475,-0.02876858902130097,10
2010-10-22,0.0023088531408077366,0.9978625795016162,0.0021092806249074134,0.0013109905613061204,0.0003131279818045043,-0.001682597177198728,10
2010-11-19,-0.03881856088550452,1.150478927203065,-0.039048656670945134,-0.03996903981270759,-0.04111951873991065,-0.043420476594316776,10
2010-12-20,-0.025227705854584795,1.194980694980695,-0.025466701993580934,-0.02642268654956549,-0.027617667244546184,-0.030007628634507573,10
2011-01-19,0.0009803619912444783,1.1341239198382054,0.0007535372072768373,-0.00015376192859372717,-0.0012878858484319327,-0.0035561336881083437,10
2011-02-16,0.03793174950058853,1.194980694980695,0.03769275336159239,0.03673676880560783,0.03554178811062714,0.03315182672066575,10
2011-03-17,0.014374295672251361,1.2069009421950598,0.014132915483812349,0.0131673947300563,0.01196049378786124,0.00954669190347112,10
2011-04-14,0.013861639980730712,1.0373058314234784,0.013654178814446017,0.012824334149307233,0.011787028317883756,0.009712416655036797,10
2011-05-13,0.05030895392636815,1.1583892617449663,0.050077276074019156,0.049150564664623184,0.04799217540287822,0.045675396879388284,10
2011-06-13,-0.0005119957599080925,1.0714988814317672,-0.0007262955361944459,-0.0015834946413398597,-0.002654993522771627,-0.004797991285635161,10
2011-07-12,0.11167829505913146,0.8603801169590644,0.11150621903573965,0.1108179149421724,0.10995753482521334,0.1082367745912952,10
2011-08-09,0.0005321389792242621,0.9934640522875817,0.0003334461687667458,-0.00046132507306331956,-0.0014547891253509013,-0.0034417172299260647,10
2011-09-07,0.0832202208909266,0.6601307189542484,0.08308819474713575,0.08256009017197234,0.0818999594530181,0.0805796980151096,10
2011-10-05,-0.13266582714037065,0.7907284768211921,-0.13282397283573488,-0.13345655561719183,-0.13424728409401304,-0.1358287410476554,10
2011-11-02,0.04448286306339403,0.7428908833254605,0.04433428488672894,0.04373997218006857,0.04299708129674311,0.04151129953009219,10
2011-12-01,0.03778383786835482,0.793103448275862,0.03762521717869965,0.036990734420078955,0.0361976309718031,0.03461142407525137,10
2011-12-30,-0.1555264696220404,0.8431498079385402,-0.1556950995836281,-0.15636961942997893,-0.15721276923791747,-0.15889906885379454,10
2012-01-31,-0.017721277529768775,0.983789260385005,-0.017918035381845776,-0.01870506679015378,-0.019688856050538786,-0.021656434571308794,10
2012-02-29,0.03409608470648615,1.0272108843537415,0.033890642529615406,0.03306887382213241,0.03204166293777867,0.029987241169071185,10
2012-03-28,0.048925296518392905,0.9659863945578231,0.04873209923948134,0.04795931012383508,0.04699332372927726,0.045061350940161615,10
2012-04-26,0.09623196674277323,1.0390923492684745,0.09602414827291954,0.09519287439350475,0.09415378204423629,0.09207559734569934,10
2012-05-24,0.019575151759689595,1.082192455431892,0.019358713268603216,0.018492959304257702,0.01741076684882581,0.015246381937962027,10
2012-06-22,0.020863449434032122,0.9063823500443219,0.02068217296402326,0.0199570670839878,0.019050684733943477,0.017237920033854832,10
2012-07-23,-0.09731377929320284,0.8740611446101766,-0.09748859152212487,-0.09818784043781302,-0.09906190158242319,-0.10081002387164355,10
2012-08-20,-0.03903626676975358,1.3033957473817837,-0.039296945919229935,-0.04033966251713536,-0.04164305826451715,-0.044249849759280716,10
2012-09-18,0.046748822339613125,0.9839204485348567,0.046552038249906155,0.04576490189107827,0.04478098144254341,0.0428131405454737,10
2012-10-16,0.04392725007527792,1.0851840266916901,0.043710213269939575,0.04284206604858622,0.04175688202189454,0.03958651396851116,10
2012-11-15,-0.0587893186362502,1.063079970805964,-0.05900193463041139,-0.05985239860705616,-0.06091547857786213,-0.06304163851947406,10
2012-12-14,-0.024071030182256162,0.8928290876444843,-0.02424959599978506,-0.024963859269900645,-0.02585668835754513,-0.027642346532834098,10
2013-01-15,0.007159478323190223,0.9911356249384418,0.006961251198202535,0.006168342698251781,0.005177207073313339,0.0031949358234364565,10
2013-02-13,0.0406629313061456,1.0401612276612278,0.04045489906061336,0.03962277007848437,0.038582608850823145,0.03650228639550069,10
2013-03-14,0.018244303364713263,1.1399419553781969,0.018016314973637624,0.017104361409335064,0.01596441945395687,0.013684535543200475,10
2013-04-12,-0.004406214310059631,1.173453654997279,-0.0046409050410590865,-0.00557966796505691,-0.006753121620054189,-0.009100028930048746,10
2013-05-10,0.005527967926869481,1.1245916114790286,0.005303049604573676,0.004403376315390452,0.003278784703911424,0.0010296014809533663,10
2013-06-10,0.04226895652189569,1.1581456953642384,0.04203732738282284,0.04111081082653145,0.039952665131167214,0.03763637374043874,10
2013-07-09,-0.022819272624755325,1.1293859649122808,-0.02304514981773778,-0.023948658589667608,-0.025078044554579886,-0.027336816484404447,10
2013-08-06,-0.01269343168848555,1.2085913312693497,-0.01293514995473942,-0.013902023019754899,-0.01511061435102425,-0.017527797013562947,10
2013-09-04,0.01387939037828544,1.1034141726866185,0.013658707543748115,0.01277597620559882,0.011672562032912202,0.009465733687538965,10
2013-10-02,0.020181210050503044,1.1287666581784228,0.01995545671886736,0.019052443392324623,0.017923676734146198,0.015666143417789352,10
2013-10-30,-0.0046682050831553384,1.1464019851116627,-0.004897485480177671,-0.005814607068267001,-0.006961009053378663,-0.009253813023601988,10
2013-11-27,-0.019291571774366228,1.1791149068322981,-0.019527394755732688,-0.020470686681198526,-0.021649801588030825,-0.02400803140169542,10
2013-12-27,-0.021121140492692973,1.110442546583851,-0.021343229002009745,-0.022231583039276824,-0.023342025585860675,-0.025562910679028376,10
2014-01-28,0.004351630160290382,1.176043692952267,0.004116421421699929,0.003175586467338115,0.001999542774385848,-0.00035254461151868616,10
2014-02-26,-0.014012821061547134,1.1536213287710293,-0.01424354532730134,-0.015166442390318164,-0.016320063719089194,-0.01862730637663125,10
2014-03-26,-0.009763831632966076,1.2226592412112773,-0.010008363481208331,-0.010986490874177354,-0.012209150115388631,-0.014654468597811186,10
2014-04-24,0.036413919280698176,1.1101287852419075,0.03619189352364979,0.03530379049545627,0.03419366171021436,0.031973404139730544,10
2014-05-22,-0.05226936529313631,1.0769401330376942,-0.05248475331974385,-0.05334630542617401,-0.0544232455592117,-0.05657712582528709,10
2014-06-20,0.04395693158965433,1.0042128603104215,0.043756089017592245,0.042952718729343906,0.04194850586903349,0.039940080148412646,10
2014-07-21,-0.05493993214760699,1.0836659275683664,-0.055156665333120664,-0.05602359807517536,-0.05710726400274373,-0.05927459585788046,10
2014-08-18,0.007498096644778336,0.9922025129342202,0.007299656142191492,0.006505894131844115,0.005513691618909895,0.003529286593041455,10
2014-09-16,0.08280171365385434,0.979580745341615,0.08260579750478603,0.08182213290851273,0.08084255216317111,0.07888339067248788,10
2014-10-14,-0.03757983885237365,1.0476573882370983,-0.03778937033002107,-0.038627496240610744,-0.039675153628847847,-0.041770468405322045,10
2014-11-11,0.11388137542528656,1.0164490296515403,0.11367808561935626,0.11286492639563503,0.11184847736598348,0.1098155793066804,10
2014-12-10,-0.022180180835836415,1.1245941851237287,-0.02240509967286116,-0.023304775020960143,-0.02442936920608387,-0.02667855757633133,10
2015-01-09,-0.04302887857673508,1.0049150036954915,-0.04322986157747418,-0.04403379358043057,-0.045038708584126064,-0.04704853859151705,10
2015-02-09,0.03685658629868161,1.0167775314116778,0.03665323079239927,0.035839808767269936,0.034823031235858254,0.0327894761730349,10
2015-03-10,-0.01854389875756928,1.047117516629712,-0.018753322260895225,-0.019591016274198993,-0.020638133790828704,-0.02273236882408813,10
2015-04-08,-0.04504492076860356,0.986633875106929,-0.04524224754362494,-0.04603155464371049,-0.047018188518817415,-0.04899145626903127,10
2015-05-06,0.032429260354902484,0.9746578272027374,0.03223432878946193,0.03145460252769974,0.03047994470049701,0.028530629046091535,10
2015-06-04,0.09608519107155483,0.9636363636363636,0.09589246379882756,0.09512155470791847,0.09415791834428211,0.09223064561700937,10
2015-07-02,0.12624844527358392,0.9986221266299233,0.12604872084825794,0.125249823146954,0.12425120102032407,0.12225395676706423,10
2015-07-31,0.03085350452453655,0.9405498050813281,0.030665394563520285,0.029912954719455223,0.028972404914373893,0.027091305304211236,10
2015-08-28,0.12254325985429941,0.8882352941176471,0.12236561279547588,0.12165502456018176,0.12076678926606411,0.11899031867782882,10
2015-09-28,-0.039413052835417295,0.7588235294117648,-0.039564817541299646,-0.04017187636482906,-0.04093069989424082,-0.042448346953064355,10
2015-10-26,-0.01671317927315489,0.8568382462965733,-0.016884546922414204,-0.01757001751945146,-0.018426855765748037,-0.020140532258341184,10
2015-11-23,0.007812087686871206,0.9329620605638704,0.0076254952747584325,0.006879125626307336,0.005946163565743465,0.004080239444615724,10
2015-12-22,0.12014863576573388,0.903759136790811,0.11996788393837572,0.11924487662894308,0.11834111749215226,0.11653359921857064,10
2016-01-22,0.008683046304713105,0.7946250356429998,0.008524121297584505,0.007888421269070106,0.007093796233427105,0.005504546162141106,10
2016-02-22,-0.12511674090376793,0.7401336477987421,-0.12526476763332767,-0.12585687455156666,-0.12659700819936542,-0.1280772754949629,10
2016-03-21,-0.08551485913190791,0.8550341231500652,-0.08568586595653793,-0.08636989325505798,-0.08722492737820804,-0.08893499562450817,10
2016-04-19,0.03380180063206876,0.8741660915573959,0.03362696741375728,0.03292763454051136,0.032053468448953966,0.030305136265839173,10
2016-05-17,-0.01893451654210576,0.922060345513892,-0.01911892861120854,-0.019856576887619652,-0.020778637233133546,-0.02262275792416133,10
2016-06-15,-0.024077918175418316,0.8022450441843803,-0.02423836718425519,-0.024880163219602697,-0.025682408263787076,-0.027286898352155836,10
2016-07-14,-0.060569922266966225,1.0714338507021435,-0.06078420903710666,-0.06164135611766837,-0.06271278996837051,-0.0648556576697748,10
2016-08-11,-0.024988257221631005,1.1322616407982262,-0.02521470954979065,-0.02612051886242923,-0.027252780503227457,-0.02951730378482391,10
2016-09-09,0.0038220095486460777,0.9797748447204969,0.0036260545797019783,0.002842234703925581,0.0018624598592050837,-9.708983023591026e-05,10
2016-10-07,0.08224122104362287,0.9610248447204969,0.08204901607467878,0.08128019619890238,0.08031917135418187,0.07839712166474089,10
2016-11-04,-0.0709514272453522,1.0667313664596274,-0.07116477351864411,-0.07201815861181182,-0.07308488997827145,-0.0752183527111907,10
2016-12-05,-0.018672078495779315,1.132530939752482,-0.018898584683729812,-0.0198046094355318,-0.02093714037528428,-0.023202202254789243,10
2017-01-04,0.002549427399930826,1.086155310757514,0.002332196337779323,0.0014632720891733118,0.0003771167784157978,-0.0017951938430992302,10
2017-02-02,0.013871581138456116,1.1334709322325422,0.013644886952009607,0.012738110206223573,0.011604639273991031,0.009337697409525947,10
2017-03-03,0.01522897516959638,1.1194231471339904,0.015005090540169583,0.01410955202246239,0.0129901288753284,0.01075128258106042,10
2017-03-31,0.044031309374226404,1.0167579408543261,0.04382795778605554,0.04301455143337208,0.041997793492517754,0.0399642776108091,10
2017-05-01,0.061019410072364895,1.0,0.060819410072364896,0.060019410072364894,0.05901941007236489,0.0570194100723649,10
2017-05-30,-0.020027357441593053,1.0462087872447876,-0.02023659919904201,-0.02107356622883784,-0.02211977501608263,-0.024212192590572203,10
2017-06-27,-0.012257543864645525,1.0880382092956942,-0.012475151506504663,-0.01334558207394122,-0.014433620283236913,-0.0166096967018283,10
2017-07-26,0.06731598709899035,1.1301682349586541,0.06708995345199863,0.0661858188640317,0.06505565062907304,0.06279531415915574,10
2017-08-23,-0.06168065098923964,1.1139689578713967,-0.061903444780813915,-0.06279461994711104,-0.06390858890498244,-0.06613652682072522,10
2017-09-21,0.028509975592506218,1.0290465631929047,0.028304166279867638,0.027480929029313313,0.02645188246612041,0.0243937893397346,10
2017-10-19,0.046642197715721825,1.065461847389558,0.046429105346243914,0.04557673586833227,0.04451127402094271,0.04238035032616359,10
2017-11-16,-0.0338961865053479,1.1238594240091246,-0.034120958390149725,-0.03502004592935702,-0.036143905353366146,-0.038391624201384394,10
2017-12-15,-0.05038178539126728,1.0104072398190045,-0.05058386683923108,-0.051392192631086284,-0.052402599870905286,-0.0544234143505433,10
2018-01-17,0.021800547326123118,1.0924320605435156,0.021582060914014416,0.020708115265579603,0.019615683205036087,0.017430819083949056,10
2018-02-14,0.007530231196316553,1.1552291974727784,0.007299185356821998,0.006375001998843775,0.005219772801370997,0.00290931440642544,10
2018-03-15,-0.016076964516633846,0.99247947454844,-0.016275460411543534,-0.017069443991182286,-0.018061923465730725,-0.020046882414827605,10
2018-04-13,0.019613031838456203,0.9927093596059113,0.019414489966535022,0.01862032247885029,0.017627613119244382,0.015642194400032557,10
2018-05-11,-0.009188382564216868,1.0556321839080458,-0.009399509000998478,-0.010244014748124914,-0.01129964693203296,-0.013410911299849051,10
2018-06-11,-0.02095442159793245,1.0158129027971563,-0.02115758417849188,-0.02197023450072961,-0.022986047403526763,-0.025017673209121075,10
2018-07-10,0.034024741153916405,1.11576660459342,0.03380158783299772,0.032908974549322983,0.03179320794472956,0.029561674735542724,10
2018-08-07,0.03865246524032733,1.0986343885785228,0.03843273836261163,0.03755383085174881,0.03645519646317029,0.03425792768601324,10
2018-09-05,0.0039969842543734965,1.0805297557619538,0.003780878303221106,0.0029164544986115424,0.0018359247428495888,-0.000325134768674319,10
2018-10-03,0.0450048846672841,1.1783505847560156,0.04476921455033289,0.04382653408252808,0.042648183497772066,0.040291482328260034,10
2018-10-31,-0.0015847955223088663,1.07927812878075,-0.0018006511480650163,-0.0026640736510896166,-0.0037433517798703664,-0.005901908037431867,10
2018-11-29,0.08686427678231731,0.8579881656804733,0.08669267914918122,0.08600628861663684,0.08514830045095637,0.08343232411959542,10
2018-12-31,-0.14657679065707938,0.7851026801253045,-0.14673381119310444,-0.14736189333720467,-0.14814699601732997,-0.1497172013775806,10
2019-01-30,-0.019598377563852073,0.7969718064740688,-0.019757771925146887,-0.02039534937032614,-0.02119232117680021,-0.022786264789748347,10
2019-02-28,0.03345352296765672,0.9071558963125228,0.033272091788394215,0.032546367071344194,0.03163921117503167,0.029824899382406626,10
2019-03-28,-0.020086832378557316,0.9381950384944397,-0.020274471386256203,-0.021025027417051756,-0.021963222455546196,-0.023839612532535075,10
2019-04-26,0.08346159101213188,0.9324208725406329,0.08327510683762375,0.08252917013959125,0.08159674926705061,0.07973190752196935,10
2019-05-24,0.07285162611569272,1.0157790927021695,0.07264847029715228,0.07183584702299055,0.07082006793028839,0.06878850974488404,10
2019-06-24,0.03270123076337003,0.8199140602986756,0.0325372479513103,0.03188131670307136,0.03106140264277268,0.02942157452217533,10
2019-07-23,0.06882960447639355,0.9924059875867105,0.06863112327887622,0.06783719848880684,0.06684479250122013,0.0648599805260467,10
2019-08-20,-0.12502918594871787,1.0461576846307385,-0.12523841748564402,-0.1260753436333486,-0.12712150131797934,-0.12921381668724083,10
2019-09-18,0.053586847478477244,0.9625035642999714,0.05339434676561725,0.05262434391417727,0.0516618403498773,0.04973683322127736,10
2019-10-16,-0.007197744160600976,0.8318185260925546,-0.007364107865819487,-0.00802956268669353,-0.008861381212786085,-0.010525018264971195,10
2019-11-13,-0.04286437004600385,1.1137472283813747,-0.04308711949168013,-0.04397811727438523,-0.0450918645027666,-0.04731935895952935,10
2019-12-12,-0.018479937108096662,1.0528294998174514,-0.018690503008060154,-0.019532766607914115,-0.020585596107731564,-0.022691255107366467,10
2020-01-13,0.054446642041926306,1.0104072398190047,0.05424456059396251,0.0534362348021073,0.052425827562288294,0.05040501308265029,10
2020-02-11,0.12173358523493909,1.0751131221719459,0.1215185626105047,0.12065847211276715,0.11958335899059519,0.1174331327462513,10
2020-03-11,0.014277935967889812,1.203358890105878,0.014037264189868637,0.013074577077783934,0.011871218187678056,0.009464500407466301,10
2020-04-08,-0.07024286182631123,0.8888645491055129,-0.07042063473613233,-0.07113172637541675,-0.07202059092452226,-0.07379832002273329,10
2020-05-07,-0.4115074703345933,0.7921504198612632,-0.41166590041856554,-0.41229962075445453,-0.41309177117431584,-0.41467607201403833,10
2020-06-05,0.17405000372832505,1.0452836756004174,0.17384094699320496,0.17300472005272463,0.17195943637712421,0.16986886902592338,10
2020-07-06,0.08821632994164529,0.9187532100667694,0.08803257929963193,0.08729757673157852,0.08637882352151174,0.0845413171013782,10
2020-08-03,-0.07180358902204005,0.9189137134052388,-0.0719873717647211,-0.0727225027354453,-0.07364141644885053,-0.075479243875661,10
2020-08-31,0.03853114387302268,1.079681408791504,0.038315207591264375,0.03745146246423117,0.03637178105543967,0.03421241823785666,10
2020-09-29,0.005588810028878609,0.9810509031198686,0.0053925998482546355,0.0046077591257587406,0.003626708222638872,0.0016646064163991347,10
2020-10-27,-0.30692622751713544,1.0500164203612479,-0.30713623080120767,-0.3079762439374967,-0.30902626035785796,-0.31112629319858043,10
2020-11-24,-0.019031564023044727,1.2561672211411712,-0.01928279746727296,-0.020287731244185897,-0.021543898465327067,-0.02405623290760941,10
2020-12-23,-0.04732289654687811,1.135978835978836,-0.04755009231407387,-0.048458875382856946,-0.049594854218835784,-0.05186681189079345,10
2021-01-25,-0.08590142856467178,1.1938735728209413,-0.08614020327923597,-0.08709530213749272,-0.08828917571031367,-0.09067692285595555,10
2021-02-23,0.029770246297833695,1.4331317368190022,0.029483619950469896,0.028337114561014693,0.02690398282419569,0.024037719350557686,10
2021-03-23,0.1209445122194715,1.355738880918221,0.12067336444328786,0.11958877333855328,0.11823303445763506,0.11552155669579861,10
2021-04-21,0.06845276406689862,1.0572453371592538,0.06824131499946677,0.06739551872973937,0.06633827339258011,0.06422378271826161,10
2021-05-19,-0.18361037259865845,1.0091077661431065,-0.18381219415188707,-0.18461948036480155,-0.18562858813094466,-0.1876468036632309,10
2021-06-17,0.11254592463531453,0.998637893274932,0.11234619705665955,0.11154728674203959,0.11054864884876467,0.1085513730622148,10
2021-07-16,0.06544860411796327,0.9088059701492537,0.06526684292393342,0.06453979814781402,0.06363099217766477,0.06181338023736626,10
2021-08-13,-0.036602367899544325,1.003407960199005,-0.036803049491584125,-0.037605775859743326,-0.038609183819942335,-0.040615999740340344,10
2021-09-13,0.04598696340411437,0.9768671897704154,0.04579158996616029,0.04501009621434396,0.044033229024573545,0.04207949464503271,10
2021-10-11,-0.05053852844449612,1.0142353506757118,-0.05074137551463126,-0.05155276379517183,-0.052566999145847546,-0.054595469847198964,10
2021-11-08,0.12382613104336249,1.107259227605363,0.12360467919784142,0.12271887181575712,0.12161161258815176,0.11939709413294103,10
2021-12-07,0.1282541802331811,1.0552471583399416,0.1280431308015131,0.12719893307484118,0.1261436859165012,0.12403319159982135,10
2022-01-05,0.16332858754123072,0.9780068728522336,0.16313298616666028,0.16235058066837849,0.16137257379552625,0.1594165600498218,10
2022-02-03,0.077463202450186,0.9416430746220821,0.07727487383526158,0.07652155937556392,0.07557991630094182,0.07369663015169767,10
2022-03-04,-0.09008596756641289,0.8006599158038458,-0.09024609954957366,-0.09088662748221674,-0.09168728739802058,-0.09328860722962827,10
2022-04-01,0.1645226145328016,0.8110967184801382,0.16436039518910556,0.16371151781432144,0.16290042109584132,0.16127822765888103,10
2022-05-02,0.13152362541828214,0.8370574265975821,0.13135621393296262,0.13068656799168454,0.12984951056508698,0.12817539571189182,10
2022-05-31,-0.0432678795549923,0.7058823529411766,-0.04340905602558053,-0.04397376190793347,-0.04467964426087465,-0.046091408966757,10
2022-06-29,-0.08256582664473452,0.786096256684492,-0.08272304589607142,-0.08335192290141902,-0.08413801915810351,-0.0857102116714725,10
2022-07-28,-0.037588531990676154,0.6438100166752918,-0.03771729399401121,-0.03823234200735145,-0.038876152024026736,-0.04016377205737732,10
2022-08-25,0.0952003630476679,0.7824469630921244,0.09504387365504947,0.09441791608457577,0.09363546912148364,0.09207057519529939,10
2022-09-23,0.04077681795874967,0.7228421970357455,0.04063224951934252,0.04005397576171393,0.039331133564678177,0.03788544917060669,10
2022-10-21,-0.03267899187617048,0.6321976672805402,-0.032805431409626586,-0.03331118954345102,-0.03394338721073156,-0.035207782545292644,10
2022-11-18,0.02232968035832083,0.9227550130775938,0.02214512935570531,0.021406925345243234,0.02048417033216564,0.018638660306010454,10
2022-12-19,-0.10255574493806498,0.7878814298169137,-0.10271332122402836,-0.10334362636788189,-0.10413150779769881,-0.10570727065733262,10
2023-01-19,-0.09319683166695912,0.9275659301496793,-0.09338234485298906,-0.0941243975971088,-0.09505196352725848,-0.09690709538755783,10
2023-02-16,0.08694588861558421,0.9101147471313218,0.08676386566615794,0.08603577386845289,0.08512565912132157,0.08330542962705892,10
2023-03-17,-0.005776882525808607,1.009027657984015,-0.0059786880574054105,-0.006785910183792623,-0.007794937841776637,-0.009812993157744667,10
2023-04-17,0.045133057885894674,0.8048990857340004,0.044972078068747874,0.04432815880016067,0.04352325971442667,0.04191346154295867,10
2023-05-15,-0.10245080409955042,0.9376989131087492,-0.10263834388217216,-0.10338850301265917,-0.10432620192576791,-0.10620159975198541,10
2023-06-13,-0.029767039168326823,0.8997177685702277,-0.02994698272204087,-0.03066675693689705,-0.03156647470546728,-0.03336591024260773,10
2023-07-13,0.0033385043385251853,1.0357705730046156,0.003131350223924262,0.0023027337655205696,0.001266963192515954,-0.0008045779534932773,10
2023-08-10,0.05988318228141552,1.1415906788247214,0.05965486414565058,0.0587415916025908,0.05760000092376608,0.055316819566116636,10
2023-09-08,0.0947956682741507,0.964610190300798,0.09460274623609054,0.09383105808384991,0.0928664478935491,0.09093722751294751,10
2023-10-06,-0.0018217136133613075,0.8685329778454897,-0.0019954202089304054,-0.0026902465912067974,-0.003558779569052287,-0.005295845524743267,10
2023-11-03,-0.049812519530454756,0.8681838379991111,-0.04998615629805458,-0.050680703368453865,-0.05154888720645298,-0.0532852548824512,10
2006-01-19,0.0012777234324533341,0.9999999999999999,0.001077723432453334,0.00027772343245333433,-0.0007222765675466655,-0.002722276567546665,11
2006-02-16,0.012196876650054185,1.2349013354594378,0.011949896382962297,0.010961975314594747,0.009727073979135309,0.007257271308216433,11
2006-03-17,-0.0008808580372572177,1.1253072885522557,-0.0011059194949676688,-0.0020061653258094734,-0.003131472614361729,-0.005382087191466241,11
2006-04-17,0.0019619289501245354,1.1492472106465923,0.001732079507995217,0.0008126817394779431,-0.0003365654711686493,-0.002635059892461834,11
2006-05-15,0.040913052536632515,1.1957087538881483,0.04067391078585488,0.039717343782744365,0.03852163502885622,0.03613021752107992,11
2006-06-13,0.024657882808665404,0.9977147210055227,0.0244583398644643,0.02366016808765988,0.02266245336665436,0.020667023924643313,11
2006-07-12,0.03411514672291133,0.7888157010350854,0.03395738358270431,0.033326331021876245,0.032537515320841155,0.030959883918770987,11
2006-08-09,-0.060891459885281954,0.8992136039790295,-0.06107130260607776,-0.06179067348926098,-0.06268988709324001,-0.06448831430119807,11
2006-09-07,-0.03334001937045993,0.8664456800684346,-0.03351330850647362,-0.034206465050528365,-0.035072910730596804,-0.03680580209073367,11
2006-10-05,-0.0436275536560473,1.034232739340596,-0.04383440020391542,-0.0446617863953879,-0.04569601913472849,-0.04776448461340968,11
2006-11-02,-0.030439811628007518,1.0621387283236996,-0.030652239373672258,-0.031501950356331215,-0.03256408908465492,-0.034688366541302314,11
2006-12-01,0.012771491731784199,0.8998521306627235,0.012591521305651655,0.011871639601121475,0.010971787470458752,0.009172083209133305,11
2007-01-03,-0.010967577636695114,1.0911748890979969,-0.011185812614514713,-0.012058752525793111,-0.013149927414891108,-0.015332277193087102,11
2007-02-01,0.003769751732781705,1.1061890087313815,0.003548513931035429,0.0026635627240503236,0.001557373715318942,-0.0006550043021438211,11
2007-03-02,0.03351250418411322,1.0799647473560519,0.033296511234642015,0.03243253943675717,0.03135257468940112,0.029192645194689015,11
2007-03-30,-0.0009442744377120553,0.9062279670975324,-0.0011255200311315618,-0.0018505024048095877,-0.0027567303719071203,-0.004569186306102185,11
2007-04-30,0.022591021763642336,1.092222694432639,0.02237257722475581,0.021498799069209696,0.02040657637477706,0.01822213098591178,11
2007-05-29,0.03357327960590379,1.1638696097394472,0.0333405056839559,0.032409409996164346,0.031245540386424894,0.028917801166946002,11
2007-06-26,0.04157859899750976,1.1180375647668392,0.04135499148455639,0.04046056143274292,0.03934252386797608,0.0371064487384424,11
2007-07-25,0.03730684543988646,1.071243523316062,0.03709259673522325,0.036235601916570395,0.03516435839325433,0.03302187134662221,11
2007-08-22,0.05097765886971814,1.1744858919177428,0.05074276169133459,0.049803172977800396,0.04862868708588265,0.04627971530204717,11
2007-09-20,0.08458245886011412,1.140004782400765,0.08435445790363397,0.08344245407771335,0.0823024492953126,0.08002243973051106,11
2007-10-18,0.04825380340852054,1.0614121510673233,0.04804152097830708,0.04719239125745322,0.046130979106385896,0.04400815480425125,11
2007-11-15,0.05746167915925518,1.0833333333333335,0.057245012492588516,0.05637834582592185,0.055295012492588516,0.053128345825921845,11
2007-12-14,0.10374333850527,0.9611111111111111,0.10355111628304778,0.10278222739415889,0.10182111628304777,0.09989889406082555,11
2008-01-15,-0.1952196700183504,0.9045627634978919,-0.19540058257104997,-0.1961242327818483,-0.19702879554534616,-0.19883792107234197,11
2008-02-13,0.12141320286804927,1.0379044581755366,0.12120562197641416,0.12037529840987374,0.11933739395169819,0.11726158503534712,11
2008-03-13,-0.019685971928595516,0.8303434987708457,-0.019852040628349686,-0.02051631542736636,-0.021346658926137206,-0.0230073459236789,11
2008-04-11,0.03202153774861186,0.688679909833756,0.03188380176664511,0.03133285783877811,0.03064417792894435,0.029266818109276838,11
2008-05-09,0.11560052737148203,0.8414255825698003,0.11543224225496808,0.11475910178891223,0.11391767620634244,0.11223482504120283,11
2008-06-09,0.1065894550131537,0.8163928441036875,0.10642617644433296,0.10577306216905001,0.10495666932494632,0.10332388363673894,11
2008-07-08,-0.12020204828545661,0.9161676646706587,-0.12038528181839074,-0.12111821595012727,-0.12203438361479793,-0.12386671894413924,11
2008-08-05,-0.06986875813004793,1.0,-0.07006875813004794,-0.07086875813004793,-0.07186875813004794,-0.07386875813004794,11
2008-09-03,0.07431943517410235,0.7275088377461945,0.07417393340655311,0.07359192633635615,0.07286441749860996,0.07140939982311757,11
2008-10-01,0.17646211101045703,0.9741476472245703,0.17626728148101212,0.17548796336323247,0.17451381571600788,0.17256552042155876,11
2008-10-29,0.13676107405436014,1.0563539025077486,0.1365498032738586,0.1357047201518524,0.13464836624934465,0.13253565844432913,11
2008-11-26,-0.05699743080350299,0.7930226144511859,-0.057156035326393226,-0.05779045341795418,-0.05858347603240536,-0.06016952126130773,11
2008-12-26,-0.08417289856465351,0.6668724048928291,-0.08430627304563208,-0.08483977096954634,-0.08550664337443917,-0.08684038818422483,11
2009-01-27,0.10955737233811202,0.6513287401574803,0.10942710659008052,0.10890604359795454,0.10825471485779706,0.1069520573774821,11
2009-02-25,-0.1649309849332592,0.676952380952381,-0.16506637540944968,-0.16560793731421158,-0.16628488969516395,-0.16763879445706872,11
2009-03-25,-0.24301358063722822,0.6047580967612954,-0.2431345322565805,-0.24361833873398953,-0.2442230968307508,-0.2454326130242734,11
2009-04-23,-0.23423193796717395,0.7030411449016101,-0.23437254619615427,-0.23493497911207556,-0.23563802025697717,-0.2370441025467804,11
2009-05-21,-0.024760746238529134,0.7458376156217883,-0.024909913761653493,-0.025506583854150923,-0.026252421469772712,-0.027744096701016286,11
2009-06-19,0.001157938041172757,0.6600205549845837,0.0010259339301758401,0.0004979174861881732,-0.00016210306879641044,-0.0014821441787655778,11
2009-07-20,-0.15481164764824987,0.5954671088999448,-0.15493074107002985,-0.1554071147571498,-0.15600258186604976,-0.15719351608384965,11
2009-08-17,-0.12293230881134647,0.8538540596094555,-0.12310307962326836,-0.12378616287095592,-0.12464001693056538,-0.12634772504978428,11
2009-09-15,-0.0018828989811919463,0.9976361767728674,-0.00208242621654652,-0.002880535157964814,-0.0038781713347376813,-0.005873443688283416,11
2009-10-13,0.06191551025178544,1.3357142857142856,0.061648367394642585,0.06057979596607115,0.05924408168035687,0.0565726531089283,11
2009-11-10,-0.01681162072508763,1.325514763014763,-0.017076723677690583,-0.018137135488102394,-0.019462650251117156,-0.022113679777146684,11
2009-12-09,-0.10220583178555431,1.186091686091686,-0.10244305012277265,-0.103391923471646,-0.10457801515773768,-0.10695019852992106,11
2010-01-08,-0.02420864984243101,1.2255796479175611,-0.02445376577201452,-0.02543422949034857,-0.02665980913826613,-0.029110968434101256,11
2010-02-08,-0.058879833152087405,1.416901261599416,-0.059163213404407285,-0.06029673441368682,-0.06171363567528624,-0.06454743819848507,11
2010-03-09,-0.0008279599250688367,1.2170612326440915,-0.001071372171597655,-0.002045021157712928,-0.0032620823903570196,-0.005696204855645202,11
2010-04-07,0.025444891357889663,1.1933760683760686,0.02520621614421445,0.024251515289513595,0.023058139221137527,0.020671387084385387,11
2010-05-05,0.02632335373367969,1.2228999651446497,0.02607877374065076,0.02510045376853504,0.02387755380339039,0.021431753873101093,11
2010-06-03,0.05201492724343618,1.0714285714285714,0.05180064152915047,0.05094349867200761,0.04987207010057904,0.047729212957721895,11
2010-07-01,-0.05366065377669858,1.0389610389610389,-0.05386844598449079,-0.054699614815659624,-0.055738575854620664,-0.05781649793254274,11
2010-07-30,0.036285065481541465,0.9549495554889622,0.036094075570443675,0.0353301159260525,0.03437516637056354,0.032465267259585616,11
2010-08-27,-0.04897118028792982,0.9752459536655029,-0.04916622947866292,-0.04994642624159532,-0.05092167219526083,-0.05287216410259184,11
2010-09-27,-0.020672816465733355,0.997549019607843,-0.020872326269654923,-0.021670365485341198,-0.02266791450494904,-0.024663012544164725,11
2010-10-25,0.011617738915144463,1.0558857262016474,0.011406561769904133,0.010561853188942816,0.009505967462741167,0.0073941960103378725,11
2010-11-22,-0.046329959651077134,1.1780651340996169,-0.04656557267789706,-0.04750802478517675,-0.048686089919276365,-0.051042220187475604,11
2010-12-21,-0.023506476294088818,1.1484018264840183,-0.02373615665938562,-0.024654878120572835,-0.025803279947056855,-0.028100083600024892,11
2011-01-20,-0.00266718679530188,1.203522504892368,-0.0029078912962803537,-0.003870709300194248,-0.005074231805086616,-0.007481276814871352,11
2011-02-17,0.03559874908241594,1.2019213090641663,0.03535836482060311,0.034396827773351776,0.03319490646428761,0.030791063846159275,11
2011-03-18,0.014209332782841555,1.1873355402767167,0.013971865674786211,0.013021997242564838,0.011834661702288122,0.00945999062173469,11
2011-04-15,0.009428806413148715,1.0634920634920635,0.009216108000450302,0.008365314349656651,0.007301822286164588,0.005174838159180461,11
2011-05-16,0.04755513533685369,1.1448322147651007,0.04732616889390067,0.04641030312208859,0.04526547090732349,0.04297580647779329,11
2011-06-14,0.002195312529177867,0.9642953020134228,0.0020024534687751823,0.001231017227164444,0.00026672192515102126,-0.0016618686788758244,11
2011-07-13,0.12668759771011973,0.8601651186790507,0.12651556468638392,0.12582743259144066,0.12496726747276163,0.12324693723540352,11
2011-08-10,-0.005015840950955092,0.9326351068286551,-0.005202367972320823,-0.005948476057783748,-0.006881111164612402,-0.008746381378269713,11
2011-09-08,0.03339083097787976,0.7123167155425221,0.03324836763477126,0.03267851426233724,0.031966197546794715,0.03054156411570967,11
2011-10-06,-0.12581315154562098,0.7948485398149826,-0.12597212125358398,-0.12660800008543596,-0.12740284862525095,-0.12899254570488092,11
2011-11-03,0.05250340525721954,0.8198210791165781,0.05233944104139623,0.05168358417810296,0.05086376309898638,0.04922412094075323,11
2011-12-02,0.016826964041897968,0.7379310344827587,0.016679377835001417,0.01608903300741521,0.01535110197293245,0.013875239903966934,11
2012-01-03,-0.13822289883844574,0.7869102728257658,-0.13838028089301088,-0.1390098091112715,-0.13979671938409727,-0.1413705399297488,11
2012-02-01,-0.02018913643011659,1.005065856129686,-0.020390149601342528,-0.02119420228624628,-0.022199268142375963,-0.024209399854635334,11
2012-03-01,0.033921862169690245,1.011674940246369,0.03371952718164097,0.032910187229443874,0.03189851228919751,0.029875162408704768,11
2012-03-29,0.058062300909870704,1.0729453943739657,0.057847711830995914,0.05698935551549674,0.05591641012112277,0.05377051933237484,11
2012-04-27,0.08193559114231094,1.0532829475673122,0.08172493455279747,0.08088230819474362,0.07982902524717632,0.0777224593520417,11
2012-05-25,0.06136870269940146,1.0751502019107653,0.061153672659019304,0.060293552497490695,0.059218402295579925,0.0570681018917584,11
2012-06-25,0.0162065919732204,0.948734364227322,0.016016845100374936,0.015257857608993078,0.014309123244765756,0.012411654516311111,11
2012-07-24,-0.13575358361727377,0.9836679652382379,-0.13595031721032141,-0.13673725158251201,-0.13772091954775026,-0.13968825547822672,11
2012-08-21,-0.03312601262088935,1.2522479636094364,-0.033376462213611235,-0.034378260584498783,-0.035630508548108224,-0.0381350044753271,11
2012-09-19,0.04087586322455953,0.9691632286046759,0.040682030578838596,0.03990669999595485,0.03893753676735018,0.03699921031014083,11
2012-10-17,0.05994930259692477,1.0567015762191896,0.059737962281680934,0.05889260102070558,0.05783589944448639,0.055722496292048014,11
2012-11-16,-0.0791527492822218,1.0562255368666031,-0.07936399438959511,-0.0802089748190884,-0.081265200355955,-0.08337765142968821,11
2012-12-17,-0.023294798453432145,0.9230164964650431,-0.023479401752725153,-0.024217814949897186,-0.02514083144636223,-0.026986864439292317,11
2013-01-16,-0.006261412912039611,1.0263468925440757,-0.006466682290548427,-0.007287759804583687,-0.008314106697127763,-0.010366800482215915,11
2013-02-14,0.03213552553736645,1.0965517241379312,0.031916215192538865,0.031038973813228517,0.029942422089090585,0.027749318640814723,11
2013-03-15,0.009539494527838786,1.0864589078874793,0.00932220274626129,0.008453035619951307,0.007366576712063827,0.005193658896288868,11
2013-04-15,-0.024296933766339734,1.1952564809707666,-0.024535985062533888,-0.0254921902473105,-0.02668744672828127,-0.029077959690222803,11
2013-05-13,-0.0012022299336852255,1.183252004182642,-0.0014388803345217539,-0.0023854819378678676,-0.0035687339420505094,-0.005935237950415793,11
2013-06-11,0.032575829143889776,1.143821889159986,0.03234706476605778,0.03143200725472979,0.030288185365569802,0.028000541587249832,11
2013-07-10,-0.01980492952617517,1.1623667010663914,-0.020037402866388446,-0.02096729622724156,-0.022129662928307953,-0.024454396330440734,11
2013-08-07,-0.0198565614682326,1.2346061231510148,-0.020103482692862804,-0.021091167591383617,-0.02232577371453463,-0.02479498596083666,11
2013-09-05,0.020430169109122924,1.0838063295493636,0.02021340784321305,0.01934636277957356,0.018262556450024198,0.01609494379092547,11
2013-10-03,0.0296233831018078,1.109116373822256,0.02940155982704335,0.028514266727985547,0.02740515035416329,0.025186917606518776,11
2013-10-31,-0.019068371249091776,1.1645843540747998,-0.019301288119906737,-0.020232955603166576,-0.021397539957241377,-0.023726708665390974,11
2013-11-29,-0.008355830754006184,1.1740959119496859,-0.008590649936396121,-0.00952992666595587,-0.010704022577905556,-0.013052214401804927,11
2013-12-30,-0.008322418566370391,1.1292313664596274,-0.008548264839662317,-0.00945164993283002,-0.010580881299289645,-0.012839344032208901,11
2014-01-29,0.0026389989778395793,1.1140428677014043,0.0024161904042992984,0.0015249561101381751,0.0004109132424367709,-0.0018171724929660375,11
2014-02-27,0.00205960220190521,1.18836291913215,0.0018219296180787797,0.0008712392827730597,-0.0003171236363590903,-0.0026938494746233904,11
2014-03-27,0.026679071651362175,1.21082492168465,0.026436906667025244,0.025468246729677523,0.024257421807992875,0.021835771964623572,11
2014-04-25,0.0065429090167550275,1.1218934911242604,0.0063185303185301755,0.005421015525630767,0.004299122034506506,0.0020553350522579854,11
2014-05-23,-0.0529979788534727,1.0770879526977089,-0.05321339644401225,-0.05407506680617041,-0.05515215475886812,-0.057306330664263536,11
2014-06-23,0.04817930876992534,1.0590169992609018,0.04796750537007316,0.047120291770664444,0.04606127477140354,0.04394324077288174,11
2014-07-22,-0.05159911459498269,1.060062107096872,-0.051811127016402066,-0.05265917670207956,-0.05371923880917644,-0.05583936302337018,11
2014-08-19,0.011397391234112604,1.0229493296977958,0.011192801368173045,0.010374441904414809,0.009351492574717013,0.00730559391532142,11
2014-09-17,0.05234309702318156,0.9797178130511464,0.05214715346057133,0.051363379210130414,0.05038366139707927,0.04842422577097697,11
2014-10-15,0.021267035987807836,1.0847327658921861,0.0210500894346294,0.02018230322191565,0.019097570456023463,0.01692810492423909,11
2014-11-12,0.11270684013523037,1.0343242087254063,0.1124999752934853,0.11167251592650497,0.11063819171777955,0.10856954330032875,11
2014-12-11,0.007246276640681153,1.0998003992015968,0.007026316560840834,0.0061464762414795565,0.00504667584227796,0.002847075043874766,11
2015-01-12,-0.04841235311915052,0.9373410145144396,-0.048599821322053406,-0.04934969413366496,-0.0502870351481794,-0.05216171717720828,11
2015-02-10,0.008862945161764363,1.0228750923872876,0.008658370143286905,0.007840070069377075,0.006817194976989788,0.004771444792215212,11
2015-03-11,-0.024219016854777287,1.1141167775314118,-0.024441840210283568,-0.0253331336323087,-0.026447250409840112,-0.028675483964902933,11
2015-04-09,-0.029907867931104903,0.9689349112426036,-0.030101654913353423,-0.030876802842347506,-0.03184573775359011,-0.03378360757607532,11
2015-05-07,0.035309986533731186,1.0224711186249649,0.03510549231000619,0.03428751541510622,0.03326504429648126,0.031220102059231328,11
2015-06-05,0.11969294063371627,1.010679970436068,0.11949080463962906,0.1186822606632802,0.11767158069284414,0.115650220751972,11
2015-07-06,0.12843167703761718,0.9753663126764349,0.1282366037750819,0.12745631072494074,0.12648094441226432,0.12453021178691144,11
2015-08-03,-0.033481143251590795,1.0043688667831698,-0.03368201702494743,-0.034485512118373966,-0.03548988098515714,-0.037498618718723474,11
2015-08-31,0.1378916164155075,0.9453880960668292,0.13770253879629415,0.13694622831944067,0.13600084022337386,0.1341100640312402,11
2015-09-29,-0.030111954650247276,0.8088757396449704,-0.03027372979817627,-0.030920830389892247,-0.03172970612953722,-0.03334745760882716,11
2015-10-27,-0.04904692409156347,0.8353658536585366,-0.04921399726229518,-0.04988228994522201,-0.050717655798880545,-0.05238838750619762,11
2015-11-24,0.004860374946011956,0.8680821441002436,0.004686758517191907,0.003992292801911712,0.003124210657811469,0.0013880463696109816,11
2015-12-23,0.17099334194259386,0.9333101287852419,0.17080667991683682,0.1700600318138086,0.16912672168502338,0.1672601014274529,11
2016-01-25,0.0029555845056224005,0.7586968919304249,0.0028038451272363154,0.0021968876136919755,0.0014381907217615507,-7.920306209929914e-05,11
2016-02-23,-0.17245255829947106,0.7777515723270441,-0.17260810861393647,-0.1732303098717981,-0.17400806144412514,-0.17556356458877925,11
2016-03-22,-0.09771266660199339,0.8198757763975155,-0.0978766417572729,-0.0985325423783909,-0.09935241815478842,-0.10099216970758346,11
2016-04-20,0.052453050503162006,0.8571428571428572,0.052281621931733434,0.05159590764601915,0.05073876478887629,0.04902447907459058,11
2016-05-18,-0.025169805006139443,0.9221797627577422,-0.02535424095869099,-0.026091984768897184,-0.02701416453165493,-0.02885852405717041,11
2016-06-16,-0.023190613250907686,0.8846031366929386,-0.023367533878246274,-0.024075216387600625,-0.02495981952429356,-0.02672902579767944,11
2016-07-15,-0.07701890214635201,1.077568366592757,-0.07723441581967057,-0.07809647051294477,-0.07917403887953753,-0.08132917561272304,11
2016-08-12,-0.02227314449750264,1.1443458980044345,-0.022502013677103527,-0.023417490395507078,-0.02456183629351151,-0.02685052808952038,11
2016-09-12,-0.0020381210486520125,1.0621118012422361,-0.0022505434089004597,-0.0031002328498942484,-0.004162344651136485,-0.006286568253620957,11
2016-10-10,0.08495401422578383,0.8602201257861636,0.0847819702006266,0.08409379409999766,0.08323357397421151,0.08151313372263917,11
2016-11-07,-0.04937767532321711,1.048191823899371,-0.04958731368799698,-0.05042586714711648,-0.051474058971015854,-0.05357044261881459,11
2016-12-06,-0.01205160879548168,1.1968244254045968,-0.0122909736805626,-0.013248433220886277,-0.014445257646290875,-0.016838906497100067,11
2017-01-05,0.011899122156997934,1.0394396844825242,0.011691234220101428,0.01085968247251541,0.009820242788032885,0.007741363419067836,11
2017-02-03,0.028728783683404386,1.1922600619195045,0.028490331671020486,0.02753652362148488,0.026344263559565376,0.023959743435726367,11
2017-03-06,0.008365590466135726,1.0705216073876342,0.0081514861446582,0.007295068858748092,0.006224547251360458,0.00408350403658519,11
2017-04-03,0.02376764052114598,1.004617271481134,0.023566717066849752,0.022763023249664845,0.021758405978183713,0.019749171435221445,11
2017-05-02,0.06768688675136386,0.9982475355969331,0.06748723724424448,0.06668863921576693,0.06569039168016999,0.06369389660897613,11
2017-05-31,-0.04130814548651008,1.1016629711751664,-0.04152847808074511,-0.042409808457685244,-0.043511471428860415,-0.045714797371210744,11
2017-06-28,-0.019786896718497742,1.0401169343477035,-0.019994920105367284,-0.020827013652845446,-0.02186713058719315,-0.023947364455888555,11
2017-07-27,0.07632990954713732,1.0222245703014932,0.07612546463307703,0.07530768497683583,0.07428546040653433,0.07224101126593135,11
2017-08-24,-0.060770432202651076,1.0595915008229837,-0.060982350502815676,-0.06183002370347406,-0.06288961520429705,-0.065008798205943,11
2017-09-22,0.03460683362758403,1.0906030225946433,0.0343887130230651,0.033516230604989386,0.03242562758239474,0.030244421537205458,11
2017-10-20,0.02883392895441031,1.0545454545454547,0.028623019863501218,0.027779383499864856,0.026724838045319402,0.02461574713622849,11
2017-11-17,-0.02602962278322453,1.0879669232962648,-0.026247216167883784,-0.027117589706520794,-0.02820555662981706,-0.03038149047640959,11
2017-12-18,-0.03142017486714212,1.092485549132948,-0.03163867197696871,-0.03251266041627506,-0.03360514596540801,-0.03579011706367391,11
2018-01-18,0.014019434917688905,1.0693641618497112,0.013805562085318962,0.012950070755839194,0.011880706593989482,0.00974197827029006,11
2018-02-15,0.002980444424025928,1.190112918403011,0.002742421840345326,0.001790331505622917,0.000600218587219906,-0.0017800072495861162,11
2018-03-16,-0.0068947149997997835,1.0494350282485876,-0.007104602005449501,-0.007944150028048371,-0.008993585056296959,-0.011092455112794133,11
2018-04-16,-0.001063651252026033,1.0720980996404725,-0.0012780708719541275,-0.0021357493516665055,-0.003207847451306978,-0.005352043650587923,11
2018-05-14,0.008085425656630585,1.1316373168436615,0.007859098193261853,0.006953788339786923,0.005822151022943262,0.003558876389255939,11
2018-06-12,0.0003243427820784706,1.027340376054747,0.00011887470686752118,-0.0007029975939762765,-0.0017303379700310236,-0.0037850187221405178,11
2018-07-11,0.029984015878801444,1.0376163873370579,0.029776492601334033,0.028946399491464388,0.027908783104127328,0.02583355032945321,11
2018-08-08,0.04456018418649618,1.0819366852886407,0.044343796849438455,0.04347824750120754,0.0423963108159189,0.04023243744534162,11
2018-09-06,-0.0055129179609095455,1.027471780225758,-0.005718412316954697,-0.006540389741135303,-0.0075678615213610615,-0.009622805081812577,11
2018-10-04,-0.009307500955573417,1.097022449253932,-0.009526905445424203,-0.01040452340482735,-0.011501545854081282,-0.013695590752589144,11
2018-11-01,0.04741926161346609,1.0910740690953085,0.047201046799647026,0.04632818754437078,0.04523711347527547,0.043054965337084854,11
2018-11-30,0.0529513230206915,0.874234606123151,0.05277647609946687,0.052077088414568345,0.0512028538084452,0.04945438459619889,11
2019-01-02,-0.08861559184110174,0.7910546467107553,-0.08877380277044389,-0.08940664648781249,-0.09019770113452324,-0.09177981042794475,11
2019-01-31,-0.028424496247402772,0.8028889662373824,-0.02858507404065025,-0.029227385213640156,-0.030030274179877536,-0.0316360521123523,11
2019-03-01,0.03758024844666396,0.8890105878057685,0.037402446329102806,0.036691237858858194,0.03580222727105242,0.034024206095440886,11
2019-03-29,-0.015661214499820837,0.8963145138294839,-0.015840477402586733,-0.016557529013650322,-0.017453843527479806,-0.019246472555138772,11
2019-04-29,0.10339034443525114,0.8963857998289135,0.10321106727528535,0.10249395863542222,0.10159757283559331,0.09980480123593548,11
2019-05-28,0.05816576479701588,1.027944111776447,0.05796017597466059,0.057137820685239434,0.05610987657346298,0.05405398834991009,11
2019-06-25,0.02385720588390257,0.8186484174508127,0.023693476200412407,0.023038557466451757,0.02221990904900094,0.020582612214099318,11
2019-07-24,0.052973766243832446,0.9863453815261045,0.05277649716752723,0.051987420862306344,0.051001075480780235,0.049028384717728024,11
2019-08-21,-0.11209987082162276,1.0700028514399773,-0.11231387139191075,-0.11316987367306273,-0.11423987652450271,-0.11637988222738267,11
2019-09-19,0.04970018377101771,0.9146706586826346,0.04951724963928118,0.048785513112335074,0.04787084245365244,0.046041501136287175,11
2019-10-17,0.006334054177032841,0.8502234340680148,0.006164009490219238,0.005483830742964826,0.004633607308896811,0.002933160440760782,11
2019-11-14,-0.02914875502234935,1.0770879526977086,-0.029364172612888893,-0.03022584297504706,-0.03130293092774477,-0.03345710683314018,11
2019-12-13,-0.048970758288078044,1.1024096385542168,-0.049191240215788884,-0.05007316792663226,-0.05117557756518648,-0.05338039684229491,11
2020-01-14,0.06953225894098683,1.0991298294465714,0.06931243297509751,0.06843312911154026,0.06733399928209369,0.06513573962320054,11
2020-02-12,0.10752399710148293,1.0691263487643576,0.10731017183173006,0.10645487075271858,0.10538574440395422,0.1032474917064255,11
2020-03-12,-0.06445641386085837,1.3121942314713397,-0.06471885270715265,-0.06576860809232972,-0.06708080232380105,-0.06970519078674374,11
2020-04-09,-0.07248947062096459,0.8041621029572836,-0.07265030304155604,-0.07329363272392186,-0.07409779482687916,-0.07570611903279371,11
2020-05-08,-0.4254351748628713,0.8284045271997078,-0.42560085576831125,-0.42626357939007103,-0.4270919839172707,-0.4287487929716701,11
2020-06-08,0.22339478646897654,1.1438868489052085,0.22316600909919548,0.22225089962007133,0.22110701277116612,0.2188192390733557,11
2020-07-07,0.041970191985807065,0.9181168831168831,0.041786568609183686,0.04105207510269018,0.0401339582195733,0.03829772445333953,11
2020-08-04,-0.03789254535227448,0.8784740259740259,-0.038068240157469284,-0.038771019378248506,-0.03964949340422253,-0.04140644145617058,11
2020-09-01,0.037105426936399045,0.9925880592955256,0.03690690932453994,0.03611283887710352,0.035120250817807994,0.03313507469921694,11
2020-09-30,0.027405325493231103,0.9521626470001993,0.027214892963831065,0.026453162846230904,0.025501000199230704,0.023596674905230305,11
2020-10-28,-0.3698914841459541,1.0329214005713907,-0.37009806842606835,-0.37092440554652545,-0.3719573269470969,-0.3740231697482396,11
2020-11-25,-0.02315792817342731,1.343854748603352,-0.02342669912314798,-0.02450178292203066,-0.02584563767063401,-0.028533347167840718,11
2020-12-24,-0.036156757153886006,1.1043441938178782,-0.036377625992649584,-0.037261101347703884,-0.03836544554152176,-0.04057413392915752,11
2021-01-26,-0.0906179919845898,1.1928906034720308,-0.0908565701052842,-0.09181088258806182,-0.09300377319153386,-0.09538955439847792,11
2021-02-24,0.10814386301018931,1.5804638928742227,0.10782777023161447,0.10656339911731509,0.10498293522444087,0.10182200743869242,11
2021-03-24,0.06741210999193814,1.3411525585844093,0.06714387948022126,0.06607095743335373,0.06472980487476933,0.0620474997576005,11
2021-04-22,0.0748867662391223,0.9788467110982324,0.07469099689690266,0.07390791952802407,0.07292907281692583,0.07097137939472938,11
2021-05-20,-0.16026765864351974,1.0408376963350785,-0.16047582618278677,-0.16130849633985483,-0.1623493340361899,-0.16443100942886005,11
2021-06-18,0.12641057672239922,0.9519790609475991,0.1262201809102097,0.12545859766145162,0.12450661860050402,0.12260266047860882,11
2021-07-19,0.10076952751068935,0.7776633165829145,0.10061399484737277,0.09999186419410644,0.09921420087752351,0.0976588742443577,11
2021-08-16,-0.036403620295442196,0.9531407035175881,-0.03659424843614571,-0.037356760998959786,-0.038309901702477375,-0.04021618310951255,11
2021-09-14,0.040465706373527824,0.9444928799767509,0.040276807797532475,0.039521213493551074,0.038576720613574325,0.03668773485362082,11
2021-10-12,-0.014509815436705256,0.9154253022452503,-0.014692900497154306,-0.015425240738950506,-0.016340666041195755,-0.018171516645686257,11
2021-11-09,0.09384550962102094,1.0765867875647666,0.09363019226350798,0.09276892283345617,0.0916923360458914,0.08953916247076187,11
2021-12-08,0.14523472796306316,1.086560546979328,0.1450174158536673,0.14414816741608383,0.14306160686910452,0.14088848577514584,11
2022-01-06,0.1376800775835562,0.9572672399978635,0.13748862413555663,0.13672281034355832,0.13576554310356045,0.13385100862356472,11
2022-02-04,0.11948786813139306,0.8069547566903477,0.11932647718005499,0.11868091337470271,0.11787395861801236,0.11626004910463167,11
2022-03-07,-0.16123720341811495,0.7910052910052912,-0.161395404476316,-0.16202820870912024,-0.16281921400012553,-0.16440122458213613,11
2022-04-04,0.21158591681837974,0.811975855990599,0.21142352164718162,0.21077394096238913,0.20996196510639853,0.20833801339441735,11
2022-05-03,0.14749257026564433,0.9102344960205119,0.14731052336644024,0.14658233576962382,0.1456721012736033,0.14385163228156228,11
2022-06-01,-0.05416443838439791,0.6709792421367375,-0.05429863423282526,-0.05483541762653465,-0.055506396868671384,-0.056848355352944864,11
2022-06-30,-0.11334108562117565,0.7728997757460756,-0.11349566557632486,-0.11411398539692172,-0.1148868851726678,-0.11643268472415995,11
2022-07-29,-0.01571979247508581,0.6581517000871839,-0.01585142281510325,-0.016377944175172996,-0.017036095875260178,-0.018352399275434545,11
2022-08-26,0.0682136583277545,0.7378084606345476,0.06806609663562758,0.06747584986711995,0.0667380414064854,0.06526242448521631,11
2022-09-26,0.037107737218010084,0.7268213866039953,0.036962372940689284,0.03638091583140609,0.035654094444802095,0.0342004516715941,11
2022-10-24,-0.023152358857674013,0.6728796065812641,-0.023286934778990267,-0.02382523846425528,-0.02449811807083654,-0.02584387728399907,11
2022-11-21,0.004803224571446199,0.9603894216797443,0.004611146687110251,0.003842835149766455,0.0028824457280867107,0.0009616668847272224,11
2022-12-20,-0.13732546565262144,0.7393490264458006,-0.1374733354579106,-0.13806481467906723,-0.13880416370551305,-0.14028286175840463,11
2023-01-20,-0.06628513887129828,0.9275659301496794,-0.06647065205732822,-0.06721270480144796,-0.06814027073159763,-0.06999540259189699,11
2023-02-17,0.09318899628130435,0.9102058162831644,0.09300695511804771,0.09227879046502119,0.09136858464873802,0.0895481730161717,11
2023-03-20,-0.009860079573684313,1.0620848812338175,-0.010072496549931077,-0.01092216445491813,-0.011984249336151947,-0.014108419098619582,11
2023-04-18,0.06870703216413672,0.8069064505234719,0.06854565087403203,0.06790012571361324,0.06709321926308978,0.06547940636204283,11
2023-05-16,-0.10791794303121455,0.947460925240098,-0.10810743521626257,-0.10886540395645465,-0.10981286488169474,-0.11170778673217494,11
2023-06-14,-0.020290865545461778,0.9984086951300067,-0.02049054728448778,-0.021289274240591786,-0.02228768293572179,-0.024284500325981805,11
2023-07-14,-0.021975924827327426,0.9556263511207191,-0.02216705009755157,-0.022931551178448147,-0.023887177529568863,-0.025798430231810304,11
2023-08-11,0.06648136640947985,1.185146205484128,0.06624433716838303,0.06529622020399573,0.0641110739985116,0.06174078158754334,11
2023-09-11,0.10999328209156062,0.903560466543892,0.10981256999825184,0.10908972162501672,0.10818616115847283,0.10637904022538505,11
2023-10-09,0.009441484884294438,0.9023678029581667,0.009261011323702805,0.008539117081336272,0.007636749278378104,0.005832013672461771,11
2023-11-06,-0.05187421867711404,0.9077001206119468,-0.05205575870123643,-0.05278191879772599,-0.053689618918337935,-0.055505019159561825,11
2006-01-20,-0.019277800876318404,1.0,-0.019477800876318403,-0.020277800876318405,-0.021277800876318406,-0.023277800876318405,12
2006-02-17,0.013403615512502937,1.2493831168831169,0.013153738889126312,0.012154232395619819,0.010904849278736703,0.00840608304497047,12
2006-03-20,-0.0017474420689677446,1.1010064935064934,-0.0019676433676690435,-0.002848448562474238,-0.0039494550559807315,-0.006151468042993718,12
2006-04-18,0.018847866921352704,1.176256157635468,0.01861261568982561,0.017671610763717236,0.01649535460608177,0.014142842290810833,12
2006-05-16,0.049423953197460624,1.2632831841553989,0.049171296560629546,0.04816067001330523,0.046897386829149824,0.044370820460839025,12
2006-06-14,0.04929264472780336,0.9130959182377959,0.049110025544155805,0.04837954880956557,0.04746645289132777,0.04564026105485218,12
2006-07-13,0.03175798030977757,0.7613115407614113,0.03160571800162529,0.030996668769016158,0.030235357228254746,0.028712734146731925,12
2006-08-10,-0.06760453652978109,0.8985448116415068,-0.06778424549210939,-0.06850308134142259,-0.0694016261530641,-0.07119871577634712,12
2006-09-08,-0.03750933759135482,0.8452380952380952,-0.03767838521040244,-0.038354575686592916,-0.03919981378183102,-0.0408902899723072,12
2006-10-06,-0.055994155469592646,1.0639791844881665,-0.05620695130649028,-0.057058134654080814,-0.05812211383856898,-0.060250072207545316,12
2006-11-03,-0.028426064843450876,1.0854953622798762,-0.02864316391590685,-0.02951156020573075,-0.03059705556801063,-0.03276804629257038,12
2006-12-04,0.01449865498440187,0.9346686382578304,0.014311721256750305,0.01356398634614404,0.012629317707886209,0.01075998043137055,12
2007-01-04,-0.008115743167872936,1.0389837343728996,-0.008323539914747515,-0.009154726902245836,-0.010193710636618735,-0.012271678105364534,12
2007-02-02,0.014361200591479452,1.0782142857142856,0.014145557734336595,0.013282986305765167,0.01220477202005088,0.010048343448622309,12
2007-03-05,0.008309423930373894,1.107775005939653,0.008087868929185964,0.007201648924434241,0.006093873918494588,0.0038783239066152823,12
2007-04-02,-0.009141946253457335,0.8730102162033737,-0.009316548296698009,-0.010014956469660708,-0.010887966685864081,-0.01263398711827083,12
2007-05-01,0.011266719311878282,1.0701536033027745,0.011052688591217727,0.010196565708575507,0.009126412105272732,0.006986104898667183,12
2007-05-30,0.01809282729340408,1.1157128228467403,0.017869684728834732,0.01697711447055734,0.0158614016477106,0.01362997600201712,12
2007-06-27,0.047589908343656,1.1795310079589765,0.04735400214206421,0.04641037733569702,0.04523084632773805,0.042871784311820094,12
2007-07-26,0.03602413599693252,1.0812723679290637,0.035807881523346706,0.03494286362900346,0.033861591261074395,0.03169904652521627,12
2007-08-23,0.04581370651732384,1.1753115039119095,0.04557864421654146,0.04463839501341193,0.04346308350950002,0.041112460501676204,12
2007-09-21,0.07710826501598199,1.111103061914421,0.0768860444035991,0.07599716195406757,0.07488605889215315,0.07266385276832431,12
2007-10-19,0.07377574950634412,1.0095894909688012,0.07357383160815036,0.07276616001537532,0.07175657052440652,0.06973739154246891,12
2007-11-16,0.04193432046082663,1.1037446286065071,0.04171357153510533,0.04083057583222013,0.039726831203613616,0.0375193419464006,12
2007-12-17,0.07960581134766427,0.9427869858809086,0.07941725395048808,0.07866302436178337,0.07772023737590246,0.07583466340414063,12
2008-01-16,-0.15230350168703433,0.9047327621379029,-0.15248444823946192,-0.15320823444917223,-0.15411296721131013,-0.15592243273558593,12
2008-02-14,0.12785200127099017,1.066772971895555,0.12763864667661107,0.1267852282990946,0.12571845532719905,0.12358490938340795,12
2008-03-14,-0.0033766709282108736,0.7900803933293469,-0.003534687006876743,-0.0041667513215402205,-0.004956831714869567,-0.006536992501528262,12
2008-04-14,-0.005500602381486062,0.6945618484080023,-0.005639514751167662,-0.006195164229894064,-0.006889726078302067,-0.008278849775118072,12
2008-05-12,0.11233427059176404,0.8373493975903615,0.11216680071224597,0.11149692119417368,0.11065957179658331,0.1089848730014026,12
2008-06-10,0.14656266548024377,0.7530120481927711,0.14641206307060523,0.145809653432051,0.14505664138385824,0.14355061728747268,12
2008-07-09,-0.13397942077228656,1.046086398631309,-0.1341886380520128,-0.13502550717091785,-0.13607159356954918,-0.1381637663668118,12
2008-08-06,-0.039705411998240035,0.9321000855431995,-0.039891832015348676,-0.04063751208378324,-0.041569612169326434,-0.04343381234041283,12
2008-09-04,0.08569546911338054,0.7635451987591082,0.08554276007362871,0.08493192391462143,0.08416837871586232,0.08264128831834411,12
2008-10-02,0.14450518631745476,0.9739917754851742,0.14431038796235773,0.14353119454196958,0.14255720276648443,0.14060921921551406,12
2008-10-30,0.15294308453860506,0.9610778443113772,0.15275086896974277,0.15198200669429368,0.1510209288499823,0.14909877316135955,12
2008-11-28,-0.03919510595876643,0.8417830582260111,-0.03936346257041163,-0.04003688901699244,-0.04087867207521845,-0.04256223819167047,12
2008-12-29,-0.1334607744140825,0.6541353383458647,-0.13359160148175167,-0.13411490975242835,-0.13476904509077423,-0.13607731576746596,12
2009-01-28,0.13114403409068184,0.6643544556930383,0.13101116319954323,0.1304796796349888,0.12981532517929575,0.1284866162679097,12
2009-02-26,-0.19577038859260634,0.6794775653043371,-0.1959062841056672,-0.19644986615791069,-0.19712934372321503,-0.19848829885382369,12
2009-03-26,-0.2517060398629333,0.6178861788617886,-0.2518296170987056,-0.25232392604179504,-0.25294181222065687,-0.2541775845783804,12
2009-04-24,-0.1841091704486768,0.7054609512624781,-0.1842502626389293,-0.18481463139993928,-0.18552009235120176,-0.1869310142537267,12
2009-05-22,0.030109423418870174,0.7028263103802671,0.02996885815679412,0.029406597108489908,0.02870377079810964,0.027298118177349107,12
2009-06-22,-0.04808838845514453,0.6886947584789311,-0.04822612740684031,-0.04877708321362346,-0.049465777972102394,-0.05084316748906025,12
2009-07-21,-0.17544777901492264,0.6448771181685558,-0.17557675443855636,-0.1760926561330912,-0.17673753325125977,-0.17802728748759686,12
2009-08-18,-0.1551900721112034,0.9760534429599178,-0.15538528279979538,-0.15616612555416332,-0.15714217899712324,-0.15909428588304306,12
2009-09-16,0.013541544156333825,1.090853031860226,0.01332337354996178,0.0124506911244736,0.011359838092613372,0.009178132028892921,12
2009-10-14,0.04925315321377449,1.3273381294964028,0.04898768558787521,0.04792581508427809,0.046598476954781684,0.04394380069578888,12
2009-11-11,0.013464028389469024,1.3440134099616858,0.013195225707476686,0.012120014979507338,0.010776001569545652,0.00808797474962228,12
2009-12-10,-0.10144106841294204,1.2125478927203064,-0.1016835779914861,-0.10265361630566235,-0.10386616419838265,-0.10629125998382326,12
2010-01-11,-0.020739799323984988,1.2033598110777157,-0.020980471286200533,-0.021943159135062704,-0.02314651894614042,-0.02555323856829585,12
2010-02-09,-0.05568875850635264,1.3956834532374098,-0.05596789519700012,-0.057084441959590046,-0.05848012541282746,-0.061271492319302276,12
2010-03-10,-0.01509111127056943,1.1462391369493559,-0.015320359097959303,-0.016237350407518787,-0.017383589544468142,-0.019676067818366852,12
2010-04-08,0.018454022467700056,1.2143550893550892,0.018211151449829037,0.017239667378344967,0.016025312288989877,0.0135966021102797,12
2010-05-06,0.03909926529867512,1.271523178807947,0.038844960662913534,0.037827742119867176,0.036556218941059225,0.03401317258344333,12
2010-06-04,0.03739110626104362,1.0304437564499485,0.03718501750975363,0.03636066250459367,0.035330218748143724,0.033269331235243824,12
2010-07-02,-0.09472491134781127,1.0434726522187823,-0.09493360587825503,-0.09576838400003006,-0.09681185665224884,-0.0988988019566864,12
2010-08-02,0.053125569599337334,1.0114873638997102,0.05292327212655739,0.05211408223543763,0.05110259487153791,0.04907962014373849,12
2010-08-30,-0.06668719213169383,1.0482386543954298,-0.06689683986257292,-0.06773543078608926,-0.06878366944048468,-0.07088014674927555,12
2010-09-28,-0.0027441276536373117,0.9308823529411765,-0.002930304124225547,-0.003675010006578488,-0.004605892359519664,-0.006467657065402018,12
2010-10-26,0.016394954798060614,1.070222083203003,0.016180910381420013,0.015324732714857611,0.014254510631654609,0.012114066465248603,12
2010-11-23,-0.07940788724084048,1.1448275862068966,-0.07963685275808187,-0.08055271482704737,-0.08169754241325428,-0.08398719758566807,12
2010-12-22,-0.010107162192630295,1.1677238462952748,-0.01034070696188935,-0.011274886038925569,-0.012442609885220845,-0.014778057577811393,12
2011-01-21,-0.01253457509955531,1.1206563706563708,-0.012758706373686583,-0.01365523147021168,-0.01477588784086805,-0.017017200582180793,12
2011-02-18,0.04897847559236384,1.1135778635778637,0.048755760019648264,0.04786489772878597,0.04675131986520811,0.04452416413805239,12
2011-03-21,0.002862594656637322,1.2169975186104218,0.0026191951529152377,0.0016455971380269004,0.0004285996194164786,-0.002005395417804365,12
2011-04-18,0.007487463640581518,1.1528535980148882,0.007256892920978541,0.00633461004256663,0.005181756444551742,0.0028760492485219655,12
2011-05-17,0.0406916312526745,1.2470070741882822,0.040442229837836845,0.039444624178486216,0.038197617104297935,0.03570360295592137,12
2011-06-15,0.01148441716657298,0.9444591611479028,0.0112955253343434,0.010539958005425077,0.009595498844277173,0.007706580521981368,12
2011-07-14,0.08545812240030937,0.9523563811489507,0.08526765112407958,0.08450576601916042,0.08355340963801146,0.08164869687571356,12
2011-08-11,0.04589784907933106,1.0448717948717947,0.0456888747203567,0.044852977284459264,0.04380810548958747,0.04171836189984388,12
2011-09-09,0.047252554543978524,0.6666666666666667,0.04711922121064519,0.046585887877311855,0.04591922121064519,0.04458588787731186,12
2011-10-07,-0.16139453665046924,0.8138904210332781,-0.16155731473467588,-0.16220842707150251,-0.1630223174925358,-0.16465009833460234,12
2011-11-04,0.05555623482548083,0.8676730966359145,0.05538270020615365,0.05468856172884492,0.053820888632209005,0.05208554243893718,12
2011-12-05,0.025229176060882243,0.8065417948001119,0.02506786770192222,0.02442263426608213,0.02361609247128202,0.022003008881681795,12
2012-01-04,-0.15572557302862575,0.9413644990510437,-0.15591384592843596,-0.1566669375276768,-0.15760830202672785,-0.15949103102482992,12
2012-02-02,-0.0012317798337351821,1.0897013285386075,-0.0014497200994429036,-0.0023214811622737897,-0.0034111824908123973,-0.005590585147889612,12
2012-03-02,0.020277873051207138,1.082191780821918,0.020061434695042756,0.01919568127038522,0.018113489489563303,0.015949105927919465,12
2012-03-30,0.05344678144614272,1.0136986301369864,0.05324404172011532,0.052433082816005734,0.05141938418586875,0.04939198692559477,12
2012-04-30,0.08113896457136453,1.032758620689655,0.0809324128472266,0.08010620595067487,0.07907344732998522,0.07700793008860592,12
2012-05-29,0.09036868690172443,1.0422535211267605,0.09016023619749908,0.08932643338059768,0.08828417985947092,0.0861996728172174,12
2012-06-26,0.004847276644122239,0.8767477203647416,0.004671927100049291,0.003970528923757498,0.003093781203392756,0.001340285762663273,12
2012-07-25,-0.13366276521235143,0.9337386018237082,-0.13384951293271619,-0.13459650381417515,-0.13553024241599884,-0.13739771961964625,12
2012-08-22,-0.02586374599264415,1.1795197291865016,-0.02609964993848145,-0.027043265721830655,-0.028222785451017154,-0.030581824909390157,12
2012-09-20,0.02677715765957804,1.0348037660002114,0.026570196906377998,0.02574235389357783,0.024707550127577617,0.022637942595577196,12
2012-10-18,0.04510189604557313,1.0351545727780163,0.04489486513101753,0.044066741472795115,0.0430315869000171,0.04096127775446107,12
2012-11-19,-0.09073277945336014,1.078789179905539,-0.09094853728934126,-0.09181156863326569,-0.09289035781317122,-0.0950479361729823,12
2012-12-18,0.012979884718934357,1.0298507462686568,0.012773914569680626,0.0119500339726657,0.010920183226397043,0.00886048173385973,12
2013-01-17,0.001600535799794467,1.027972027972028,0.0013949413942000613,0.000572563771822439,-0.000455408256149589,-0.002511352312093645,12
2013-02-15,0.018773131424366655,1.0394426074633916,0.018565242902873976,0.017733688816903265,0.01669424620943987,0.014615360994513087,12
2013-03-18,0.019022458235733113,1.1189709172259508,0.018798664052287924,0.01790348731850716,0.016784516401281212,0.014546574566829309,12
2013-04-16,-0.064786823932166,1.2059060402684563,-0.0650280051402197,-0.06599272997243447,-0.06719863601270291,-0.06961044809323982,12
2013-05-14,4.826244989050251e-05,1.290905077262693,-0.0002099185655620361,-0.0012426426273721906,-0.002533547704634884,-0.00511535785916027,12
2013-06-12,0.010400636983520345,1.1246799116997792,0.010175701001180388,0.009275957071820565,0.008151277160120787,0.005901917336721228,12
2013-07-11,-0.00017513352797083898,1.1417112299465242,-0.00040347577396014384,-0.0013168447579173632,-0.0024585559878638873,-0.004741978447756936,12
2013-08-08,-0.011730671305884895,1.1743909685086156,-0.01196554949958662,-0.012905062274393512,-0.014079453242902126,-0.016428235179919357,12
2013-09-06,0.027374991743258355,1.057168321874204,0.027163558078883515,0.02631782342138415,0.02526065509950995,0.02314631845576154,12
2013-10-04,0.029893972547737107,1.089550971903913,0.029676062353356323,0.028804421575833194,0.02771487060392928,0.025535768660121454,12
2013-11-01,-0.001087406153626251,1.1380311215028622,-0.0013150123779268235,-0.0022254372751291133,-0.0033634683966319756,-0.005639530639637701,12
2013-12-02,-0.025011971187536675,1.1508102878335886,-0.025242133245103392,-0.026162781475370264,-0.027313591763203852,-0.02961521233887103,12
2013-12-31,-0.01770904035504067,1.153362472203052,-0.01793971284948128,-0.018862402827243722,-0.020015765299446774,-0.022322490243852876,12
2014-01-30,-0.0011075053048062197,1.1617013508579772,-0.0013398455749778152,-0.0022692066556641967,-0.003430908006522174,-0.005754310708238128,12
2014-02-28,-0.01076015666961942,1.2003381234150465,-0.011000224294302429,-0.011960494793034467,-0.013160832916449514,-0.015561509163279606,12
2014-03-28,0.041860749162032605,1.1756004176818655,0.041625629078496235,0.04068514874435074,0.03950954832666887,0.037158347491305144,12
2014-04-28,-0.0375313414955445,0.9975983292725373,-0.037730861161399,-0.03852893982481703,-0.039526538154089574,-0.041521734812634645,12
2014-05-27,-0.025297965059276173,1.070990391722099,-0.025512163137620593,-0.026368955450998273,-0.027439945842720373,-0.02958192662616457,12
2014-06-24,0.03149590107104056,1.0650776053215079,0.03128288554997626,0.030430823465719053,0.029365745860397547,0.027235590649754532,12
2014-07-23,-0.017011195862257758,0.9859880330227978,-0.017208393468862316,-0.017997183895280554,-0.018983171928303354,-0.02095514799434895,12
2014-08-20,0.0030302488178779226,0.9920093918048928,0.002831846939516944,0.00203823942607303,0.001046230034268137,-0.0009377887493416488,12
2014-09-18,0.01272823134035452,1.0168698719423357,0.012524857365966053,0.011711361468412184,0.01069449159646985,0.008660751852585177,12
2014-10-16,0.06346117152432176,1.096682572142695,0.06324183500989322,0.06236448895217907,0.06126780638003637,0.05907444123575099,12
2014-11-13,0.10319423023293005,0.9986126323475721,0.10299450770646053,0.10219561760058248,0.1011970049682349,0.09919977970353976,12
2014-12-12,0.024455786745448654,1.101058780576853,0.024235574989333285,0.023354727964871803,0.022253669184294948,0.02005155162314124,12
2015-01-13,-0.05166497447817423,0.9374532395630706,-0.05185246512608684,-0.0526024277177373,-0.053539880957300376,-0.05541478743642651,12
2015-02-11,0.01812856570232396,1.0349593495934961,0.01792157383240526,0.017093606352730464,0.016058647003136965,0.013988728303949975,12
2015-03-12,-0.028348546194176916,1.0897265336289728,-0.02856649150090271,-0.02943827272780589,-0.030527999261434863,-0.03270745232869281,12
2015-04-10,-0.021171513695098204,0.9746934702024523,-0.021366452389138695,-0.022146207165300656,-0.023120900635503108,-0.025070287575908012,12
2015-05-08,0.04979874848705295,0.9867051611063589,0.04960140745483168,0.04881204332594659,0.047825338164840234,0.04585192784262752,12
2015-06-08,0.10032965482656853,1.0046367287331144,0.1001287274808219,0.09932501809783541,0.0983203813691023,0.09631110791163607,12
2015-07-07,0.1416534484469958,1.0563417713108763,0.14144218009273363,0.14059710667568492,0.13954076490437403,0.13742808136175227,12
2015-08-04,-0.02938987817030518,0.9235931167364295,-0.02957459679365247,-0.03031347128704161,-0.03123706440377804,-0.0330842506372509,12
2015-09-01,0.12297045328668238,0.9747111862496478,0.12277551104943245,0.12199574210043274,0.12102103091418308,0.11907160854168379,12
2015-09-30,-0.04697435042651192,0.7900817131586362,-0.04713236676914365,-0.047764432139670555,-0.0485545138528292,-0.050134677279146465,12
2015-10-28,-0.03173139586606332,0.8201780637438276,-0.03189543147881209,-0.03255157392980715,-0.033371751993550976,-0.03501210812103863,12
2015-11-25,0.004002879549360069,0.9208227669766131,0.003818714995964746,0.0030820567823834554,0.002161234015406842,0.0003195884814536161,12
2015-12-24,0.14147678681839018,0.9388912369681599,0.14128900857099655,0.14053789558142202,0.13959900434445385,0.13772122187051755,12
2016-01-26,0.024384094526214442,0.7766253207869975,0.024228769462057043,0.023607469205427445,0.022830843884640448,0.021277593243066453,12
2016-02-24,-0.09865163589929198,0.785442546583851,-0.09880872440860874,-0.09943707844587582,-0.10022252099245968,-0.10179340608562738,12
2016-03-23,-0.1794366323575074,0.8417313664596273,-0.17960497863079933,-0.18027836372396702,-0.18112009509042665,-0.1828035578233459,12
2016-04-21,0.06874171785373231,0.8546972049689441,0.06857077841273852,0.06788702064876337,0.06703232344379442,0.06532292903385654,12
2016-05-19,-0.0481692721155871,0.9031526152376403,-0.04834990263863463,-0.049072424730824744,-0.04997557734606238,-0.051781882576537666,12
2016-06-17,-0.025164352506352964,0.9353156595812435,-0.025351415638269214,-0.026099668165934207,-0.02703498382551545,-0.02890561514467794,12
2016-07-18,-0.06362197896271583,1.0774944567627494,-0.06383747785406839,-0.06469947341947858,-0.06577696787624134,-0.06793195678976684,12
2016-08-15,0.004679490284942818,1.1504434589800443,0.004449401593146809,0.003529046825962774,0.0023786033669827293,7.77164490226405e-05,12
2016-09-13,0.0004592963384935211,0.961352657004831,0.00026702580709255495,-0.0005020563185113098,-0.001463408975516141,-0.003386114289525803,12
2016-10-11,0.06560923467311858,0.9415253562614442,0.06542092960186628,0.06466770931685713,0.06372618396059569,0.0618431332480728,12
2016-11-08,-0.039715288946849794,0.9853912905023485,-0.03991236720495026,-0.04070068023735214,-0.041686071527854494,-0.04365685410885919,12
2016-12-07,-0.020395596520183152,1.1324969400244798,-0.02062209590818805,-0.02152809346020763,-0.022660590400232113,-0.02492558428028107,12
2017-01-06,0.008444137138630672,1.1738066095471233,0.008209375816721248,0.007270330529083549,0.006096523919536426,0.0037489107004421785,12
2017-02-06,0.04215319525365917,1.0988165680473372,0.0419334319400497,0.041054378685611834,0.03995556211756449,0.03775792898146982,12
2017-03-07,0.006656230226500432,1.0826419450256115,0.00643970183749531,0.005573588281474821,0.00449094633644921,0.0023256624463979863,12
2017-04-04,0.014786395456728786,0.9743885722530843,0.01459151774227817,0.013812006884475701,0.012837618312222618,0.010888841167716448,12
2017-05-03,0.05865466931530714,1.1130339539978094,0.058432062524507576,0.05754163536130933,0.05642860140731152,0.054202533499315905,12
2017-06-01,-0.04369840512192553,1.071249076127125,-0.04391265493715095,-0.04476965419805265,-0.04584090327417978,-0.04798340142643403,12
2017-06-29,0.00044860695159980226,1.1300613059595097,0.00022259469040790031,-0.0006814543543597076,-0.0018115156603192174,-0.004071638272238237,12
2017-07-28,0.0672567223154283,1.0701454234388366,0.06704269323074054,0.06618657689198947,0.06511643146855063,0.06297614062167295,12
2017-08-25,-0.07805746795597523,0.9877300613496932,-0.07825501396824518,-0.07904519801732493,-0.08003292807867463,-0.082008388201374,12
2017-09-25,0.06389911756482346,1.0613496932515336,0.06368684762617315,0.06283776787157193,0.06177641817832039,0.05965371879181732,12
2017-10-23,0.024517604403822488,1.0048041389504805,0.02431664357603239,0.023512800264872007,0.022507996125921526,0.020498387848020567,12
2017-11-20,-0.028354948668028464,1.1052056917441533,-0.028575989806377294,-0.029460154359772617,-0.03056536005151677,-0.032775771435005076,12
2017-12-19,-0.022071022903591517,1.073782472925387,-0.022285779398176594,-0.023144805376516905,-0.02421858784944229,-0.026366152795293064,12
2018-01-19,0.02376674987265742,1.1370008637299847,0.02353934969991142,0.022629749008927433,0.02149274814519745,0.01921874641773748,12
2018-02-16,0.02336155962269356,1.0854953622798764,0.023144460550237587,0.022276064260413685,0.021190568898133807,0.019019578173574053,12
2018-03-19,-0.02325935584799301,1.031950285606679,-0.023465745905114348,-0.02429130613359969,-0.02532325641920637,-0.027387156990419728,12
2018-04-17,0.0013160275312407016,1.0880672901889397,0.0010984140732029136,0.0002279602410517618,-0.000860107049137178,-0.0030362416295150576,12
2018-05-15,-0.00010606117121827801,1.0973412212702298,-0.000325529415472324,-0.001203402392488508,-0.002300743613758738,-0.004495426056299198,12
2018-06-13,0.0011995301471481486,0.9827586206896551,0.0010029784230102174,0.0002167715264584935,-0.0007659870942311616,-0.0027315043356104718,12
2018-07-12,0.02376602984996762,1.0041742514594187,0.02356519499967574,0.022761855598508202,0.021757681347048783,0.019749332844129948,12
2018-08-09,0.04587758689275179,1.1439645973259682,0.04564879397328659,0.044733622295425816,0.04358965769809985,0.04130172850344791,12
2018-09-07,0.0065227948549661,1.05635838150289,0.006311523178665522,0.0054664364734632095,0.004410078091960319,0.0022973613289545393,12
2018-10-05,-0.013783819993513729,1.0388829143702112,-0.013991596576387771,-0.01482270290788394,-0.01586158582225415,-0.017939351650994573,12
2018-11-02,0.03203009450078917,1.0155262804140341,0.03182698924470636,0.031014568220375134,0.0299990419399611,0.027967989379133033,12
2018-12-03,0.06514147880816766,0.9333945328437372,0.06495479990159891,0.06420808427532393,0.06327468974248018,0.061407900676792714,12
2019-01-03,-0.10998735951257967,0.7897999436460975,-0.11014531950130889,-0.11077715945622577,-0.11156695939987187,-0.11314655928716405,12
2019-02-01,-0.03429254352561915,0.7897999436460974,-0.03445050351434837,-0.03508234346926525,-0.03587214341291134,-0.03745174330020354,12
2019-03-04,0.015079586853973943,0.9011317999269806,0.014899360493988547,0.014178455054046963,0.01327732325411998,0.01147505965426602,12
2019-04-01,0.0062246585089799425,0.889762643387923,0.006046705980302358,0.005334895865592019,0.004445133222204097,0.0026656079354282504,12
2019-04-30,0.08047533838691616,0.9982685231945746,0.08027568468227725,0.07947706986372158,0.07847880134052701,0.07648226429413786,12
2019-05-29,0.02213134581783828,1.0099323753169909,0.02192935934277488,0.02112141344252129,0.020111481067204298,0.018091616316570316,12
2019-06-26,0.06849917331149004,0.8853198083967314,0.06832210934981069,0.0676138535030933,0.06672853369469657,0.06495789407790312,12
2019-07-25,0.03944271005859421,1.0952172325666303,0.03922366661208088,0.038347492826027584,0.03725227559346095,0.03506184112832769,12
2019-08-22,-0.11850877560245984,1.1119903051040776,-0.11873117366348065,-0.11962076590756392,-0.12073275621266799,-0.12295673682287615,12
2019-09-20,0.06143335563515215,0.932670373538637,0.06124682156044442,0.060500685261613514,0.05956801488807487,0.0577026741409976,12
2019-10-18,-0.033009472783420535,0.8627205938044382,-0.03318201690218142,-0.033872193377224975,-0.03473491397102941,-0.03646035515863829,12
2019-11-15,-0.027821332148824034,1.0709534368070952,-0.028035522836185454,-0.02889228558563113,-0.029963239022438224,-0.032105145896052414,12
2019-12-16,-0.04163710599344282,1.0885217516773682,-0.0418548103437783,-0.04272562774512019,-0.04381414949679756,-0.045991193000152295,12
2020-01-15,0.07486466084420107,1.0400626522798468,0.0746566483137451,0.07382459819192122,0.07278453553964137,0.07070441023508169,12
2020-02-13,0.08434245090723555,1.1342151061608075,0.08411560788600339,0.08320823580107474,0.08207402069491393,0.07980559048259232,12
2020-03-13,-0.002887856243253153,1.3363636363636364,-0.0031551289705258802,-0.0042242198796167895,-0.005560583515980426,-0.008233310788707699,12
2020-04-13,-0.05837760098039635,0.7255202628696604,-0.05852270503297028,-0.05910312124326601,-0.05982864150613567,-0.06127968203187499,12
2020-05-11,-0.36221108213312053,0.8727272727272727,-0.36238562758766596,-0.3630838094058478,-0.3639565366785751,-0.36570199122402963,12
2020-06-09,0.18046400128870166,1.1146470828233375,0.180241071872137,0.17934935420587833,0.17823470712305498,0.17600541295740832,12
2020-07-08,0.0024353606463927025,1.0382922824302132,0.0022277021899066596,0.0013970683639624893,0.00035877608153227604,-0.0017178084833281504,12
2020-08-05,-0.019672550587179843,0.9237766830870278,-0.01985730592379725,-0.020596327270266872,-0.021520103953353898,-0.023367657319527953,12
2020-09-02,0.03281985471904698,1.0276757785937711,0.03261431956332822,0.031792178940453206,0.030764503161859434,0.02870915160467189,12
2020-10-01,0.0004174961870317619,1.0041193276194271,0.00021667232150787645,-0.0005866231405876653,-0.0015907424682070925,-0.003598981123445947,12
2020-10-29,-0.35076419687581634,1.027273935286692,-0.3509696516628737,-0.351791470811103,-0.35281874474638975,-0.3548732926169631,12
2020-11-27,0.02784034027551166,1.2377715704531347,0.027592785961421035,0.026602568705058526,0.02536479713460539,0.02288925399369912,12
2020-12-28,-0.14879777489789195,1.115501519756839,-0.14902087520184332,-0.1499132764176488,-0.15102877793740563,-0.1532597809769193,12
2021-01-27,-0.10087639017010688,1.259898560209424,-0.10112836988214877,-0.10213628873031631,-0.10339618729052573,-0.10591598441094457,12
2021-02-25,0.11041971886386853,1.484787018255578,0.11012276146021742,0.10893493184561295,0.10745014482735737,0.10448057079084622,12
2021-03-25,0.10023821846087354,1.2679100908656147,0.09998463644270042,0.09897030837000792,0.0977023982791423,0.09516657809741108,12
2021-04-23,0.07023588142376007,0.9544476327116211,0.07004499189721775,0.06928143379104845,0.06832698615833682,0.06641809089291359,12
2021-05-21,-0.1352327627177375,1.0301592495637,-0.13543879456765023,-0.1362629219673012,-0.1372930812168649,-0.13935339971599228,12
2021-06-21,0.10666010525746564,0.9119703719051072,0.10647771118308462,0.10574813488556054,0.10483616451365542,0.1030122237698452,12
2021-07-20,0.12126913320641748,0.714582371942778,0.12112621673202893,0.12055455083447471,0.11983996846253192,0.11841080371864637,12
2021-08-17,-0.054290566209986874,0.8867353740450188,-0.054467913284795874,-0.05517730158403189,-0.056064036958076914,-0.05783750770616695,12
2021-09-15,0.0021794451292764215,0.8845182138660399,0.0020025414865032136,0.0012949269154103817,0.0004104087015443416,-0.0013586277261877383,12
2021-10-13,0.01391597275220975,1.0350280656303972,0.01370896713908367,0.012880944686579352,0.011845916620948955,0.00977586048968816,12
2021-11-10,0.11225694119653853,1.1234078151986182,0.1120322596334988,0.11113353338133991,0.1100101255661413,0.10776330993574407,12
2021-12-09,0.09590212881230181,0.9829987046632124,0.09570552907136917,0.0949191301076386,0.09393613140297538,0.09197013399364896,12
2022-01-07,0.12136463862988381,1.0556327119277817,0.12115351208749825,0.12030900591795603,0.11925337320602825,0.11714210778217268,12
2022-02-07,0.09084738052019424,0.8277068532663853,0.09068183914954096,0.09001967366692785,0.08919196681366147,0.0875365531071287,12
2022-03-08,-0.09383959037139986,0.8005745818636931,-0.0939997052877726,-0.09464016495326355,-0.09544073953512724,-0.09704188869885463,12
2022-04-05,0.17160355217854667,0.7641947322970638,0.17145071323208727,0.17083935744624962,0.17007516271395254,0.1685467732493584,12
2022-05-04,0.13486056029194438,0.889005829015544,0.13468275912614128,0.13397155446292883,0.13308254863391328,0.1313045369758822,12
2022-06-02,-0.04531466522387549,0.6655453970444484,-0.04544777430328438,-0.04598021062091994,-0.04664575601796439,-0.04797684681205328,12
2022-07-01,-0.0993734952421059,0.8105054338450924,-0.09953559632887492,-0.10018400067595098,-0.10099450610979609,-0.10261551697748626,12
2022-08-01,0.00473973338691952,0.6959604766056379,0.004600541291598393,0.004043772910313883,0.003347812433708244,0.0019558914804969686,12
2022-08-29,0.04181406272096603,0.7378965922444183,0.04166648340251715,0.041076166128721614,0.04033826953647719,0.038862476351988355,12
2022-09-27,0.01926136035225888,0.6833725029377203,0.019124685851671337,0.01857798784932116,0.01789461534638344,0.016527870340507997,12
2022-10-25,0.049709438191527115,0.6508408718353469,0.049579270017160046,0.04905859731969177,0.04840775644785642,0.04710607470418573,12
2022-11-22,-0.0037081863959285543,0.9495786108689334,-0.003898102118102341,-0.004657765006797487,-0.005607343617666421,-0.007506500839404288,12
2022-12-21,-0.17362817470868802,0.7500726532984596,-0.1737781892393477,-0.17437824736198648,-0.17512832001528494,-0.17662846532188187,12
2023-01-23,0.0012407371413272151,0.9330304110239962,0.001054131059122416,0.00030770673030321887,-0.0006253236807207774,-0.00249138450276877,12
2023-02-21,0.047555339598801843,0.9668508287292819,0.047361969433055984,0.04658848877007256,0.04562163794134328,0.04368793628388472,12
2023-03-21,0.028894944537938852,1.0513784461152882,0.028684668848715796,0.027843566091823563,0.026792187645708277,0.0246894307534777,12
2023-04-19,0.036569316073101384,0.8132275132275132,0.03640667057045588,0.03575608855987387,0.03494286104664636,0.03331640602019133,12
2023-05-17,-0.0871736043268097,0.9254500310366232,-0.08735869433301703,-0.08809905435784633,-0.08902450438888296,-0.0908754044509562,12
2023-06-15,-0.01952342899579004,0.9434936648051402,-0.01971212772875107,-0.02046692266059518,-0.02141041632540032,-0.0232974036550106,12
2023-07-17,0.006764362610500696,1.0037546933667083,0.006563611671827355,0.005760607917133988,0.004756853223767279,0.002749343837033863,12
2023-08-14,0.06201578079969408,1.1905506883604504,0.06177767066202199,0.06082523011133363,0.05963467942297318,0.05725357804625228,12
2023-09-12,0.096653230863351,0.9092694904849601,0.096471376965254,0.09574396137286603,0.09483469188238107,0.09301615290141116,12
2023-10-10,0.03524800610125727,0.9265536723163841,0.035062695366793996,0.034321452428940885,0.033394898756624505,0.03154179141199173,12
2023-11-07,-0.05277388098300839,0.887005649717514,-0.05295128211295189,-0.053660886632725904,-0.05454789228244342,-0.05632190358187845,12
2006-01-23,-0.049369900984543205,1.0,-0.049569900984543204,-0.050369900984543206,-0.05136990098454321,-0.05336990098454321,13
2006-02-21,0.01510123079602307,1.2164203612479474,0.01485794672377348,0.013884810434775123,0.012668390073527176,0.01023554935103128,13
2006-03-21,-0.013280980274210584,1.0958620689655172,-0.013500152688003688,-0.014376842343176101,-0.01547270441214162,-0.017664428550072653,13
2006-04-19,-0.0026366701682445344,1.177131087635373,-0.0028720963857716093,-0.003813801255879908,-0.0049909323435152805,-0.007345194518786027,13
2006-05-17,0.03345183344690106,1.3424109693391733,0.033183351253033226,0.032109422477561884,0.03076701150822271,0.028082189569544364,13
2006-06-15,0.08538600026643771,0.9583253983368247,0.08519433518677035,0.08442767486810088,0.08346934946976406,0.08155269867309041,13
2006-07-14,0.04370509110827502,0.7267623413726663,0.04355973864000049,0.04297832876690236,0.04225156642552969,0.040798041742784355,13
2006-08-11,-0.077809955562297,0.8576771385828913,-0.07798149099001359,-0.0786676327008799,-0.07952530983946278,-0.08124066411662857,13
2006-09-11,-0.0465949092266541,0.9146942800788953,-0.04677784808266988,-0.047509603506733,-0.04842429778681189,-0.05025368634696968,13
2006-10-09,-0.026425746490360922,1.0280866837753067,-0.026631363827115985,-0.02745383317413623,-0.028481919857911535,-0.030538093225462148,13
2006-11-06,-0.029397632375129372,1.1254069497043386,-0.029622713765070238,-0.03052303932483371,-0.03164844627453805,-0.033899260173946726,13
2006-12-05,0.017906085266809577,1.0044515314597038,0.017705194960517635,0.016901633735349874,0.015897182203890168,0.013888279140970761,13
2007-01-05,-0.0014301765229430352,1.0755813953488373,-0.0016452928020128028,-0.0025057579182918726,-0.00358133931364071,-0.005732502104338385,13
2007-02-05,0.009691941218876213,1.1125649350649351,0.009469428231863227,0.008579376283811278,0.007466811348746343,0.005241681478616473,13
2007-03-06,0.014637401334251093,1.1124559341950646,0.01441491014741208,0.013524945400056028,0.012412489465860963,0.010187577597470835,13
2007-04-03,-0.0023970779319535587,0.9767920094007051,-0.0025924363338337,-0.0033738699413542635,-0.004350661950754968,-0.006304245969556379,13
2007-05-02,0.01363259107655696,1.0751816489521409,0.013417554746766532,0.012557409427604818,0.011482227778652678,0.009331864480748396,13
2007-05-31,0.02454668437480853,1.126607122539538,0.024321362950300622,0.02342007725226899,0.022293470129729456,0.02004025588465038,13
2007-06-28,0.0405637154959895,1.1743496608087174,0.04032884556382776,0.03938936583518078,0.03821501617437206,0.035866316852754626,13
2007-07-27,0.04154738060149909,1.127717536456386,0.04132183709420781,0.0404196630650427,0.039291945528586315,0.03703651045567354,13
2007-08-24,0.06835285193734053,1.0427986148368533,0.06814429221437315,0.06731005332250367,0.06626725470766683,0.06418165747799312,13
2007-09-24,0.05596204866870477,1.1364678339755159,0.05573475510190967,0.05482558083472926,0.05368911300075374,0.05141617733280271,13
2007-10-22,0.11794391146487379,0.998338980798618,0.11774424366871407,0.11694557248407517,0.11594723350327656,0.11395055554167932,13
2007-11-19,0.012252554180866121,0.9702669149596523,0.01205850079787419,0.011282287265906469,0.010312020350946817,0.008371486521027512,13
2007-12-18,0.0890291944658199,0.8698944754810676,0.08885521557072369,0.08815929999033884,0.08728940551485777,0.08554961656389563,13
2008-01-17,-0.16762537004504194,0.90512837747009,-0.16780639572053596,-0.16853049842251203,-0.16943562679998211,-0.1712458835549223,13
2008-02-15,0.14323228874144214,1.044091947842452,0.14302347035187365,0.1421881967935997,0.14114410484575723,0.13905592095007233,13
2008-03-17,-0.021526697167729897,0.8177510418066946,-0.021690247376091237,-0.022344448209536592,-0.023162199251343284,-0.024797701334956675,13
2008-04-15,-0.010583213600471675,0.7166737952666097,-0.010726548359524997,-0.011299887395738284,-0.012016561191004894,-0.013449908781538114,13
2008-05-13,0.10911871845386871,0.9017747637255609,0.1089383635011236,0.10821694369014315,0.10731516892641758,0.10551161939896647,13
2008-06-11,0.15202799748855542,0.8836303297020418,0.151851271422615,0.15114436715885338,0.15026073682915134,0.14849347616974726,13
2008-07-10,-0.13940974011661583,0.9138229564966454,-0.13959250470791515,-0.14032356307311247,-0.1412373860296091,-0.14306503194260242,13
2008-08-07,-0.07006980340821364,0.9617992929803045,-0.0702621632668097,-0.07103160270119395,-0.07199340199417426,-0.07391700058013487,13
2008-09-05,0.12126786664354819,0.7695692951446504,0.12111395278451925,0.12049829734840353,0.11972872805325889,0.11818958946296959,13
2008-10-03,0.11026840477420724,1.015845198977729,0.1100652357344117,0.10925255957522952,0.10823671437625178,0.10620502397829633,13
2008-10-31,0.22355225369507759,0.8882438846294267,0.2233746049181517,0.22266400981044815,0.22177576592581874,0.21999927815655987,13
2008-12-01,-0.18254543624777086,0.855973154362416,-0.18271663087864334,-0.1834014094021333,-0.1842573825564957,-0.18596932886522052,13
2008-12-30,-0.05717366017112382,0.591812015503876,-0.05729202257422459,-0.05776547218662769,-0.05835728420213157,-0.059540908233139324,13
2009-01-29,0.0875379336538825,0.6435162401574803,0.08740923040585101,0.08689441741372503,0.08625090117356754,0.08496386869325258,13
2009-02-27,-0.17832000261831496,0.7328888888888889,-0.17846658039609273,-0.17905289150720385,-0.17978578039609275,-0.1812515581738705,13
2009-03-27,-0.21773544708799125,0.6080514030946762,-0.2178570573686102,-0.21834349849108592,-0.2189515498941806,-0.22016765270036995,13
2009-04-27,-0.23634228216616074,0.7076923076923077,-0.2364838206276992,-0.23704997447385304,-0.23775766678154536,-0.23917305139692996,13
2009-05-26,0.027960111318498515,0.7170606372045222,0.02781669919105761,0.02724305068129399,0.02652599004408947,0.025091868769680427,13
2009-06-23,-0.04587686017096474,0.695940390544707,-0.04601604824907368,-0.04657280056150945,-0.047268740952054154,-0.04866062173314357,13
2009-07-22,-0.1933618950738312,0.7498597239367075,-0.19351186701861853,-0.1941117547977679,-0.1948616145217046,-0.19636133396957803,13
2009-08-19,-0.142362153992101,0.9687564234326824,-0.14255590527678755,-0.1433309104155337,-0.14429966683896636,-0.14623717968583172,13
2009-09-17,-0.0006820212464010286,1.1051901336073997,-0.0009030592731225086,-0.0017872113800084283,-0.002892401513615828,-0.005102781780830627,13
2009-10-15,0.05788571709259868,1.3774409044193217,0.057610228911714814,0.05650827618817936,0.05513083528376004,0.0523759534749214,13
2009-11-12,-0.007489959226748713,1.2627233877233874,-0.007742503904293391,-0.0087526826144721,-0.010015406002195488,-0.012540852777642263,13
2009-12-11,-0.10082586549473282,1.2349941724941724,-0.10107286432923165,-0.102060859667227,-0.10329585383972117,-0.10576584218470951,13
2010-01-12,-0.009276068712348498,1.2327179046801202,-0.009522612293284521,-0.010508786617028618,-0.011741504521708739,-0.014206940331068979,13
2010-02-10,-0.03889252016592324,1.3157647794807632,-0.03915567312181939,-0.040208284945404,-0.041524049724884764,-0.044155579283846294,13
2010-03-11,-0.0017567854534159839,1.180291539446469,-0.0019928437613052777,-0.002937076992862453,-0.004117368532308922,-0.00647795161120186,13
2010-04-09,0.018961406862079217,1.1655982905982907,0.018728287203959557,0.017795808571480925,0.016630210280882636,0.014299013699686055,13
2010-05-07,0.05465770677655887,1.2822847682119205,0.05440124982291649,0.053375422008346954,0.052093137240135035,0.04952856770371119,13
2010-06-07,0.03643093655549802,0.9842279539909378,0.03623409096469983,0.03544670860150708,0.03446248064751614,0.03249402473953427,13
2010-07-06,-0.09329930499799126,0.9866666666666666,-0.09349663833132459,-0.09428597166465792,-0.09527263833132459,-0.09724597166465793,13
2010-08-03,0.05231581238784981,1.0258865248226952,0.05211063508288527,0.051289925863027115,0.05026403933820442,0.04821226628855903,13
2010-08-31,-0.08989695549076106,1.0334167448649776,-0.09010363883973406,-0.09093037223562603,-0.09196378898049101,-0.09403062247022097,13
2010-09-29,0.006302831340911891,1.0122370115929584,0.0061003839385932995,0.005290594329318932,0.004278357317725974,0.002253883294540057,13
2010-10-27,0.03202950272488213,1.0992075904493797,0.03180966120679225,0.03093029513443275,0.029831087543983368,0.027632672363084608,13
2010-11-24,-0.09207673969866612,1.108955938697318,-0.09229853088640558,-0.09318569563736344,-0.09429465157606075,-0.0965125634534554,13
2010-12-23,-0.020547517832577397,1.3035484464055893,-0.020808227521858513,-0.021851066278982985,-0.023154614725388576,-0.025761711618199755,13
2011-01-24,0.016781922874017707,1.1068670711527855,0.01656054945978715,0.01567505580286492,0.014568188731712135,0.012354454589406564,13
2011-02-22,0.039490502991555446,1.147407611693326,0.039261021469216784,0.03834309537986212,0.03719568776816879,0.03490087254478214,13
2011-03-22,0.0014150083218192966,1.229859387923904,0.001169036444234516,0.00018514893389539266,-0.0010447104540285113,-0.0035044292298763192,13
2011-04-19,0.006340988013343338,1.1527708850289495,0.006110433836337548,0.005188217128314389,0.0040354462432854385,0.0017299044732275396,13
2011-05-18,0.056162572960864035,1.1915883668903802,0.05592425528748596,0.054970984593973655,0.053779396227083276,0.05139621949330252,13
2011-06-16,-0.018901603581578226,0.9977041942604857,-0.019101144420430323,-0.01989930777583871,-0.0208970119700992,-0.02289242035862017,13
2011-07-15,0.10032978225626193,0.9193326453388373,0.10014591572719417,0.0994104496109231,0.09849111696558425,0.09665245167490659,13
2011-08-12,0.043429864480783086,0.9654581087702107,0.04323677285902904,0.042464406372012875,0.041498948263242665,0.039568032045702244,13
2011-09-12,0.0361729065840656,0.696676465784746,0.03603357129090865,0.035476230118280855,0.03477955365249611,0.033386200720926615,13
2011-10-10,-0.12163573872455793,0.763013698630137,-0.12178834146428397,-0.12239875242318807,-0.12316176612181821,-0.12468779351907848,13
2011-11-07,0.052502253988271054,0.921917808219178,0.052317870426627215,0.051580336180051874,0.0506584183718327,0.04881458275539434,13
2011-12-06,0.019928193744662166,0.798299480396788,0.01976853384858281,0.01912989426426538,0.018331594783868588,0.016734995823075013,13
2012-01-05,-0.16723663346932013,0.9413644990510438,-0.16742490636913035,-0.16817799796837118,-0.16911936246742224,-0.1710020914655243,13
2012-02-03,0.04560815478003595,1.1056338028169015,0.04538702801947257,0.044502520977219046,0.04339688717440215,0.041185619568768345,13
2012-03-05,-0.010990359330874989,1.0119508738781295,-0.011192749505650615,-0.012002310204753118,-0.013014261078631248,-0.015038162826387508,13
2012-04-02,0.05198284046196998,0.9293811998110534,0.05179696422200777,0.05105345926215892,0.05012407806234787,0.048265315662725766,13
2012-05-01,0.0935618637362935,0.9633141762452107,0.09336920090104445,0.09259854956004829,0.09163523538380307,0.08970860703131266,13
2012-05-30,0.041976539592939614,1.025854427262878,0.04177136870748704,0.04095068516567674,0.03992483073841386,0.037873121883888104,13
2012-06-27,0.02837838303832028,0.8420737189091998,0.02820996829453844,0.027536309319411083,0.02669423560050188,0.02501008816268348,13
2012-07-26,-0.11016382505283606,0.983434650455927,-0.11036051198292725,-0.11114725970329199,-0.11213069435374792,-0.11409756365465977,13
2012-08-23,-0.022127747416355294,1.2173913043478262,-0.022371225677224858,-0.02334513872070312,-0.024562530025050947,-0.0269973126337466,13
2012-09-21,0.02078671069846045,1.036231884057971,0.020579464321648856,0.019750478814402478,0.018714246930344507,0.016641783162228564,13
2012-10-19,0.04355962467625302,1.0349398883641048,0.043352636698580194,0.042524684787888914,0.04148974489952481,0.0394198651227966,13
2012-11-20,-0.09529955274646908,1.0494310863031342,-0.09550943896372971,-0.09634898383277221,-0.09739841491907535,-0.09949727709168162,13
2012-12-19,0.022283446128667478,1.0732241050387161,0.022068801307659733,0.021210222023628763,0.020136997918590045,0.01799054970851261,13
2013-01-18,-0.009397570901857236,1.0615089136215896,-0.009609872684581553,-0.010459079815478825,-0.011520588729100415,-0.013643606556343595,13
2013-02-19,0.027651776101608218,1.0273972602739727,0.027446296649553423,0.026624378841334246,0.025596981581060274,0.023542187060512327,13
2013-03-19,0.014764543037492608,1.1054586129753914,0.014543451314897529,0.013659084424517217,0.012553625811541826,0.010342708585591042,13
2013-04-17,-0.05082333364642004,1.1723489932885904,-0.05105780344507776,-0.051995682639708635,-0.05316803163299722,-0.0555127296195744,13
2013-05-15,-0.014110776515045751,1.2975717439293597,-0.014370290863831623,-0.015408348258975111,-0.01670592000290447,-0.01930106349076319,13
2013-06-13,0.008079896841121544,1.2112141280353201,0.00783765401551448,0.006868682713086223,0.005657468585050903,0.003235040328980263,13
2013-07-12,0.00420678092868093,1.1613615143026907,0.003974508625820392,0.0030454194143782394,0.0018840579000755486,-0.000438665128529833,13
2013-08-09,-0.0210557215535517,1.2131822425940073,-0.021298358002070503,-0.022268903796145708,-0.023482086038739716,-0.02590845052392773,13
2013-09-09,0.03302740311900639,1.0718954248366013,0.03281302403403907,0.03195550769416979,0.03088361226933319,0.028739821419659986,13
2013-10-07,0.04763142923922609,1.0695433598659405,0.0474175205672529,0.04656188587936015,0.04549234251949421,0.04335325579976233,13
2013-11-04,0.0004481608535369607,1.1991745283018869,0.0002083259478765833,-0.0007510136747649263,-0.0019501882030668132,-0.004348537259670587,13
2013-12-03,-0.036139373788803136,1.1866352201257861,-0.03637670083282829,-0.03732600900892892,-0.03851264422905471,-0.04088591466930628,13
2014-01-02,-0.009124211406703693,1.0968340528667726,-0.009343578217277049,-0.010221045459570467,-0.011317879512437238,-0.013511547618170784,13
2014-01-31,-0.01300624367042043,1.15679970436068,-0.013237603611292566,-0.014163043374781109,-0.01531984307914179,-0.017633442487863152,13
2014-03-03,0.015674380872357067,1.1696136442742777,0.01544045814350221,0.014504767228082789,0.01333515358380851,0.010995926295259955,13
2014-03-31,0.04986268596677368,1.0865993734772013,0.04964536609207824,0.04877608659329648,0.047689487219819277,0.045516288472864874,13
2014-04-29,-0.002811413142197492,1.0392011834319526,-0.0030192533788838826,-0.003850614325629445,-0.004889815509061398,-0.006968217875925302,13
2014-05-28,-0.035752213405163664,1.0609756097560976,-0.03596440852711488,-0.03681318901491976,-0.03787416462467586,-0.03999611584418805,13
2014-06-25,0.027701992945238424,1.0609756097560976,0.027489797823287206,0.026641017335482325,0.025580041725726227,0.023458090506214033,13
2014-07-24,-0.01565423879425743,1.0230629402408544,-0.015858851382305604,-0.016677301734498287,-0.01770036467473914,-0.01974649055522085,13
2014-08-21,0.016265364578384577,0.9859501628417783,0.016068174545816223,0.0152794144155428,0.01429346425270102,0.012321563927017463,13
2014-09-19,0.030476760623061934,0.9795031055900622,0.03028086000194392,0.029497257517471873,0.02851775441188181,0.026558748200701685,13
2014-10-17,0.026187938968555716,1.0782397939862154,0.025972291009758473,0.0251096991745695,0.024031459380583285,0.021874979792610855,13
2014-11-14,0.13351103962968827,1.0288987435328898,0.13330525988098169,0.13248214088615537,0.1314532421426225,0.12939544465555672,13
2014-12-15,0.004382817918127506,1.132039911308204,0.0041564099358658655,0.0032507780068193022,0.002118738095511098,-0.0001453417271053102,13
2015-01-14,-0.057263326459100136,0.9135254988913526,-0.0574460315588784,-0.058176851957991486,-0.059090377456882844,-0.060917428454665544,13
2015-02-12,0.04002971268533114,1.0351441241685144,0.039822683860497435,0.038994568561162624,0.03795942443699411,0.035889136188657085,13
2015-03-13,-0.04255482187802352,1.040545415193709,-0.04276293096106226,-0.04359536729321723,-0.04463591270841094,-0.04671700353879836,13
2015-04-13,-0.02102161935105139,0.9927855133107281,-0.021220176453713536,-0.022014404864362118,-0.023007190377672848,-0.0249927614042943,13
2015-05-11,0.05037204969931974,1.005988023952096,0.050170852094529324,0.049366061675367646,0.04836007365141555,0.04634809760351136,13
2015-06-09,0.10899561302274184,0.9760479041916168,0.10880040344190352,0.10801956511855022,0.1070435172143586,0.10509142140597537,13
2015-07-08,0.13738341831944462,1.1082984519301045,0.1371617586290586,0.1362751198675145,0.13516682141558442,0.1329502245117242,13
2015-08-05,-0.03786797977665166,0.9235931167364295,-0.03805269839999895,-0.03879157289338809,-0.03971516601012452,-0.04156235224359738,13
2015-09-02,0.12668691212374725,0.9391377852916314,0.12649908456668893,0.1257477743384556,0.12480863655316399,0.12293036098258073,13
2015-10-01,-0.048387240318661755,0.813785573400958,-0.04854999743334194,-0.04920102589206271,-0.050014811465463674,-0.051642382612265586,13
2015-10-29,-0.023807323419285615,0.8518107908351812,-0.02397768557745265,-0.024659134210120795,-0.02551094500095598,-0.02721456658262634,13
2015-11-27,0.020798708961722055,0.9741588252067295,0.02060387719668071,0.019824550136515327,0.018850391311308598,0.016902073660895137,13
2015-12-28,0.11384307503547662,0.9445394924436842,0.1136541671369879,0.11289853554303295,0.11195399605058926,0.11006491706570189,13
2016-01-27,0.04122462516267062,0.8234254382800663,0.04105994007501461,0.04040119972439055,0.039577774286110486,0.03793092340955036,13
2016-02-25,-0.10722250051263735,0.749444061038264,-0.107372389324845,-0.10797194457367561,-0.10872138863471388,-0.1102202767567904,13
2016-03-24,-0.19615561212151308,0.7185798635073999,-0.19629932809421458,-0.19687419198502049,-0.1975927718485279,-0.1990299315755427,13
2016-04-22,0.070438363837764,0.9487769342841806,0.07024860845090716,0.06948958690347982,0.06854080996919563,0.06664325610062728,13
2016-05-20,-0.0260863443966175,0.9094021176657909,-0.02626822482015066,-0.02699574651428329,-0.02790514863194908,-0.029723952867280665,13
2016-06-20,0.006181613249628041,0.8656556006687366,0.006008482129494294,0.005315957648959304,0.0044503020482905675,0.0027189908469530946,13
2016-07-19,-0.08763960041379293,1.0107551314095282,-0.08784175144007483,-0.08865035554520245,-0.08966111067661199,-0.09168262093943104,13
2016-08-16,0.005961524139398268,1.1523896084223282,0.005731046217713803,0.00480913453097594,0.003656744922553612,0.0013519657057089558,13
2016-09-14,0.012084439634232155,1.0109083850931677,0.011882257957213522,0.011073531249138988,0.01006262286404582,0.008040806093859484,13
2016-10-12,0.036290301730019736,0.8340498367964335,0.03612349176266045,0.0354562518932233,0.03462220205642687,0.032954102382834,13
2016-11-09,-0.041870781892496975,1.0044582437704004,-0.042071673541251055,-0.042875240136267374,-0.043879698380037774,-0.04588861486757857,13
2016-12-08,-0.02469977462239987,1.1839292915714479,-0.02493656048071416,-0.025883703913971316,-0.027067633205542764,-0.02943549178868566,13
2017-01-09,0.034872884170485334,1.1611439709638391,0.034640655376292566,0.033711740199521494,0.03255059622855765,0.03022830828662998,13
2017-02-07,0.010732614404447637,1.033832231117299,0.010525847958224177,0.009698782173330337,0.008664949942213038,0.00659728547997844,13
2017-03-08,0.016710509833538254,1.0405093427602625,0.016502407964986202,0.01567000049077799,0.01462949114801773,0.012548472462497205,13
2017-04-05,-0.002543895946312062,0.9264843806363178,-0.002729192822439326,-0.00347038032694838,-0.004396864707584698,-0.006249833468857333,13
2017-05-04,0.04304487012840108,1.1424500396796768,0.042816380120465146,0.0419024200887214,0.04075997004904173,0.03847506996968238,13
2017-06-02,-0.039008849355482135,1.0651515151515152,-0.03922187965851244,-0.04007400087063365,-0.041139152385785166,-0.0432694554160882,13
2017-06-30,0.005697564514254936,1.1060735671514115,0.005476349800824653,0.004591490947103524,0.003485417379952113,0.00127327024564929,13
2017-07-31,0.06309479228661842,1.1060022811519818,0.06287359183038803,0.061988790005466435,0.060882787724314456,0.05867078316201049,13
2017-08-28,-0.08559701820499412,1.0354086192532002,-0.08580409992884476,-0.08663242682424732,-0.08766783544350051,-0.08973865268200691,13
2017-09-26,0.06433531589769229,1.0599281759688761,0.06412333026249852,0.0632753877217234,0.06221545954575453,0.06009560319381678,13
2017-10-24,0.027518812304443283,1.0666666666666669,0.02730547897110995,0.026452145637776616,0.02538547897110995,0.023252145637776615,13
2017-11-21,-0.03937761598195815,1.080995475113122,-0.03959381507698077,-0.040458611457071275,-0.0415396069321844,-0.04370159788241064,13
2017-12-20,-0.036400391488533045,1.0795295993621685,-0.036616297408405475,-0.03747992108789521,-0.038559450687257385,-0.04071850988598172,13
2018-01-22,0.019391566788660403,1.119593382499502,0.019167648112160502,0.0182719734061609,0.0171523800236614,0.014913193258662395,13
2018-02-20,0.02865129595067998,1.177430071091622,0.028415809936461655,0.027473865879588357,0.026296435808496735,0.02394157566631349,13
2018-03-20,-0.04411032425417141,1.07683133513276,-0.04432569052119797,-0.045187155589304175,-0.04626398692443693,-0.048417649594702454,13
2018-04-18,0.0027618273773270005,1.0655012240286235,0.002548727132521276,0.001696326153298377,0.0006308249292697535,-0.0015001775187874935,13
2018-05-16,0.011323781398130048,1.126580987352101,0.011098465200659628,0.010197200410777946,0.009070619423425845,0.006817457448721643,13
2018-06-14,0.003668459529785362,1.01013221712843,0.003466433086359676,0.002658327312656932,0.001648195095528502,-0.0003720693387283579,13
2018-07-13,0.03703293010877862,0.9480258615278387,0.03684332493647305,0.036084904247250776,0.035136878385722936,0.03324082666266726,13
2018-08-10,0.040578634520607365,1.1159374803841566,0.04035544702453053,0.03946269704022321,0.03834675955983905,0.03611488459907074,13
2018-09-10,-0.008311967181480247,1.0912084957655601,-0.008530208880633359,-0.009403175677245808,-0.010494384173011368,-0.012676801164542489,13
2018-10-08,-0.0023061065275000866,1.1022523420370742,-0.0025265569959075015,-0.003408358869537161,-0.004510611211574235,-0.006715115895648383,13
2018-11-05,0.055925589117163825,1.038402763935951,0.05571790856437663,0.054887186353227875,0.053848783589291925,0.05177197806142002,13
2018-12-04,0.008886255934012025,0.9800761593907249,0.00869024070213388,0.0079061797746213,0.006926103615230575,0.004965951296449125,13
2019-01-04,-0.09780643085497952,0.772083685545224,-0.09796084759208856,-0.09857851454052474,-0.09935059822606997,-0.10089476559716042,13
2019-02-04,-0.025650967455039538,0.8373837700760778,-0.025818444209054752,-0.026488351225115614,-0.027325734995191694,-0.02900050253534385,13
2019-03-05,0.024126687669858517,0.8897265709544766,0.023948742355667622,0.02323696109890404,0.022347234527949563,0.02056778138604061,13
2019-04-02,0.021250416289520943,0.9137147391963063,0.02106767334168168,0.020336701550324635,0.01942298681112833,0.01759555733273572,13
2019-05-01,0.0957295469188705,0.9078710049779959,0.09554797271787491,0.09482167591389251,0.09391380490891452,0.09209806289895853,13
2019-05-30,0.0023130920053464742,1.003992015968064,0.0021122936021528613,0.0013090999893784101,0.000305107973410346,-0.0017028760585257822,13
2019-06-27,0.07910302276744806,0.9206230396350158,0.07891889815952105,0.07818239972781305,0.07726177668817803,0.07542053060890799,13
2019-07-26,0.06847884080402367,0.9803044513382873,0.068282779913756,0.06749853635268538,0.06651823190134709,0.06455762299867052,13
2019-08-23,-0.14556401474477357,0.9923165716759252,-0.14576247805910875,-0.1465563313164495,-0.1475486478881254,-0.14953328103147726,13
2019-09-23,0.041684594973315774,0.8901594401558328,0.04150656308528461,0.040794435533159944,0.03990427609300411,0.03812395721269244,13
2019-10-21,-0.015320806568818505,0.9130450849963047,-0.015503415585817767,-0.016233851653814812,-0.017146896738811115,-0.018972986908803724,13
2019-11-18,-0.04896748415459709,1.2339905074844835,-0.049214282256093984,-0.05020147466208157,-0.051435465169566055,-0.05390344618453503,13
2019-12-17,-0.03641164758236211,1.0406352683461115,-0.03661977463603133,-0.03745228285070822,-0.03849291811905433,-0.04057418865574655,13
2020-01-16,0.09216754474809409,1.058220625528318,0.09195590062298843,0.09110932412256577,0.09005110349703746,0.08793466224598082,13
2020-02-14,0.07362880423290671,1.105170470555086,0.0734077701387957,0.07252363376235163,0.07141846329179655,0.06920812235068637,13
2020-03-16,-0.08879498755888807,1.3078713968957871,-0.08905656183826723,-0.09010285895578385,-0.09141073035267964,-0.09402647314647121,13
2020-04-14,-0.0418826177503307,0.7359571322985958,-0.04202980917679042,-0.042618574882629295,-0.043354532014927886,-0.04482644627952508,13
2020-05-12,-0.32913050864326754,0.8456023651145601,-0.32929962911629046,-0.3299761110083821,-0.33082171337349664,-0.3325129181037258,13
2020-06-10,0.1947527763649366,1.1147490820073438,0.19452982654853512,0.19363802728292925,0.1925232782009219,0.19029378003690722,13
2020-07-09,-0.06409742434866078,0.9636124794745484,-0.0642901468445557,-0.06506103682813533,-0.06602464930760987,-0.06795187426655898,13
2020-08-06,-0.04918840340099857,1.0328735632183907,-0.049394978113642254,-0.050221276964216965,-0.05125415052743536,-0.053319897653872135,13
2020-09-03,0.03130832553496601,1.0572755417956659,0.031096870426606874,0.03025104999317034,0.029193774451374676,0.027079223367783345,13
2020-10-02,0.0007213266172011049,1.0447146369012026,0.0005123836898208644,-0.00032338801970009765,-0.0013681026566013002,-0.0034575319304037053,13
2020-10-30,-0.28637776838570866,1.1080326888578833,-0.28659937492348025,-0.28748580107456656,-0.28859383376342446,-0.2908098991411402,13
2020-11-30,0.00712780692630105,1.1773899943506372,0.0068923289274309225,0.005950416931950413,0.004773026937599775,0.002418246948898501,13
2020-12-29,-0.07593940223560872,1.1517683096630464,-0.07616975589754132,-0.07709117054527176,-0.07824293885493482,-0.0805464754742609,13
2021-01-28,-0.08563675348326959,1.2864583333333335,-0.08589404514993626,-0.08692321181660292,-0.08820967014993625,-0.09078258681660292,13
2021-02-26,0.12668739512135238,1.5119006974589084,0.1263850149818606,0.12517549442389347,0.12366359372643457,0.12063979233151675,13
2021-03-26,0.031710079553794276,1.1559692842654303,0.03147888569694119,0.030554110269528846,0.029398140985263416,0.027086202416732555,13
2021-04-26,0.1099067675748377,1.0477880807495412,0.10969720995868779,0.10885897949408815,0.10781119141333861,0.10571561525183953,13
2021-05-24,-0.13718077539099321,1.0981948080279231,-0.1374004143525988,-0.13827897019902113,-0.13937716500704905,-0.14157355462310492,13
2021-06-22,0.08394737189789671,0.9273282917227805,0.08376190623955215,0.08302004360617393,0.08209271531445114,0.08023805873100559,13
2021-07-21,0.13418319217334995,0.7805209454955646,0.13402708798425084,0.13340267122785437,0.13262215028235882,0.1310611083913677,13
2021-08-18,-0.07040840379199306,0.836025226888171,-0.0705756088373707,-0.07124442901888123,-0.07208045424576941,-0.07375250469954575,13
2021-09-16,0.020863730509955863,0.9122348154606219,0.02068128354686374,0.019951495694495242,0.019039260879034618,0.017214791248113374,13
2021-10-14,0.013625851615896944,0.9463078097731241,0.01343659005394232,0.01267954380612382,0.011733235996350696,0.009840620376804447,13
2021-11-11,0.15123423729023952,1.0300501745200696,0.15102822725533552,0.15020418711571945,0.14917413694119938,0.14711403659215924,13
2021-12-10,0.07558586161936923,0.9725550518134716,0.07539135060900654,0.07461330656755576,0.07364075151574229,0.07169564141211535,13
2022-01-10,0.12810281196059925,1.0298061001014902,0.12789685074057897,0.12707300586049777,0.12604319976039627,0.12398358756019329,13
2022-02-08,0.055024790735698964,0.7499866460124993,0.054874793406496467,0.05427480408968646,0.05352481744367397,0.052024844151648965,13
2022-03-09,0.017447030955522472,0.8335584824946527,0.01728031925902354,0.01661347247302782,0.015779913990533165,0.014112797025543862,13
2022-04-06,0.18870741280151057,0.7944208115183247,0.1885485286392069,0.18791299198999226,0.1871185711784739,0.18552972955543728,13
2022-05-05,0.11758950490236604,0.878081369982548,0.11741388862836953,0.1167114235323835,0.11583334216240095,0.11407717942243585,13
2022-06-03,-0.1719007022063058,0.6119544592030361,-0.1720230930981464,-0.17251265666550883,-0.17312461112471186,-0.17434852004311793,13
2022-07-05,-0.05309025268879773,0.8480823414409753,-0.05325986915708593,-0.053938335030238704,-0.054786417371679684,-0.056482582054561636,13
2022-08-02,0.03106282036665316,0.6921683629463515,0.03092438669406389,0.03037065200370681,0.029678483640760457,0.028294146914867754,13
2022-08-30,0.02492457953643773,0.7717391304347827,0.024770231710350775,0.02415284040600295,0.023381101275568163,0.0218376230146986,13
2022-09-28,0.05298964020068395,0.6521739130434783,0.052859205418075254,0.05233746628764047,0.051685292374597,0.05038094454851004,13
2022-10-26,0.021723522590548813,0.6637242538881883,0.021590777739771177,0.021059798336660624,0.020396074082772435,0.01906862557499606,13
2022-11-23,0.02776241638783775,0.9712292938099389,0.027568170529075762,0.02679118709402781,0.025819957800217872,0.023877499212597995,13
2022-12-22,-0.16846488414548186,0.8039814007555942,-0.16862568042563297,-0.16926886554623746,-0.17007284694699304,-0.17168080974850425,13
2023-01-24,-0.02922006268941876,1.014878831076265,-0.029423038455634012,-0.030234941520495023,-0.03124982035157129,-0.03327957801372382,13
2023-02-22,0.08712688229149701,0.9653937222997997,0.08693380354703704,0.08616148856919721,0.08519609484689741,0.08326530740229782,13
2023-03-22,0.004921940503355167,0.9666216368344028,0.004728616175988286,0.003955318866520764,0.0029886972296863613,0.0010554539560175555,13
2023-04-20,0.004249599092849385,0.8228357536868175,0.0040850319421120215,0.0034267633391625676,0.00260392758547575,0.0009582560781021148,13
2023-05-18,-0.07460692641930418,0.9757293606455617,-0.07480207229143329,-0.07558265577994974,-0.0765583851405953,-0.07850984386188642,13
2023-06-16,-0.024591642752085186,0.9435236894253288,-0.024780347489970253,-0.025535166441510514,-0.026478690130935845,-0.0283657375097865,13
2023-07-18,0.008470857320588599,0.9769995974929562,0.008275457401090008,0.007493857723095643,0.006516858125602687,0.004562858930616774,13
2023-08-15,0.05064801495151921,1.164711632453568,0.05041507262502849,0.04948330331906564,0.048318591686612074,0.04598916842170494,13
2023-09-13,0.10931557718950807,0.8759361571516268,0.10914038995807775,0.10843964103235644,0.10756370487520482,0.10581183256090157,13
2023-10-11,0.030408020335147102,0.907389573703133,0.030226542420406476,0.02950063076144397,0.028593241187740835,0.02677846204033457,13
2023-11-08,-0.10410970755828818,0.884405495634309,-0.10428658865741504,-0.10499411305392248,-0.1058785185495568,-0.10764732954082541,13
2006-01-24,-0.040995826431790304,1.0,-0.0411958264317903,-0.041995826431790305,-0.042995826431790306,-0.0449958264317903,14
2006-02-22,0.004515459174560888,1.2163546798029556,0.004272188238600296,0.0032991044947579323,0.0020827498149549764,-0.000349959544650935,14
2006-03-22,-0.009893461189847212,1.1533004926108374,-0.010124121288369379,-0.011046761682458049,-0.012200062175068888,-0.014506663160290562,14
2006-04-20,-0.01920062257252034,1.2232409806657365,-0.01944527076865349,-0.020423863553186077,-0.021647104533851814,-0.024093586495183287,14
2006-05-18,0.04102060923268288,1.331048054338856,0.04075439962181511,0.039689561178344025,0.038358513124005164,0.035696417015327456,14
2006-06-16,0.08067221263411366,0.8738018155272012,0.08049745227100821,0.07979841081858646,0.07892460900305925,0.07717700537200485,14
2006-07-17,0.03323238564579365,0.7556640754767125,0.03308125283069831,0.03247672157031694,0.03172105749484023,0.030209729343886802,14
2006-08-14,-0.11217737149010884,0.8745098039215685,-0.11235227345089316,-0.1130518812940304,-0.11392639109795198,-0.11567541070579511,14
2006-09-12,-0.03181421403858891,0.9146942800788954,-0.03199715289460469,-0.03272890831866781,-0.0336436025987467,-0.03547299115890449,14
2006-10-10,-0.013023004378375202,1.0879312802965497,-0.013240590634434512,-0.014110935658671752,-0.0151988669389683,-0.0173747294995614,14
2006-11-07,-0.03967695889755408,1.1130706075533663,-0.03989957301906475,-0.04079002950510745,-0.04190310011266081,-0.04412924132776754,14
2006-12-06,0.032069118904161587,1.033070607553366,0.031862504782650916,0.03103604829660822,0.030002977689054855,0.027936836473948123,14
2007-01-08,-0.008576493187750197,1.0232558139534882,-0.008781144350540894,-0.009599749001703685,-0.010623004815657172,-0.01266951644356415,14
2007-02-06,0.014984289745411574,1.0954220779220778,0.014765205329827159,0.013888867667489497,0.012793445589567418,0.010602601433723262,14
2007-03-07,0.016662245211011426,1.0864864864864865,0.01644494791371413,0.01557575872452494,0.014489272238038453,0.01231629926506548,14
2007-04-04,-0.010755523283473338,0.9891891891891893,-0.010953361121311176,-0.011744712472662528,-0.012733901661851716,-0.014712280040230095,14
2007-05-03,0.017852015668880516,1.1356512340118898,0.017624885422078136,0.016716364434868625,0.015580713200856737,0.013309410732832956,14
2007-06-01,0.030686574275747815,1.1211457503697804,0.03046234512567386,0.029565428525378034,0.028444282775008253,0.026201991274268692,14
2007-06-29,0.04758400441734831,1.179477592008974,0.047348108898946514,0.04640452682533933,0.04522504923333036,0.04286609404931241,14
2007-07-30,0.04502131990824925,1.164040382458202,0.04478851183175761,0.04385727952579105,0.042693239143332846,0.04036515837841644,14
2007-08-27,0.06770198921401414,1.0380030540367469,0.06749438860320679,0.0666639861599774,0.06562598310594064,0.06354997699786716,14
2007-09-25,0.048192261620228535,1.1122358504507166,0.04796981445013839,0.047080025769777815,0.0459677899193271,0.04374331821842567,14
2007-10-23,0.10106832060380887,1.0672906403940887,0.10085486247573006,0.10000102996341478,0.09893373932302069,0.09679915804223252,14
2007-11-20,-0.009812588755495535,1.0148864333947207,-0.01001556604217448,-0.010827475188890255,-0.011842361622284976,-0.013872134489074418,14
2007-12-19,0.08480777077565367,0.8983118477593615,0.0846281084061018,0.08390945892789431,0.08301114708013495,0.08121452338461622,14
2008-01-18,-0.16735153306717745,0.9280225758193934,-0.16753713758234134,-0.16827955564299685,-0.16920757821881624,-0.17106362337045503,14
2008-02-19,0.11537656049785602,1.061567414975131,0.115164247014861,0.11431499308288089,0.11325342566790576,0.1111302908379555,14
2008-03-18,-0.015001877864261663,0.7829345342115875,-0.01515846477110398,-0.01578481239847325,-0.016567746932684837,-0.01813361600110801,14
2008-04-16,-0.03107910871519586,0.7968673860076575,-0.03123848219239739,-0.03187597610120352,-0.032672843487211174,-0.034266578259226486,14
2008-05-14,0.12477975464905852,0.8365055603079554,0.12461245353699693,0.12394324908875057,0.12310674352844261,0.1214337324078267,14
2008-06-12,0.18186015823323268,0.8485528942115769,0.18169044765439035,0.1810116053390211,0.1801630524448095,0.17846594665638638,14
2008-07-11,-0.21151142038449577,0.9498593175095593,-0.2117013922479977,-0.21246127970200535,-0.2134111390195149,-0.215310857654534,14
2008-08-08,-0.0728003247152406,0.9461077844311379,-0.07298954627212682,-0.07374643249967174,-0.07469254028410288,-0.07658475585296515,14
2008-09-08,0.1636560191566127,0.844311377245509,0.1634871568811636,0.1628117077793672,0.16196739640212168,0.16027877364763068,14
2008-10-06,0.08566634158744303,0.9693251533742331,0.08547247655676818,0.0846970164340688,0.08372769128069457,0.0817890409739461,14
2008-11-03,0.21615887548005608,0.8895705521472392,0.21598096136962663,0.21526930492790883,0.2143797343757616,0.21260059327146713,14
2008-12-02,-0.16179917510507183,0.8561968680089486,-0.1619704144786736,-0.16265537197308078,-0.16351156884108972,-0.1652239625771076,14
2008-12-31,-0.015471729520356556,0.6104353011329755,-0.015593816580583151,-0.016082164821489532,-0.016692600122622508,-0.01791347072488846,14
2009-01-30,0.13112381002359055,0.6358267716535433,0.13099664466925984,0.130487983251937,0.12985215648028348,0.12858050293697637,14
2009-03-02,-0.17210910964491508,0.748825396825397,-0.17225887472428014,-0.17285793504174046,-0.17360676043856588,-0.17510441123221665,14
2009-03-30,-0.3190662920500488,0.531187524990004,-0.3191725295550468,-0.3195974795750388,-0.32012866710002885,-0.3211910421500088,14
2009-04-28,-0.2376134460102302,0.7251908396946566,-0.23775848417816914,-0.23833863684992487,-0.23906382768961953,-0.24051420936900883,14
2009-05-27,0.018518838234071737,0.6813463514902363,0.01838256896377369,0.0178374918825815,0.017156145531091266,0.01579345282811079,14
2009-06-24,-0.06734431364270752,0.7319116135662898,-0.06749069596542077,-0.0680762252562738,-0.0688081368698401,-0.07027196009697267,14
2009-07-23,-0.16091282276038985,0.7124340702502525,-0.1610553095744399,-0.1616252568306401,-0.16233769090089034,-0.16376255904139086,14
2009-08-20,-0.13578549739897,0.9180481701595244,-0.1359691070330019,-0.13670354556912953,-0.13762159373928906,-0.1394576900796081,14
2009-09-18,0.009447488571367475,1.0408716505056823,0.009239314241266339,0.008406616920861792,0.00736574527035611,0.005284001969344745,14
2009-10-16,0.046987545960962565,1.4206577595066805,0.04670341440906123,0.04556688820145589,0.0441462304419492,0.041304914922935844,14
2009-11-13,-0.01794746238859993,1.346299533799534,-0.01821672229535984,-0.019293761922399465,-0.020640061456199,-0.023332660523798066,14
2009-12-14,-0.0959999683342296,1.1999320124320123,-0.096239954736716,-0.09719990034666161,-0.09839983235909362,-0.10079969638395764,14
2010-01-13,0.00025388134173793576,1.15809795832011,2.2261750073913742e-05,-0.0009042166165821744,-0.0020623145749022846,-0.004378510491542505,14
2010-02-11,-0.03305282638763585,1.2916752312435766,-0.033311161433884566,-0.034344501618879426,-0.035636176850123,-0.038219527312610156,14
2010-03-12,-0.003389189406401181,1.1594110115236875,-0.003621071608705918,-0.004548600417924868,-0.0057080114294485555,-0.00802683345249593,14
2010-04-12,0.038416949034714196,1.1795843045843046,0.038181032173797334,0.03723736473012989,0.03605778042554559,0.033698611816376976,14
2010-05-10,0.07370919294695888,1.3026811897779642,0.07344865670900329,0.07240651175718091,0.07110383056740295,0.06849846818784702,14
2010-06-08,0.011890656073177722,0.9582739840804357,0.011699001276361636,0.010932382089097286,0.00997410810501685,0.00805756013685598,14
2010-07-07,-0.0737346124972585,0.8827770723743879,-0.07391116791173338,-0.07461738956963289,-0.07550016664200727,-0.07726572078675606,14
2010-08-04,0.05276419001042125,0.9691838977125162,0.05257035323087875,0.051795006112708736,0.050825822214996215,0.04888745441957119,14
2010-09-01,-0.07964972627667594,0.9536126097535174,-0.07984044879862665,-0.08060333888642945,-0.08155695149618297,-0.08346417671569001,14
2010-09-30,0.011819339038433867,1.0488407041648777,0.01160957089760089,0.010770498334268989,0.009721657630104111,0.007623976221774356,14
2010-10-28,0.026227734745582258,1.1427901157335003,0.025999176722435558,0.025084944629848758,0.023942154514115258,0.021656574282648257,14
2010-11-26,-0.08479084259473108,1.1227011494252874,-0.08501538282461613,-0.08591354374415636,-0.08703624489358165,-0.08928164719243223,14
2010-12-27,-0.009459829820635677,1.2448979591836735,-0.009708809412472411,-0.01070472777981935,-0.011949625739003024,-0.01443942165737037,14
2011-01-25,0.015990973920975142,1.163265306122449,0.015758320859750652,0.014827708614852693,0.013664443308730245,0.011337912696485347,14
2011-02-23,0.03299745383706428,1.0991746780337381,0.032777618901457535,0.03189827915903054,0.030799104480996806,0.02860075512492933,14
2011-03-23,0.00036717109445408985,1.088772517804776,0.00014941659089313464,-0.0007216014233506862,-0.0018103739411554623,-0.003987918976765014,14
2011-04-20,0.007603537545412068,1.127984918307499,0.007377940561750568,0.0064755526271045695,0.005347567708797071,0.003091597872182072,14
2011-05-19,0.047222363061030226,1.211946308724832,0.04697997379928526,0.0460104167523054,0.04479847044358056,0.042374577826130896,14
2011-06-17,-0.015515652886476184,1.0639595677936564,-0.015728444800034914,-0.01657961245426984,-0.017643572022063497,-0.01977149115765081,14
2011-07-18,0.06748133941013293,0.9915290677674579,0.06728303359657943,0.06648981034236547,0.06549828127459802,0.0635152231390631,14
2011-08-15,0.05822046786410219,0.9659356607272434,0.05802728073195674,0.057254532203374946,0.0562885965426477,0.05435672522119322,14
2011-09-13,0.035914893420103074,0.7114004676287995,0.035772613326577316,0.035203492952474276,0.03449209248484547,0.033069291549587876,14
2011-10-11,-0.08786261698927458,0.7238374801975584,-0.08800738448531409,-0.08858645446947214,-0.0893102919496697,-0.09075796691006481,14
2011-11-08,0.05789184831290692,0.8814649147330165,0.05771555532996032,0.0570103833981739,0.056128918483440884,0.05436598865397485,14
2011-12-07,0.007236436567440401,0.7790979405460815,0.007080616979331184,0.006457338626894319,0.005678240686348238,0.004120044805256075,14
2012-01-06,-0.16391028525218104,0.9414144441114773,-0.16409856814100335,-0.16485169969629251,-0.16579311414040399,-0.16767594302862696,14
2012-02-06,0.07022674799341315,1.1442793317793316,0.06999789212705729,0.06908246866163381,0.06793818932985449,0.06564963066629582,14
2012-03-06,-0.003062264367650869,1.0188001889466225,-0.0032660244054401933,-0.004081064556597491,-0.005099864745544113,-0.007137465123437358,14
2012-04-03,0.045255340042007534,0.9708077468115257,0.04506117849264523,0.04428453229519601,0.04331372454838448,0.04137210905476143,14
2012-05-02,0.08070340741930956,1.0604885057471263,0.08049130971816014,0.07964291891356244,0.07858243040781532,0.07646145339632106,14
2012-05-31,0.021591564141232665,1.0188121737417513,0.021387801706484313,0.020572751967490914,0.019553939793749163,0.01751631544626566,14
2012-06-28,0.02446478428397253,0.8865248226950354,0.024287479319433522,0.023578259461277493,0.02269173463858246,0.02091868499319239,14
2012-07-27,-0.08180081971894718,0.9645390070921985,-0.08199372752036561,-0.08276535872603938,-0.08372989773313157,-0.08565897574731597,14
2012-08-24,-0.01633918281708722,1.099756690997567,-0.016559134155286735,-0.01743893950808479,-0.018538696199082355,-0.02073820958107749,14
2012-09-24,0.02450395372938787,1.0489521426337192,0.024294163300861128,0.023455001586754152,0.022406049444120432,0.020308145158852993,14
2012-10-22,0.034655864294265225,1.0199145031800647,0.03445188139362921,0.03363594979108516,0.0326160352879051,0.030576206281544966,14
2012-11-21,-0.08332000574601936,1.0505554932106385,-0.08353011684466148,-0.08437056123923,-0.08542111673244064,-0.08752222771886191,14
2012-12-20,0.0030981910239460714,1.1025428413488114,0.002877682455676309,0.0019956481825972603,0.0008931053412484487,-0.001311980341449174,14
2013-01-22,0.003102210241816008,0.9840175806612725,0.0029054067256837537,0.0021181926611547356,0.0011341750804934629,-0.0008338600808290822,14
2013-02-20,0.021271335587954472,1.1280868511788278,0.021045718217718706,0.020143248736775643,0.019015161885596817,0.016758988183239162,14
2013-03-20,0.02053195959730056,1.0805369127516777,0.020315852214750223,0.019451422684548882,0.018370885771797203,0.016209811946293846,14
2013-04-18,-0.06203578503127809,1.1275167785234899,-0.062261288386982784,-0.06316330180980158,-0.06429081858832507,-0.06654585214537205,14
2013-05-16,0.009461088955781547,1.230905077262693,0.009214907940329009,0.008230183878518853,0.0069992788012561615,0.004537468646730775,14
2013-06-14,0.001401564453792718,1.164635761589404,0.001168637301474837,0.00023692869220331373,-0.0009277070693860905,-0.003256978592564899,14
2013-07-15,0.01326138509085299,1.2057394218684543,0.0130202372064793,0.012055645668984536,0.010849906247116082,0.008438427403379172,14
2013-08-12,-0.0036938686252363934,1.25731043150398,-0.00394533071153719,-0.004951179056740374,-0.006208489488244354,-0.008723110351252315,14
2013-09-10,0.023956618302708482,1.083720330237358,0.02373987423666101,0.022872897972471124,0.021789177642233766,0.01962173698175905,14
2013-10-08,0.04222068152053916,1.1176470588235294,0.04199715210877446,0.041103034461715635,0.039985387402892106,0.03775009328524505,14
2013-11-05,-0.0056193446898053605,1.1687500000000002,-0.005853094689805361,-0.006788094689805361,-0.007956844689805362,-0.010294344689805363,14
2013-12-04,-0.039188315107641314,1.1812500000000001,-0.039424565107641314,-0.040369565107641316,-0.04155081510764132,-0.043913315107641314,14
2014-01-03,-0.011918782798397823,1.1658998543056514,-0.012151962769258954,-0.013084682652703475,-0.014250582507009125,-0.016582382215620427,14
2014-02-03,-0.01807982747361837,1.1871766444937175,-0.018317262802517113,-0.019267004118112087,-0.020454180762605804,-0.02282853405159324,14
2014-03-04,0.014357954268322292,1.1400278454577095,0.014129948699230751,0.013217926422864583,0.012077898577406872,0.009797842886491454,14
2014-04-01,0.05022333383246174,1.1459450052210232,0.049994144831417536,0.04907738882724072,0.04793144382201969,0.045639553811577645,14
2014-04-30,-0.003143738315122817,1.080938292476754,-0.0033599259736181676,-0.0042246766075995715,-0.005305614900076325,-0.007467491485029834,14
2014-05-29,-0.0320317617061495,1.0101750710758644,-0.03223379672036467,-0.03304193677722536,-0.03405211184830123,-0.036072461990452956,14
2014-06-26,0.026529076728762757,1.0780338171479875,0.02631346996533316,0.02545104291161477,0.024373009094466783,0.022216941460170808,14
2014-07-25,-0.024848688695322595,1.0046386353434085,-0.02504961642239128,-0.025853327330666004,-0.026857965966009412,-0.02886724323669623,14
2014-08-22,0.021945156069223246,1.0043393685470596,0.021744288195513835,0.020940816700676185,0.019936477332129127,0.01792779859503501,14
2014-09-22,0.01783402068081953,0.9378881987577641,0.01764644304106798,0.016896132482061767,0.015958244283304005,0.014082467885788475,14
2014-10-20,0.06199373834002168,0.9485085499578254,0.06180403663003011,0.061045229790063854,0.060096721240106024,0.05819970414019038,14
2014-11-17,0.09135317271940817,0.9817073170731707,0.09115683125599354,0.090371465402335,0.08938975808526183,0.08742634345111548,14
2014-12-16,0.028210440282335585,1.1219512195121952,0.027986050038433147,0.02708848906282339,0.025966537843311197,0.023722635404286804,14
2015-01-15,-0.11312901087920947,0.9190109232380668,-0.11331281306385708,-0.11404802180244754,-0.1149670327256856,-0.11680505457216174,14
2015-02-13,0.06918091602287862,1.0424242424242425,0.06897243117439378,0.06813849178045438,0.06709606753803014,0.06501121905318165,14
2015-03-16,-0.07229127559932098,1.0887381862780463,-0.0725090232365766,-0.07338001378559902,-0.07446875197187708,-0.07664622834443317,14
2015-04-14,-0.009648585109292944,0.9325084770218599,-0.009835086804697316,-0.010581093586314804,-0.011513602063336664,-0.013378619017380383,14
2015-05-12,0.05878346967948144,1.0164314228685487,0.05858018339490773,0.05776703825661289,0.056750606833744346,0.054717743988007245,14
2015-06-10,0.1077320246459617,0.9146706586826348,0.10754909051422518,0.10681735398727907,0.10590268332859643,0.10407334201123115,14
2015-07-09,0.11529910118117705,1.0904433497536947,0.11508101251122631,0.11420865783142335,0.11311821448166966,0.11093732778216227,14
2015-08-06,-0.012471715965196953,1.0043349753694581,-0.012672582960270845,-0.013476050940566411,-0.014480385915935869,-0.016489055866674786,14
2015-09-03,0.09613963002676995,0.9094815440969287,0.09595773371795056,0.09523014848267303,0.09432066693857609,0.09250170385038224,14
2015-10-02,-0.012331785627857795,0.8077627500704424,-0.012493338177871884,-0.013139548377928238,-0.01394731112799868,-0.015562836628139565,14
2015-10-30,-0.03674935081283265,0.8335920177383592,-0.03691606921638032,-0.03758294283057101,-0.03841653484830937,-0.04008371888378608,14
2015-11-30,0.030400180189400758,0.9559194863285478,0.030208996292135047,0.02944426070307221,0.02848834121674366,0.026576502244086565,14
2015-12-29,0.12753530400100313,0.9325634445394926,0.12734879131209523,0.12660274055646364,0.12567017711192416,0.12380505022284516,14
2016-01-28,-0.01601539291243115,0.8424222982606215,-0.016183877372083277,-0.01685781521069177,-0.017700237508952395,-0.019385082105473638,14
2016-02-26,-0.05155698553998239,0.7060041407867496,-0.05169818636813974,-0.05226298968076914,-0.05296899382155589,-0.05438100210312939,14
2016-03-28,-0.19050956891766518,0.7204968944099379,-0.19065366829654717,-0.19123006581207513,-0.19195056270648506,-0.19339155649530493,14
2016-04-25,0.05192324542394359,0.9627329192546584,0.051730698840092654,0.05096051250468893,0.04999777958543427,0.04807231374692496,14
2016-05-23,-0.008596027088014189,0.8778759652893877,-0.008771602281072067,-0.009473903053303577,-0.010351779018592964,-0.01210753094917174,14
2016-06-21,-0.029435302630689875,0.9540641668656954,-0.029626115464063015,-0.03038936679755557,-0.031343430964421264,-0.033251559298152655,14
2016-07-20,-0.06477872339225761,1.0415814587593728,-0.06498703968400948,-0.06582030485101699,-0.06686188630977635,-0.06894504922729511,14
2016-08-17,-0.015496732458849779,1.0968340528667726,-0.015716099269423134,-0.01659356651171655,-0.017690400564583323,-0.01988406867031687,14
2016-09-15,0.00841132830661269,0.9751552795031057,0.008216297250712068,0.007436173027109584,0.006461017747606478,0.0045107071886002666,14
2016-10-13,0.031219234253503557,0.9289865456571929,0.03103343694437212,0.030290247707846364,0.02936126116218917,0.027503288070874786,14
2016-11-10,-0.010875782359419849,1.0675105485232068,-0.01108928446912449,-0.011943292907943055,-0.013010803456466262,-0.015145824553512675,14
2016-12-09,-0.0075620130131330045,1.1490119639736522,-0.007791815405927735,-0.008711024977106657,-0.00986003694108031,-0.012158060869027614,14
2017-01-10,0.04471205893436154,1.1379553703454766,0.04448446786029244,0.04357410356401606,0.042436148193670586,0.040160237452979634,14
2017-02-08,0.01664890881529435,1.0236686390532546,0.0164441750874837,0.015625240176241097,0.01460157153718784,0.012554234259081332,14
2017-03-09,0.004318110735227522,1.0708287696239502,0.004103944981302732,0.003247281965603572,0.0021764531959796215,3.479565673172088e-05,14
2017-04-06,0.013687282904936864,0.8963638987086069,0.013508010125195142,0.012790919006228257,0.01189455510751965,0.010101827310102436,14
2017-05-05,0.04760434891537613,1.1124377750523051,0.047381861360365665,0.04649191114032382,0.04537947336527152,0.04315459781516691,14
2017-06-05,-0.05993829007308501,1.077035414384812,-0.06015369715596197,-0.061015325487469824,-0.06209236090185463,-0.06424643173062426,14
2017-07-03,0.0320308669365478,1.0881807812945539,0.031813230780288894,0.030942686155253248,0.029854505373958694,0.02767814381136959,14
2017-08-01,0.04904147293156515,1.117800114057599,0.048817912908753626,0.04792367281750755,0.04680587270344995,0.04457027247533475,14
2017-08-29,-0.09948413733301455,1.0308641975308641,-0.09969031017252072,-0.1005150015305454,-0.10154586572807628,-0.103607594123138,14
2017-09-27,0.07719041092818808,1.114918449797995,0.07696742723822848,0.07607549247839009,0.07496057402859209,0.07273073712899611,14
2017-10-25,0.015952062887589186,1.0533628972653362,0.015741390308136118,0.014898699990323849,0.013845337093058513,0.01173861129852784,14
2017-11-22,-0.050247486275226294,1.069161155586495,-0.05046131850634359,-0.05131664743081279,-0.05238580858639928,-0.05452413089757227,14
2017-12-21,-0.024505245973243887,1.0742371286463235,-0.02472009339897315,-0.02557948310189021,-0.026653720230536533,-0.02880219448782918,14
2018-01-23,0.04044102701999594,1.1377201236725365,0.04021348299526143,0.0393033068963234,0.03816558677265087,0.0358901465253058,14
2018-02-21,0.015858683749819837,1.1098265895953756,0.015636718431900763,0.014748857160224461,0.013639030570629086,0.011419377391438335,14
2018-03-21,-0.013970969880806525,1.0262067666813133,-0.014176211234142788,-0.014997176647487839,-0.016023383414169153,-0.018075796947531777,14
2018-04-19,-0.008389854702011373,1.0374741070868119,-0.008597349523428735,-0.009427328809098185,-0.010464802916184996,-0.012539751130358621,14
2018-05-17,0.004017109131212794,1.0624575003399972,0.003804617631144794,0.0029546516308727967,0.0018921941305327992,-0.00023272087014719525,14
2018-06-15,0.005808912587360934,1.0564414324629592,0.005597624300868341,0.004752471154897974,0.003696029722435015,0.0015831468575090964,14
2018-07-16,0.03709726314384999,0.9814779147406265,0.036900967560901866,0.03611578522910937,0.03513430731436874,0.033171351484887486,14
2018-08-13,0.05092018487646635,1.1002182845403183,0.050700141219558285,0.04981996659192603,0.048719748307385714,0.04651931173830508,14
2018-09-11,-0.011045998455330212,1.0328549598033354,-0.01125256944729088,-0.012078853415133548,-0.013111708374936883,-0.015177418294543554,14
2018-10-09,-0.0037478605156885947,1.1888911035811573,-0.0039856387364048266,-0.004936751619269752,-0.00612564272285091,-0.008503424930013225,14
2018-11-06,0.05117094026374419,0.9631585941133479,0.050978308544921525,0.050207781669630844,0.049244623075517496,0.0473183058872908,14
2018-12-06,-0.01936068359853128,0.898374813001496,-0.01954035856113158,-0.020259058411532777,-0.021157433224534273,-0.022954182850537266,14
2019-01-07,-0.051668624193690546,0.736439842209073,-0.05181591216213236,-0.05240506403589962,-0.05314150387810869,-0.05461438356252684,14
2019-02-05,-0.004952211330476905,0.8194914060298676,-0.005116109611682879,-0.005771702736506772,-0.00659119414253664,-0.008230176954596376,14
2019-03-06,0.006233677474043051,0.8795180722891565,0.00605777385958522,0.005354159401753895,0.004474641329464738,0.0027156051848864255,14
2019-04-03,0.02260331100711929,0.8724337040205304,0.02242882426631518,0.021730877303098757,0.02085844359907823,0.019113576191037165,14
2019-05-02,0.09745014351865124,1.0400270886797833,0.09724213810091528,0.09641011642997145,0.09537008934129167,0.0932900351639321,14
2019-05-31,-0.017230519321174677,0.973955703051728,-0.017425310461785023,-0.018204475024226403,-0.019178430727278133,-0.02112634213338159,14
2019-06-28,0.08666643872142506,0.9202438496500975,0.08648238995149504,0.08574619487177496,0.08482595102212487,0.08298546332282467,14
2019-07-29,0.07083939366638443,1.0043647644470095,0.07063852071349504,0.06983502890193742,0.06883066413749042,0.0668219346085964,14
2019-08-26,-0.11202606167463547,1.0224731260370825,-0.11223055629984288,-0.11304853480067255,-0.11407100792670963,-0.1161159541787838,14
2019-09-24,-0.006406955658132712,0.860038958228122,-0.006578963449778336,-0.0072669946163608345,-0.008127033574588957,-0.0098471114910452,14
2019-10-22,0.019491284611381932,0.8885809312638582,0.01931356842512916,0.018602703680118075,0.017714122748854217,0.0159369608863265,14
2019-11-19,-0.07720628660077103,1.1311427528294997,-0.07743251515133692,-0.07833742935360052,-0.07946857210643003,-0.08173085761208902,14
2019-12-18,-0.02286374088469794,1.088593896544261,-0.023081459664006793,-0.0239523347812422,-0.025040928677786463,-0.027218116470874985,14
2020-01-17,0.07939416971721804,1.0462454212454213,0.07918492063296895,0.07834792429597262,0.07730167887472719,0.07520918803223635,14
2020-02-18,0.09777389282027389,1.1171104536489151,0.0975504707295441,0.09665678236662498,0.09553967191297606,0.09330545100567823,14
2020-03-17,-0.20112341850147628,1.386659275683666,-0.201400750356613,-0.20251007777715993,-0.2038967370528436,-0.20667005560421095,14
2020-04-15,-0.02380403214737803,0.705469327420547,-0.02394512601286214,-0.024509501474798575,-0.025214970802219124,-0.02662590945706022,14
2020-05-13,-0.2935332070088153,0.8151884700665188,-0.2936962447028286,-0.2943483954788818,-0.2951635839489483,-0.2967939608890814,14
2020-06-11,0.15213001482589783,0.9567003132613991,0.15193867476324555,0.15117331451263644,0.15021661419937504,0.14830321357285223,14
2020-07-10,-0.05009764976262038,0.7744499178981937,-0.05025253974620002,-0.05087209968051857,-0.05164654959841677,-0.05319544943421315,14
2020-08-07,-0.013656225773147054,1.0212807881773398,-0.013860481930782523,-0.014677506561324395,-0.015698787349501735,-0.017741348925856413,14
2020-09-04,0.005951587439541528,1.0160990712074303,0.005748367625300042,0.004935488368334098,0.003919389297126668,0.0018871911547118066,14
2020-10-05,0.010772141922862159,1.0385221674876846,0.010564437489364621,0.009733619755374474,0.00869509758788679,0.006618053252911421,14
2020-11-02,-0.27610474270826746,1.1016420361247947,-0.2763250711154924,-0.27720638474439224,-0.278308026780517,-0.28051131085276665,14
2020-12-01,0.007002510642456709,1.1430167597765364,0.0067739072905014025,0.005859493882680173,0.004716477122903637,0.002430443603350564,14
2020-12-30,-0.12631580495024947,1.1419846898570303,-0.12654420188822088,-0.12745778964010648,-0.12859977432996353,-0.1308837437096776,14
2021-01-29,-0.046398168202050775,1.2375323834196892,-0.04664567467873471,-0.04763570058547047,-0.04887323296889015,-0.051348297735729534,14
2021-03-01,0.13905739069249617,1.42579445571332,0.1387722318013535,0.13763159623678287,0.13620580178106953,0.13335421286964289,14
2021-03-29,0.004004414989074479,1.2445909398242057,0.003755496801109638,0.0027598240492502733,0.0015152331094260675,-0.0009739487702223439,14
2021-04-27,0.09896933095368587,1.0927669121591963,0.09875077757125404,0.09787656404152668,0.09678379712936748,0.09459826330504909,14
2021-05-25,-0.1479657409487539,1.1086387434554974,-0.14818746869744498,-0.14907437969220938,-0.1501830184356649,-0.1524002959225759,14
2021-06-23,0.11267216032811628,0.9580833717889556,0.11248054365375848,0.11171407695632732,0.11075599358453837,0.10883982684096045,14
2021-07-22,0.1404636071338603,0.826206224683382,0.14029836588892364,0.13963740090917692,0.13881119468449354,0.13715878223512679,14
2021-08-19,-0.12769151763161982,0.9880787571142902,-0.12788913338304267,-0.1286795963887341,-0.1296676751458484,-0.13164383266007698,14
2021-09-17,0.07018614661232611,0.9824334425852452,0.06998965992380907,0.06920371316974086,0.06822127972715562,0.06625641284198514,14
2021-10-15,-0.006852414273462712,0.92496555524938,-0.007037407384512588,-0.007777379828712092,-0.008702345383961472,-0.010552276494460232,14
2021-11-12,0.13751820077337332,1.0354092036373657,0.13731111893264583,0.13648279156973595,0.13544738236609857,0.13337656395882386,14
2021-12-13,0.04488299203121088,1.0416666666666667,0.044674658697877546,0.04384132536454421,0.042799658697877545,0.04071632536454421,14
2022-01-11,0.1066076837083371,1.0091461802802009,0.10640585447228107,0.10559853752805691,0.1045893913477767,0.10257109898721631,14
2022-02-09,0.0965103723422908,0.6996827914353687,0.09637043578400373,0.09581068955085544,0.09511100675942007,0.09371164117654933,14
2022-03-10,0.008409233961925174,0.9132049983113812,0.008226592962262897,0.007496028963613792,0.006582823965302411,0.004756413968679648,14
2022-04-07,0.19650590116960095,0.7368837260034904,0.19635852442440024,0.19576901744359745,0.19503213371759398,0.193558366265587,14
2022-05-06,0.08005218310938884,0.8412958115183246,0.07988392394708518,0.07921088729787051,0.0783695914863522,0.07668699986331555,14
2022-06-06,-0.1713221889876681,0.5860215053763441,-0.17143939328874336,-0.17190821049304444,-0.1724942319984208,-0.17366627500917348,14
2022-07-06,-0.12290948615779004,0.8910930941291473,-0.12308770477661587,-0.12380057925191919,-0.12469167234604833,-0.12647385853430662,14
2022-08-03,0.07704889512760837,0.6599390489333563,0.0769169073178217,0.07638895607867502,0.07572901702974166,0.07440913893187495,14
2022-08-31,0.05184833282043867,0.7363387978142076,0.05170106506087583,0.051111994022624466,0.05037565522481026,0.04890297762918184,14
2022-09-29,0.043248920674421834,0.6761998099311,0.04311368071243561,0.04257272086449074,0.041896521054559634,0.04054412143469743,14
2022-10-27,0.025553455282052898,0.64368020907579,0.02542471924023774,0.02490977507297711,0.024266094863901317,0.022978734445749736,14
2022-11-25,0.04431066550404373,0.9820691659401336,0.044114251670855704,0.0433285963381036,0.04234652717216346,0.040382388840283195,14
2022-12-23,-0.18227015958158463,0.7986050566695728,-0.18242988059291854,-0.1830687646382542,-0.1838673696949238,-0.18546457980826292,14
2023-01-25,-0.02262752764906686,0.9167557614635304,-0.022810878801359565,-0.02354428341053039,-0.024461039171993923,-0.026294550694920982,14
2023-02-23,0.08274112678997977,0.9654716867831623,0.08254803245262314,0.0817756551031966,0.08081018341641345,0.07887924004284713,14
2023-03-23,-0.012514780227633459,0.9505516154452325,-0.012704890550722506,-0.01346533184307869,-0.014415883458523925,-0.01631698668941439,14
2023-04-21,0.011907663553924816,0.8494596420128335,0.01173777162552225,0.011058203911911983,0.010208744269899149,0.008509824985873483,14
2023-05-19,-0.06921547302632267,1.020391061452514,-0.06941955123861317,-0.07023586408777518,-0.07125625514922769,-0.07329703727213273,14
2023-06-20,-0.05331374699660225,0.9494418331374855,-0.053503635363229746,-0.05426318882973973,-0.05521263066287722,-0.05711151432915219,14
2023-07-19,0.026522752479456797,0.9821974148061106,0.026326312996495575,0.025540555064650687,0.024558357649844577,0.022593962820232356,14
2023-08-16,0.03121374035127183,1.1630434782608696,0.030981131655619658,0.03005069687301096,0.028887653394750093,0.02656156643822835,14
2023-09-14,0.126743835624306,0.9589695841092489,0.12655204170748416,0.12578486604019676,0.12482589645608749,0.122907957287869,14
2023-10-12,0.045044501215806595,0.8781818181818182,0.04486886485217023,0.044166319397624776,0.043288137579442956,0.041531773943079324,14
2023-11-09,-0.1516648217976189,0.8552922077922078,-0.15183588023917732,-0.1525201140054111,-0.1533754062132033,-0.15508599062878772,14
2006-01-25,0.002986143274752393,1.0,0.0027861432747523928,0.001986143274752393,0.0009861432747523928,-0.0010138567252476072,15
2006-02-23,-0.003892875760359713,1.1934975369458127,-0.004131575267748875,-0.005086373297305526,-0.006279870834251339,-0.008666865908142965,15
2006-03-23,0.005850698666831912,1.1360591133004927,0.005623486844171814,0.00471463955353142,0.003578580440230927,0.0013064622136299414,15
2006-04-21,9.917924212727962e-06,1.1481961331472994,-0.00021972130241673193,-0.0011382782089345714,-0.002286474342081871,-0.0045828666083764695,15
2006-05-19,0.05140054910453646,1.289686774213797,0.0511426117496937,0.050110862330322664,0.04882117555610887,0.04624180200768127,15
2006-06-19,0.08160038555273351,0.8633168037160254,0.0814277221919903,0.08073706874901748,0.07987375194530145,0.07814711833786941,15
2006-07-18,0.005424422504730866,0.7411688311688311,0.0052761887384971005,0.004683253673562035,0.003942084842393204,0.0024597471800555416,15
2006-08-15,-0.09110548068226082,0.8373485488870105,-0.09127295039203823,-0.09194282923114783,-0.09278017778003485,-0.09445487487780886,15
2006-09-13,-0.01458770237102906,0.9801000281769512,-0.014783722376664449,-0.01556780239920601,-0.016547902427382962,-0.018508102483736865,15
2006-10-11,-0.02293883766914788,1.0059880239520957,-0.0231400352739383,-0.023944825693099976,-0.024950813717052073,-0.026962789764956262,15
2006-11-08,-0.03885101254449798,1.0897077922077925,-0.039068954102939535,-0.03994072033670577,-0.04103042812891356,-0.04320984371332915,15
2006-12-07,0.03723675346284329,1.0442207792207792,0.03702790930699913,0.03619253268362251,0.03514831190440173,0.03305987034596017,15
2007-01-09,-0.015950150168413935,1.0685434516523866,-0.016163858858744412,-0.017018693620066323,-0.01808723707171871,-0.02022432397502348,15
2007-02-07,0.01719792063188086,1.1403762198253724,0.016969845387915784,0.016057544412055487,0.014917168192230114,0.012636415752579368,15
2007-03-08,0.007562399652527511,1.1232961222091657,0.007337740428085678,0.0064391035303183455,0.00531580740810918,0.0030692151636908483,15
2007-04-05,0.004080706340223219,1.0472972972972974,0.0038712468807637597,0.003033409042925922,0.0019861117456286244,-0.00010848284896597046,15
2007-05-04,0.01869316532840155,1.15659895462105,0.01846184553747734,0.0175365663737805,0.01637996741915945,0.014066769509917351,15
2007-06-04,0.03514710711566866,1.1533450904539766,0.034916438097577863,0.03399376202521468,0.032840416934760704,0.03053372675385275,15
2007-07-02,0.05141950077572252,1.1388708981001727,0.05119172659610249,0.05028062987762235,0.04914175897952217,0.04686401718332183,15
2007-07-31,0.040432749862565495,1.1596772452504318,0.04020081441351541,0.039273072617315066,0.03811339537206463,0.035794040881563766,15
2007-08-28,0.06508700891538385,0.973358208955224,0.06489233727359281,0.06411365070642863,0.06314029249747341,0.06119357607956296,15
2007-09-26,0.04431465228609783,1.1227860696517413,0.04409009507216748,0.043191866216446086,0.04206908014679435,0.03982350800749086,15
2007-10-24,0.09075091951934036,0.9868965517241379,0.09055354020899553,0.08976402296761622,0.08877712641589208,0.0868033333124438,15
2007-11-21,-0.0041943025881019825,1.0814303253529773,-0.004410588653172578,-0.00527573291345496,-0.006357163238807938,-0.008520023889513891,15
2007-12-20,0.04811827031059586,0.8872621240024554,0.04794081788579537,0.047231008186593405,0.04634374606259095,0.04456922181458604,15
2008-01-22,-0.1320128829459911,0.8879553703454766,-0.13219047402006018,-0.13290083831633656,-0.13378879368668203,-0.135564704427373,15
2008-02-20,0.10316675492677256,1.0152238204059685,0.10296371016269136,0.10215153110636659,0.10113630728596062,0.09910585964514869,15
2008-03-19,0.004275089929800731,0.8467535959134291,0.004105739210618045,0.003428336333887302,0.002581582737973873,0.0008880755461470147,15
2008-04-17,-0.021448995562112157,0.7363693998309383,-0.021596269442078344,-0.022185364961943097,-0.022921734361774034,-0.02439447316143591,15
2008-05-15,0.10262560824227018,0.8964214428286285,0.10244632395370445,0.10172918679944155,0.10083276535661292,0.09903992247095567,15
2008-06-13,0.2038731260941525,0.9442543484459653,0.2036842752244633,0.20292887174570653,0.20198461739726056,0.20009610870036865,15
2008-07-14,-0.3071861596851174,0.9135704494625208,-0.30736887377500993,-0.3080997301345799,-0.30901330058404247,-0.3108404414829675,15
2008-08-11,-0.005376439133669044,1.0398132306814942,-0.005584401779805343,-0.006416252364350538,-0.007456065595032032,-0.00953569205639502,15
2008-09-09,0.14874258014538735,0.8545765611633875,0.14857166483315468,0.14788800358422396,0.14703342702306058,0.1453242739007338,15
2008-10-07,-0.0019272569172392624,0.9669393319700067,-0.002120644783633264,-0.002894196249209269,-0.0038611355811792756,-0.005795014245119289,15
2008-11-04,0.2421875612001102,0.8431038400363555,0.24201894043210292,0.24134445736007384,0.2405013535200375,0.23881514583996477,15
2008-12-03,-0.22895208623480212,0.8025055928411633,-0.22911258735337037,-0.2297545918276433,-0.23055709742048444,-0.23216210860616676,15
2009-01-02,0.07163279091156322,0.6181276088252832,0.07150916538979817,0.07101466330273794,0.07039653569391265,0.06916028047626208,15
2009-02-02,0.10890270017353038,0.7241400193798451,0.10875787216965441,0.10817856015415053,0.10745442013477069,0.10600614009601099,15
2009-03-03,-0.1694979772032285,0.7149677419354838,-0.1696409707516156,-0.170212944945164,-0.17092791268709948,-0.17235784817097044,15
2009-03-31,-0.3549860172088591,0.5228575236572037,-0.3550905887135905,-0.3555088747325163,-0.3560317322561735,-0.3570774473034879,15
2009-04-29,-0.23953311848036352,0.725051264524949,-0.23967812873326852,-0.24025816974488848,-0.2409832210094134,-0.2424333235384633,15
2009-05-28,0.018201717060708302,0.6957862281603289,0.018062559815076238,0.017505930832547974,0.016810144604387643,0.015418572148066988,15
2009-06-25,-0.07740513003725939,0.7103288797533402,-0.07754719581321005,-0.07811545891701273,-0.07882578779676608,-0.08024644555627275,15
2009-07-24,-0.14887434180469986,0.7610021786492375,-0.14902654224042972,-0.1496353439833491,-0.15039634616199832,-0.1519183505192968,15
2009-08-21,-0.10961676124662187,0.9108017933479304,-0.10979892160529145,-0.1105275630399698,-0.11143836483331773,-0.1132599684200136,15
2009-09-21,0.007986720030687434,1.0554165363361485,0.007775636723420205,0.006931303494351286,0.005875886958015138,0.0037650538853428407,15
2009-10-19,0.039595749101946326,1.3802001876759462,0.03931970906441114,0.03821554891427038,0.036835348726594434,0.03407494835124254,15
2009-11-16,0.0031737395004973884,1.2765151515151514,0.0029184364701943582,0.001897224348982237,0.0006207091974670858,-0.0019323211055632169,15
2009-12-15,-0.08807783234799825,1.227952602952603,-0.08832342286858877,-0.08930578495095086,-0.09053373755390345,-0.09298964275980866,15
2010-01-14,0.0022871678088069126,1.1436052046969216,0.0020584467678675285,0.001143562604109991,-4.260058693045937e-08,-0.0022872530099807735,15
2010-02-12,-0.028249765200617692,1.2486639260020556,-0.028499497985818103,-0.02949842912661975,-0.030747093052621802,-0.03324442090462591,15
2010-03-15,0.0019974606727573728,1.1805377720870678,0.0017613531183399591,0.0008169229006703049,-0.0003636148714167629,-0.0027246904155908986,15
2010-04-13,0.03677982853056391,1.1105092091007585,0.03655772668874376,0.03566931932146315,0.03455881011236239,0.03233779169416088,15
2010-05-11,0.06295805951738909,1.294168734491315,0.06269922577049082,0.06166389078289777,0.06036972204840646,0.057781384579423826,15
2010-06-09,-0.0046933165744519265,1.0166666666666666,-0.00489664990778526,-0.005709983241118593,-0.00672664990778526,-0.008759983241118593,15
2010-07-08,-0.042423156352177846,0.8886743886743886,-0.04260089122991272,-0.043311830740852236,-0.04420050512952663,-0.0459778539068754,15
2010-08-05,0.04331229810431181,0.9761762061732094,0.04311706286307716,0.042336121898138596,0.04135994569196539,0.03940759327961897,15
2010-09-02,-0.059080049251831884,0.9755633132338939,-0.059275161914478666,-0.06005561256506578,-0.06103117587829967,-0.06298230250476745,15
2010-10-01,0.01701615990234773,1.0561936453413483,0.01680492117327946,0.015959966257006384,0.014903772611665034,0.012791385320982337,15
2010-10-29,-0.00043721372424858004,1.041340840371181,-0.0006454818923228163,-0.001478554564619761,-0.002519895404990942,-0.004602577085733304,15
2010-11-29,-0.09403782327110388,1.118469683348317,-0.09426151720777355,-0.0951562929544522,-0.09627476263780052,-0.09851170200449715,15
2010-12-28,-0.01035172838160671,1.2832322118036403,-0.01060837482396744,-0.011634960593410352,-0.012918192805213991,-0.015484657228821273,15
2011-01-26,0.0079192130980437,1.1544401544401546,0.007688325067155668,0.006764772943603545,0.00561033278916339,0.0033014524802830814,15
2011-02-24,0.029994527432862954,1.1109492273730683,0.02977233758738834,0.028883578205489886,0.027772628978116817,0.02555073052337068,15
2011-03-24,0.009932074507860163,1.0947890818858563,0.009713116691482991,0.008837285425974306,0.00774249634408845,0.005552918180316738,15
2011-04-21,-0.0007099620356366427,1.140074441687345,-0.0009379769239741117,-0.0018500364773239876,-0.0029901109190113326,-0.0052702598023860224,15
2011-05-20,0.06166465500913157,1.287547614728823,0.0614071454861858,0.060377107394402746,0.05908955977967392,0.056514464550216276,15
2011-06-20,-0.029227148883397076,0.9782421740626075,-0.029422797318209598,-0.030205391057459684,-0.03118363323152229,-0.03314011757964751,15
2011-07-19,0.08746981738152845,0.991486068111455,0.08727152016790617,0.08647833131341699,0.08548684524530555,0.08350387310908264,15
2011-08-16,0.039607771323880256,0.9592520006532745,0.0394159209237496,0.03864851932322698,0.03768926732257371,0.035770763321267156,15
2011-09-14,0.026672088599927462,0.7288094071533562,0.02652632671849679,0.025943279192774105,0.02521446978562075,0.023756850971314036,15
2011-10-12,-0.03601713735832245,0.7445252073432114,-0.0361660423997911,-0.03676166256566567,-0.037506187773008876,-0.0389952381876953,15
2011-11-09,0.050015183397189376,0.854067654459044,0.04984436986629757,0.049161115742730334,0.04830704808827129,0.0465989127793532,15
2011-12-08,-0.029887794758966187,0.7448979591836735,-0.030036774350802924,-0.030632692718149862,-0.03137759067733353,-0.03286738659570088,15
2012-01-09,-0.14701528561707417,0.9130456497852362,-0.1471978947470312,-0.1479283312668594,-0.14884137691664465,-0.1506674682162151,15
2012-02-07,0.07240552181488903,1.067550505050505,0.07219201171387893,0.07133797130983853,0.07027042080478803,0.06813531979468701,15
2012-03-07,0.017142332787889857,1.0806802078412847,0.0169261967463216,0.016061652580048574,0.014980972372207288,0.012819611956524719,15
2012-04-04,0.04765130964448956,1.018752952290978,0.04744755905403136,0.04663255669219858,0.04561380373990761,0.04357629783532565,15
2012-05-03,0.051320277127439154,1.0749805749805752,0.05110528101244304,0.05024529655245858,0.049170315977478,0.047020354827516854,15
2012-06-01,-0.026552951209425982,1.1033684625233922,-0.02677362490193066,-0.027656319671949373,-0.028759688134472765,-0.03096642505951955,15
2012-06-29,0.049183322694346526,0.820897013285386,0.04901914329168945,0.04836242568106114,0.04754152866777575,0.04589973464120498,15
2012-07-30,-0.0679697636088061,1.0190290680251723,-0.06817356942241114,-0.06898879267683128,-0.07000782174485645,-0.0720458798809068,15
2012-08-27,0.0034339401962690673,1.1003649635036497,0.0032138672035683376,0.0023335752327654177,0.001233210269261768,-0.0009675196577455312,15
2012-09-25,-0.0004745614454371833,1.0056012332990751,-0.0006756816920969983,-0.0014801626787362585,-0.0024857639120353337,-0.004496966378633484,15
2012-10-23,0.020992974128728727,0.9910585817060636,0.020794762412387514,0.020001915547022662,0.0190108569653166,0.01702873980190447,15
2012-11-23,-0.06652926143616777,1.0427307904919845,-0.06673780759426617,-0.06757199222665976,-0.06861472301715174,-0.0707001845981357,15
2012-12-21,0.0017122466047034602,1.0441176470588234,0.0015034230752916954,0.0006681289576446368,-0.0003759886894141866,-0.0024642239835318334,15
2013-01-23,0.01167034186261728,1.1256617720507442,0.011445209508207132,0.010544680090566536,0.009419018318515791,0.007167694774414303,15
2013-02-21,0.019051790981107413,1.1020408163265307,0.018831382817842107,0.017949750164780884,0.01684770934845435,0.014643627715801289,15
2013-03-21,0.038554439043772586,1.03877199346998,0.03834668464507859,0.037515667050302605,0.036476895056832624,0.03439935106989266,15
2013-04-19,-0.0956225931386491,1.1330491565390894,-0.09584920296995691,-0.09675564229518818,-0.09788869145172728,-0.10015478976480546,15
2013-05-17,0.01697421287115976,1.286085011185682,0.016716995868922623,0.015688127859974078,0.014402042848788398,0.011829872826417034,15
2013-06-17,-0.002945265664795544,1.1322595078299775,-0.0031717175663615394,-0.004077525172625522,-0.0052097846804554995,-0.007474303696115454,15
2013-07-16,0.017483453284197634,1.1654673283705543,0.017250359818523523,0.01631798595582708,0.015152518627456524,0.012821583970715415,15
2013-08-13,-0.010646329842492641,1.2686104218362284,-0.010900051926859887,-0.01191494026432887,-0.013183550686165097,-0.015720771529837554,15
2013-09-11,0.031433871201309624,1.08359133126935,0.031217152935055753,0.030350279870040273,0.029266688538770923,0.027099505876232225,15
2013-10-09,0.035431176762446795,1.1561317509459923,0.0351999504122576,0.034275045011500804,0.033118913260554814,0.030806649758662825,15
2013-11-06,-0.013689092494192458,1.1916149068322983,-0.013927415475558917,-0.014880707401024757,-0.016072322307857056,-0.01845555212152165,15
2013-12-05,-0.02561962984149181,1.191692546583851,-0.025857968350808582,-0.026811322388075664,-0.028003014934659513,-0.030386400027827217,15
2014-01-06,-0.01177229116644014,1.1730978260869565,-0.012006910731657532,-0.012945388992527097,-0.014118486818614053,-0.016464682470787965,15
2014-02-04,-0.044447238505635096,1.1969194141836808,-0.04468662238847183,-0.045644157919818774,-0.04684107733400246,-0.049234916162369816,15
2014-03-05,0.0009352625655592132,1.1518969718064742,0.0007048831711979184,-0.00021663440624726093,-0.001368531378053735,-0.0036723253216666835,15
2014-04-02,0.029902084032356866,1.1282283327532197,0.02967643836580622,0.028773855699603647,0.027645627366850428,0.025389170701343985,15
2014-05-01,0.028939073410186627,1.2190975192472198,0.028695253906337183,0.027719975890939406,0.026500878371692186,0.02406268333319775,15
2014-05-30,-0.0521530970990723,1.0101870786942362,-0.05235513451481115,-0.053163284177766536,-0.05417347125646078,-0.056193845413849246,15
2014-06-27,0.035379618960761576,1.09702340377187,0.0351602142800072,0.0342825955569897,0.03318557215321784,0.030991525345674096,15
2014-07-28,-0.03400043428466891,1.1032341134590622,-0.034221081107360725,-0.03510366839812797,-0.036206902511587036,-0.03841337073850516,15
2014-08-25,0.031647775498657216,0.9550480951298947,0.031456765879631234,0.030692727403527322,0.029737679308397425,0.027827583118137638,15
2014-09-23,0.040020094196811795,0.9918478260869565,0.039821724631594405,0.039028246370724835,0.03803639854463788,0.03605270289246397,15
2014-10-21,0.06480300607789079,0.9608158883521203,0.06461084290022036,0.06384219018953867,0.06288137430118655,0.06095974252448231,15
2014-11-18,0.06377104386660096,0.9921655580192166,0.06357261075499711,0.06277887830858174,0.06178671275056252,0.05980238163452409,15
2014-12-17,0.06211743963457012,1.1077974870657799,0.06189588013715697,0.061009642147504345,0.05990184466043856,0.057686249686307006,15
2015-01-16,-0.12500559460575605,0.826986383360766,-0.1251709918824282,-0.12583258098911682,-0.12665956737247758,-0.12831354013919913,15
2015-02-17,0.07759389735259903,1.0898743532889874,0.07737592248194124,0.07650402299931004,0.07541414864602106,0.07323439993944308,15
2015-03-17,-0.11645132941375584,1.1126902820864295,-0.11667386747017312,-0.11756401969584226,-0.1186767099779287,-0.12090209054210156,15
2015-04-15,0.02901601203669346,0.9807884231536926,0.02881985435206272,0.02803522361353977,0.027054435190386077,0.025092858344078692,15
2015-05-13,0.05757413415668937,1.0164314228685487,0.05737084787211566,0.05655770273382082,0.055541271310952274,0.05350840846521517,15
2015-06-11,0.11570266186439933,0.9505988023952096,0.11551254210392028,0.11475206306200413,0.11380146425960891,0.11190026665481849,15
2015-07-10,0.1272270353270431,1.0967377582884859,0.1270076877753854,0.12613029756875463,0.12503355981046613,0.12284008429388917,15
2015-08-07,-0.01745642323632295,1.0447478572852302,-0.017665372807779994,-0.01850117109360818,-0.019545918950893408,-0.02163541466546387,15
2015-09-04,0.07242870571105917,0.8560510002817695,0.07225749551100281,0.0715726547107774,0.07071660371049562,0.06900450170993208,15
2015-10-05,-0.020784507119449732,0.7127712031558187,-0.020927061360080896,-0.02149727832260555,-0.022210049525761368,-0.023635591932073007,15
2015-11-02,0.002636465824456681,0.83442862358525,0.002469580099739631,0.0018020372008714309,0.0009676085772861809,-0.0007012486698843193,15
2015-12-01,0.03272034551608891,0.9019190534593463,0.032539961705397046,0.031818426462629563,0.03091650740917022,0.029112669302251527,15
2015-12-30,0.09475401213250503,0.9081235120121205,0.09457238743010261,0.09384588862049291,0.09293776510848079,0.09112151808445655,15
2016-01-29,-0.0011148330442804005,0.8715821369309573,-0.001289149471666592,-0.0019864151812113576,-0.002857997318142315,-0.00460116159200423,15
2016-02-29,-0.05884262412866508,0.8248882829659927,-0.05900760178525828,-0.059667512411631075,-0.06049240069459707,-0.06214217726052905,15
2016-03-29,-0.17222544443111884,0.735636645962733,-0.1723725717603114,-0.17296108107708158,-0.17369671772304432,-0.17516799101496977,15
2016-04-26,0.06631456179477753,0.9297360248447206,0.06612861458980858,0.0653848257699328,0.06445508974508808,0.06259561769539865,15
2016-05-24,-0.004127338556534044,0.8021256269405301,-0.00428776368192215,-0.004929464183474574,-0.005731589810415104,-0.007335841064296165,15
2016-06-22,-0.041523168155942994,0.9603534750417961,-0.04171523885095135,-0.04248352163098479,-0.04344387510602658,-0.04536458205611018,15
2016-07-21,-0.061837837348353054,1.0908505642656972,-0.062056007461206195,-0.06292868791261876,-0.06401953847688445,-0.06620123960541584,15
2016-08-18,-0.018987282040629275,1.1400439294099822,-0.019215290826511272,-0.02012732597003926,-0.02126736989944924,-0.023547457758269205,15
2016-09-16,0.022307724114862704,0.9985813971321218,0.022108007835436278,0.021309142717730583,0.02031056132059846,0.018313398526334217,15
2016-10-14,-0.02273917099170353,0.9797388742934481,-0.02293511876656222,-0.02371890986599698,-0.024698648740290426,-0.026658126488877325,15
2016-11-11,-0.0031466470588123706,1.1739779874213836,-0.0033814426562966474,-0.0043206250462337545,-0.005494603033655138,-0.007842559008497906,15
2016-12-12,-0.01418183385928517,1.260947912416701,-0.014434023441768511,-0.015442781771701872,-0.01670372968411857,-0.019225625508951974,15
2017-01-11,0.029835360091851133,1.16187270501836,0.02960298555084746,0.02867348738683277,0.027511614681814414,0.025187869271777692,15
2017-02-09,0.03455556126198919,1.0283178360101435,0.03434989769478716,0.03352724342597905,0.032498925589968905,0.030442289917948617,15
2017-03-10,-0.00456409048899537,1.076473558906284,-0.004779385200776627,-0.005640564047901654,-0.006717037606807938,-0.008869984724620507,15
2017-04-07,0.015662138885665193,0.9506529110453792,0.015472008303456117,0.014711485974619814,0.013760833063574434,0.011859527241483677,15
2017-05-08,0.040594257759995714,1.0945819204963567,0.04037534137589644,0.03949967583949936,0.038405093919003,0.036215930078010286,15
2017-06-06,-0.048880215793468566,1.058780576852866,-0.04909197190883914,-0.04993899637032143,-0.0509977769471743,-0.05311533810088003,15
2017-07-05,0.026100207099981725,1.1547868119183322,0.02586924973759806,0.024945420288063392,0.02379063347614506,0.021481059852308394,15
2017-08-02,0.038193587946876495,1.1425943294134622,0.0379650690809938,0.03705099361746303,0.03590839928804957,0.03362321062922265,15
2017-08-30,-0.08786636576797832,1.0477724100912504,-0.08807592024999657,-0.08891413817806958,-0.08996191058816082,-0.09205745540834333,15
2017-09-28,0.09145714447367043,1.1447154471544714,0.09122820138423954,0.09031242902651596,0.08916771357936149,0.08687828268505254,15
2017-10-26,0.0049406815754201175,1.047339246119734,0.004731213726196171,0.0038933423293003836,0.0028460030831806496,0.0007513245909411817,15
2017-11-24,-0.05213059577138785,1.063348416289593,-0.05234326545464577,-0.05319394418767744,-0.054257292603967035,-0.056383989436546225,15
2017-12-22,-0.013629650902006692,1.0742035219787605,-0.013844491606402444,-0.014703854423985451,-0.01577805794596421,-0.017926464989921734,15
2018-01-24,0.05076403364780804,1.1145651297217367,0.050541120621863694,0.049649468518086305,0.04853490338836457,0.0463057731289211,15
2018-02-22,0.01564966500921481,1.0849445219586737,0.015432676104823075,0.014564720487256136,0.013479775965297463,0.011309886921380114,15
2018-03-22,-0.0021331222063222456,0.9870183457119279,-0.0023305258754646313,-0.0031201405520341736,-0.004107158897746101,-0.006081195589169957,15
2018-04-20,0.004229003932032097,0.9362026280708435,0.004041763406417928,0.0032928013039612535,0.0023565986758904097,0.0004841934197487227,15
2018-05-18,-0.00977443190204639,1.0446632611910203,-0.009983364554284595,-0.01081909516323741,-0.011863758424428432,-0.013953084946810471,15
2018-06-18,0.0017099866948700553,1.1469805194805196,0.0014805905909739514,0.0005630061753895356,-0.0005839743440909841,-0.0028779353830520236,15
2018-07-17,0.04666201425220717,0.9813636363636363,0.04646574152493444,0.04568065061584353,0.04469928697947989,0.04273655970675262,15
2018-08-14,0.04383962273067,1.1142857142857143,0.043616765587812856,0.042725337016384285,0.04161105130209857,0.03938247987352714,15
2018-09-12,-0.016574301200862743,1.055665024630542,-0.01678543420578885,-0.017629966225493284,-0.018685631250123826,-0.02079696129938491,15
2018-10-10,0.01022286342557492,1.1791907514450868,0.009987025275285902,0.009043672674129833,0.007864481922684746,0.005506100419794572,15
2018-11-07,0.06402220625668928,0.9710982658959537,0.06382798660351009,0.06305110799079333,0.06208000972489737,0.06013781319310547,15
2018-12-07,-0.02321022022112475,0.9100707194342446,-0.0233922343650116,-0.024120290940558994,-0.02503036165999324,-0.02685050309886173,15
2019-01-08,-0.06912450119993888,0.7440476190476191,-0.0692733107237484,-0.06986854881898649,-0.07061259643803411,-0.07210069167612936,15
2019-02-06,0.01917999674413983,0.8333333333333333,0.019013330077473165,0.0183466634108065,0.017513330077473164,0.015846663410806497,15
2019-03-07,-0.012229475858951549,0.9137868840631989,-0.01241223323576419,-0.013143262743014748,-0.014057049627077947,-0.015884623395204345,15
2019-04-04,0.02648307584913863,0.8596782338936584,0.026311140202359896,0.025623397615244972,0.02476371938135131,0.023044362913563994,15
2019-05-03,0.10629589500682976,1.0161604501839694,0.10609266291679297,0.10527973455664578,0.10426357410646182,0.10223125320609389,15
2019-06-03,-0.0089331263106328,0.9374224169404892,-0.009120610794020899,-0.00987054872757329,-0.010807971144513779,-0.012682815978394758,15
2019-07-01,0.0555270654335739,0.9745508982035929,0.05533215525393318,0.05455251453537031,0.053577963637166715,0.05162886184075953,15
2019-07-30,0.11367216046990444,1.0520387795836896,0.1134617527139877,0.11262012169032075,0.11156808291073707,0.10946400535156968,15
2019-08-27,-0.15071471931177974,1.0,-0.15091471931177974,-0.15171471931177974,-0.15271471931177974,-0.15471471931177974,15
2019-09-25,-0.0007902970674811857,0.7937017531202656,-0.0009490374181052388,-0.0015839988206014515,-0.002377700573721717,-0.003965104079962248,15
2019-10-23,0.009231020097054402,1.0222566914364044,0.00902656875876712,0.008208763405617998,0.007186506714181593,0.005141993331308784,15
2019-11-20,-0.07188269180348526,1.2523183643665572,-0.07213315547635857,-0.07313501016785182,-0.07438732853221838,-0.07689196526095149,15
2019-12-19,-0.006272281398390207,1.0283718277730256,-0.0064779557639448124,-0.007300653226163233,-0.008329025053936259,-0.01038576870948231,15
2020-01-21,0.06638795571767539,1.0476190476190474,0.06617843190815158,0.06534033667005634,0.0642927176224373,0.0621974795271992,15
2020-02-19,0.10222849654976919,1.1130952380952381,0.10200587750215015,0.10111540131167396,0.10000230607357871,0.09777611559738823,15
2020-03-18,-0.38540429325283326,1.4169623059866963,-0.3856876857140306,-0.38682125555881997,-0.38823821786480667,-0.39107214247678007,15
2020-04-16,-0.10437629744448393,0.8685470597037257,-0.10455000685642467,-0.10524484450418765,-0.10611339156389138,-0.10785048568329883,15
2020-05-14,-0.33697434840217066,0.7588283704922938,-0.33712611407626913,-0.33773317677266296,-0.33849200514315525,-0.34000966188413984,15
2020-06-12,0.1740183547009962,0.9040247678018575,0.17383754974743582,0.17311432993319434,0.17221030516539249,0.17040225562978875,15
2020-07-13,-0.05528710348786424,0.6980931499568135,-0.055426722117855605,-0.055985196637821054,-0.05668328978777787,-0.05807947608769149,15
2020-08-10,0.017185133406434763,1.0792970566739752,0.016969273995099968,0.016105836349760788,0.015026539293086812,0.012867945179738861,15
2020-09-08,0.017575455508268736,0.9923500611995103,0.017376985496028834,0.016583105447069226,0.015590755385869716,0.013606055263470695,15
2020-10-06,-0.011501549913195505,1.0041050903119868,-0.011702370931257903,-0.012505655003507492,-0.013509760093819479,-0.015517970274443453,15
2020-11-03,-0.284525291256469,1.1133004926108374,-0.2847479513549912,-0.28563859174907985,-0.2867518922416907,-0.2889784932269124,15
2020-12-02,0.02731742451905792,1.236525475751995,0.027070119423907524,0.026080899043305926,0.02484437356755393,0.02237132261604994,15
2020-12-31,-0.15378884757090835,1.0372340425531914,-0.153996294379419,-0.15482608161346154,-0.15586331565601474,-0.1579377837411211,15
2021-02-01,-0.055198520421023814,1.224821570182395,-0.05544348473506029,-0.05642334199120621,-0.057648163561388605,-0.060097806701753395,15
2021-03-02,0.0969269567795412,1.4482758620689657,0.09663730160712741,0.09547868091747223,0.09403040505540328,0.09113385333126534,15
2021-03-30,0.011236689209777728,1.3103448275862069,0.010974620244260486,0.009926344382191522,0.008615999554605314,0.0059953098994329004,15
2021-04-28,0.07858592639445763,1.0976930205335804,0.07836638779035092,0.07748823337392405,0.07639054035339048,0.0741951543123233,15
2021-05-26,-0.12569982019951606,1.0923737046632125,-0.1259182949404487,-0.12679219390417928,-0.12788456760884248,-0.1300693150181689,15
2021-06-24,0.13491352204342827,0.9581090088704302,0.13472190024165417,0.13395541303455785,0.1329973040256874,0.13108108600794655,15
2021-07-23,0.10059967527845261,0.8414090139978464,0.10043139347565304,0.09975826626445476,0.09891685725045692,0.09723403922246122,15
2021-08-20,-0.08669547319267208,0.8883248730964466,-0.08687313816729138,-0.08758379806576853,-0.08847212293886497,-0.09024877268505786,15
2021-09-20,0.03710066068046639,0.9826949572885092,0.03690412168900869,0.03611796572317788,0.035135270765889376,0.03316988085131235,15
2021-10-18,-0.008084180366427869,0.9775420225957565,-0.00827968877094702,-0.009061722389023625,-0.010039264411619382,-0.011994348456810895,15
2021-11-15,0.1440785285053012,1.0826949572885092,0.1438619895138435,0.14299583354801268,0.14191313859072419,0.13974774867614717,15
2021-12-14,0.05786681976821568,0.9828637737478412,0.05767024701346611,0.056883955994467834,0.05590109222072,0.053935364673224316,15
2022-01-12,0.10877441284800415,1.0194290245836637,0.10857052704308742,0.1077549838234205,0.10673555479883683,0.1046966967496695,15
2022-02-10,0.13119353448254498,0.782183452286545,0.13103709779208766,0.13041135103025844,0.12962916757797188,0.1280648006733988,15
2022-03-11,-0.0018392352565747712,0.9185241472475515,-0.0020229400860242814,-0.0027577594038223226,-0.0036762835510698744,-0.005513331845564977,15
2022-04-08,0.206017458754204,0.7579079406631762,0.20586587716607135,0.2052595508135408,0.20450164287287764,0.2029858269915513,15
2022-05-09,-0.0012709828070436822,0.8621564136125655,-0.0014434140897661954,-0.0021331392206562477,-0.002995295634268813,-0.004719608461493944,15
2022-06-07,-0.19765543420855936,0.6044754431851206,-0.19777632929719638,-0.19825990965174448,-0.1988643850949296,-0.20007333598129984,15
2022-07-07,-0.08963364336004984,0.9023210831721471,-0.08981410757668426,-0.09053596444322198,-0.09143828552639413,-0.09324292769273843,15
2022-08-04,0.10997542900860706,0.677921265217886,0.10983984475556348,0.10929750774338917,0.10861958647817128,0.10726374394773551,15
2022-09-01,0.04591317031185231,0.7199750534568781,0.04576917530116094,0.045193195258395435,0.04447322020493855,0.043033270098024795,15
2022-09-30,0.03859243119817149,0.6870990734141126,0.03845501138348867,0.03790533212475738,0.037218233051343266,0.035844034904515036,15
2022-10-28,0.05182969655079946,0.6327809455927774,0.05170314036168091,0.051196915605206686,0.05056413465961391,0.049298572768428355,15
2022-11-28,0.05985404063348998,0.9383167023045855,0.059666377293029066,0.058915723931185396,0.05797740722888081,0.05610077382427164,15
2022-12-27,-0.23897501642970564,0.7473271560940842,-0.23912448186092447,-0.23972234358579972,-0.24046967074189382,-0.24196432505408197,15
2023-01-26,0.005318643633902302,0.9112021857923498,0.005136403196743832,0.004407441448109952,0.0034962392623176025,0.0016738348907329027,15
2023-02-24,0.06500920086945339,0.9765207470125503,0.06481389672005088,0.06403268012244084,0.06305615937542829,0.061103117881403185,15
2023-03-24,-0.005528482558245592,0.939941461218057,-0.005716470850489203,-0.006468424019463649,-0.0074083654806817055,-0.00928824840311782,15
2023-04-24,-0.02716954350705063,0.8548069345941687,-0.027340504893969466,-0.0280243504416448,-0.02887915737623897,-0.030588771245427308,15
2023-05-22,-0.02095052201303657,1.0093730602110491,-0.02115239662507878,-0.02195989507324762,-0.02296926813345867,-0.024988014253880766,15
2023-06-21,-0.057428449519983056,0.9297297297297298,-0.057614395465929,-0.05835817924971279,-0.059287908979442513,-0.06114736843890198,15
2023-07-20,0.017560124623564606,1.0108108108108107,0.017357962461402445,0.016549313812753794,0.015538503001942984,0.013516881380321363,15
2023-08-17,0.04998401859371521,1.1729626989783797,0.04974942605391953,0.048811055894736825,0.04763809319575845,0.04529216779780169,15
2023-09-15,0.11854298187593057,0.8642147734326504,0.11837013892124404,0.11767876710249792,0.11681455232906526,0.11508612278219997,15
2023-10-13,0.0609694815441935,0.8954545454545455,0.060790390635102595,0.060074026998738955,0.05917857245328441,0.05738766336237532,15
2023-11-10,-0.1479682534780044,0.8152272727272727,-0.14813129893254987,-0.14878348075073167,-0.14959870802345895,-0.1512291625689135,15
2006-01-26,0.005660681151366571,1.0,0.005460681151366571,0.004660681151366571,0.003660681151366571,0.001660681151366571,16
2006-02-24,-0.0021154096822945355,1.192305194805195,-0.0023538707212555745,-0.0033077148770997303,-0.004500020071904925,-0.006884630461515316,16
2006-03-24,0.031806446652722385,1.1410714285714287,0.0315782323670081,0.030665375224150956,0.029524303795579528,0.02724216093843667,16
2006-04-24,-0.03577579536185177,1.206066042123447,-0.03601700857027646,-0.03698186140397522,-0.03818792744609866,-0.04060005953034556,16
2006-05-22,0.049196370276281695,1.3146067415730338,0.04893344892796709,0.04788176353470866,0.046567156793135625,0.04393794330998956,16
2006-06-20,0.05327739439668424,0.8876404494382022,0.0530998663067966,0.052389753947246036,0.05150211349780784,0.04972683259893143,16
2006-07-19,0.0048656013970696105,0.7314285714285714,0.004719315682783896,0.004134172825641039,0.0034027442542124676,0.0019398871113553246,16
2006-08-16,-0.05478704529822234,0.8552409129332206,-0.05495809348080899,-0.055642286211155564,-0.05649752712408879,-0.058208008949955224,16
2006-09-14,-0.03393933032538898,0.9741828684136375,-0.03413416689907171,-0.03491351319380262,-0.03588769606221626,-0.03783606179904353,16
2006-10-12,-0.01243463852522863,0.9802537781579697,-0.012630689280860223,-0.013414892303386598,-0.014395146081544569,-0.01635565363786051,16
2006-11-09,-0.04115206598442773,1.0952597402597402,-0.041371117932479676,-0.042247325724687465,-0.04334258546494721,-0.04553310494546669,16
2006-12-08,0.02629176456583031,1.061396103896104,0.026079485345051088,0.025230368461934206,0.0241689723580381,0.02204618015024589,16
2007-01-10,-0.019375680831259814,1.0567115463076295,-0.01958702314052134,-0.020432392377567443,-0.021489103923875073,-0.02360252701649033,16
2007-02-08,0.019297272859545613,1.1183116883116884,0.019073610521883274,0.018178961171233923,0.017060649482922234,0.01482402610629886,16
2007-03-09,0.020038593039317647,1.1612514688601645,0.019806342745545612,0.018877341570457482,0.017716090101597318,0.015393587163876989,16
2007-04-09,0.012811239179266598,1.0091656874265569,0.012609406041781287,0.01180207349184004,0.010792907804413485,0.00877457642956037,16
2007-05-07,0.01593969434611621,1.1838619624613922,0.01570292195362393,0.014755832383654816,0.013571970421193425,0.01120424649627064,16
2007-06-05,0.037988708461763575,1.1273647288827555,0.03776323551598702,0.036861343732880816,0.035733979003998065,0.033479249546232555,16
2007-07-03,0.05862176816759642,1.1492875647668392,0.05839191065464305,0.057472480602829584,0.05632319303806274,0.05402461790852906,16
2007-08-01,0.02252538309774925,1.149260578583765,0.022295530982032498,0.021376122519165486,0.02022686194058172,0.01792834078341419,16
2007-08-29,0.06375390430344798,0.9782160804020099,0.06355826108736758,0.06277568822304597,0.06179747214264396,0.059841039981839934,16
2007-09-27,0.05430706090322415,1.1435929648241205,0.05407834231025933,0.05316346793840003,0.05201987497357591,0.04973268904392767,16
2007-10-25,0.08269241520494458,1.004137931034483,0.08249158761873768,0.08168827727391009,0.08068413934287562,0.07867586348080664,16
2007-11-23,0.0012355596875111069,1.0480662983425413,0.0010259464278425986,0.0001874933891685656,-0.0008605729091739757,-0.002956705505859058,16
2007-12-21,-0.0072487811948095705,0.9870165745856354,-0.007446184509726697,-0.008235797769395207,-0.009222814343980841,-0.011196847493152112,16
2008-01-23,-0.04529092233887509,0.9710982658959536,-0.045485141992054286,-0.04626202060477105,-0.047233118870667,-0.049175315402458904,16
2008-02-21,0.06454405039950512,1.0057803468208093,0.06434289433014095,0.06353827005268431,0.0625324897058635,0.06052092901222188,16
2008-03-20,-0.019242019229129364,0.8459132326941383,-0.01941120187566819,-0.020087932461823502,-0.02093384569451764,-0.022625672159905918,16
2008-04-18,-0.0013620134721688496,0.8612285150746689,-0.0015342591751837833,-0.0022232419872435186,-0.0030844705023181877,-0.004806927532467526,16
2008-05-16,0.09160547062181164,0.8672865595942518,0.09143201330989278,0.09073818406221738,0.08987089750262313,0.08813632438343463,16
2008-06-16,0.1848823330517847,0.920717103409411,0.18469818963110282,0.1839616159483753,0.18304089884496588,0.18119946463814704,16
2008-07-15,-0.315338036481984,0.9678233893658468,-0.3155316011598572,-0.31630585987134985,-0.3172736832607157,-0.3192093300394474,16
2008-08-12,0.006262585068141155,1.0633981403212174,0.006049905440076912,0.005199186927819938,0.00413578878749872,0.0020089925068562855,16
2008-09-10,0.16471467286513528,0.8673217807833192,0.1645412085089786,0.16384735108435194,0.16298002930356864,0.161245385742002,16
2008-10-08,0.024249159119540405,0.8944099378881988,0.024070277131962765,0.023354749181652205,0.02246033924376401,0.02067151936798761,16
2008-11-05,0.22710374163416874,0.8509316770186336,0.22693355529876502,0.2262528099571501,0.22540187828013147,0.2237000149260942,16
2008-12-04,-0.3437133829629932,0.8405037690751977,-0.3438814837168082,-0.3445538867320684,-0.34539439050114357,-0.347075398039294,16
2009-01-05,0.12679191463013717,0.6257602862254025,0.12666676257289208,0.12616615434391176,0.12554039405768636,0.12428887348523555,16
2009-02-03,0.0663914080307124,0.7220103346456692,0.06624700596378327,0.06566939769606674,0.06494738736142107,0.06350336669212972,16
2009-03-04,-0.1777861723747079,0.7149677419354841,-0.177929165923095,-0.1785011401166434,-0.17921610785857886,-0.18064604334244982,16
2009-04-01,-0.34358960686466516,0.5592709152897981,-0.34370146104772314,-0.34414887777995495,-0.34470814869524474,-0.3458266905258244,16
2009-04-30,-0.22404749940236807,0.7575757575757576,-0.22419901455388322,-0.22480507515994383,-0.2255626509175196,-0.2270778024326711,16
2009-05-29,0.016904110388844925,0.7008132624335315,0.01676394773635822,0.016203297126411394,0.015502483863977862,0.0141008573391108,16
2009-06-26,-0.08490577791083066,0.7587321447190074,-0.08505752433977447,-0.08566451005554968,-0.08642324220026867,-0.0879407064897067,16
2009-07-27,-0.12394237158353115,0.7461328976034858,-0.12409159816305185,-0.12468850448113464,-0.1254346373787381,-0.1269269031739451,16
2009-08-24,-0.1241173107698489,0.8456886664581378,-0.12428644850314052,-0.12496299943630704,-0.1258086881027652,-0.12750006543568146,16
2009-09-22,0.018234233921950355,1.0409759149202378,0.01802603873896631,0.01719325800703012,0.01615228209210988,0.014070330262269403,16
2009-10-20,0.03329646738568614,1.423730580752789,0.03301172126953558,0.03187273680493335,0.03044900622418056,0.02760154506267498,16
2009-11-17,-0.013321061662602357,1.3603341103341102,-0.01359312848466918,-0.014681395772936468,-0.01604172988327058,-0.018762398103938798,16
2009-12-16,-0.08454403194172913,1.220959595959596,-0.08478822386092105,-0.08576499153768873,-0.08698595113364832,-0.08942787032556751,16
2010-01-15,0.003716853636624993,1.2043795620437956,0.003475977724216234,0.0025124740745811978,0.001308094512537402,-0.0011006646115501893,16
2010-02-16,-0.01542807530167931,1.2488180883864337,-0.015677838919356597,-0.016676893390065742,-0.017925711478452178,-0.020423347655225042,16
2010-03-16,-0.017274287482407988,1.1958041958041956,-0.017513448321568828,-0.018470091678212182,-0.01966589587401638,-0.02205750426562477,16
2010-04-14,0.025977230516802424,1.095862470862471,0.02575805802262993,0.024881368045939954,0.023785505575077484,0.02159378063335254,16
2010-05-12,0.06391094594639087,1.3134822167080231,0.06364824950304926,0.06259746372968285,0.06128398151297482,0.058657017079558775,16
2010-06-10,0.0006364088652095595,1.0234077750206783,0.0004317273102054238,-0.00038699890981111886,-0.001410406684831797,-0.0034572222348731537,16
2010-07-09,-0.016547666473562303,0.9527027027027029,-0.016738207014102842,-0.017500369176265004,-0.01845307187896771,-0.020358477284373115,16
2010-08-06,0.04163180638732783,0.9124962541204675,0.04144930713650374,0.04071931013320736,0.0398068138790869,0.03798182137084596,16
2010-09-03,-0.026824594332846657,0.9026235057653655,-0.02700511903399973,-0.027727217838612022,-0.028629841344377387,-0.030435088355908118,16
2010-10-04,0.01435682403479463,1.1003112924001717,0.014136761776314595,0.013256512742394458,0.012156201449994287,0.009955578865193944,16
2010-11-01,0.0019221990800954792,1.0992597226566572,0.0017023471355641477,0.000822939357438822,-0.0002763203652178352,-0.0024748398105311495,16
2010-11-30,-0.08539390213626508,1.1176499556781248,-0.0856174321274007,-0.0865115520919432,-0.08762920204762133,-0.08986450195897758,16
2010-12-29,-0.009550495037738575,1.1883158668872955,-0.009788158211116034,-0.01073881090462587,-0.011927126771513166,-0.014303758505287758,16
2011-01-27,0.03007397309738161,1.1269994484280201,0.029848573207696006,0.02894697364895359,0.02781997420052557,0.025565975303669528,16
2011-02-25,0.03618017901268698,1.1567619379574765,0.035948826625095485,0.03502341707472951,0.033866655136772034,0.03155313126085708,16
2011-03-25,0.00909271973333821,1.1155674390968509,0.00886960624551884,0.00797715229424136,0.006861584855144509,0.004630449976950807,16
2011-04-25,0.008544740687482219,1.1418385536032596,0.008316372976761566,0.007402902133878959,0.0062610635802757,0.0039773864730691805,16
2011-05-23,0.03975846670336499,1.305771812080537,0.03949731234094888,0.03845269489128445,0.03714692307920392,0.03453537945504284,16
2011-06-21,-0.00970580786649327,0.9516382014639249,-0.009896135506786054,-0.010657446067957195,-0.01160908426942112,-0.01351236067234897,16
2011-07-20,0.0839635936012718,1.0642209829208782,0.08375074940468763,0.08289937261835092,0.08183515163543004,0.07970670966958829,16
2011-08-17,0.01608794138724002,1.0426261636452718,0.015879416154510963,0.015045315223594747,0.014002689059949475,0.011917436732658932,16
2011-09-15,0.05146632303551379,0.7223991507430998,0.05132184320536517,0.05074392388477069,0.050021524734027586,0.048576726432541385,16
2011-10-13,-0.033354956433098965,0.6783416069130355,-0.03349062475448157,-0.034033298040012,-0.03471163964692504,-0.03606832286075111,16
2011-11-10,0.030023650046983607,0.7788183766657348,0.02986788637165046,0.029244831670317873,0.028466013293652136,0.026908376540320668,16
2011-12-09,-0.026037411458856442,0.7172677290094118,-0.026180865004658323,-0.026754679187865855,-0.027471946916875267,-0.02890648237489409,16
2012-01-10,-0.13171224912636445,0.9053191489361702,-0.13189331295615167,-0.1326175682753006,-0.1335228874242368,-0.13533352572210913,16
2012-02-08,0.0575817906841109,1.1468531468531467,0.05735242005474027,0.05643493753725776,0.055288084390404606,0.05299437809669831,16
2012-03-08,0.036002883084820615,1.0531412376003777,0.03579225483730054,0.03494974184722024,0.03389660060961986,0.031790318134419106,16
2012-04-05,0.04624538154323408,0.9223901747756259,0.046060903508278954,0.04532299136845845,0.044400601193682825,0.04255582084413157,16
2012-05-04,0.0740404821554756,0.9493773946360153,0.07385060667654839,0.07309110476083958,0.07214172736620357,0.07024297257693153,16
2012-06-04,-0.026126998498693946,1.0049048174048174,-0.02632797946217491,-0.027131903316098764,-0.028136808133503582,-0.030146617768313216,16
2012-07-02,0.024363947167805065,0.9269803216461892,0.024178551103475828,0.023436966846158876,0.022509986524512686,0.02065602588122031,16
2012-07-31,-0.07601457294167736,1.0543901708121066,-0.07622545097583978,-0.07706896311248947,-0.07812335328330158,-0.08023213362492579,16
2012-08-28,0.003943640677338491,1.09400871459695,0.003724838934419101,0.002849631962741541,0.0017556232481445908,-0.00043239418104930923,16
2012-09-26,0.014420809607568787,0.9555724417426544,0.014229695119220256,0.013465237165826132,0.012509664724083477,0.010598519840598168,16
2012-10-24,0.007722739218769167,0.9483789260385005,0.007533063433561467,0.006774360292730666,0.005825981366692166,0.0039292235146151655,16
2012-11-26,-0.05330362180241581,1.0207336523125998,-0.05350776853287833,-0.05432435545472841,-0.05534508910704101,-0.057386556411666206,16
2012-12-24,-0.01591018802296306,1.0482776089159067,-0.016119843544746243,-0.016958465631878968,-0.018006743240794876,-0.020103298458626687,16
2013-01-24,0.011122582149373582,1.0625633232016212,0.010910069484733258,0.010060018826171961,0.00899745550297034,0.006872328856567097,16
2013-02-22,0.03209266454366954,1.207464175584981,0.03185117170855254,0.030885200368084557,0.02967773619249958,0.027262807841329617,16
2013-03-22,0.05137343110951748,0.9576002176673318,0.05118191106598401,0.05041583089185015,0.04945823067418282,0.04754303023884816,16
2013-04-22,-0.11247777925784232,1.0660047802904944,-0.11269098021390042,-0.11354378403813281,-0.1146097888184233,-0.1167417983790043,16
2013-05-20,0.008918471919311131,1.3174834437086091,0.00865497523056941,0.007600988475602522,0.006283505031893913,0.003648538144476695,16
2013-06-18,-0.009235961735038089,1.1580573951434878,-0.009467573214066787,-0.010394019130181576,-0.011552076525325064,-0.01386819131561204,16
2013-07-17,-0.002001342708033636,1.1592224979321752,-0.002233187207620071,-0.0031605652059658114,-0.004319787703897987,-0.0066382326997623375,16
2013-08-14,0.003146509878842561,1.2428039702233251,0.0028979490847978956,0.0019037059086192357,0.0006609019383959107,-0.0018247060020507395,16
2013-09-12,0.034868156434571924,1.0967922256621947,0.034648797989439484,0.03377136420890973,0.03267457198324754,0.030480987531923145,16
2013-10-10,0.03789806789902528,1.1231510147918815,0.0376734376960669,0.0367749168842334,0.035651765869441514,0.03340546383985775,16
2013-11-07,-0.01090515116902431,1.1977096273291927,-0.011144693094490149,-0.012102860796353504,-0.013300570423682696,-0.01569598967834108,16
2013-12-06,-0.029832928009869905,1.1791149068322984,-0.030068750991236366,-0.031012042916702204,-0.0321911578235345,-0.0345493876371991,16
2014-01-07,0.00933795502353008,1.1348056130664828,0.009110993900916783,0.008203149410463597,0.007068343797397113,0.004798732571264148,16
2014-02-05,-0.05843775531348828,1.1487266430993435,-0.05866750064210815,-0.05958648195658762,-0.060735208599686966,-0.06303266188588565,16
2014-03-06,-0.0020457918987910554,1.1804609563123496,-0.0022818840900535255,-0.003226252855103405,-0.0044067138114157545,-0.006767635724040454,16
2014-04-03,0.017594158741214505,1.162607499140007,0.017361637241386504,0.0164315512420745,0.015268943742934492,0.012943728744654477,16
2014-05-02,0.042442782436618795,1.1723901594401558,0.042208304404730765,0.04127039227717864,0.040098002117738486,0.03775322179885817,16
2014-06-02,-0.08329623677395716,0.91201556187341,-0.08347863988633183,-0.08420825233583057,-0.08512026789770398,-0.0869442990214508,16
2014-06-30,0.025433374982008795,1.0896895787139689,0.025215437066266,0.024343685403294825,0.023253995824580858,0.02107461666715292,16
2014-07-29,-0.037958759283607375,1.1507021433850704,-0.03818889971228439,-0.039109461426992446,-0.04026016357037752,-0.04256156785714766,16
2014-08-26,0.05149060687391647,0.9606132075471698,0.051298484232407036,0.050529993666369295,0.04956938045882213,0.04764815404372779,16
2014-09-24,0.05175290129432012,0.9982704402515723,0.0515532472062698,0.05075463085406855,0.04975636041381697,0.04775981953331383,16
2014-10-22,0.05419027023582697,0.8734472049689441,0.05401558079483318,0.053316823030858024,0.05244337582588908,0.05069648141595119,16
2014-11-19,0.05492935848920434,1.010679970436068,0.05472722249511713,0.053918678518768276,0.052907998548332204,0.050886638607460066,16
2014-12-18,0.08245085071259445,1.1199186991869918,0.08222686697275705,0.08133093201340745,0.08021101331422047,0.07797117591584649,16
2015-01-20,-0.12370624944545668,0.8691585245777473,-0.12388008115037223,-0.12457540797003443,-0.12544456649461216,-0.12718288354376767,16
2015-02-18,0.06537509934498488,1.0716186252771618,0.06516077561992945,0.06430348071970772,0.06323186209443056,0.061088624843876234,16
2015-03-18,-0.07323348496510575,1.0838323353293413,-0.07345025143217161,-0.07431731730043509,-0.07540114963576443,-0.07756881430642311,16
2015-04-16,0.03848006503696292,0.9808240661534076,0.03828390022373224,0.03749924097080951,0.036518416904656105,0.03455676877234929,16
2015-05-14,0.04395183893347661,1.0283005417735955,0.04374617882512189,0.042923538391703014,0.04189523784992942,0.039838636766382225,16
2015-06-12,0.1137165411828756,0.9206230396350156,0.11353241657494859,0.11279591814324058,0.11187529510360557,0.11003404902433553,16
2015-07-13,0.10220785033961174,1.033253604411667,0.10200119961872942,0.10117459673520007,0.10014134313078842,0.09807483592196507,16
2015-08-10,0.02163164022458645,1.061989236595575,0.021419242377267337,0.020569650987990875,0.0195076617513953,0.01738368327820415,16
2015-09-08,0.015002644310674301,0.8511904761904762,0.014832406215436206,0.014151453834483825,0.01330026335829335,0.011597882405912396,16
2015-10-06,-0.016283136238842682,0.7648274878813801,-0.01643610173641896,-0.017047963726724062,-0.017812791214605442,-0.019342446190368203,16
2015-11-03,0.04520167135511367,0.9558834138951015,0.04501049467233465,0.04424578794121857,0.043289904527323474,0.04137813769953327,16
2015-12-02,0.01783240288835865,0.8589996349032494,0.017660602961378002,0.0169734032534554,0.016114403618552153,0.014396404348745654,16
2015-12-31,0.1253195793691342,0.8955093099671414,0.12514047750714077,0.12442407005916707,0.12352856074919993,0.12173754212926564,16
2016-02-01,-0.02690075639951723,0.8585250091274188,-0.027072461401342715,-0.02775928140864465,-0.028617806417772066,-0.030334856436026906,16
2016-03-01,-0.04821073938894578,0.825826724524914,-0.04837590473385076,-0.049036566113470695,-0.04986239283799561,-0.05151404628704544,16
2016-03-30,-0.18212279317908864,0.73125,-0.18226904317908862,-0.18285404317908863,-0.18358529317908864,-0.18504779317908865,16
2016-04-27,0.04197275883633584,0.95,0.04178275883633584,0.04102275883633584,0.04007275883633584,0.03817275883633584,16
2016-05-25,-0.011693948636276102,0.8779157710373378,-0.01186953179048357,-0.01257186440731344,-0.013449780178350778,-0.015205611720425453,16
2016-06-23,-0.012491750507638434,0.9414059390175942,-0.012680031695441954,-0.013433156446656028,-0.014374562385673622,-0.01625737426370881,16
2016-07-22,-0.06936395635022613,1.0613496932515338,-0.06957622628887644,-0.07042530604347766,-0.0714866557367292,-0.07360935512323227,16
2016-08-19,-0.016058108785584047,1.1104294478527605,-0.0162801946751546,-0.01716853823343681,-0.018278967681289567,-0.02049982657699509,16
2016-09-19,0.020636855386377335,0.9550077639751553,0.020445853833582304,0.01968184762240218,0.018726839858427026,0.016816824330476713,16
2016-10-17,-0.022230098167259058,0.960711726773346,-0.022422240512613725,-0.023190809894032403,-0.02415152162080575,-0.02607294507435244,16
2016-11-14,0.0039689308091272225,1.1714975845410627,0.00373463129221901,0.0027974332245861598,0.001625935640045097,-0.0007170595290370285,16
2016-12-13,-0.02338040282496062,1.2294117647058824,-0.023626285177901794,-0.0246098145896665,-0.025839226354372385,-0.02829804988378415,16
2017-01-12,0.015333702732734615,1.1176470588235294,0.01511017332096991,0.014216055673911087,0.013098408615087556,0.010863114497440499,16
2017-02-10,0.055630153338923356,1.005952380952381,0.05542896286273288,0.05462420095797098,0.05361824857701859,0.05160634381511383,16
2017-03-13,-0.02208500219497763,1.1668710771228628,-0.022318376410402203,-0.023251873272100494,-0.024418744349223358,-0.02675248650346908,16
2017-04-10,0.025793443040027866,0.9687767322497862,0.02559968769357791,0.02482466630777808,0.023855889575528293,0.02191833611102872,16
2017-05-09,0.059557084500425475,1.022276874821785,0.05935262912546112,0.05853480762560369,0.05751253075078191,0.055467977001138334,16
2017-06-07,-0.05037950863430174,1.046659364731654,-0.05058884050724807,-0.05142616799903339,-0.052472827363765046,-0.05456614609322836,16
2017-07-06,0.021653657941829718,1.1067022581343338,0.02143231749020285,0.020546955683695384,0.01944025342556105,0.017226848909292384,16
2017-08-03,0.032756086458198115,1.0823172931245941,0.0325396229995732,0.03167376916507352,0.03059145187194893,0.028426817285699738,16
2017-08-31,-0.08238320823146313,1.0289328182988715,-0.0825889947951229,-0.083412141049762,-0.08444107386806086,-0.08649893950465862,16
2017-09-29,0.08108500222249712,1.1619569185834244,0.08085261083878044,0.0799230453039137,0.07876108838533027,0.07643717454816343,16
2017-10-27,0.019321970825723064,1.0650967506389193,0.01910895147559528,0.018256874075084143,0.017191777324445226,0.015061583823167387,16
2017-11-27,-0.05843990477114967,1.0578684136376444,-0.0586514784538772,-0.059497773184787314,-0.06055564159842496,-0.06267137842570025,16
2017-12-26,0.011229617377543747,1.1545412264965784,0.010998709132244431,0.010075076151047168,0.00892053492455059,0.006611452471557433,16
2018-01-25,0.02511848623133058,1.0967377582884859,0.02489913867967288,0.024021748473042094,0.022925010714753606,0.020731535198176637,16
2018-02-23,0.019704079595730638,1.1727046646054577,0.019469538662809545,0.01853137493112518,0.017358670266519723,0.015013260937308807,16
2018-03-23,0.0003115457047355094,1.003904018282232,0.000110764901079063,-0.0006923583135467228,-0.001696262331828955,-0.0037040703683934193,16
2018-04-23,-0.00925876468021963,0.998286040754142,-0.009458421888370459,-0.010257050720973772,-0.011255336761727915,-0.013251908843236198,16
2018-05-21,0.007853313068590956,1.06781825514182,0.0076397494175625925,0.006785494813449137,0.005717676558307317,0.003582040048023676,16
2018-06-19,0.020059162425858014,1.0171428571428571,0.01985573385442944,0.01904201956871516,0.0180248767115723,0.015990590997286586,16
2018-07-18,0.043893474441201015,0.9885714285714285,0.04369576015548673,0.042904903012629586,0.04191633158405816,0.0399391887269153,16
2018-08-15,0.03798439285727063,1.153103448275862,0.037753772167615454,0.036831289408994765,0.0356781859607189,0.03337197906416718,16
2018-09-13,-0.002827666460870259,1.0211822660098522,-0.0030319029140722293,-0.003848848726880111,-0.004870030992889964,-0.006912395524909668,16
2018-10-11,0.03907812868832078,1.188924323965185,0.038840343823527745,0.0378892043643556,0.03670028004039041,0.03432243139246004,16
2018-11-08,0.049447544903537935,0.853630987974221,0.04927681870594309,0.04859391391556371,0.04774028292758949,0.04603302095164105,16
2018-12-10,-0.04684423456214368,0.904358765129879,-0.04702510631516965,-0.047748593327273554,-0.04865295209240344,-0.05046166962266319,16
2019-01-09,-0.025308302536338645,0.7202380952380953,-0.025452350155386265,-0.02602854063157674,-0.026748778726814835,-0.028189254917291025,16
2019-02-07,-0.0031621120432722737,0.8928571428571428,-0.0033406834718437022,-0.004054969186129417,-0.004947826328986559,-0.0067335406147008454,16
2019-03-08,-0.04815662135855855,0.8596060890267657,-0.0483285425763639,-0.04901622744758531,-0.04987583353661208,-0.05159504571466561,16
2019-04-05,0.029996002044799196,0.9139311737969844,0.0298132158100398,0.029082070871002213,0.028168139697205226,0.02634027734961126,16
2019-05-06,0.09392412281701858,1.0884135343770291,0.09370644011014317,0.09283570928264155,0.09174729574826451,0.08957046867951046,16
2019-06-04,0.03832363215562441,1.0285140562248996,0.03811792934437943,0.03729511809939951,0.03626660404317461,0.034209575930724816,16
2019-07-02,0.028503891148297857,0.9687940264863342,0.028310132343000588,0.02753509712181152,0.026566303095325188,0.02462871504235252,16
2019-07-31,0.09373309657070199,1.1231332769794307,0.0935084699153061,0.09260996329372256,0.09148683001674313,0.08924056346278426,16
2019-08-28,-0.10900903396300386,1.010405257393209,-0.10921111501448251,-0.11001943922039707,-0.11102984447779028,-0.1130506549925767,16
2019-09-26,-0.0016475632769793508,0.896075319241036,-0.001826778340827558,-0.002543638596220387,-0.003439713915461423,-0.0052318645539434945,16
2019-10-24,-0.014659558149399359,1.004292619580117,-0.014860416673315382,-0.015663850768979477,-0.016668143388559594,-0.018676728627719828,16
2019-11-21,-0.0631718617982392,1.1905706658971216,-0.06340997593141863,-0.06436243246413632,-0.06555300313003345,-0.06793414446182769,16
2019-12-20,0.0028704290415097525,0.9984488853618066,0.0026707392644373914,0.0018719801561479458,0.000873531270786139,-0.0011233664999374744,16
2020-01-22,0.039600708130266615,1.0345024237239806,0.03939380764552182,0.038566205706542636,0.03753170328281866,0.03546269843537069,16
2020-02-20,0.0330873493160127,1.0580980895352154,0.032875729698105656,0.032029251226477484,0.030971153136942264,0.028854956957871835,16
2020-03-19,-0.29175225174855485,1.5454545454545454,-0.2920613426576458,-0.2932977062940094,-0.29484316083946394,-0.297934069930373,16
2020-04-17,-0.015864763489883846,0.8149667405764967,-0.016027756837999146,-0.016679730230460342,-0.01749469697103684,-0.01912463045218983,16
2020-05-15,-0.3290021627404834,0.7465958401915308,-0.32915148190852167,-0.3297487585806749,-0.33049535442086647,-0.3319885461012495,16
2020-06-15,0.17292988000913898,0.9280225758193935,0.17274427549397509,0.17200185743331958,0.1710738348575002,0.1692177897058614,16
2020-07-14,-0.09262537015642074,0.7973399014778325,-0.0927848381367163,-0.09342271005789857,-0.0942200499593764,-0.09581472976233206,16
2020-08-11,0.053297758217618056,1.0671921182266009,0.05308431979397273,0.05223056609939145,0.051163373981164856,0.049028989744711655,16
2020-09-09,-0.02150573559766144,0.9749630326656809,-0.021700728204194577,-0.02248069863032712,-0.023455661662992802,-0.02540558772832416,16
2020-10-07,0.006106190650904767,0.9868308702791461,0.005908824476848938,0.005119359780625621,0.004132528910346475,0.0021588671697881827,16
2020-11-04,-0.30894263603685035,1.0557963875205254,-0.30915379531435444,-0.30999843242437086,-0.3110542288118914,-0.31316582158693246,16
2020-12-03,0.005815631900005598,1.2588704726826274,0.005563857805469072,0.00455676142732297,0.003297890954640343,0.0007801500092750879,16
2021-01-04,-0.18695120358154388,1.1046380727231793,-0.18717213119608853,-0.18805584165426706,-0.18916047972699024,-0.1913697558724366,16
2021-02-02,-0.07986621062473936,1.2717948717948717,-0.08012056959909834,-0.08113800549653423,-0.08240980036832911,-0.08495339011191885,16
2021-03-03,0.025344097684291376,1.452567916890211,0.025053584100913334,0.023891529767401165,0.022438961850510954,0.01953382601673053,16
2021-03-31,0.09173227825651593,1.1659422389645513,0.09149908980872302,0.09056633601755139,0.08940039377858683,0.08706850930065772,16
2021-04-29,0.04932980209510536,1.1118516372066067,0.049107431767664037,0.048217950457898756,0.047106098820692145,0.04488239554627893,16
2021-05-27,-0.11163685512049501,1.0504246568025213,-0.11184694005185551,-0.11268727977729753,-0.11373770443410006,-0.11583855374770509,16
2021-06-25,0.15144062939704678,0.9783623032353996,0.1512449569363997,0.15046226709381139,0.14948390479057597,0.14752718018410518,16
2021-07-26,0.05383194007621502,0.9174229605701686,0.053648455484100986,0.052914517115644856,0.05199709415507468,0.05016224823393435,16
2021-08-23,-0.04456049216840399,0.9524759142235575,-0.0447509873512487,-0.04551296808262755,-0.04646544399685111,-0.04837039582529822,16
2021-09-21,0.02670552962875642,0.9304646596858639,0.02651943669681925,0.025775064969070557,0.024844600309384693,0.022983670990012965,16
2021-10-19,0.030815284716231357,0.993291884816754,0.030616626339268007,0.029821992831414602,0.028828700946597847,0.02684211717696434,16
2021-11-16,0.13919615889637899,1.0456479057591626,0.13898702931522716,0.1381505109906198,0.13710486308486067,0.13501356727334232,16
2021-12-15,0.10429505197337545,0.9672117875647668,0.1041016096158625,0.10332784018581068,0.10236062839824592,0.10042620482311639,16
2022-01-13,0.09025536049200332,1.029779392126489,0.09004940461357802,0.08922558109987683,0.08819580170775035,0.08613624292349736,16
2022-02-11,0.15425818006707098,0.755141285187757,0.15410715181003343,0.15350303878188323,0.15274789749669546,0.15123761492631996,16
2022-03-14,-0.06557303225532742,0.9345941686367218,-0.06575995108905476,-0.06650762642396414,-0.06744222059260085,-0.06931140892987431,16
2022-04-11,0.21630957531327455,0.6725268669054836,0.21617506993989347,0.21563704844636908,0.21496452157946358,0.2136194678456526,16
2022-05-10,-0.10422664994366046,0.8352438688343897,-0.10439369871742733,-0.10506189381249485,-0.10589713768132925,-0.10756762541899802,16
2022-06-08,-0.1732572249777123,0.7839974699557244,-0.17341402447170343,-0.174041222447668,-0.17482521991762373,-0.17639321485753517,16
2022-07-08,-0.11640514983989442,0.9451302764819661,-0.1165941758951908,-0.11735028011637638,-0.11829541039285835,-0.12018567094582228,16
2022-08-05,0.13388123352134562,0.6832404141540562,0.1337445854385148,0.13319799310719158,0.1325147526930375,0.1311482718647294,16
2022-09-02,0.03572523520748642,0.6690686362817511,0.03559142148023007,0.03505616657120467,0.034387097934922915,0.03304896066235941,16
2022-10-03,0.04629153776562677,0.6888660399529964,0.04615376455763617,0.045602671725673775,0.04491380568572078,0.04353607360581478,16
2022-10-31,0.03087367304617017,0.6184195064629847,0.030749989144877574,0.030255253539707185,0.0296368340332442,0.02839999502031823,16
2022-11-29,0.0756645920046381,0.9054110239961988,0.07548350979983885,0.0747591809806419,0.0738537699566457,0.0720429479086533,16
2022-12-28,-0.29837300099751085,0.6981171299596104,-0.2985126244235028,-0.29907111812747045,-0.29976923525743004,-0.3011654695173493,16
2023-01-27,0.05191112966641011,0.9071038251366121,0.05172970890138279,0.0510040258412735,0.050096922016136886,0.048282714365863656,16
2023-02-27,0.07342993518672779,0.9984086951300067,0.07323025344770179,0.07243152649159779,0.07143311779646777,0.06943630040620775,16
2023-03-27,0.030377556454376075,0.9558707643814027,0.030186382301499795,0.029421685689994672,0.02846581492561327,0.026554073396850463,16
2023-04-25,-0.07943029151037583,0.8493752110773387,-0.07960016655259129,-0.08027966672145316,-0.0811290419325305,-0.08282779235468518,16
2023-05-23,0.006611317649764215,1.103621853898097,0.006390593278984596,0.005507695795866118,0.004404073941968021,0.0021968302341718263,16
2023-06-22,-0.06855845983582473,0.971490845684394,-0.06875275800496161,-0.06952995068150912,-0.07050144152719352,-0.0724444232185623,16
2023-07-21,0.03354570375168619,1.0039523394362102,0.033344913283798946,0.03254175141224998,0.03153779907281377,0.029529894393941346,16
2023-08-18,0.07070773816138275,1.0583273936802091,0.07049607268264671,0.06964941076770254,0.06859108337402232,0.06647442858666192,16
2023-09-18,0.08564852672358848,0.8307262569832401,0.08548238147219184,0.08481780046660524,0.08398707420962201,0.08232562169565552,16
2023-10-16,0.07987357198003293,0.9366232153941652,0.0796862473369541,0.07893694876463878,0.0780003255492446,0.07612707911845627,16
2023-11-13,-0.14575341670325415,0.8392156862745098,-0.14592125984050905,-0.14659263238952866,-0.14743184807580317,-0.14911027944835217,16
2006-01-27,0.014068931487268822,1.0,0.013868931487268822,0.013068931487268821,0.012068931487268822,0.010068931487268822,17
2006-02-27,-0.0019549779603864705,1.153234811165846,-0.0021856249226196397,-0.0031082127715523168,-0.004261447582718163,-0.006567917205049855,17
2006-03-27,0.04444508461302271,1.0615106732348112,0.04423278247837575,0.0433835739397879,0.04232206326655309,0.040199041920083466,17
2006-04-25,-0.010942006290575308,1.1046511627906976,-0.011162936523133446,-0.012046657453366005,-0.013151308616156702,-0.015360610941738097,17
2006-05-23,0.043669992735279606,1.2729897683761218,0.04341539478160438,0.042397002966903484,0.04112401319852736,0.03857803366177512,17
2006-06-21,0.08296330439861604,0.8351013746783001,0.08279628412368038,0.08212820302393774,0.08129310164925944,0.07962289889990284,17
2006-07-20,-0.041604636466432116,0.7627586206896552,-0.041757188190570046,-0.04236739508712177,-0.043130153707811425,-0.044655670949190734,17
2006-08-17,-0.04258690657884905,0.9622781065088758,-0.04277936220015083,-0.04354918468535793,-0.0445114627918668,-0.04643601900488455,17
2006-09-15,-0.031673874568814736,0.9679569432563444,-0.03186746595746601,-0.03264183151207108,-0.03360978845532742,-0.03554570234184011,17
2006-10-13,-0.00794853642750978,1.051775147928994,-0.008158891457095578,-0.009000311575438773,-0.010052086723367768,-0.012155637019225757,17
2006-11-10,-0.011453525846049382,1.0781493506493507,-0.011669155716179252,-0.012531675196698733,-0.013609824547348083,-0.015766123248646784,17
2006-12-11,0.026672882969318856,1.0156168831168833,0.02646975959269548,0.025657266086201974,0.02464164920308509,0.022610415436851324,17
2007-01-11,-0.02056784603795861,1.0040664067751042,-0.02076865931931363,-0.021571912444733714,-0.02257597885150882,-0.024584111665059027,17
2007-02-09,0.022645447770084058,1.1062532100667695,0.022424197128070703,0.021539194560017287,0.02043294134995052,0.01822043492981698,17
2007-03-12,0.01339745609404611,1.1395710928319622,0.013169541875479718,0.012257885001214148,0.011118313908382185,0.00883917172271826,17
2007-04-10,0.00565086551908041,1.014747356051704,0.00544791604787007,0.004636118163028707,0.003621370806977002,0.001591876094873594,17
2007-05-08,0.0066534320490887686,1.069137562366358,0.006439604536615497,0.005584294486722411,0.004515156924356053,0.002376881799623337,17
2007-06-06,0.030082716834538857,1.0946068949823644,0.029863795455542384,0.028988109939556493,0.02789350304457413,0.0257042892546094,17
2007-07-05,0.06374493951402647,1.1291993891797558,0.06351909963619053,0.06261574012484672,0.061486540735666964,0.059228141957307454,17
2007-08-02,0.02645690540588264,1.2180682809773125,0.026213291749687177,0.025238837124905326,0.024020768843928016,0.02158463228197339,17
2007-08-30,0.05835209600856155,0.9180653266331659,0.05816848294323492,0.057434030681928386,0.056515965355295225,0.05467983470202889,17
2007-09-28,0.051401732789821755,1.0934170854271357,0.05118304937273633,0.05030831570439462,0.04921489861896748,0.047028064448113215,17
2007-10-26,0.11616066768518578,1.055697865353038,0.11594952811211517,0.11510496981983274,0.1140492719544797,0.11193787622377363,17
2007-11-26,-0.017118590118189066,0.9870064653819597,-0.01731599141126546,-0.018105596583571026,-0.019092603048952984,-0.021066615979716905,17
2007-12-24,-0.0174164808885771,0.9477120080346493,-0.017606023290184028,-0.018364192896611748,-0.019311904904646397,-0.021207328920715696,17
2008-01-24,-0.02911579382534368,1.0670279146141215,-0.029329199408266504,-0.030182821739957802,-0.031249849654571924,-0.033383905483800165,17
2008-02-22,0.024215961678523003,0.9686522507819938,0.024022231228366605,0.02324730942774101,0.022278657176959014,0.020341352675395028,17
2008-03-24,0.013555829932680615,0.8744410044719643,0.013380941731786222,0.01268138892820865,0.011806947923736686,0.010058065914792759,17
2008-04-21,-0.01656332493251513,0.9628482972136222,-0.01675589459195785,-0.01752617322972875,-0.018489021526942373,-0.020414718121369618,17
2008-05-19,0.14047307280515353,0.85538179768949,0.14030199644561564,0.13961769100746405,0.13876230920977456,0.13705154561439556,17
2008-06-17,0.11365087500394003,0.9386799098337562,0.11346313902197327,0.11271219509410627,0.11177351518427252,0.10989615536460501,17
2008-07-16,-0.16113838653299944,0.9442187054462503,-0.16132723027408868,-0.1620826052384457,-0.16302682394389195,-0.16491526135478446,17
2008-08-13,-0.008036101479094669,0.9206818822203436,-0.008220237855538737,-0.008956783361315012,-0.009877465243535357,-0.011718829007976043,17
2008-09-11,0.17048490131858482,0.819737954353339,0.17032095372771416,0.16966516336423149,0.16884542540987815,0.16720594950117146,17
2008-10-09,0.029958086237284028,0.9847091194968555,0.029761144413384656,0.02897337711778717,0.027988667998290317,0.026019249759296606,17
2008-11-06,0.16726087319143032,0.8616352201257861,0.16708854614740518,0.16639923797130454,0.16553760275117874,0.16381433231092718,17
2008-12-05,-0.40661012267643315,0.817855455833727,-0.4067736937675999,-0.4074279781322669,-0.4082458335881006,-0.40988154449976805,17
2009-01-06,0.17026674489950258,0.6023852116875372,0.17014626785716508,0.16966435968781504,0.1690619744761275,0.16785720405275242,17
2009-02-04,0.12111284815860954,0.7471535852713178,0.12096341744155527,0.12036569457333822,0.1196185409880669,0.11812423381752427,17
2009-03-05,-0.3459690912008775,0.6988387096774193,-0.34610885894281296,-0.3466679299105549,-0.3473667686202323,-0.3487644460395872,17
2009-04-02,-0.3140097812158885,0.5948387096774194,-0.314128748957824,-0.31460461992556593,-0.31519945863524335,-0.3163891360545982,17
2009-05-01,-0.20982454536992767,0.8244304791830321,-0.2099894314657643,-0.21064897584911071,-0.21147340632829373,-0.2131222672866598,17
2009-06-01,0.04704747120747177,0.6958890030832476,0.04690829340685512,0.04635158220438852,0.045655693201305275,0.04426391519513878,17
2009-06-29,-0.08555993124549134,0.7749229188078108,-0.0857149158292529,-0.08633485416429915,-0.08710977708310697,-0.08865962292072259,17
2009-07-28,-0.11557385224750868,0.793451814238866,-0.11573254261035645,-0.11636730406174756,-0.11716075587598641,-0.11874765950446414,17
2009-08-25,-0.1351384428359872,0.8169116880408716,-0.13530182517359537,-0.13595535452402807,-0.13677226621206895,-0.13840608958815068,17
2009-09-23,0.023206888724487364,1.1496715670941509,0.022976954411068534,0.022057217157393214,0.020907545590299063,0.01860820245611076,17
2009-10-21,0.02282013849266558,1.3669064748201438,0.02254675719770155,0.021453232017845436,0.02008632554302529,0.017352512593385,17
2009-11-18,-0.006684854232908259,1.3204471584753277,-0.006948943664603325,-0.008005301391383586,-0.009325748549858914,-0.01196664286680957,17
2009-12-17,-0.09555885986218306,1.2015660395942085,-0.0957991730701019,-0.09676042590177726,-0.09796199194137148,-0.10036512402055989,17
2010-01-19,0.005335447693204626,1.2675870094150006,0.005081930291321626,0.004067860683789625,0.0028002736743746245,0.00026509965554462334,17
2010-02-17,-0.01767625240879397,1.2201438848920865,-0.017920281185772387,-0.018896396293686057,-0.020116540178578144,-0.022556827948362317,17
2010-03-17,-0.003471066453062357,1.297882672882673,-0.0037306429876388914,-0.00476894912594503,-0.006066831798827703,-0.008662597144593049,17
2010-04-15,0.011825844251053222,1.088966588966589,0.011608050933259903,0.010736877662086633,0.009647911073120043,0.007469977895186866,17
2010-05-13,0.0380220258291645,1.274855252274607,0.03776705477870958,0.03674717057688989,0.03547231532461529,0.03292260482006607,17
2010-06-11,0.010704546153167644,1.087882547559967,0.01048696964365565,0.009616663605607678,0.00852878105804771,0.006353015962927777,17
2010-07-12,-0.031550020473248216,0.963596249310535,-0.03174273972311032,-0.03251361672255875,-0.033477212971869286,-0.035404405470490355,17
2010-08-09,0.06605030919259092,0.9621915892518231,0.06585787087474056,0.06508811760333909,0.06412592601408727,0.06220154283558362,17
2010-09-07,-0.03908341986710783,0.7875612553435511,-0.039240932118176544,-0.03987098112245138,-0.04065854237779493,-0.042233664888482035,17
2010-10-05,0.005793860212165582,0.9976726964984661,0.005594325672865889,0.004796187515667115,0.0037985148191686494,0.0018031694261717171,17
2010-11-02,0.0095764955258687,1.091212744090442,0.009358252977050611,0.008485282781778259,0.0073940700376878155,0.005211644549506932,17
2010-12-01,-0.08254375504031772,1.1175514626218852,-0.0827672653328421,-0.0836613065029396,-0.08477885796556149,-0.08701396089080526,17
2010-12-30,0.010327883912315634,1.1564005668398678,0.01009660379894766,0.009171483345475765,0.008015082778635899,0.005702281644956162,17
2011-01-28,0.01004132840521612,1.141599105395583,0.009813008584137002,0.008899729299820537,0.007758130194424954,0.005474931983633788,17
2011-02-28,0.021777120604547145,1.2228128267689091,0.021532558039193364,0.020554307777778235,0.019331494951009328,0.01688586929747151,17
2011-03-28,0.012946859426850997,1.0700280112044815,0.012732853824610101,0.011876831415646515,0.010806803404442034,0.00866674738203307,17
2011-04-26,0.0027874021304145824,1.0569136745607333,0.0025760193955024356,0.001730488455853849,0.0006735747812931158,-0.0014402525678283507,17
2011-05-24,0.0437823581924794,1.312393736017897,0.04351987944527582,0.042469964456461506,0.041157570720443605,0.03853278324840781,17
2011-06-22,-0.006790833191033122,0.9186127570582084,-0.006974555742444764,-0.007709445948091331,-0.008628058705149539,-0.010465284219265956,17
2011-07-21,0.11575315003873937,1.0376437783199721,0.11554562128307538,0.1147155062604194,0.11367786248209943,0.11160257492545948,17
2011-08-18,-0.0237804413663267,1.010545905707196,-0.02398255054746814,-0.024790987272033896,-0.025801533177741094,-0.027822624989155484,17
2011-09-16,0.028848331147817947,0.7142266335814723,0.02870548582110165,0.028134104514236473,0.027419877880655003,0.02599142461349206,17
2011-10-14,-0.04092185713274398,0.6783416069130355,-0.04105752545412659,-0.041600198739657014,-0.042278540346570054,-0.043635223560396126,17
2011-11-11,0.05674269734312859,0.8143500643500644,0.05657982733025858,0.055928347278778524,0.05511399721442846,0.053485297085728335,17
2011-12-12,-0.07329898054849909,0.7464147821290679,-0.07344826350492491,-0.07404539533062816,-0.07479181011275723,-0.07628463967701536,17
2012-01-11,-0.1021440599401951,0.9765450861195542,-0.102339368957419,-0.10312060502631465,-0.1040971501124342,-0.10605024028467332,17
2012-02-09,0.04578796897342205,1.0746406371406372,0.04557304084599392,0.044713328336281416,0.043638687699140775,0.0414894064248595,17
2012-03-09,0.05586882463893521,1.011881464914733,0.05566644834595226,0.05485694317402048,0.05384506170910574,0.05182129877927628,17
2012-04-09,0.03154917014147704,0.8953965147702917,0.03137009083852298,0.030653773626706748,0.029758377111936456,0.02796758408239587,17
2012-05-07,0.07514333188483936,1.0,0.07494333188483936,0.07414333188483936,0.07314333188483936,0.07114333188483936,17
2012-06-05,-0.016538178049650343,0.8333333333333334,-0.01670484471631701,-0.017371511382983675,-0.01820484471631701,-0.019871511382983677,17
2012-07-03,0.05352118896398729,0.8633003695934471,0.0533485288900686,0.05265788859439384,0.051794588224800396,0.0500679874856135,17
2012-08-01,-0.08556461483074665,1.0540905004495054,-0.08577543293083655,-0.08661870533119616,-0.08767279583164567,-0.08978097683254467,17
2012-08-29,0.0076647871340091225,1.0644880174291937,0.007451889530523284,0.0066002991165799284,0.005535811099150734,0.003406835064292347,17
2012-09-27,0.024456796479030818,1.005471124620061,0.024255702254106806,0.023451325354410756,0.022445854229790695,0.020434911980550575,17
2012-10-25,0.02204556006577456,0.9840425531914894,0.021848751555136263,0.02106151751258307,0.02007747495939158,0.018109389853008605,17
2012-11-27,-0.06307735927294558,1.0130176186735496,-0.06327996279668029,-0.06409037689161913,-0.06510339451029268,-0.06712942974763977,17
2012-12-26,-0.01686478912732629,0.9766700924974306,-0.017060123145825775,-0.017841459219823722,-0.01881812931232115,-0.020771469497316012,17
2013-01-25,0.022979484710848864,1.09822695035461,0.022759839320777943,0.021881257760494252,0.020783030810139644,0.018586576909430424,17
2013-02-25,0.036401163408043814,1.127459091744806,0.036175671589694855,0.03527370431629901,0.0341462452245542,0.03189132704106459,17
2013-03-25,0.037035138951145685,1.032175032175032,0.03682870394471068,0.036002963918970655,0.03497078888679562,0.03290643882244556,17
2013-04-23,-0.09747753990796534,1.0592480235337378,-0.09768938951267209,-0.09853678793149909,-0.09959603595503282,-0.10171453200210029,17
2013-05-21,0.009388721681260126,1.3440618101545252,0.00911990931922922,0.0080446598711056,0.006700598060951075,0.004012474440642025,17
2013-06-19,-0.006313732591659059,1.177924944812362,-0.006549317580621532,-0.007491657536471422,-0.008669582481283784,-0.011025432370908507,17
2013-07-18,-0.0016672722260582737,1.1723738626964433,-0.0019017469985975624,-0.002839646088754717,-0.00401201995145116,-0.006356767676844047,17
2013-08-15,0.0071917774549023275,1.2234077750206782,0.006947095899898192,0.0059683696798816495,0.0047449619048609715,0.0022981463548196147,17
2013-09-13,0.03878933046931525,1.0245098039215685,0.03858442850853094,0.03776482066539368,0.036740310861472114,0.03469129125362898,17
2013-10-11,0.03364970579763382,1.1166580667354662,0.033426374184286727,0.03253304773089836,0.03141638966416289,0.029183073530691956,17
2013-11-08,-0.009264018195577544,1.2287655279503105,-0.009509771301167607,-0.010492783723527854,-0.011721549251478166,-0.014179080307378786,17
2013-12-09,-0.028277477871061316,1.141886645962733,-0.028505855200253862,-0.02941936451702405,-0.03056125116298678,-0.03284502445491225,17
2014-01-08,0.006271561235976302,1.122459934054137,0.006047069249165474,0.005149101301922165,0.004026641367868028,0.0017817214997597535,17
2014-02-06,-0.04933971275645471,1.1367145227617055,-0.04956705566100705,-0.05047642727921642,-0.051613141801978124,-0.053886570847501536,17
2014-03-07,0.012185583330167383,1.187434737208493,0.011948096382725685,0.01099814859295889,0.009810713855750396,0.007435844381333411,17
2014-04-04,0.02178831071348649,1.1755308040375914,0.02155320455267897,0.0206127799094489,0.01943724910541131,0.017086187497336126,17
2014-05-05,0.036891148433213755,1.1009492515516612,0.036670958582903423,0.0357901991816621,0.03468924993011043,0.03248735142700711,17
2014-06-03,-0.10882100067225862,0.924870657797487,-0.10900597480381813,-0.10974587133005612,-0.1106707419878536,-0.11252048330344858,17
2014-07-01,0.010500195732053763,1.089652623798965,0.01028226520729397,0.009410543108254798,0.008320890484455834,0.006141585236857904,17
2014-07-30,-0.017468288270329396,1.1507021433850704,-0.01769842869900641,-0.018618990413714467,-0.01976969255709954,-0.022071096843869677,17
2014-08-27,0.042895594689979916,1.0108490566037736,0.04269342487865916,0.041884745633376144,0.040873896576772366,0.03885219846356482,17
2014-09-25,0.038045382036540315,0.9918238993710691,0.0378470172566661,0.03705355813716925,0.036061734237798175,0.034078086439056035,17
2014-10-23,0.047899890541806454,0.8988957902001381,0.047720111383766424,0.047000994751606316,0.04610209896140618,0.0443043073810059,17
2014-11-20,0.055036652008206836,0.9497043606799703,0.05484671113607084,0.05408694764752687,0.053137243286846894,0.05123783456548695,17
2014-12-19,0.09940454692801202,1.0164449371766446,0.0992012579405767,0.09838810199083538,0.09737165705365873,0.09533876717930545,17
2015-01-21,-0.10746127259803731,0.9141104294478527,-0.10764409468392688,-0.10837538302748516,-0.10928949345693302,-0.11111771431582872,17
2015-02-19,0.08135505419933993,1.0290465631929044,0.08114924488670135,0.08032600763614703,0.07929696107295411,0.07723886794656831,17
2015-03-19,-0.08952010120447058,1.0462289706301682,-0.08972934699859662,-0.09056633017510075,-0.09161255914573092,-0.09370501708699126,17
2015-04-17,0.029944669864453478,0.9867764471057885,0.02974731457503232,0.02895789341734769,0.0279711169702419,0.02599756407603032,17
2015-05-15,0.047963128762380944,1.064461438568646,0.04775023647466722,0.0468986673238123,0.04583420588524365,0.04370528300810636,17
2015-06-15,0.09198772891821,0.9623764519154461,0.09179525362782691,0.09102535246629455,0.09006297601437911,0.08813822311054821,17
2015-07-14,0.11585420871732682,1.0502134646962233,0.11564416602438758,0.1148039952526306,0.11375378178793438,0.11165335485854193,17
2015-08-11,0.0026238393945346083,1.090279146141215,0.0024057835653063654,0.0015335602483933933,0.0004432811022521783,-0.0017372771900302517,17
2015-09-09,0.004914169730936575,0.8618624964778812,0.004741797231640999,0.0040523072344586936,0.0031904447379808125,0.00146671974502505,17
2015-10-07,-0.002900116679620448,0.7632566192915375,-0.0030527680034787555,-0.0036633732989119856,-0.004426629918203523,-0.005953143156786599,17
2015-11-04,0.04335650972267936,0.9461077844311379,0.043167288165793134,0.04241040193824822,0.04146429415381709,0.03957207858495481,17
2015-12-03,-0.00459040774683656,0.8502994011976048,-0.004760467627076081,-0.005440707148034165,-0.0062910065492317695,-0.00799160535162698,17
2016-01-04,0.15472865790528711,0.8704360679970436,0.1545545706916877,0.15385822183729006,0.15298778576929303,0.15124691363329895,17
2016-02-02,-0.12834761564746833,0.8516999260901701,-0.12851795563268636,-0.1291993155735585,-0.13005101549964868,-0.131754415351829,17
2016-03-02,-0.02606222899854543,0.8384333383211133,-0.026229915666209653,-0.026900662336866544,-0.027739095675187658,-0.029415962351829885,17
2016-03-31,-0.14086608529029648,0.767080745341615,-0.1410195014393648,-0.1416331660356381,-0.1424002467809797,-0.14393440827166296,17
2016-04-28,0.051773152943840405,0.9047748447204969,0.0515921979748963,0.050868378099119906,0.049963603254399414,0.048154053564958416,17
2016-05-26,-0.007303573969751812,0.8400206989889341,-0.007471578109549598,-0.008143594668740746,-0.00898361536772968,-0.010663656765707548,17
2016-06-24,-0.03824431900665025,0.9542233898574954,-0.03843516368462175,-0.039198542396507746,-0.04015276578636524,-0.04206121256608023,17
2016-07-25,-0.0642589145218113,1.0167386200106037,-0.06446226224581342,-0.0652756531418219,-0.0662923917618325,-0.06832586900185372,17
2016-08-22,-0.02106623863327637,1.140081799591002,-0.02129425499319457,-0.022206320432867372,-0.023346402232458374,-0.02562656583164038,17
2016-09-20,0.006966062285352095,0.9737750172532782,0.006771307281901439,0.005992287268098816,0.005018512250845538,0.003070962216338982,17
2016-10-18,-0.021868841198840024,0.9667822301056196,-0.02206219764486115,-0.022835623428945642,-0.023802405659051264,-0.025735970119262503,17
2016-11-15,0.029001132456252424,1.217110125646711,0.02875771043112308,0.02778402233060571,0.026566912204959003,0.024132691953665582,17
2016-12-14,-0.0348841631121766,1.2529411764705882,-0.03513475134747072,-0.036137104288647186,-0.037390045465117774,-0.03989592781805895,17
2017-01-13,0.02831099416599564,1.0764705882352943,0.02809570004834858,0.027234523577760347,0.02615805298952505,0.024005111813054463,17
2017-02-13,0.05875581512848531,1.0179640718562875,0.05855222231411405,0.05773785105662902,0.05671988698477273,0.05468395884106016,17
2017-03-14,-0.03487769916325495,1.1247384748575138,-0.03510264685822645,-0.036002437638112464,-0.03712717611296998,-0.03937665306268501,17
2017-04-11,0.018195413609063828,1.0165027088679786,0.017992113067290233,0.01717891090019585,0.01616240819132787,0.014129402773591914,17
2017-05-10,0.07269837546308225,1.070074137439407,0.07248436063559437,0.07162830132564284,0.07055822718820344,0.06841807891332462,17
2017-06-08,-0.043876806556370045,1.022220619002958,-0.04408125068017064,-0.044899027175373,-0.04592124779437596,-0.047965689032381874,17
2017-07-07,0.0026293289607811562,1.0947983550970348,0.002410369289761749,0.0015345306056841214,0.00043973225058708664,-0.001749864459606983,17
2017-08-04,0.04111796191859857,1.1004617271481134,0.040897869573168946,0.04001750019145045,0.03891703846430234,0.036716115010006115,17
2017-09-01,-0.07002936997335812,1.0105117462217568,-0.07023147232260248,-0.07103988171957988,-0.07205039346580164,-0.07407141695824515,17
2017-10-02,0.060802121095656976,1.1007503066156845,0.06058197103433384,0.059701370789041294,0.058600620482425606,0.056399119869194235,17
2017-10-30,0.011247925497003852,1.0886299689777075,0.011030199503208311,0.010159295528026144,0.009070665559048436,0.006893405621093022,17
2017-11-28,-0.04066847957201915,1.0,-0.04086847957201915,-0.04166847957201915,-0.04266847957201915,-0.04466847957201915,17
2017-12-27,-0.0057992485828915075,1.0966713175204306,-0.006018582846395594,-0.006895919900411938,-0.007992591217932369,-0.01018593385297323,17
2018-01-26,0.02864640343840088,1.1947711115540496,0.02840744921609007,0.02745163232684683,0.02625686121529278,0.02386731899218468,17
2018-02-26,0.04045271302659023,1.0797822287941927,0.040236756580831395,0.03937293079779604,0.038293148569001845,0.03613358411141346,17
2018-03-26,-0.00831686144658966,0.9927950231701899,-0.008515420451223697,-0.009309656469759849,-0.01030245149293004,-0.01228804153927042,17
2018-04-24,-0.009284674407154019,0.9869231257538247,-0.009482059032304783,-0.010271597532907843,-0.011258520658661668,-0.013232366910169317,17
2018-05-22,-0.013858559149892674,1.0446632611910203,-0.014067491802130879,-0.014903222411083694,-0.015947885672274714,-0.018037212194656756,17
2018-06-20,0.014517317457075525,1.137142857142857,0.014289888885646954,0.013380174599932668,0.01224303174278981,0.009968746028504097,17
2018-07-19,0.035613345011889994,1.0057142857142858,0.035412202154747136,0.03460763072617571,0.03360191644046142,0.03159048786903285,17
2018-08-16,0.03370462114698761,1.1932348111658455,0.033465974184754436,0.03251138633582176,0.03131815152465592,0.028931681902324223,17
2018-09-14,0.0015047936938914147,1.0097536945812808,0.0013028429549751586,0.0004950399993101338,-0.0005147136952711471,-0.002534221084433709,17
2018-10-12,0.06488743582986052,1.090758089163511,0.06466928421202782,0.06379667774069701,0.06270591965153349,0.06052440347320648,17
2018-11-09,0.03220882511475408,0.8998073217726397,0.03202886365039955,0.03130901779298144,0.0304092104712088,0.02860959582766352,17
2018-12-11,-0.05309261940000897,0.9394124847001224,-0.053280501896948995,-0.05403203188470909,-0.05497144436940921,-0.05685026933880946,17
2019-01-10,-0.017609612103008595,0.7409823210721415,-0.017757808567223022,-0.018350594424080737,-0.01909157674515288,-0.02057354138729716,17
2019-02-08,-0.016541295440546572,0.8481964642144283,-0.016710934733389457,-0.017389491904761002,-0.01823768836897543,-0.019934081297404285,17
2019-03-11,-0.03600488424717616,0.8534737753408845,-0.036175579002244336,-0.036858358022517045,-0.037711831797857934,-0.0394187793485397,17
2019-04-08,0.04391068878914728,0.9682064442543485,0.04371704750029641,0.04294248234489293,0.04197427590063858,0.04003786301212989,17
2019-05-07,0.11661994122484325,1.052074422583405,0.11640952634032657,0.11556786680225985,0.11451579237967643,0.11241164353450962,17
2019-06-05,0.01547014401167593,0.9498593175095592,0.015280172148174018,0.01452028469416637,0.01357042537665681,0.011670706741637692,17
2019-07-03,0.05808282943993301,0.8728614200171086,0.057908257155929586,0.0572099680199159,0.056337106599898795,0.054591383759864574,17
2019-08-01,0.051128101738638854,1.0760265183917879,0.0509128964349605,0.050052075220247065,0.048976048701855276,0.0468239956650717,17
2019-08-29,-0.09559112278148955,0.9861993428258489,-0.09578836265005472,-0.0965773221243154,-0.09756352146714126,-0.09953592015279294,17
2019-09-27,-0.023634271196763694,0.8780751749513023,-0.023809886231753955,-0.024512346371714996,-0.0253904215466663,-0.027146571896568904,17
2019-10-25,-0.014038945868375428,0.9560637760623333,-0.014230158623587895,-0.01499500964443776,-0.015951073420500093,-0.01786320097262476,17
2019-11-22,-0.06975646924245757,1.1422336050789985,-0.06998491596347337,-0.07089870284753656,-0.07204093645261557,-0.07432540366277357,17
2019-12-23,0.016735177815543727,1.0743574051407587,0.016520306334515573,0.015660820410402967,0.014586463005262208,0.012437748194980692,17
2020-01-23,0.030185753524081472,1.0569495444036447,0.02997436361520074,0.029128803979677827,0.02807185443527418,0.025957955346466895,17
2020-02-21,0.009156059337696865,1.1073019350127784,0.008934598950694308,0.008048757402684086,0.006941455467671308,0.004726851597645751,17
2020-03-20,-0.20249477129823515,1.4873311427528295,-0.2027922375267857,-0.20398210244098797,-0.2054694335837408,-0.20844409586924648,17
2020-04-20,-0.15446655567272857,0.7435925520262869,-0.15461527418313384,-0.15521014822475485,-0.15595374077678115,-0.15744092588083372,17
2020-05-18,-0.23900752172268586,0.7662971175166298,-0.2391607811461892,-0.2397738188402025,-0.24054011595771913,-0.24207271019275237,17
2020-06-16,0.14167114425774585,0.9220726234190126,0.14148672973306206,0.14074907163432684,0.13982699901090784,0.1379828537640698,17
2020-07-15,-0.014489128360116618,0.8547126436781609,-0.01466007088885225,-0.01534384100379478,-0.01619855364747294,-0.01790797893482926,17
2020-08-12,0.04145118198005721,1.1360591133004927,0.041223970157397115,0.04031512286675672,0.03917906375345623,0.036906945526855243,17
2020-09-10,-0.032617287774264446,0.9168571044495227,-0.032800659195154354,-0.03353414487871397,-0.03445100198316349,-0.036284716192062534,17
2020-10-08,0.044466857946363875,0.9983766233766234,0.04426718262168855,0.04346848132298725,0.04247010469961063,0.04047335145285738,17
2020-11-05,-0.33634552749494484,1.0555194805194805,-0.33655663139104874,-0.3374010469754643,-0.3384565664559838,-0.34056760541702275,17
2020-12-04,0.011309163383241137,1.2529772866789441,0.011058567925905349,0.010056186096562194,0.008803208809883249,0.0062972542365253605,17
2021-01-05,-0.1941983296222775,1.1419565462118655,-0.1944267209315199,-0.19534028616848936,-0.19648224271470124,-0.19876615580712498,17
2021-02-03,-0.04498557799015091,1.2083725798011513,-0.04522725250611114,-0.04619395056995206,-0.04740232314975321,-0.049819068309355515,17
2021-03-04,-0.020647251039981433,1.5669154228855722,-0.020960634124558546,-0.022214166462867006,-0.023781081885752578,-0.026914912731523723,17
2021-04-01,0.09744513172218938,1.2107843137254903,0.09720297485944428,0.09623434740846389,0.0950235630947384,0.09260199446728742,17
2021-04-30,0.05488923023127409,1.1274509803921569,0.054663740035195654,0.05376177925088193,0.05263432827048977,0.05037942630970546,17
2021-05-28,-0.1469224293008627,1.145077720207254,-0.14715144484490414,-0.14806750702106994,-0.1492125847412772,-0.15150274018169171,17
2021-06-28,0.1580183792618415,1.0476087996174082,0.15780885750191803,0.1569707704622241,0.1559231616626067,0.15382794406337189,17
2021-07-27,0.033809823819090465,0.9887613582018172,0.0336120715474501,0.032821062460888645,0.03183230110268683,0.029854778386283195,17
2021-08-24,-0.013534283418428002,0.9183354192740927,-0.01371795050228282,-0.014452618837702094,-0.015370954256976188,-0.017207625095524374,17
2021-09-22,0.022503772258691303,0.9672117875647669,0.02231032990117835,0.021536560471126537,0.020569348683561767,0.018634925108432236,17
2021-10-20,0.027170020995069512,0.9932534542314335,0.026971370304223224,0.02617676754083808,0.025183514086606646,0.023197007178143776,17
2021-11-17,0.11955402820213284,1.0405213787085517,0.11934592392639114,0.11851350682342429,0.11747298544471574,0.11539194268729863,17
2021-12-16,0.07099124181530127,1.0036322846001817,0.07079051535838123,0.06998760953070109,0.0689839772461009,0.06697671267690054,17
2022-01-14,0.07974399531251618,1.0349073233267454,0.07953701384785083,0.07870908798918944,0.07767418066586268,0.0756043660192092,17
2022-02-14,0.1496476180821242,0.8111237046632125,0.14948539334119157,0.148836494377461,0.14802537067279778,0.14640312326347135,17
2022-03-15,-0.03834641041867516,0.8761679612743443,-0.03852164401093003,-0.0392225783799495,-0.04009874634122385,-0.041851082263772536,17
2022-04-12,0.2642781877127675,0.6778175806007164,0.26414262419664736,0.2636003701321668,0.2629225525515661,0.26156691739036464,17
2022-05-11,-0.15835054688060204,0.8088454119592174,-0.1585123159629939,-0.15915939229256126,-0.15996823770452048,-0.16158592852843892,17
2022-06-09,-0.13915345956715605,0.7826794536471955,-0.1393099954578855,-0.13993613902080324,-0.14071881847445045,-0.14228417738174484,17
2022-07-11,-0.20282623354432816,0.9174949142691078,-0.203009732527182,-0.20374372845859726,-0.20466122337286638,-0.2064962132014046,17
2022-08-08,0.1545354007891051,0.6850915431560594,0.15439838248047388,0.15385030924594906,0.15316521770279298,0.15179503461648086,17
2022-09-06,-0.013653952692754845,0.6690986609019396,-0.013787772424935233,-0.014323051353656784,-0.014992150014558725,-0.016330347336362603,17
2022-10-04,0.09026931180127251,0.6851787271142109,0.09013227605584967,0.0895841330741583,0.08889895434704409,0.08752859689281567,17
2022-11-01,0.001868238938725772,0.6421098517872712,0.0017398169683683178,0.0012261290869385007,0.0005840192351512295,-0.0007002004684233129,17
2022-11-30,0.061569952169319625,0.8945414587788073,0.06139104387756386,0.06067541071054082,0.05978086925176201,0.0579917863342044,17
2022-12-29,-0.2093129845515504,0.7036707056307911,-0.20945371869267657,-0.2100166552571812,-0.21072032596281198,-0.21212766737407357,17
2023-01-30,0.03375094356235999,0.9931397006414825,0.033552315622231696,0.03275780386171851,0.031764664161077025,0.02977838475979406,17
2023-02-28,0.07590093434253514,0.9489581456794571,0.07571114271339925,0.07495197619685569,0.07400301805117623,0.07210510175981731,17
2023-03-28,0.016830652792837936,0.929030606439868,0.016644846671549963,0.015901622186398068,0.0149725915799582,0.013114530367078464,17
2023-04-26,-0.04239965119158469,0.8539936283991353,-0.04257044991726452,-0.043253644819983825,-0.04410763844838296,-0.04581562570518123,17
2023-05-24,0.0031009096946590913,1.0870165745856355,0.002883506379741964,0.0020138931200734556,0.0009268765454878204,-0.0012471566036834506,17
2023-06-23,-0.09700524452123556,0.9351351351351352,-0.09719227154826258,-0.09794037965637069,-0.09887551479150583,-0.1007457850617761,17
2023-07-24,0.03623078209839202,1.0324324324324325,0.03602429561190553,0.03519834966595959,0.03416591723352715,0.032101052368662286,17
2023-08-21,0.064846197981095,1.0310346875742455,0.06463999104358016,0.06381516329352076,0.06278412860594651,0.06072205923079802,17
2023-09-19,0.0915129512744047,0.7916201117318435,0.09135462725205834,0.09072133116267286,0.08992971105094101,0.08834647082747733,17
2023-10-17,0.0332739379722136,0.9026112610633356,0.03309341572000093,0.03237132671115026,0.03146871545008693,0.029663492927960257,17
2023-11-14,-0.1493322207305048,0.8040591675266597,-0.14949303256401014,-0.15013627989803147,-0.15094033906555812,-0.15254845740061146,17
2006-01-30,-0.00036460842059914816,0.9999999999999999,-0.0005646084205991481,-0.001364608420599148,-0.0023646084205991478,-0.004364608420599147,18
2006-02-28,-0.0014368818674264918,1.1072249589490968,-0.0016583268592163113,-0.0025441068263755886,-0.0036513317853246853,-0.005865781703222879,18
2006-03-28,0.047304782911606176,1.1762561576354678,0.04706953168007908,0.04612852675397071,0.04495227059633524,0.042599758281064305,18
2006-04-26,0.0033460823967571872,1.1027355827396157,0.0031255352802092642,0.0022433468140175715,0.0011406112312779557,-0.0010648599342012758,18
2006-05-24,0.03367741241721959,1.2448684953863536,0.03342843871814232,0.032432543921833236,0.031187675426446883,0.028697938435674177,18
2006-06-22,0.09037685909683367,0.8855690163831524,0.09019974529355704,0.08949129008045052,0.08860572106406736,0.08683458303130107,18
2006-07-21,-0.06473631732006467,0.8145484400656814,-0.0648992270080778,-0.06555086576013035,-0.06636541420019604,-0.06799451108032739,18
2006-08-18,-0.04628727203564278,0.956360946745562,-0.04647854422499189,-0.04724363298238834,-0.048199993929133905,-0.050112715822625026,18
2006-09-18,-0.03898583310820762,0.9622428853198084,-0.039178281685271585,-0.03994807599352743,-0.04091031887884724,-0.04283480464948686,18
2006-10-16,0.0022402037261092223,1.0584012697496572,0.002028523472159291,0.0011818024563595652,0.00012340118660990806,-0.001993401352889406,18
2006-11-13,-0.01337592397824063,1.061103896103896,-0.01358814475746141,-0.014437027874344527,-0.015498131770448422,-0.017620339562656216,18
2006-12-12,0.02482694389020725,1.0043506493506493,0.024626073760337118,0.023822593240856598,0.02281824259150595,0.02080954129280465,18
2007-01-12,-0.009674028520433017,1.0795805887888155,-0.009889944638190781,-0.010753609109221834,-0.011833189698010648,-0.01399235087558828,18
2007-02-12,0.034127449084657,1.1913841807909606,0.03388917224849881,0.03293606490386604,0.031744680723075076,0.02936191236149316,18
2007-03-13,0.0024384415985376673,1.047150411280846,0.002229011516281498,0.0013912911872568212,0.00034414077597597504,-0.0017501600465857172,18
2007-04-11,0.013238118499036503,1.0472385428907167,0.01302867079045836,0.012190879956145786,0.01114364141325507,0.009049164327473637,18
2007-05-09,0.012296480538131718,1.166539365452409,0.012063172665041236,0.01112994117267931,0.0099634018072269,0.007630323076322082,18
2007-06-07,0.023802226815173886,1.1433787591282847,0.023573551063348228,0.0226588480560456,0.021515469296917316,0.019228711778660746,18
2007-07-06,0.07531722600907886,1.1037200330669605,0.07509648200246548,0.07421350597601191,0.07310978594294494,0.07090234587681102,18
2007-08-03,-0.007636078350628978,1.1980986497657757,-0.007875698080582133,-0.008834177000394754,-0.01003227565016053,-0.012428472949692081,18
2007-08-31,0.060619078894041015,0.9121673588678665,0.06043664542226744,0.05970691153517315,0.05879474417630528,0.05697040945856955,18
2007-10-01,0.058423833978929404,1.0437112239142696,0.05821509173414655,0.05738012275501513,0.05633641153110087,0.054248989083272324,18
2007-10-29,0.10607875095923538,1.0439935064935064,0.10586995225793669,0.10503475745274188,0.10399076394624837,0.10190277693326136,18
2007-11-27,-0.02204374495051885,1.0488669888895863,-0.02225351834829677,-0.02309261193940844,-0.024141478928298023,-0.026239212906077197,18
2007-12-26,-0.021406308557844953,0.9870064653819597,-0.021603709850921346,-0.022393315023226914,-0.02338032148860887,-0.025354334419372793,18
2008-01-25,-0.02678890987902816,1.0385688658560892,-0.026996623652199375,-0.027827478744884247,-0.02886604761074034,-0.030943185342452516,18
2008-02-25,0.042611890549757135,0.9248554913294798,0.04242691945149124,0.041687035058427656,0.040762179567098177,0.03891246858443922,18
2008-03-25,0.03715193535707365,0.8226234190126479,0.036987410673271125,0.03632931193806101,0.035506688519048354,0.03386144168102306,18
2008-04-22,-0.001515151457056287,0.945532435740514,-0.0017042579442043898,-0.0024606838927968013,-0.0034062163285373155,-0.005297281200018343,18
2008-05-20,0.14131816998682342,0.7960693153000844,0.14115895612376342,0.14052210067152335,0.13972603135622325,0.1381338927256231,18
2008-06-18,-0.005277385115983167,0.861228515074669,-0.0054496308189981016,-0.006138613631057836,-0.0069998421461325054,-0.008722299176281843,18
2008-07-17,-0.09645088811406417,1.0162017469709779,-0.09665412846345837,-0.09746708986103515,-0.09848329160800613,-0.10051569510194809,18
2008-08-14,-0.0008613528288347414,0.8680821441002435,-0.00103496925765479,-0.001729434972934985,-0.0025975171170352284,-0.0043336814052357155,18
2008-09-12,0.17944220331306773,0.8680821441002436,0.17926858688424768,0.17857412116896748,0.17770603902486726,0.17596987473666675,18
2008-10-10,0.03804692154791866,0.9534591194968555,0.03785622972401929,0.037093462428421806,0.036140003308924945,0.03423308506993124,18
2008-11-07,0.10432208058860612,0.8679245283018868,0.10414849568294575,0.10345415606030424,0.10258623153200234,0.10085038247539857,18
2008-12-08,-0.2239286474562197,0.7750478927203065,-0.22408365703476377,-0.22470369534894002,-0.2254787432416603,-0.22702883902710094,18
2009-01-07,0.11154411633600017,0.6384615384615385,0.11141642402830787,0.11090565479753864,0.11026719325907709,0.10899027018215401,18
2009-02-05,0.16162696130723056,0.78125,0.16147071130723056,0.16084571130723055,0.16006446130723057,0.15850196130723057,18
2009-03-06,-0.4390408163675622,0.7470967741935484,-0.4391902357224009,-0.43978791314175575,-0.4405350099159493,-0.4420292034643364,18
2009-04-03,-0.3531826234042985,0.6934603174603174,-0.35332131546779055,-0.3538760837217588,-0.35456954403921914,-0.35595646467413977,18
2009-05-04,-0.10894958579983911,0.7644484345191337,-0.10910247548674294,-0.10971403423435824,-0.11047848266887739,-0.11200737953791565,18
2009-06-02,0.04559801245018627,0.7102261048304213,0.045455967229220184,0.04488778634535585,0.04417756024052543,0.042757108030864584,18
2009-06-30,-0.051460017297344715,0.7460945529290852,-0.05160923620793053,-0.0522061118502738,-0.05295220640320288,-0.05444439550906106,18
2009-07-29,-0.13451241556881735,0.7992700729927008,-0.13467226958341588,-0.13531168564181006,-0.13611095571480275,-0.13770949586078815,18
2009-08-26,-0.09614075521485499,0.8023668022104056,-0.09630122857529708,-0.0969431220170654,-0.0977454888192758,-0.09935022242369661,18
2009-09-24,-0.0012841023718947854,1.04092378271296,-0.0014922871284373774,-0.0023250261546077454,-0.0033659499373207055,-0.0054477975027466255,18
2009-10-22,0.032600469358181894,1.4061151079136691,0.03231924633659916,0.031194354250268223,0.029788239142354556,0.02697600892652722,18
2009-11-19,-0.026426739708226916,1.2875337129157927,-0.026684246450810075,-0.02771427342114271,-0.0290018071340585,-0.031576874559890084,18
2009-12-18,-0.08513993555492576,1.2383378283887723,-0.0853876031206035,-0.08637827338331452,-0.0876166112117033,-0.09009328686848085,18
2010-01-20,0.00996029697845532,1.245530519411827,0.009711190874572955,0.008714766459043493,0.007469235939631667,0.0049781749008080125,18
2010-02-18,-0.029809332439931974,1.2362631633823375,-0.03005658507260844,-0.03104559560331431,-0.03228185876669665,-0.03475438509346132,18
2010-03-18,-0.009409809526575113,1.2557789432789432,-0.009660965315230903,-0.010665588469854057,-0.011921367413132999,-0.014432925299690886,18
2010-04-16,0.00740083440790669,1.138014763014763,0.007173231455303738,0.006262819644891927,0.005124804881877164,0.0028487753558476383,18
2010-05-14,0.035483713351912013,1.3007030603804797,0.035223572739835916,0.034183010291531535,0.032882307231151056,0.030280901110390095,18
2010-06-14,-0.004046386287857975,1.0492142266335813,-0.004256229133184692,-0.005095600514491557,-0.006144814741125138,-0.008243243194392302,18
2010-07-13,0.0025960474463008138,1.011275743173982,0.0023937922976660173,0.0015847717031268317,0.0005734959599528497,-0.0014490555263951144,18
2010-08-10,0.03364057412078544,0.9409149935071422,0.03345239112208401,0.03269965912727829,0.03175874413377115,0.029876914146756868,18
2010-09-08,-0.05944285696690767,0.8526222500260661,-0.05961338141691288,-0.060295479216933734,-0.0611481014669598,-0.06285334596701193,18
2010-10-06,0.012999317044153184,1.0777002009943932,0.012783777003954305,0.01192161684315879,0.010843916642164398,0.008688516240175612,18
2010-11-03,0.018458885872762048,1.1917780061664955,0.01822053027152875,0.017267107866595553,0.016075329860429057,0.013691773848096066,18
2010-12-02,-0.06789161482036485,1.116938616938617,-0.06811500254375258,-0.06900855343730347,-0.07012549205424208,-0.07235936928811931,18
2010-12-31,0.005606478426397771,1.1666666666666665,0.005373145093064437,0.0044398117597311045,0.003273145093064438,0.0009398117597311049,18
2011-01-31,0.02767578048239272,1.1608751608751608,0.02744360545021769,0.02651490532151756,0.0253540301606424,0.023032279838892077,18
2011-03-01,0.0038569966866612362,1.097159288950854,0.0036375648288710653,0.002759837397710382,0.0016626781087595282,-0.0005316404691421799,18
2011-03-29,0.010518025609938598,1.1176470588235294,0.010294496198173892,0.00940037855111507,0.008282731492291539,0.0060474373746444805,18
2011-04-27,0.0033290393801181633,1.156862745098039,0.0030976668310985556,0.002172176635020124,0.0010153138899220851,-0.001298411600273993,18
2011-05-25,0.04864723799968633,1.2684563758389262,0.048393546724518545,0.047378781623847406,0.046110325248008475,0.04357341249633062,18
2011-06-23,-0.009869985236840916,0.9384803067270826,-0.010057681298186332,-0.010808465543568,-0.01174694585029508,-0.013623906463749247,18
2011-07-22,0.12127583322049137,1.064177413733008,0.12106299773774477,0.12021165580675837,0.11914747839302536,0.11701912356555934,18
2011-08-19,-0.027561264337990762,0.9978360280908052,-0.027760831543608925,-0.02855910036608157,-0.029556936394172374,-0.031552608450353986,18
2011-09-19,0.030643300895517988,0.7351380042462845,0.03049627329466873,0.029908162891271704,0.029173024887025417,0.02770274887853285,18
2011-10-17,-0.05489761283702318,0.6326530612244898,-0.05502414344926808,-0.055530265898247666,-0.05616291895947216,-0.057428225081921136,18
2011-11-14,0.07155529868406964,0.8415149843721271,0.07138699568719521,0.07071378369969751,0.06987226871532538,0.06818923874658113,18
2011-12-13,-0.08613226208492952,0.7532634675491818,-0.08628291477843936,-0.0868855255524787,-0.08763878902002789,-0.08914531595512624,18
2012-01-12,-0.07553976375498109,0.9193515704154,-0.07572363406906417,-0.07645911532539648,-0.07737846689581189,-0.07921717003664269,18
2012-02-10,0.05779357401920909,1.0746406371406372,0.057578645891780966,0.05671893338206846,0.05564429274492782,0.053495011470646545,18
2012-03-12,0.03634826960502011,0.9434349082098592,0.03615958262337814,0.03540483469681025,0.0344613997886004,0.032574529972180674,18
2012-04-10,0.03098773512317885,0.9501910353182368,0.030797696916115204,0.030037544087860614,0.029087353052542377,0.027186970981905905,18
2012-05-08,0.062158015430235136,0.9979885057471264,0.06195841772908571,0.061160026924488006,0.06016203841874088,0.05816606140724663,18
2012-06-06,-0.00010385266572746944,0.8731321839080461,-0.0002784791025090787,-0.0009769848496355156,-0.0018501170335435617,-0.003596381401359654,18
2012-07-05,0.0687969242369801,0.9122593718338399,0.06861447236261332,0.06788466486514626,0.06697240549331242,0.06514788674964474,18
2012-08-02,-0.09006062781153483,1.125937183383992,-0.09028581524821162,-0.09118656499491883,-0.09231250217830281,-0.0945643765450708,18
2012-08-30,0.00213423207964962,1.1395798783858486,0.0019063161039724504,0.0009946522012637714,-0.00014492767712207715,-0.0024240874338937743,18
2012-09-28,0.013456391829615952,0.9840932117527861,0.013259573187265394,0.012472298617863167,0.01148820540611038,0.009520018982604808,18
2012-10-26,0.006960593335294068,1.0267477203647417,0.006755243791221119,0.005933845614929326,0.004907097894564585,0.002853602453835101,18
2012-11-28,-0.0541253431709808,1.0,-0.0543253431709808,-0.0551253431709808,-0.0561253431709808,-0.058125343170980795,18
2012-12-27,-0.030626058476525723,0.9982528263103803,-0.0308257090417878,-0.031624311302836106,-0.032622564129146485,-0.034619069781767244,18
2013-01-28,0.037621943697329345,1.1399460593347317,0.0373939544854624,0.03648199763799461,0.03534205157865988,0.033062159459990415,18
2013-02-26,0.03033384379310251,1.1486486486486487,0.03010411406337278,0.029185195144453863,0.028036546495805212,0.025739249198507917,18
2013-03-26,0.016747366955031366,1.0675675675675675,0.01653385344151785,0.0156797993874638,0.01461223181989623,0.012477096684761095,18
2013-04-24,-0.05596256697778254,1.0795642581356866,-0.056178479829409676,-0.057042131235918225,-0.05812169549405392,-0.060280824010325286,18
2013-05-22,0.006910708119197723,1.2708167770419425,0.006656544763789334,0.0056398913421557804,0.004369074565113837,0.001827441011029952,18
2013-06-20,-0.023385613994487426,1.1846799116997793,-0.023622549976827383,-0.024570293906187205,-0.025754973817886984,-0.028124333641286543,18
2013-07-19,0.006686278098681147,1.1850703060380479,0.006449264037473537,0.005501207792643099,0.004316137486605051,0.0019459968745289555,18
2013-08-16,-0.0059596486738162004,1.2299834574028123,-0.0062056453652967625,-0.007189632131219013,-0.008419615588621825,-0.01087958250342745,18
2013-09-16,0.040935112155075996,1.039473684210526,0.04072721741823389,0.03989563847086547,0.03885616478665494,0.03677721741823389,18
2013-10-14,0.02528514413153468,1.0830999066293185,0.02506852415020882,0.024202044224905364,0.023118944318276043,0.020952744505017405,18
2013-11-11,-0.0015113271966633738,1.1901694655317843,-0.0017493610897697306,-0.0027014966621951584,-0.0038916661277269425,-0.006272005058790511,18
2013-12-10,-0.020298599462091147,1.2028985507246377,-0.020539179172236074,-0.021501498012815784,-0.022704396563540424,-0.025110193664989698,18
2014-01-09,0.011401933658777164,1.1349693251533743,0.011174939793746489,0.01026696433362379,0.009131995008470416,0.006862056358163667,18
2014-02-07,-0.02685373237603573,1.1547868119183322,-0.027084689738419394,-0.02800851918795406,-0.029163305999872394,-0.03147287962370906,18
2014-03-10,0.015234724091932161,1.1106856943961017,0.015012586953052942,0.01412403839753606,0.013013352703139958,0.010791981314347755,18
2014-04-07,0.042246032222398075,1.1812739296902195,0.04200977743646003,0.04106475829270786,0.039883484363017634,0.0375209365036372,18
2014-05-06,0.02232586721035789,1.0339802323064715,0.022119071163896595,0.021291886978051417,0.020257906745744948,0.018189946281132005,18
2014-06-04,-0.10280654009137968,0.9061798593446055,-0.1029877760632486,-0.10371271995072429,-0.10461889981006889,-0.10643125952875811,18
2014-07-02,0.014909226904724179,1.0345746622855057,0.014702311972267077,0.013874652242438673,0.012840077580153167,0.010770928255582155,18
2014-07-31,-0.021744429574984857,1.1435925520262868,-0.021973148085390116,-0.022888022127011146,-0.02403161467903743,-0.026318799783090006,18
2014-08-28,0.03300078161336789,0.9539049438738954,0.03281000062459311,0.032046876669494,0.0310929717256201,0.02918516183787231,18
2014-09-26,0.05500408237568781,0.960194252049996,0.05481204352527781,0.054043888123637814,0.05308369387158782,0.051163305367487824,18
2014-10-24,0.02052369640141673,0.9050686297063109,0.020342682675475468,0.01961862777171042,0.018713559142004108,0.016903421882591488,18
2014-11-21,0.07552762517357846,0.998428849319168,0.07532793940371463,0.07452919632425929,0.07353076747494013,0.07153390977630178,18
2014-12-22,0.07632004258377442,1.0705937522545272,0.07610592383332351,0.07524944883151989,0.07417885507926537,0.07203766757475631,18
2015-01-22,-0.10886740650562472,0.9865449823245076,-0.10906471550208963,-0.10985395148794923,-0.11084049647027373,-0.11281358643492276,18
2015-02-20,0.06561389783781281,1.065521064301552,0.0654007936249525,0.06454837677351126,0.06348285570920971,0.0613518135806066,18
2015-03-20,-0.0933089038079953,1.0341103507271172,-0.09351572587814072,-0.09434301415872241,-0.09537712450944953,-0.09744534521090377,18
2015-04-20,0.03138745431867486,1.0167522098659825,0.031184103876701664,0.030370702108808878,0.029353949898942893,0.02732044547921093,18
2015-05-18,0.036381933673820435,1.0162888508696892,0.0361786759036465,0.035365644822950744,0.03434935597208106,0.03231677827034168,18
2015-06-16,0.11314501253407742,0.9746578272027375,0.11295008096863687,0.11217035470687468,0.11119569687967194,0.10924638122526648,18
2015-07-15,0.08034275234550807,1.0101149425287357,0.08014072935700232,0.07933263740297933,0.0783225224604506,0.07630229257539313,18
2015-08-12,0.025084338295090023,1.0443021346469623,0.02487547786816063,0.024040036160443062,0.022995734025796098,0.020907129756502173,18
2015-09-10,-0.017509750315446708,0.7916463626870867,-0.017668079587984126,-0.018301396678133793,-0.019093043040820882,-0.020676335766195056,18
2015-10-08,0.004072082778848497,0.7347804391217565,0.003925126691024146,0.003337302339726741,0.0026025219006049843,0.0011329610223614712,18
2015-11-05,0.05979341247463014,0.9740518962075848,0.05959860209538862,0.058819360578422554,0.05784530868221497,0.055897204889799795,18
2015-12-04,-0.011093055282614547,0.8964214428286285,-0.011272339571180272,-0.011989476725443177,-0.012885898168271804,-0.014678741053929061,18
2016-01-05,0.13735684315901067,0.8704730229120474,0.13718274855442827,0.13648637013609863,0.13561589711318658,0.13387495106736247,18
2016-02-03,-0.1364426650837082,0.7906873614190688,-0.13660080255599202,-0.13723335244512727,-0.13802403980654634,-0.13960541452938446,18
2016-03-03,0.010988466643749226,0.8250018935090511,0.010823466265047417,0.010163464750240176,0.009338462856731124,0.007688459069713022,18
2016-04-01,-0.1446940135120171,0.7937500000000001,-0.14485276351201712,-0.14548776351201712,-0.1462815135120171,-0.14786901351201712,18
2016-04-29,0.02500591687018606,0.9292845911949685,0.02482005995194707,0.024076632278991095,0.023147347687796124,0.021288778505406187,18
2016-05-27,0.0390049610018961,0.8842846907093385,0.03882810406375423,0.03812067631118676,0.03723639162047742,0.03546782223905875,18
2016-06-27,-0.1281124188112161,0.9425274135419064,-0.12830092429392448,-0.129054946224758,-0.12999747363829992,-0.13188252846538373,18
2016-07-26,-0.07411470922569655,1.0852311939268462,-0.07433175546448191,-0.0751999404196234,-0.07628517161355024,-0.07845563400140393,18
2016-08-23,0.0009309331409824931,1.1099225519515374,0.0007089486305921857,-0.00017898941096904423,-0.0012889119629205816,-0.0035087570668236564,18
2016-09-21,-0.0032003296466484657,0.9861590368836746,-0.0033975614540252006,-0.00418648868353214,-0.0051726477204158145,-0.007144965794183164,18
2016-10-19,-0.019040656034062395,0.9541835841095454,-0.019231492750884305,-0.01999483961817194,-0.020949023202281487,-0.022857390370500576,18
2016-11-16,0.039104913309077866,1.2400146038700255,0.03885691038830386,0.03786489870520784,0.036624884101337817,0.03414485489359776,18
2016-12-15,-0.033139142023070445,1.1874347372084928,-0.03337662897051214,-0.034326576760278935,-0.03551401149748743,-0.03788888097190442,18
2017-01-17,0.029671442016996015,1.0693003828750436,0.029457581940421005,0.028602141634120972,0.02753284125124593,0.02539424048549584,18
2017-02-14,0.05602253030335433,1.0467498737464829,0.05581318032860503,0.054975780429607844,0.05392903055586136,0.0518355308083684,18
2017-03-15,-0.009229871149952992,1.1132165023731289,-0.009452514450427617,-0.010343087652326121,-0.01145630415469925,-0.013682737159445508,18
2017-04-12,0.018104625971590512,1.0105503279155974,0.01790251590600739,0.017094075643674916,0.016083525315759316,0.014062424659928123,18
2017-05-11,0.04051169147992168,1.088109495295124,0.04029406958086266,0.03942358198462656,0.03833547248933143,0.03615925349874118,18
2017-06-09,0.005004874582867042,1.0161819218705446,0.0048016381984929335,0.003988692660996497,0.002972510739125953,0.0009401468953848637,18
2017-07-10,0.010950894991996536,1.0827862347593968,0.010734337745044656,0.00986810875723714,0.008785322522477743,0.006619750052958949,18
2017-08-07,0.03269439044633606,1.1184257990044009,0.03247070528653518,0.03157596464733166,0.030457538848327262,0.028220687250318458,18
2017-09-05,-0.042918497674447366,0.9922764227642278,-0.04311695295900021,-0.04391077409721159,-0.04490305051997582,-0.04688760336550428,18
2017-10-03,0.07018847413726381,1.0942400912460792,0.0699696261190146,0.06909423404601774,0.06799999395477166,0.06581151377227949,18
2017-10-31,-0.0223839054392506,1.189870259481038,-0.022621879491146808,-0.023573775698731637,-0.024763645958212677,-0.027143386477174753,18
2017-11-29,-0.03982317128135878,1.146153846153846,-0.04005240205058955,-0.040969325127512626,-0.04211547897366647,-0.04440778666597416,18
2017-12-28,0.0013813221677479851,1.114733163059551,0.001158375535136075,0.0002665890046884341,-0.0008481441583711169,-0.003077610484490219,18
2018-01-29,0.0286665891883863,1.1494488506519693,0.028436699418255905,0.02751714033773433,0.02636769148708236,0.02406879378577842,18
2018-02-27,0.014915713617042579,1.0508132813550208,0.014705550960771575,0.013864900335687559,0.012814087054332537,0.010712460491622496,18
2018-03-27,-0.02748377889636526,0.9645781755856027,-0.02767669453148238,-0.028448357071950862,-0.029412935247536465,-0.03134209159870767,18
2018-04-25,-0.0017022407624244277,1.0658922110074271,-0.001915419204625913,-0.0027681329734318546,-0.003834025184439282,-0.005965809606454136,18
2018-05-23,-0.017517271024607983,0.9923040731281086,-0.017715731839233605,-0.01850957509773609,-0.0195018791708642,-0.02148648731712042,18
2018-06-21,0.031166606321319904,1.027012987012987,0.030961203723917308,0.030139593334306918,0.02911258034729393,0.027058554373267957,18
2018-07-20,0.032286146778764624,0.93012987012987,0.03210012080473865,0.03135601690863475,0.030425887038504885,0.028565627298245144,18
2018-08-17,0.03546452284195347,1.1596903860208623,0.035232584764749296,0.03430483245593261,0.033145142069911745,0.03082576129787002,18
2018-09-17,-0.00964817145676926,1.0733838283170554,-0.009862848222432672,-0.010721555285086316,-0.01179493911340337,-0.013941706770037482,18
2018-10-15,0.07659759684901563,1.1370008637299847,0.07637019667626962,0.07546059598528564,0.07432359512155566,0.07204959339409568,18
2018-11-12,0.02584224150592758,0.8420370739485749,0.025673834091137864,0.025000204431979006,0.02415816735803043,0.02247409321013328,18
2018-12-12,-0.05498627718191018,0.8284033727730178,-0.05515195785646478,-0.0558146805546832,-0.05664308392745622,-0.05829989067300225,18
2019-01-11,-0.03329630618078236,0.6711749788672866,-0.03343054117655582,-0.03396748115964965,-0.03463865613851693,-0.0359810060962515,18
2019-02-11,-0.007680640007045462,0.8372428853198084,-0.007848088584109424,-0.008517882892365271,-0.009355125777685078,-0.011029611548324696,18
2019-03-12,-0.0033031022920702985,0.835509703484597,-0.003470204232767218,-0.004138611995554896,-0.004974121699039493,-0.0066451411060086864,18
2019-04-09,0.02556580460377979,1.039920159680639,0.025357820571843662,0.02452588444409915,0.023485964284418515,0.021406123965057235,18
2019-05-08,0.14144326700966953,1.057955517536356,0.14123167590616226,0.14038531149213318,0.1393273559745968,0.1372114449395241,18
2019-06-06,-0.015785671950974606,0.9136786667628598,-0.01596840768432718,-0.016699350617737467,-0.017613029284500325,-0.019440386618026044,18
2019-07-05,0.07985070762923738,0.8802395209580838,0.07967465972504575,0.07897046810827929,0.0780902285873212,0.07632974954540504,18
2019-08-02,0.05556416571223777,1.035928143712575,0.05535698008349525,0.05452823756852519,0.05349230942481262,0.05142045313738747,18
2019-08-30,-0.09911737350534632,0.882520325203252,-0.09929387757038696,-0.09999989383054957,-0.10088241415575282,-0.10264745480615932,18
2019-09-30,-0.032108959522430446,0.920099559916312,-0.032292979434413706,-0.03302905908234676,-0.03394915864226307,-0.03578935776209569,18
2019-10-28,-0.02591700963542013,1.076473558906284,-0.026132304347201388,-0.026993483194326415,-0.0280699567532327,-0.030222903871045266,18
2019-11-25,-0.0944713240320132,1.1723180145732632,-0.09470578763492785,-0.09564364204658646,-0.09681596006115972,-0.09916059609030625,18
2019-12-24,0.0202675373049805,1.1620767033863728,0.020035121964303227,0.01910546060159413,0.017943383898207755,0.01561923049143501,18
2020-01-24,0.021541170007729052,1.1210050319597444,0.021316969001337102,0.020420164975769307,0.01929915994380956,0.017057149879890075,18
2020-02-24,0.07485880761971221,1.1322616407982262,0.07463235529155257,0.07372654597891398,0.07259428433811575,0.07032976105651931,18
2020-03-23,-0.16359293174485431,1.4327126688572471,-0.16387947427862576,-0.16502564441371156,-0.16645835708256881,-0.16932378242028331,18
2020-04-21,-0.14757813999882727,0.7256663015699159,-0.14772327325914125,-0.1483038063003972,-0.1490294726019671,-0.15048080520510693,18
2020-05-19,-0.20251053465396368,0.8101496896677619,-0.20267256459189723,-0.20332068434363143,-0.2041308340332992,-0.20575113341263473,18
2020-06-17,0.10311728993794253,0.9280565755473957,0.10293167862283305,0.10218923336239513,0.10126117678684773,0.09940506363575295,18
2020-07-16,0.0038970102772772166,0.8263054187192118,0.003731749193533374,0.0030707048585580047,0.002244399439838793,0.0005917886024003694,18
2020-08-13,0.0419646830690132,1.072807881773399,0.04175012149265852,0.0408918751872398,0.0398190673054664,0.0376734515419196,18
2020-09-11,-0.00022961302319916485,0.945960478558946,-0.00041880511891095407,-0.0011755735017581108,-0.002121533980317057,-0.004013454937434949,18
2020-10-09,0.03494272356792486,0.9410509031198686,0.03475451338730089,0.03400167266480499,0.03306062176168512,0.031178519955445388,18
2020-11-06,-0.31294086845748154,1.0043349753694581,-0.3131417354525554,-0.313945203432851,-0.31494953840822043,-0.3169582083589594,18
2020-12-07,-0.015293041310886725,1.2752608962553715,-0.015548093490137799,-0.016568302207142095,-0.017843563103397467,-0.020394084895908212,18
2021-01-06,-0.17439478566366662,1.1375661375661377,-0.17462229889117983,-0.17553235180123275,-0.17666991793879888,-0.17894505021393117,18
2021-02-04,-0.05746660423960631,1.2632860250699265,-0.0577192614446203,-0.05872989026467624,-0.05999317628974617,-0.06251974833988602,18
2021-03-05,-0.0558051888251025,1.588813358947835,-0.056122951496892066,-0.05739400218405034,-0.05898281554299817,-0.06216044226089384,18
2021-04-05,0.0998004631317632,1.2202018738529894,0.0995564227569926,0.09858026125791021,0.09736005938405723,0.09491965563635124,18
2021-05-03,-0.005028800563781216,1.0823432821404424,-0.005245269220209304,-0.0061111438459216585,-0.007193487128062101,-0.009358173692342986,18
2021-06-01,-0.12083557780206924,1.0556327119277817,-0.1210467043444548,-0.12189121051399703,-0.1229468432259248,-0.12505810864978037,18
2021-06-29,0.14940175880113998,0.9839789574366332,0.14920496300965266,0.14841777984370336,0.14743380088626673,0.14546584297139345,18
2021-07-28,0.056877543731805334,0.8956958393113343,0.05669840456394307,0.055981847892494,0.055086152053182666,0.05329476037456,18
2021-08-25,-0.023785397650010302,0.9343782000227558,-0.023972273290014855,-0.024719775850033057,-0.025654154050055816,-0.027522910450101325,18
2021-09-23,0.05763982541686348,0.9571337001228567,0.05744839867683891,0.056682691716740626,0.055725558016617764,0.053811290616372055,18
2021-10-21,0.056268693260257595,1.1176219219058812,0.05604516887587642,0.05515107133835171,0.05403344941644583,0.05179820557263407,18
2021-11-18,0.06658368251311858,1.1354166666666667,0.06635659917978524,0.06544826584645191,0.06431284917978525,0.062042015846451914,18
2021-12-17,0.16507400387334079,0.9777522568238876,0.16487845342197602,0.1640962516165169,0.163118499359693,0.16116299484604524,18
2022-01-18,-0.0007751388506802043,1.0607339351530367,-0.0009872856377108117,-0.001835872785833241,-0.002896606720986278,-0.005018074591292351,18
2022-02-15,0.1170903465949767,0.7997382198952878,0.11693039895099765,0.11629060837508141,0.11549087015518612,0.11389139371539556,18
2022-03-16,0.015687430167487363,0.9455583402951825,0.015498318499428327,0.014741871827192181,0.013796313486896998,0.011905196806306632,18
2022-04-13,0.22493590199901672,0.7526450698080279,0.22478537298505513,0.2241832569292087,0.22343061185940066,0.2219253217197846,18
2022-05-12,-0.03409749084182268,0.8255617364746946,-0.03426260318911762,-0.03492305257829738,-0.035748614314772074,-0.03739973778772146,18
2022-06-10,-0.19333320033801057,0.741951770016631,-0.1934815906920139,-0.1940751521080272,-0.19481710387804382,-0.1963010074180771,18
2022-07-12,-0.15207335851473766,0.8580645161290323,-0.15224497141796348,-0.15293142303086668,-0.15378948754699573,-0.1555056165792538,18
2022-08-09,0.09065203873107709,0.7012496367335077,0.09051178880373038,0.08995078909434358,0.08924953945761008,0.08784704018414306,18
2022-09-07,0.014048929553849693,0.6636341800276226,0.013916202717844169,0.01338529537382207,0.012721661193794448,0.011394392833739202,18
2022-10-05,0.12205254053247372,0.6943595769682727,0.12191366861708007,0.12135818095550545,0.12066382137853718,0.11927510222460062,18
2022-11-02,-0.06287381807885127,0.6564629847238543,-0.06300511067579605,-0.06353028106357513,-0.06418674404829898,-0.06549967001774669,18
2022-12-01,0.06034233599216856,0.9060223266745006,0.06016113152683366,0.05943631366549406,0.05853029133881956,0.056718246685470555,18
2022-12-30,-0.21613619412748755,0.7704171562867215,-0.2162902775587449,-0.21690661128377428,-0.21767702844006098,-0.21921786275263444,18
2023-01-31,0.06984015483365008,0.9546027742749056,0.0696492342787951,0.06888555205937517,0.06793094928510027,0.06602174373655045,18
2023-03-01,0.03050416217812175,0.970936167657479,0.030309974944590257,0.02953322601046427,0.028562289842806794,0.026620417507491834,18
2023-03-29,0.042522282479424946,0.9078677892820571,0.042340708921568534,0.04161441469014289,0.040706546900860834,0.038890811322296714,18
2023-04-27,-0.013495196809370091,0.8166742519057913,-0.01365853165975125,-0.014311871061275882,-0.015128545313181673,-0.016761893816993258,18
2023-05-25,-0.040942702644311234,0.9814711359404097,-0.041138996871499314,-0.04192417378025164,-0.04290564491619205,-0.04486858718807287,18
2023-06-26,-0.0826609985515007,0.9081672858268605,-0.08284263200866608,-0.08356916583732757,-0.08447733312315443,-0.08629366769480815,18
2023-07-25,0.03442098685884614,1.0675166047506475,0.03420748353789601,0.03335347025409549,0.03228595364934485,0.03015092043984355,18
2023-08-22,0.06401788352259112,1.0205772811918064,0.06381376806635276,0.06299730624139932,0.061976728960207506,0.0599355743978239,18
2023-09-20,0.09553588307864568,0.8250155183116077,0.09537087997498335,0.09471086756033406,0.09388585204202246,0.09223582100539925,18
2023-10-18,-0.019572131885128664,0.8633795744146632,-0.0197448078000116,-0.020435511459543327,-0.02129889103395799,-0.023025650182787318,18
2023-11-15,-0.1547406158072841,0.8812049503603971,-0.15491685679735617,-0.1556218207576445,-0.1565030257080049,-0.1582654356087257,18
2006-01-31,-0.00633858822532506,1.0,-0.0065385882253250595,-0.00733858822532506,-0.00833858822532506,-0.01033858822532506,19
2006-03-01,-0.0011246445596793738,1.2048275862068967,-0.0013656100769207531,-0.0023294721458862705,-0.003534299732093167,-0.00594395490450696,19
2006-03-29,0.023530990475033948,1.1475533661740558,0.023301479801799137,0.022383437108859892,0.021235883742685837,0.018940777010337723,19
2006-04-27,0.009308675332215289,1.1433996504906572,0.009079995402117158,0.008165275681724631,0.007021876031233974,0.00473507673025266,19
2006-05-25,0.039651911257533964,1.1998305191136778,0.03941194515371123,0.03845208073842029,0.03725225021930661,0.03485258918107925,19
2006-06-23,0.08111588714502663,0.8744272173749295,0.08094100170155163,0.08024145992765169,0.07936703271027677,0.0776181782755269,19
2006-07-24,-0.03682982187347472,0.8306757026111221,-0.036995957013996945,-0.03766049757608585,-0.038491173278696965,-0.04015252468391921,19
2006-08-21,-0.046382761523738714,0.926669484361792,-0.04656809542061107,-0.047309431008100505,-0.0482361004924623,-0.05008943946118588,19
2006-09-19,-0.040772746525972695,0.9682064442543485,-0.04096638781482356,-0.04174095297022704,-0.04270915941448139,-0.044645572302990086,19
2006-10-17,-0.018477828315062575,0.9983767404949139,-0.01867750366316156,-0.01947620505555749,-0.020474581796052403,-0.02247133527704223,19
2006-11-14,0.002410633451195065,1.1125324675324675,0.0021881269576885715,0.0012981009836625975,0.00018556851613013006,-0.002039496418934805,19
2006-12-13,0.018073705915449496,1.0613311688311688,0.01786143968168326,0.017012374746618326,0.01595104357778716,0.01382838124012482,19
2007-01-16,-0.022195673631446575,1.0988372093023253,-0.02241544107330704,-0.0232945108407489,-0.024393348050051226,-0.026591022468655877,19
2007-02-13,0.02308931734583531,1.152542372881356,0.02285880887125904,0.021936774972953953,0.0207842326000726,0.018479147854309888,19
2007-03-14,-0.0029130623583239097,1.0846556233653009,-0.00312999348299697,-0.00399771798168921,-0.005082373605054511,-0.007251684851785113,19
2007-04-12,0.020039838330560937,1.0146469049694857,0.01983690894956704,0.01902519142559145,0.018010544520621966,0.015981250710682994,19
2007-05-10,-0.0010482150786947104,1.1847826086956523,-0.0012851716004338408,-0.002232997687390363,-0.003417780296086015,-0.00578734551347732,19
2007-06-08,0.02189887179271905,1.137387643645466,0.02167139426398996,0.020761484149073584,0.019624096505428117,0.017349321218137186,19
2007-07-09,0.07891842495219867,1.099081035923141,0.07869860874501404,0.07781934391627553,0.07672026288035239,0.0745221008085061,19
2007-08-06,-0.02467522845483264,1.2219613557858375,-0.02491962072598981,-0.02589718981061848,-0.027119151166404315,-0.029563073877975993,19
2007-09-04,0.044328309705775344,0.8862270796643531,0.04415106428984247,0.04344208262611099,0.04255585554644664,0.04078340138711793,19
2007-10-02,0.06565448715321374,1.1305293691080494,0.06542838127939213,0.06452395778410569,0.06339342841499765,0.061132369676781546,19
2007-10-30,0.09210191932866975,1.0383116883116883,0.09189425699100741,0.09106360764035806,0.09002529595204638,0.08794867257542299,19
2007-11-28,0.008066996115991078,1.0768627204820789,0.007851623571894662,0.006990133395508999,0.00591327067502692,0.0037595452340627618,19
2007-12-27,-0.062402329641242225,1.0655639947272613,-0.06261544244018767,-0.06346789363596948,-0.06453345763069675,-0.06666458562015128,19
2008-01-28,-0.014268314410435533,1.055665024630542,-0.014479447415361642,-0.015323979435066075,-0.016379644459696616,-0.018490974508957703,19
2008-02-26,0.07228794556293966,0.8774055829228242,0.07211246444635509,0.07141053998001684,0.07053313439709401,0.06877832323124836,19
2008-03-26,0.038013559607825945,0.82265741874065,0.03784902812407782,0.037190902189085294,0.03636824477034464,0.03472292993286334,19
2008-04-23,0.00578579916215358,0.910546715626275,0.005603689819028325,0.004875252446527305,0.00396470573090103,0.00214361229964848,19
2008-05-21,0.11979432777495903,0.7304170188785574,0.11964824437118332,0.11906391075608047,0.11833349373720192,0.1168726596994448,19
2008-06-19,0.00873359644080054,0.7482037193575656,0.008583955696929027,0.007985392721442974,0.007237189002085409,0.005740781563370278,19
2008-07-18,-0.10753950005533235,1.0414201183431953,-0.10774778407900099,-0.10858092017367554,-0.10962234029201874,-0.11170518052870512,19
2008-08-15,0.051125450100618,0.8520710059171597,0.05095503589943457,0.050273379094700844,0.049421308088783686,0.04771716607694936,19
2008-09-15,0.13126895681273862,0.8435122569737954,0.13110025436134387,0.13042544455576482,0.12958193229879103,0.12789490778484344,19
2008-10-13,0.1271092082531692,1.0033704461107322,0.12690853416394707,0.12610583780705847,0.12510246736094774,0.12309572646872628,19
2008-11-10,0.07169501914892093,0.8737029463000834,0.07152027855966091,0.07082131620262085,0.06994761325632076,0.0682002073637206,19
2008-12-09,-0.23389435921613086,0.7420337628608531,-0.23404276596870302,-0.23463639297899172,-0.23537842674185255,-0.23686249426757428,19
2009-01-08,0.10595833571724328,0.5981796829125074,0.10583869978066078,0.10536015603433077,0.10476197635141826,0.10356561698559325,19
2009-02-06,0.17771806065131196,0.6981422244094488,0.17757843220643008,0.1770199184269025,0.17632177620249306,0.17492549175367417,19
2009-03-09,-0.4289633509223597,0.7712903225806451,-0.42911760898687584,-0.4297346412449404,-0.430505931567521,-0.4320485122126823,19
2009-04-06,-0.3498519243065658,0.7839999999999999,-0.3500087243065658,-0.3506359243065658,-0.3514199243065658,-0.3529879243065658,19
2009-05-05,-0.06415219459864702,0.766113875069099,-0.06430541737366084,-0.06491830847371612,-0.06568442234878522,-0.06721665009892341,19
2009-06-03,0.02116910252191743,0.6906474820143885,0.021030973025514554,0.020478455039903042,0.019787807557888653,0.018406512593859878,19
2009-07-01,-0.08429616463404353,0.7050359712230215,-0.08443717182828814,-0.08500120060526656,-0.08570623657648957,-0.08711630851893562,19
2009-07-30,-0.11207177362324569,0.7312091503267975,-0.11221801545331105,-0.1128029827735725,-0.11353419192389928,-0.11499661022455288,19
2009-08-27,-0.09789750731100424,0.8302655241722203,-0.09806356041583869,-0.09872777283517646,-0.09955803835934869,-0.10121856940769312,19
2009-09-25,0.014434618880294861,1.0339574738178356,0.014227827385531295,0.013400661406477025,0.01236670393265919,0.010298788985023517,19
2009-10-23,0.008954092998798874,1.4061664953751283,0.008672859699723848,0.007547926503423745,0.006141760008048617,0.003329427017298361,19
2009-11-20,-0.04178096662990132,1.2381879932074717,-0.042028604228542814,-0.04301915462310879,-0.04425734261631627,-0.046733718602731206,19
2009-12-21,-0.08855731006196657,1.2383378283887723,-0.08880497762764432,-0.08979564789035534,-0.09103398571874412,-0.09351066137552166,19
2010-01-21,0.0045801668996535904,1.2324495491627308,0.004333676989821044,0.0033477173504908595,0.002115267801328129,-0.00034963129699733253,19
2010-02-19,-0.022218391350679347,1.2001355437389218,-0.022458418459427133,-0.02341852689441827,-0.02461866243815719,-0.027018933525635034,19
2010-03-19,-0.03084090970862909,1.2227420466857086,-0.03108545811796623,-0.032063651755314795,-0.033286393802000505,-0.035731877895371925,19
2010-04-19,0.028623872459057214,1.1300287356321839,0.028397866711930776,0.02749384372342503,0.026363814987792847,0.02410375751652848,19
2010-05-17,0.014993140808738965,1.2490488006617038,0.014743331048606624,0.01374409200807726,0.012495043207415558,0.009996945606092149,19
2010-06-15,0.021518441208849867,1.0234077750206783,0.021313759653845733,0.02049503343382919,0.01947162565880851,0.017424810108767154,19
2010-07-14,0.014343132160147851,1.0043332401453733,0.014142265512118777,0.013338798920002478,0.012334465679857104,0.010325799199566358,19
2010-08-11,0.017701775133587897,0.9338727399860153,0.017515000585590693,0.01676790239360188,0.015834029653615866,0.013966284173643836,19
2010-09-09,-0.05520595465031611,0.8736379985189886,-0.05538068225001991,-0.056079592648835094,-0.05695323064735409,-0.05870050664439206,19
2010-10-07,-0.009841789810998801,1.0925632074473712,-0.010060302452488276,-0.010934353018446172,-0.012026916225893544,-0.014212042640788286,19
2010-11-04,0.025086836450420633,1.190273556231003,0.02484878173917443,0.023896562894189628,0.022706289337958627,0.020325742225496622,19
2010-12-03,-0.07320652596885233,1.046911421911422,-0.07341590825323462,-0.07425343739076375,-0.07530034881267517,-0.07739417165649802,19
2011-01-03,0.03229087445574162,1.10994560994561,0.0320688853337525,0.031180928845796013,0.0300709832358504,0.027851092015959183,19
2011-02-01,0.04499082728253872,1.0854344277163068,0.04477374039699546,0.04390539285482241,0.042819958427106106,0.04064908957167349,19
2011-03-02,-0.010237658064678221,1.1367636807249912,-0.010465010800823219,-0.011374421745403212,-0.012511185426128203,-0.014784712787578185,19
2011-03-30,0.021908484942052556,1.1624957000343996,0.021675985802045678,0.020745989242018155,0.019583493541983757,0.017258502141914957,19
2011-04-28,0.010934991443553631,1.1756105951152391,0.010699869324530584,0.009759380848438392,0.008583770253323153,0.006232549063092675,19
2011-05-26,0.050477786827379224,1.2321700223713645,0.05023135282290495,0.04924561680500786,0.0480134467826365,0.045549106737893766,19
2011-06-24,-0.014184122158502994,0.9980829557337052,-0.014383738749649735,-0.015182205114236699,-0.016180288069970405,-0.018176453981437815,19
2011-07-25,0.09719884015254637,1.1037818055071456,0.09697808379144494,0.09609505834703923,0.09499127654153208,0.09278371293051779,19
2011-08-22,-0.01256620856004616,1.1451902662093745,-0.012795246613288035,-0.013711398826255534,-0.014856589092464909,-0.017146969624883657,19
2011-09-20,-0.022896006349988094,0.7544912624530458,-0.023046904602478702,-0.02365049761244114,-0.024404988874894187,-0.025913971399800277,19
2011-10-18,-0.027185468645088383,0.610636146350432,-0.027307595874358468,-0.027796104791438816,-0.028406740937789245,-0.02962801323049011,19
2011-11-15,0.0838001590893408,0.7870932156646443,0.08364274044620787,0.08301306587367616,0.08222597265801151,0.08065178622668222,19
2011-12-14,-0.10252387640783298,0.6852822209965066,-0.10266093285203227,-0.10320915862882948,-0.10389444084982599,-0.10526500529181901,19
2012-01-13,-0.07490860325562175,1.012310030395137,-0.07511106526170078,-0.07592091328601688,-0.07693322331641203,-0.0789578433772023,19
2012-02-13,0.04531757082310323,1.0466200466200466,0.04510824681377922,0.04427095077648319,0.04322433072986314,0.04113109063662305,19
2012-03-13,0.04769998489788158,0.8749417575249276,0.0475249965463766,0.046825043140356654,0.045950101382831725,0.044200217867781874,19
2012-04-11,0.030131715049211284,0.9229801509644953,0.029947119019018385,0.02920873489824679,0.028285754747282295,0.026439794445353302,19
2012-05-09,0.07380084857946204,1.0117337164750957,0.07359850183616702,0.07278911486298693,0.07177738114651185,0.06975391371356165,19
2012-06-07,0.006931615815214981,0.9007183908045977,0.006751472137054061,0.006030897424410383,0.005130179033605785,0.0033287422519965902,19
2012-07-06,0.028965854771578172,0.9981256332320162,0.02876622964493177,0.027967729138346158,0.02696960350511414,0.024973352238650107,19
2012-08-03,-0.07725563298045504,1.1828267477203647,-0.07749219832999911,-0.07843845972817541,-0.07962128647589577,-0.0819869399713365,19
2012-08-31,0.008749065586286157,1.0866557734204791,0.00853173443160206,0.007662409812865678,0.0065757540394451985,0.004402442492604241,19
2012-10-01,0.013560931505767235,0.969807497467072,0.01336697000627382,0.012591124008300163,0.01162131651083309,0.009681701515898948,19
2012-10-31,-0.01198775550404768,1.0695035460992908,-0.012201656213267537,-0.01305725905014697,-0.014126762596246262,-0.016265769688444842,19
2012-11-29,-0.04475805332267851,0.9830546515542588,-0.04495466425298936,-0.04574110797423277,-0.046724162625787026,-0.048690271928895544,19
2012-12-28,-0.02243722656534536,1.0,-0.022637226565345357,-0.02343722656534536,-0.02443722656534536,-0.02643722656534536,19
2013-01-29,0.02675527482848081,1.1460159558751108,0.02652607163730579,0.0256092588726057,0.02446324291673059,0.022171211004980367,19
2013-02-27,0.040818587836281284,1.167105024487575,0.040585166831383766,0.03965148281179371,0.03848437778730614,0.036150167738330984,19
2013-03-27,0.005408108086345426,0.9644476691456558,0.005215218552516295,0.00444366041719977,0.003479212748054114,0.001550317409762802,19
2013-04-25,-0.04811572969523426,1.1136238279095423,-0.04833845446081617,-0.0492293535231438,-0.05034297735105335,-0.05257022500687243,19
2013-05-23,-0.00016727512680234004,1.270860927152318,-0.00042144731223280366,-0.001438136053954658,-0.002708996981106976,-0.005250718835411612,19
2013-06-21,-0.014217618943193717,1.1910816777041942,-0.014455835278734556,-0.015408700620897912,-0.016599782298602105,-0.018981945654010495,19
2013-07-22,0.011172090440830599,1.1345622119815668,0.010945177998434285,0.010037528228849032,0.008902966016867464,0.006633841592904331,19
2013-08-19,-0.015331243790174738,1.1860075408462505,-0.015568445298343989,-0.01651725133102099,-0.017703258871867238,-0.02007527395355974,19
2013-09-17,0.03568498956092744,1.0248780062739629,0.035480013959672645,0.034660111554653476,0.03363523354837951,0.03158547753583159,19
2013-10-15,0.01668846821436019,1.0955173858399663,0.016469364737192196,0.015592950828520224,0.014497433442680258,0.012306398671000324,19
2013-11-12,-0.007996541900783402,1.2026685070163332,-0.008237075602186669,-0.009199210407799736,-0.010401878914816068,-0.012807215928848734,19
2013-12-11,-0.023788382808260945,1.178130511463845,-0.024024008910553715,-0.02496651331972479,-0.026144643831188634,-0.028500904854116323,19
2014-01-10,0.0045949374783129816,1.1453688463265,0.004365863709047682,0.0034495686319864815,0.0023041997856599818,1.3462093006982e-05,19
2014-02-10,-0.008634263552759688,1.1437020810514786,-0.008863003968969984,-0.009777965633811166,-0.010921667714862646,-0.013209071876965604,19
2014-03-11,-0.007256859330463151,1.1698572920292376,-0.007490830788868998,-0.008426716622492388,-0.009596573914521626,-0.0119362884985801,19
2014-04-08,0.0662124922956572,1.1813087365123565,0.06597623054835473,0.06503118355914485,0.06384987482263249,0.06148725734960778,19
2014-05-07,-0.02187965662919958,1.045848062910324,-0.022088826241781642,-0.022925504692109903,-0.023971352755020228,-0.026063048880840874,19
2014-06-05,-0.08692135522750773,0.9064417177914109,-0.08710264357106601,-0.08782779694529914,-0.08873423866309055,-0.09054712209867337,19
2014-07-03,0.033286901363913865,1.0645335834355385,0.03307399464722676,0.03222236778047833,0.031157834197042787,0.02902876703017171,19
2014-08-01,-0.030215808622418752,1.1306543539427172,-0.030441939493207296,-0.03134646297636147,-0.03247711733030419,-0.03473842603818962,19
2014-08-29,0.032156523632398154,0.9345722808997824,0.031969609176218196,0.03122195135149837,0.03028737907059859,0.028418234508799024,19
2014-09-29,0.055947356405599925,1.0106425864710151,0.05574522788830572,0.05493671381912891,0.05392607123265789,0.051904786059715866,19
2014-10-27,0.0025237225359246006,0.8988574495820874,0.0023439510460081833,0.0016248650863425133,0.0007260076367604259,-0.0010717072624037488,19
2014-11-24,0.06962913168691949,0.9924611973392461,0.06943063944745165,0.06863667048958025,0.06764420929224099,0.06565928689756251,19
2014-12-23,0.08786182055915072,1.0946901377966958,0.08764288253159137,0.08676713042135402,0.08567244028355733,0.08348306000796393,19
2015-01-23,-0.08369822945960302,0.9563884279633506,-0.08388950714519569,-0.08465461788756637,-0.08561100631552972,-0.08752378317145643,19
2015-02-23,0.04408963643239716,0.986289726533629,0.04389237848709043,0.043103346705863535,0.0421170569793299,0.04014447752626264,19
2015-03-23,-0.06985585476950683,1.0339366515837103,-0.07006264209982357,-0.07088979142109054,-0.07192372807267425,-0.07399160137584167,19
2015-04-21,0.026192152479381725,1.0283327532196311,0.0259864859287378,0.025163819726162093,0.024135486972942464,0.022078821466503203,19
2015-05-19,0.027533723227187716,1.0402053036783576,0.027325682166452044,0.026493517923509357,0.025453312619831,0.023372902012474286,19
2015-06-17,0.12700892252667087,0.9507057313943542,0.126818781380392,0.1260582167952765,0.12510751106388215,0.12320609960109345,19
2015-07-16,0.08395262765102006,1.0215106732348112,0.0837483255163731,0.08293111697778525,0.08190960630455044,0.07986658495808081,19
2015-08-13,0.020297692743419766,1.1476518883415436,0.020068162365751457,0.019150040855078224,0.018002388966736678,0.01570708519005359,19
2015-09-11,-0.040253334798591126,0.7857988165680474,-0.040410494561904736,-0.04103913361515917,-0.04182493243172722,-0.04339653006486331,19
2015-10-09,-0.006791130870317736,0.8172931245941852,-0.006954589495236573,-0.007608423994911921,-0.008425717119506106,-0.010060303368694477,19
2015-11-06,0.10025539725098212,0.9680282292557743,0.10006179160513097,0.09928736902172634,0.09831934079247057,0.09638328433395903,19
2015-12-07,0.00209461973157751,0.9383019674935842,0.0019069593380787934,0.001156317764083926,0.00021801579659034187,-0.0016585881383968265,19
2016-01-06,0.06443988557721118,0.8574367798892712,0.06426839822123333,0.06358244879732192,0.06272501201743264,0.0610101384576541,19
2016-02-04,-0.10201962572672595,0.7710609007930569,-0.10217383790688456,-0.102790686627519,-0.10356174752831206,-0.10510386932989818,19
2016-03-04,0.016093564432374582,0.8004620162084374,0.015933472029132895,0.015293102416166144,0.014492640399957707,0.012891716367540832,19
2016-04-04,-0.1252167791917317,0.7921195652173914,-0.12537520310477515,-0.12600889875694907,-0.12680101832216648,-0.12838525745260126,19
2016-05-02,0.0040446018046818456,0.9293632075471698,0.0038587291631724118,0.0031152385971346757,0.002185875389587506,0.00032714897449316604,19
2016-05-31,0.028651218274968183,0.9160496775734416,0.028468008339453496,0.027735168597394742,0.0268191189198213,0.024987019564674418,19
2016-06-28,-0.11522094793253038,1.0412240011970673,-0.11542919273276979,-0.11626217193372744,-0.11730339593492452,-0.11938584393731864,19
2016-07-27,-0.04090493572438017,1.2006957953015114,-0.04114507488344047,-0.042105631519681684,-0.04330632731498319,-0.04570771890558622,19
2016-08-24,-0.019997468989914106,1.0793478260869565,-0.020213338555131497,-0.021076816816001064,-0.02215616464208802,-0.02431486029426193,19
2016-09-22,0.0017881229811980066,1.02360248447205,0.0015834024843035966,0.0007645204967259567,-0.00025908198774609323,-0.002306286956690193,19
2016-10-20,0.000813330283254296,1.0235849056603774,0.0006086133021222205,-0.00021025462240608131,-0.0012338395280664586,-0.0032810093393872133,19
2016-11-17,0.024439205871356805,1.226570954476589,0.024193891680461488,0.023212634916880217,0.021986063962403626,0.019532922053450447,19
2016-12-16,-0.01831920244592667,1.134110685694396,-0.01854602458306555,-0.019453313131621068,-0.020587423817315462,-0.022855645188704254,19
2017-01-18,-0.004716798720472233,1.1342847198050818,-0.00494365566443325,-0.0058510834402773155,-0.0069853681600823975,-0.00925393759969256,19
2017-02-15,0.04423632415987099,1.034866739686017,0.044029350811933786,0.043201457420184976,0.04216659068049896,0.04009685720112692,19
2017-03-16,-0.0035724356647644567,1.1617378605330413,-0.003804783236871065,-0.004734173525297498,-0.00589591138583054,-0.008219387106896622,19
2017-04-13,0.009462483641605814,1.0045811990476876,0.009261567401796277,0.008457902442558127,0.007453321243510439,0.005444158845415064,19
2017-05-12,0.02810581422937773,1.1112637362637363,0.02788356148212498,0.026994550493113993,0.025883286756850254,0.023660759284322784,19
2017-06-12,0.011516163824654245,1.0461397576782192,0.011306935873118602,0.010470024066976027,0.009423884309297807,0.007331604793941369,19
2017-07-11,0.020875165915546532,0.9862723621759767,0.020677911443111336,0.019888893553370555,0.01890262119119458,0.016930076466842626,19
2017-08-08,0.011460824938293325,1.0828769623950347,0.011244249545814317,0.01037794797589829,0.009295071013503256,0.007129317088713186,19
2017-09-06,-0.044054990160288916,1.0121951219512197,-0.04425742918467916,-0.04506718528224014,-0.04607938040419136,-0.0481037706480938,19
2017-10-04,0.0711966285552969,1.1001924721984602,0.07097659006085721,0.07009643608309844,0.06899624361089998,0.06679585866650306,19
2017-11-01,-0.03127157359515455,1.0880738522954092,-0.03148918836561363,-0.03235964744744996,-0.03344772129974537,-0.03562386900433619,19
2017-11-30,-0.022418196618722696,1.1756352245040027,-0.022653323663623496,-0.0235938318432267,-0.024769467067730703,-0.027120737516738706,19
2017-12-29,0.009666893350475301,0.9986060111519108,0.00946717214824492,0.00866828733932339,0.007669681328171479,0.005672469305867658,19
2018-01-30,0.0267670273323009,1.1445328437372502,0.02653812076355345,0.02562249448856365,0.0244779616448264,0.0221888959573519,19
2018-02-28,0.005927327715252685,1.0508468880225836,0.005717158337648168,0.004876480827230101,0.0038256339392075175,0.0017239401631623501,19
2018-03-28,-0.015873265517129333,1.0225988700564972,-0.016077785291140633,-0.016895864387185832,-0.017918463257242327,-0.01996366099735532,19
2018-04-26,0.004826181589777165,1.0282485875706215,0.004620531872263041,0.003797933002206544,0.002769684414635922,0.000713187239494679,19
2018-05-24,-0.014037813086995393,1.1090031279749764,-0.014259613712590389,-0.01514681621497037,-0.016255819342945347,-0.0184738255988953,19
2018-06-22,0.0201851981812469,1.0897402597402597,0.01996725012929885,0.01909545792150664,0.018005717661766382,0.015826237142285864,19
2018-07-23,0.021512649086509485,0.9414610389610388,0.02132435687871728,0.020571188047548445,0.019629727008587408,0.01774680493066533,19
2018-08-20,0.021374449045017965,1.1481629127632713,0.02114481646246531,0.020226286132254693,0.019078123219491424,0.01678179739396488,19
2018-09-18,0.019071870326182072,1.0559431267025448,0.018860681700841563,0.018015927199479528,0.016959984072776983,0.014848097819371893,19
2018-10-16,0.08889975377257706,0.9540229885057472,0.0887089491748759,0.08794573078407131,0.08699170779556556,0.08508366181855406,19
2018-11-13,0.049049289044273844,0.7701149425287357,0.0488952660557681,0.048279174101745106,0.047509059159216376,0.0459688292741589,19
2018-12-13,-0.08421102769299575,0.7756697946416429,-0.08436616165192408,-0.08498669748763739,-0.08576236728227904,-0.08731370687156233,19
2019-01-14,-0.05084830983262589,0.6991374394069005,-0.050988137320507276,-0.051547447272032795,-0.0522465847114397,-0.053644859590253495,19
2019-02-12,-0.00606445916129113,0.8778870829769032,-0.00624003657788651,-0.006942346244268033,-0.007820233327244937,-0.009576007493198743,19
2019-03-13,-0.012752976513094271,0.8895462087872448,-0.01293088575485172,-0.013642522721881515,-0.014532068930668761,-0.01631116134824325,19
2019-04-10,0.04017872841747483,0.9559555587619941,0.03998753730572243,0.03922277285871283,0.038266817299950844,0.03635490618242685,19
2019-05-09,0.13706640991160673,0.9741588252067295,0.1368715781465654,0.1360922510864,0.13511809226119328,0.1331697746107798,19
2019-06-07,0.001972713371282064,0.8783860849729113,0.001797036154287482,0.001094327286309153,0.0002159412013362416,-0.001540830968609581,19
2019-07-08,0.06915772287234868,0.9267892785856859,0.06897236501663155,0.068230933593763,0.06730414431517731,0.06545056575800594,19
2019-08-05,0.07714198976991635,1.034145993726832,0.07693516057117097,0.07610784377618951,0.07507369778246269,0.07300540579500901,19
2019-09-03,-0.08601325735189828,0.8468419131069733,-0.08618262573451968,-0.08686009926500526,-0.08770694117811223,-0.08940062500432618,19
2019-10-01,-0.031178350261159244,0.8899069331217084,-0.031356331647783585,-0.032068257194280955,-0.03295816412740266,-0.03473797799364608,19
2019-10-29,-0.02158286175489603,1.172931245941851,-0.0218174480040844,-0.02275579300083788,-0.02392872424677973,-0.02627458673866343,19
2019-11-26,-0.07409749848017405,1.1903542312964432,-0.07433556932643334,-0.0752878527114705,-0.07647820694276694,-0.07885891540535983,19
2019-12-26,0.02746223516600291,1.0806329549363605,0.027246108575015637,0.02638160221106655,0.02530096925613019,0.023139703346257468,19
2020-01-27,0.039532484566914106,1.12765737874097,0.039306953091165914,0.03840482718817313,0.037277169809432166,0.035021855051950226,19
2020-02-25,0.10610550909913695,0.9678714859437751,0.10591193480194819,0.10513763761319317,0.1041697661272494,0.10223402315536184,19
2020-03-24,-0.0062962480435710495,1.3857641859138865,-0.006573400880753827,-0.0076820122294849365,-0.009067776415398823,-0.011839304787226595,19
2020-04-22,-0.20397665480730018,0.7108283433133733,-0.20411882047596286,-0.20468748315061355,-0.20539831149392693,-0.20681996818055368,19
2020-05-20,-0.16122386432530963,0.8533655580405455,-0.16139453743691776,-0.1620772298833502,-0.1629305954413907,-0.16463732655747182,19
2020-06-18,0.13274690155971106,0.8654970760233918,0.13257380214450637,0.13188140448368765,0.13101590740766428,0.1292849132556175,19
2020-07-17,-0.049089247374239156,0.8500324675324674,-0.04925925386774565,-0.04993927984177162,-0.05078931230930409,-0.05248937724436903,19
2020-08-14,0.03914185254018161,0.9982142857142857,0.038942209683038756,0.03814363825446733,0.03714542396875304,0.03514899539732447,19
2020-09-14,0.022187701227716038,0.9942196531791907,0.021988857297080198,0.021193481574536845,0.020199261921357656,0.018210822614999275,19
2020-10-12,-0.11761379073267755,0.969688013136289,-0.11780772833530481,-0.11858347874581385,-0.11955316675895013,-0.12149254278522272,19
2020-11-09,-0.12563644355973128,0.9811822660098521,-0.12583268001293324,-0.12661762582574113,-0.12759880809175098,-0.12956117262377068,19
2020-12-08,0.002944583306714101,1.2019913787869587,0.002704185030956709,0.0017425919279271422,0.0005406005491401834,-0.001863382208433734,19
2021-01-07,-0.17450214778467038,1.2141085698539542,-0.17474496949864118,-0.17571625635452434,-0.1769303649243783,-0.1793585820640862,19
2021-02-05,-0.03400801841728442,1.2531596394903137,-0.03425865034518249,-0.035261178056774735,-0.03651433769626505,-0.03902065697524568,19
2021-03-08,-0.08442675593448298,1.5512607911037408,-0.08473700809270374,-0.08597801672558672,-0.08752927751669047,-0.09063179909889794,19
2021-04-06,0.09341733158456361,1.2152757654786053,0.09317427643146789,0.09220205581908501,0.0909867800536064,0.08855622852264919,19
2021-05-04,-0.09266961769550039,1.0872693905148265,-0.09288707157360336,-0.09375688708601522,-0.09484415647653004,-0.0970186952575597,19
2021-06-02,-0.08809229085525644,1.0971903210298595,-0.08831172891946241,-0.08918948117628629,-0.09028667149731616,-0.09248105213937588,19
2021-06-30,0.16585011758159401,1.1464792813677196,0.16562082172532047,0.1647036383002263,0.1635571590188586,0.16126420045612314,19
2021-07-29,0.044854025241364344,0.9196609678354101,0.04467009304779726,0.04393436427352893,0.04301470330569352,0.041175381370022704,19
2021-08-26,-0.009392651370567658,0.9393651888908057,-0.009580524408345819,-0.010332016559458463,-0.01127138174834927,-0.013150112126130882,19
2021-09-24,0.06209334616843927,0.972757865498638,0.06189879459533954,0.061120588302940634,0.06014783043744199,0.05820231470644472,19
2021-10-22,0.05329798065001284,0.998477645424924,0.05309828512092785,0.05229950300458791,0.05130102535916299,0.04930407006831314,19
2021-11-19,0.05204626719124065,1.0192030340259601,0.051842426584435455,0.05102706415721469,0.05000786112318873,0.047969455055136806,19
2021-12-20,0.15901174036577448,1.0238937599343692,0.1588069616137876,0.15798784660584012,0.15696395284590575,0.154916165326037,19
2022-01-19,0.011371258129500834,1.0642208890939857,0.011158413951682038,0.010307037240406849,0.009242816351312862,0.007114374573124891,19
2022-02-16,0.049360825713329184,0.7870509607351713,0.04920341552118215,0.048573774752594015,0.04778672379185884,0.0462126218703885,19
2022-03-17,0.08111750338874307,0.8874408242829295,0.08094001522388648,0.08023006256446015,0.07934262174017721,0.07756774009161135,19
2022-04-14,0.1420520363358794,0.8566822816202809,0.14188069987955534,0.14119535405425912,0.14033867177263884,0.13862530720939828,19
2022-05-13,0.10872558140399403,0.8510884541195922,0.10855536371317012,0.10787449294987445,0.10702340449575486,0.10532122758751566,19
2022-06-13,-0.2381719771550072,0.6888954171562869,-0.23830975623843847,-0.23886087257216349,-0.2395497679893198,-0.24092755882363234,19
2022-07-13,-0.2075205624643563,0.7889425564947388,-0.20767835097565523,-0.20830950502085102,-0.20909844757734578,-0.21067633269033526,19
2022-08-10,0.11946577709753434,0.7082111436950147,0.11932413486879534,0.11875756595383932,0.11804935481014431,0.11663293252275428,19
2022-09-08,0.03135830152218766,0.6032246442082507,0.03123765659334601,0.030755076877979407,0.03015185223377116,0.028945402945354658,19
2022-10-06,0.1316818177816685,0.7378084606345476,0.13153425608954158,0.13094400932103395,0.13020620086039938,0.12873058393913028,19
2022-11-03,-0.08140561750925529,0.6509400705052879,-0.08153580552335635,-0.08205655757976058,-0.08270749765026586,-0.08400937779127644,19
2022-12-02,0.06561891708707163,0.8518507638072855,0.06544854693431017,0.06476706632326434,0.06391521555945706,0.06221151403184248,19
2023-01-03,-0.25473773026792834,0.7648942420681552,-0.254890709116342,-0.2555026245099965,-0.25626751875206466,-0.257797307236201,19
2023-02-01,0.09853152622076342,1.0424247883264277,0.09832304126309813,0.09748910143243698,0.09644667664411057,0.0943618270674577,19
2023-03-02,0.038460613632736486,1.0037530775235692,0.03825986301723177,0.03745686055521292,0.036453107477689345,0.03444560132264221,19
2023-03-30,0.01939460383862219,0.9125409694669657,0.019212095644728797,0.018482062869155224,0.01756952189968826,0.015744439960754326,19
2023-04-28,-0.026094029976781376,0.8908918406072107,-0.026272208344902816,-0.026984921817388586,-0.027875813657995796,-0.02965759733921022,19
2023-05-26,-0.043015536615343526,1.020391061452514,-0.04321961482763403,-0.04403592767679604,-0.04505631873824856,-0.04709710086115358,19
2023-06-27,-0.08768915279224633,0.9244500139236982,-0.08787404279503107,-0.08861360280617003,-0.08953805282009372,-0.09138695284794113,19
2023-07-26,0.038664118188170685,1.0618769145084934,0.03845174280526899,0.03760224127366219,0.0365403643591537,0.03441661053013671,19
2023-08-23,0.07627822126743908,1.0931409062693977,0.07605959308618519,0.07518508036116968,0.07409193945490028,0.07190565764236148,19
2023-09-21,0.08785795120403121,0.8863438857852266,0.08768068242687417,0.08697160731824599,0.08608526343246076,0.0843125756608903,19
2023-10-19,-0.020741268691199237,0.8456801879007173,-0.02091040472877938,-0.021586948879099954,-0.02243262906700067,-0.024123989442802106,19
2023-11-16,-0.15192183228042355,0.9573303413572691,-0.152113298348695,-0.15287916262178083,-0.1538364929631381,-0.15575115364585262,19
