date,gross_return,turnover,net_return_1bp,net_return_5bp,net_return_10bp,net_return_20bp,offset
2006-01-03,0.023597405666302317,1.0,0.02339740566630232,0.022597405666302316,0.02159740566630232,0.019597405666302317,0
2006-02-01,-0.0005540605964732687,1.7158220190885871,-0.0008972250002909862,-0.002269882615561856,-0.003985704634650443,-0.007417348672827617,0
2006-03-02,-0.0032253040904143206,1.7823973727422004,-0.0035817835649627604,-0.005007701463156521,-0.006790098835898721,-0.010354893581383123,0
2006-03-30,-0.009163714892364776,1.7768144499178982,-0.009519077782348355,-0.010940529342282674,-0.012717343792200572,-0.016270972692036367,0
2006-04-28,-0.025096953788538864,1.8386818151617832,-0.025464690151571222,-0.026935635603700648,-0.02877431741886243,-0.032451681049186,0
2006-05-26,0.018738099765925026,1.7759399912121023,0.018382911767682607,0.016962159774712923,0.01518621978350082,0.011634339801076615,0
2006-06-26,0.00851139838997492,1.6861778921599395,0.008174162811542932,0.006825220497814981,0.005139042605655042,0.0017666868213351622,0
2006-07-25,0.028052001239101818,1.7349345558434655,0.027705014327933125,0.026317066683258353,0.024582132127414887,0.021112263015727956,0
2006-08-22,-0.033391452116700825,1.8527323355377654,-0.03376199858380838,-0.03524418445223859,-0.03709691678777636,-0.040802381458851886,0
2006-09-20,-0.00047986453530745113,1.7435129740518958,-0.0008285671301178302,-0.0022233775093593467,-0.003966890483411242,-0.007453916431515034,0
2006-10-18,-0.028186045946498074,1.7193113772455089,-0.028529908221947176,-0.029905357323743584,-0.031624668700989095,-0.03506329145548011,0
2006-11-15,0.00804813424162304,1.7168400102722137,0.007704766239568597,0.006331294231350826,0.0046144542210786125,0.0011807742005341846,0
2006-12-14,-0.015048883543366056,1.8016178736517718,-0.01540920711809641,-0.016850501417017827,-0.0186521192906696,-0.022255355037973143,0
2007-01-17,0.004756797607891296,1.7984187097202842,0.004397113865947239,0.0029583788981710113,0.001159960188450727,-0.0024368772309898415,0
2007-02-14,-0.03284772636733809,1.7053800719054957,-0.03318880238171919,-0.034553106439243586,-0.03625848651114908,-0.03966924665496008,0
2007-03-15,-0.032068952574571354,1.6708805579773325,-0.03240312868616682,-0.033739833132548684,-0.03541071369052602,-0.03875247480648068,0
2007-04-13,0.007135729304523225,1.7572798605056672,0.006784273332422091,0.0053784494440175575,0.0036211695835118903,0.00010660986250055592,0
2007-05-11,-0.0017997404222637224,1.7795698924731183,-0.002155654400758346,-0.003579310314736841,-0.005358880207209959,-0.008918019992156197,0
2007-06-11,-0.026947369487365674,1.7258064516129035,-0.027292530777688256,-0.028673175938978578,-0.03039898239059148,-0.03385059529381729,0
2007-07-10,-0.006972144806846201,1.7637916781482503,-0.007324903142475851,-0.008735936484994452,-0.010499728163142702,-0.014027311519439204,0
2007-08-07,0.034696843263690706,1.741520217937076,0.034348539220103294,0.03295532304575363,0.031213802827816554,0.0277307623919424,0
2007-09-05,0.002902797488113825,1.6846322311842314,0.0025658710418769784,0.0012181652569295935,-0.0004664669742546379,-0.0038357314366231007,0
2007-10-03,0.012549349611871796,1.7675337855883768,0.01219584285475412,0.010781815826283419,0.009014282040695043,0.0054792144695182884,0
2007-10-31,0.0026023209923203582,1.698051948051948,0.0022627106027099685,0.0009042690442684102,-0.0007937829037835378,-0.004189886799887434,0
2007-11-29,0.01745454745798661,1.7534994664490615,0.017103847564696798,0.01570104799153755,0.013947548525088487,0.010440549592190365,0
2007-12-28,0.08851730407292532,1.7313100244805724,0.08817104206802921,0.08678599404844475,0.08505468402396418,0.08159206397500303,0
2008-01-29,0.00975733334530638,1.795,0.00939833334530638,0.007962333345306381,0.006167333345306381,0.002577333345306381,0
2008-02-27,-0.018972675493287912,1.6183766233766232,-0.019296350817963236,-0.020591052116664534,-0.022209428740041157,-0.025446181986794405,0
2008-03-27,-0.0031280792543659014,1.749626002991976,-0.0034780044549642965,-0.004877705257357878,-0.006627331260349853,-0.010126583266333805,0
2008-04-24,-0.025990254409311547,1.7243550051599585,-0.026335125410343538,-0.027714609414471507,-0.029438964419631463,-0.03288767442995138,0
2008-05-22,-0.07240051424112198,1.744575936883629,-0.07274942942849871,-0.07414509017800561,-0.07588966611488925,-0.0793788179886565,0
2008-06-20,-0.0006718034824237549,1.7330938292476752,-0.00101842224827329,-0.0024048973116714304,-0.004137991140919105,-0.007604178799414456,0
2008-07-21,-0.18448230009974048,1.793978419770275,-0.18484109578369454,-0.18627627851951076,-0.18807025693928103,-0.19165821377882158,0
2008-08-18,0.018162039314886035,1.728785241907414,0.017816282266504554,0.01643325407297862,0.014704468831071207,0.01124689834725638,0
2008-09-16,-0.059140837466677705,1.769718064740689,-0.059494781079625844,-0.060910555531418394,-0.06268027359615909,-0.06621970972564047,0
2008-10-14,-0.052167786136970866,1.7229038854805725,-0.05251236691406698,-0.05389069002245144,-0.05561359390793201,-0.059059401678893154,0
2008-11-11,0.037794343472214734,1.7663031129288798,0.03744108284962896,0.036028040359285855,0.03426173724635698,0.030729131020499213,0
2008-12-10,0.029495978431719055,1.8854573484069888,0.029118886962037658,0.027610521083312068,0.025725063734905077,0.0219541490380911,0
2009-01-09,-0.011797786229733532,1.7798982188295165,-0.012153765873499435,-0.01357768444856305,-0.015357582667392565,-0.018917379105051597,0
2009-02-09,-0.017708036335165853,1.7021407480314958,-0.018048464484772153,-0.01941017708319735,-0.021112317831228845,-0.024516599327291836,0
2009-03-10,0.1913286813415425,1.7055238095238097,0.19098757657963772,0.18962315753201867,0.18791763372249487,0.18450658610344725,0
2009-04-07,-0.34730196953846604,1.8878709677419354,-0.34767954373201443,-0.349189840506208,-0.3510777114739499,-0.3548534534094338,0
2009-05-06,0.00885230257337489,1.5678402747960498,0.008538734518415681,0.007284462298578841,0.005716622023782791,0.002580941474190691,0
2009-06-04,0.031116622738612872,1.7707605344295994,0.030762470631726952,0.02934586220418327,0.027575101669753674,0.024033580600894475,0
2009-07-02,-0.04320369628273845,1.7493319630010276,-0.04355356267533866,-0.044953028245739476,-0.04670236020874051,-0.05020102413474256,0
2009-07-31,-0.037196838454704964,1.7490740740740738,-0.03754665326951978,-0.03894591252877904,-0.04069498660285311,-0.044193134751001256,0
2009-08-28,0.02464487159953475,1.7153284671532845,0.024301805906104094,0.022929543132381467,0.02121421466522818,0.017783557730921613,0
2009-09-28,-0.012498505035742439,1.7307204062202475,-0.012844649116986488,-0.014229225441962687,-0.015959945848182933,-0.01942138666062343,0
2009-10-26,0.002535359752036163,1.7860688956433637,0.00217814597290749,0.0007492908563927992,-0.0010367780392505645,-0.004608915830537292,0
2009-11-23,0.006372710696124998,1.7291793313069908,0.0060268748298635995,0.004643531364818008,0.0029143520335110167,-0.0005440066291029647,0
2009-12-22,0.0386409723653504,1.7724417426545087,0.0382864840168195,0.03686853062269589,0.035096088880041384,0.031551205394732364,0
2010-01-22,0.005370566210130833,1.7687415285163177,0.005016817904427569,0.0036018246816145153,0.0018330831530981974,-0.0017043999039344383,0
2010-02-22,0.009256428301357025,1.770452209660843,0.008902337859424856,0.007485976091696182,0.005715523882035339,0.002174619462713653,0
2010-03-22,0.02567553290753309,1.8068965517241378,0.025314153597188263,0.023868636355808954,0.022061739804084816,0.01844794670063654,0
2010-04-20,-0.016200220367970006,1.6275862068965519,-0.016525737609349316,-0.01782780657486656,-0.01945539278176311,-0.022710565195556212,0
2010-05-18,0.03964812554941649,1.6864690511187328,0.039310831739192746,0.03796165649829776,0.03627518744717902,0.032902249344941556,0
2010-06-16,0.03887507917192479,1.8659970602645761,0.03850187975987187,0.03700908211166021,0.035143085051395635,0.031411090930866484,0
2010-07-15,0.012255775381245417,1.6251514304351877,0.011930745095158379,0.01063062395081023,0.009005472520375042,0.005755169659504666,0
2010-08-12,-0.008734160169173565,1.7668564578963144,-0.009087531460752828,-0.01050101662706988,-0.012267873084966194,-0.015801586000758823,0
2010-09-10,0.0032266889509021865,1.79136690647482,0.0028684155696072225,0.0014353220444273665,-0.0003560448620474536,-0.003938778674997093,0
2010-10-08,0.015876423286378855,1.753623188405797,0.015525698648697695,0.014122800097973058,0.012369176909567261,0.008861930532755666,0
2010-11-05,-0.039746794704903,1.747414557273712,-0.04009627761635774,-0.04149420926217671,-0.043241623819450424,-0.04673645293399785,0
2010-12-06,-0.014273901743289293,1.6071604451886143,-0.014595333832327017,-0.015881062188477908,-0.017488222633666523,-0.02070254352404375,0
2011-01-04,-0.02956829052666666,1.6128352490421456,-0.029890857576475086,-0.031181125775708803,-0.03279396102475095,-0.036019631522835244,0
2011-02-02,-0.04804213754993829,1.6861297539149889,-0.048379363500721285,-0.049728267303853275,-0.05141439705776826,-0.054786656565598245,0
2011-03-03,-0.0020398582600864735,1.6198830409356726,-0.002363834868273608,-0.003659741301022146,-0.005279624341957818,-0.008519390423829164,0
2011-03-31,-0.005935530099080899,1.6722566219470243,-0.006269981423470304,-0.007607786721027923,-0.009280043342974949,-0.012624556586868996,0
2011-04-29,0.0030230232607862915,1.85577915376677,0.0026518674300329377,0.0011672441070195215,-0.0006885350467472485,-0.004400093354280789,0
2011-05-27,0.017013891821365115,1.8261744966442954,0.016648656922036254,0.01518771732472082,0.013361542828076525,0.009709193834787933,0
2011-06-27,-0.004972477218825846,1.7419354838709675,-0.005320864315600039,-0.006714412702696813,-0.008456348186567781,-0.011940219154309716,0
2011-07-26,0.04018712565776693,1.7741935483870968,0.03983228694808951,0.03841293210937983,0.036638738560992735,0.03309035146421854,0
2011-08-23,-0.012496117689780185,1.8345964685963074,-0.012863036983499446,-0.014330714158376494,-0.016165310626972802,-0.019834503564165416,0
2011-09-21,-0.003237690966720357,1.6693541885027814,-0.0035715618044209136,-0.004907045155223139,-0.006576399343725919,-0.009915107720731483,0
2011-10-19,-0.0257252335312547,1.7609262883235488,-0.02607741878891941,-0.02748615981957825,-0.029247086107901797,-0.032768938684548894,0
2011-11-16,-0.02849845737829103,1.685770198490355,-0.0288356114179891,-0.030184227576781384,-0.03186999777527174,-0.03524153817225245,0
2011-12-15,0.09579148905109605,1.6925729195787904,0.09545297446718029,0.09409891613151726,0.09240634321193847,0.08902119737278089,0
2012-01-17,-0.0243440476382457,1.6879432624113475,-0.02468163629072797,-0.026031990900657047,-0.027719934163068394,-0.03109582068789109,0
2012-02-14,-0.016910898327449183,1.7212024087024085,-0.017255138809189663,-0.01863210073615159,-0.020353303144854,-0.023795707962258817,0
2012-03-14,0.013570083993069238,1.7559293987865416,0.013218898113311929,0.011814154594282696,0.010058225195496154,0.006546366397923072,0
2012-04-12,-0.013051101990049675,1.9049457620886192,-0.0134320911424674,-0.014956047752138294,-0.016860993514226912,-0.02067088503840415,0
2012-05-10,-0.025822746213376085,1.6896551724137931,-0.026160677247858845,-0.027512401385789878,-0.02920205655820367,-0.03258136690303126,0
2012-06-08,0.0005724433313695067,1.7655172413793105,0.00021933988309364452,-0.0011930739100098038,-0.0029585911513891144,-0.006489625634147735,0
2012-07-09,0.003800609431029415,1.794326241134752,0.0034417441828024646,0.002006283189894663,0.00021195694875991104,-0.003376695533509593,0
2012-08-06,0.025204582189935196,1.7730496453900708,0.02484997226085718,0.023431532544545126,0.021658482899155056,0.018112383608374912,0
2012-09-04,0.009693272244708862,1.7528297894848195,0.009342706286811898,0.007940442455224041,0.006187612665739223,0.0026819530867695836,0
2012-10-02,0.015069782372278252,1.64197774056929,0.014741386824164393,0.013427804631708963,0.011785826891139672,0.008501871410001093,0
2012-11-01,0.0030817495462294488,1.789471092287994,0.00272385532777185,0.0012922784539414547,-0.0004971926383465393,-0.004076134822922527,0
2012-11-30,-0.008741478599179297,1.722702278083268,-0.00908601905479595,-0.010464180877262565,-0.012186883155345832,-0.015632287711512368,0
2012-12-31,0.006085704582921346,1.7182775518715463,0.005742049072547036,0.004367427031049799,0.002649149479178253,-0.0007874056245648397,0
2013-01-30,0.003249769060942182,1.7366858237547895,0.002902431896191224,0.0015130832371873923,-0.00022360258656739735,-0.0036969742340769766,0
2013-02-28,-0.03311515841743116,1.6900961364048612,-0.03345317764471213,-0.03480525455383602,-0.03649535069024088,-0.039875542963050604,0
2013-03-28,-0.018090246113805872,1.6430709232722656,-0.018418860298460325,-0.019733317037078136,-0.021376387960350404,-0.024662529806894935,0
2013-04-26,-0.006417329538224321,1.8035944107372681,-0.006778048420371775,-0.00822092394896159,-0.010024518359698857,-0.013631707181173394,0
2013-05-24,0.03398664570507572,1.747814569536424,0.033637082791168435,0.0322388311355393,0.030491016566002876,0.02699538742693003,0
2013-06-24,0.04756842184485867,1.800309050772627,0.04720836003470414,0.04576811279408604,0.04396780374331342,0.04036718564176816,0
2013-07-23,-0.012777371170933218,1.7657244716068246,-0.013130516065254583,-0.014543095642540043,-0.016308820114146867,-0.019840269057360516,0
2013-08-20,0.020404194806259435,1.6806722689075633,0.02006806035247792,0.01872352253735187,0.017042850268444307,0.013681505730629182,0
2013-09-18,-0.02745101127831459,1.6787065703474373,-0.027786752592384077,-0.02912971784866203,-0.030808424419009467,-0.03416583755970434,0
2013-10-16,-0.013011794473471866,1.7427212572373865,-0.013360338724919343,-0.014754515730709253,-0.01649723698794664,-0.019982679502421413,0
2013-11-13,0.005082899629839642,1.7171097477845945,0.004739477680282723,0.003365789882055048,0.0016486801342704533,-0.0017855393612987358,0
2013-12-12,-0.031026663725981046,1.722714534575475,-0.031371206632896144,-0.03274937826055652,-0.034472092795132,-0.037917521864282946,0
2014-01-13,-0.02863555236299604,1.7141167775314115,-0.028978375718502324,-0.030349669140527454,-0.03206378591805886,-0.03549201947312169,0
2014-02-11,0.014440281307892064,1.741901738691292,0.014091900960153805,0.01269837956920077,0.01095647783050948,0.007472674353126895,0
2014-03-12,-0.011443811427744652,1.757848938391925,-0.011795381215423038,-0.013201660366136576,-0.014959509304528502,-0.01847520718131235,0
2014-04-09,-0.12793986425774712,1.6690915419422208,-0.12827368256613556,-0.12960895579968934,-0.13127804734163157,-0.134616230425516,0
2014-05-08,0.015037437240473284,1.6172654690618762,0.014713984146660909,0.013420171771411409,0.011802906302349533,0.00856837536422578,0
2014-06-06,0.025600655182209452,1.6512045488553047,0.025270414272438393,0.023949450633354148,0.022298246084498843,0.018995836986788233,0
2014-07-07,-0.013968578354976252,1.8127053669222346,-0.0143311194283607,-0.015781283721898486,-0.017593989088820722,-0.021219399822665193,0
2014-08-04,-0.008861347497462008,1.7465133260313983,-0.009210650162668288,-0.010607860823493406,-0.012354374149524804,-0.0158474008015876,0
2014-09-02,-0.0032664178866602354,1.749567610062893,-0.003616331408672814,-0.0050159854967231285,-0.0067655531067860215,-0.010264688326911808,0
2014-09-30,0.03359889387076628,1.640952153490964,0.03327070344006809,0.03195794171727532,0.030316989563784355,0.027035085256802427,0
2014-10-28,-0.011171657904140543,1.7407407407407405,-0.011519806052288691,-0.012912398644881284,-0.014653139385622025,-0.018134620867103504,0
2014-11-25,0.01639229582646657,1.7582329317269076,0.016040649240121187,0.014634062894739662,0.012875829963012755,0.00935936409955894,0
2014-12-24,0.05880845736240219,1.755453378956373,0.05845736668661092,0.05705300398344582,0.055297550604489445,0.0517866438465767,0
2015-01-26,0.01450740643453372,1.7255489021956087,0.0141622966540946,0.012781857532338112,0.011056308630142503,0.007605210825751285,0
2015-02-24,-0.056820812698212944,1.6657058388765709,-0.05715395386598826,-0.05848651853708951,-0.06015222437596609,-0.06348363605371923,0
2015-03-24,0.03909956138070323,1.7404455273233552,0.03875147227523856,0.03735911585337988,0.03561867032605652,0.03213777927140981,0
2015-04-22,0.0037389855150022013,1.7344587539157674,0.003392093764219048,0.002004526761086434,0.00027006800717066645,-0.0031988495006608684,0
2015-05-20,-0.044368822644288694,1.6851577909270217,-0.044705854202474096,-0.04605398043521572,-0.04773913822614274,-0.05110945380799678,0
2015-06-18,-0.07699760283077638,1.5664271625810087,-0.07731088826329258,-0.07856402999335739,-0.08013045715593839,-0.08326331148110042,0
2015-07-17,0.03481955922645051,1.5497402597402599,0.03450961117450246,0.03326981896671025,0.03172007870696999,0.028620598187489472,0
2015-08-14,0.004900781344343797,1.743409090909091,0.004552099526161979,0.0031573722534347063,0.0014139631625256152,-0.002072855019292567,0
2015-09-14,0.11506043690024027,1.7226244343891404,0.11471591201336244,0.11333781246585113,0.11161518803146199,0.1081699391626837,0
2015-10-12,0.03759634673424861,1.850299401197605,0.03722628685400909,0.035746047333051006,0.0338957479318534,0.030195149129458188,0
2015-11-09,0.0083142563359068,1.6579533588583364,0.007982665664135132,0.006656302977048463,0.004998349618190127,0.0016824429004734538,0
2015-12-08,-0.07220893992413494,1.7815175774451792,-0.07256524343962398,-0.07399045750158012,-0.07577197507902529,-0.07933501023391565,0
2016-01-07,-0.06619348920069636,1.541036959449349,-0.06650169659258623,-0.0677345261601457,-0.06927556311959505,-0.07235763703849375,0
2016-02-05,-0.028029957836978016,1.8224225647164447,-0.028394442349921306,-0.02985238040169446,-0.031674802966410905,-0.03531964809584379,0
2016-03-07,0.05645317594524906,1.7312584168786473,0.05610692426187333,0.05472191752837041,0.05299065911149177,0.04952814227773447,0
2016-04-05,0.03507362535617891,1.7959895713518903,0.03471442744190853,0.03327763578482702,0.03148164621347513,0.027889667070771347,0
2016-05-03,0.01737965175054558,1.799253144654088,0.01701980112161476,0.015580398605891492,0.013781145461237404,0.010182639171929228,0
2016-06-01,0.027125459007208932,1.8558176100628931,0.026754295485196353,0.02526964139714604,0.023413823787083145,0.01970218856695736,0
2016-06-29,0.037261282849855644,1.8239098300073908,0.03689650088385417,0.035437373019848256,0.03361346318984086,0.02996564352982608,0
2016-07-28,0.05447084719381074,1.7628233555062824,0.054118282522709484,0.05270802383830446,0.05094520048279817,0.04741955377178561,0
2016-08-25,0.03262395470143031,1.7571040372670808,0.0322725338939769,0.030866850664163233,0.029109746626896152,0.02559553855236199,0
2016-09-23,0.016096955576419505,1.7631987577639752,0.01574431582486671,0.01433375681865553,0.012570558060891555,0.009044160545363604,0
2016-10-21,0.00880057426220288,1.7010869565217392,0.00846035687089853,0.00709948730568114,0.0053984003491594,0.0019962264361159223,0
2016-11-18,-0.023760144944867195,1.8507984031936129,-0.024130304625505916,-0.025610943348060806,-0.02746174175125442,-0.031163338557641647,0
2016-12-19,-0.018838881153340828,1.769616636768321,-0.019192804480694492,-0.020608497790109148,-0.02237811442687747,-0.025917347700414112,0
2017-01-19,0.016714313005343512,1.8098133014417646,0.01635235034505516,0.014904499703901748,0.013094686402459983,0.009475059799576455,0
2017-02-16,0.015201131153615573,1.7757375776397515,0.014845983638087623,0.013425393575975822,0.01164965599833607,0.008098180843056567,0
2017-03-17,0.015941810809814497,1.776706827309237,0.01558646944435265,0.01416510398250526,0.012388397155196023,0.00883498350057755,0
2017-04-17,-0.017545516126546847,1.7048192771084336,-0.017886479981968535,-0.01925033540365528,-0.020955154680763713,-0.02436479323498058,0
2017-05-15,0.016297088338042505,1.6382079459002536,0.015969446748862453,0.014658880392142252,0.013020672446241997,0.009744256554441489,0
2017-06-13,0.0257715985905495,1.8575302902225979,0.02540009253250498,0.023914068300326902,0.022056538010104307,0.01834147742965911,0
2017-07-12,0.021682665896863365,1.8668857247170503,0.021309288751919956,0.019815780172146316,0.017948894447429264,0.014215122997995164,0
2017-08-09,-0.013256093292090142,1.7220883534136546,-0.013600510962772873,-0.014978181645503796,-0.016700269998917452,-0.02014444670574476,0
2017-09-07,-0.001711006373787986,1.7860242406105045,-0.002068211221910087,-0.0034970306143984903,-0.005283054855008995,-0.008855103336230005,0
2017-10-05,0.004424147993149249,1.7567272471118625,0.004072802543726876,0.0026674207460373866,0.0009106934989255243,-0.0026027609952982006,0
2017-11-02,-0.0002741178681645553,1.7210129613975769,-0.0006183204604440708,-0.001995130829562132,-0.003716143790959709,-0.007158169713754862,0
2017-12-01,-0.025283940322007384,1.8110337626174728,-0.02564614707453088,-0.027094974084624857,-0.02890600784724233,-0.032528075372477275,0
2018-01-02,0.00246303681383544,1.708316333469332,0.0021213735471415735,0.000754720480366108,-0.0009535958531032241,-0.004370228520041888,0
2018-01-31,-0.039214286328471834,1.7784917720658233,-0.039569984682885,-0.040992778100537655,-0.04277126987260348,-0.046328253416735125,0
2018-03-01,-0.003346858892927875,1.6193940601953356,-0.0036707377049669423,-0.0049662529531232106,-0.006585647013318546,-0.009824435133709217,0
2018-03-29,-0.007902099532827344,1.8186312275295327,-0.008265825778333251,-0.009720730760356877,-0.01153936198788641,-0.015176624442945475,0
2018-04-27,0.011306340229600786,1.7278505392912171,0.010960770121742543,0.009578489690309569,0.007850639151018352,0.004394938072435918,0
2018-05-25,-0.0008311025633360655,1.8260854953622798,-0.0011963196624085216,-0.0026571880586983452,-0.004483273554060625,-0.008135444544785184,0
2018-06-25,0.0399458795629027,1.8393799877225292,0.03957800356535819,0.03810649957518017,0.03626711958745764,0.032588359612012584,0
2018-07-24,0.024962788190418694,1.8227440147329652,0.0245982393874721,0.02314004417568573,0.021317300160952762,0.017671812131486834,0
2018-08-21,-0.024367387899426465,1.8108045977011495,-0.024729548818966694,-0.026178192497127613,-0.027988997094828764,-0.03161060629023106,0
2018-09-19,-0.010561049481546094,1.759146141215107,-0.010912878709789115,-0.012320195622761201,-0.014079341763976308,-0.017597634046406522,0
2018-10-17,0.013014282756268309,1.7652216748768474,0.01266123842129294,0.01124906108139146,0.009483839406514614,0.005953396056760919,0
2018-11-14,-0.04201299945260563,1.7706732348111656,-0.04236713409956786,-0.04378367268741679,-0.04555434592222796,-0.04909569239185029,0
2018-12-14,0.04516731743510523,1.7093023255813953,0.04482545696998895,0.04345801510952383,0.04174871278394244,0.03833010813277965,0
2019-01-15,0.008994478987876166,1.7446111580726966,0.008645556756261627,0.00724986782980347,0.0055052566717307735,0.0020160343555853796,0
2019-02-13,-0.03195124692545294,1.7983234714003944,-0.03231091161973302,-0.033749570396853334,-0.03554789386825373,-0.03914454081105452,0
2019-03-14,0.010670161181790348,1.7256201881950386,0.01032503714415134,0.00894454099359531,0.00721892080540027,0.0037676804290101926,0
2019-04-11,0.0172319222009295,1.7136797832905617,0.01688918624427139,0.015518242417638937,0.013804562634348375,0.010377203067767252,0
2019-05-10,-0.0322854697050351,1.7150958016342632,-0.03262848886536195,-0.03400056550666936,-0.03571566130830362,-0.03914585291157215,0
2019-06-10,-0.01454736704090067,1.7149901380670611,-0.014890365068514082,-0.01626235717896773,-0.017977347317034792,-0.021407327593168914,0
2019-07-09,-0.031082680224437276,1.6726190476190477,-0.03141720403396109,-0.032755299272056324,-0.03442791831967537,-0.03777315641491347,0
2019-08-06,-0.023633984384041844,1.6845238095238095,-0.023970889145946604,-0.025318508193565653,-0.027003032003089462,-0.03037207962213708,0
2019-09-04,-0.025934396052571647,1.7898420027415047,-0.026292364453119946,-0.02772423805531315,-0.029514080058054656,-0.033093764063537666,0
2019-10-02,-0.007305235166985518,1.5998716852010264,-0.007625209504025723,-0.008905106852186545,-0.01050497853738757,-0.013704721907789624,0
2019-10-30,-0.023377514019403373,1.7732392358140863,-0.023732161866566192,-0.02515075325521746,-0.026923992491031546,-0.03047047096265972,0
2019-11-27,-0.00905062833889226,1.7553464499572284,-0.009401697628883706,-0.010805974788849489,-0.012561321238806716,-0.016072014138721172,0
2019-12-27,0.013298986161897949,1.7188854489164087,0.012955209072114667,0.01158010071298154,0.00986121526406513,0.006423444366232314,0
2020-01-28,-0.06684201659338977,1.7594427244582043,-0.06719390513828141,-0.06860145931784797,-0.07036090204230618,-0.07387978749122259,0
2020-02-26,-0.07549799738614525,1.661482292807594,-0.07583029384470677,-0.07715947967895284,-0.07882096197176044,-0.08214392655737562,0
2020-03-25,0.015701745146970873,1.8518596787827557,0.015331373211214321,0.013849885468188116,0.011998025789405361,0.00829430643183985,0
2020-04-23,-0.021087664057413573,1.6442307692307692,-0.021416510211259728,-0.022731894826644342,-0.02437612559587511,-0.02766458713433665,0
2020-05-21,-0.043363250503152824,1.8569646421442831,-0.043734643431581684,-0.04522021514529711,-0.04707717978744139,-0.050791109071729956,0
2020-06-19,-0.05078773323759377,1.714470284237726,-0.051130627294441316,-0.0525022035218315,-0.054216673806069225,-0.05764561437454468,0
2020-07-20,-0.07480360807329847,1.8180194805194805,-0.07516721196940236,-0.07662162755381795,-0.07843964703433744,-0.08207568599537639,0
2020-08-17,-0.029139332037811983,1.658116883116883,-0.02947095541443536,-0.030797448920928866,-0.03245556580404575,-0.03577179957027952,0
2020-09-15,-0.016840607727664186,1.7755630855092681,-0.01719572034476604,-0.018616170813173454,-0.020391733898682724,-0.02394286006970126,0
2020-10-13,0.027186746464376757,1.78807881773399,0.02682913070082996,0.025398667646642767,0.023610588828908777,0.020034431193440796,0
2020-11-10,-0.03857528641653951,1.7705747126436782,-0.03892940135906825,-0.04034586112918319,-0.042116435841826866,-0.04565758526711423,0
2020-12-09,-0.04031309118000086,1.6507366482504604,-0.04064323850965095,-0.04196382782825132,-0.04361456447650178,-0.0469160377730027,0
2021-01-08,-0.06984437417025735,1.713132635253054,-0.07018700069730796,-0.0715575068055104,-0.07327063944076345,-0.07669690471126957,0
2021-02-08,0.12401967046722173,1.6929851276584946,0.12368107344169003,0.12232668533956324,0.12063370021190474,0.11724772995658775,0
2021-03-09,0.012546360916412161,1.8728837876614062,0.01217178415887988,0.010673477128750754,0.008800593341089348,0.005054825765766536,0
2021-04-07,0.05527255443549301,1.9070779531324724,0.054891138844866516,0.053365476482360535,0.05145839852922807,0.04764424262296312,0
2021-05-05,0.03255529725507246,1.9066695643774754,0.032173963342196965,0.030648627690694985,0.02874195812631751,0.02492861899756256,0
2021-06-03,0.030492309891373363,1.7366326585118317,0.030144983359670998,0.028755677232861532,0.0270190445743497,0.023545779257326035,0
2021-07-01,-0.044255751093393636,1.7365853658536587,-0.04460306816656437,-0.045992336459247295,-0.04772892182510095,-0.05120209255680827,0
2021-07-30,-0.052415045711406955,1.7707317073170734,-0.05276919205287037,-0.054185777418724025,-0.0559565091260411,-0.05949797254067525,0
2021-08-27,-0.07380618159761801,1.8382446963092125,-0.07417383053687986,-0.07564442629392722,-0.07748267099023644,-0.08115916038285485,0
2021-09-27,-0.039773483728141434,1.710939586560547,-0.04011567164545354,-0.04148442331470198,-0.04319536290126253,-0.04661724207438362,0
2021-10-25,-0.014192074101726012,1.7363922867368196,-0.014539352559073376,-0.01592846638846283,-0.01766485867519965,-0.02113764324867329,0
2021-11-22,-0.016273599517493867,1.674296244858715,-0.01660845876646561,-0.017947895762352582,-0.019622192007211298,-0.02297078449692873,0
2021-12-21,0.018641990794852733,1.732957717882341,0.018295399251276264,0.016909033076970392,0.015176075359088052,0.011710159923323369,0
2022-01-20,-0.03444297375302093,1.7226282929800518,-0.03478749941161694,-0.036165602046000986,-0.03788823033898103,-0.04133348692494114,0
2022-02-17,0.01020717316190094,1.6296296296296298,0.009881247235975015,0.00857754353227131,0.006947913902641681,0.0036886546433824215,0
2022-03-18,0.10862291902844895,1.8688619454395152,0.10824914663936104,0.10675405708300943,0.10488519513756991,0.10114747124669089,0
2022-04-18,-0.06682411459694394,1.732322953981813,-0.0671705791877403,-0.06855643755092576,-0.07028876050490757,-0.07375340641287119,0
2022-05-16,-0.003944917419656302,1.7412141464773043,-0.004293160248951763,-0.005686131566133606,-0.0074273457126109105,-0.010909774005565519,0
2022-06-14,-0.005630131556413483,1.6421269095182143,-0.005958556938317126,-0.007272258465931697,-0.008914385375449911,-0.012198639194486341,0
2022-07-14,0.006485931319509366,1.7248764893926185,0.0061409560216308424,0.004761054830116748,0.003036178340724129,-0.0004135746380611082,0
2022-08-11,-0.01485542909073214,1.7199360650973552,-0.015199416303751611,-0.016575365155829497,-0.01829530122092685,-0.021735173351121562,0
2022-09-09,0.011277741007419712,1.6187039676882868,0.010954000213882055,0.009659037039731425,0.008040333072043137,0.004802925136666564,0
2022-10-07,-0.021694812014134215,1.749376336421953,-0.022044687281418607,-0.02344418835055617,-0.025193564686978122,-0.028692317359822028,0
2022-11-04,0.04620419869515651,1.744119743406985,0.045855374746475115,0.044460078951749527,0.04271595920834254,0.03922771972152857,0
2022-12-05,-0.01650229260439356,1.765799477310525,-0.016855452499855667,-0.018268092081704088,-0.02003389155901461,-0.023565490513635663,0
2023-01-04,-0.033895844417257806,1.5694345450225708,-0.03420973132626232,-0.035465278962280376,-0.03703471350730295,-0.04017358259734809,0
2023-02-02,0.03877027784932337,1.6010928961748634,0.0384500592700884,0.037169184953148506,0.035568092056973644,0.03236590626462391,0
2023-03-03,0.02791767056642399,1.7540983606557377,0.02756685089429284,0.026163572205768253,0.024409473845112516,0.020901277123801038,0
2023-03-31,-0.015756629440521582,1.7860962566844918,-0.01611384869185848,-0.017542725697206073,-0.019328821953890567,-0.022901014467259548,0
2023-05-01,0.056655616617769106,1.700534759358289,0.05631550966589745,0.05495508185841082,0.05325454709905253,0.04985347758033595,0
2023-05-30,-0.0033483861656720807,1.8161700806952206,-0.003711620181811125,-0.005164556246367301,-0.0069807263270625225,-0.010613066488452963,0
2023-06-28,-0.003359243777955061,1.7676970203285993,-0.003712783182020781,-0.0051269407982836605,-0.00689463781861226,-0.010430031859269459,0
2023-07-27,-0.01078537874323286,1.6671400724032304,-0.011118806757713507,-0.012452518815636091,-0.014119658888039321,-0.017453939032845783,0
2023-08-24,-0.01669317924416063,1.799224084419615,-0.017053024061044555,-0.018492403328580247,-0.020291627412999863,-0.02389007558183909,0
2023-09-22,-0.06351052324357959,1.6876784605834885,-0.06384805893569628,-0.06519820170416307,-0.06688588016474656,-0.07026123708591354,0
2023-10-20,0.051207662909649496,1.6804029878852549,0.05087158231207244,0.04952725992176424,0.04784685693387899,0.044486050958108474,0
2023-11-17,-0.11684999926042448,1.7681139938163732,-0.11720362205918776,-0.11861811325424086,-0.12038622724805723,-0.12392245523568998,0
2006-01-04,-0.024730318473199075,1.0,-0.024930318473199074,-0.025730318473199076,-0.026730318473199073,-0.028730318473199075,1
2006-02-02,-0.0049992206845865285,1.7565869068423174,-0.005350538065954992,-0.006755807591428846,-0.008512394498271163,-0.012025568311955798,1
2006-03-03,0.004087291736757547,1.748144499178982,0.0037376628369217508,0.002339147237578565,0.000591002738399583,-0.002905286259958381,1
2006-03-31,-0.03320417946609457,1.6791789819376026,-0.03354001526248209,-0.03488335844803218,-0.03656253742996978,-0.03992089539384498,1
2006-05-01,-0.041672577348623924,1.821573317387549,-0.04203689201210143,-0.04349415066601147,-0.045315723983399024,-0.04895887061817412,1
2006-05-30,-0.0026572945652150607,1.8197168793245733,-0.003021237941079975,-0.004477011444539634,-0.006296728323864208,-0.009936162082513354,1
2006-06-27,-0.01635405615836749,1.6395924585793182,-0.016681974650083354,-0.01799364861694681,-0.01963324107552613,-0.022912425992684764,1
2006-07-26,0.01957586960632013,1.746495249485084,0.01922657055642311,0.017829374356835046,0.01608287910734996,0.012589888608379791,1
2006-08-23,0.011673966043235614,1.7817264183780022,0.011317620759560013,0.009892239624857612,0.00811051320647961,0.004547060369723605,1
2006-09-21,0.04269638702510554,1.7718779308852175,0.0423420114389285,0.040924509094220324,0.0391526311633351,0.03560887530156467,1
2006-10-19,0.007826017430488087,1.844810379241517,0.0074570553546397834,0.00598120705124657,0.004136396672005053,0.00044677591352201926,1
2006-11-16,0.01072386767792698,1.8085761442264965,0.010362152449081681,0.008915291533700484,0.007106715389473987,0.003489563101020994,1
2006-12-15,-0.00923672348760776,1.7352250365009838,-0.009583768494907958,-0.010971948524108745,-0.012707173560609727,-0.016177623633611696,1
2007-01-18,-0.01660955439803625,1.7332974862212662,-0.0169562138952805,-0.018342851884257515,-0.02007614937047878,-0.023542744342921314,1
2007-02-15,-0.04386254575825965,1.6732051037897542,-0.0441971867790176,-0.045535750862049404,-0.04720895596583916,-0.05055536617341867,1
2007-03-16,-0.024415797100141055,1.6692420681551114,-0.024749645513772078,-0.026085039168296166,-0.027754281236451277,-0.0310927653727615,1
2007-04-16,0.0009026161223310352,1.6908930669800235,0.0005644375089350305,-0.0007882769446489882,-0.0024791700116290117,-0.005860956145589059,1
2007-05-14,0.0006139069800956574,1.7251380412670736,0.0002688793718422427,-0.0011112310611714163,-0.00283636910243849,-0.0062866451849726375,1
2007-06-12,-0.017778643881431886,1.7789886660854406,-0.018134441614648975,-0.01955763254751733,-0.021336621213602767,-0.02489459854577365,1
2007-07-11,-0.03151533702378965,1.7270322402865805,-0.03186074347184696,-0.03324236926407623,-0.03496940150436281,-0.03842346598493597,1
2007-08-08,0.042369636326268306,1.7582077716098334,0.042017994771946336,0.04061142855465847,0.03885322078304864,0.035336805239828975,1
2007-09-06,-0.008651000002974914,1.7068992862807297,-0.00899237986023106,-0.010357899289255644,-0.012064798575536374,-0.015478597148097833,1
2007-10-04,0.029059781629854002,1.8224803664921465,0.028695285556555573,0.027237301263361855,0.025414820896869708,0.021769860163885414,1
2007-11-01,-0.006791420694639641,1.7281073446327684,-0.007137042163566195,-0.00851952803927241,-0.010247635383905178,-0.013703850073170716,1
2007-11-30,-0.012871965674903285,1.7591488293264703,-0.01322379544076858,-0.014631114504229756,-0.016390263333556226,-0.019908560992209168,1
2007-12-31,0.0640106885101142,1.714361935848346,0.06366781612294453,0.06229632657426585,0.0605819646384175,0.05715324076672081,1
2008-01-30,0.027448652674894332,1.8399999999999999,0.02708065267489433,0.02560865267489433,0.023768652674894333,0.020088652674894333,1
2008-02-28,-0.02957033056028173,1.7542857142857144,-0.029921187703138872,-0.031324616274567445,-0.03307890198885316,-0.03658747341742459,1
2008-03-28,-0.058391625599602925,1.747850017199862,-0.058741195603042896,-0.06013947561680279,-0.06188732563400265,-0.06538302566840237,1
2008-04-25,-0.008893937545974276,1.7050817960320221,-0.00923495390518068,-0.010599019342006298,-0.01230410113803832,-0.015714264730102366,1
2008-05-23,-0.12333436888941506,1.768491124260355,-0.12368806711426712,-0.1251028600136754,-0.12687135113793577,-0.13040833338645647,1
2008-06-23,0.04853656114685698,1.6854747816286277,0.048199466190531254,0.04685108636522835,0.04516561158359972,0.04179466202034247,1
2008-07-22,-0.03315050284999806,1.8927145708582835,-0.03352904576416972,-0.035043217420856344,-0.03693593199171463,-0.040721361133431194,1
2008-08-19,0.08927955768126104,1.91701887855734,0.08889615390554957,0.0873625388027037,0.08544551992414637,0.08161148216703168,1
2008-09-17,-0.001755901885533753,1.7270357847280924,-0.0021013090424793716,-0.0034829376702618453,-0.005209973454989938,-0.008664045024446123,1
2008-10-15,-0.055946807123749887,1.6866745283018871,-0.05628414202941026,-0.057633481652051774,-0.05932015618035366,-0.06269350523695744,1
2008-11-12,0.049121240719119774,1.7928459119496853,0.048762671536729835,0.04732839480717009,0.04553554889522041,0.04194985707132103,1
2008-12-11,-0.004081950651092641,1.9266316015457279,-0.004467276971401786,-0.006008582252638369,-0.007935213854184097,-0.011788477057275553,1
2009-01-12,-0.05344494429955184,1.7015854374633,-0.0537852613870445,-0.05514652973701514,-0.05684811517447844,-0.060251286049405044,1
2009-02-10,-0.03243008657809565,1.7256397637795278,-0.032775214530851554,-0.03415572634187518,-0.035881366105654705,-0.039332645633213766,1
2009-03-11,0.021862871902571655,1.6149032258064515,0.021539891257410366,0.020247968676765205,0.018633065450958754,0.015403258999345849,1
2009-04-08,-0.23756969134865388,1.7212063492063492,-0.23791393261849517,-0.23929089769786024,-0.24101210404706658,-0.24445451674547927,1
2009-05-07,-0.009180391643040504,1.6219189675235375,-0.009504775436545211,-0.010802310610564041,-0.01242422957808758,-0.015668067513134654,1
2009-06-05,0.03275650627185467,1.7186424773224898,0.03241277777639017,0.03103786379453218,0.02931922131720969,0.02588193636256471,1
2009-07-06,0.06212277900880485,1.754717964758628,0.06177183541585312,0.06036806104404622,0.058613343079287596,0.055103907149770336,1
2009-08-03,-0.035518593054254824,1.7785403050108934,-0.035874301115257,-0.03729713335926572,-0.03907567366427661,-0.0426327542742984,1
2009-08-31,0.04850563722586864,1.7340958605664487,0.04815881805375535,0.04677154136530219,0.04503744550473574,0.04156925378360284,1
2009-09-29,-0.01742120890001978,1.7599703797736168,-0.017773202975974504,-0.0191811792797934,-0.020941149659567015,-0.024461090419114248,1
2009-10-27,-0.010073044294139282,1.7932624113475177,-0.010431696776408785,-0.0118663067054868,-0.013659569116834318,-0.017246093939529354,1
2009-11-24,0.03381043962868527,1.6864741641337386,0.03347314479585852,0.03212396546455153,0.030437491300417792,0.027064542972150316,1
2009-12-23,0.011048766953272431,1.8789260385005064,0.01067298174557233,0.009169840914771925,0.007290914876271418,0.003533062799270405,1
2010-01-25,-0.017186630796225913,1.7399645500990513,-0.017534623706245724,-0.018926595346324963,-0.020666559896424016,-0.02414648899662212,1
2010-02-23,-0.011798879245991718,1.7616515483265562,-0.01215120955565703,-0.013560530794318274,-0.015322182342644831,-0.018845485439297944,1
2010-03-23,-0.000334323891762087,1.7328767123287674,-0.0006808992342278405,-0.0020672006040908545,-0.0038000773164196216,-0.007265830741077156,1
2010-04-21,-0.002848072686496024,1.691780821917808,-0.003186428850879586,-0.004539853508413832,-0.00623163433033164,-0.009615195974167257,1
2010-05-19,0.004063684718371375,1.7168734491315134,0.0037203100285450722,0.0023468112692398616,0.0006299378201083481,-0.002803809078154679,1
2010-06-17,0.028792749455080535,1.8972704714640196,0.02841329536078773,0.026895478983616515,0.024998208512152495,0.021203667569224455,1
2010-07-16,0.006579896908179229,1.720575901593514,0.006235781727860526,0.004859321006585714,0.0031387451049922008,-0.00030240669819482733,1
2010-08-13,0.013956849331486047,1.7598142043751874,0.01360488649061101,0.01219703512711086,0.010437220922735673,0.006917592513985297,1
2010-09-13,0.024954103464765585,1.7468981336669795,0.02460472383803219,0.023207205331098605,0.021460307197431625,0.017966510930097667,1
2010-10-11,0.018655901663364893,1.747471587947034,0.018306407345775485,0.016908430075417858,0.015160958487470826,0.011666015311576758,1
2010-11-08,-0.013436719356606671,1.6492662267310156,-0.013766572601952874,-0.015085985583337687,-0.016735251810068703,-0.020033784263530734,1
2010-12-07,-0.015606400067015913,1.586230670737713,-0.015923646201163457,-0.017192630737753626,-0.01877886140849134,-0.021951322749966765,1
2011-01-05,0.0014935465753203579,1.7054794520547947,0.001152450684909399,-0.00021193287673443675,-0.0019174123287892314,-0.00532837123289882,1
2011-02-03,-0.035924193025001466,1.7592393736017897,-0.03627604089972183,-0.03768343239860326,-0.03944267177220505,-0.042961150519408624,1
2011-03-04,-0.0038273287978168027,1.6862745098039216,-0.004164583699777587,-0.005513603307620725,-0.007199877817424646,-0.01057242683703249,1
2011-04-01,0.014938148009173102,1.7254901960784315,0.014593049969957415,0.01321265781309467,0.011487167617016238,0.008036187224859374,1
2011-05-02,-0.018144732525952032,1.8152666434297662,-0.018507785854637984,-0.0199599991693818,-0.021775265812811563,-0.025405799099671098,1
2011-05-31,0.0038721761778265926,1.7392841163310961,0.0035243193545603734,0.002132892061495496,0.0003936079451644001,-0.0030849602874977924,1
2011-06-28,0.016582544187441737,1.7444879960803528,0.016233646588225667,0.014838056191361384,0.01309356819528103,0.009604592203120325,1
2011-07-27,0.023111484170115538,1.8083864118895967,0.022749806887737617,0.02130309775822594,0.019494711346336343,0.01587793852255715,1
2011-08-24,-0.03533390651395782,1.7538412546771753,-0.03568467476489325,-0.03708774776863499,-0.03884158902331217,-0.04234927153266652,1
2011-09-22,0.07462705901876739,1.7094180399649708,0.0742851754107744,0.07291764097880242,0.07120822293883744,0.06778938685890751,1
2011-10-20,0.014413204087334425,1.7539837852949398,0.014062407330275438,0.012659220302039486,0.010905236516744545,0.007397268946154665,1
2011-11-17,-0.001490364314096243,1.6315348057031032,-0.0018166712752368636,-0.0031218991197993463,-0.0047534339255024495,-0.008016503536908656,1
2011-12-16,0.06549293002940676,1.8088248998229428,0.06513116504944218,0.06368410512958382,0.061875280229760875,0.05825763043011499,1
2012-01-18,-0.006328160040207982,1.6742083707921287,-0.006663001714366408,-0.008002368411000112,-0.00967657678179224,-0.013024993523376497,1
2012-02-15,-0.02486589121463293,1.6861402486402486,-0.02520311926436098,-0.02655203146327318,-0.028238171711913427,-0.03161045220919392,1
2012-03-15,0.016529113660750216,1.7423239566096707,0.01618064886942828,0.014786789704140546,0.013044465747530876,0.009559817834311535,1
2012-04-13,0.030971838283447507,1.73570509284795,0.030624697264877918,0.029236133190599558,0.027500428097751606,0.024029017912055705,1
2012-05-11,-0.054639313943363084,1.8145016532829477,-0.055002214274019676,-0.05645381559664603,-0.05826831724992898,-0.06189732055649488,1
2012-06-11,0.0017246809901665335,1.8212564950401513,0.0013604296911585033,-9.657550487361774e-05,-0.001917831999913769,-0.005560344989994071,1
2012-07-10,0.06268797205962261,1.7801418439716312,0.06233194369082828,0.06090783021565097,0.059127688371679345,0.05556740468373608,1
2012-08-07,0.02237402435300071,1.7446808510638299,0.022025088182787946,0.020629343501936882,0.018884662650873053,0.015395300948745392,1
2012-09-05,-0.004739281235089328,1.74542473288903,-0.005088366181667134,-0.0064847059679783575,-0.008230130700867387,-0.011720980166645448,1
2012-10-03,0.0003184771246709508,1.7403723037525856,-2.9597336079566325e-05,-0.0014218951790816348,-0.0031622674828342204,-0.006643012090339392,1
2012-11-02,0.008953826516694876,1.7615975573722054,0.008601507005220435,0.00719222895932267,0.005430631401950465,0.0019074362872060543,1
2012-12-03,-5.582308052608058e-05,1.7808156755525175,-0.0004119862156365841,-0.0018366387560785982,-0.003617454431631116,-0.007179085782736151,1
2013-01-02,0.024072681993284578,1.646282973621103,0.023743425398560357,0.022426399019663475,0.020780116046042373,0.017487550098800167,1
2013-01-31,-0.010700789915696304,1.7578065134099616,-0.011052351218378297,-0.012458596429106265,-0.014216402942516228,-0.01773201596933615,1
2013-03-01,-0.027572235693716467,1.7709051333212407,-0.027926416720380716,-0.029343140827037706,-0.03111404596035895,-0.03465585622700143,1
2013-04-01,-0.006432719899489257,1.6498276800290226,-0.006762685435495062,-0.00808254757951828,-0.009732375259547302,-0.013032030619605348,1
2013-04-29,-0.015276076496697818,1.783324140466998,-0.015632741324791217,-0.017059400637164816,-0.018842724777631815,-0.022409373058565808,1
2013-05-28,0.016983912902242472,1.7875496688741723,0.016626402968467638,0.0151963632333683,0.013408813564494127,0.009833714226745782,1
2013-06-25,0.02137750743151727,1.7472847682119206,0.021028050477874885,0.01963022266330535,0.017882937895093428,0.014388368358669587,1
2013-07-24,0.0073231469841701195,1.7721330956625074,0.006968720365037618,0.005551013888507612,0.0037788807928451048,0.00023461460152009,1
2013-08-21,0.002618681680818797,1.759061200237671,0.0022668694407712627,0.0008596204805811259,-0.0008994407196565453,-0.004417563120131888,1
2013-09-19,-0.003942185914443418,1.6636023004531195,-0.004274906374534041,-0.005605788214896537,-0.007269390515349657,-0.010596595116255896,1
2013-10-17,0.011219251746179205,1.7493382961124895,0.010869384086956707,0.009469913450066715,0.007720575153954226,0.004221898561729246,1
2013-11-14,0.0040188242712135966,1.7049912898583657,0.0036778260132419235,0.0023138329813552306,0.0006088416914968651,-0.0028011408882198663,1
2013-12-13,-0.016951365700904376,1.78470802090434,-0.017308307305085244,-0.018736073721808716,-0.020520781742713056,-0.024090197784521736,1
2014-01-14,-0.023128480805039937,1.6363636363636365,-0.023455753532312665,-0.024764844441403575,-0.026401208077767212,-0.029673935350494483,1
2014-02-12,0.0029510723548753226,1.7058293052449318,0.002609906493826336,0.0012452430496303908,-0.00046058625561454106,-0.0038722448661044047,1
2014-03-13,-0.031393329516328734,1.7593739250086,-0.03174520430133045,-0.03315270344133733,-0.03491207736634593,-0.03843082521636314,1
2014-04-10,-0.058992391639394896,1.676986584107327,-0.05932778895621636,-0.06066937822350223,-0.06234636480760955,-0.06570033797582421,1
2014-05-09,0.057227832464533196,1.5875748502994012,0.05691031749447332,0.055640257614233794,0.05405268276393439,0.05087753306333559,1
2014-06-09,0.04298835235853917,1.7383961566888395,0.042640673127201406,0.04124995620185033,0.039511560045161494,0.03603476773178381,1
2014-07-08,-0.03839154693147046,1.7458196422051844,-0.0387407108599115,-0.04013736657367565,-0.04188318621588083,-0.0453748255002912,1
2014-08-05,0.0011415038675389357,1.7584519897772908,0.0007898134695834776,-0.000616948122238355,-0.0023754001120156456,-0.005892304091570227,1
2014-09-03,-0.012575511731645532,1.645225155279503,-0.012904556762701433,-0.014220736886925035,-0.015865962042204536,-0.019156412352763545,1
2014-10-01,-0.019757045854243788,1.686556603773585,-0.020094357174998505,-0.021443602458017373,-0.02313015906179096,-0.02650327226933813,1
2014-10-29,-0.017960327568790704,1.6738998712413848,-0.01829510754303898,-0.019634227440032088,-0.021308127311273472,-0.024655927053756244,1
2014-11-26,0.016533391410037183,1.8128514056224898,0.016170821128912685,0.014720540004414693,0.012907688598792204,0.009281985787547223,1
2014-12-26,0.03356592709939675,1.7462212486308872,0.033216682849670574,0.031819705850765864,0.030073484602134975,0.0265810421048732,1
2015-01-27,0.014735925321992964,1.6918218327856884,0.014397560955435826,0.013044103489207275,0.011352281656421586,0.00796863799085021,1
2015-02-25,-0.0317505229616295,1.6717664449371765,-0.032084876250616935,-0.03342228940656668,-0.03509405585150385,-0.03843758874137821,1
2015-03-25,0.03163245953142197,1.8058823529411765,0.03127128306083374,0.029826577178480793,0.028020694825539618,0.024408930119657266,1
2015-04-23,-0.0044201220669223395,1.7352941176470589,-0.004767180890451752,-0.006155416184569398,-0.007890710302216457,-0.011361298537510575,1
2015-05-21,-0.07482629316840828,1.5923773059519666,-0.07514476862959867,-0.07641867047436024,-0.0780110477803122,-0.08119580239221615,1
2015-06-19,-0.08283963562586671,1.4865297598329272,-0.0831369415778333,-0.08432616538569965,-0.08581269514553257,-0.08878575466519842,1
2015-07-20,0.023360985617703087,1.44,0.023072985617703087,0.021920985617703087,0.020480985617703087,0.01760098561770309,1
2015-08-17,-0.007893766103748763,1.8000000000000003,-0.008253766103748762,-0.009693766103748763,-0.011493766103748764,-0.015093766103748765,1
2015-09-15,0.09866956860121119,1.71082492168465,0.09832740361687427,0.09695874367952655,0.09524791875784189,0.0918262689144726,1
2015-10-13,0.036734891351660345,1.7552395209580838,0.03638384344746873,0.034979651830702264,0.033224412309744177,0.02971393326782801,1
2015-11-10,-0.010194257931546593,1.6756352245040027,-0.010529384976447394,-0.011869893156050595,-0.0135455283805546,-0.016896798829562604,1
2015-12-09,-0.06705463075536482,1.7165680473372782,-0.06739794436483228,-0.06877119880270209,-0.07048776685003938,-0.07392090294471393,1
2016-01-08,-0.1290110824414822,1.5350890318719137,-0.1293181002478566,-0.13054617147335412,-0.13208126050522603,-0.13515143856896986,1
2016-02-08,0.06498029153688276,1.7491770163100404,0.06463045613362074,0.06323111452057271,0.061481937504262674,0.05798358347164259,1
2016-03-08,-0.006668153778076487,1.7481254260395365,-0.007017778863284395,-0.008416279204116023,-0.01016440463015556,-0.013660655482234633,1
2016-04-06,0.07331026655337425,1.684725097768576,0.07297332153382054,0.07162554145560568,0.0699408163578371,0.06657136616229994,1
2016-05-04,0.03880053051928418,1.7866352201257865,0.03844320347525902,0.03701389529915839,0.0352272600790326,0.031653989638781035,1
2016-06-02,0.041097290628927356,1.8875,0.04071979062892735,0.039209790628927356,0.037322290628927356,0.033547290628927355,1
2016-06-30,0.016463841592131136,1.755798294179261,0.016112681933295285,0.014708043297951875,0.012952245003772614,0.009440648415414091,1
2016-07-29,0.01648273110080971,1.8042421068382464,0.01612188267944206,0.014678488993971462,0.012874246887133216,0.009265762673456723,1
2016-08-26,0.02091044295789658,1.675,0.02057544295789658,0.01923544295789658,0.01756044295789658,0.014210442957896578,1
2016-09-26,0.014800608584064805,1.7630434782608697,0.014447999888412631,0.013037565105803936,0.011274521627543065,0.007748434671021326,1
2016-10-24,0.010072502920589794,1.707414596273292,0.009731020001335135,0.008365088324316502,0.00665767372804321,0.003242844535496626,1
2016-11-21,-0.05831352032556833,1.8052558301427082,-0.05867457149159687,-0.06011877615571104,-0.06192403198585374,-0.06553454364613916,1
2016-12-20,0.0035865896911457308,1.7003853564547207,0.0032465126198547864,0.00188620433469101,0.0001858189782362892,-0.0032149517346731524,1
2017-01-20,-0.006645369236721316,1.7406816822802473,-0.0069935055731773655,-0.008386050919001563,-0.01012673260128181,-0.013608095965842306,1
2017-02-17,0.0004547644934451249,1.795682846407484,9.562792416362804e-05,-0.0013409183529623592,-0.0031366011993698433,-0.006727966892184811,1
2017-03-20,0.010402575134188165,1.768491124260355,0.010048876909336094,0.00863408400992781,0.0068655928856674545,0.003328610637146745,1
2017-04-18,-0.0071790048833474274,1.786383488306565,-0.007536281581008741,-0.008965388371653992,-0.010751771859960558,-0.014324538836573687,1
2017-05-16,0.006014483924300838,1.6935955447267663,0.005675764815355485,0.004320888379574072,0.0026272928348473057,-0.0007598982546062269,1
2017-06-14,0.014358753230328146,1.8820744865993735,0.01398233833300827,0.012476678743728773,0.010594604257129398,0.006830455283930652,1
2017-07-13,-0.008975693364088003,1.8790799561883902,-0.009351509355325681,-0.010854773320276394,-0.012733853276464783,-0.016492013188841564,1
2017-08-10,-0.014146437776815573,1.7282219788243884,-0.014492082172580452,-0.015874659755639963,-0.01760288173446435,-0.021059325692113127,1
2017-09-08,0.032132712339816245,1.7509608277900963,0.03178252017425823,0.03038175151202615,0.028630790684236053,0.02512886902865586,1
2017-10-06,-0.0027465947768248395,1.6845238095238093,-0.0030834995387296013,-0.004431118586348649,-0.006115642395872458,-0.009484690014920076,1
2017-11-03,0.044212199420711085,1.708333333333333,0.04387053275404442,0.04250386608737775,0.04079553275404442,0.037378866087377755,1
2017-12-04,0.040017498676827044,1.793491124260355,0.03965880045197497,0.03822400755256669,0.03643051642830633,0.032843534179785625,1
2018-01-03,0.022480327250204643,1.825207398340813,0.02211528577053648,0.02065511985186383,0.018829912453523015,0.01517949765684139,1
2018-02-01,-0.03869371597308147,1.8076635386916902,-0.03905524868081981,-0.04050137951177316,-0.04230904305046485,-0.04592437012784823,1
2018-03-02,0.0077583393510315506,1.7001528137665272,0.007418308788278245,0.006058186537265023,0.004358033723498496,0.0009577280959654419,1
2018-04-02,-0.007435511461115284,1.7789869029275809,-0.0077913088417008,-0.009214498364042865,-0.010993485266970447,-0.014551459072825608,1
2018-04-30,0.01052666279210119,1.6600860297894195,0.010194645586143306,0.00886657676231177,0.00720649073252235,0.0038863186729435114,1
2018-05-29,-0.013120530041670717,1.7924390405953092,-0.01347901784978978,-0.014912969082266027,-0.016705408122861337,-0.020290286204051954,1
2018-06-26,0.0576965067767056,1.757664986946755,0.057344973779316244,0.055938841789758845,0.054181176802812085,0.05066584682891857,1
2018-07-25,-0.00661664349938294,1.8399915002124947,-0.006984641799425439,-0.008456634999595435,-0.010296626499807929,-0.013976609500232919,1
2018-08-22,-0.03190154568226213,1.719113300492611,-0.03224536834236066,-0.03362065898275474,-0.035339772283247355,-0.03877799888423258,1
2018-09-20,5.803741115403393e-05,1.7421018062397375,-0.0002903829500939136,-0.0016840643950857036,-0.003426166201325441,-0.006910369813804916,1
2018-10-18,0.03888247405868497,1.8505747126436782,0.03851235911615623,0.037031899346041286,0.03518132463339761,0.03148017520811025,1
2018-11-15,-0.038718932814167335,1.8275862068965518,-0.03908445005554664,-0.04054651902106389,-0.04237410522796044,-0.046029277641753547,1
2018-12-17,0.02596872724385346,1.6867858583142896,0.0256313700721906,0.024281941385539168,0.02259515552722488,0.0192215838105963,1
2019-01-16,-0.0022780135395172457,1.808917878528657,-0.002639797115222977,-0.004086931418045903,-0.00589584929657456,-0.009513685053631874,1
2019-02-14,-0.0149810677467282,1.7014185913886513,-0.015321351465005932,-0.01668248633811685,-0.018383904929505503,-0.021786742112282806,1
2019-03-15,0.006512155706504659,1.647775876817793,0.006182600531141101,0.004864379829686866,0.003216603952869073,-7.894780076651321e-05,1
2019-04-12,5.990008355550441e-05,1.5942400912460792,-0.00025894793469371147,-0.0015343400076905749,-0.003128580098936654,-0.006317060281428813,1
2019-05-13,-0.0031548235771761994,1.7373467351012262,-0.003502292924196445,-0.004892170312277426,-0.006629517047378652,-0.010104210517581105,1
2019-06-11,-0.016162018789635572,1.7491802110065584,-0.016511854831836884,-0.01791119900064213,-0.01966037921164869,-0.023158739633661808,1
2019-07-10,-0.04510770857401957,1.665846877673225,-0.04544087794955422,-0.046773555451692796,-0.04843940232936602,-0.05177109608471247,1
2019-08-07,0.010328545912782691,1.6353721129170233,0.010001471490199287,0.008693173799865669,0.0070578016869486445,0.003787057461114598,1
2019-09-05,-0.03464317215573561,1.8377822667917176,-0.035010728609093954,-0.03648095442252733,-0.038318736689319045,-0.041994301222902486,1
2019-10-03,-0.0014344445053436662,1.6875045090541807,-0.0017719454071545024,-0.0031219490143978472,-0.004809453523452028,-0.00818446254156039,1
2019-10-31,-0.03875671315988193,1.7535892071279129,-0.039107431001307515,-0.040510302367009844,-0.042263891574137756,-0.04577106998839359,1
2019-11-29,0.005829194928550519,1.7254063301967495,0.005484113662511169,0.004103788598353769,0.0023783822681570197,-0.0010724303922364795,1
2019-12-30,-0.012004998381569078,1.6697528715628263,-0.012338948955881644,-0.013674751253131903,-0.01534450412469473,-0.018684009867820383,1
2020-01-29,-0.06716892270598898,1.740341106856944,-0.06751699092736037,-0.06890926381284593,-0.07064960491970287,-0.07413028713341675,1
2020-02-27,-0.15274859962069667,1.5887185104052572,-0.15306634332277771,-0.15433731813110194,-0.1559260366415072,-0.1591034736623177,1
2020-03-26,0.04463637269304735,1.9293421510616082,0.04425050426283503,0.04270703054198574,0.04077768839092413,0.036919004088800916,1
2020-04-24,-0.046545360434448124,1.6756700313261401,-0.04688049444071335,-0.048221030465774264,-0.049896700497100405,-0.053248040559752685,1
2020-05-22,-0.04609577624217173,1.7434060450527515,-0.04644445745118228,-0.04783918228722448,-0.04958258833227724,-0.053069400422382736,1
2020-06-22,-0.07843668786280188,1.861902863597103,-0.0788090684355213,-0.08029859072639899,-0.08216049358999608,-0.08588429931719029,1
2020-07-21,-0.04024840124118664,1.6196930436515848,-0.04057233984991696,-0.04186809428483823,-0.04348778732848981,-0.04672717341579298,1
2020-08-18,-0.029677206307354872,1.688924323965185,-0.03001499117214791,-0.03136613063132006,-0.03305505495528524,-0.03643290360321561,1
2020-09-16,-0.02439308722056116,1.7179257192213142,-0.024736672364405424,-0.026111012939782473,-0.02782893865900379,-0.03126479009744642,1
2020-10-14,0.0749650419201527,1.6334646962233168,0.07463834898090804,0.07333157722392938,0.07169811252770607,0.06843118313525944,1
2020-11-11,-0.06678533245828633,1.8393431855500821,-0.06715320109539634,-0.06862467564383641,-0.0704640188293865,-0.07414270520048666,1
2020-12-10,0.023575434579316868,1.7338858195211788,0.02322865741541263,0.02184154875979569,0.02010766294027451,0.016639891301232154,1
2021-01-11,-0.1288355358550356,1.713078097731239,-0.12917815147458184,-0.13054861395276685,-0.13226169205049806,-0.13568784824596056,1
2021-02-09,0.10034416987629344,1.654346733668342,0.10001330052955977,0.0986898231426251,0.09703547640895675,0.09372678294162007,1
2021-03-10,0.041375377244439675,1.8039215686274512,0.04101459293071418,0.039571455675812224,0.03776753410718477,0.03415969096992987,1
2021-04-08,0.04627671971067179,1.8382352941176472,0.045909072651848265,0.044438484416554146,0.0426002491224365,0.0389237785342012,1
2021-05-06,0.06362397063860421,1.8080991017096493,0.06326235081826229,0.061815871536894565,0.06000777243518492,0.056391574231765614,1
2021-06-04,0.05290015028903702,1.617541797980877,0.05257664192944085,0.05128260849105615,0.04966506669307527,0.04642998309711351,1
2021-07-02,-0.044320387835294225,1.7164514586322333,-0.04466367812702067,-0.046036839293926456,-0.04775329075255869,-0.05118619366982316,1
2021-08-02,-0.07069862594451466,1.7604734576757533,-0.07105072063604981,-0.07245909940219042,-0.07421957285986616,-0.07774051977521768,1
2021-08-30,-0.0837542336880476,1.7910413432235064,-0.0841124419566923,-0.08554527503127111,-0.08733631637449461,-0.09091839906094162,1
2021-09-28,-0.040855459651383104,1.5198440254259922,-0.041159428456468306,-0.0423753036768091,-0.043895147702235085,-0.04693483575308707,1
2021-10-26,0.006498873647009927,1.7160408097858022,0.0061556654850527665,0.004782832837224125,0.0030667920274383225,-0.00036528959213328206,1
2021-11-23,-0.03027375157207942,1.7890827385672747,-0.030631568119792875,-0.032062834310646694,-0.03385191704921397,-0.03743008252634852,1
2021-12-22,0.07351057837998942,1.823790670524339,0.07314582024588455,0.07168678770946509,0.06986299703894075,0.06621541569789206,1
2022-01-21,0.008079512792114144,1.7731333434851022,0.007724886123417123,0.006306379448629042,0.00453324610514394,0.000986979418173735,1
2022-02-18,-0.038836625302462825,1.6231284475965326,-0.03916125099198213,-0.040459753750059356,-0.042082882197655894,-0.045329139092848955,1
2022-03-21,0.110705444955412,1.8910297927461142,0.11032723899686278,0.10881441516266588,0.10692338536991977,0.10314132578442754,1
2022-04-19,-0.09751914242117025,1.8961841537132988,-0.09789837925191291,-0.09941532657488356,-0.10131151072859686,-0.10510387903602345,1
2022-05-17,-0.025945197695573324,1.7051635903628313,-0.02628623041364589,-0.027650361285936155,-0.029355524876298986,-0.03276585205702465,1
2022-06-15,0.011216390562677436,1.7464981110142404,0.010867090940474588,0.009469892451663195,0.007723394340648955,0.004230398118620474,1
2022-07-15,0.06578842606661653,1.5713278495887193,0.06547416049669878,0.06421709821702781,0.0626457703674391,0.05950311466826165,1
2022-08-12,-0.004537965616079749,1.7189189189189191,-0.004881749399863533,-0.0062568845349986685,-0.007975803453917588,-0.011413641291755426,1
2022-09-12,0.0556056392892617,1.6162162162162166,0.05528239604601846,0.05398942307304549,0.05237320685682927,0.049140774424396835,1
2022-10-10,-0.11079575843295766,1.7165597529104302,-0.11113907038353975,-0.1125123181858681,-0.11422887793877852,-0.11766199744459939,1
2022-11-07,0.0559710181724679,1.5424685198384416,0.05566252446850021,0.05442854965262946,0.052886081132791016,0.04980114409311413,1
2022-12-06,-0.02617089433526769,1.8025881222602533,-0.02653141195971974,-0.027973482457527944,-0.029776070579788195,-0.0333812468243087,1
2023-01-05,-0.15330930912110463,1.5671950999819853,-0.15362274814110102,-0.15487650422108662,-0.1564436993210686,-0.15957808952103258,1
2023-02-03,0.06974636409245542,1.334966737942504,0.06947937074486692,0.06841139735451292,0.06707643061657041,0.0644064971406854,1
2023-03-06,-0.009048474321647067,1.7116298408172965,-0.009390800289810528,-0.010760104162464364,-0.012471734003281661,-0.015894993684916252,1
2023-04-03,-0.005362693706971029,1.7600978495847082,-0.005714713276887971,-0.007122791556555737,-0.008882889406140446,-0.012403085105309861,1
2023-05-02,0.03694155932383231,1.7545226988280804,0.036590654784066694,0.03518703662500423,0.03343251392617615,0.029923468528519986,1
2023-05-31,-0.012594377320515462,1.8004910988336404,-0.01295447554028219,-0.014394868419349102,-0.016195359518182743,-0.019796341715850024,1
2023-06-29,-0.009834582278373293,1.6622946254525202,-0.010167041203463796,-0.011496876903825812,-0.013159171529278334,-0.016483760780183373,1
2023-07-28,-0.010157097135493173,1.7677248677248678,-0.010510642109038145,-0.01192482200321804,-0.013692546870942908,-0.017227996606392643,1
2023-08-25,-0.029813643174093997,1.7881440099317194,-0.03017127197608034,-0.03160178718402572,-0.03338993119395744,-0.03696621921382087,1
2023-09-25,-0.05209957241437688,1.6408574477433935,-0.05242774390392556,-0.05374042986212027,-0.055381287309863664,-0.05866300220535045,1
2023-10-23,0.01679336455714395,1.769945389492185,0.016439375479245514,0.015023419167651765,0.01325347377815958,0.00971358299917521,1
2023-11-20,-0.14773907689279622,1.721972039252588,-0.14808347130064675,-0.1494610489320488,-0.1511830209713014,-0.15462696504980658,1
2006-01-05,-0.05226516144216656,1.0,-0.05246516144216656,-0.05326516144216656,-0.05426516144216656,-0.05626516144216656,2
2006-02-03,0.007868108163251173,1.7232409806657367,0.007523459967118026,0.006144867182585436,0.004421626201919699,0.0009751442405882263,2
2006-03-06,-0.0013730582071444647,1.7464288087170288,-0.0017223439688878704,-0.0031194870158614933,-0.004865915824578522,-0.00835877344201258,2
2006-04-03,-0.0321251501487783,1.6602883529333599,-0.032457207819364974,-0.03378543850171166,-0.03544572685464502,-0.038766303560511736,2
2006-05-02,-0.013409418923410287,1.7183908045977012,-0.013753097084329827,-0.015127809728007988,-0.016846200532605687,-0.02028298214180109,2
2006-05-31,-0.0014634395633510407,1.8470403184386235,-0.0018328476270387654,-0.003310479881789664,-0.005157520200228288,-0.008851600837105535,2
2006-06-28,-0.008741946598148602,1.6434257832562915,-0.00907063175479986,-0.010385372381404894,-0.012028798164661186,-0.015315649731173768,2
2006-07-27,0.004642490253845076,1.7869244568467209,0.004285105362475732,0.0028555657969983553,0.0010686413401516342,-0.0025052075735418075,2
2006-08-24,0.00956605745688201,1.7416236670106642,0.009217732723479878,0.007824433789871346,0.006082810122860683,0.002599562788839354,2
2006-09-22,0.00785280076321692,1.715991237677985,0.007509602515681323,0.006136809525538935,0.00442081828786095,0.0009888358125049804,2
2006-10-20,-0.0001330601112640578,1.7928994082840233,-0.0004916399929208625,-0.001925959519548081,-0.0037188589278321043,-0.007304657744400151,2
2006-11-17,0.017156187110534155,1.8874182695359611,0.01677870345662696,0.015268768840998193,0.013381350571462232,0.00960651403239031,2
2006-12-18,-0.005667453636757712,1.712562686472418,-0.006009966174052196,-0.00738001632323013,-0.009092579009702548,-0.012517704382647384,2
2007-01-19,-0.013082707617784607,1.7433020535835713,-0.013431368028501322,-0.01482600967136818,-0.01656931172495175,-0.02005591583211889,2
2007-02-16,-0.02921823266345359,1.669355344924989,-0.02955210373243859,-0.03088758800837858,-0.03255694335330357,-0.03589565404315355,2
2007-03-19,-0.015604202405338625,1.6603894216797443,-0.015936280289674573,-0.01726459182701837,-0.018924981248698115,-0.0222457600920576,2
2007-04-17,-0.016241056987196332,1.7196454519035165,-0.016584986077577035,-0.01796070243909985,-0.019680347891003366,-0.023119638794810396,2
2007-05-15,-0.012489493316253323,1.726582715197516,-0.012834809859292827,-0.01421607603145084,-0.015942658746648356,-0.019395824177043386,2
2007-06-13,-0.01554179142109285,1.71036743143005,-0.01588386490737886,-0.0172521588525229,-0.018962526283952952,-0.02238326114681305,2
2007-07-12,-0.03247040733995137,1.7742353265362358,-0.032825254405258616,-0.03424464266648761,-0.03601887799302384,-0.03956734864609632,2
2007-08-09,0.1517964723169334,1.8329231400297388,0.15142988768892746,0.14996354917690366,0.14813062603687394,0.14446477975681446,2
2007-09-07,-0.013296943875117423,1.6456442598574577,-0.013626072727088915,-0.014942588134974882,-0.01658823239483234,-0.019879520914547255,2
2007-10-05,0.010852322858941827,1.7640733712839973,0.010499508184685027,0.009088249487657829,0.007324176116373832,0.0037960293738058372,2
2007-11-02,-0.011164457870452614,1.7563559322033897,-0.011515729056893291,-0.012920813802656004,-0.014677169734859392,-0.018189881599266173,2
2007-12-03,0.0005513901755671109,1.7225218284540318,0.0002068858098763045,-0.001171131652886921,-0.0028936534813409527,-0.006338697138249016,2
2008-01-02,0.06475261643613207,1.7394709809964046,0.0644047222399328,0.06301314545513567,0.06127367447413926,0.05779473251214645,2
2008-01-31,0.015030702953498879,1.8062337662337662,0.014669456200252125,0.013224469187265112,0.011418235421031346,0.007805767888563814,2
2008-02-29,-0.0455274057818994,1.789155844155844,-0.04588523695073057,-0.04731656162605524,-0.049105717470211085,-0.05268402915852277,2
2008-03-31,-0.0762142516241511,1.6660130718954247,-0.07654745423853018,-0.07788026469604653,-0.07954627776794196,-0.0828783039117328,2
2008-04-28,-0.02046183132806715,1.7065703474372202,-0.020803145397554592,-0.02216840167550437,-0.02387497202294159,-0.027288112717816032,2
2008-05-27,-0.0869174436269407,1.7131807812945534,-0.08726007978319962,-0.08863062440823526,-0.09034380518952981,-0.09377016675211892,2
2008-06-24,0.13902080844425807,1.6115982321072142,0.13869848879783664,0.13740921021215086,0.13579761198004364,0.1325744155158292,2
2008-07-23,0.04296088031196799,1.9584742180896029,0.04256918546835007,0.04100240609387839,0.039043931875788786,0.035126983439609585,2
2008-08-20,0.18081230081325028,1.9406875176105944,0.18042416330972816,0.1788716132956397,0.1769309257780291,0.1730495507428079,2
2008-09-18,-0.0721405915300558,1.7135372112917024,-0.07248329897231413,-0.0738541287413475,-0.0755676659526392,-0.07899474037522261,2
2008-10-16,-0.02753654532991276,1.7155509546813896,-0.027879655520849037,-0.02925209628459415,-0.030967647239275538,-0.034398749148638316,2
2008-11-13,0.03032379534117421,1.716981132075472,0.029980399114759117,0.02860681420909874,0.026889833077023268,0.02345587081287232,2
2008-12-12,-0.03231608316321272,1.8914086122406424,-0.03269436488566085,-0.03420749177545336,-0.036098900387694,-0.03988171761217529,2
2009-01-13,-0.09186311064447451,1.8310041103934234,-0.0922293114665532,-0.09369411475486794,-0.09552511886526135,-0.09918712708604821,2
2009-02-11,-0.051687487948181406,1.8179602549681289,-0.052051079999175034,-0.053505448203149536,-0.055323408458117666,-0.05895932896805392,2
2009-03-12,0.014212754577784658,1.7112258064516128,0.013870509416494335,0.012501528771333046,0.010790302964881433,0.007367851351978207,2
2009-04-09,-0.13475304503374302,1.778902637170354,-0.1351088255611771,-0.13653194767091337,-0.13831085030808374,-0.14186865558242445,2
2009-05-08,0.07632597733577648,1.785097636176773,0.07596895780854113,0.0745408796995997,0.07275578206342294,0.06918558679106938,2
2009-06-08,0.014964047267715237,1.820863309352518,0.014599874605844733,0.013143183958362718,0.0113223206490102,0.007680594030305164,2
2009-07-07,0.12620792243651308,1.7815508304242038,0.12585161227042824,0.12442637160608887,0.12264482077566467,0.11908171911481626,2
2009-08-04,0.0015067630665614854,1.8153594771241828,0.0011436911711366488,-0.0003085964105626973,-0.00212395588768688,-0.005754674841935245,2
2009-09-01,0.05786075668067835,1.7786492374727672,0.0575050268331838,0.05608210744320559,0.05430345820573282,0.050746159730787284,2
2009-09-30,-0.0440912828099282,1.694118269332487,-0.0444301064637947,-0.04578540107926069,-0.04747951934859318,-0.05086775588725815,2
2009-10-28,0.010209207161146802,1.7220364741641339,0.009864799866313976,0.008487170686982667,0.006765134212818534,0.0033210612644902666,2
2009-11-25,0.04092783393740604,1.6580040526849036,0.04059623312686906,0.039269829884721136,0.03761182583203623,0.03429581772666643,2
2009-12-24,0.012741193994778783,1.8564748201438848,0.012369899030750007,0.010884719174634898,0.009028244354491014,0.005315294714203244,2
2010-01-26,-0.023021024219310925,1.7327703054947343,-0.023367578280409872,-0.02475379452480566,-0.026486564830300395,-0.029952105441289862,2
2010-02-24,0.004528892229794105,1.6268242548818088,0.004203527378817743,0.0029020679749122962,0.0012752437200304876,-0.00197840478973313,2
2010-03-24,-0.0008523663067568701,1.697165800661313,-0.0011917994668891327,-0.002549532107418183,-0.004246697908079496,-0.007641029509402123,2
2010-04-22,-0.007719570220054041,1.6837978271138405,-0.00805632978547681,-0.009403368047167881,-0.011087165874281723,-0.014454761528509403,2
2010-05-20,0.032230635500808985,1.805613741097612,0.031869512752589466,0.030425021759711374,0.028619408018613762,0.025008180536418536,2
2010-06-18,0.0013880783561018828,1.8251780477586927,0.0010230427465501442,-0.00043709969165681,-0.002262277739415503,-0.005912633834932889,2
2010-07-19,0.022792715772258373,1.7367816091954023,0.022445359450419294,0.02105593416306297,0.01931915255386757,0.015845589335476765,2
2010-08-16,0.011390410219032698,1.6980695360977052,0.011050796311813157,0.009692340682934994,0.007994271146837288,0.004598132074641877,2
2010-09-14,0.015453087883378732,1.7469502658742573,0.01510369783020388,0.013706137617504475,0.011959187351630218,0.008465286819881703,2
2010-10-12,0.016837645016723045,1.7674283296308049,0.016484159350796883,0.01507021668709224,0.013302788357461435,0.009767931698199825,2
2010-11-09,-0.0461170730115325,1.700611888111888,-0.046457195389154875,-0.047817684899644386,-0.04951829678775627,-0.05291952056398005,2
2010-12-08,-0.023938846109944942,1.6169386169386168,-0.024262233833332664,-0.02555578472688356,-0.027172723343822175,-0.030406600577699408,2
2011-01-06,0.041018108967550204,1.7134470226446743,0.040675419563021266,0.039304661944905527,0.037591214922260856,0.03416432087697151,2
2011-02-04,-0.041252313374501616,1.791492835116996,-0.041610611941525016,-0.04304380620961861,-0.044835299044735606,-0.0484182847149696,2
2011-03-07,-0.005121257382229179,1.7180082559339525,-0.005464859033415969,-0.006839265638163131,-0.008557273894097083,-0.011993290405964988,2
2011-04-04,0.03342925302273987,1.6394908840729272,0.03310135484592529,0.031789762138666945,0.03015027125459402,0.026871289486448163,2
2011-05-03,-0.024113480691679037,1.8283373997908678,-0.02447914817163721,-0.025941818091469903,-0.027770155491260773,-0.031426830290842506,2
2011-06-01,0.01460059308890502,1.8007947019867552,0.01424043414850767,0.012799798386918266,0.010999003684931511,0.007397414280958,2
2011-06-29,0.004439261366577223,1.6549104490280964,0.004108279276771604,0.0027843509175491266,0.0011294404685210304,-0.0021803804295351626,2
2011-07-28,-0.02690070949316213,1.8436041083099908,-0.02726943031482413,-0.028744313601472123,-0.030587917709782114,-0.0342751259264021,2
2011-08-25,-0.04411928562954387,1.7643312101910826,-0.044472151871582086,-0.04588361683973495,-0.04764794804992604,-0.0511766104703082,2
2011-09-23,0.10028453022796169,1.5796178343949046,0.0999686066610827,0.09870491239356678,0.09712529455917188,0.09396605889038206,2
2011-10-21,-0.011916973193460512,1.8301617944475088,-0.012283005552350014,-0.01374713498790802,-0.01557729678235553,-0.019237620371250548,2
2011-11-18,-0.03334677242480309,1.7414965986394557,-0.033695071744530986,-0.035088269023442545,-0.036829765622082004,-0.04031275881936092,2
2011-12-19,0.10112503845616568,1.7142857142857142,0.10078218131330853,0.09941075274187997,0.09769646702759424,0.09426789559902282,2
2012-01-19,-0.011318011772392583,1.754013592041761,-0.011668814490800936,-0.013072025364434345,-0.014826038956476106,-0.01833406614055963,2
2012-02-16,-0.01855018677867508,1.702346743295019,-0.018890656127334083,-0.0202525335219701,-0.02195488026526512,-0.025359573751855154,2
2012-03-16,-0.003503022727708453,1.7761537047251337,-0.00385825346865348,-0.005279176432433587,-0.00705533013715872,-0.010607637546608987,2
2012-04-16,0.030779141152321172,1.8101213458356316,0.030417116883154047,0.02896901980648554,0.027158898460649908,0.023538655768978647,2
2012-05-14,-0.03545859494515009,1.7732640529050543,-0.0358132477557311,-0.037231858998055145,-0.039005123050960204,-0.04255165115677031,2
2012-06-12,0.014071343827846994,1.7801133679735475,0.013715321154252285,0.012291230459873447,0.0105111170918999,0.006950890355952804,2
2012-07-11,0.046946442318741344,1.8019178903206474,0.046586058740677214,0.04514452442842069,0.04334260653810005,0.039738770757458755,2
2012-08-08,0.005050775532606709,1.823294376186195,0.00468611665736947,0.003227481156420514,0.001404186780234319,-0.002242401972138071,2
2012-09-06,-0.026442561778684235,1.7747804929651965,-0.026797517877277275,-0.02821734227164943,-0.029992122764614628,-0.03354168375054502,2
2012-10-04,0.0013390690680970064,1.612676056338028,0.0010165338568294009,-0.0002736069882410216,-0.0018862830445790495,-0.005111635157255105,2
2012-11-05,0.00633389506258107,1.7676056338028168,0.005980373935820506,0.004566289428778253,0.002798683794975436,-0.0007365274726301978,2
2012-12-04,0.010541234551526312,1.6700145887105824,0.010207231633784196,0.00887121996281573,0.0072012053741051475,0.0038611761966839825,2
2013-01-03,-0.006448261559530062,1.7441742654508612,-0.006797096412620235,-0.008192435824980924,-0.009936610090431786,-0.013424958621333506,2
2013-02-01,-0.02184854981998663,1.7563131313131315,-0.022199812446249256,-0.023604862951299762,-0.02536117608261289,-0.028873802345239154,2
2013-03-04,-0.011169346999226861,1.7510429892980228,-0.011519555597086466,-0.012920389988524884,-0.014671432977822908,-0.01817351895641895,2
2013-04-02,-0.02218396618351514,1.6093324868492653,-0.022505832680884994,-0.023793298670364404,-0.02540263115721367,-0.028621296130912202,2
2013-04-30,-0.02107617623597527,1.7830943188086046,-0.02143279509973699,-0.022859270554783873,-0.02464236487359248,-0.028208553511209686,2
2013-05-29,-0.0187835460032508,1.854304635761589,-0.019154406930403118,-0.02063785063901239,-0.022492155274773978,-0.026200764546297158,2
2013-06-26,0.026870838973527027,1.741721854304636,0.0265224946026661,0.025129117119222392,0.023387395264917756,0.01990395155630848,2
2013-07-25,-0.004327282644432863,1.5962142432730668,-0.0046465254930874765,-0.00592349688770593,-0.007519711130978997,-0.01071213961752513,2
2013-08-22,-0.016428043583543724,1.823953823953824,-0.01679283434833449,-0.01825199740749755,-0.020075951231451374,-0.02372385887935902,2
2013-09-20,-0.0025117086341074706,1.6900052283025444,-0.0028497096797679795,-0.004201713862410015,-0.005891719090712559,-0.009271729547317649,2
2013-10-18,-0.008428520711687487,1.7381593989874244,-0.008776152591484971,-0.010166680110674911,-0.011904839509662335,-0.015381158307637186,2
2013-11-15,0.019413457771967728,1.628747795414462,0.019087708212884837,0.017784709976553265,0.016155962181138805,0.01289846659030988,2
2013-12-16,-0.02396417978513303,1.7028985507246377,-0.024304759495277956,-0.025667078335857667,-0.027369976886582305,-0.03077577398803158,2
2014-01-15,-0.02205175556343598,1.7643665571376417,-0.02240462887486351,-0.023816122120573623,-0.025580488677711264,-0.029109221791986547,2
2014-02-13,0.012578648723599033,1.6347305389221558,0.012251702615814602,0.010943918184676877,0.00930918764575472,0.006039726567910409,2
2014-03-14,-0.01782616887299196,1.7712418300653596,-0.018180417239005032,-0.01959741070305732,-0.02136865253312268,-0.0249111361932534,2
2014-04-11,-0.03970387852746648,1.636222910216718,-0.04003112310950982,-0.0413401014376832,-0.042976324347899914,-0.04624877016833335,2
2014-05-12,0.010172042701056065,1.6411462788708298,0.009843813445281898,0.008530896422185234,0.0068897501433144055,0.0036074575855727454,2
2014-06-10,0.03466119077517387,1.7757575757575756,0.034306039260022354,0.032885433199416295,0.031109675623658718,0.02755816047214357,2
2014-07-09,-0.013048029796283828,1.8488134355604235,-0.013417792483395913,-0.014896843231844252,-0.016745656667404674,-0.020443283538525522,2
2014-08-06,-0.017680250862600125,1.734063526834611,-0.018027063567967048,-0.019414314389434736,-0.021148377916269348,-0.024616504969938568,2
2014-09-04,-0.03821397270945457,1.6573757763975157,-0.03854544786473407,-0.03987134848585209,-0.0415287242622496,-0.04484347581504464,2
2014-10-02,-0.06870739745572181,1.648624213836478,-0.0690371222984891,-0.07035602166955829,-0.07200464588339477,-0.07530189431106772,2
2014-10-30,0.009796414665703112,1.7844807998182233,0.009439518505739467,0.008011933865884889,0.006227453066066665,0.002658491466430219,2
2014-11-28,-0.010943414318412607,1.7090909090909092,-0.01128523250023079,-0.012652505227503517,-0.014361596136594426,-0.017779777954776244,2
2014-12-29,0.03956566550551074,1.7282584884994525,0.039220013807810844,0.037837407017011285,0.03610914852851183,0.03265263155151293,2
2015-01-28,0.004361930797952944,1.6980284775465497,0.0040223251024436345,0.0026639023204063942,0.0009658738428598448,-0.0024301831122332546,2
2015-02-26,-0.003774086129091786,1.7221613727637823,-0.004118518403644543,-0.0054962475018555685,-0.007218408874619351,-0.010662731620146915,2
2015-03-26,0.024110111638020904,1.7579881656804732,0.02375851400488481,0.02235212347234043,0.020594135306659957,0.01707815897529901,2
2015-04-24,-0.0025519152584194916,1.7991646362687086,-0.0029117481856732333,-0.0043510798946882,-0.006150244530956909,-0.009748573803494327,2
2015-05-22,-0.04050466649544653,1.727000563539025,-0.04085006660815434,-0.04223166705898556,-0.04395866762252458,-0.047412668749602635,2
2015-06-22,-0.0885545146021969,1.6142927585235278,-0.08887737315390161,-0.09016880736072043,-0.09178310011924395,-0.09501168563629102,2
2015-07-21,-0.00023874189734925675,1.45229552853631,-0.0005292010030565188,-0.0016910374258855667,-0.0031433329544218766,-0.006047924011494496,2
2015-08-18,-0.01215180045387162,1.6077004850176069,-0.012473340550875142,-0.013759500938889228,-0.015367201423906834,-0.01858260239394205,2
2015-09-16,0.04800136635575704,1.5987121475809258,0.047681623926240854,0.04640265420817611,0.04480394206059519,0.04160651776543334,2
2015-10-14,-0.021858395696784105,1.6537995437696036,-0.022189155605538025,-0.02351219524055371,-0.02516599478432331,-0.028473593871862518,2
2015-11-11,-0.01324294041659146,1.716811695092238,-0.013586302755609906,-0.014959752111683697,-0.016676563806775936,-0.02011018719696041,2
2015-12-10,-0.11587486730477055,1.7342499129829445,-0.11622171728736713,-0.1176091172177535,-0.11934336713073644,-0.12281186695670232,2
2016-01-11,-0.12515088239290456,1.5743902439024389,-0.12546576044168506,-0.126725272636807,-0.12829966288070943,-0.13144844336851433,2
2016-02-09,0.06972681059232555,1.6654101995565411,0.06939372855241424,0.068061400392769,0.06639599019321246,0.06306516979409939,2
2016-03-09,0.03367884277962741,1.6677270317352118,0.03334529737328037,0.0320111157478922,0.030343388716156987,0.027007934652686565,2
2016-04-07,0.09141679600126072,1.7136257763975156,0.09107407084598122,0.08970317022486321,0.08798954444846568,0.08456229289567066,2
2016-05-05,0.039665732210816484,1.8103654167661811,0.039303659127463246,0.037855366794050306,0.03604500137728412,0.03242427054375176,2
2016-06-03,0.029954139086251275,1.792806603773585,0.029595577765496556,0.02816133248247769,0.026368525878704106,0.022782912671156934,2
2016-07-01,0.039456429247545104,1.8357354028085737,0.03908928216698339,0.03762069384473653,0.03578495844192796,0.032113487636310806,2
2016-08-01,0.018232105567589005,1.8419438285291942,0.017863716801883166,0.01639016173905981,0.014548217910530617,0.010864330253472228,2
2016-08-29,-0.00755639910155691,1.7554638364779875,-0.007907491868852506,-0.009311862938034897,-0.011067326774512885,-0.01457825444746886,2
2016-09-27,0.014038907273606053,1.7133152173913047,0.013696244230127792,0.012325592056214748,0.010612276838823443,0.007185646404040834,2
2016-10-25,-0.011175473471385863,1.7695652173913046,-0.011529386514864124,-0.012945038688777168,-0.014714603906168472,-0.01825373434095108,2
2016-11-22,-0.05168443211044712,1.7770553835569318,-0.052039843187158506,-0.05346148749400405,-0.055238542877560984,-0.05879265364467485,2
2016-12-21,0.018116032699016602,1.6887250016610191,0.0177782876986844,0.01642730769735558,0.014738582695694565,0.011361132692372525,2
2017-01-23,0.028328948480225345,1.7636369676433459,0.027976221086696677,0.026565311512582,0.024801674544938652,0.02127440060965196,2
2017-02-21,-0.02303900964192642,1.8080668660378807,-0.023400623015133997,-0.024847076507964302,-0.026655143374002183,-0.030271277106077944,2
2017-03-21,0.007068016099679631,1.7672512118619903,0.006714565857307233,0.00530076488781764,0.0035335136759556502,-9.887477683302726e-07,2
2017-04-19,-0.028712051191128435,1.7134659252922724,-0.029054744376186888,-0.030425517116420706,-0.032138983041712976,-0.035565914892297525,2
2017-05-17,-0.0009866896447062769,1.744892927585235,-0.0013356682302233238,-0.0027315825722915117,-0.0044764754998767465,-0.007966261355047216,2
2017-06-15,0.030329958433163842,1.851789236404621,0.029959600585882918,0.02847816919675922,0.0266263799603546,0.022922801487545358,2
2017-07-14,0.014819662649370739,1.9154435925520263,0.014436573930860333,0.012904219056818713,0.010988775464266687,0.007157888279162633,2
2017-08-11,0.004447444634157473,1.734501642935378,0.004100544305570397,0.002712942991222095,0.0009784413482867172,-0.0024905619375840387,2
2017-09-11,0.024232155800522327,1.7385439763488542,0.023884447005252555,0.022493611824173473,0.020755067847824618,0.01727797989512691,2
2017-10-09,0.01323255299525455,1.7627148492533107,0.012880010025403888,0.01146983814600124,0.00970712329674793,0.0061816935982413074,2
2017-11-06,0.04299062806559007,1.7684559030712876,0.042636936884975815,0.041222172162518785,0.0394537162594475,0.03591680445330492,2
2017-12-05,0.026030995951462948,1.8229725026105115,0.025666401450940846,0.024208023448852437,0.022385050946241925,0.018739105941020903,2
2018-01-04,0.0028535634074390416,1.8834829321365427,0.002476866821011733,0.0009700804753024989,-0.0009134024568340439,-0.0046803683211071295,2
2018-02-02,-0.021414365571014435,1.772439820481436,-0.02176885353511072,-0.023186805391495872,-0.02495924521197731,-0.02850412485294018,2
2018-03-05,0.00965452491795997,1.7535960591133004,0.00930380570613731,0.007900928858846669,0.006147332799733368,0.0026401406815067677,2
2018-04-03,0.038839626373622545,1.8072675911658962,0.03847817285538937,0.03703235878245665,0.035225091191290754,0.03161055600895896,2
2018-05-01,-0.01818515652346903,1.71680790960452,-0.018528518105389934,-0.01990196443307355,-0.021618772342678068,-0.02505238816188711,2
2018-05-30,-0.0100971405507119,1.7810444488738288,-0.010453349440486667,-0.01187818499958573,-0.013659229448459558,-0.017221318346207215,2
2018-06-27,0.07911349979005468,1.7906623762977354,0.07875536731479513,0.07732283741375694,0.07553217503745921,0.07195085028486374,2
2018-07-26,0.005588348807738206,1.8291239147592737,0.005222524024786351,0.0037592248929789324,0.0019301009782196586,-0.0017281468512988889,2
2018-08-23,-0.021101683603686586,1.8167159277504104,-0.021465026789236667,-0.022918399531436998,-0.024735115459187405,-0.028368547314688228,2
2018-09-21,0.028951135554263943,1.7994417077175697,0.02859124721272043,0.027151693846546372,0.025352252138828805,0.021753368723393663,2
2018-10-19,0.02742031190836314,1.8329679091090294,0.027053718326541337,0.025587343999254112,0.023754376090145083,0.02008844027192702,2
2018-11-16,-0.03718746314848096,1.8385489336256726,-0.0375551729352061,-0.03902601208210663,-0.040864561015732305,-0.04454165888298365,2
2018-12-18,0.027559373974334816,1.704026078774029,0.02721856875858001,0.025855347895560786,0.02415132181678676,0.0207432696592387,2
2019-01-17,0.02775155151966953,1.7305389221556888,0.027405443735238393,0.02602101259751384,0.02429047367535815,0.020829395831046774,2
2019-02-15,-0.038686778961579515,1.724550898203593,-0.03903168914122023,-0.04041132985978311,-0.0421358807579867,-0.04558498255439389,2
2019-03-18,0.00039867551202143504,1.6699965193177864,6.467620815787776e-05,-0.0012713210072963514,-0.002941317526614138,-0.006281310565249711,2
2019-04-15,0.024777117918025685,1.7465367211973546,0.024427810573786214,0.02303058119682833,0.021284044475630974,0.017790971033236267,2
2019-05-14,-0.04526207836144469,1.740097459101984,-0.045610097853265086,-0.04700217582054667,-0.04874227327964866,-0.052222468197852624,2
2019-06-12,0.0015416962906870633,1.6987817612252003,0.0012019399384420233,-0.00015708547053813705,-0.0018558672317633374,-0.005253430754213738,2
2019-07-11,0.01745893287747216,1.717733208282231,0.017115386235815714,0.01574119966918993,0.0140234664609077,0.010588000044343238,2
2019-08-08,-0.02107576633079786,1.7371685201026519,-0.02142320003481839,-0.022812934850900513,-0.024550103371003166,-0.028024440411208468,2
2019-09-06,-0.02717252717217196,1.8388223552894212,-0.027540291643229842,-0.02901134952746138,-0.030850171882750802,-0.034527816593329645,2
2019-10-04,0.014382398500998343,1.7356612077050717,0.014035266259457328,0.012646737293293272,0.010911076085588198,0.007439753670178056,2
2019-11-01,-0.0180178910192901,1.6997330639924972,-0.0183578376320886,-0.019717624083282596,-0.021417357147275093,-0.024816823275260087,2
2019-12-02,0.01940885509327287,1.7658177620662292,0.019055691540859624,0.017643037331206642,0.015877219569140413,0.012345584045007955,2
2019-12-31,0.03491961298637041,1.65609275125799,0.034588394436118816,0.03326352023511242,0.03160742748385443,0.028295241981338454,2
2020-01-30,-0.04587563658286398,1.7957976336189312,-0.046234796109587764,-0.04767143421648291,-0.04946723185010184,-0.0530588271173397,2
2020-02-28,-0.20209367824911798,1.6513960031743742,-0.20242395744975286,-0.20374507425229235,-0.20539647025546673,-0.20869926226181548,2
2020-03-27,0.008773159801099897,1.8990912933220625,0.008393341542435484,0.006874068507777835,0.004974977214455773,0.0011767946278116474,2
2020-04-27,-0.012919041893504166,1.7033319244857705,-0.01325970827840132,-0.014622373817989935,-0.016325705742475705,-0.01973236959144725,2
2020-05-26,-0.009665553741177006,1.8814454775993237,-0.01004184283669687,-0.01154699921877633,-0.013428444696375653,-0.0171913356515743,2
2020-06-23,-0.06661250783458342,1.8626272577996716,-0.06698503328614336,-0.0684751350923831,-0.07033776235018276,-0.07406301686578211,2
2020-07-22,-0.05157712898588443,1.74807881773399,-0.05192674474943123,-0.05332520780361842,-0.05507328662135241,-0.05856944425682039,2
2020-08-19,0.016034127268672302,1.7466281310211946,0.015684801642468063,0.014287499137651108,0.012540871006629912,0.009047614744587523,2
2020-09-17,0.022311395817360927,1.710512165613658,0.021969293384238194,0.020600883651747268,0.018890371486133612,0.015469347154906294,2
2020-10-15,0.06306588362776626,1.7350674373795765,0.06271887014029034,0.06133081619038668,0.059595748753007105,0.05612561387824795,2
2020-11-12,-0.1125518923333467,1.815394325958408,-0.11291497119853838,-0.11436728665930511,-0.11618268098526352,-0.11981346963718033,2
2020-12-11,-0.02811312746580031,1.7300103211705422,-0.02845912953003442,-0.029843137786970852,-0.031573148108141394,-0.03503316875048248,2
2021-01-12,-0.07354762847593586,1.6765924956369984,-0.07388294697506326,-0.07522422097157286,-0.07690081346720987,-0.08025399845848386,2
2021-02-10,0.11877860167221968,1.6909701492537312,0.11844040764236893,0.11708763152296595,0.11539666137371221,0.11201472107520476,2
2021-03-11,0.04076260859575473,1.780105212816834,0.04040658755319136,0.0389825033829379,0.03720239817012106,0.03364218774448739,2
2021-04-09,0.015597523554333508,1.8043280726924915,0.01523665793979501,0.013793195481641016,0.011988867408948525,0.008380211263563541,2
2021-05-07,0.07037660590615379,1.7378188557772034,0.07002904213499835,0.06863878705037658,0.06690096819459938,0.06342533048304497,2
2021-06-07,0.03580396653872103,1.6848726029592436,0.03546699201812918,0.03411909393576179,0.03243422133280255,0.029064476126884058,2
2021-07-06,-0.07957381942901762,1.7359397417503586,-0.0799210073773677,-0.08130975917076798,-0.08304569891251834,-0.08651757839601905,2
2021-08-03,-0.046431368956677675,1.736131037780966,-0.04677859516423387,-0.04816749999445864,-0.049903631032239604,-0.05337589310780154,2
2021-08-31,-0.03520294681245546,1.7158587775286067,-0.03554611856796119,-0.03691880558998407,-0.03863466436751268,-0.04206638192256989,2
2021-09-29,-0.03291980819404275,1.6746434485337323,-0.0332547368837495,-0.03459445164257648,-0.03626909509111021,-0.03961838198817768,2
2021-10-27,-0.012197257785434536,1.7107259227605365,-0.012539402969986643,-0.013907983708195073,-0.015618709630955609,-0.019040161476476684,2
2021-11-24,-0.04830138259723173,1.6928309785452642,-0.048639948792940785,-0.049994213575777,-0.05168704455432226,-0.05507270651141279,2
2021-12-23,0.02960564990219369,1.8085376376833664,0.029243942374657016,0.027797112264510322,0.025988574626826955,0.022371499351460225,2
2022-01-24,-0.007626061488074158,1.727831074564743,-0.007971627702987106,-0.009353892562638902,-0.011081723637203644,-0.01453738578633313,2
2022-02-22,0.031506605578813365,1.7223518033906018,0.031162135218135247,0.029784253775422764,0.028061901972032163,0.024617198365250958,2
2022-03-22,0.12547948793986932,1.8652849740932642,0.12510643094505067,0.12361420296577606,0.12174891799168279,0.11801834804349627,2
2022-04-20,-0.05859748365472174,1.8756476683937824,-0.0589726131884005,-0.06047313132311552,-0.062348778991509306,-0.06610007432829687,2
2022-05-18,0.02667586013825378,1.7428267494681158,0.026327294788360156,0.024933033388785664,0.023190206639317548,0.019704553140381317,2
2022-06-16,0.044651396354843595,1.8,0.044291396354843596,0.04285139635484359,0.041051396354843596,0.0374513963548436,2
2022-07-18,0.07157070786863691,1.67975910693302,0.07123475604725031,0.06989094876170389,0.06821118965477087,0.06485167144090483,2
2022-08-15,0.014030751805576613,1.7358907294391166,0.01368357365968879,0.012294861076137496,0.01055897034669838,0.007087188887820147,2
2022-09-13,0.09716812082544828,1.6390874745713455,0.096840303330534,0.09552903335087692,0.09388994587630559,0.0906117709271629,2
2022-10-11,-0.08001129339836689,1.8474400095034453,-0.08038078140026758,-0.08185873340787034,-0.08370617341737378,-0.08740105343638067,2
2022-11-08,0.04912891479982157,1.56388096935139,0.0488161386059513,0.047565033830470185,0.04600115286111879,0.042873390922416016,2
2022-12-07,-0.00285965217383425,1.7692307692307694,-0.0032134983276804036,-0.004628882943065019,-0.006398113712295789,-0.009936575250757328,2
2023-01-06,-0.06088001234919042,1.5999519606076984,-0.06120000274131196,-0.06247996430979812,-0.06407991627040581,-0.06727982019162121,2
2023-02-06,0.05646650766045811,1.6239308624376336,0.056141721487970586,0.05484257679802048,0.05321864593558284,0.049970784210707574,2
2023-03-07,-0.004801426314196139,1.749584224281302,-0.005151343159052399,-0.006551010538477441,-0.008300594762758743,-0.011799763211321347,2
2023-04-04,0.021466435586861496,1.6785406244609282,0.021130727461969312,0.01978789496240057,0.01810935433793964,0.014752273089017783,2
2023-05-03,0.052549141544603786,1.694037145650049,0.052210334115473774,0.050855104398953736,0.049161067253303686,0.04577299296200359,2
2023-06-01,0.012662527814533767,1.746524194038006,0.012313222975726165,0.010916003620495761,0.009169479426457754,0.005676431038381742,2
2023-06-30,-0.04193462318399228,1.7729880256196047,-0.0422892207891162,-0.043707611209611884,-0.045480599235231484,-0.0490265752864707,2
2023-07-31,0.027686926404023003,1.7150375939849627,0.027343918885226012,0.025971888810038042,0.024256851216053078,0.020826776028083152,2
2023-08-28,-0.04754050944532888,1.8329298572315333,-0.04790709541677519,-0.04937343930256041,-0.051206369159791945,-0.05487222887425501,2
2023-09-26,-0.06648723191114386,1.7029062833469335,-0.06682781316781325,-0.0681901381944908,-0.06989304447783773,-0.0732988570445316,2
2023-10-24,0.014253645503367668,1.6858954240160693,0.013916466418564453,0.012567750079351597,0.010881854655335529,0.00751006380730339,2
2023-11-21,-0.16135931003143353,1.819597443220454,-0.16172322952007762,-0.163178907474654,-0.16499850491787443,-0.16863769980431534,2
2006-01-06,-0.02826974903282099,1.0,-0.028469749032820988,-0.02926974903282099,-0.030269749032820988,-0.03226974903282099,3
2006-02-06,-0.003446412590461688,1.7522423759218657,-0.003796861065646061,-0.0051986549663835535,-0.006950897342305419,-0.010455382094149151,3
2006-03-07,-0.018307948386258214,1.6945053484818282,-0.01864684945595458,-0.020002453734740043,-0.02169695908322187,-0.025085969780185527,3
2006-04-04,-0.04589899510709209,1.7234070825858747,-0.046243676523609265,-0.04762240218967796,-0.04934580927226384,-0.05279262343743559,3
2006-05-03,-0.02362563607666559,1.7132676518883414,-0.023968289607043256,-0.025338903728553932,-0.02705217138044227,-0.030478706684218954,3
2006-06-01,-0.010568672494522192,1.7620698510529018,-0.010921086464732771,-0.012330742345575093,-0.014092812196627995,-0.017616951898733798,3
2006-06-29,-0.008066029138295667,1.7111260914227016,-0.008408254356580207,-0.009777155229718369,-0.01148828132114107,-0.014910533503986474,3
2006-07-28,-0.008037187796810358,1.7625016803333782,-0.008389688132877033,-0.009799689477143736,-0.011562191157477114,-0.015087194518143872,3
2006-08-25,0.09172006153921601,1.6656002751977985,0.09138694148417645,0.09005446126401821,0.08838886098882041,0.08505766043842482,3
2006-09-25,0.021921430294061753,1.774981522542498,0.021566433989553255,0.020146448771519256,0.01837146724897676,0.01482150420389176,3
2006-10-23,0.01804284679859973,1.8227636616776888,0.017678294066264193,0.01622008313692204,0.014397319475244351,0.010751792151888973,3
2006-11-20,0.003463628884254536,1.8143528216847584,0.0031007583199175845,0.0016492760625697778,-0.00016507675911498062,-0.0037937824024844974,3
2006-12-19,-0.01965028505490369,1.7577604265854123,-0.02000183714022077,-0.021408045481489103,-0.023165805908074513,-0.02668132676124534,3
2007-01-22,0.009313323578813114,1.7724058207534341,0.008958842414662428,0.0075409177580596795,0.005768511937306245,0.0022237002957993775,3
2007-02-20,-0.008060770529627833,1.8104283054003725,-0.008422856190707907,-0.009871198835028206,-0.011681627140428578,-0.015302483751229324,3
2007-03-20,-0.01042908750897023,1.7143272304562627,-0.010771952955061483,-0.012143414739426494,-0.013857741969882756,-0.01728639643079528,3
2007-04-18,-0.00040516777589521207,1.8061028770706193,-0.000766388351309336,-0.0022112706529658316,-0.004017373530036451,-0.00762957928417769,3
2007-05-16,0.00030859065086517867,1.7224655819774721,-3.5902465530315776e-05,-0.0014138749311122935,-0.0031363405130897656,-0.00658127167704471,3
2007-06-14,-0.03274096554278943,1.6850608715439757,-0.03307797771709822,-0.034426026414333406,-0.03611108728587738,-0.03948120902896533,3
2007-07-13,-0.026358688935187377,1.73361147469459,-0.026705411230126295,-0.028092300409881966,-0.029825911884576558,-0.03329313483396574,3
2007-08-10,0.05601648879161632,1.7955721393034827,0.05565737436375562,0.05422091665231284,0.05242534451300935,0.04883420023440239,3
2007-09-10,-0.006265896312746997,1.690820895522388,-0.006604060491851475,-0.007956717208269385,-0.009647538103791773,-0.013029179894836549,3
2007-10-08,0.03649130695869291,1.829306053062959,0.03612544574808032,0.03466200090562995,0.03283269485256699,0.029174082746441073,3
2007-11-05,-0.02572573970801602,1.8029581666984067,-0.026086331341355698,-0.027528697874714424,-0.029331656041412833,-0.03293757237480965,3
2007-12-04,0.004013676601123371,1.8310163143528215,0.003647473338252806,0.002182660286770549,0.0003516439724177275,-0.0033103886562879156,3
2008-01-03,0.1251444113120274,1.8129494093477145,0.12478182143015784,0.12333146190267967,0.12151851249333195,0.11789261367463653,3
2008-02-01,0.05037137361787337,1.8519155844155843,0.05000099050099025,0.04851945803345778,0.0466675424490422,0.04296371128021103,3
2008-03-03,-0.003609893942275159,1.8631818181818183,-0.003982530305911522,-0.005473075760456977,-0.007336257578638795,-0.011062621215002432,3
2008-04-01,-0.09060068606030537,1.5365325077399379,-0.09090799256185336,-0.09213721856804531,-0.09367375107578525,-0.09674681609126512,3
2008-04-29,0.03478113676379111,1.7593739250085998,0.03442926197878939,0.03302176283878251,0.03126238891377391,0.02774364106375671,3
2008-05-28,-0.08213518409596311,1.7671086398631306,-0.08248860582393573,-0.08390229273582624,-0.08566940137568937,-0.08920361865541564,3
2008-06-25,0.04485186163012546,1.695287995437696,0.04451280403103792,0.043156573634687764,0.04146128563925007,0.038070709648374675,3
2008-07-24,0.010548474525377738,1.9050788954635107,0.010167458746285036,0.008643395629914227,0.006738316734450717,0.002928158943523695,3
2008-08-21,0.12786293381747255,1.845731191885038,0.12749378757909555,0.12601720262558752,0.12417147143370247,0.12048000904993239,3
2008-09-19,-0.016510051513404234,1.7784431137724552,-0.016865740136158724,-0.018288494627176688,-0.020066937740949142,-0.023623823968494054,3
2008-10-17,-0.03695316648894348,1.6,-0.03727316648894348,-0.038553166488943476,-0.04015316648894348,-0.04335316648894348,3
2008-11-14,0.05789424930476746,1.7307692307692308,0.05754809545861362,0.05616348007399823,0.054432710843229,0.05097117238169054,3
2008-12-15,0.010311192804290027,1.8014705882352942,0.009950898686642968,0.008509722216054734,0.006708251627819439,0.0031053104513488507,3
2009-01-14,-0.06460835671521004,1.8530113297555157,-0.06497895898116114,-0.06646136804496555,-0.06831437937472107,-0.0720204020342321,3
2009-02-12,-0.06579322261636777,1.9283809523809523,-0.06617889880684397,-0.06772160356874873,-0.06964998452112968,-0.07350674642589158,3
2009-03-13,-0.21466058604511248,1.7596129032258068,-0.21501250862575763,-0.21642019894833828,-0.2181798118515641,-0.2216990376580157,3
2009-04-13,-0.12206848994497002,1.4789401324834397,-0.1223642779714667,-0.12354743007745346,-0.1250263702099369,-0.12798425047490378,3
2009-05-11,0.07080181616946205,1.6714285714285713,0.07046753045517633,0.06913038759803347,0.0674589590266049,0.06411610188374776,3
2009-06-09,-0.041905022308315235,1.8,-0.042265022308315234,-0.04370502230831524,-0.045505022308315234,-0.04910502230831523,3
2009-07-08,0.20269521218385203,1.69944182052383,0.20235532381974727,0.2009957703633282,0.19929632854280438,0.1958974449017567,3
2009-08-05,0.014381852119621412,1.8388256762559037,0.014014086984370231,0.012543026443365508,0.010704200767109606,0.007026549414597798,3
2009-09-02,0.059091408944519565,1.8608308286818378,0.058719242778783196,0.057230578115837726,0.055369747287155886,0.051648085629792215,3
2009-10-01,-0.024463405619280856,1.7380725695546388,-0.024811020133191784,-0.026201478188835496,-0.027939550758390136,-0.031415695897499415,3
2009-10-29,-0.026721746507378092,1.729078014184397,-0.027067562110214972,-0.02845082452156249,-0.030179902535746886,-0.03363805856411568,3
2009-11-27,0.029058414572335718,1.7291286727456938,0.02871258883778658,0.027329285899590026,0.02560015722684433,0.02214189988135294,3
2009-12-28,0.016467486423025895,1.7820797630381886,0.016111070470418258,0.014685406659987707,0.012903326896949518,0.00933916737087314,3
2010-01-27,-0.003473016489563572,1.8052340736106767,-0.0038340633042857077,-0.0052782505631742485,-0.007083484636784926,-0.01069395278400628,3
2010-02-25,-0.011499365197800406,1.56983556012333,-0.011813332309825071,-0.013069200757923735,-0.014639036318047065,-0.017778707438293725,3
2010-03-25,0.044855986829607154,1.6904109589041094,0.04451790463782633,0.04316557587070304,0.04147516491179894,0.03809434299399072,3
2010-04-23,0.0017202258702784677,1.6906471421823333,0.0013820964418420011,2.957872809613432e-05,-0.001661068414086199,-0.005042362698450866,3
2010-05-21,0.0346011769331512,1.7940860215053764,0.034242359728850126,0.032807090911645825,0.031013004890140448,0.027424832847129692,3
2010-06-21,-0.004543091541361842,1.8583953680727872,-0.004914770614976399,-0.006401486909434629,-0.008259882277507416,-0.01197667301365299,3
2010-07-20,0.041349751102797316,1.7421814296814297,0.04100131481686103,0.039607569673115885,0.03786538824343446,0.034381025384071597,3
2010-08-17,0.0014597052622213813,1.7101688143042655,0.0011176714993605282,-0.0002504635520828842,-0.0019606323663871497,-0.005380969994995681,3
2010-09-15,-0.0024182293430745627,1.8048170159524553,-0.002779192746265054,-0.004223046359027018,-0.006027863374979473,-0.009637497406884384,3
2010-10-13,0.014518371414974234,1.668282765092274,0.014184714861955779,0.01285008864988196,0.011181805884789685,0.007845240354605137,3
2010-11-10,-0.02524228526255464,1.6471264367816092,-0.02557171054991096,-0.02688941169933625,-0.02853653813611786,-0.03183079100968108,3
2010-12-09,-0.029567668756228942,1.7095785440613027,-0.029909584465041203,-0.031277247300290245,-0.032986825844351544,-0.03640598293247416,3
2011-01-07,0.031212405472956055,1.6385704966918273,0.030884691373617688,0.029573834976264226,0.0279352644795724,0.024658123486188746,3
2011-02-07,0.005738110130266932,1.7290862290862292,0.005392292884449686,0.0040090239011807026,0.0022799376720944735,-0.001178234786077985,3
2011-03-08,-0.018862908914167607,1.7718784483490364,-0.019217284603837415,-0.020634787362516643,-0.02240666581086568,-0.02595042270756375,3
2011-04-05,0.05977465511024426,1.6548680078091844,0.05944368150868242,0.05811978710243507,0.05646491909462589,0.053155183079007524,3
2011-05-04,-0.0231105007717167,1.7821540606483093,-0.023466931583846364,-0.02489265483236501,-0.026674808893013317,-0.030239117014309938,3
2011-06-02,0.006403914612087582,1.795486232136633,0.006044817365660256,0.004608428379950949,0.002812942147814316,-0.0007780303164589501,3
2011-06-30,-0.009622441346548669,1.685500515995872,-0.009959541449747844,-0.011307941862544541,-0.012993442378540413,-0.016364443410532156,3
2011-07-29,-0.03108314849015715,1.809812521499828,-0.03144511099445711,-0.03289296101165698,-0.0347027735331568,-0.03832239857615646,3
2011-08-26,0.005322183915681811,1.7761718112036586,0.0049669495534410794,0.003546012104478152,0.0017698402932744936,-0.0017825033291328238,3
2011-09-26,0.12020652841530137,1.6926751592356688,0.11986799338345423,0.1185138532560657,0.11682117809683003,0.1134358277783587,3
2011-10-24,-0.0005017158625749262,1.7551020408163265,-0.0008527362707381915,-0.002256817903391253,-0.004011919944207579,-0.0075221240258402326,3
2011-11-21,-0.044923391813946986,1.6904109589041094,-0.04526147400572781,-0.0466138027728511,-0.048304213731755204,-0.05168503564956342,3
2011-12-20,0.08703933225715547,1.607699574870099,0.08671779234218145,0.08543163268228537,0.08382393310741527,0.08060853395767507,3
2012-01-20,-0.0002625741566071524,1.7765151515151514,-0.0006178771869101826,-0.0020390893081223037,-0.003815604459637455,-0.007368634762667758,3
2012-02-17,-0.013978416932251832,1.6837505904581955,-0.014315167050343471,-0.015662167522710026,-0.017345918113168223,-0.020713419294084615,3
2012-03-19,0.028612701271241762,1.7910393615091604,0.028254493398939932,0.026821661909732602,0.02503062254822344,0.02144854382520512,3
2012-04-17,0.04339586782756209,1.6766733176129152,0.04306053316403951,0.04171919450994918,0.04004252119233626,0.03668917455711043,3
2012-05-15,-0.013223965428997429,1.7729806329711857,-0.013578561555591666,-0.014996946061968615,-0.0167699266949398,-0.02031588796088217,3
2012-06-13,0.007691013360994538,1.800425129900803,0.007330928335014378,0.005890588231093735,0.004090163101192932,0.000489312841391326,3
2012-07-12,0.08821947910317644,1.7505572441742654,0.08786936765434158,0.08646892185900218,0.08471836461482792,0.08121725012647939,3
2012-08-09,-0.028958512170496043,1.8361195542046604,-0.029325736081336977,-0.030794631724700705,-0.032630751278905364,-0.03630299038731469,3
2012-09-07,-0.020158132842958656,1.7019464720194646,-0.02049852213736255,-0.02186007931497812,-0.023562025786997585,-0.026965918731036514,3
2012-10-05,-0.015288239777060324,1.6395464988512636,-0.015616149076830578,-0.01692778627591159,-0.01856733277476285,-0.02184642577246538,3
2012-11-06,-0.008131682665597629,1.7382379382679052,-0.00847933025325121,-0.009869920603865533,-0.01160815854213344,-0.015084634418669248,3
2012-12-05,-0.005911665854172947,1.7375154303669622,-0.006259168940246339,-0.007649181284539909,-0.009386696714906871,-0.012861727575640795,3
2013-01-04,-0.006596254220459934,1.6655015197568388,-0.006929354524411302,-0.008261755740216772,-0.009927257259973612,-0.01325826029948729,3
2013-02-04,-0.0191454613634039,1.7767579642579643,-0.019500812956255494,-0.020922219327661865,-0.022698977291919827,-0.026252493220435758,3
2013-03-05,0.0103339628564914,1.757618356611645,0.009982439185169072,0.008576344499879755,0.006818726143268111,0.0033034894300448207,3
2013-04-03,-0.006380327041722053,1.690050789044078,-0.006718337199530868,-0.008070377830766131,-0.009760428619810208,-0.013140530197898365,3
2013-05-01,-0.024738171665996664,1.8167402095973526,-0.025101519707916135,-0.026554911875594018,-0.02837165208519137,-0.03200513250438607,3
2013-05-30,-0.021943269334725634,1.8474613686534218,-0.022312761608456317,-0.023790730703379056,-0.025638192072032478,-0.02933311480933932,3
2013-06-27,0.01793739170961367,1.7275496688741723,0.017591881775838834,0.016209842040739497,0.014482292371865326,0.011027193034116981,3
2013-07-26,0.003844560078811665,1.7084625052366988,0.0035028675777643253,0.002136097573574966,0.00042763506833826733,-0.0029892899421351303,3
2013-08-23,-0.00965638764129653,1.8446585672392126,-0.010025319354744372,-0.011501046208535743,-0.013345704775774956,-0.01703502191025338,3
2013-09-23,0.004141732811176535,1.728476821192053,0.0037960374469381245,0.002413255989984482,0.0006847791687924292,-0.002772174473591677,3
2013-10-21,0.033030684624490714,1.7023460410557185,0.03269021541627957,0.03132833858343499,0.029625992542379277,0.02622130046026784,3
2013-11-18,0.0010960144508272915,1.763975155279503,0.0007432194197713909,-0.0006679607044522116,-0.0024319358597317147,-0.005959886170290721,3
2013-12-17,0.009573860766979648,1.7329192546583851,0.009227276916047971,0.007840941512321262,0.006108022257662878,0.0026421837483461075,3
2014-01-16,0.0015425900376422174,1.7992978566149298,0.0011827304663192314,-0.00025670781897271246,-0.0020560056755876423,-0.005654601388817502,3
2014-02-14,0.010144197723059542,1.5584901625320788,0.009832499690553127,0.008585707560527463,0.007027217397995384,0.003910237072931227,3
2014-03-17,-0.011269018760513404,1.7420020639834881,-0.011617419173310103,-0.013011020824496893,-0.01475302288848038,-0.018237027016447357,3
2014-04-14,-0.0012492166865636749,1.630443756449948,-0.0015753054378536645,-0.002879660443013623,-0.0045101041994635716,-0.007770991712363467,3
2014-05-13,0.02368103441054167,1.689335614485315,0.023343167287644608,0.021991698796056357,0.02030236318157104,0.01692369195260041,3
2014-06-11,0.044475935858137076,1.7151515151515153,0.04413290555510677,0.04276078434298556,0.04104563282783404,0.037615329797531016,3
2014-07-10,0.024978866662881398,1.8548740416210294,0.024607891854557192,0.02312399262126037,0.02126911857963934,0.017559370496397282,3
2014-08-07,-0.0008645736329289631,1.6311792625045638,-0.001190809485429876,-0.002495752895433527,-0.004126932157938091,-0.0073892906829472185,3
2014-09-05,-0.02887920516745869,1.6645962732919253,-0.029212124422117076,-0.030543801440750615,-0.03220839771404254,-0.03553759026062639,3
2014-10-03,-0.053839531397977286,1.6257375776397516,-0.05416467891350524,-0.05546526897561704,-0.05709100655325679,-0.060342481708536296,3
2014-10-31,-0.07310829224478071,1.5652775699536137,-0.07342134775877143,-0.07467356981473433,-0.07623884738468795,-0.07936940252459516,3
2014-12-01,-0.04246093092776271,1.461132724824181,-0.042753157472727545,-0.04392206365258689,-0.04538319637741107,-0.04830546182705943,3
2014-12-30,-0.0015251752306157875,1.5730466777288798,-0.0018397845661615635,-0.0030982219083446672,-0.004671268586073547,-0.007817361941531306,3
2015-01-29,0.024990527197534133,1.7174085563812134,0.02464704548625789,0.02327311864115292,0.021555710084771706,0.018120892972009278,3
2015-02-27,-0.0299406607642207,1.6072654253377145,-0.030262113849288244,-0.031547926189558415,-0.03315519161489613,-0.03636972246557156,3
2015-03-27,-0.03506343257853543,1.8337559876021414,-0.03543018377605586,-0.03689718856613757,-0.03873094455373972,-0.042398456528944,3
2015-04-27,-0.00763613560154152,1.798076923076923,-0.007995750986156906,-0.009434212524618443,-0.011232289447695366,-0.014828443293849213,3
2015-05-26,-0.04226518767063453,1.6912158354466047,-0.04260343083772385,-0.04395640350608113,-0.04564761934152774,-0.04903005101242095,3
2015-06-23,-0.12001591858526699,1.5725908706677938,-0.12033043675940054,-0.12158850945593479,-0.12316110032660257,-0.12630628206793817,3
2015-07-22,-0.02909899603259842,1.4838351929022717,-0.029395763071178874,-0.030582831225500692,-0.032066666418402966,-0.035034336804207505,3
2015-08-19,-0.0006453218011088298,1.692297351794596,-0.000983781271467749,-0.002337619152903426,-0.004029916504698022,-0.007414511208287214,3
2015-09-17,0.0014835176034094146,1.7091786418709496,0.0011416818750352247,-0.000225661038461535,-0.0019348396803324846,-0.005353196964074384,3
2015-10-15,-0.0005559088023535902,1.677430852580553,-0.0008913949728697008,-0.0022333396549341434,-0.003910770507514696,-0.007265632212675802,3
2015-11-12,-0.019524709003172006,1.756445477599324,-0.01987599809869187,-0.02128115448077133,-0.023037599958370653,-0.0265504909135693,3
2015-12-11,-0.07293016049056968,1.6674415328261483,-0.0732636487971349,-0.07459760202339583,-0.07626504355622198,-0.07959992662187426,3
2016-01-12,-0.11957657134199343,1.6286400591278638,-0.119902299353819,-0.1212052114011213,-0.12283385146024915,-0.12609113157850488,3
2016-02-10,0.057864934639714094,1.7747228381374724,0.0575099900720866,0.05609021180157662,0.05431548896343915,0.050766043287164206,3
2016-03-10,0.028811479400557415,1.7025534851621809,0.028470968703524977,0.027108925915395234,0.025406372430233054,0.02200126545990869,3
2016-04-08,0.0911168124578456,1.8256599378881988,0.09075168047026796,0.0892911525199574,0.0874654925820692,0.08381417270629281,3
2016-05-06,0.06611994071936703,1.8240172955974845,0.06575513726024752,0.06429592342376954,0.06247190612817206,0.05882387153697709,3
2016-06-06,-0.020483618123941567,1.7852081840617786,-0.020840659760753923,-0.022268826308003347,-0.024054034492065123,-0.027624450860188682,3
2016-07-05,-0.0037810047279582247,1.696341463414634,-0.004120273020641152,-0.005477346191372859,-0.007173687654787493,-0.010566370581616762,3
2016-08-02,0.028013620202692453,1.678159645232816,0.027677988273645888,0.026335460557459636,0.024657300912226822,0.021300981621761188,3
2016-08-30,0.03610988952769442,1.7476315579969748,0.03576036321609503,0.03436225796969745,0.03261462641170047,0.029119363295706524,3
2016-09-28,0.022342526431196493,1.7069875776397516,0.022001128915668543,0.02063553885355674,0.01892855127591699,0.015514576120637487,3
2016-10-26,-0.011841328218972986,1.7258928571428573,-0.012186506790401556,-0.013567221076115844,-0.0152931139332587,-0.018744899647544416,3
2016-11-23,-0.04621914903248538,1.7183006535947714,-0.04656280916320433,-0.04793744968608015,-0.04965575033967492,-0.05309235164686446,3
2016-12-22,0.02055393201374131,1.6366686598897084,0.020226598281763368,0.0189172633538516,0.017280594693961895,0.014007257374182477,3
2017-01-24,0.039897049305132326,1.7694173144641552,0.03954316584223949,0.03812763199066817,0.036358214676204016,0.032819380047275706,3
2017-02-22,-0.01933610499398567,1.8141630243079518,-0.019698937598847263,-0.021150268018293623,-0.022964431042601575,-0.02659275709121748,3
2017-03-22,-0.0020841264709044994,1.839884474499859,-0.002452103365804471,-0.0039240109454043584,-0.005763895419904217,-0.009443664368903936,3
2017-04-20,-0.037290733305334514,1.727000563539025,-0.03763613341804232,-0.03901773386887354,-0.04074473443241256,-0.044198735559490616,3
2017-05-18,0.005966008438169937,1.7159763313609466,0.005622813171897748,0.00425003210680899,0.002534055775448044,-0.0008978968872738495,3
2017-06-16,0.0535749693373586,1.8520710059171597,0.05320455513617517,0.05172289833144144,0.04987082732552428,0.04616668531368996,3
2017-07-17,0.013245768652746086,1.8369843008397226,0.012878371792578142,0.011408784351906363,0.00957180005106664,0.005897831449387195,3
2017-08-14,0.015386055125036434,1.6920408908360716,0.01504764694686922,0.013694014234200361,0.012001973343364291,0.008617891561692147,3
2017-09-12,0.013623844758539871,1.7341365461847391,0.013277017449302923,0.011889708212355132,0.010155571666170392,0.006687298573800914,3
2017-10-10,-0.018177013751047966,1.726894899971823,-0.01852239273104233,-0.019903908651019788,-0.02163080355099161,-0.02508459335093526,3
2017-11-07,0.04504099315835865,1.7029444914060299,0.04470040426007744,0.043338048666952615,0.04163510417554659,0.03822921519273453,3
2017-12-06,0.03529016711500641,1.7816219979115908,0.034933842715424095,0.03350854511709482,0.03172692311918323,0.02816367912336005,3
2018-01-05,0.0030236136511742574,1.8081395348837208,0.002661985744197513,0.0012154741162905365,-0.0005926654185931845,-0.004208944488360626,3
2018-02-05,-0.00700598659169288,1.7965116279069768,-0.007365288917274276,-0.008802498219599856,-0.010599009847506833,-0.014192033103320787,3
2018-03-06,0.017612160635083546,1.7647947454844006,0.017259201685986665,0.015847365889599146,0.014082571144114745,0.010552981653145943,3
2018-04-04,0.01767949779507129,1.801553672316384,0.01731918706060801,0.015877944122754905,0.014076390450438521,0.010473283105805753,3
2018-05-02,-0.01898738874503987,1.7620056497175143,-0.019339789874983374,-0.020749394394757384,-0.0225114000444749,-0.02603541134390993,3
2018-05-31,-0.024581396772826666,1.7524416982260314,-0.024931885112471873,-0.0263338384710527,-0.028086280169278728,-0.031591163565730794,3
2018-06-28,0.03096149722842364,1.790692732681683,0.0306033586818873,0.029170804495741956,0.027380111763060273,0.023798726297696908,3
2018-07-27,0.01040825655715947,1.7848946633477019,0.010051277624489931,0.008623361893811769,0.006838467230464067,0.0032686779037686634,3
2018-08-24,-0.026073427556448817,1.7809115673377185,-0.02642960986991636,-0.027854339123786535,-0.029635250691124253,-0.03319707382579969,3
2018-09-24,0.009356596436024798,1.7639359510995947,0.00900380924580488,0.0075926604849252035,0.005828724533825608,0.0023008526316264186,3
2018-10-22,-0.007761237855927485,1.730065359477124,-0.00810725092782291,-0.009491303215404609,-0.011221368574881733,-0.01468149929383598,3
2018-11-19,-0.03139025453093114,1.7405488007441368,-0.031738364291079964,-0.03313080333167528,-0.03487135213241941,-0.03835244973390769,3
2018-12-19,0.02608312869686028,1.6653378513055612,0.025750061126599166,0.024417790845554718,0.022752452994249155,0.019421777291638034,3
2019-01-18,0.017719085264582244,1.766823495865412,0.01736572056540916,0.015952261768716832,0.01418543827285142,0.010651791281120596,3
2019-02-19,-0.034013323215343276,1.6953949244368407,-0.03435240220023064,-0.03570871813978012,-0.037404113064216954,-0.04079490291309064,3
2019-03-19,0.01000213913214185,1.59926905673512,0.009682285320794825,0.00840287007540673,0.00680360101867161,0.0036050629052013696,3
2019-04-16,-0.014133121940183112,1.740375913679081,-0.014481197122918928,-0.015873497853862193,-0.017613873767541276,-0.021094625594899438,3
2019-05-15,-0.028515234908335192,1.6971682163989856,-0.02885466855161499,-0.030212403124734177,-0.03190957134113316,-0.03530390777393114,3
2019-06-13,0.009269999833248792,1.7208720766413073,0.00892582541792053,0.007549127756607485,0.005828255679966178,0.002386511526683563,3
2019-07-12,-0.008169480621633612,1.6953949244368407,-0.00850855960652098,-0.009864875546070453,-0.011560270470507294,-0.014951060319380975,3
2019-08-09,0.021372886659961555,1.6776447105788423,0.021037357717845786,0.019695241949382714,0.01801759723880387,0.014662307817646186,3
2019-09-09,0.009685952068195306,1.802929854576561,0.009325366097279995,0.007883022213618746,0.006080092359042184,0.0024742326498890617,3
2019-10-07,0.050037734380249874,1.7659259793665683,0.04968454918437656,0.048271808400883305,0.04650588242151674,0.0429740304627836,3
2019-11-04,-0.009527546228317627,1.7057932328114855,-0.009868704874879924,-0.011233339461129112,-0.012939132693940598,-0.01635071915956357,3
2019-12-03,0.021782884319794495,1.7478176177764952,0.021433320796239195,0.020035066702018,0.018287249084241505,0.014791613848688514,3
2020-01-02,-0.00025286483498770127,1.6480564155486757,-0.0005824761180974364,-0.001900921250536377,-0.0035489776660850526,-0.0068450904971824045,3
2020-01-31,-0.0627726901479417,1.7535259717922256,-0.06312339534230015,-0.06452621611973393,-0.06627974209152616,-0.06978679403511061,3
2020-03-02,-0.1866899928077117,1.7059014501118246,-0.18703117309773407,-0.18839589425782352,-0.19010179570793534,-0.193513598608159,3
2020-03-30,-0.006763824764579278,1.8618786523338866,-0.007136200495046056,-0.008625703416913166,-0.010487582069247051,-0.014211339373914826,3
2020-04-28,-0.07560046201451312,1.6638770651468149,-0.07593323742754249,-0.07726433907965993,-0.07892821614480675,-0.08225597027510038,3
2020-05-27,0.03595198534266591,1.6617709213863059,0.03561963115838865,0.0342902144212796,0.03262844349989329,0.029304901657120686,3
2020-06-24,-0.018466027957025857,1.786924456846721,-0.018823412848395202,-0.02025295241387258,-0.0220398768707193,-0.02561372578441274,3
2020-07-23,-0.008313440298935614,1.6195269417314462,-0.008637345687281903,-0.00993296724066706,-0.011552494182398506,-0.014791548065861398,3
2020-08-20,0.007156177618421622,1.6022523420370738,0.006835727150014207,0.005553925276384548,0.003951672934347474,0.0007471682502733267,3
2020-09-18,0.08432730569893482,1.739380293050141,0.08397942964032479,0.08258792540588468,0.08084854511283454,0.07736978452673425,3
2020-10-16,0.10095536768637904,1.7812105507939673,0.10059912557622025,0.09917415713558507,0.09739294658479111,0.09383052548320317,3
2020-11-13,-0.012154501899901707,1.8557903129360178,-0.012525659962488911,-0.014010292212837724,-0.01586608252577374,-0.019577663151645778,3
2020-12-14,0.05819056603861434,1.7971236413859364,0.057831141310337154,0.056393442397228405,0.05459631875584247,0.05100207147307059,3
2021-01-13,-0.06620512113798718,1.7600349040139618,-0.06655712811878997,-0.06796515604200115,-0.0697251909460151,-0.07324526075404303,3
2021-02-11,0.059976280398283996,1.7208955223880598,0.05963210129380638,0.05825538487589594,0.056534489353507876,0.053092698308731756,3
2021-03-12,0.13110947034551154,1.6581779053084649,0.13077783476444985,0.12945129244020306,0.12779311453489461,0.12447675872427769,3
2021-04-12,0.017294468857535765,1.828981348637016,0.016928672587808363,0.01546548750889875,0.013636506160261734,0.009978543462987701,3
2021-05-10,0.11729004244086164,1.715273631840796,0.11694698771449348,0.11557476880902084,0.11385949517718004,0.11042894791349846,3
2021-06-08,0.07556121501888907,1.7483743061062647,0.07521154015766782,0.07381284071278281,0.07206446640667655,0.06856771779446401,3
2021-07-07,-0.06265266402855348,1.7887810296532405,-0.06301042023448412,-0.06444144505820672,-0.06623022608785996,-0.06980778814716644,3
2021-08-04,-0.016484693551164217,1.7837100357384332,-0.016841435558311902,-0.01826840358690265,-0.020052113622641084,-0.02361953369411795,3
2021-09-01,-0.06834767420070985,1.7373641538726927,-0.06869514703148438,-0.07008503835458255,-0.07182240250845523,-0.07529713081620062,3
2021-09-30,-0.06054391648079334,1.7610643350604493,-0.06089612934780543,-0.06230498081585379,-0.06406604515091424,-0.06758817382103513,3
2021-10-28,-0.014269571236433388,1.7972258203799656,-0.01462901640050938,-0.016066797056813353,-0.017864022877193318,-0.02145847451795325,3
2021-11-26,-0.06480440937611942,1.7582870737509912,-0.06515606679086962,-0.06656269644987041,-0.0683209835236214,-0.07183755767112339,3
2021-12-27,0.12715563939153182,1.8282828282828283,0.12678998282587525,0.125327356563249,0.12349907373496616,0.11984250807840051,3
2022-01-25,0.025004878388032226,1.8737373737373737,0.02463013091328475,0.02313114101429485,0.021257403640557476,0.01750992889308273,3
2022-02-23,0.022776352170496342,1.7651894413471383,0.022423314282226915,0.021011162729149203,0.019245973287802066,0.015715594405107787,3
2022-03-23,0.16923475154251172,1.91175518134715,0.16885240050624228,0.16732299636116457,0.16541124117981743,0.16158773081712313,3
2022-04-21,-0.04696083451222302,1.9221178756476687,-0.04734525808735256,-0.04888295238787069,-0.05080507026351836,-0.054649306014813694,3
2022-05-19,0.034107320534866925,1.870967741935484,0.03373312698647983,0.03223635279293144,0.030365385050995956,0.02662344956712499,3
2022-06-17,0.046632115692865794,1.827956989247312,0.046266524295016334,0.04480415870361848,0.04297620171437117,0.03932028773587655,3
2022-07-19,-0.03425932178311466,1.8209753231492363,-0.03462351684774451,-0.0360802971062639,-0.03790127242941313,-0.04154322307571161,3
2022-08-16,0.01806114031570113,1.6444347573379834,0.017732253364233532,0.016416705558363144,0.014772270801025162,0.011483401286349195,3
2022-09-14,0.07831390182901968,1.633711130485324,0.07798715960292261,0.07668019069853435,0.07504647956804902,0.07177905730707838,3
2022-10-12,-0.08615317961293317,1.7819256355428843,-0.08650956474004175,-0.08793510524847606,-0.08971703088401894,-0.09328088215510472,3
2022-11-09,0.041358507932995836,1.5963411736754574,0.041039239698260746,0.03976216675932038,0.03816582558564492,0.03497314323829401,3
2022-12-08,0.0048209018168811225,1.707850160888835,0.004479331784703356,0.0031130516559922873,0.0014052014951034522,-0.002010498826674218,3
2023-01-09,0.029516121639775537,1.7094217258151683,0.029174237294612503,0.02780669991396037,0.026097278188145202,0.022678434736514864,3
2023-02-07,0.027240661449865308,1.722143026847232,0.02689623284449586,0.025518518423018076,0.023796375396170844,0.020352089342476377,3
2023-03-08,-0.020014193680107914,1.7712342599192206,-0.020368440532091758,-0.021785427940027136,-0.023556662199946357,-0.027099130719784797,3
2023-04-05,-0.014494907492783086,1.6622390891840606,-0.014827355310619898,-0.016157146581967145,-0.017819385671151208,-0.02114386384951933,3
2023-05-04,0.10491708593490708,1.6511701454775458,0.10458685190581157,0.10326591578942954,0.10161474564395198,0.09831240535299689,3
2023-06-02,-0.0028102257039626525,1.801681743670694,-0.0031705620526967914,-0.004611907447633346,-0.006413589191304041,-0.010016952678645429,3
2023-07-03,-0.0376573226177594,1.6842105263157896,-0.037994164723022555,-0.03934153314407519,-0.041025743670390975,-0.04439416472302256,3
2023-08-01,0.05949002224563352,1.7315789473684209,0.05914370645615983,0.05775844329826509,0.056026864350896675,0.052563706456159834,3
2023-08-29,-0.044276864534943276,1.7759713765614211,-0.04463205881025556,-0.0460528359115047,-0.04782880728806612,-0.05138075004118896,3
2023-09-27,-0.07902044683432952,1.7374301675977655,-0.07936793286784907,-0.08075787700192728,-0.08249530716952505,-0.08597016750472058,3
2023-10-25,0.04834168364677077,1.7206703910614527,0.04799754956855848,0.04662101325570932,0.04490034286464787,0.04145900208252496,3
2023-11-22,-0.04444272380916862,1.7103105256082807,-0.044784785914290276,-0.046153034334776896,-0.04786334486038518,-0.05128396591160174,3
2006-01-09,-0.007264038693486024,1.0,-0.007464038693486024,-0.008264038693486023,-0.009264038693486024,-0.011264038693486024,4
2006-02-07,-0.004107344926991749,1.8156933094146568,-0.00447048358887468,-0.005923038236406405,-0.007738731545821062,-0.011370118164650375,4
2006-03-08,0.022622571340287716,1.6829446548402098,0.022285982409319675,0.020939626685447507,0.019256682030607295,0.015890792720926875,4
2006-04-05,-0.04148066154737782,1.711680287024118,-0.04182299760478264,-0.04319234183440194,-0.04490402212142605,-0.04832738269547429,4
2006-05-04,0.0023405380783430053,1.6788177339901478,0.0020047745315449755,0.0006617203443528576,-0.00101709738963729,-0.0043747328576175856,4
2006-06-02,-0.00823206199823515,1.6942090395480225,-0.008570903806144755,-0.009926271037783173,-0.011620480077331194,-0.015008898156427239,4
2006-06-30,0.003096132643980863,1.705797380585516,0.0027549731678637598,0.0013903352633953471,-0.0003154621171901689,-0.003727056878361201,4
2006-07-31,0.01252362421372918,1.7218376125823365,0.012179256691212713,0.010801786601146845,0.009079948988564507,0.0056362737633998345,4
2006-08-28,0.10169104116914293,1.7522102332057083,0.10134059912250179,0.09993883093593722,0.09818662070273151,0.0946822002363201,4
2006-09-26,0.058014464818276434,1.8417960088691798,0.057646105616502595,0.05617266880940725,0.054330872800538076,0.05064728078279972,4
2006-10-24,0.01352407441387191,1.7758440654368255,0.013168905600784545,0.011748230348435085,0.009972386282998258,0.006420698152124607,4
2006-11-21,-0.0009174608026498599,1.8199073192407793,-0.0012814422664980158,-0.0027373681218906395,-0.004557275441131419,-0.008197090079612977,4
2006-12-20,0.005752422124715123,1.7860407541420682,0.005395213973886709,0.003966381370573055,0.0021803406164309863,-0.0013917408918531502,4
2007-01-23,0.007966910505435288,1.7209302325581395,0.00762272445892366,0.006245980272877149,0.0045250500403190095,0.00108318957520273,4
2007-02-21,-0.022269646476661138,1.822222222222222,-0.022634090921105583,-0.02409186869888336,-0.02591409092110558,-0.029558535365550025,4
2007-03-21,0.007358656206119305,1.687503632664923,0.00702115547958632,0.005671152573454382,0.003983648940789458,0.0006086416754596119,4
2007-04-19,0.005482574999729732,1.709038070328393,0.005140767385664053,0.003773536929401339,0.0020644988590729457,-0.0013535772815838404,4
2007-05-17,-0.0038029470694661434,1.8013340233454085,-0.004163213874135225,-0.005604281092811552,-0.00740561511615696,-0.011008283162847778,4
2007-06-15,-0.026208493103897643,1.7103961819331839,-0.02655057234028428,-0.027918889285830827,-0.02962928546776401,-0.03305007783163038,4
2007-07-16,-0.04644153160559138,1.6849820887296776,-0.04677852802333731,-0.048126513694321055,-0.04981149578305073,-0.05318145996051009,4
2007-08-13,0.007151979325825036,1.8034869120061818,0.0067912819434238,0.005348492413818854,0.0035450055018126725,-6.196832219969133e-05,4
2007-09-11,-0.009494629210601045,1.7691007437457742,-0.0098484493593502,-0.011263729954346819,-0.013032830698092593,-0.01657103218558414,4
2007-10-09,0.002792275863655679,1.780391036627944,0.0024361976563300903,0.001011884827027735,-0.0007685062096002091,-0.004329288282856097,4
2007-11-06,-0.010433803303747931,1.7752808988764046,-0.010788859483523212,-0.012209084202624336,-0.01398436510150074,-0.01753492689925355,4
2007-12-05,-0.0032510047835133823,1.797752808988764,-0.0036105553453111353,-0.005048757592502146,-0.00684651040149091,-0.01044201601946844,4
2008-01-04,0.13016604465741083,1.6864935064935065,0.12982874595611213,0.12847955115091733,0.1267930576444238,0.1234200706314368,4
2008-02-04,0.05435589970941477,1.8860064935064933,0.05397869841071347,0.052469893215908274,0.050583886722401786,0.046811873735388795,4
2008-03-04,0.005016342594854755,1.8518506493506495,0.004645972464984625,0.0031644919455041053,0.0013126412961534557,-0.0023910600025478434,4
2008-04-02,-0.04875535435478363,1.7241486068111456,-0.04910018407614586,-0.05047950296159477,-0.052203651568405916,-0.05565194878202821,4
2008-04-30,0.04466210336632996,1.8241486068111454,0.04429727364496773,0.04283795475951881,0.04101380615270767,0.03736550893908538,4
2008-05-29,-0.060499008785304044,1.7065868263473054,-0.060840326150573505,-0.06220559561165135,-0.06391218243799865,-0.06732535609069326,4
2008-06-26,-0.015178172655998657,1.694610778443114,-0.01551709481168728,-0.01687278343444177,-0.018567394212884884,-0.021956615769771114,4
2008-07-25,-0.0251606832124838,1.7566920259227952,-0.02551202161766836,-0.026917375238406597,-0.028674067264329393,-0.03218745131617498,4
2008-08-22,0.11068572666259481,1.851472245703015,0.1103154322134542,0.10883425441689179,0.10698278217118878,0.10327983767978274,4
2008-09-22,-0.012767661032696083,1.8525234946049427,-0.013138165731617071,-0.014620184527301025,-0.01647270802190597,-0.020177755011115853,4
2008-10-20,0.010043643050839678,1.7584406543682563,0.009691954919966026,0.008285202396471422,0.006526761742103165,0.003009880433366653,4
2008-11-17,0.11438187074256806,1.7588065529242,0.11403010943198322,0.11262306418964387,0.11086425763671966,0.10734664453087125,4
2008-12-16,-0.00016626760895402815,1.6649530127142067,-0.0004992582114968695,-0.0018312206216682348,-0.0034961736343824415,-0.006826079659810855,4
2009-01-15,-0.06464853207833635,1.7850851438637698,-0.0650055491071091,-0.06643361722220012,-0.06821870236606388,-0.07178887265379143,4
2009-02-13,-0.05374753352735569,1.7447619047619047,-0.05409648590830807,-0.05549229543211759,-0.0572370573368795,-0.06072658114640331,4
2009-03-16,-0.21023556252932538,1.7914193548387098,-0.2105938464002931,-0.21202698188416408,-0.2138184012390028,-0.2174012399486802,4
2009-04-14,-0.10016775669314562,1.4828986220472442,-0.10046433641755508,-0.10165065531519286,-0.10313355393724011,-0.1060993511813346,4
2009-05-12,0.07920767249373169,1.6875379939209725,0.0788701648949475,0.07752013449981071,0.07583259650588975,0.0724575205180478,4
2009-06-10,0.02206851702694219,1.7364741641337387,0.021721222194115444,0.02033204286280845,0.018595568698674715,0.015122620370407236,4
2009-07-09,0.18786510751519567,1.801470588235294,0.1875048133975486,0.18606363692696037,0.18426216633872508,0.1806592251622545,4
2009-08-06,0.006240839014802185,1.8982862583306888,0.0058611817631360474,0.004342552756471496,0.0024442664981408077,-0.0013523060185205698,4
2009-09-03,0.01768534238893295,1.8836877181847032,0.017308604845296012,0.015801654670748247,0.013917966952563546,0.01015059151619414,4
2009-10-02,-0.05688848040198796,1.7086639162170738,-0.057230213185231374,-0.058597144318205036,-0.06030580823442211,-0.06372313606685626,4
2009-10-30,-0.014290546489434518,1.6792806484295844,-0.014626402619120436,-0.0159698271378641,-0.017649107786293687,-0.021007669083152856,4
2009-11-30,0.021698171253982736,1.7148936170212765,0.021355192530578482,0.01998327763696146,0.018268384019940184,0.01483859678589763,4
2009-12-29,0.03018865434955526,1.8328044007193482,0.02982209346941139,0.02835584994883591,0.02652304554811656,0.022857436746677867,4
2010-01-28,0.023043683710296643,1.768950057345428,0.022689893698827557,0.021274733652951214,0.019505783595605786,0.01596788348091493,4
2010-02-26,0.0011460237127753521,1.6762589928057554,0.000810771914214201,-0.0005302352800304034,-0.002206494272836159,-0.00555901225844767,4
2010-03-26,0.04222098284040095,1.6286726499763817,0.04189524831040567,0.040592310190424565,0.03896363754044818,0.03570629224049542,4
2010-04-26,0.03393081831552058,1.768148355232504,0.03357718864447408,0.032162669960288076,0.030394521605055576,0.02685822489459057,4
2010-05-24,0.021685102947018635,1.8907775020678246,0.02130694744660507,0.01979432544495081,0.017903547942882986,0.014121992938747337,4
2010-06-22,-0.015700308796859422,1.8263027295285361,-0.01606556934276513,-0.01752661152638796,-0.019352914255916495,-0.02300551971497357,4
2010-07-21,0.018762660665352697,1.7752880921895007,0.018407603046914797,0.016987372573163198,0.015212084480973696,0.011661508296594694,4
2010-08-18,-0.005224269432217824,1.6512158054711246,-0.005554512593312049,-0.006875485237688949,-0.008526701043160074,-0.011829132654102324,4
2010-09-16,0.00035308935195603724,1.8339067876133877,-1.3692005566640292e-05,-0.0014808174356573504,-0.003314724223270738,-0.006982537798497513,4
2010-10-14,0.006265446930847199,1.7259409863413617,0.005920258733578926,0.004539505944505837,0.0028135649581644754,-0.0006383170145182479,4
2010-11-11,-0.03529917887908004,1.7233716475095786,-0.03564385320858195,-0.03702255052658962,-0.038745922174099195,-0.04219266546911835,4
2010-12-10,-0.010935015093161056,1.7369252873563217,-0.01128240015063232,-0.012671940380517378,-0.0144088656678737,-0.017882716242586343,4
2011-01-10,0.05068519768674732,1.6863759202311062,0.0503479225027011,0.048998821766516217,0.047312445846285106,0.0439396940058229,4
2011-02-08,0.021771252131868923,1.7377108652276438,0.021423709958823395,0.02003354126664128,0.018295830401413637,0.014820408670958348,4
2011-03-09,0.004831749629612896,1.7002376708259064,0.004491702095447715,0.00313151195878699,0.0014312742879610835,-0.0019692010536907292,4
2011-04-06,0.03501967208048646,1.7069009421950598,0.03467829189204745,0.0333127711382914,0.03160587019609634,0.02819206831170622,4
2011-05-05,-0.005222971742845287,1.7953990937608924,-0.005582051561597466,-0.00701837083660618,-0.00881376993036707,-0.012404568117888856,4
2011-06-03,0.02466758773485977,1.737530099759202,0.024320081714907932,0.02293005763510057,0.021192527535341368,0.017717467335822964,4
2011-07-01,-0.010111830126433564,1.6744334097275273,-0.010446716808379069,-0.011786263536161091,-0.013460696945888619,-0.016809563765343673,4
2011-08-01,-0.02023511180895211,1.8240387063916477,-0.02059991955023044,-0.022059150515343757,-0.023883189221735407,-0.0275312666345187,4
2011-08-29,0.012931715305156952,1.8211660950514452,0.012567482086146662,0.011110549210105507,0.009289383115054062,0.005647050924951171,4
2011-09-27,0.04065477305284878,1.8146741793238608,0.040291838216984004,0.038840098873524916,0.03702542469420106,0.03339607633555334,4
2011-10-25,0.02496879151326165,1.8844916344916345,0.02459189318636332,0.023084299878770014,0.02119980824427838,0.017430824975295113,4
2011-11-22,-0.046914185043032595,1.8074161549362306,-0.04727566827401984,-0.048721601197968825,-0.050529017352905055,-0.05414384966277752,4
2011-12-21,0.03683620954854738,1.6284837033538022,0.03651051280787662,0.03520772584519358,0.03357924214183978,0.030322274735132174,4
2012-01-23,-0.009280879213736501,1.7419386169386168,-0.009629266937124225,-0.011022817830675118,-0.012764756447613735,-0.01624863368149097,4
2012-02-21,0.005442834037245168,1.7114312706660368,0.00510054778311196,0.003731402766579131,0.0020199714959130938,-0.00140289104541898,4
2012-03-20,0.06084485398296538,1.730954108470887,0.060498663161271206,0.059113899874494495,0.0573829457660236,0.053921037549081834,4
2012-04-18,0.050560377112890714,1.73086341374932,0.05021420443014085,0.048829513699141396,0.04709865028539208,0.04363692345789343,4
2012-05-16,-0.017363210519390958,1.7160919540229882,-0.017706428910195554,-0.019079302473413946,-0.020795394427436935,-0.024227578335482912,4
2012-06-14,0.009636471966866287,1.646551724137931,0.009307161622038701,0.007989920242728356,0.006343368518590425,0.003050265070314563,4
2012-07-13,0.09841717502151445,1.70790273556231,0.09807559447440199,0.09670927228595214,0.09500136955038983,0.09158556407926521,4
2012-08-10,-0.01897545633053472,1.9288753799392095,-0.01936123140652256,-0.020904331710473928,-0.02283320709041314,-0.026690957850291557,4
2012-09-10,0.014113960638188015,1.559899906162027,0.01380198065695561,0.012554060732025987,0.01099416082586396,0.007874361013539907,4
2012-10-08,-0.013434325135088894,1.7511651469098275,-0.01378455816447086,-0.01518549028199872,-0.01693665542890855,-0.020438985722728203,4
2012-11-07,-0.007274326642486884,1.686575481256332,-0.007611641738738151,-0.008960902123743217,-0.01064747760499955,-0.014020628567512213,4
2012-12-06,0.00464215678696618,1.7079452362248906,0.004300567739721203,0.0029342115507412898,0.0012262663145163992,-0.002189624157933382,4
2013-01-07,-0.009500613842738896,1.682049745280192,-0.009837023791794934,-0.011182663588019087,-0.01286471333329928,-0.016228812823859663,4
2013-02-05,-0.008253818852894619,1.8259032634032635,-0.008618999505575271,-0.010079722116297882,-0.011905625379701145,-0.015557431906507673,4
2013-03-06,-0.005458770518799094,1.7382550335570468,-0.005806421525510503,-0.007197025552356141,-0.008935280585913188,-0.01241179065302728,4
2013-04-04,-0.022969842453400464,1.7248322147651007,-0.023314808896353484,-0.024694674668165564,-0.026419506882930665,-0.029869171312460866,4
2013-05-02,-0.00713611522395039,1.6943371943371943,-0.007474982662817828,-0.008830452418287584,-0.010524789612624779,-0.013913464001299166,4
2013-05-31,-0.015753342864892092,1.8252312715399963,-0.01611838911920009,-0.017578574136432087,-0.019403805407972083,-0.023054267951052077,4
2013-06-28,0.016172546374124925,1.7542604856512143,0.01582169427699468,0.01441828588847371,0.012664025402822496,0.009155504431520068,4
2013-07-29,0.011549626495832889,1.7540427314620866,0.011198817949540472,0.009795583764370803,0.008041541032908717,0.004533455569984543,4
2013-08-26,-0.0030315388951092665,1.754084625052367,-0.00338235582011974,-0.0047856235201616335,-0.0065397081452140005,-0.010047877395318735,4
2013-09-24,0.01686846267581563,1.6966277448588358,0.01652913712684386,0.015171834930956795,0.013475207186097958,0.010081951696380285,4
2013-10-22,0.009889897839553526,1.7216170925848344,0.00954557442103656,0.008168280746968692,0.006446663654383856,0.0030034294692141876,4
2013-11-19,-0.007441519284011357,1.7692934782608696,-0.007795377979663531,-0.009210812762272227,-0.010980106240533097,-0.014518693197054835,4
2013-12-18,0.011321809047746986,1.7817546583850932,0.010965458116069967,0.009540054389361893,0.0077582997309768,0.004194790414206613,4
2014-01-17,-0.01583111432781394,1.7933111603843312,-0.016189776559890807,-0.017624425488198273,-0.019417736648582602,-0.023004358969351265,4
2014-02-18,0.000571570301791045,1.6835614485315085,0.00023485801208474331,-0.0011119911467404634,-0.002795552595271972,-0.006162675492334989,4
2014-03-18,-0.0022838544891879207,1.648090815273478,-0.002613472652242616,-0.003931945304461399,-0.0055800361197348766,-0.008876217750281832,4
2014-04-15,0.01951949440682437,1.7359133126934982,0.019172311744285672,0.017783581094130873,0.016047667781437375,0.012575841156050378,4
2014-05-14,0.029585896641982353,1.7790490447676075,0.029230086833028832,0.027806847597214746,0.026027798552447138,0.022469700462911923,4
2014-06-12,0.03405534326854904,1.7462212486308872,0.03370609901882286,0.03230912201991815,0.030562900771287264,0.02707045827402549,4
2014-07-11,0.0227223408162446,1.8548740416210296,0.022351366007920394,0.02086746677462357,0.019012592733002542,0.015302844649760481,4
2014-08-08,-0.007348594445757226,1.7460387002555677,-0.00769780218580834,-0.009094633146012793,-0.010840671846268362,-0.014332749246779498,4
2014-09-08,-0.03339504497871768,1.7444487577639753,-0.03374393473027048,-0.035139493736481654,-0.03688394249424563,-0.040372840009773585,4
2014-10-06,-0.07084151668302767,1.6694099378881986,-0.07117539867060531,-0.07251092662091586,-0.07418033655880407,-0.07751915643458046,4
2014-11-03,-0.031055842526476918,1.7565040650406503,-0.03140714333948505,-0.03281234659151757,-0.034568850656558216,-0.03808185878663952,4
2014-12-02,-0.016211703303496985,1.6410938654841094,-0.016539922076593806,-0.017852797168981097,-0.019493891034465204,-0.022776078765433423,4
2014-12-31,0.02716910952668427,1.6433004746257758,0.026840449431759113,0.025525809052058493,0.023882508577432716,0.020595907628181167,4
2015-01-30,0.012127767661047312,1.7641109894121945,0.011774945463164873,0.010363656671635118,0.008599545682222922,0.005071323703398534,4
2015-03-02,-0.01179688066648532,1.7221978824388464,-0.012141320242973088,-0.013519078548924165,-0.015241276431363013,-0.018685672196240705,4
2015-03-30,-0.037914364159605536,1.7862073823612286,-0.03827160563607778,-0.03970057154196677,-0.04148677892432799,-0.04505919368905045,4
2015-04-28,0.007023406806652779,1.6733234714003944,0.0066887421123727,0.005350083335252384,0.00367675986385199,0.00033011292105120105,4
2015-05-27,-0.00872728201022542,1.720942519019442,-0.009071470514029309,-0.010448224529244862,-0.012169167048264304,-0.015611052086303189,4
2015-06-24,-0.10551657048759003,1.620174697097774,-0.10584060542700958,-0.1071367451846878,-0.10875691988178558,-0.11199726927598112,4
2015-07-23,-0.03458102023230662,1.5187525205000671,-0.03488477073640663,-0.03609977275280669,-0.03761852527330676,-0.04065603031430689,4
2015-08-20,0.037142162036056935,1.564592015055787,0.03682924363304578,0.03557757002100115,0.03401297800594536,0.03088379397583379,4
2015-09-18,0.04503485596499868,1.7447168216398985,0.044685912600670695,0.04329013914335878,0.04154542232171888,0.03805598867843908,4
2015-10-16,-0.0349749701315037,1.5764898773880809,-0.03529026810698131,-0.03655146000889178,-0.03812794988627986,-0.04128092964105602,4
2015-11-13,-0.024954178719278533,1.6198577063961679,-0.025278150260557766,-0.0265740364256747,-0.02819389413207087,-0.031433609544863204,4
2015-12-14,-0.07546772202351064,1.6614891518737671,-0.07580001985388539,-0.0771292111753844,-0.07879070032725817,-0.0821136786310057,4
2016-01-13,-0.06457673635055985,1.5897426305551399,-0.06489468487667088,-0.066166478981115,-0.06775622161167014,-0.07093570687278042,4
2016-02-11,0.08660671677151294,1.6937378422863985,0.08626796920305566,0.08491297892922654,0.08321924108694013,0.07983176540236735,4
2016-03-11,-0.0008456796207033201,1.675621118012422,-0.0011808038443058045,-0.002521300738715742,-0.004196921856728164,-0.007548164092753008,4
2016-04-11,0.025481578490491024,1.7384316770186337,0.0251338921550873,0.02374314681347239,0.022004715136453756,0.01852785178241649,4
2016-05-09,0.09671474589285281,1.8619103773584906,0.09634236381738111,0.09485283551549432,0.09299092513813582,0.08926710438341885,4
2016-06-07,0.026327895944073663,1.866604853664436,0.025954574973340777,0.02446129109040923,0.022594686236744793,0.01886147652941592,4
2016-07-06,-0.02780583441170769,1.6783813747228382,-0.028141510686652257,-0.02948421578643053,-0.03116259716115337,-0.03451935991059904,4
2016-08-03,0.048680980697216145,1.629490022172949,0.048355082692781555,0.047051490675043196,0.04542200065287025,0.04216302060852435,4
2016-08-31,0.012025782764957114,1.8055031446540881,0.011664682136026297,0.010220279620303026,0.008414776475648937,0.004803770186340761,4
2016-09-29,0.016407876225083117,1.662965838509317,0.016075283057381255,0.0147449103865738,0.013081944548064484,0.00975601287104585,4
2016-10-27,-0.03724534294141691,1.7693711180124223,-0.0375992171650194,-0.039014714059429335,-0.04078408517744175,-0.0443228274134666,4
2016-11-25,-0.027307491600835374,1.7900176798585612,-0.027665495136807085,-0.029097509280693934,-0.030887526960552497,-0.03446756232026962,4
2016-12-23,0.015486520585461148,1.6242774566473988,0.015161665094131669,0.01386224312881375,0.01223796567216635,0.008989410758871552,4
2017-01-25,0.01974304293329522,1.699421965317919,0.019403158540231637,0.018043620967977302,0.016344199002659383,0.012945355072023546,4
2017-02-23,-0.03645112574585037,1.741346663637052,-0.03679939507857778,-0.03819247240948742,-0.039933819073124474,-0.04341651240039858,4
2017-03-23,-0.004986192366463735,1.8098408002254154,-0.005348160526508818,-0.00679603316668915,-0.008605873966914566,-0.012225555567365397,4
2017-04-21,-0.006277497544233398,1.7268596787827555,-0.006622869479989949,-0.008004357223016154,-0.009731216901798909,-0.01318493625936442,4
2017-05-19,-0.017076460590811596,1.7228680821441,-0.017421034207240414,-0.018799328672955695,-0.020522196755099795,-0.023967932919387997,4
2017-06-19,0.046681811382616574,1.6756700313261401,0.04634667737635135,0.045006141351290434,0.043330471319964294,0.03997913125731201,4
2017-07-18,0.002428617701274425,1.842128603104213,0.002060191980653582,0.0005864890981702119,-0.001255639504934001,-0.004939896711142427,4
2017-08-15,0.04554558096028147,1.7119976913642594,0.04520318142200862,0.04383358326891721,0.042121585577552946,0.03869759019482443,4
2017-09-13,-0.012736737400058264,1.7775413029362963,-0.013092245660645523,-0.01451427870299456,-0.01629182000593086,-0.019846902611803448,4
2017-10-11,-0.028675014896321193,1.726683572837419,-0.029020351610888676,-0.030401698469158613,-0.03212838204199603,-0.03558174918767087,4
2017-11-08,0.01864130760022703,1.625915750915751,0.01831612445004388,0.01701539184931128,0.015389476098395529,0.012137644596564027,4
2017-12-07,0.005162261624108879,1.744575936883629,0.004813346436732153,0.0034176856872252495,0.0016731097503416203,-0.0018160421234256381,4
2018-01-08,-0.003578396292850487,1.7550319597443218,-0.003929402684799351,-0.005333428252594809,-0.00708846021233913,-0.010598524131827774,4
2018-02-06,-0.0010271975354775456,1.8015095879232965,-0.0013874994530622049,-0.0028287071234008422,-0.004630216711324139,-0.008233235887170731,4
2018-03-07,0.00325168055638104,1.8005194805194806,0.002891576660277144,0.0014511610758615593,-0.00034935840465792145,-0.003950397365696883,4
2018-04-05,4.823218504920691e-05,1.7167437082691321,-0.00029511655660461954,-0.0016685115232199252,-0.0033852552314890573,-0.006818742648027322,4
2018-05-03,-0.0339709742448331,1.796160760143811,-0.034330206396861865,-0.03576713500497691,-0.03756329576512072,-0.04115561728540834,4
2018-06-01,-0.002415048112632914,1.6889575443492129,-0.002752839621502757,-0.0041040056569821275,-0.00579296320133134,-0.009170878290029766,4
2018-06-29,0.013079872340407375,1.8125493291239148,0.012717362474582591,0.01126732301128346,0.009454773682159546,0.005829675023911716,4
2018-07-30,0.047761396395561345,1.768441503248133,0.04740770809491172,0.04599295489231321,0.04422451338906508,0.04068763038256881,4
2018-08-27,-0.03981855090518713,1.8087108482322893,-0.04018029307483358,-0.041627261753419416,-0.043435972601651704,-0.04705339429811629,4
2018-09-25,0.052030088540815644,1.7045973921225972,0.05168916906239113,0.050325491148693044,0.04862089375657045,0.04521169897232526,4
2018-10-23,0.008992747764122812,1.818059855521156,0.008629135793018581,0.0071746879086016565,0.0053566280530805005,0.0017205083420381885,4
2018-11-20,0.009099423411884569,1.8723618765963166,0.008724951036565304,0.007227061535288252,0.005354699658691935,0.0016099759054993019,4
2018-12-20,0.05924236326829357,1.744622933189945,0.05889343868165558,0.057497740335103624,0.055753117401913674,0.05226387153553379,4
2019-01-22,0.006714328172608149,1.7964071856287425,0.0063550467354824,0.004917920986979406,0.0031215138013506636,-0.0004713005699068214,4
2019-02-20,-0.0088031732562149,1.658682634730539,-0.009134909783161007,-0.010461855890945438,-0.012120538525675977,-0.015437903795137056,4
2019-03-20,0.047788634313658075,1.7092490842490844,0.04744678449680826,0.04607938522940899,0.04437013614515991,0.04095163797666174,4
2019-04-17,0.05806831982548422,1.7982178078331925,0.05770867626391758,0.05627010201765103,0.054471884209817835,0.050875448594151454,4
2019-05-16,-0.030357222962865544,1.786172161172161,-0.030714457395099978,-0.0321433951240377,-0.03392956728520986,-0.037501911607554186,4
2019-06-14,-0.0057024886962776114,1.727000563539025,-0.006047888808985416,-0.007429489259816636,-0.009156489823355662,-0.012610490950433713,4
2019-07-15,-0.019274521066922665,1.7491089250071288,-0.01962434285192409,-0.021023629991929794,-0.022772738916936923,-0.02627095676695118,4
2019-08-12,0.054703288595003355,1.7134659252922724,0.0543605954099449,0.052989822669711084,0.05127635674441881,0.047849424893834265,4
2019-09-10,0.04958431014479779,1.8147989734816081,0.04922135035010147,0.047769511171316184,0.04595471219783458,0.04232511425087136,4
2019-10-08,0.08092841872324148,1.8433734939759037,0.08055974402444631,0.07908504522926559,0.07724167173528967,0.07355492474733787,4
2019-11-05,0.014997140355914911,1.7891566265060241,0.014639309030613706,0.013207983729408887,0.011418827102902863,0.007840513849890814,4
2019-12-04,0.04442825201813737,1.8187659729828405,0.0440644988235408,0.04260948604515453,0.04079072007217169,0.03715318812620601,4
2020-01-03,-0.014093753781170178,1.7117647058823529,-0.014436106722346648,-0.01580551848705253,-0.017517283192934885,-0.02094081260469959,4
2020-02-03,-0.07559949409870553,1.723529411764706,-0.07594419998105847,-0.07732302351047024,-0.07904655292223495,-0.08249361174576436,4
2020-03-03,-0.17638671987468602,1.7118894740639203,-0.1767290977694988,-0.17809860934874994,-0.17981049882281386,-0.1832342777709417,4
2020-03-31,-0.026738394794442788,1.8196378327681986,-0.02710232236099643,-0.028558032627210985,-0.030377670459979186,-0.03401694612551558,4
2020-04-29,-0.008283294689541216,1.6397085347377536,-0.008611236396488767,-0.00992300322427897,-0.011562711759016723,-0.01484212882849223,4
2020-05-28,0.061722709301825475,1.5073964497041419,0.061421230011884646,0.06021531285212133,0.05870791640241719,0.05569312350300891,4
2020-06-25,-0.03552287168998587,1.9136270015281376,-0.0359055970902915,-0.03743649869151401,-0.039350125693042144,-0.043177379696098424,4
2020-07-24,-0.010944234675014729,1.6598564879410007,-0.01127620597260293,-0.01260409116295573,-0.01426394765089673,-0.01758366062677873,4
2020-08-21,-0.015237499765550758,1.7507057400188197,-0.015587640913554522,-0.01698820550556958,-0.018738911245588397,-0.02224032272562604,4
2020-09-21,0.06595290254051892,1.6661351405222244,0.06561967551241447,0.0642867673999967,0.06262063225947447,0.059288361978430015,4
2020-10-19,0.06423543171668787,1.7467942329413328,0.0638860728700996,0.062488637483746536,0.06074184325080521,0.05724825478492254,4
2020-11-16,0.012848993153373792,1.8548191961285119,0.01247802931414809,0.01099417395724528,0.00913935476111677,0.005429716368859745,4
2020-12-15,0.07334832066209816,1.8527856973152765,0.0729777635226351,0.07149553496478289,0.06964274926746761,0.06593717787283705,4
2021-01-14,-0.10398000634685386,1.7391743019197208,-0.10432784120723781,-0.10571918064877359,-0.10745835495069331,-0.11093670355453275,4
2021-02-12,0.05222043131018793,1.7272301857051378,0.0518749852730469,0.050493201124482794,0.04876597093877765,0.045311510567367375,4
2021-03-15,0.12282263999514621,1.6792090930618044,0.12248679817653385,0.1211434309020844,0.11946422180902261,0.11610580362289899,4
2021-04-13,-0.042850877169930995,1.8442813165995737,-0.04321973343325091,-0.04469515848653057,-0.04653943980313014,-0.05022800243632929,4
2021-05-11,0.12947509583254893,1.6384924623115578,0.12914739734008662,0.12783660337023736,0.12619811090792582,0.1229211259833027,4
2021-06-09,0.020535612228925037,1.8553228994177662,0.020164547649041485,0.01868028932950727,0.016824966430089506,0.013114320631253971,4
2021-07-08,-0.06498113542390863,1.8379213754467305,-0.06534871969899797,-0.06681905679935536,-0.06865697817480208,-0.07233282092569555,4
2021-08-05,-0.018406228081106903,1.6950883801796581,-0.018745245757142835,-0.020101316461286562,-0.021796404841466218,-0.025186581601825533,4
2021-09-02,0.021548471075061137,1.844546029555517,0.021179561869150033,0.01970392504550562,0.017859379015950104,0.01417028695683907,4
2021-10-01,-0.0025951191404155415,1.8294695796164735,-0.002961013056338836,-0.004424588720032015,-0.006254058299648488,-0.009912997458881436,4
2021-10-29,-0.01499803509367016,1.7879653864643983,-0.01535562817096304,-0.01678600048013456,-0.018573965866598957,-0.022149896639527752,4
2021-11-29,-0.008990307592520723,1.7686492201956119,-0.009344037436559845,-0.010758956812716335,-0.012527606032911948,-0.016064904473303172,4
2021-12-28,-0.026595159710951718,1.7461928934010151,-0.02694439828963192,-0.028341352604352735,-0.030087545497753748,-0.033579931284555775,4
2022-01-26,0.05441547713452276,1.736040609137056,0.05406826901269535,0.0526794365253857,0.05094339591624865,0.04747131469797453,4
2022-02-24,-0.030179431878980867,1.6470588235294117,-0.03050884364368675,-0.03182649070251028,-0.03347354952603969,-0.03676766717309851,4
2022-03-24,0.058441343504198634,1.8443436960276338,0.05807247476499311,0.056596999808171,0.05475265611214337,0.0510639687200881,4
2022-04-22,-0.06707590263603493,1.9688039723661486,-0.06746966343050816,-0.06904470660840108,-0.07101351058076723,-0.07495111852549952,4
2022-05-20,0.024551457959354123,1.9141509976424587,0.02416862775982563,0.022637306961711665,0.020723155964069206,0.016894853968784287,4
2022-06-21,-0.09728266695243881,1.7271002242539244,-0.0976280869972896,-0.09900976717669274,-0.10073686740094666,-0.1041910678494545,4
2022-07-20,-0.03729927976363156,1.8585471608458066,-0.03767098919580072,-0.03915782692447736,-0.04101637408532317,-0.04473346840701478,4
2022-08-17,0.09661499588310205,1.6461963084353974,0.09628575662141496,0.09496879957466665,0.09332260326623125,0.09003021064936045,4
2022-09-15,0.04144496736770533,1.753579437640159,0.0410942514801773,0.03969138793006517,0.037937808492425014,0.0344306496171447,4
2022-10-13,0.034352476481530586,1.8028583438419505,0.033991904812762194,0.032549618137688634,0.030746759793846685,0.027141043106162784,4
2022-11-10,-0.01981738208533962,1.6289795675932526,-0.02014317799885827,-0.02144636165293287,-0.023075341220526124,-0.02633330035571263,4
2022-12-09,0.029361737460925456,1.711095272036113,0.029019518406518233,0.027650642188889345,0.02593954691685323,0.022517356372781003,4
2023-01-10,-0.034753479708957806,1.7602459016393444,-0.03510552888928568,-0.03651372561059715,-0.03827397151223649,-0.04179446331551519,4
2023-02-08,0.02287032567962122,1.6856345475910692,0.022533198770103006,0.021184691132030153,0.01949905658443908,0.016127787489256945,4
2023-03-09,-0.022211641468339077,1.6154230317273797,-0.02253472607468455,-0.023827064500066455,-0.025442487531793838,-0.028673333595248596,4
2023-04-06,0.01978505463970299,1.7096774193548387,0.01944311915583202,0.01807537722034815,0.01636569980099331,0.012946344962283633,4
2023-05-05,0.05453548896330328,1.71505376344086,0.054192478210615104,0.05282043519986242,0.05110538143642156,0.047675273909539836,4
2023-06-05,-0.008146114313388093,1.7686843543197135,-0.008499851184252035,-0.009914798667707806,-0.01168348302202752,-0.015220851730666948,4
2023-07-05,-0.04115733954391586,1.6502307778903527,-0.04148738569949393,-0.04280757032180621,-0.04445780109969656,-0.047758262655477265,4
2023-08-02,0.019244259472064068,1.6872959585725544,0.018906800280349557,0.017556963513491515,0.01586966755491896,0.012495075637773849,4
2023-08-30,0.000832594634040308,1.710304158907511,0.0004905338022588057,-0.000877709524867203,-0.002588013683774714,-0.006008622001589736,4
2023-09-28,-0.03560063521056803,1.7597765363128492,-0.0359525905178306,-0.03736041174688087,-0.039120188283193726,-0.042639741355819424,4
2023-10-26,0.04938977321074936,1.7430167597765363,0.04904116985879405,0.04764675645097283,0.04590373969119629,0.04241770617164321,4
2023-11-24,0.0017618000328643735,1.7434040527675778,0.001413119222310858,1.839598009679565e-05,-0.0017250080726707822,-0.005211816178205938,4
2006-01-10,0.008767402258814942,0.9999999999999999,0.008567402258814942,0.007767402258814942,0.006767402258814942,0.004767402258814943,5
2006-02-08,-0.055338326094430595,1.8271875622882199,-0.05570376360688824,-0.05716551365671881,-0.058992701219007036,-0.06264707634358348,5
2006-03-09,0.04439722684153337,1.6614778325123152,0.0440649312750309,0.04273574900902105,0.04107427117650874,0.037751315511484106,5
2006-04-06,-0.02270773362504232,1.8222660098522168,-0.023072186827012765,-0.024529999634894536,-0.026352265644746756,-0.029996797664451187,5
2006-05-05,-0.001164794309149798,1.6636688311688312,-0.0014975280753835643,-0.0028284631403186294,-0.004492131971487461,-0.007819469633825123,5
2006-06-05,-0.005935983396619436,1.66974025974026,-0.006269931448567488,-0.007605723656359696,-0.009275463916099956,-0.012614944435580476,5
2006-07-03,0.020357591393678494,1.6863662042558534,0.020020318152827322,0.01867122518942264,0.016984858985166787,0.01361212657665508,5
2006-08-01,0.017580176313472883,1.7313100244805728,0.017233914308576768,0.01584886628899231,0.014117556264511737,0.010654936215550592,5
2006-08-29,0.055480305483703966,1.750739098300074,0.05513015766404395,0.053729566385403896,0.05197882728710382,0.04847734909050367,5
2006-09-27,0.021633501467765187,1.855421686746988,0.021262417130415788,0.0197780797810182,0.01792265809427121,0.014211814720777236,5
2006-10-25,-0.0015789603746854558,1.7342151061608075,-0.0019258033959176173,-0.0033131754808462636,-0.005047390587007071,-0.008515820799328687,5
2006-11-22,0.011375461210303939,1.7071351488605344,0.011034034180531832,0.009668326061443404,0.00796119091258287,0.0045469206148618015,5
2006-12-21,-0.0040394293839197985,1.7466196914873358,-0.0043887533222172655,-0.005786049075407134,-0.00753266876689447,-0.011025908149869142,5
2007-01-24,0.020235326924767146,1.779607474122866,0.019879405429942574,0.01845571945064428,0.016676111976521413,0.013116897028275683,5
2007-02-22,-0.021731790515455665,1.8503683241252302,-0.022101864180280713,-0.023582158839580897,-0.025432527163706125,-0.029133263811956585,5
2007-03-22,0.0015039262747665602,1.7669506462984725,0.0011505361455068659,-0.0002630243715319124,-0.002029975017830385,-0.00556387631042733,5
2007-04-20,-0.008035755491239065,1.740011750881316,-0.008383757841415328,-0.00977576724212038,-0.011515778993001697,-0.01499580249476433,5
2007-05-18,-0.022127973865432343,1.7971327796108771,-0.02248740042135452,-0.02392510664504322,-0.025722239424654098,-0.029316504983875852,5
2007-06-18,-0.03199428259350761,1.6108772329047671,-0.032316458040088564,-0.03360515982641238,-0.03521603705931715,-0.03843779152512668,5
2007-07-17,-0.03638481408060038,1.6747354647855273,-0.036719761173557484,-0.03805954954538591,-0.039734285010171434,-0.043083755939742494,5
2007-08-14,0.0205783437492405,1.7853658536585364,0.020221270578508792,0.01879297789558196,0.017007612041923425,0.013436880334606353,5
2007-09-12,-0.006691186883336087,1.7853658536585366,-0.007048260054067794,-0.008476552736994623,-0.01026191859065316,-0.013832650297970234,5
2007-10-10,-0.019119824477628306,1.7322077922077923,-0.019466266036069865,-0.020852032269836097,-0.02258424006204389,-0.026048655646459473,5
2007-11-07,-0.002889292141121391,1.7463022916269915,-0.003238552599446789,-0.004635594432748382,-0.006381896724375374,-0.009874501307629357,5
2007-12-06,-0.017839414704236577,1.6845045388180029,-0.018176315612000178,-0.01952391924305458,-0.02120842378187258,-0.02457743285950859,5
2008-01-07,0.12148872646068032,1.6789162561576356,0.12115294320944879,0.11980981020452268,0.11813089394836505,0.11477306143604978,5
2008-02-05,0.021392540865025095,1.8574350649350646,0.02102105385203808,0.01953510580009003,0.017677670735154964,0.013962800605284837,5
2008-03-05,0.014376954532656468,1.8176948051948054,0.014013415571617508,0.012559259727461664,0.010741564922266857,0.007106175311877246,5
2008-04-03,-0.01867623608000464,1.7475060199518402,-0.01902573728399501,-0.020423742099956482,-0.02217124811990832,-0.025666260159812,5
2008-05-01,0.06114744803302776,1.7303405572755417,0.060801379921572654,0.05941710747575222,0.05768676691847668,0.05422608580392559,5
2008-05-30,0.04674015109155453,1.6456244138229565,0.04641102620878994,0.045094526677731575,0.043448902263908615,0.0401576534362627,5
2008-06-27,0.04147889650993749,1.8136137363826563,0.04111617376266096,0.039665282773554834,0.03785166903717218,0.03422444156440686,5
2008-07-28,-0.024021240721198826,1.8566082121471343,-0.024392562363628252,-0.02587784893334596,-0.027734457145493094,-0.031447673569787365,5
2008-08-25,0.14128397325530936,1.832727402338181,0.14091742777484173,0.1394512458529712,0.137618518450633,0.13395306364595663,5
2008-09-23,0.07985384616529492,1.6543515651874785,0.07952297585225743,0.07819949460010744,0.07654514303491997,0.07323643990454501,5
2008-10-21,-0.05584776222352796,1.6250773993808048,-0.05617277770340412,-0.057472839622908764,-0.05909791702228957,-0.06234807182105118,5
2008-11-18,0.1604048476053925,1.7489107703032416,0.16005506545133186,0.15865593683508927,0.15690702606478601,0.15340920452417953,5
2008-12-17,0.0038518135300653414,1.835820895522388,0.003484649350960864,0.002015992634542953,0.00018017173902056503,-0.0034914700520242113,5
2009-01-16,-0.11906935592517998,1.8080446271285968,-0.1194309648506057,-0.12087740055230857,-0.12268544517943716,-0.12630153443369435,5
2009-02-17,0.0234615920865413,1.5773333333333333,0.02314612541987463,0.021884258753207965,0.02030692541987463,0.017152258753207965,5
2009-03-17,-0.20830964512645767,1.9357419354838712,-0.20869679351355444,-0.21024538706194154,-0.21218112899742542,-0.21605261286839314,5
2009-04-15,-0.04988566663197198,1.5876937984496124,-0.0502032053916619,-0.05147336043042159,-0.0530610542288712,-0.05623644182577043,5
2009-05-13,0.015339897967093598,1.7136690647482014,0.014997164154143958,0.013626228902345397,0.011912559837597196,0.008485221708100793,5
2009-06-11,0.10705752080458253,1.698766700924974,0.10671776746439754,0.10535875410365755,0.10365998740273258,0.10026245400088263,5
2009-07-10,0.19881714774833228,1.853424216401889,0.1984464629050519,0.1969637235319304,0.1951102993155285,0.19140345088272473,5
2009-08-07,0.02214161208417664,1.8700344072568031,0.02176760520272528,0.020271577676919835,0.018401543269663034,0.014661474455149426,5
2009-09-04,0.04374825497518282,1.8628922948597646,0.04337567651621086,0.04188536268032305,0.04002247038546329,0.03629668579574376,5
2009-10-05,-0.07896295715127072,1.7325617766656243,-0.07930946950660385,-0.08069551892793635,-0.08242808070460196,-0.08589320425793322,5
2009-11-02,-0.0018762248206564865,1.6666666666666665,-0.00220955815398982,-0.003542891487323153,-0.00520955815398982,-0.008542891487323153,5
2009-12-01,0.016688864139615293,1.7234042553191489,0.016344183288551462,0.014965459884296144,0.013242055628976995,0.009795247118338696,5
2009-12-30,0.022618520198642876,1.7362065264061828,0.02227127889336164,0.020882313672236693,0.01914610714583051,0.015673694093018144,5
2010-01-29,0.029797292341351415,1.7101449275362315,0.02945526335584417,0.028087147413815183,0.02637700248627895,0.02295671263120649,5
2010-03-01,0.016728690342554114,1.6270298047276466,0.016403284381608586,0.015101660537826469,0.01347463073309882,0.010220571123643527,5
2010-03-29,0.005537855441573924,1.676948512045347,0.005202465739164854,0.0038609069295285764,0.0021839584174832296,-0.0011699386066074645,5
2010-04-27,0.04080927313004957,1.7134936166247319,0.040466574406724624,0.039095779513424835,0.03738228589680011,0.03395529866355064,5
2010-05-25,-0.008423190557682609,1.870967741935484,-0.008797384106069705,-0.010294158299618094,-0.012165126041553577,-0.015907061525424544,5
2010-06-23,-0.025239480313924725,1.7677419354838713,-0.025593028701021498,-0.027007222249408595,-0.028774964184892466,-0.03231044805586021,5
2010-07-22,-0.004054875981881817,1.795774647887324,-0.0044140309114592815,-0.00585065062976914,-0.007646425277656465,-0.011237974573431113,5
2010-08-19,-0.0036298724148677887,1.7223404255319148,-0.003974340499974171,-0.005352212840399703,-0.007074553265931618,-0.010519234116995447,5
2010-09-17,0.002490076723541901,1.8115942028985508,0.0021277578829621904,0.00067848252064335,-0.0011331116822552007,-0.004756300088052302,5
2010-10-15,0.0076413738187218055,1.6560637204522095,0.0073101610746313635,0.005985310098269596,0.004329246377817387,0.0010171189369129674,5
2010-11-12,-0.028922557754012843,1.7164750957854404,-0.029265852773169933,-0.030639032849798284,-0.03235550794558372,-0.0357884581371546,5
2010-12-13,-0.018585872514670747,1.7715038314176246,-0.01894017328095427,-0.02035737634608837,-0.022128880177505996,-0.025671887840341245,5
2011-01-11,0.015494277430904535,1.7221456150027579,0.015149848307903984,0.013772131815901777,0.012049986200899018,0.008605694970893503,5
2011-02-09,0.02216831305820704,1.7039724288046436,0.02182751857244611,0.020464340629402396,0.01876036820059775,0.015352423342988464,5
2011-03-10,0.01760219309899378,1.7979373567608863,0.017242605627641603,0.015804255742232893,0.014006318385472009,0.010410443671950235,5
2011-04-07,0.015366406421550766,1.6676003734827265,0.015032886346854221,0.01369880604806804,0.012031205674585313,0.00869600492761986,5
2011-05-06,-0.0055677736765356745,1.7291303590101081,-0.005913599748337696,-0.007296904035545783,-0.00902603439455589,-0.012484295112576108,5
2011-06-06,-0.0005874598046978563,1.7407064017660046,-0.0009356010850510572,-0.002328166206463861,-0.004068872608229865,-0.007550285411761875,5
2011-07-05,-0.0014796042769966106,1.8099415204678362,-0.001841592581090178,-0.0032895457974644465,-0.005099487317932283,-0.008719370358867955,5
2011-08-02,-0.006775637482392198,1.796826625386997,-0.007135002807469598,-0.008572464107779195,-0.010369290733166192,-0.013962943983940187,5
2011-08-30,0.09805326349900875,1.859668463171648,0.09768132980637442,0.0961935950358371,0.09433392657266546,0.09061458964632216,5
2011-09-28,0.04924309284769154,1.8147966682998529,0.04888013351403157,0.047428296179391684,0.04561349951109183,0.041983906174492124,5
2011-10-26,0.02258622974120473,1.733482434069518,0.022239533254390827,0.02085274730713521,0.019119264873065693,0.015652300004926657,5
2011-11-23,-0.005758625930267193,1.7090996168582375,-0.0061004458536388405,-0.007467725547125431,-0.009176825163983668,-0.012595024397700143,5
2011-12-22,0.011568918434130573,1.6330938697318007,0.011242299660184212,0.009935824564398772,0.008302730694666971,0.00503654295520337,5
2012-01-24,-0.00025209183804726686,1.82705938697318,-0.0006175037154419029,-0.0020791512250204467,-0.0039062106119936266,-0.007560329385939986,5
2012-02-22,0.036108416454613906,1.6917808219178083,0.035770060290230346,0.0344166356326961,0.03272485481077829,0.029341293166942672,5
2012-03-21,0.017758927227929544,1.7777525847995648,0.017403376710969632,0.01598117464312998,0.014203422058330414,0.010647916888731285,5
2012-04-19,0.04031778809555193,1.7911754035915108,0.03995955301483362,0.038526612691960414,0.03673543728836891,0.03315308648118588,5
2012-05-17,-0.041748128523782166,1.7298371647509576,-0.04209409595673236,-0.04347796568853313,-0.04520780285328408,-0.048667477182785995,5
2012-06-15,-0.025430913688183274,1.591427203065134,-0.0257491991287963,-0.027022340891248407,-0.02861376809431354,-0.03179662250044381,5
2012-07-16,0.06286062038844964,1.7008105369807498,0.06252045828105349,0.06115980985146889,0.05945899931448814,0.05605737824052664,5
2012-08-13,-0.011681689474829393,1.8364235055724418,-0.012048974175943881,-0.013518112980401835,-0.015354536485974277,-0.01902738349711916,5
2012-09-11,0.03239212318064116,1.7042018559065792,0.03205128280945984,0.030687921324734576,0.028983719468828,0.02557531575701484,5
2012-10-09,-0.013147920158944105,1.7438703140830798,-0.013496694221760721,-0.014891790473027185,-0.016635660787110266,-0.020123401415276423,5
2012-11-08,-0.014963954609370275,1.7293819655521783,-0.01530983100248071,-0.016693336574922453,-0.01842271854047463,-0.02188148247157899,5
2012-12-07,0.022060555378380385,1.7151273706654697,0.02171752990424729,0.020345428007714914,0.018630300637049447,0.015200045895718505,5
2013-01-08,-0.023134018740354336,1.6961342523224454,-0.023473245590818825,-0.024830152992676782,-0.02652628724499923,-0.029918555749644117,5
2013-02-06,-0.03134761106405802,1.7354312354312353,-0.031694697311144264,-0.03308304229948925,-0.03481847353492049,-0.038289336005782965,5
2013-03-07,-0.008948828710308483,1.7307727190277526,-0.009294983254114033,-0.010679601429336235,-0.012410374148363988,-0.015871919586419495,5
2013-04-05,-0.008862303164346219,1.7370306548158896,-0.009209709295309397,-0.010599333819162109,-0.012336364473977998,-0.015810425783609777,5
2013-05-03,-0.013853411372215182,1.7702702702702706,-0.014207465426269236,-0.015623681642485452,-0.017393951912755723,-0.020934492453296264,5
2013-06-03,-0.016292983054129576,1.7980682024306187,-0.0166525966946157,-0.018091051256560194,-0.019889119458990814,-0.023485255863852052,5
2013-07-01,-0.002725932872243271,1.7171629445822996,-0.003069365461159731,-0.004443095816825571,-0.006160258761407871,-0.00959458465057247,5
2013-07-30,0.0038805965940330533,1.8135235732009927,0.0035178918793928545,0.0020670730208320605,0.0002535494476310677,-0.003373497698770918,5
2013-08-27,-0.022127399726437035,1.840618101545254,-0.022495523346746087,-0.023968017827982288,-0.02580863592952754,-0.02948987213261805,5
2013-09-25,0.002249958059042167,1.7051083591331269,0.0019089363872155415,0.0005448496999090398,-0.0011602586592240872,-0.004570475377490341,5
2013-10-23,-0.013997251348018094,1.7473397570171763,-0.01434671929942153,-0.01574459110503527,-0.017491930862052446,-0.0209866103760868,5
2013-11-20,0.0006525231698207454,1.6964189862740588,0.0003132393725659336,-0.0010438958164533134,-0.002740314802727372,-0.00613315277527549,5
2013-12-19,0.023737562185897284,1.7459934054136954,0.023388363504814543,0.021991568780483587,0.020245575375069894,0.016753588564242503,5
2014-01-21,0.001112407330107565,1.7385439763488544,0.000764698534837794,-0.0006261366462412894,-0.0023646806225901436,-0.005841768575287853,5
2014-02-19,0.002660718005965554,1.6895494724836042,0.002322808111468833,0.0009711685334819497,-0.0007183809390016544,-0.004097479883968863,5
2014-03-19,0.03603389814532866,1.6307877536979702,0.03570774059458907,0.03440311039163069,0.03277232263793272,0.02951074713053678,5
2014-04-16,-0.02604907805115214,1.7068799449604404,-0.02639045404014423,-0.027755957996112583,-0.029462837941073024,-0.032876597830993906,5
2014-05-15,0.003251796865925992,1.796799258625606,0.002892437014200871,0.0014549976073003857,-0.0003418016513252204,-0.003935400168576433,5
2014-06-13,0.036323762067731746,1.7145232815964524,0.03598085741141246,0.034609238786135296,0.03289471550453884,0.029465668941345936,5
2014-07-14,0.013130964101440372,1.8910916392844106,0.01275274577358349,0.01123987246215596,0.00934878082287155,0.005566597544302729,5
2014-08-11,0.005746977517245991,1.7459291712303762,0.005397791682999916,0.004001048346015615,0.0022551191747852387,-0.0012367391676755138,5
2014-09-09,-0.04237677683407588,1.7723623418919945,-0.04273124930245428,-0.044149139175967876,-0.04592150151785987,-0.04946622620164386,5
2014-10-07,-0.08359749668313265,1.50625,-0.08389874668313266,-0.08510374668313266,-0.08660999668313266,-0.08962249668313266,5
2014-11-04,-0.006415910848669288,1.7642570281124499,-0.006768762254291778,-0.008180167876781738,-0.009944424904894188,-0.013472938961119087,5
2014-12-03,-0.03268806164935181,1.7098941219423147,-0.03303004047374027,-0.03439795577129413,-0.03610784989323644,-0.03952763813712107,5
2015-01-02,-0.009676668205720438,1.4679079956188388,-0.009970249804844206,-0.011144576201339277,-0.012612484196958117,-0.015548300188195793,5
2015-02-02,0.004212056094217129,1.643629061701351,0.003883330281876859,0.002568427032515778,0.0009247979708144273,-0.0023624601525882747,5
2015-03-03,-0.012843272046265685,1.764476086162833,-0.013196167263498251,-0.014607748132428518,-0.01637222421859135,-0.019901176390917017,5
2015-03-31,-0.015493645273684967,1.7861369399830938,-0.015850872661681586,-0.017279782213668063,-0.019065919153651155,-0.022638193033617342,5
2015-04-29,0.040323852707113784,1.6970273316427162,0.03998444724078524,0.03862682537547107,0.03692979804382835,0.033535743380542916,5
2015-05-28,-0.006727619103520118,1.8218160045083118,-0.00709198230442178,-0.00854943510802843,-0.010371251112536742,-0.014014883121553365,5
2015-06-25,-0.0671000196286782,1.7745139475908704,-0.06745492241819638,-0.06887453357626908,-0.07064904752385995,-0.07419807541904169,5
2015-07-24,-0.02010204405245088,1.6792465660274718,-0.020437893365656375,-0.02178129061847835,-0.023460537184505824,-0.026819030316560768,5
2015-08-21,0.030451105830359988,1.7254181966544269,0.030106022191029102,0.02872568763370556,0.027000269437051135,0.023549433043742282,5
2015-09-21,0.04012701353824704,1.804134967596506,0.03976618654472774,0.03832287857065053,0.03651874360305403,0.03291047366786102,5
2015-10-19,0.02007136752809159,1.655924204001127,0.019740182687291365,0.018415443324090463,0.01675951912008934,0.013447670712087082,5
2015-11-16,-0.016270465775193137,1.7150253592561284,-0.016613470847044363,-0.017985491134449264,-0.019700516493705394,-0.02313056721221765,5
2015-12-15,-0.02608206204753593,1.732952944491406,-0.02642865263643421,-0.027815014992027334,-0.029547967936518742,-0.033013873825501555,5
2016-01-14,-0.08667233189023513,1.6470805617147082,-0.08700174800257807,-0.08831941245194984,-0.08996649301366455,-0.09326065413709396,5
2016-02-12,0.16191085205645003,1.6227272727272728,0.16158630660190457,0.16028812478372276,0.15866539751099548,0.15541994296554093,5
2016-03-14,-0.02284180042248113,1.8377329192546583,-0.02320934700633206,-0.02467953334173579,-0.026517266260990446,-0.030192732099499762,5
2016-04-12,0.016484926321128628,1.6015916149068326,0.01616460799814726,0.014883334706221794,0.013281743091314963,0.010078559861501298,5
2016-05-10,0.06345822933977391,1.8244103773584905,0.06309334726430221,0.06163381896241542,0.05980940858505693,0.05616058783033995,5
2016-06-08,0.02023725343742655,1.8549080487222356,0.0198662718276821,0.018382345388704313,0.01652743733998208,0.012817621242537608,5
2016-07-07,-0.002556696411079494,1.7813377679231341,-0.002912963964664121,-0.004338034179002628,-0.006119371946925762,-0.00968204748277203,5
2016-08-04,0.01174381235881614,1.7754249815225427,0.011388727362511631,0.009968387377293596,0.008192962395771053,0.004642112432725968,5
2016-09-01,-0.012837287377569001,1.7992138364779875,-0.013197130144864599,-0.014636501214046988,-0.016435715050524977,-0.020034142723480954,5
2016-09-30,-0.009537335875135512,1.7050707547169812,-0.009878350026078907,-0.011242406629852493,-0.012947477384569474,-0.016357618894003438,5
2016-10-28,0.011499694711123712,1.7175314465408806,0.011156188421815535,0.009782163264582831,0.00806463181804195,0.004629568924960189,5
2016-11-28,-0.036816041776097104,1.7647058823529411,-0.037168982952567695,-0.03858074765845004,-0.04034545354080299,-0.04387486530550887,5
2016-12-27,-0.00034392008675141264,1.6463234305686247,-0.0006731847728651376,-0.0019902435173200375,-0.003636566947888662,-0.006929213809025911,5
2017-01-26,0.04681149236287918,1.698380158623471,0.046471816331154485,0.04511311220425571,0.04341473204563224,0.040017971728385296,5
2017-02-24,-0.04441087229280163,1.7966749981064907,-0.044770207292422926,-0.04620754729090812,-0.04800422228901461,-0.05159757228522759,5
2017-03-24,0.008747123861771207,1.7083333333333333,0.00840545719510454,0.007038790528437874,0.00533045719510454,0.0019137905284378745,5
2017-04-24,-0.001662139798684451,1.7738095238095237,-0.0020169017034463556,-0.003435949322493975,-0.005209758846303499,-0.008757377893922547,5
2017-05-22,0.013220734242142772,1.7696484510964148,0.012866804551923489,0.011451085791046358,0.009681437339949943,0.0061421404377571135,5
2017-06-20,0.045224843845623613,1.7109293421510614,0.0448826579771934,0.04351391450347255,0.04180298516132149,0.03838112647701937,5
2017-07-19,-0.000444108237838635,1.761559180008978,-0.0007964200738404307,-0.002205667417847613,-0.003967226597856591,-0.0074903449578745465,5
2017-08-16,0.04762041504749458,1.7299978356539933,0.04727441548036378,0.04589041721184058,0.04416041937618659,0.040700423704878606,5
2017-09-14,-0.01686522460839768,1.7717697135848787,-0.017219578551114657,-0.01863699432198256,-0.020408764035567437,-0.023952303462737197,5
2017-10-12,-0.01827935897071864,1.6852634544942238,-0.018616411661617486,-0.019964622425212863,-0.021649885879707086,-0.025020412788695535,5
2017-11-09,0.03541852422134065,1.6495843899690055,0.035088607343346845,0.03376893983137164,0.03211935544140264,0.028820186661464624,5
2017-12-08,0.01961097460717184,1.768279797125951,0.01925731864774665,0.01784269481004589,0.016074415012919938,0.012537855418668037,5
2018-01-09,0.031274114331046036,1.785455034278801,0.030917023324190277,0.029488659296767236,0.027703204262488436,0.024132294193930832,5
2018-02-07,-0.0014402502477199228,1.8318658421830891,-0.0018066234161565407,-0.003272116089903012,-0.0051039819320861015,-0.00876771361645228,5
2018-03-08,0.02765066171679139,1.7937931034482757,0.027291903096101734,0.025856868613343114,0.024063075509894838,0.020475489302998286,5
2018-04-06,-0.010913298745362428,1.7550974025974027,-0.01126431822588191,-0.01266839614795983,-0.014423493550557234,-0.01793368835575204,5
2018-05-04,-0.03404890150037711,1.7663636363636364,-0.03440217422764984,-0.03581526513674074,-0.03758162877310438,-0.041114356045831656,5
2018-06-04,0.005005701650589839,1.6947378911700217,0.004666754072355835,0.003310963759419818,0.001616225868249796,-0.0017732499140902473,5
2018-07-02,0.012446126108496536,1.7684111468641854,0.012092443879123699,0.010677714961632351,0.008909303814768166,0.005372481521039795,5
2018-07-31,0.07209681583203023,1.773905652358691,0.07174203470155849,0.07032291017967154,0.06854900452731284,0.06500119322259547,5
2018-08-28,-0.00983000830206538,1.8667495631133215,-0.010203358214688044,-0.011696757865178702,-0.013563507428292024,-0.017297006554518667,5
2018-09-26,0.05121357714574426,1.617522516467267,0.05089007264245081,0.04959605462927699,0.047978532112809724,0.04474348707987519,5
2018-10-24,0.006003307858622959,1.8307153542771657,0.005637164787767526,0.004172592504345793,0.0023418771500686273,-0.001319553558485704,5
2018-11-21,-0.024460550694839947,1.768113993816373,-0.024814173493603223,-0.02622866468865632,-0.027996778682472693,-0.03153300667010544,5
2018-12-21,0.07286173382933579,1.7447573598601962,0.07251278235736375,0.0711169764694756,0.0693722191096154,0.065882704389895,5
2019-01-23,0.023042937215494115,1.7293485318519588,0.022697067509123724,0.021313588683642155,0.019584240151790198,0.01612554308808628,5
2019-02-21,0.01232442682972117,1.699516629391819,0.011984523503842806,0.010624910200329352,0.008925393570937532,0.005526360312153894,5
2019-03-21,0.04269673930306532,1.6736756832910678,0.042362004166407105,0.04102306361977425,0.03934938793648318,0.03600203656990105,5
2019-04-18,0.056236898377831385,1.768491124260355,0.05588320015297931,0.05446840725357103,0.05269991612931067,0.04916293388078997,5
2019-05-17,-0.02874934207805207,1.7678571428571428,-0.029102913506623498,-0.030517199220909213,-0.03228505636376636,-0.03582077064948064,5
2019-06-17,-0.001659390396545125,1.7797619047619047,-0.002015342777497506,-0.0034391523013070297,-0.005218914206068934,-0.008778438015592744,5
2019-07-16,-0.02053262808925604,1.6954662104362703,-0.020871721331343296,-0.02222809429969231,-0.02392356051012858,-0.027314492931001123,5
2019-08-13,0.05192206726938699,1.701454234388366,0.051581776422509315,0.05022061303499862,0.04851915880061025,0.04511625033183352,5
2019-09-11,0.09033218980183619,1.8628100940975192,0.08995962778301668,0.08846937970773867,0.08660656961364115,0.0828809494254461,5
2019-10-09,0.045391327777353226,1.82504563709383,0.04502631864993446,0.0435662821402594,0.041741236503165566,0.038091145228977906,5
2019-11-06,0.002627858681421096,1.8431909456005842,0.002259220492300979,0.0007846677358205119,-0.0010585232097800722,-0.0047449051009812405,5
2019-12-05,-0.009772245538672043,1.7403431909456004,-0.010120314176861163,-0.011512588729617643,-0.013252931920563244,-0.016733618302454446,5
2020-01-06,-0.010177367406937482,1.7184726522187823,-0.010521061937381239,-0.011895840059156264,-0.013614312711375046,-0.01705125801581261,5
2020-02-04,-0.029829304248259213,1.7242862057103543,-0.030174161489401285,-0.03155359045396957,-0.03327787665967992,-0.036726449071100634,5
2020-03-04,-0.17509599016122707,1.741901738691292,-0.17544437050896533,-0.17683789189991836,-0.17857979363860965,-0.18206359711599224,5
2020-04-01,0.09404233006711335,1.7476372556092634,0.0936928026159915,0.09229469281150408,0.09054705555589482,0.0870517810446763,5
2020-04-30,-0.005783402954104292,1.7873983739837396,-0.00614088262890104,-0.007570801328088032,-0.009358199702071772,-0.012932996450039251,5
2020-05-29,0.029239463230050028,1.4958438996900534,0.028940294450112015,0.027743619330359976,0.02624777543066992,0.023256087631289814,5
2020-06-26,-0.024883462873047386,1.8444289415985649,-0.0252523486613671,-0.02672789181464595,-0.028572320756244517,-0.03226117863944165,5
2020-07-27,-0.03087753578287831,1.7810112284898014,-0.03123373802857627,-0.03265854701136811,-0.03443955823985791,-0.03800158069683751,5
2020-08-24,-0.05102591621022223,1.8098797422098196,-0.0513878921586642,-0.052835795952432055,-0.05464567569464187,-0.05826543517906151,5
2020-09-22,0.0588497691974357,1.6255066108564213,0.05852466787526442,0.05722426258657928,0.05559875597572286,0.05234774275401002,5
2020-10-20,0.07476839337026311,1.70616570327553,0.074427160229608,0.07306222766698758,0.07135606196371205,0.06794373055716099,5
2020-11-17,-0.0232474166130979,1.7879474548440066,-0.0236050061040667,-0.025035364067941906,-0.02682331152278591,-0.030399206432473926,5
2020-12-16,0.04136876858994637,1.8050822561692126,0.04100775213871253,0.03956368633377716,0.03775860407760794,0.03414843956526952,5
2021-01-15,-0.13053901856466626,1.7871869602763384,-0.13089645595672153,-0.1323262055249426,-0.13411339248521895,-0.13768776640577163,5
2021-02-16,0.0671714075264893,1.6593425352387456,0.06683953901944155,0.06551206499125055,0.06385272245601181,0.06053403738553432,5
2021-03-16,0.1127314480175161,1.6924677187948352,0.11239295447375713,0.11103898029872127,0.10934651257992643,0.10596157714233675,5
2021-04-14,-0.029169800027883934,1.8240315638450504,-0.029534606340652945,-0.030993831591728985,-0.032817863155574035,-0.03646592628326414,5
2021-05-12,0.08549462480703313,1.739020100502513,0.08514682078693263,0.08375560470653061,0.0820165846060281,0.07853854440502307,5
2021-06-10,-0.0008898137146089372,1.819160301265958,-0.0012536457748621287,-0.0027089740158748954,-0.004528134317140853,-0.00816645491967277,5
2021-07-09,-0.051142998968999626,1.7247416207862454,-0.05148794729315687,-0.05286774058978587,-0.05459248221057211,-0.05804196545214461,5
2021-08-06,-0.03543892910343567,1.734642132715155,-0.035785857529978704,-0.037173571236150824,-0.03890821336886598,-0.04237749763429629,5
2021-09-03,0.028029248166373796,1.769708469898223,0.027675306472394152,0.026259539696475574,0.02448983122657735,0.020950414286780905,5
2021-10-04,0.04047536320085947,1.7882057582394104,0.04011772204921159,0.03868715744262006,0.03689895168438065,0.03332254016790183,5
2021-11-01,-0.015932016735189753,1.8398055659419903,-0.016299977848378153,-0.017771822301131744,-0.019611627867073732,-0.023291238998957714,5
2021-11-30,-0.04935744617736443,1.8199577055247156,-0.049721437718469375,-0.05117740388288915,-0.05299736158841386,-0.05663727699946329,5
2021-12-29,-0.0645154215398367,1.6130477571739354,-0.0648380310912715,-0.06612846929701065,-0.06774151705418457,-0.07096761256853244,5
2022-01-27,0.037390058156005095,1.6793224904174866,0.0370541936579216,0.035710735665587606,0.034031413175170125,0.030672768194335148,5
2022-02-25,-0.08517453148748787,1.6709445007317347,-0.08550872038763421,-0.08684547598821961,-0.08851642048895134,-0.0918583094904148,5
2022-03-25,0.06828994423335474,1.740365932642487,0.06794187104682625,0.06654957830071226,0.06480921236806977,0.0613284805027848,5
2022-04-25,-0.07232363195714543,1.9323726252158895,-0.0727101064821886,-0.07425600458236133,-0.07618837720757721,-0.080053122458009,5
2022-05-23,-0.004352759536157373,1.7744810534184348,-0.00470765574684106,-0.006127240589575808,-0.007901721642994243,-0.011450683749831114,5
2022-06-22,-0.08625109052554668,1.614484503478811,-0.08657398742624244,-0.08786557502902549,-0.0894800595325043,-0.09270902853946192,5
2022-07-21,-0.03591927847970039,1.7877761938702776,-0.03627683371847445,-0.03770705467357067,-0.03949483086744095,-0.0430703832551815,5
2022-08-18,0.029928572241032875,1.7534644356276234,0.02957787935390735,0.02817510780540525,0.026421643369777627,0.02291471449852238,5
2022-09-16,0.03363739303675615,1.7213501236271636,0.03329312301203072,0.03191604291312899,0.03019469278950182,0.026751992542247492,5
2022-10-14,0.09914770029249592,1.8126707546597052,0.09878516614156398,0.09733502953783621,0.09552235878317651,0.0918970172738571,5
2022-11-11,-0.018446327130713064,1.8163905841325199,-0.01880960524753957,-0.020262717714845585,-0.022079108298978103,-0.02571188946724314,5
2022-12-12,0.030179936264569402,1.7141528625399594,0.02983710569206141,0.028465783402029442,0.026751630539489483,0.023323324814409564,5
2023-01-11,-0.004176414556505935,1.7939776733254995,-0.004535210091171035,-0.005970392229831435,-0.007764369903156934,-0.011352325249807933,5
2023-02-09,-0.0017809366282791031,1.7561985898942423,-0.0021321763462579515,-0.003537135218173345,-0.0052933338080675876,-0.008805730987856072,5
2023-03-10,-0.047498872297374116,1.7275184129246852,-0.04784437597995905,-0.0492263907102988,-0.050953909123223486,-0.054408945949072855,5
2023-04-10,0.005719232788620791,1.8058122638767802,0.005358070335845435,0.003913420524744011,0.002107608260867231,-0.0015040162668863294,5
2023-05-08,0.04078070114848762,1.7574832897413541,0.04042920449053935,0.03902321785874627,0.037265734569004914,0.0337507679895222,5
2023-06-06,0.039757169369107774,1.7246675975957744,0.03941223584958862,0.038032501771511996,0.036307834173916226,0.03285849897872468,5
2023-07-06,-0.014654572810195977,1.693984962406015,-0.014993369802677181,-0.016348557772601992,-0.018042542735008008,-0.021430512659820038,5
2023-08-03,-0.013304689193814827,1.7889724310776942,-0.013662483680030365,-0.015093661624892521,-0.016882634055970215,-0.020460578918125603,5
2023-08-31,0.003283798166828879,1.717464702271332,0.0029403052263746125,0.0015663334645575468,-0.00015113123771378538,-0.0035860606422564497,5
2023-09-29,-0.02084450604385641,1.6824022346368717,-0.021180986490783784,-0.022526908278493282,-0.024209310513130154,-0.027574114982403898,5
2023-10-27,0.009418244778975474,1.8496275605214154,0.009048319266871191,0.007568617218454058,0.005718989657932643,0.0020197345368898117,5
2023-11-27,-0.02539314611021243,1.766863865089079,-0.02574651888323025,-0.027160009975301512,-0.02892687384039059,-0.03246060157056875,5
2006-01-11,0.008850863045043194,1.0,0.008650863045043193,0.007850863045043194,0.006850863045043194,0.0048508630450431935,6
2006-02-09,-0.03871970178548604,1.7983190485682017,-0.03907936559519968,-0.040518020834054244,-0.04231633988262244,-0.045912977979758844,6
2006-03-10,0.03963761506693679,1.6422829047903793,0.03930915848597871,0.037995332162146414,0.03635304925735603,0.03306848344777527,6
2006-04-07,-0.034280115635080814,1.7692512125440172,-0.034633965877589615,-0.03604936684762483,-0.03781861806016885,-0.04135712048525688,6
2006-05-08,0.03393937891178757,1.5726623376623377,0.0336248464442551,0.03236671657412523,0.030794054236462892,0.027648729561138216,6
2006-06-06,0.01105883578001271,1.7380194805194806,0.010711231883908814,0.00932081629949323,0.007582796818973749,0.004106757857934787,6
2006-07-05,0.0294457357059626,1.7392462763225476,0.029097886450698093,0.027706489429640054,0.025967243153317505,0.02248875060067241,6
2006-08-02,0.03546472493194975,1.7226823317925013,0.03512018846559125,0.03374204260015725,0.032019360268364744,0.028573995604779745,6
2006-08-30,0.040082195073487766,1.800401606425703,0.03972211475220262,0.038281793467062064,0.03648139186063636,0.03288058864778495,6
2006-09-28,-0.01102486865084169,1.8669952537422416,-0.011398267701590139,-0.012891863904583932,-0.014758859158326173,-0.018492849665810655,6
2006-10-26,-0.008085576482225375,1.7166724678036898,-0.008428910975786113,-0.009802248950029065,-0.011518921417832754,-0.014952266353440134,6
2006-11-24,0.010017750564595173,1.7960965588084232,0.009658531252833488,0.00822165400578675,0.006425557446978327,0.0028333643293614805,6
2006-12-22,-0.012097739350716164,1.7789869029275809,-0.01245353673130168,-0.013876726253643746,-0.015655713156571327,-0.019213686962426486,6
2007-01-25,0.01579304038863044,1.7976878612716765,0.015433502816376106,0.013995352527358765,0.012197664666087089,0.008602288943543736,6
2007-02-23,-0.023740070685347652,1.8071762491651997,-0.024101505935180692,-0.02554724693451285,-0.02735442318367805,-0.03096877568200845,6
2007-03-23,-0.006800961016027963,1.8103113983548766,-0.0071630232956989386,-0.00861127241438284,-0.010421583812737716,-0.01404220660944747,6
2007-04-23,-0.01778663833696413,1.7886603995299648,-0.018144370416870125,-0.019575298736494096,-0.021363959136024062,-0.02494127993508399,6
2007-05-21,-0.0058960555014422236,1.8014202748548098,-0.006256339556413185,-0.007697475776297033,-0.009498896051151843,-0.013101736600861464,6
2007-06-19,-0.03879289082746547,1.6677016847794834,-0.03912643116442136,-0.04046059251224495,-0.042128294197024435,-0.0454636975665834,6
2007-07-18,-0.013427064888017232,1.6763762242485645,-0.013762340132866945,-0.015103441112265796,-0.01677981733651436,-0.02013256978501149,6
2007-08-15,0.03300228628617697,1.7947632711621233,0.03264333363194454,0.031207523015014848,0.029412759743852723,0.025823233201528475,6
2007-09-13,-0.011605557824894192,1.735868005738881,-0.011952731426041968,-0.013341425830633073,-0.015077293836371953,-0.018549029847849716,6
2007-10-11,-0.04075687809773232,1.6543079096045197,-0.04108773967965322,-0.042411186007336836,-0.04406549391694136,-0.047374109736150395,6
2007-11-08,-0.00730390866424035,1.7253154227606555,-0.007648971748792481,-0.009029224087001006,-0.01075453950976166,-0.014205170355282973,6
2007-12-07,0.011032571674727197,1.7758772205134643,0.010677396230624504,0.009256694454213734,0.007480817233700268,0.00392906279267334,6
2008-01-08,0.09240985049261646,1.753136288998358,0.09205922323481679,0.09065671420361811,0.08890357791461975,0.08539730533662303,6
2008-02-06,-0.008049794317272436,1.8096471995216266,-0.008411723757176762,-0.009859441516794062,-0.01166908871631569,-0.015288383115358944,6
2008-03-06,0.01623476059109551,1.7116470666400905,0.015892431177767494,0.014523113524455419,0.01281146645781533,0.009388172324535149,6
2008-04-04,-0.028996390967993113,1.76387051862165,-0.029349165071717444,-0.030760261486614763,-0.03252413200523641,-0.03605187304247971,6
2008-05-02,0.0683477874966882,1.7462582666202575,0.06799853584336414,0.06660152923006794,0.06485527096344768,0.06136275443020717,6
2008-06-02,-0.03261702940498841,1.6515042204747135,-0.032947330249083355,-0.03426853362546312,-0.035920037845937836,-0.03922304628688726,6
2008-06-30,0.07687271015648206,1.7685263454494224,0.07651900488739218,0.07510418381103263,0.07333565746558321,0.06979860477468437,6
2008-07-29,0.013733157281063085,1.839673147365455,0.013365222651589995,0.01189348413369763,0.010053810986332175,0.006374464691601265,6
2008-08-26,0.11094267412779918,1.8556741937811125,0.11057153928904295,0.10908699993401806,0.10723132574023696,0.10351997735267474,6
2008-09-24,0.08431720236468568,1.5578141315697875,0.08400563953837172,0.08275938823311589,0.0812015741015461,0.07808594583840653,6
2008-10-22,-0.10262894256278324,1.7700661329620606,-0.10298295578937565,-0.1043990086957453,-0.10616907482870735,-0.10970920709463149,6
2008-11-19,0.20798683412657784,1.6651901565995526,0.20765379609525794,0.2063216439699783,0.20465645381337874,0.20132607350017964,6
2008-12-18,0.012485552985516627,1.7715706685172332,0.01213123885181318,0.010713982316999394,0.008942411648482161,0.005399270311447694,6
2009-01-20,-0.042123204829872904,1.7162066940692895,-0.042466446168686764,-0.04383941152394219,-0.04555561821801148,-0.04898803160615006,6
2009-02-18,0.09370893966299294,1.445290322580645,0.09341988159847682,0.0922636493404123,0.09081835901783165,0.08792777837267036,6
2009-03-18,-0.061774338214786416,1.8954838709677422,-0.06215343498897996,-0.06366982208575415,-0.0655653059567219,-0.06935627369865738,6
2009-04-16,-0.07373567578191384,1.6066189624329161,-0.07405699957440043,-0.07534229474434675,-0.07694891370677967,-0.0801621516316455,6
2009-05-14,0.08047294436516585,1.9211716341212743,0.08008871003834159,0.07855177273104458,0.0766306010969233,0.07278825782868074,6
2009-06-12,0.0628230460977615,1.7415724563206578,0.06247473160649737,0.06108147364144084,0.059339901185120184,0.055856756272478866,6
2009-07-13,0.130813650891199,1.8386646629454702,0.1304459179586099,0.12897498622825354,0.12713632156530807,0.12345899223941713,6
2009-08-10,0.03073384815339467,1.8078520770010131,0.030372277737994467,0.028925996076393658,0.027118143999392642,0.02350243984539062,6
2009-09-08,0.059243502033316714,1.8862715298885508,0.058866247727339005,0.05735723050342816,0.05547095897353961,0.05169841591376251,6
2009-10-06,-0.061770467044258336,1.734326824254882,-0.06211733240910931,-0.06350479386851322,-0.0652391206927681,-0.06870777434127787,6
2009-11-03,-0.03239064226437209,1.7735990410548397,-0.03274536207258306,-0.03416424130542693,-0.03593784034648177,-0.03948503842859145,6
2009-12-02,-0.004856208237484514,1.7734991509339726,-0.005210908067671308,-0.006629707388418486,-0.008403206539352458,-0.011950204841220405,6
2009-12-31,0.023807294272986584,1.756644880174292,0.023455965296951726,0.02205064939281229,0.020294004512638,0.016780714752289417,6
2010-02-01,0.027086947350166878,1.7792299898682877,0.02673110135219322,0.02530771736029859,0.0235284873704303,0.01997002739069373,6
2010-03-02,-0.006048584704558425,1.7081560283687942,-0.006390215910232183,-0.007756740732927219,-0.009464896761296013,-0.0128812088180336,6
2010-03-30,-0.0010700871248179528,1.716331417624521,-0.001413353408342857,-0.002786418542442474,-0.004502749960066995,-0.007935412795316038,6
2010-04-28,-0.019496328593805488,1.7357510571796286,-0.019843478805241413,-0.021232079650985117,-0.022967830708164744,-0.026439332822524003,6
2010-05-26,-0.01083453370683024,1.7994134897360703,-0.011194416404777455,-0.012633947196566311,-0.014433360686302382,-0.018032187665774524,6
2010-06-24,0.004540031877887741,1.727984918307499,0.004194434894226241,0.002812046959580242,0.0010840620412727428,-0.002371907795342255,6
2010-07-23,0.04668179426995212,1.7752880921895007,0.046326736651514225,0.04490650617776262,0.04313121808557312,0.03958064190119412,6
2010-08-20,-0.00020348180663688265,1.7172610128858257,-0.0005469340092140478,-0.0019207428195227084,-0.0036380038324085344,-0.007072525858180185,6
2010-09-20,0.009577182088608001,1.7890087802813919,0.009219380332551723,0.00778817330832661,0.005999164528045217,0.0024211469674824335,6
2010-10-18,0.00736704537094896,1.6546762589928057,0.007036110119150399,0.0057123691119561545,0.004057692852963348,0.0007483403349777366,6
2010-11-15,-0.012681404511855452,1.8397921522921523,-0.013049362942313883,-0.014521196664147605,-0.016360988816439756,-0.02004057312102406,6
2010-12-14,-0.0012275150244718171,1.7558760683760686,-0.001578690238147031,-0.002983391092847886,-0.0047392671612239545,-0.008251019297976092,6
2011-01-12,0.006498972915562685,1.742553778268064,0.006150462159909073,0.004756419137294621,0.003013865359026557,-0.0004712421975095714,6
2011-02-10,-0.014657843110967718,1.7981588971521858,-0.015017474890398156,-0.016456002008119905,-0.01825416090527209,-0.021850478699576462,6
2011-03-11,0.034621211394705795,1.655844155844156,0.03429004256353697,0.03296536723886164,0.03130952308301748,0.02799783477132917,6
2011-04-08,0.02891281048511971,1.6363636363636362,0.02858553775784698,0.02727644684875607,0.025640083212392438,0.022367355939665164,6
2011-05-09,-0.026069144544710918,1.6630794701986753,-0.026401760438750654,-0.027732224014909594,-0.029395303485108267,-0.03272146242550562,6
2011-06-07,0.01008809688790166,1.660927152317881,0.009755911457438083,0.008427169735583778,0.006766242583265898,0.003444388278630135,6
2011-07-06,-0.011940869272776398,1.7704248366013071,-0.01229495424009666,-0.013711294109377705,-0.015481718945979012,-0.019022568619181626,6
2011-08-03,-0.023891949817597832,1.7966546267629857,-0.02425128074295043,-0.02568860444436082,-0.027485259071123803,-0.031078568324649773,6
2011-08-31,0.09342980631832645,1.8521091811414392,0.09305938448209816,0.09157769713718501,0.08972558795604357,0.0860213695937607,6
2011-09-29,0.08391720178202494,1.8392473118279569,0.08354935231965935,0.08207795447019699,0.08023870715836903,0.07656021253471311,6
2011-10-27,0.02666455222820193,1.8428850992451775,0.026295975208352897,0.024821667128956754,0.022978782029711577,0.019293011831221223,6
2011-11-25,0.02416660178190494,1.773075106282475,0.023811986760648444,0.022393526675622465,0.02062045156933999,0.01707430135677504,6
2011-12-23,-0.010363162092654456,1.8475574712643679,-0.01073267358690733,-0.012210719563918823,-0.01405827703518319,-0.017753391977711926,6
2012-01-25,-0.008692454275047872,1.778831417624521,-0.009048220558572776,-0.010471285692672394,-0.012250117110296915,-0.015807779945545955,6
2012-02-23,0.054946186847978196,1.745819555975437,0.05459702293678311,0.05320036729200276,0.05145454773602732,0.04796290862407645,6
2012-03-22,0.019215311579531647,1.811445673861781,0.018853022444759292,0.017403865905669866,0.015592420231808086,0.011969528884084523,6
2012-04-20,-0.013349585629477127,1.757391619807727,-0.013701063953438673,-0.015106977249284854,-0.01686436886909258,-0.020379152108708037,6
2012-05-18,-0.0420834924511673,1.6930361305361303,-0.042422099677274526,-0.04377652858170343,-0.045469564712239556,-0.04885563697331182,6
2012-06-18,-0.0022118126059487986,1.6721542346542346,-0.0025462434528796454,-0.0038839668406030333,-0.005556121075257268,-0.008900429544565738,6
2012-07-17,0.059543630372229116,1.754300907100407,0.059192770190809034,0.05778932946512871,0.056035028558028305,0.05252642674382749,6
2012-08-14,-0.012390004218741296,1.747419455739756,-0.012739488109889247,-0.014137423674481052,-0.01588484313022081,-0.01937968204170032,6
2012-09-12,0.03250838693334656,1.680101555061885,0.032172366622334185,0.030828285378284675,0.02914818382322279,0.02578798071309902,6
2012-10-10,-0.0032413837307073735,1.6428571428571428,-0.003569955159278802,-0.0048842408735645165,-0.0065270980164216594,-0.009812812302135945,6
2012-11-09,0.0011208514356127975,1.7714285714285714,0.0007665657213270832,-0.0006505771358157738,-0.002422005707244345,-0.005964862850101488,6
2012-12-10,0.02037647689726004,1.7618573797678274,0.020024105421306476,0.018614619517492215,0.016852762137724388,0.013329047378188732,6
2013-01-09,-0.0012858712237965209,1.7472668176893527,-0.0016353245873343915,-0.0030331380414858737,-0.004780404859175226,-0.008274938494553932,6
2013-02-07,-0.01571017787863413,1.7094348659003828,-0.016052064851814207,-0.01741961274453451,-0.019129047610434897,-0.02254791734223566,6
2013-03-08,0.005032983239912414,1.730727371666969,0.0046868377655790204,0.0033022558682454448,0.0015715284965784758,-0.0018899262467554625,6
2013-04-08,-0.008662082659288533,1.7639669871213497,-0.009014876056712803,-0.010426049646409884,-0.012190016633531232,-0.015717950607773933,6
2013-05-06,-0.028746165194617767,1.772304250559284,-0.029100626044729624,-0.03051846944517705,-0.03229077369573634,-0.035835382196854906,6
2013-06-04,-0.003942895852649598,1.7258612975391499,-0.004288068112157427,-0.005668757150188748,-0.007394618447727898,-0.010846341042806198,6
2013-07-02,-0.03761010183673342,1.683033095936322,-0.037946708455920686,-0.03929313493266974,-0.04097616802860606,-0.044342234220478706,6
2013-07-31,0.000410830986819839,1.696145789694177,7.160182888100357e-05,-0.001285314802874338,-0.002981460592568515,-0.006373752171956869,6
2013-08-28,-0.013891583427949855,1.800794701986755,-0.014251742368347206,-0.01569237812993661,-0.017493172831923365,-0.021094762235896874,6
2013-09-26,-0.012963493010141781,1.6525197798417612,-0.013293996966110133,-0.014616012789983542,-0.016268532569825304,-0.019573572129508825,6
2013-10-24,-0.031665777919038365,1.806782464846981,-0.03202713441200776,-0.033472560383885346,-0.035279342848732326,-0.038892907778426286,6
2013-11-21,-0.0048784755057426354,1.6466912046622189,-0.005207813746675079,-0.0065251667104048545,-0.008171857915067074,-0.011465240324391512,6
2013-12-20,0.01960149469879541,1.764511923932214,0.019248592314008967,0.017836982774863196,0.016072470850930984,0.012543447003066555,6
2014-01-22,-0.02094901222237609,1.7206208425720622,-0.0212931363908905,-0.022669633064948153,-0.024390253907520212,-0.02783149559266434,6
2014-02-20,0.025365777156170933,1.6716566866267466,0.025031445818845584,0.023694120469544187,0.02202246378291744,0.018679150409663947,6
2014-03-20,0.03284296831086276,1.6777433780529756,0.032507419635252166,0.031165224932809783,0.02948748155475681,0.026131994798650856,6
2014-04-17,-0.02490125645281204,1.7418300653594772,-0.02524962246588394,-0.02664308651817152,-0.028384916583530997,-0.03186857671424995,6
2014-05-16,-0.021133103981126864,1.7724550898203593,-0.021487594999090937,-0.022905559070947223,-0.02467801416076758,-0.028222924340408302,6
2014-06-16,0.04368752126127679,1.690909090909091,0.04334933944309497,0.0419966121703677,0.04030570307945861,0.036923884897640424,6
2014-07-15,0.036181878066813264,1.7401606425702811,0.035833845938299205,0.034441717424242985,0.0327015567816727,0.02922123549653214,6
2014-08-12,-0.008813606915132709,1.7582329317269076,-0.00916525350147809,-0.010571839846859617,-0.012330072778586524,-0.015846538642040338,6
2014-09-10,-0.06329981487476322,1.6738241308793458,-0.06363457970093908,-0.06497363900564256,-0.06664746313652191,-0.0699951113982806,6
2014-10-08,-0.07178056670630323,1.6255822981366461,-0.07210568316593055,-0.07340614900443987,-0.07503173130257652,-0.07828289589884982,6
2014-11-05,-0.09126511780495672,1.564220518437386,-0.0915779619086442,-0.0928293383233941,-0.0943935588418315,-0.09752199987870626,6
2014-12-04,-0.04483136682361067,1.461555312157722,-0.04512367788604221,-0.04629292213576839,-0.047754477447926116,-0.050677588072241556,6
2015-01-05,0.027169004607537323,1.7272727272727273,0.026823550062082778,0.025441731880264596,0.02371445915299187,0.020259913698446413,6
2015-02-03,0.061130301789212964,1.727272727272727,0.06078484724375842,0.059403029061940234,0.05767575633466751,0.05422121088012206,6
2015-03-04,0.004828130486882795,1.765781689632783,0.0044749741489562385,0.0030623487972500124,0.0012965671076172296,-0.002234996271648336,6
2015-04-01,-0.020698322345277104,1.726894899971823,-0.021043701325271467,-0.022425217245248926,-0.02415211214522075,-0.027605901945164397,6
2015-04-30,0.07143869958497821,1.661559594251902,0.07110638766612783,0.06977713999072631,0.0681155803964744,0.06479246120797061,6
2015-05-29,0.008442392802975313,1.7447872640180333,0.008093435350171707,0.0066976055389572796,0.004952818274939246,0.0014632437469031794,6
2015-06-26,-0.020193934958244553,1.7751479289940828,-0.02054896454404337,-0.021969082887238638,-0.02374423081623272,-0.027294526674220883,6
2015-07-27,-0.04905745323987784,1.6965864273085813,-0.049396770525339556,-0.050754039667186425,-0.052450626094495,-0.055843798949112164,6
2015-08-24,0.013137083937694782,1.7079423364613082,0.01279549547040252,0.011429141601233473,0.009721199264772166,0.006305314591849549,6
2015-09-22,-0.060324946053036246,1.677466495580268,-0.0606604393521523,-0.06200241254861651,-0.06367987904419678,-0.06703481203535731,6
2015-10-20,-0.0006769832560954599,1.7372754491017965,-0.0010244383459158191,-0.0024142587051972563,-0.004151534154299053,-0.007626085052502646,6
2015-11-17,0.030605490702496924,1.8169161155586497,0.030242107479385195,0.028788574586938273,0.026971658471379625,0.023337826240262326,6
2015-12-16,-0.01376968992334879,1.7223807866341803,-0.014114166080675625,-0.01549207070998297,-0.01721445149661715,-0.02065921306988551,6
2016-01-15,-0.0459573806261189,1.681617537034266,-0.04629370413352575,-0.047638998163153166,-0.049320615700187434,-0.05268385077425596,6
2016-02-16,0.10813110087743875,1.6816549453838099,0.107794769888362,0.10644944593205495,0.10476779098667113,0.10140448109590351,6
2016-03-15,0.04373042473769721,1.769332298136646,0.04337655827806988,0.04196109243956057,0.04019176014142392,0.03665309554515063,6
2016-04-13,-0.04692881312554522,1.7570652173913044,-0.04728022616902348,-0.04868587834293652,-0.05044294356032783,-0.05395707399511044,6
2016-05-11,0.004605798824740456,1.6300707547169813,0.00427978467379706,0.0029757280700234744,0.0013456573153064933,-0.0019144841941274695,6
2016-06-09,-0.0017730888958926178,1.6926493710691826,-0.0021116187701064543,-0.0034657382669618,-0.005158387638030983,-0.008543686380169349,6
2016-07-08,-0.026724194474582838,1.7553493939847375,-0.027075264353379785,-0.028479543868567575,-0.030234893262552312,-0.033745592050521786,6
2016-08-05,-0.007399952442766448,1.7431542720335178,-0.007748583297173151,-0.009143106714799966,-0.010886260986833485,-0.01437256953090052,6
2016-09-02,-0.01389527469062675,1.730503144654088,-0.014241375319557567,-0.015625777835280838,-0.017356280979934927,-0.0208172872692431,6
2016-10-03,0.03288919080641674,1.725698757763975,0.032544051054863944,0.031163492048652763,0.02943779329088879,0.025986395775360837,6
2016-10-31,0.008091994321622413,1.8254270186335404,0.007726908917895705,0.0062665673029888725,0.004441140284355332,0.0007902862470882512,6
2016-11-29,-0.004077801198111569,1.7163592064044553,-0.00442107303939246,-0.005794160404516024,-0.007510519610920479,-0.010943238023729391,6
2016-12-28,-0.01713487570546392,1.692566205135099,-0.01747338894649094,-0.01882744191059902,-0.02052000811573412,-0.023905140526004315,6
2017-01-27,0.06176444374135007,1.640408657077564,0.061436362009934554,0.060124035084272505,0.058483626427194936,0.05520280911303981,6
2017-02-27,-0.050660494865104586,1.8225347897650754,-0.0510250018230576,-0.05248302965486966,-0.05430556444463474,-0.057950634024164886,6
2017-03-27,0.03081557356991399,1.6607142857142856,0.030483430712771133,0.029154859284199704,0.027494144998485417,0.02417271642705685,6
2017-04-25,0.004137385578682707,1.827380952380952,0.003771909388206517,0.0023100046263017553,0.000482623673920803,-0.003172138230841101,6
2017-05-23,0.001817865918992568,1.8227636616776886,0.0014533131866570302,-4.897742685120669e-06,-0.0018276614043628093,-0.005473188727718186,6
2017-06-21,0.07094685902419456,1.646084232509572,0.07061764217769265,0.06930077479168499,0.06765469055917542,0.06436252209415627,6
2017-07-20,0.03912209947009838,1.883809666317522,0.03874533753683487,0.037238289803780855,0.03535448013746333,0.03158686080482829,6
2017-08-17,0.06061244300561693,1.8019984128129285,0.060252043323054345,0.058810444592804004,0.057008446179991075,0.05340444935436522,6
2017-09-15,-0.011916247595659051,1.8616982901666548,-0.012288587253692381,-0.013777945885825706,-0.01563964417599236,-0.01936304075632567,6
2017-10-13,0.004077113482832389,1.710059171597633,0.003735101648512862,0.002367054311234756,0.0006569951396371227,-0.0027631232035581436,6
2017-11-10,0.009063956126798563,1.727810650887574,0.008718393996621047,0.007336145475910989,0.0056083348250234154,0.0021527135232482673,6
2017-12-11,-0.002118476919062389,1.7507396449704142,-0.002468624848056472,-0.003869216564032803,-0.005619956209003217,-0.009121435498944046,6
2018-01-10,0.02048344457718811,1.7448245731953218,0.020134479662549047,0.01873862000399279,0.016993795430797466,0.013504146284406823,6
2018-02-08,-0.005086669328293826,1.8492740959806426,-0.005456524147489955,-0.006935943424274469,-0.008785217520255111,-0.012483765712216398,6
2018-03-09,0.036428815265199456,1.759671592775041,0.03607688094664445,0.034669143672424414,0.03290947207964937,0.029390128894099293,6
2018-04-09,-0.00551328145007916,1.737857142857143,-0.005860852878650589,-0.007251138592936303,-0.008988995735793447,-0.012464710021507732,6
2018-05-07,-0.03170088796846546,1.772142857142857,-0.032055316539894026,-0.03347303082560831,-0.03524517368275117,-0.03878945939703689,6
2018-06-05,0.016679019400826545,1.665902597834031,0.01634583888125974,0.015013116802992514,0.013347214205158484,0.010015409009490422,6
2018-07-03,0.007993794977188065,1.6914273571732135,0.007655509505753422,0.006302367620014852,0.004610940262841638,0.0012280855484952113,6
2018-08-01,0.043176922134465015,1.8787566025135085,0.042801170813962314,0.04129816553195151,0.039419408929437995,0.03566189572441098,6
2018-08-29,0.0016777314350003136,1.8544131646946824,0.0013068488020613772,-0.00017668172969436888,-0.0020310948943890513,-0.005739921223778416,6
2018-09-27,0.020024065889088866,1.6269889840881273,0.019698668092271242,0.01839707690500074,0.01677008792091261,0.013516109952736357,6
2018-10-25,-0.028091611703314208,1.766421868625051,-0.02844489607703922,-0.02985803357193926,-0.03162445544056431,-0.03515729917781441,6
2018-11-23,0.01454818109414122,1.8599211206310349,0.014176196870015012,0.012688259973510184,0.010828338852879149,0.00710849661161708,6
2018-12-24,0.10855438944182177,1.772439820481436,0.10819990147772549,0.10678194962134034,0.10500950980085891,0.10146463015989603,6
2019-01-24,0.014231462767394728,1.6153846153846152,0.013908385844317805,0.012616078152010112,0.011000693536625496,0.007769924305856267,6
2019-02-22,0.012939496992103129,1.6898743532889875,0.012601522121445332,0.011249622638814141,0.009559748285525154,0.006179999578947179,6
2019-03-22,0.01954647945144939,1.7626091856861088,0.019193957614312168,0.01778387026576328,0.016021261080077173,0.012496042708704955,6
2019-04-22,0.039427528130520424,1.7686672302056916,0.03907379468447929,0.037658860900314735,0.03589019367010904,0.03235285920969766,6
2019-05-20,-0.013429516062362049,1.7744082840236686,-0.013784397719166782,-0.015203924346385718,-0.016978332630409387,-0.020527149198456725,6
2019-06-18,0.006075133942442247,1.7090729783037475,0.005733319346781498,0.0043660609641385,0.0026569879858347524,-0.0007611579707727427,6
2019-07-17,-0.0030376449935202755,1.6955018534359851,-0.0033767453642074728,-0.004733146846956261,-0.006428648700392246,-0.009819652407264217,6
2019-08-14,0.047094561644798076,1.7668947818648415,0.04674118268842511,0.045327666862933234,0.04356077208106839,0.04002698251733871,6
2019-09-12,0.07340122971099404,1.886619617907043,0.07302390578741264,0.071514610093087,0.06962799047517995,0.06585475123936586,6
2019-10-10,0.07081373773551441,1.8118255728011827,0.07045137262095418,0.06900191216271323,0.06719008658991205,0.06356643544430968,6
2019-11-07,0.017468989679656353,1.7812638580931262,0.017112736908037728,0.015687725821563227,0.0139064619634701,0.010343934247283849,6
2019-12-06,0.014904227642868516,1.686746987951807,0.014566878245278156,0.01321748065491671,0.011530733666964901,0.008157239691061288,6
2020-01-07,0.03740131536991125,1.659752321981424,0.03706936490551497,0.03574156304792983,0.0340818107259484,0.030762306081985553,6
2020-02-05,-0.03544062073101647,1.7242862057103543,-0.03578547797215854,-0.037164906936726826,-0.038889193142437176,-0.04233776555385789,6
2020-03-05,-0.12641372662813485,1.7237212322343267,-0.12675847087458172,-0.12813744786036918,-0.1298611690926035,-0.13330861155707216,6
2020-04-02,0.290490553091155,1.585383449967535,0.2901734764011615,0.28890516964118745,0.28731978619121995,0.2841490192912849,6
2020-05-01,-0.06338499302441161,1.927050997782705,-0.06377040322396815,-0.06531204402219432,-0.06723909501997702,-0.07109319701554243,6
2020-06-01,-0.015156909760092877,1.6153846153846154,-0.0154799866831698,-0.016772294375477493,-0.01838767899086211,-0.02161844822163134,6
2020-06-29,-0.06475080756829524,1.7281073446327682,-0.06509642903722179,-0.06647891491292801,-0.06820702225756077,-0.07166323694682632,6
2020-07-28,-0.03352167285022946,1.7790832049306624,-0.03387748949121559,-0.03530075605516012,-0.037079839260090786,-0.040638005669952106,6
2020-08-25,-0.0365076782519905,1.630888313068899,-0.03683385591460428,-0.0381385665650594,-0.039769454878128295,-0.0430312315042661,6
2020-09-23,0.04582049363878793,1.7177263969171483,0.0454769483594045,0.04410276724187078,0.042385040844953634,0.03894958805111934,6
2020-10-21,-0.03418678144022153,1.8039332934688725,-0.03454756809891531,-0.03599071473369041,-0.037794648027159275,-0.041402514614097025,6
2020-11-18,-0.09366219782302274,1.7377272727272728,-0.0940097432775682,-0.09539992509575002,-0.09713765236847728,-0.10061310691393183,6
2020-12-17,-0.005325689062967568,1.7075793184488837,-0.005667204926657345,-0.007033268381416452,-0.008740847699865335,-0.012156006336763104,6
2021-01-19,-0.07551541531012916,1.7352115716753023,-0.07586245762446422,-0.07725062688180447,-0.07898583845347977,-0.08245626159683037,6
2021-02-17,0.000341173774489667,1.6657249106539165,8.028792358883677e-06,-0.0013245511361642496,-0.002990276046818166,-0.006321725868125999,6
2021-03-17,0.08600449943956924,1.6351882547951693,0.0856774617886102,0.08436931118477407,0.0827341229299789,0.07946374642038856,6
2021-04-15,-0.03484197878040039,1.8247454416291737,-0.03520692786872623,-0.036666724222029566,-0.03849146966365874,-0.042140960546917086,6
2021-05-13,0.1000756741776124,1.7226536724024162,0.09973114344313191,0.09835302050520998,0.09663036683280757,0.09318505948800274,6
2021-06-11,-0.011971260984459307,1.8036162598151808,-0.012331984236422342,-0.013774877244274487,-0.015578493504089668,-0.01918572602372003,6
2021-07-12,-0.044092855499070036,1.7185533824318393,-0.044436566175556406,-0.045811408881501876,-0.04752996226393372,-0.05096706902879739,6
2021-08-09,-0.012261737823035005,1.7529873677022874,-0.012612335296575463,-0.014014725190737293,-0.01576771255843958,-0.019273687293844155,6
2021-09-07,0.06504586227982076,1.764705882352941,0.06469292110335018,0.06328115639746781,0.061516450515114875,0.057987038750408997,6
2021-10-05,0.061497522032241306,1.7879653864643983,0.06113992895494843,0.05970955664577691,0.05792159125931251,0.054345660486383715,6
2021-11-02,0.013972525109757309,1.8604508306180227,0.013600434943633704,0.012112074279139285,0.010251623448521263,0.006530721787285218,6
2021-12-01,0.04743424954883819,1.7935740612146787,0.04707553473659525,0.04564067548762351,0.04384710142640883,0.040259953303979475,6
2021-12-30,-0.1244791942847326,1.7953950811093669,-0.12483827330095447,-0.12627458936584196,-0.12806998444695133,-0.13166077460917006,6
2022-01-28,0.059013081983041164,1.5697540554683413,0.0586991311719475,0.057443327927572826,0.05587357387210448,0.0527340657611678,6
2022-02-28,-0.049016244933146144,1.695812948003186,-0.04935540752274678,-0.05071205788114933,-0.05240787082915252,-0.05579949672515889,6
2022-03-28,-0.049817647687317015,1.6364421416234887,-0.05014493611564171,-0.0514540898289405,-0.053090531970563994,-0.05636341625381097,6
2022-04-26,0.024751102747042134,1.880370250431779,0.024375028696955778,0.022870732496610355,0.020990362246178576,0.01722962174531502,6
2022-05-24,0.0008391707810610112,1.832868352223191,0.000472597110616373,-0.0009936975711621798,-0.002826565923385371,-0.006492302627831753,6
2022-06-23,0.007124819765598657,1.6338854984016276,0.0067980426659183316,0.0054909342671970295,0.0038570487687954015,0.0005892777719921465,6
2022-07-22,-0.007456279192226449,1.7727673325499413,-0.007810832658736437,-0.00922904652477639,-0.01100181385732633,-0.014547348522426215,6
2022-08-19,0.009113532176883116,1.8222609706480675,0.008749079982753503,0.007291271206235048,0.005469010235586981,0.001824488294290846,6
2022-09-19,-0.04627474079779926,1.6116535890729438,-0.04659707151561385,-0.0478863943868722,-0.04949804797594515,-0.052721355154091036,6
2022-10-17,0.03879387980885754,1.6349786172487528,0.03846688408540779,0.037158901191608786,0.03552392257436003,0.03225396533986253,6
2022-11-14,0.0007143202849653682,1.9190932868352224,0.0003305016275983237,-0.0012047730018698542,-0.0031238662887050767,-0.0069620528623755215,6
2022-12-13,0.025675936937511426,1.6768381284510316,0.02534056931182122,0.023999098809060395,0.022322260680609364,0.0189685844237073,6
2023-01-12,0.003131633395350195,1.7614864864864865,0.0027793360980528977,0.0013701469088637083,-0.00039133957762277826,-0.003914312550595751,6
2023-02-10,-0.030766079537306083,1.8481492361927145,-0.031135709384544626,-0.032614228773498795,-0.03446237800969151,-0.03815867648207694,6
2023-03-13,-0.020991543627440986,1.6195652173913042,-0.021315456670919247,-0.02261110884483229,-0.024230674062223595,-0.027469804497006204,6
2023-04-11,0.028116938959002753,1.7031676838128451,0.027776305422240185,0.026413771275189908,0.024710603591377063,0.021304268223751373,6
2023-05-09,0.04053744952262077,1.8328392909038072,0.04017088166444001,0.038704610231716965,0.036871770940813155,0.03320609235900554,6
2023-06-07,0.024729088003663885,1.7797947908445146,0.024373129045494983,0.02294929321281937,0.021169498421974856,0.017609908840285828,6
2023-07-07,0.019433950397680574,1.8197399527186762,0.01907000240713684,0.0176142104449619,0.015794470492243223,0.012154990586805869,6
2023-08-04,-0.004019849780922692,1.7664358887763145,-0.004373136958677954,-0.005786285669699007,-0.007552721558475321,-0.01108559333602795,6
2023-09-01,0.03624559053901715,1.8105834885164496,0.035883473841313865,0.034435007050500704,0.03262442356198425,0.029003256584951353,6
2023-10-02,0.020546707075917114,1.5966668759023286,0.02022737370073665,0.018950040200014784,0.017353373324112457,0.0141600395723078,6
2023-10-30,0.039342355318685,1.8319314543970873,0.03897596902780558,0.03751042386428791,0.03567849240989082,0.032014629501096646,6
2023-11-28,0.011424394308417733,1.7783217734258125,0.011068729953732571,0.009646072534991921,0.007867750761566109,0.004311107214714483,6
2006-01-12,0.02172871986702644,1.0,0.021528719867026442,0.02072871986702644,0.019728719867026442,0.01772871986702644,7
2006-02-10,-0.03548144108920774,1.7637034084114012,-0.03583418177089002,-0.03724514449761914,-0.03900884790603054,-0.04253625472285334,7
2006-03-13,0.05337589127958696,1.5440834496046771,0.05306707458966602,0.051831807829982285,0.0502877243803776,0.04719955748116825,7
2006-04-10,-0.03754037176191429,1.8271211215201646,-0.03790579598621832,-0.039367492883434455,-0.041194614004954624,-0.04484885624799495,7
2006-05-09,0.02820189859547894,1.6997303543913715,0.027861952524600667,0.02650216824108757,0.024802437886696196,0.021402977177913455,7
2006-06-07,-0.010828798183585876,1.699890857729841,-0.011168776355131844,-0.012528689041315717,-0.014228579899045558,-0.01762836161450524,7
2006-07-06,0.03746185418511112,1.6931818181818183,0.037123217821474756,0.0357686723669293,0.03407549054874748,0.030689126912383843,7
2006-08-03,0.026710082022225613,1.7329545454545454,0.026363491113134706,0.02497712747677107,0.02324417293131652,0.019778263840407432,7
2006-08-31,0.0034558543377481953,1.8079503643315777,0.0030942642648818797,0.0016479039734166175,-0.00016004639091496018,-0.0037759471195781156,7
2006-09-29,0.010507260604621909,1.8127053669222344,0.010144719531237462,0.008694555237699674,0.00688184987077744,0.003256439136932971,7
2006-10-27,-0.016529827365366467,1.7769177846577227,-0.01688521092229801,-0.01830674515002419,-0.02008366293468191,-0.023637498503997358,7
2006-11-27,0.036470987038959624,1.7740959806425596,0.036116167842831115,0.03469689105831707,0.032922795077674503,0.029374603116389383,7
2006-12-26,-0.007880257138298957,1.8444621619825925,-0.008249149570695476,-0.00972471930028155,-0.011569181462264141,-0.015258105786229327,7
2007-01-26,-0.004952787849037261,1.8213739950833832,-0.005317062648053938,-0.006774161844120644,-0.008595535839204027,-0.012238283829370793,7
2007-02-26,-0.032306981412694655,1.7618477593615713,-0.03265935096456697,-0.034068829172056225,-0.035830676931417796,-0.03935437245014094,7
2007-03-26,0.0024504840065542694,1.7984378712283204,0.0020907964323086054,0.0006520461353259489,-0.0011463917359023717,-0.004743267478359013,7
2007-04-24,0.003247141883539754,1.7493763364219528,0.0028972666162553635,0.0014977655471178014,-0.0002516107893041513,-0.003750363462148057,7
2007-05-22,0.007037698830923131,1.745328154902623,0.006688633199942606,0.005292370676020508,0.0035470425211178848,5.638621131263868e-05,7
2007-06-20,-0.04910350867877008,1.7083755488010808,-0.04944518378853029,-0.05081188422757116,-0.052520259776372244,-0.0559370108739744,7
2007-07-19,0.0027752408442681324,1.692192952831251,0.002436802253701882,0.0010830478914368815,-0.0006091450613943694,-0.003993530967056871,7
2007-08-16,0.011559953894658961,1.8090865614538498,0.011198136582368191,0.009750867333205111,0.00794178077175126,0.0043236076488435615,7
2007-09-14,-0.02465042580308271,1.7699665231946435,-0.02500441910772164,-0.026420392326277357,-0.028190358849472,-0.03173029189586129,7
2007-10-12,-0.011779655299453236,1.6544363122752952,-0.012110542561908296,-0.013434091611728531,-0.015088527924003827,-0.01839740054855442,7
2007-11-09,0.0009541279660379314,1.721415270018622,0.0006098449120342071,-0.0007672873039806906,-0.0024887025739993127,-0.005931533114036557,7
2007-12-10,0.011996991378112928,1.7269397889509621,0.011651603420322737,0.010270051589161966,0.008543111800211004,0.00508923222230908,7
2008-01-09,0.14737641027480947,1.756116413496438,0.14702518699211017,0.14562029386131303,0.1438641774478166,0.1403519446208237,7
2008-02-07,-0.014055362155761052,1.8441299581423163,-0.014424188147389515,-0.015899492113903367,-0.017743622072045682,-0.021431881988330317,7
2008-03-07,0.02438798978950412,1.7001528137665272,0.024047959226750817,0.022687836975737594,0.020987684161971068,0.017587378534438012,7
2008-04-07,-0.043885016155840305,1.8051862164984336,-0.04424605339913999,-0.045690202372338735,-0.04749538858883717,-0.05110576102183404,7
2008-05-05,0.05426745771319092,1.7640445527323354,0.05391464880264445,0.05250341316045858,0.05073936860772625,0.04721127950226158,7
2008-06-03,-0.07606016719657495,1.789805930308059,-0.07641812838263656,-0.07784997312688301,-0.07963977905719107,-0.08321939091780718,7
2008-07-01,0.01606078125201512,1.709249084249084,0.015718931435165305,0.014351532167766036,0.012642283083516953,0.009223784915018785,7
2008-07-30,-0.005116754618880178,1.7744082840236686,-0.005471636275684912,-0.0068911629029038465,-0.008665571186927516,-0.012214387754974854,7
2008-08-27,0.0729681457759112,1.8005111354508945,0.07260804354882101,0.0711676346404603,0.06936712350500941,0.06576610123410762,7
2008-09-25,0.09079129269491315,1.652140619561434,0.09046086457100086,0.08913915207535171,0.08748701145579028,0.08418273021666742,7
2008-10-23,-0.06278662298205315,1.7465019143752176,-0.0631359233649282,-0.06453312489642836,-0.06627962681080359,-0.06977263063955402,7
2008-11-20,0.33040808631158475,1.7304552875022674,0.3300619952540843,0.3286776310240825,0.3269471757365802,0.3234862651615757,7
2008-12-19,0.07844305217765705,1.825063613231552,0.07807803945501074,0.0766179885644255,0.07479292495119395,0.07114279772473085,7
2009-01-21,-0.12606620543951141,1.7793777469349987,-0.12642208098889843,-0.12784558318644643,-0.1296249609333814,-0.1331837164272514,7
2009-02-19,0.07658825764941123,1.565806451612903,0.07627509635908865,0.07502245119779832,0.07345664474618542,0.07032503184295961,7
2009-03-19,-0.1304947093700007,1.9188303173354315,-0.13087847543346778,-0.13241353968733613,-0.13433237000467158,-0.13817003063934244,7
2009-04-17,-0.015518310890982004,1.575790101371497,-0.015833468911256303,-0.017094100992353502,-0.018669891093724997,-0.02182147129646799,7
2009-05-15,0.03780151242437685,1.856834532374101,0.03743014551790203,0.03594467789200275,0.034087843359628646,0.030374174294880443,7
2009-06-15,0.02022800530216312,1.7704008221993834,0.019873925137723243,0.018457604479963738,0.016687203657764355,0.013146402013365588,7
2009-07-14,0.03726814166630343,1.764106753812636,0.0369153203155409,0.03550403491249079,0.033739928158678156,0.030211714651052882,7
2009-08-11,0.01363562865142897,1.7779547790339156,0.013280037695622186,0.011857673872395055,0.01007971909336114,0.006523809535293307,7
2009-09-09,0.007856728648035476,1.8350462487153134,0.0074897193982924135,0.006021682399320162,0.004186636150604849,0.0005165436531742226,7
2009-10-07,-0.060713883749277026,1.7561664953751284,-0.061065117048352054,-0.06247005024465215,-0.06422621674002728,-0.06773854973077754,7
2009-11-04,-0.006678462089456442,1.7404707968088249,-0.007026556248818207,-0.008418932886265267,-0.010159403683074091,-0.01364034527669174,7
2009-12-03,-0.011463219494893411,1.7333792967595782,-0.011809895354245327,-0.01319659879165299,-0.014929978088412567,-0.018396736681931723,7
2010-01-04,-0.0027489373545450772,1.7037037037037037,-0.003089678095285818,-0.004452641058248781,-0.006156344761952485,-0.009563752169359892,7
2010-02-02,0.006046032262188486,1.709969034062531,0.00570403845537598,0.004336063228125955,0.0026260941940634236,-0.0007938438740616388,7
2010-03-03,0.006689192763447649,1.7877834382179603,0.0063316360758040565,0.0049014093252296885,0.0031136258870117285,-0.000461940989424192,7
2010-03-31,0.0024814235598286547,1.7003205128205123,0.0021413594572645524,0.0007811030470081424,-0.00091921746581237,-0.004319858491453395,7
2010-04-29,-0.014572366526768722,1.7374841284237257,-0.014919863352453468,-0.01630985065519245,-0.018047334783616174,-0.021522303040463625,7
2010-05-27,-0.023542276752521768,1.8019761554793403,-0.023902671983617636,-0.02534425290800111,-0.027146229063480447,-0.03075018137443913,7
2010-06-25,0.026020285380802612,1.7698432141107299,0.025666316737980466,0.024250442166691883,0.022480598952581154,0.018940912524359692,7
2010-07-26,0.04868577287056,1.8395493395493396,0.04831786300265013,0.04684622353101066,0.04500667419146132,0.041327575512362644,7
2010-08-23,-0.015334719262394806,1.7422785547785549,-0.015683174973350516,-0.01707699781717336,-0.018819276371951917,-0.022303833481509026,7
2010-09-21,0.01821006841635413,1.750966079862602,0.01785987520038161,0.01645910233649153,0.014708136256628927,0.011206204096903722,7
2010-10-19,0.019272937929257706,1.7608695652173911,0.018920764016214228,0.017512068364040314,0.015751198798822925,0.012229459668388142,7
2010-11-16,0.01987319255106395,1.721056721056721,0.019528981206852605,0.01815213583000723,0.016431079108950506,0.012988965666837066,7
2010-12-15,0.018033242898644677,1.6998834498834499,0.01769326620866799,0.016333359448761228,0.014633475998877777,0.011233709099110877,7
2011-01-13,-0.006206084484574808,1.776291597720169,-0.006561342804118842,-0.007982376082294977,-0.009758667680015147,-0.013311250875455484,7
2011-02-11,0.0064204508724103465,1.764375113368402,0.006067575849736666,0.004656075759041945,0.0028917006456735425,-0.0006370495810632615,7
2011-03-14,-0.0041562080934937785,1.7260843731431967,-0.004501424968122418,-0.0058822924666369755,-0.0076083768397801725,-0.011060545586066565,7
2011-04-11,0.027585262816051576,1.6742636448518804,0.0272504100870812,0.025910999171199697,0.024236735526347815,0.020888208236644053,7
2011-05-10,-0.026357081710109267,1.7473730684326712,-0.026706556323795802,-0.02810445477854194,-0.02985182784697461,-0.03334657398383995,7
2011-06-08,0.04518872677704981,1.7139955849889625,0.04484592766005202,0.04347473119206085,0.041760735607071886,0.03833274443709396,7
2011-07-07,-0.009363381781705574,1.7717935659112127,-0.009717740494887817,-0.011135175347616787,-0.012906968913528,-0.016450556045350423,7
2011-08-04,-0.007925012722786826,1.758848994143112,-0.008276782521615449,-0.009683861716929937,-0.01144271071107305,-0.014960408699359273,7
2011-09-01,0.09500209465720899,1.8198924731182795,0.09463811616258533,0.0931822021840907,0.09136230971097244,0.08772252476473587,7
2011-09-30,0.006978022006205674,1.8072373862696445,0.006616574528951745,0.00517078461993603,0.0033635472336663854,-0.0002509275388729035,7
2011-10-28,0.05868017496533276,1.7491266776981063,0.05833034962979314,0.05693104828763465,0.05518192160993655,0.051683668254540335,7
2011-11-28,0.008278246514865362,1.830529509100938,0.007912140613045173,0.006447717005764424,0.0046171874966634855,0.0009561284784616094,7
2011-12-27,-0.028187388289032115,1.8542624521072797,-0.02855824077945357,-0.030041650741139396,-0.031895913193246674,-0.035604438097461236,7
2012-01-26,-0.008870837403071014,1.8064655172413793,-0.00923213050651929,-0.010677302920312392,-0.012483768437553772,-0.01609669947203653,7
2012-02-24,0.04137726292206465,1.7408442829186468,0.04102909406548092,0.03963641863914601,0.037895574356227354,0.034413885790390064,7
2012-03-23,-0.01969589247250007,1.777707237438781,-0.020051433919987826,-0.02147359970993885,-0.02325130694737763,-0.026806721422255195,7
2012-04-23,-0.025729285463729212,1.7574369671685108,-0.026080772857162916,-0.027486722430897722,-0.029244159398066235,-0.03275903333240326,7
2012-05-21,-0.032260671177744414,1.7366858237547893,-0.03260800834249537,-0.0339973570014992,-0.03573404282525399,-0.039207414472763574,7
2012-06-19,0.0050614421240638054,1.7922413793103447,0.004702993848201736,0.003269200744753461,0.0014769593654431162,-0.002107523393177573,7
2012-07-18,0.01923302015299868,1.797779167969972,0.018873464319404686,0.01743524098502871,0.015637461817058735,0.012041903481118792,7
2012-08-15,0.008183600061776394,1.7474715879470337,0.007834105744186987,0.0064361284738293605,0.004688656885882327,0.001193713709988259,7
2012-09-13,0.040974022032092876,1.7308261927430446,0.04062785679354427,0.039243195839349834,0.037512369646606786,0.034050717261120696,7
2012-10-11,0.018201494736764887,1.6347893114080163,0.017874536874483284,0.016566705425356872,0.014931916113948854,0.011662337491132822,7
2012-11-12,0.01316047006761631,1.7701438848920863,0.012806441290637894,0.011390326182724224,0.009620182297832139,0.006079894528047965,7
2012-12-11,0.005499121170373202,1.739690436705362,0.005151183083032129,0.0037594307336678394,0.0020197402969624775,-0.0014596405764482467,7
2013-01-10,0.0157666310809971,1.7212995337995338,0.015422371174237195,0.014045331547197568,0.012324032013398033,0.008881432945798965,7
2013-02-08,-0.0028008513144293107,1.745819555975437,-0.003150015225624398,-0.0045466708704047475,-0.006292490426380185,-0.00978412953833106,7
2013-03-11,0.018141062367143655,1.7391498881431768,0.01779323238951502,0.01640191247900048,0.014662762590857302,0.011184462814570948,7
2013-04-09,-0.031672710303389626,1.7727069351230424,-0.03202725169041423,-0.033445417238512666,-0.03521812417363571,-0.038763538043881794,7
2013-05-07,-0.011012622853322133,1.7926174496644296,-0.011371146343255019,-0.012805240302986562,-0.014597857752650992,-0.01818309265197985,7
2013-06-05,0.00850259171141789,1.794083885209713,0.008143774934375948,0.006708507826208177,0.004914423940998464,0.0013262561705790384,7
2013-07-03,-0.013670577164802845,1.7722604193192426,-0.014025029248666693,-0.015442837584122087,-0.01721509800344133,-0.020759618842079816,7
2013-08-01,-0.003981445375361414,1.7331720567014686,-0.0043280797867017076,-0.005714617432062883,-0.007447789488764352,-0.010914133602167288,7
2013-08-29,-0.013670006411676682,1.7880794701986757,-0.014027622305716417,-0.015458085881875357,-0.017246165352074034,-0.020822324292471384,7
2013-09-27,-0.015513747198020688,1.685371517027864,-0.01585082150142626,-0.01719911871504855,-0.018884490232076417,-0.022255233266132143,7
2013-10-25,-0.003773352261044883,1.7941687344913149,-0.004132186007943146,-0.005567520995536198,-0.007361689730027513,-0.010950027199010143,7
2013-11-22,-0.017738026617454404,1.8141630243079518,-0.018100859222315996,-0.019552189641762356,-0.021366352666070308,-0.024994678714686212,7
2013-12-23,-0.011688856322251766,1.7462617897400503,-0.012038108680199775,-0.013435118111991816,-0.015181379901731866,-0.018673903481211968,7
2014-01-23,-0.023675228480974413,1.7091097308488612,-0.024017050427144186,-0.025384338211823274,-0.027093447942672134,-0.030511667404369856,7
2014-02-21,0.0316427251246992,1.683632734530938,0.03130599857779301,0.029959092390168262,0.02827545965563732,0.024908194186575448,7
2014-03-21,0.012351907917755334,1.7035080304311072,0.012011206311669112,0.010648399887324227,0.008944891856893119,0.005537875796030905,7
2014-04-21,0.02500878849638108,1.6737109044801353,0.024674046315485053,0.023335077591900944,0.02166136668742081,0.01831394487846054,7
2014-05-19,-0.0021451998007845155,1.6896207584830338,-0.0024831239524811225,-0.0038348205592675494,-0.005524441317750583,-0.008903682834716651,7
2014-06-17,0.04270672308744921,1.6318364366557137,0.042380355800118064,0.04107488665079349,0.039443050214137784,0.03617937734082635,7
2014-07-16,0.013275183672073124,1.7264966740576497,0.012929884337261595,0.011548686998015475,0.009822190323957824,0.0063691969758425246,7
2014-08-13,-0.0029779355842827074,1.738507021433851,-0.0033256369885694775,-0.004716442605716558,-0.0064549496271504095,-0.009931963670018112,7
2014-09-11,-0.07212909181910651,1.6862834204347497,-0.07246634850319346,-0.07381537523954126,-0.07550165865997602,-0.07887422550084551,7
2014-10-09,-0.0546693412472285,1.631832298136646,-0.05499570770685583,-0.056301173545365145,-0.05793300584350179,-0.06119667043977508,7
2014-11-06,-0.06913588091419626,1.552318364366557,-0.06944634458706957,-0.07068819927856282,-0.07224051764292937,-0.07534515437166249,7
2014-12-05,-0.03412732485129776,1.5219423147133992,-0.03443171331424044,-0.03564926716601116,-0.03717120948072456,-0.04021509411015136,7
2015-01-06,0.03189241646719244,1.5920916481892093,0.0315739981375546,0.030300324819003226,0.02870823317081402,0.0255240498744356,7
2015-02-04,0.08726976391241814,1.8670682730923693,0.08689635025779967,0.08540269563932577,0.0835356273662334,0.07980149082004867,7
2015-03-05,-0.0007759515070383256,1.8005111354508947,-0.0011360537341285047,-0.0025764626424892205,-0.004376973777940115,-0.007977996048841904,7
2015-04-02,0.008187839191977195,1.6914976049591435,0.007849539670985367,0.0064963415870180514,0.004804843982058908,0.0014218487721406213,7
2015-05-01,0.10366525479389889,1.8040293040293038,0.10330444893309303,0.10186122548986959,0.10005719618584027,0.09644913757778167,7
2015-06-01,-0.022528891367618646,1.8147989734816083,-0.02289185116231497,-0.024343690341100253,-0.026158489314581864,-0.02978808726154508,7
2015-06-29,0.006466400404914401,1.7259281925744594,0.00612121476639951,0.0047404722123399416,0.0030145440197654823,-0.00043731236538343665,7
2015-07-28,-0.04550863714573056,1.7723038215694276,-0.04586309791004444,-0.047280940967299984,-0.04905324478886941,-0.05259785243200827,7
2015-08-25,0.03747770539971639,1.667300648069879,0.03714424527010242,0.03581040475164651,0.034143104103576634,0.030808502807436876,7
2015-09-23,-0.039667378029573624,1.6258453085376163,-0.039992547091281146,-0.04129322333811124,-0.04291906864664886,-0.04617075926372409,7
2015-10-21,0.003050386482503188,1.6927710843373496,0.0027118322656357182,0.0013576153981658384,-0.0003351556861715113,-0.0037206978548462106,7
2015-11-18,0.0006593795396627585,1.6948056415548676,0.00032041841135178493,-0.0010354261018921092,-0.002730231743446977,-0.0061198430265567115,7
2015-12-17,-0.0095815444922711,1.706673546611627,-0.009922879201593425,-0.011288218038882726,-0.012994891585494354,-0.01640823867871761,7
2016-01-19,0.007322947223719188,1.6570028430345656,0.006991546655112275,0.005665944380684622,0.004008941537650057,0.0006949358515809254,7
2016-02-17,0.10704003226769673,1.6999850366601827,0.1067000352603647,0.10534004723103656,0.10364006219437637,0.100240092121056,7
2016-03-16,0.0301661481402524,1.7818711180124223,0.029809773916649917,0.028384277022239977,0.026602405904227557,0.02303866366820271,7
2016-04-14,-0.05105500829941927,1.570108695652174,-0.05136903003854971,-0.05262511699507145,-0.054195225690723624,-0.05733544308202797,7
2016-05-12,-0.023363168182859446,1.5671383647798742,-0.02367659585581542,-0.024930306547639322,-0.026497444912419194,-0.029631721641978942,7
2016-06-10,-0.027536632905205687,1.639240506329114,-0.02786448100647151,-0.0291758734115348,-0.030815113917863915,-0.03409359493052214,7
2016-07-11,-0.011238548274304476,1.7432664970821488,-0.011587201573720906,-0.012981814771386624,-0.014725081268468772,-0.01821161426263307,7
2016-08-08,-0.03068585035642199,1.7739787520574593,-0.03104064610683348,-0.03245982910847945,-0.03423380786053691,-0.037781765364651825,7
2016-09-06,-0.016007212563638983,1.6946816770186337,-0.01634614889904271,-0.017701894240657615,-0.01939657591767625,-0.022785939271713518,7
2016-10-04,0.04328852484150992,1.690399509240089,0.0429504449396619,0.04159812533226983,0.03990772582302974,0.03652692680454956,7
2016-11-01,0.05907265112148089,1.8574879227053138,0.05870115353693983,0.05721516319877558,0.055357675276070266,0.05164269943065963,7
2016-11-30,-0.024079714782911182,1.6651530787753699,-0.024412745398666256,-0.025744867861686553,-0.027410020940461924,-0.030740327098012662,7
2016-12-29,-0.028857173533102184,1.70828233374133,-0.02919882999985045,-0.030565455866843512,-0.032273738200584844,-0.0356903028680675,7
2017-01-30,0.049498715245561195,1.6089351285189717,0.0491769282198574,0.04788978011704222,0.04628084498852325,0.04306297473148531,7
2017-02-28,-0.024125744992773545,1.80675428988682,-0.024487095850750908,-0.025932499282660365,-0.027739253572547185,-0.03135276215232083,7
2017-03-28,0.025742708074107615,1.7255489021956087,0.025397598293668493,0.024017159171912005,0.0222916102697164,0.01884051246532518,7
2017-04-26,0.018311856246452117,1.8327986883376104,0.017945296508784594,0.016479057558114508,0.014646258869776895,0.010980661493101675,7
2017-05-24,0.017031463551417637,1.8052906369648452,0.01667040542402467,0.015226172914452793,0.013420882277487948,0.009810301003558257,7
2017-06-22,0.04820168503926948,1.6873303167420814,0.04786421897592106,0.04651435472252739,0.044827024405785315,0.04145236377230115,7
2017-07-21,0.008966489236019748,1.6881639982043994,0.008628856436378868,0.0072783252378153486,0.005590161239610949,0.0022138332432021504,7
2017-08-18,0.013720520777841604,1.7239015944015583,0.013375740458961291,0.011996619183440044,0.010272717589038487,0.0068249144002353705,7
2017-09-18,-0.011961208848787212,1.8618786523338864,-0.012333584579253988,-0.013823087501121097,-0.015684966153454986,-0.019408723458122758,7
2017-10-16,-0.011824875174300115,1.657492244426809,-0.012156373623185477,-0.013482367418726923,-0.015139859663153732,-0.01845484415200735,7
2017-11-13,-0.003323247856149016,1.743120901055033,-0.0036718720363600227,-0.005066368757204049,-0.006809489658259082,-0.010295731460369148,7
2017-12-12,0.0015211663731210991,1.6974852071005917,0.0011816693317009807,-0.00017631883397949263,-0.0018738040410800844,-0.005268774455281268,7
2018-01-11,-0.009707510737348433,1.7738271273020567,-0.010062276162808845,-0.01148133786465049,-0.013255164991952546,-0.01680281924655666,7
2018-02-09,0.021252704811042224,1.8028632880763544,0.020892132153426952,0.019449841522965867,0.017646978234889515,0.014041251658736806,7
2018-03-12,0.04519192067864636,1.8052216748768473,0.044830876343670986,0.04338669900376951,0.04158147732889266,0.037971033979138966,7
2018-04-10,-0.008234801819101852,1.6963546798029556,-0.008574072755062443,-0.009931156498904808,-0.011627511178707764,-0.015020220538313676,7
2018-05-08,-0.030680842119824754,1.7823645320197041,-0.031037315026228696,-0.03246320665184446,-0.03424557118386416,-0.03781030024790357,7
2018-06-06,0.0242368468525563,1.7138259441707717,0.023894081663722144,0.022523020908385528,0.020809194964214756,0.017381543075873213,7
2018-07-05,-0.01524186101844866,1.7618477593615713,-0.015594230570320975,-0.017003708777810232,-0.018765556537171803,-0.022289252055894944,7
2018-08-02,0.02008271178067962,1.8003990178023328,0.019722631977119154,0.018282312762877288,0.016481913745074954,0.01288111570947029,7
2018-08-30,-0.005010673748322037,1.8416580667354658,-0.0053790053616691305,-0.006852331815057503,-0.00869398988179297,-0.0123773060152639,7
2018-09-28,0.021851434120409918,1.696892424860601,0.0215120556354378,0.020154541695549318,0.018457649270688714,0.015063864420967514,7
2018-10-26,-0.00851675658495501,1.778253773969808,-0.008872407339748973,-0.010295010358924819,-0.012073264132894626,-0.015629771680834244,7
2018-11-26,-0.007198498697324779,1.7652906776745785,-0.0075515568328596945,-0.008963789374999358,-0.010729080052673937,-0.014259661408023093,7
2018-12-26,0.08607093524439594,1.7417612659098727,0.08572258299121396,0.08432917397848606,0.08258741271257619,0.07910389018075645,7
2019-01-25,-0.014723868506873641,1.663104768534633,-0.015056489460580568,-0.016386973275408275,-0.01805007804394291,-0.021376287581012173,7
2019-02-25,0.023811728395797538,1.7080931263858095,0.023470109770520376,0.02210363526941173,0.02039554214302592,0.0169793558902543,7
2019-03-25,0.04253647651199627,1.8576007326007327,0.042164956365476125,0.04067887577939554,0.038821275046794806,0.03510607358159334,7
2019-04-23,0.02504777964492841,1.7448224852071004,0.02469881514788699,0.023302957159721308,0.021558134674514208,0.018068489704100008,7
2019-05-21,-0.01748361888840271,1.7034023668639053,-0.01782429936177549,-0.019187021255266612,-0.02089042362213052,-0.02429722835585833,7
2019-06-19,-0.005552936952975351,1.709319526627219,-0.0058948008583007945,-0.00726225647960257,-0.00897157600622979,-0.012390215059484226,7
2019-07-18,-0.032201790363157595,1.6895494724836042,-0.03253970025765432,-0.0338913398356412,-0.0355808893081248,-0.038959988253092014,7
2019-08-15,0.10759531408737298,1.6773239235814086,0.1072598493026567,0.10591799016379157,0.10424066624021017,0.10088601839304735,7
2019-09-13,0.0453789013271454,1.8866909039064725,0.0450015631463641,0.043492210423238926,0.04160551951933245,0.03783213771151951,7
2019-10-11,0.03673852818590441,1.718838844830166,0.03639476041693838,0.035019689341074245,0.03330085049624408,0.029863172806583745,7
2019-11-08,0.05478366615755055,1.816437228789466,0.05442037871179266,0.05296722892876109,0.051150791699971616,0.04751791724239269,7
2019-12-09,0.008614354281782192,1.6265060240963856,0.008289053076962915,0.006987848257685806,0.005361342233589421,0.0021083301853966497,7
2020-01-08,-0.005099532558879917,1.6484004127966974,-0.005429212641439256,-0.006747932971676614,-0.008396333384473311,-0.011693134210066706,7
2020-02-06,0.03717627783334861,1.759580323357413,0.03682436176867713,0.0354166975099912,0.033657117186633785,0.03013795653991896,7
2020-03-06,-0.16059613161089176,1.7360219320395356,-0.16094333599729965,-0.1623321535429313,-0.16406817547497082,-0.1675402193390499,7
2020-04-03,0.2666975160471508,1.5672390159440157,0.266384068243962,0.2651302770312068,0.26356303801526276,0.2604285599833747,7
2020-05-04,-0.06308480687119325,1.9327397875205743,-0.06347135482869737,-0.06501754665871383,-0.0669502864462344,-0.07081576602127555,7
2020-06-02,-0.053043663538214034,1.4833403775711467,-0.05334033161372826,-0.05452700391578518,-0.05601034429335633,-0.058977025048498624,7
2020-06-30,-0.044132360762984865,1.6033641499743192,-0.04445303359297973,-0.045735724912959186,-0.047339089062933506,-0.05054581736288214,7
2020-07-29,0.012693871681342752,1.65430790960452,0.012363010099421848,0.011039563771738231,0.009385255862133712,0.006076640042924672,7
2020-08-26,-0.014441360007481972,1.6827453325360437,-0.01477790907398918,-0.016124105340018017,-0.01780685067255406,-0.021172341337626147,7
2020-09-24,0.016560301266986648,1.763736628795429,0.01620755394122756,0.014796564638191219,0.01303282800939579,0.009505354751804931,7
2020-10-22,-0.01042746256744786,1.7924390405953092,-0.010785950375566922,-0.01221990160804317,-0.014012340648638478,-0.017597218729829098,7
2020-11-19,-0.025400668763450117,1.7205844155844154,-0.025744785646567,-0.02712125317903453,-0.028841837594618946,-0.032283006425787776,7
2020-12-18,0.03148883167440656,1.7778202115158637,0.031133267632103386,0.029711011462890697,0.027933191251374834,0.024377550828343107,7
2021-01-20,-0.07328192426188333,1.6885254749568221,-0.0736196293568747,-0.07497044973684015,-0.07665897521179697,-0.08003602616171063,7
2021-02-18,-0.051807521587308794,1.6296639516168365,-0.052133454377632164,-0.05343718553892563,-0.05506684949054247,-0.058326177393776144,7
2021-03-18,0.07772382637008785,1.715686274509804,0.07738068911518589,0.07600814009557805,0.07429245382106824,0.07086108127204863,7
2021-04-16,-0.054034404968107005,1.8186274509803921,-0.054398130458303086,-0.0558530324190874,-0.05767165987006779,-0.06130891477202857,7
2021-05-14,0.10995342421426307,1.6400297390145107,0.10962541826646018,0.10831339447524856,0.10667336473623405,0.10339330525820503,7
2021-06-14,0.0023457374432572517,1.8182480569948187,0.001982087831858288,0.000527489386262433,-0.0012907586707323858,-0.004927254784722023,7
2021-07-13,-0.04687070668229673,1.7532312344534946,-0.04722135292918743,-0.04862393791675022,-0.05037716915120372,-0.05388363162011071,7
2021-08-10,-0.01034203555241236,1.7135053406818512,-0.01068473662054873,-0.012055540893094211,-0.013769046233776063,-0.017196056915139764,7
2021-09-08,0.017281652887556165,1.7176584366822163,0.016938121200219723,0.015563994450873949,0.013846336014191732,0.0104110191408273,7
2021-10-06,0.028395292759181574,1.6752577319587627,0.02806024121278982,0.02672003502722281,0.02504477729526405,0.021694261831346522,7
2021-11-03,0.026137128079902167,1.8195876288659794,0.02577321055412897,0.024317540451036186,0.02249795282217021,0.01885877756443825,7
2021-12-02,0.0015921090113099252,1.7738831615120276,0.0012373323790075197,-0.0001817741502021025,-0.00195565731171413,-0.005503423634738186,7
2021-12-31,-0.036148775994493176,1.7324610097805975,-0.0364952681964493,-0.037881237004273774,-0.03961369801405437,-0.04307862003361557,7
2022-01-31,-0.03357077952029383,1.706872852233677,-0.03391215409074057,-0.03527765237252751,-0.036984525224761186,-0.04039827092922854,7
2022-03-01,-0.014321443440441688,1.7266402162037835,-0.014666771483682445,-0.016048083656645472,-0.017774723872849254,-0.02122800430525682,7
2022-03-29,-0.00012992973909885328,1.6054889896373057,-0.0004510275370263144,-0.001735418728736159,-0.0033409077183734646,-0.006551885697648076,7
2022-04-27,-0.07885018508920397,1.8544635146804835,-0.07922107779214006,-0.08070464860388445,-0.08255911211856494,-0.0862680391479259,7
2022-05-25,0.05750082058141136,1.7101374274049796,0.05715879309593036,0.05579068315400638,0.0540805457266014,0.05066027087179144,7
2022-06-24,0.00820780753362393,1.8177505606348114,0.007844257421496968,0.00639005697298912,0.004572306412354308,0.0009368052910846848,7
2022-07-25,0.016556644735855875,1.768410345829701,0.016202962666689934,0.014788234390026174,0.013019824044196472,0.009483003352537071,7
2022-08-22,0.004897480845937497,1.8274338854984018,0.004531994068837817,0.0030700469604390953,0.0012426130749406935,-0.0024122546960561103,7
2022-09-20,-0.047023999670426996,1.5519907003777973,-0.047334397810502554,-0.048575990370804796,-0.05012798107118259,-0.053231962471938184,7
2022-10-18,0.060214653459068845,1.7003148016155856,0.05987459049874573,0.05851433865745326,0.05681402385583768,0.0534133942526065,7
2022-11-15,0.006680758856548103,1.823213156230234,0.006316116225302056,0.004857545700317868,0.0030343325440876346,-0.0006120937683728334,7
2022-12-14,0.030966028504156314,1.54979587142775,0.030656069329870764,0.029416232632728564,0.027866436761300812,0.024766845018445314,7
2023-01-13,-0.01653419288926869,1.7129553466509986,-0.01687678395859889,-0.018247148235919688,-0.019960103582570686,-0.023386014275872682,7
2023-02-13,-0.04383582154900538,1.8373384253819038,-0.04420328923408176,-0.045673159974387284,-0.04751049839976919,-0.051185175250533,7
2023-03-14,-0.039298372466198626,1.8264394829612223,-0.03966366036279087,-0.041124811949159845,-0.04295125143212107,-0.046604130398043515,7
2023-04-12,0.03104406929475341,1.804876615746181,0.030683093971604174,0.02923919267900723,0.027434316063261046,0.023824562831768686,7
2023-05-10,-0.024315025399678322,1.7723560517038779,-0.024669496610019097,-0.0260873814513822,-0.02785973750308608,-0.031404449606493835,7
2023-06-08,0.04493302096609598,1.7961872381761883,0.04457378351846074,0.04313683372791979,0.0413406464897436,0.037748272013391225,7
2023-07-10,0.019740255850186607,1.778529657477026,0.0193845499186912,0.01796172619270958,0.016183196535232557,0.012626137220278503,7
2023-08-07,-0.0009684523521833023,1.7307713728766363,-0.0013146066267586297,-0.002699223725059939,-0.004429995097936575,-0.007891537843689848,7
2023-09-05,0.05850916974091803,1.7941340782122905,0.05815034292527557,0.056715035662705734,0.05492090158449345,0.05133263342806887,7
2023-10-03,0.017715931800119905,1.5685142175632416,0.017402228956607257,0.016147417582556663,0.014578903364993422,0.011441874929866938,7
2023-10-31,0.05589340475156001,1.8375180465758583,0.055525901142244836,0.05405588670498415,0.052218368658408294,0.04854333256525657,7
2023-11-29,-0.0063110161580121164,1.737454100367197,-0.006658506978085556,-0.008048470258379313,-0.00978592435874651,-0.013260832559480904,7
2006-01-13,0.017606878555193353,1.0,0.017406878555193354,0.01660687855519335,0.015606878555193352,0.013606878555193352,8
2006-02-13,-0.009503252071702223,1.8333333333333335,-0.009869918738368889,-0.011336585405035557,-0.01316991873836889,-0.016836585405035555,8
2006-03-14,0.008983285994497724,1.7183908045977012,0.008639607833578184,0.007264895189900023,0.005546504385302322,0.0021097227761069197,8
2006-04-11,-0.05110388475934463,1.7865922530064446,-0.05146120320994592,-0.05289047701235108,-0.05467706926535752,-0.05825025377137041,8
2006-05-10,0.03847186494772015,1.6827170005136107,0.03813532154761742,0.03678914794720654,0.035106430946692926,0.031740996945665706,8
2006-06-08,0.02096855723550677,1.784732922444787,0.02061161065101781,0.01918382431306198,0.017399091390617197,0.013829625545727621,8
2006-07-07,0.03833713667665165,1.8061363636363637,0.03797590940392438,0.03653100031301529,0.034724863949378924,0.031112591222106196,8
2006-08-04,0.024099191736446993,1.7594088669950738,0.02374730996304798,0.02233978286945192,0.020580374002456846,0.0170615562684667,8
2006-09-01,-0.03287238101436635,1.7912033076703737,-0.03323062167590042,-0.03466358432203672,-0.036454787629707094,-0.04003719424504784,8
2006-10-02,-0.007215858788667102,1.8007301935012778,-0.007576004827367357,-0.00901658898216838,-0.010817319175669658,-0.014418779562672214,8
2006-10-30,-0.01403914323626439,1.7667958656330751,-0.014392502409391005,-0.015805939101897464,-0.01757273496753054,-0.021106326698796692,8
2006-11-28,0.014191509432516146,1.763803069563484,0.013838748818603449,0.012427706362952661,0.010663903293389178,0.0071362971542622096,8
2006-12-27,-0.031856519023002114,1.8098133014417646,-0.032218481683290466,-0.03366633232444388,-0.03547614562588564,-0.03909577222876917,8
2007-01-29,0.00020342669411803956,1.7649589490968802,-0.0001495650957013365,-0.0015615322549788408,-0.003326491204075721,-0.006856409102269482,8
2007-02-27,-0.043228246887034985,1.7576042741788598,-0.04357976774187076,-0.04498585116121385,-0.046743455435392704,-0.05025866398375042,8
2007-03-27,-0.004950174891439602,1.6877439500390319,-0.005287723681447408,-0.006637918841478634,-0.008325662791517665,-0.011701150691595729,8
2007-04-25,-0.001873941337829112,1.7698012370143519,-0.0022279015852319822,-0.003643742574843464,-0.005413543811857815,-0.00895314628588652,8
2007-05-23,0.009742679483310911,1.809017223910841,0.009380876038528742,0.00793366225940007,0.006124645035489229,0.002506610587667547,8
2007-06-21,-0.038510805957953885,1.7879094900371495,-0.03886838785596131,-0.04029871544799103,-0.042086624938028186,-0.04566244391810248,8
2007-07-20,0.006746677666307563,1.6602780592142292,0.0064146220544647175,0.005086399607093334,0.003426121547879105,0.00010556542945064622,8
2007-08-17,0.017165569427367987,1.8002604783329388,0.016805517331701398,0.015365308949035048,0.013565048470702109,0.009964527514036231,8
2007-09-17,-0.03176754898049758,1.8537769358276106,-0.0321383043676631,-0.03362132591632519,-0.0354751028521528,-0.039182656723808024,8
2007-10-15,0.003287198076816074,1.7054442732408834,0.0029461092221678975,0.0015817538035751907,-0.0001236904696656927,-0.0035345790161474596,8
2007-11-12,0.011966497952707923,1.788888888888889,0.011608720174930144,0.010177609063819034,0.008388720174930146,0.004810942397152367,8
2007-12-11,0.00042845711789051433,1.7555555555555558,7.734600677940316e-05,-0.0013270984376650414,-0.003082653993220597,-0.006593765104331709,8
2008-01-10,0.10725622713845312,1.8257494286866516,0.1068910772527158,0.10543047770976646,0.10360472828107982,0.09995322942370652,8
2008-02-08,-0.039426639028737644,1.7109826589595376,-0.03976883556052955,-0.04113762168769718,-0.042848604346656716,-0.046270569664575795,8
2008-03-10,0.03118311470647192,1.7341040462427746,0.030836293897223366,0.029449010660229147,0.027714906613986373,0.024246698521500822,8
2008-04-08,-0.021433381901598055,1.7864539306847,-0.021790672687734994,-0.023219835832282754,-0.025006289762967454,-0.028579197624336854,8
2008-05-06,0.011695174637875404,1.8041701887855734,0.01133434060011829,0.009891004449089831,0.008086834260304258,0.004478493882733111,8
2008-06-04,-0.09537415897671728,1.7583424607520994,-0.0957258274688677,-0.09713250143746938,-0.09889084389822148,-0.10240752881972567,8
2008-07-02,0.02642403999559672,1.630025662959795,0.02609803486300476,0.024794014332636925,0.02316398866967713,0.01990393734375754,8
2008-07-31,0.05383221294477777,1.6714071856287425,0.053497931507652016,0.052160805759149026,0.050489398573520285,0.047146584202262795,8
2008-08-28,0.01994210377399839,1.6918218327856882,0.019603739407441253,0.0182502819412127,0.01655846010842701,0.013174816442855636,8
2008-09-26,0.028234706293590397,1.7506692025922796,0.02788457245307194,0.026484037090998117,0.024733367888405838,0.02123202948322128,8
2008-10-24,-0.13617800361364807,1.691462383770076,-0.13651629609040208,-0.13786946599741814,-0.13956092838118822,-0.14294385314872837,8
2008-11-21,0.2331964929289122,1.7239706149102123,0.23285169880593015,0.23147252231400198,0.22974855169909178,0.22630061046927136,8
2008-12-22,0.05632728166802882,1.7409784871616931,0.05597908597059648,0.05458630318086713,0.05284532469370543,0.049363367719382045,8
2009-01-22,-0.09706071048739992,1.8174300254452926,-0.09742419649248898,-0.09887814051284521,-0.10069557053829051,-0.1043304305891811,8
2009-02-20,0.06741946760024352,1.602675059008655,0.06709893258844178,0.06581679254123486,0.0642141174822262,0.0610087673642089,8
2009-03-20,-0.07612015898384508,1.869252299080368,-0.07649400944366115,-0.07798941128292546,-0.07985866358200581,-0.08359716818016655,8
2009-04-20,-0.09405931025626568,1.7043968023255818,-0.0944001896167308,-0.09576370705859126,-0.09746810386091685,-0.10087689746556801,8
2009-05-18,-0.05439440422433542,1.921580547112462,-0.05477872033375791,-0.05631598477144788,-0.05823756531856034,-0.06208072641278527,8
2009-06-16,0.025533202358636306,1.701013171225937,0.025192999724391117,0.02383218918741037,0.02213117601618443,0.018729149673732556,8
2009-07-15,-0.038815970489070525,1.8820806100217866,-0.03919238661107488,-0.04069805109909231,-0.0425801317091141,-0.04634429292915767,8
2009-08-12,0.015796138394833133,1.7652988855116512,0.015443078617730803,0.01403083950932148,0.01226554062380983,0.008734942852786528,8
2009-09-10,0.0031357370119697923,1.8012158054711245,0.0027754938508755675,0.0013345212064986677,-0.00046669459897245684,-0.0040691262099147064,8
2009-10-08,-0.04907891309735691,1.7928571428571431,-0.04943748452592834,-0.050871770240214054,-0.0526646273830712,-0.05625034166878548,8
2009-11-05,0.002517038307466584,1.7145493395493394,0.002174128439556716,0.0008024889679172445,-0.000912060371632095,-0.004341159050730774,8
2009-12-04,0.03833046525341205,1.8119658119658122,0.037968072091018885,0.03651849944144624,0.034706533629480424,0.0310826020055488,8
2010-01-05,0.022422160634480194,1.7481481481481482,0.022072531004850564,0.020674012486332046,0.018925864338183898,0.015429568041887602,8
2010-02-03,0.027814397885229464,1.7668065128358805,0.027461036582662288,0.026047591372393583,0.024280784859557702,0.02074717183388594,8
2010-03-04,-0.0036147619041711483,1.7951253621016878,-0.003973786976591486,-0.005409887266272836,-0.0072050126283745245,-0.0107952633525779,8
2010-04-01,-0.013723141696096584,1.736925287356322,-0.014070526753567849,-0.015460066983452906,-0.017196992270809227,-0.020670842845521873,8
2010-04-30,-0.005458685344903239,1.6922595078299776,-0.005797137246469235,-0.007150944852733217,-0.008843204360563194,-0.01222772337622315,8
2010-05-28,0.009862273892856427,1.769230769230769,0.009508427739010273,0.008093043123625658,0.006323812354394889,0.002785350815933351,8
2010-06-28,0.04135052510797609,1.8397435897435894,0.04098257639002737,0.0395107815182325,0.037671037928488915,0.03399155074900173,8
2010-07-27,0.03357901410014332,1.8402777777777777,0.03321095854458776,0.03173873632236554,0.029898458544587767,0.02621790298903221,8
2010-08-24,0.022489025812622944,1.7978313001772497,0.022129459552587494,0.020691194512445693,0.018893363212268446,0.015297700611913944,8
2010-09-22,0.027428307891221766,1.786165577342048,0.027071074775753354,0.025642142313879717,0.02385597673653767,0.020283645581853575,8
2010-10-20,0.037649176390856395,1.7616515483265562,0.03729684608119108,0.03588752484252984,0.03412587329420328,0.03060257019755017,8
2010-11-17,0.0074254167901127936,1.713966588966589,0.007082623472319476,0.005711450201146205,0.003997483612179616,0.0005695504342464377,8
2010-12-16,0.030923955163608883,1.7487373737373737,0.030574207688861408,0.02917521778987151,0.027426480416134137,0.023929005668659388,8
2011-01-14,-0.019184512172084764,1.7476004100270242,-0.01953403225409017,-0.02093211258211179,-0.022679712992138813,-0.026174913812192863,8
2011-02-14,0.0002889460328979413,1.7982949392345364,-7.0712954948966e-05,-0.0015093489063365952,-0.0033076438455711316,-0.006904233724040205,8
2011-03-15,-0.01677895782780994,1.726254138018844,-0.017124208655413708,-0.018505211965828782,-0.02023146610384763,-0.023683974379885314,8
2011-04-12,-0.023166241936027347,1.6611068669892202,-0.02349846330942519,-0.024827348803016566,-0.026488455670005788,-0.029810669403984226,8
2011-05-11,-0.01431608775283768,1.6875496688741722,-0.014653597686612514,-0.01600363742171185,-0.017691187090586022,-0.021066286428334368,8
2011-06-09,0.03222286101982258,1.7333333333333332,0.03187619435315591,0.030489527686489246,0.028756194353155913,0.025289527686489247,8
2011-07-08,0.035784935920602265,1.8241235888294711,0.03542011120283637,0.0339608123317728,0.03213668874294332,0.02848844156528438,8
2011-08-05,-0.012277213909243412,1.8110516934046346,-0.012639424247924339,-0.014088265602648047,-0.015899317296052682,-0.019521420682861952,8
2011-09-02,0.08038667109196451,1.8109243697478992,0.08002448621801493,0.07857574672221661,0.07676482235246872,0.07314297361297292,8
2011-10-03,0.07161063504906175,1.8044733044733046,0.07124974038816709,0.06980616174458844,0.06800168844011514,0.06439274183116853,8
2011-10-31,0.03209044174737097,1.8224769359798714,0.03172594636017499,0.030267964811391098,0.028445487875411225,0.02480053400345148,8
2011-11-29,0.016797716372463425,1.7885099245177523,0.016440014387559876,0.015009206447945673,0.013220696523427921,0.009643676674392417,8
2011-12-28,-0.03329187405680864,1.86756993006993,-0.033665388042822625,-0.03515944398687857,-0.0370270139169485,-0.04076215377708836,8
2012-01-27,0.02958954363501043,1.7840909090909092,0.02923272545319225,0.02780545272591952,0.02602136181682861,0.022453179998646794,8
2012-02-27,0.03624739964941761,1.8075578649031647,0.03588588807643698,0.034439841784514445,0.03263228391961128,0.029017168189804952,8
2012-03-26,-0.020687944658882896,1.7708144385996736,-0.02104210754660283,-0.02245875909748257,-0.024229573536082242,-0.02777120241328159,8
2012-04-24,-0.04493316583517412,1.7510429892980228,-0.04528337443303373,-0.04668420882447214,-0.04843525181377017,-0.051937337792366214,8
2012-05-22,-0.014353511440447513,1.6736111111111112,-0.014688233662669735,-0.016027122551558623,-0.017700733662669735,-0.02104795588489196,8
2012-06-20,0.009288991752379431,1.7569444444444446,0.008937602863490542,0.007532047307934987,0.005775102863490542,0.0022612139746016526,8
2012-07-19,-0.008049350050749391,1.7762485663643002,-0.00840459976402225,-0.009825598617113691,-0.011601847183477992,-0.015154344316206592,8
2012-08-16,0.006848901030508475,1.7688979251381503,0.006495121445480845,0.005080003105370325,0.0033111051802321746,-0.00022669067004412596,8
2012-09-14,0.03391281894995118,1.7092986353538562,0.033570959222880406,0.03220352031459732,0.030494221679243465,0.027075624408535753,8
2012-10-12,0.028859354788398888,1.6059095580678315,0.028538172876785322,0.027253445230331057,0.025647535672263223,0.022435716556127562,8
2012-11-13,0.02917307891906682,1.7631551901336073,0.0288204478810401,0.027409923728933215,0.025646768538799606,0.02212045815853239,8
2012-12-12,-0.003510306866498236,1.7543394140409065,-0.0038611747493064175,-0.005264646280539143,-0.007018985694580049,-0.010527664522661863,8
2013-01-11,0.023954376898446927,1.6843790012804094,0.023617501098190847,0.022269997897166518,0.02058561889588611,0.01721686089332529,8
2013-02-11,0.010159448642472639,1.7717911877394634,0.009805090404924747,0.008387657454733176,0.006615866266993712,0.003072283891514785,8
2013-03-12,0.023366917338581115,1.7844639941955378,0.02301002453974201,0.021582453344385577,0.01979798935019004,0.016229061361798965,8
2013-04-10,-0.0011002175608228006,1.7780700163250498,-0.0014558315640878106,-0.0028782875771478506,-0.004656357593472901,-0.008212497626123,8
2013-05-08,0.007008246480346499,1.7940838852097132,0.006649429703304556,0.005214162595136786,0.0034200787099270724,-0.00016808906049235392,8
2013-06-06,-0.017035415893221797,1.8338189845474615,-0.01740217969013129,-0.01886923487776926,-0.02070305386231672,-0.024370691831411644,8
2013-07-05,0.0159428207462988,1.7311661506707947,0.01559658751616464,0.014211654595628006,0.012480488444957211,0.009018156143615622,8
2013-08-02,0.0023218808853981117,1.777046783625731,0.0019664715286729657,0.0005448341017723806,-0.0012322126818533506,-0.004786306249104813,8
2013-08-30,-0.047307343122511086,1.7511179910560717,-0.0476575667207223,-0.04905846111356716,-0.05080957910462323,-0.054311815086735375,8
2013-09-30,-0.03209271006270542,1.6535947712418302,-0.03242342901695379,-0.03374630483394725,-0.03539989960518908,-0.03870708914767274,8
2013-10-28,-0.01157302806574856,1.7877584780810585,-0.011930579761364772,-0.013360786543829618,-0.015148545021910678,-0.018724061978072793,8
2013-11-25,0.0052355058554911914,1.7318711180124222,0.004889131631888707,0.0035036347374787693,0.0017717636194663471,-0.0016919786165584972,8
2013-12-24,-0.03217517357478267,1.7276665899854304,-0.032520706892779756,-0.0339028401647681,-0.03563050675475353,-0.03908583993472439,8
2014-01-24,-0.03218221202176097,1.6844567134422204,-0.032519103364449416,-0.03386666873520319,-0.03555112544864541,-0.038920038875529854,8
2014-02-24,0.042092836941128385,1.6618765849535078,0.041760461624137685,0.040430960356174876,0.03876908377122137,0.03544533060131436,8
2014-03-24,-0.023420160086194734,1.7536635706914343,-0.02377089280033302,-0.02517382365688617,-0.026927487227577603,-0.03043481436896047,8
2014-04-22,0.036702240011115876,1.7127622979016168,0.036359687551535555,0.034989477713214256,0.033276715415312644,0.029851190819509408,8
2014-05-20,0.007633466832536468,1.6860533041255932,0.007296256171711349,0.0059474135284108744,0.004261360224285282,0.0008892536160340948,8
2014-06-18,0.03733021868739749,1.6355136733185514,0.037003115952733784,0.03569470501407894,0.03405919134076039,0.030788163994123284,8
2014-07-17,0.016509123620038563,1.7689948263118997,0.016155324654776183,0.014740128793726662,0.012971133967414762,0.009433144314790963,8
2014-08-14,-0.007964028166280075,1.7142645971914263,-0.00830688108571836,-0.009678292763471501,-0.011392557360662928,-0.01482108655504578,8
2014-09-12,-0.03820802372949235,1.6556085738089825,-0.038539145444254144,-0.03986363230330133,-0.041519240877110314,-0.04483045802472828,8
2014-10-10,0.008178443956110332,1.7318711180124224,0.007832069732507848,0.00644657283809791,0.004714701720085488,0.0012509594840606425,8
2014-11-07,-0.03883210314893093,1.6631195440444413,-0.039164727057739816,-0.04049522269297537,-0.042158342237019815,-0.04548458132510869,8
2014-12-08,0.012428607674948914,1.6334319313180867,0.012101921288685296,0.010795175743630828,0.009161743812312741,0.005894879949676567,8
2015-01-07,0.045672823135816686,1.5947426067907995,0.04535387461445853,0.044078080529025884,0.04248333792223509,0.03929385270865349,8
2015-02-05,0.0812506448269838,1.8611537057320189,0.08087841408583739,0.07938949112125178,0.07752833741551976,0.07380603000405572,8
2015-03-06,0.01232748792479356,1.7884629426798102,0.011969795336257597,0.010539024982113749,0.008750562039433939,0.005173636154074318,8
2015-04-06,0.01760145560010133,1.643984220907298,0.01727265875591987,0.015957471379194035,0.014313487158286736,0.01102551871647214,8
2015-05-04,0.07655277908704924,1.7387292194984505,0.07620503324314955,0.07481404986755079,0.07307532064805235,0.06959786220905544,8
2015-06-02,-0.047344090238249786,1.8076978572974536,-0.04770562980970928,-0.04915178809554724,-0.05095948595284469,-0.0545748816674396,8
2015-06-30,0.002052602035593088,1.73901061970695,0.001704799911651698,0.00031359141588613824,-0.0014254192038208116,-0.004903440443234711,8
2015-07-29,-0.03996971669210757,1.7561836268315631,-0.04032095341747388,-0.04172590031893913,-0.043482083945770696,-0.04699445119943382,8
2015-08-26,0.01873113018243138,1.744540715694562,0.01838222203929247,0.01698658946673682,0.015242048751042257,0.011752967319653133,8
2015-09-24,0.05561213109688675,1.6080233868695408,0.05529052641951284,0.05400410771001721,0.05239608432314767,0.049180037549408584,8
2015-10-22,0.004444897994688486,1.5525009127418767,0.00413439781214011,0.002892397081946609,0.0013398961692047324,-0.001765105656279021,8
2015-11-19,0.027907164553456675,1.7712074303405574,0.027552923067388563,0.026135957123116116,0.02436474969277556,0.020822334832094447,8
2015-12-18,-0.06308326371371585,1.7535947712418298,-0.06343398266796421,-0.06483685848495768,-0.06659045325619951,-0.07009764279868316,8
2016-01-20,0.025251032597550453,1.4859718689211432,0.024953838223766223,0.02376506072862931,0.022279088859708168,0.01930714512186588,8
2016-02-18,0.03552143487794339,1.8226096064641628,0.035156912956650556,0.03369882527147923,0.03187621566501506,0.028230996452086737,8
2016-03-17,0.05691673065232271,1.7870283018867927,0.05655932499194535,0.05512970235043592,0.05334267404854912,0.04976861744477554,8
2016-04-15,-0.034029867226651814,1.592610062893082,-0.03434838923923043,-0.035622477289544895,-0.037215087352437975,-0.040400307478224144,8
2016-05-13,0.012670465830559897,1.7052279874213836,0.01232942023307562,0.010965237843138513,0.00926000985571713,0.0058495538808743626,8
2016-06-13,0.008745641065184903,1.6464055409601146,0.008416359956992879,0.007099235524224788,0.005452829983264674,0.002160018901344444,8
2016-07-12,-0.019001885006738564,1.7811160384331117,-0.019358108214425185,-0.020783001045171674,-0.022564117083604788,-0.02612634916047101,8
2016-08-09,-0.02337944256997186,1.8055432372505544,-0.02374055121742197,-0.025184985807222417,-0.02699052904447297,-0.030601615518974078,8
2016-09-07,-0.03228306791873645,1.6824145962732922,-0.032619550837991104,-0.03396548251500974,-0.03564789711128303,-0.03901272630382961,8
2016-10-05,0.05503511637184004,1.7446040372670808,0.05468619556438662,0.05329051233457296,0.051545908297305876,0.04805670022277172,8
2016-11-02,0.037386442082737635,1.869138198757764,0.037012614442986085,0.03551730388397987,0.03364816568522211,0.02990988928770658,8
2016-12-01,-0.004403239255598598,1.765187478500172,-0.004756276751298632,-0.00616842673409877,-0.007933614212598942,-0.011463989169599287,8
2016-12-30,-0.02588243590978384,1.6241830065359477,-0.02620727251109103,-0.027506618916319787,-0.029130801922855738,-0.032379167935927634,8
2017-01-31,-0.002672273330689135,1.7357757137942895,-0.003019428473447993,-0.004408049044483425,-0.006143824758277714,-0.009615376185866293,8
2017-03-01,-0.031324506473593076,1.7524278933917485,-0.03167499205227143,-0.03307693436698483,-0.03482936226037657,-0.03833421804716007,8
2017-03-29,0.0365044298994469,1.765817762066229,0.03615126634703365,0.034738612137380664,0.03297279437531444,0.02944115885118198,8
2017-04-27,0.03414307110170986,1.7899502200418442,0.03378508105770149,0.032353120881668015,0.03056317066162617,0.026983270221542482,8
2017-05-25,-0.005169263237061796,1.755203877958369,-0.00552030401265347,-0.006924467115020165,-0.008679670992978533,-0.012190078748895272,8
2017-06-23,0.008101246843200537,1.5822284003421727,0.0077848011631321025,0.006519018442858364,0.004936790042516191,0.0017723332418318454,8
2017-07-24,-0.012557958471499207,1.6232076866223206,-0.012882600008823672,-0.014181166158121528,-0.015804373844743848,-0.01905078921798849,8
2017-08-21,0.04221120567264082,1.7237573046677732,0.04186645421170727,0.04048744836797304,0.038763691063305274,0.03531617645396973,8
2017-09-19,-0.024605274594062313,1.867830603852536,-0.02497884071483282,-0.026473105197914848,-0.028340935801767386,-0.032076597009472456,8
2017-10-17,-0.025157547591730323,1.709784592917123,-0.02549950451031375,-0.026867332184647447,-0.028577116777564568,-0.031996685963398816,8
2017-11-14,-0.016830264246411084,1.7611919019104647,-0.017182502626793175,-0.01859145614832155,-0.020352648050232014,-0.023875031854052944,8
2017-12-13,0.006137491612702434,1.68746954403063,0.005799997703896308,0.004450022068671804,0.002762552524641174,-0.0006123865634200861,8
2018-01-12,-0.013993036220234715,1.686886678316978,-0.01433041355589811,-0.015679922898551694,-0.01736680957686867,-0.020740582933502626,8
2018-02-12,0.000547719112357408,1.8145584083882245,0.00018480743067976306,-0.0012668392960308165,-0.003081397704419041,-0.00671051452119549,8
2018-03-13,0.04760682118575744,1.8110673234811168,0.04724460772106121,0.04579575386227632,0.043984686538795205,0.04036255189183297,8
2018-04-11,-0.050886874479198624,1.7153896103896105,-0.05122995240127655,-0.052602264089588235,-0.05431765369997785,-0.05774843292075706,8
2018-05-09,-0.03823852131374838,1.7322727272727274,-0.038584975859202925,-0.03997079404102111,-0.041703066768293835,-0.04516761222283929,8
2018-06-07,0.0153321978925485,1.6839080459770115,0.014995416283353097,0.013648289846571487,0.011964381800594476,0.008596565708640452,8
2018-07-06,-0.0014644839465363846,1.6266294227188083,-0.0017898098310801462,-0.0030911133692551928,-0.004717742791974002,-0.007971001637411618,8
2018-08-03,-0.002681180982027665,1.7882991930477967,-0.003038840820637224,-0.004469480175075462,-0.006257779368123259,-0.009834377754218852,8
2018-08-31,0.013629239324959073,1.7418644650842792,0.013280866431942217,0.011887374859874794,0.010145510394790514,0.006661781464621957,8
2018-10-01,0.013569168127789497,1.588620782363221,0.013251443971316853,0.011980547345426276,0.010391926563063055,0.007214684998336613,8
2018-10-29,0.003072343571889852,1.8201371152036563,0.0027083161488491206,0.0012522064566861954,-0.000567930658517461,-0.004208204888924774,8
2018-11-27,0.0007003989833655718,1.6873651235642186,0.00036292595865272805,-0.0009869661401986469,-0.0026743312637628656,-0.006049061510891303,8
2018-12-27,0.030444479435398606,1.8112077967281586,0.030082237876052974,0.028633271638670448,0.026822063841942287,0.02319964824848597,8
2019-01-28,-0.03586825144435064,1.752140619561434,-0.03621867956826293,-0.03762039206391208,-0.03937253268347351,-0.04287681392259638,8
2019-02-26,0.009107795231335342,1.6110125646711013,0.008785592718401122,0.00749678266666424,0.005885770101993139,0.0026637449726509364,8
2019-03-26,0.04444337851303392,1.875422654268808,0.04406829398218016,0.04256795585876511,0.040692533204496305,0.03694168789595869,8
2019-04-24,0.04039043704633919,1.828085376162299,0.04002481997110673,0.038562351670176895,0.03673426629401459,0.03307809554168999,8
2019-05-22,-0.02066918244461034,1.709249084249084,-0.021011032261460155,-0.022378431528859422,-0.02408768061310851,-0.027506178781606674,8
2019-06-20,0.017907214722731418,1.6738517892364047,0.017572444364884136,0.01623336293349501,0.01455951114425861,0.0112118075657858,8
2019-07-19,-0.05408693183448161,1.725762760193898,-0.054432084386520384,-0.055812694594675506,-0.057538457354869406,-0.0609899828752572,8
2019-08-16,0.1517136152670018,1.707157114342743,0.15137218384413326,0.15000645815265906,0.14829930103831632,0.14488498680963083,8
2019-09-16,0.06481447737722743,1.946285999429712,0.06442522017734148,0.06286819137779771,0.060921905378368,0.05702933337950858,8
2019-10-14,-0.003800753835503079,1.6090453389196469,-0.004122562903287008,-0.005409799174422726,-0.007018844513342373,-0.010236935191181667,8
2019-11-11,0.023596944674391145,1.682029028879246,0.023260538868615295,0.0219149156455119,0.020232886616632653,0.01686882855887416,8
2019-12-10,0.002381611648838498,1.6397806796046464,0.002053655512917569,0.0007418309692338518,-0.0008979497103707946,-0.004177511069580087,8
2020-01-09,-0.03628160012528092,1.6588235294117648,-0.03661336483116327,-0.03794042365469269,-0.03959924718410445,-0.04291689424292798,8
2020-02-07,0.024214990522260782,1.6764705882352944,0.023879696404613723,0.02253851993402549,0.020862049345790192,0.017509108169319602,8
2020-03-09,-0.10731559080479892,1.788535962029938,-0.10767329799720492,-0.10910412676682886,-0.1108926627288588,-0.11446973465291868,8
2020-04-06,0.1210088039102935,1.5986326681448633,0.12068907737666454,0.11941017124214864,0.11781153857400378,0.11461427323771406,8
2020-05-05,-0.049509294003350676,1.8359940872135996,-0.04987649282079339,-0.051345288090564274,-0.05318128217777787,-0.056853270352205075,8
2020-06-03,-0.0290432264663743,1.7210129613975766,-0.029387429058653814,-0.030764239427771876,-0.03248525238916945,-0.03592727831196461,8
2020-07-01,-0.0808392160511642,1.6996661530559836,-0.0811791492817754,-0.08253888220422019,-0.08423854835727618,-0.08763788066338814,8
2020-07-30,-0.017020428527001405,1.7618772470467385,-0.017372803976410753,-0.018782305774048144,-0.020544183021094883,-0.02406793751518836,8
2020-08-27,-0.013106465835708748,1.6647398843930636,-0.013439413812587361,-0.014771205720101812,-0.016435945604494875,-0.019765425373281003,8
2020-09-25,0.026909925548063252,1.6619704433497535,0.026577531459393303,0.025247955104713497,0.023585984661363746,0.020262043774664236,8
2020-10-23,-0.021475340249914897,1.8450574712643675,-0.02184435174416777,-0.023320397721179265,-0.025165455192443634,-0.028855570134972367,8
2020-11-20,-0.027527378399201923,1.721590909090909,-0.027871696581020105,-0.029248969308292832,-0.03097056021738374,-0.03441374203556556,8
2020-12-21,-0.0023374967495561946,1.7943469785575048,-0.0026963661452676954,-0.004131843728113699,-0.005926190706671204,-0.009514884663786215,8
2021-01-21,-0.04778785416651955,1.6623224728487886,-0.04812031866108931,-0.04945017663936834,-0.05111249911221713,-0.05443714405791471,8
2021-02-19,-0.04891964110683687,1.724838211146528,-0.04926460874906618,-0.0506444793179834,-0.052369317529129926,-0.055818993951422986,8
2021-03-19,-0.025513025105691846,1.604878048780488,-0.025834000715447943,-0.027117903154472333,-0.02872278120325282,-0.0319325373008138,8
2021-04-19,-0.03569955802300548,1.7512195121951222,-0.036049801925444505,-0.037450777535200604,-0.03920199704739572,-0.042704436071785964,8
2021-05-17,0.04949096708263406,1.6638091784937323,0.049158205246935316,0.04782715790414033,0.0461633487256466,0.04283573036865913,8
2021-06-15,-0.023971486744474194,1.7519363281875968,-0.024321874010111714,-0.025723423072661792,-0.027475359400849386,-0.03097923205722458,8
2021-07-14,-0.021271539105441998,1.697182404807645,-0.021610975586403527,-0.022968721510249642,-0.024665903915057286,-0.028060268724672578,8
2021-08-11,-0.003927109324587145,1.7420324121964434,-0.004275515807026434,-0.005669141736783589,-0.007411174148980033,-0.010895238973372919,8
2021-09-09,0.005500688725333517,1.8134884514734324,0.005137991035038831,0.0036872002738600846,0.0018737118223866524,-0.0017532650805602125,8
2021-10-07,0.02844522870730988,1.6861485593444356,0.028107998995440992,0.026759080147965443,0.02507293158862101,0.021700634469932138,8
2021-11-04,0.04979360133116457,1.8510441448585777,0.04942339250219285,0.04794255718630599,0.046091513041447416,0.042389424751730256,8
2021-12-03,-0.003357871992966978,1.8191335932909567,-0.0037216987116251692,-0.005177005586257935,-0.0069961391795488916,-0.010634406366130805,8
2022-01-03,-0.08235408883755069,1.5948717948717948,-0.08267306319652505,-0.08394896063242248,-0.08554383242729428,-0.08873357601703787,8
2022-02-01,-0.0005006106643547915,1.8512820512820514,-0.0008708670746112018,-0.0023518927156368427,-0.004203174766918894,-0.007905738869482997,8
2022-03-02,-0.04113557302185059,1.7495164410058026,-0.041485476310051755,-0.04288508946285639,-0.0446346059038622,-0.0481336387858738,8
2022-03-30,0.05444020876243103,1.6452606893542756,0.054111156624560175,0.052794948073076754,0.051149687383722484,0.04785916600501393,8
2022-04-28,-0.058024425544886606,1.8536212914485168,-0.05839514980317631,-0.05987804683633512,-0.06173166812778364,-0.06543891071068067,8
2022-05-26,0.013681563159804677,1.785204991087344,0.013324522161587209,0.011896358168717333,0.010111153177629988,0.006540743195455301,8
2022-06-27,-0.019594365415968405,1.829531232222096,-0.019960271662412824,-0.0214238966481905,-0.023253427880412597,-0.02691249034485679,8
2022-07-26,-0.020186936335463892,1.7975878939583572,-0.020546453914255563,-0.02198452422942225,-0.023782112123380605,-0.027377287911297322,8
2022-08-23,-0.01851022250787123,1.6981110142400466,-0.01884984471071924,-0.020208333522111276,-0.021906444536351325,-0.02530266656483142,8
2022-09-21,-0.04895666745367052,1.6490264458006394,-0.04928647274283065,-0.05060569389947116,-0.0522547203452718,-0.055552773236873076,8
2022-10-19,0.020788017208042433,1.736894253287696,0.020440638357384893,0.019051122954754737,0.01731422870146704,0.013840440194891649,8
2022-11-16,0.0085029845951091,1.7845103167683813,0.008146082531755425,0.00671847427834072,0.004933963961572339,0.0013649433280355757,8
2022-12-15,0.0026864563009489813,1.4504795117698344,0.0023963603985950144,0.001235976789179147,-0.00021450272259068747,-0.003115461746130356,8
2023-01-17,-0.024170356111776974,1.6515799477310522,-0.024500672101323184,-0.025821936059508027,-0.027473516007239077,-0.03077667590270118,8
2023-02-14,-0.022495762462441282,1.8310762651461157,-0.022861977715470504,-0.024326838727587397,-0.026157914992733514,-0.029820067523025746,8
2023-03-15,-0.018736119997258143,1.800348735832607,-0.019096189744424664,-0.02053646873309075,-0.022336817468923357,-0.02593751494058857,8
2023-04-13,-0.014418224106904277,1.8057832025573963,-0.014779380747415756,-0.016224007309461674,-0.01802979051201907,-0.021641356917133862,8
2023-05-11,-0.011589202310602589,1.7397473560517038,-0.011937151781812929,-0.013328949666654292,-0.015068697022705996,-0.018548191734809403,8
2023-06-09,0.016568449730264438,1.7589623491262836,0.016216657260439183,0.014809487381138155,0.013050525032011871,0.009532600333759304,8
2023-07-11,0.01080454545341829,1.7721209050996287,0.010450121272398364,0.00903242454831866,0.007260303643219032,0.0037160618330197744,8
2023-08-08,-0.008076217989404923,1.8142237982663514,-0.008439062749058193,-0.009890441787671274,-0.011704665585937626,-0.01533311318247033,8
2023-09-06,0.05398311843132855,1.8217877094972068,0.05361876088942911,0.052161330721831344,0.05033954301233414,0.04669596759333972,8
2023-10-04,0.012816852331838225,1.7752808988764046,0.012461796152062945,0.011041571432961821,0.009266290534085416,0.005715728736332607,8
2023-11-01,0.08226250623834622,1.747191011235955,0.08191306803609903,0.08051531522711027,0.07876812421587431,0.0752737421934024,8
2023-11-30,-0.06978991701878043,1.8366993064055488,-0.07015725688006154,-0.07162661632518598,-0.07346331563159153,-0.07713671424440262,8
2006-01-17,0.028805577687496677,1.0,0.028605577687496678,0.027805577687496676,0.026805577687496675,0.024805577687496676,9
2006-02-14,-0.014486678988126188,1.8338916256157636,-0.01485345731324934,-0.016320570613741953,-0.018154462239357714,-0.021822245490589243,9
2006-03-15,-0.03289966334560185,1.759343185550082,-0.033251531982711864,-0.03465900653115193,-0.03641834971670201,-0.03993703608780218,9
2006-04-12,-0.029584522177547867,1.7406484618962195,-0.02993265186992711,-0.03132517063944409,-0.03306581910134031,-0.03654711602513275,9
2006-05-11,0.02141820916676707,1.750770416024653,0.02106805508356214,0.019667438750742415,0.017916668334717764,0.014415127502668457,9
2006-06-09,-0.0005308756309219285,1.8071391884951205,-0.0008923034686209527,-0.002338014819417049,-0.004145154007912169,-0.00775943238490241,9
2006-07-10,0.011996419225277225,1.6901477832512315,0.011658389668626978,0.010306271442025994,0.008616123658774762,0.005235828092272299,9
2006-08-07,0.03352022061549582,1.7565869068423177,0.033168903234127356,0.031763633708653496,0.030007046801811182,0.026493872988126548,9
2006-09-05,-0.0422979844489584,1.8090248075278017,-0.042659789410463965,-0.0441070092564862,-0.045916034064014004,-0.04953408367906961,9
2006-10-03,-0.02235925183923893,1.8066812705366924,-0.022720588093346268,-0.02416593310977562,-0.025972614380312314,-0.029585976921385697,9
2006-10-31,-0.012092730239748222,1.8365973072215422,-0.01246004970119253,-0.013929327546969765,-0.01576592485419131,-0.019439119468634393,9
2006-11-29,0.018973461230788222,1.7577569596704536,0.01862190983885413,0.01721570427111777,0.015457947311447316,0.011942433392106409,9
2006-12-28,-0.012748950666346017,1.8444289415985646,-0.01311783645466573,-0.014593379607944582,-0.016437808549543145,-0.020126666432740276,9
2007-01-30,-0.009943387135455123,1.7436038961038962,-0.010292107914675901,-0.011686991031559018,-0.013430594927662916,-0.016917802719870707,9
2007-02-28,-0.03624808625685872,1.7764611546685676,-0.03660337848779244,-0.03802454741152729,-0.03980100856619585,-0.04335393087553299,9
2007-03-28,-0.024189884877280264,1.7219648372535046,-0.024534277844730966,-0.02591184971453377,-0.027633814551787275,-0.031077744226294283,9
2007-04-26,-0.0006923565443057232,1.7024467245461723,-0.0010328458892149576,-0.0023948032688518956,-0.004097249993398068,-0.007502143442490412,9
2007-05-24,-0.003156932055163997,1.8515422717550378,-0.0035272405095150045,-0.005008474326919035,-0.006860016598674072,-0.010563101142184148,9
2007-06-22,-0.04667419520887044,1.7825621974558143,-0.047030707648361605,-0.04845675740632626,-0.05023931960378207,-0.053804443998693705,9
2007-07-23,-0.010788237607000692,1.7253411306042885,-0.01113330583312155,-0.01251357873760498,-0.01423891986820927,-0.017689602129417847,9
2007-08-20,0.03190861516203548,1.8100165758939144,0.03154661184685669,0.030098598586141563,0.02828858201024765,0.02466854885845982,9
2007-09-18,-0.0161715107166857,1.814870944825953,-0.01653448490565089,-0.017986381661511654,-0.019801252606337607,-0.023430994495989513,9
2007-10-16,-0.015848658615023735,1.6943053415511042,-0.016187519683333956,-0.01754296395657484,-0.019237269298125942,-0.022625879981228152,9
2007-11-13,0.031046376188972033,1.8328677839851026,0.030679802632175013,0.029213508404986932,0.027380640621001828,0.023714905053031622,9
2007-12-12,0.013958895614012173,1.7326194909993795,0.013612371715812298,0.012226276123012794,0.010493656632013414,0.007028417650014655,9
2008-01-11,0.0428848154736823,1.808576421562038,0.042523100189369896,0.04107623905212027,0.039267662630558225,0.03565050978743415,9
2008-02-11,-0.07117855201467868,1.6808038714881035,-0.0715147127889763,-0.07285935588616678,-0.07454015975765489,-0.07790176750063109,9
2008-03-11,0.03052346028967764,1.7215015459067078,0.030179159980496296,0.02880195874377093,0.027080457197864224,0.023637454106050806,9
2008-04-09,-0.023182406921995743,1.8099464637926175,-0.023544396214754265,-0.02499235338578836,-0.026802299849580977,-0.030422192777166214,9
2008-05-07,-0.0337200925169914,1.7034375880529726,-0.034060780034601994,-0.03542353010504437,-0.03712696769309735,-0.04053384286920329,9
2008-06-05,-0.07079940102689057,1.746294267981015,-0.07114865988048677,-0.07254569529487159,-0.0742919895628526,-0.07778457809881463,9
2008-07-03,0.037762379055636376,1.6439137785291633,0.037433596299930545,0.036118465277107215,0.034474551498578046,0.031186723941519723,9
2008-08-01,0.024354457574614977,1.7506339814032124,0.024004330778334335,0.022603823593211763,0.020853189611808553,0.01735192164900213,9
2008-08-29,-0.04492531105103653,1.7445676274944564,-0.045274224576535425,-0.046669878678530986,-0.04841444630602544,-0.05190358156101436,9
2008-09-29,-0.03564416242792684,1.8737104105042925,-0.0360189045100277,-0.03751787283843113,-0.03939158324893542,-0.04313900406994401,9
2008-10-27,-0.13510884594940087,1.7235408700670947,-0.13545355412341428,-0.13683238681946797,-0.13855592768953506,-0.14200300942966926,9
2008-11-24,0.21299806795238116,1.6611509468652326,0.21266583776300813,0.21133691700551593,0.20967576605865068,0.20635346416492023,9
2008-12-23,0.08310004145437579,1.8096229470275271,0.08273811686497028,0.08129041850734826,0.07948079556032073,0.07586154966626568,9
2009-01-23,-0.1134463919646315,1.754726952436876,-0.11379733735511886,-0.11520111891706837,-0.11695584586950525,-0.120465299774379,9
2009-02-23,0.13037823057704612,1.564516129032258,0.13006532735123966,0.12881371444801387,0.1272491983189816,0.12412016606091708,9
2009-03-23,0.013678378349815522,1.813008130081301,0.013315776723799261,0.01186537021973422,0.01005236208965292,0.0064263458294903176,9
2009-04-21,0.05215265850412103,1.7974806201550388,0.05179316238009002,0.05035517788396599,0.04855769726381095,0.04496273602350087,9
2009-05-19,-0.01977700145178485,1.743515704154002,-0.020125704592615652,-0.021520517155938855,-0.023264032860092855,-0.02675106426840086,9
2009-06-17,0.021821393157020662,1.8432117527862208,0.021452750806463416,0.019978181404234442,0.01813496965144822,0.014448546145875778,9
2009-07-16,-0.13313465629852494,1.8885572139303486,-0.133512367741311,-0.1350232135124553,-0.13691177072638563,-0.14068888515424635,9
2009-08-13,0.0046932432655684775,1.758206686930091,0.004341601928182459,0.0029350365786383866,0.0011768298917082956,-0.0023395834821518862,9
2009-09-11,-0.019762815871575298,1.7796859169199597,-0.02011875305495929,-0.021542501788495257,-0.023322187705415217,-0.026881559539255136,9
2009-10-09,0.02305240467980883,1.5663627152988855,0.022739132136749052,0.021486041964509945,0.019919679249211057,0.01678695381861329,9
2009-11-06,0.008770803252621303,1.7840423465423463,0.008413994783312834,0.0069867609060789565,0.00520271855953661,0.001634633866451918,9
2009-12-07,0.03388611299126772,1.7841394716394716,0.03352928509693982,0.03210197351962824,0.030317834047988775,0.02674955510470983,9
2010-01-06,0.058699910000386074,1.747705914870094,0.058350368817412054,0.05695220408551598,0.055204498170645884,0.0517090863409057,9
2010-02-04,0.0017240333717687094,1.734994861253854,0.0013770343995179386,-1.0961489485144561e-05,-0.0017459563507389985,-0.005215946073246706,9
2010-03-05,-0.002058596873497077,1.7524722804914594,-0.0024090913295953687,-0.0038110691539885366,-0.005563541434479995,-0.009068485995462915,9
2010-04-05,0.0008599184347734216,1.7508620689655174,0.0005097460209803181,-0.0008909436341920959,-0.0026418057031576134,-0.006143529841088648,9
2010-05-03,-0.038468157285385454,1.6877704194260486,-0.03880571136927066,-0.0401559277048115,-0.04184369812423755,-0.04521923896308965,9
2010-06-01,0.006349711924594605,1.6743485272897038,0.006014842219136664,0.004675363397304901,0.0030010148700151972,-0.00034768218456421047,9
2010-06-29,0.06893670461356258,1.7850776674306088,0.06857968908007646,0.06715162694613197,0.06536654927870136,0.06179639394384014,9
2010-07-28,0.0220662068798144,1.8525558948094158,0.021695695700852516,0.020213650985004984,0.018361095090195567,0.014655983300576736,9
2010-08-25,0.0341712951991288,1.8701386716713588,0.03379726746479453,0.03230115652745744,0.030431017855786082,0.026690740512443367,9
2010-09-23,0.02983103817004411,1.7785403050108934,0.029475330109041933,0.028052497865033218,0.026273957560022324,0.022716876950000537,9
2010-10-21,0.013925543858870945,1.804764883745178,0.01356459088212191,0.012120778975125767,0.010316014091380589,0.006706484323890233,9
2010-11-18,0.013279646794989058,1.7297413793103449,0.012933698519126988,0.011549905415678713,0.009820164036368368,0.006360681277747678,9
2010-12-17,0.04284387540209606,1.7159482758620688,0.042500685746923644,0.04112792712623399,0.039411978850371926,0.035980082298647784,9
2011-01-18,-0.010500893844897132,1.7425537782680638,-0.010849404600550745,-0.012243447623165196,-0.01398600140143326,-0.017471108957969387,9
2011-02-15,-0.012967274742447785,1.7778432795211319,-0.01332284339835201,-0.014745118021968916,-0.016522961301490047,-0.02007864786053231,9
2011-03-16,-0.010411064835229581,1.7272727272727273,-0.010756519380684126,-0.012138337562502308,-0.013865610289775036,-0.01732015574432049,9
2011-04-13,-0.05573537105356249,1.655844155844156,-0.056066539884731315,-0.05739121520940664,-0.0590470593652508,-0.06235874767693911,9
2011-05-12,-0.0036849074571496956,1.6940397350993377,-0.004023715404169563,-0.005378947192249033,-0.0070729869273483716,-0.010461066397547047,9
2011-06-10,0.003771246689176995,1.7340838852097131,0.003424429912135052,0.0020371628039672816,0.0003030789187575683,-0.003165088851661858,9
2011-07-11,0.009253160532490073,1.7261268143621082,0.00890793516961765,0.007527033718127964,0.005800906903765856,0.0023486532750416397,9
2011-08-08,0.0034249496433260184,1.7847805788982258,0.003067993527546373,0.0016401690644277924,-0.0001446115144704335,-0.0037141726722668853,9
2011-09-06,0.038549938333600736,1.7638028895768834,0.03819717775568536,0.03678613544402385,0.03502233255444697,0.031494726775293205,9
2011-10-04,0.12389054309598373,1.7898176814585485,0.12353257955969202,0.12210072541452519,0.12031090773306663,0.11673127237014953,9
2011-11-01,-0.03501879540970791,1.7933868682097307,-0.03537747278334986,-0.036812182277917646,-0.03860556914612737,-0.042192342882546835,9
2011-11-30,0.024608347295997174,1.6975436939064714,0.02426883855721588,0.022910803602090704,0.02121325990818423,0.017818172520371288,9
2011-12-29,0.056896318440862,1.789471092287994,0.056538424222404404,0.055106847348574,0.05331737625628601,0.049738434071710025,9
2012-01-30,0.030849983965935416,1.8387176204077613,0.030482240441853863,0.029011266345527656,0.027172548725119892,0.023495113484304372,9
2012-02-28,0.010667298622153286,1.768008573292331,0.01031369690749482,0.008899290048860954,0.007131281475568624,0.0035952643289839615,9
2012-03-27,-0.0402101027506105,1.703700344639942,-0.04055084281953849,-0.041913803095250446,-0.04361750343989038,-0.04702490412917027,9
2012-04-25,-0.03760843826908466,1.7441955378196987,-0.0379572773766486,-0.039352633806904354,-0.041096829344724056,-0.044585220420363454,9
2012-05-23,0.0011064180904283884,1.728146853146853,0.0007607887197990178,-0.0006217287627184646,-0.0023498756158653175,-0.005806169322159023,9
2012-06-21,0.01092998454715447,1.777195027195027,0.010574545541715464,0.009152789519959443,0.007375594492764415,0.003821204438374362,9
2012-07-20,-0.04535970859507285,1.8111710568073627,-0.045721942806434324,-0.047170879651880215,-0.04898205070868757,-0.0526043928223023,9
2012-08-17,0.009422054952521752,1.790637055572933,0.009063927541407165,0.007631417896948819,0.005840780841375886,0.0022595067302300193,9
2012-09-17,0.03726531200315153,1.761807944948389,0.03691295041416185,0.03550350405820314,0.033741696113254754,0.030218080223357972,9
2012-10-15,0.0305146639674763,1.6898654989052238,0.030176690867695255,0.028824798468571076,0.027134932969665855,0.023755201971855405,9
2012-11-14,0.03707740332626458,1.7400688145136065,0.03672938956336186,0.03533733451175097,0.033597265697237366,0.030117128068210153,9
2012-12-13,-0.01672025046255489,1.7761194029850746,-0.017075474343151903,-0.018496369865539965,-0.02027248926852504,-0.023824728074495188,9
2013-01-14,0.04651472454600055,1.7051610361469516,0.04617369233877116,0.0448095635098536,0.04310440247370665,0.03969408040141274,9
2013-02-12,-0.0006519005151589567,1.8063218390804598,-0.0010131648829750488,-0.002458222354239417,-0.004264544193319876,-0.007877187871480796,9
2013-03-13,0.022654716884449536,1.7710865227643753,0.02230049957989666,0.02088363036168516,0.019112543838920786,0.015570370793392036,9
2013-04-11,0.010150400435958044,1.6973970614910212,0.00981092102365984,0.008453003374467024,0.006755606312976002,0.0033608121899939593,9
2013-05-09,-0.006157676812957353,1.7032938306029977,-0.006498335579077953,-0.007860970643560351,-0.009564264474163349,-0.012970852135369344,9
2013-06-07,-0.007343739723953833,1.788515162077379,-0.0077014427563693085,-0.009132254886031211,-0.01092077004810859,-0.014497800372263349,9
2013-07-08,0.008198615608095778,1.7704248366013071,0.007844530640775517,0.006428190771494471,0.004657765934893164,0.0011169162616905494,9
2013-08-05,-0.004396444530452289,1.7718784483490366,-0.004750820220122096,-0.006168322978801326,-0.007940201427150363,-0.011483958323848437,9
2013-09-03,-0.022234520003939183,1.693871487989135,-0.02257329430153701,-0.023928391491928318,-0.025622262979917453,-0.029010005955895722,9
2013-10-01,-0.033774011822239686,1.7004923181393772,-0.03411411028586756,-0.03547450414037906,-0.03717499645851844,-0.040575981094797195,9
2013-10-29,-0.004156411597139907,1.774855252274607,-0.004511382647594828,-0.005931266849414514,-0.007706122101689121,-0.011255832606238334,9
2013-11-26,0.002171314682340131,1.7569875776397517,0.0018199171668121807,0.00041432710470037937,-0.0013426604729393724,-0.004856635628218876,9
2013-12-26,-0.030888219274460303,1.7154359328272373,-0.03123130646102575,-0.032603655207287544,-0.03431909114011478,-0.03774996300576925,9
2014-01-27,-0.019336818785150527,1.7293796864349011,-0.019682694722437506,-0.021066198471585428,-0.02279557815802033,-0.026254337530890133,9
2014-02-25,0.05464746664237034,1.709319526627219,0.0543056027370449,0.05293814711574312,0.051228827589115906,0.04781018853586147,9
2014-03-25,-0.06357430697868124,1.807017543859649,-0.06393571048745317,-0.06538132452254089,-0.06718834206640054,-0.07080237715411984,9
2014-04-23,0.05364597043780127,1.8128654970760234,0.053283397338386065,0.051833104940725246,0.05002023944364922,0.04639450844949718,9
2014-05-21,-0.011580301367118708,1.6860167944505293,-0.011917504726008814,-0.013266318161569238,-0.014952334956019766,-0.018324368544920824,9
2014-06-19,0.028380764609927736,1.7524644030668126,0.028030271729314375,0.026628300206860925,0.02487583580379411,0.021370906997660484,9
2014-07-18,0.03879663975106372,1.7703541438481198,0.03844256892229409,0.037026285607215596,0.03525593146336748,0.03171522317567124,9
2014-08-15,-0.00486630385594784,1.7462577583059513,-0.00521555540760903,-0.006612561614253791,-0.008358819372559743,-0.011851334889171646,9
2014-09-15,-0.06269112696462817,1.653362472203052,-0.06302179945906877,-0.06434448943683121,-0.06599785190903427,-0.06930457685344038,9
2014-10-13,0.05976461860199093,1.7085729621961505,0.0594229040095517,0.05805604563979478,0.056347472677598626,0.05293032675320632,9
2014-11-10,0.028299786081882116,1.7250142571998857,0.027954783230442138,0.02657477182468223,0.024849757567482346,0.021399729053082572,9
2014-12-09,-0.015206641021398385,1.7729540918163673,-0.015561231839761658,-0.016979595113214754,-0.01875254920503112,-0.022298457388663855,9
2015-01-08,0.037813848208671993,1.4463045084996304,0.037524587306972064,0.03636754370017236,0.03492123919167273,0.03202863017467347,9
2015-02-06,0.08318390384632937,1.897407813070464,0.08280442228371528,0.08128649603325891,0.07938908822018845,0.07559427259404751,9
2015-03-09,0.007015817809358782,1.7946330777656079,0.006656891193805661,0.005221184731593174,0.003426551653827566,-0.00016271450170364955,9
2015-04-07,-0.03753276037850613,1.7391166525781911,-0.03788058370902177,-0.03927187703108432,-0.04101099368366251,-0.044489226988818895,9
2015-05-05,0.04564406963414003,1.5669202592279516,0.04533068558229444,0.04407714937491208,0.042510229115684126,0.039376388597228223,9
2015-06-03,-0.029997469630528562,1.7717697135848784,-0.030351823573245538,-0.031769239344113444,-0.03354100905769832,-0.03708454848486808,9
2015-07-01,-0.0411843260013899,1.727517139400457,-0.04152982942926999,-0.04291184314079036,-0.04463936028019082,-0.04809439455899173,9
2015-07-30,-0.02290270018000596,1.8025272214007257,-0.023263205624286104,-0.024705227401406685,-0.02650775462280741,-0.030112809065608863,9
2015-08-27,-0.006324254702327868,1.7875739644970414,-0.0066817694952272765,-0.00811182866682491,-0.009899402631321951,-0.013474550560316035,9
2015-09-25,0.027668263719731533,1.6693699965193178,0.02733438972042767,0.025998893723212214,0.0243295237266929,0.02099078373365426,9
2015-10-23,0.00962440102126605,1.612121212121212,0.009301976778841809,0.008012279809144839,0.006400158597023626,0.0031759161727812025,9
2015-11-20,0.016715159111308872,1.7299965600275196,0.016369159799303368,0.014985162551281352,0.013255165991253834,0.009795172871198795,9
2015-12-21,0.01981828397328849,1.7303061575507397,0.01947222274177834,0.01808797781573775,0.016357671658187013,0.012897059343085531,9
2016-01-21,-0.013780922957219903,1.6236455660108355,-0.01410565207042207,-0.015404568523230739,-0.017028214089241576,-0.020275505221263247,9
2016-02-19,0.015742158913026816,1.7553459119496857,0.01539108973063688,0.01398681300107713,0.012231467089127444,0.008720775265228074,9
2016-03-18,0.038612848454692726,1.7682783018867927,0.03825919279431537,0.036844570152805935,0.03507629185091914,0.03153973524714555,9
2016-04-18,-0.02094972639865848,1.5740172955974845,-0.021264529857777978,-0.022523743694255964,-0.02409776098985345,-0.027245795581048417,9
2016-05-16,-0.024838590253056278,1.80562106918239,-0.025199714466892755,-0.026644211322238667,-0.028449832391421057,-0.032061074529785835,9
2016-06-14,-0.009707950585728216,1.6772151898734178,-0.0100433936237029,-0.011385165775601634,-0.013062380965475053,-0.01641681134522189,9
2016-07-13,-0.03261788213740035,1.9088322246858833,-0.032999648582337525,-0.03452671436208623,-0.036435546586772116,-0.040253211036143884,9
2016-08-10,-0.03876451430140744,1.6535846267553582,-0.03909523122675851,-0.040418098928162796,-0.04207168355491816,-0.04537885280842888,9
2016-09-08,-0.010544213774493057,1.719914596273292,-0.010888196693747715,-0.012264128370766349,-0.013984042967039641,-0.017423872159586226,9
2016-10-06,0.07196515983578036,1.7384316770186334,0.07161747350037663,0.07022672815876173,0.0684882964817431,0.06501143312770583,9
2016-11-03,0.0614216483725346,1.844138198757764,0.06105282073278305,0.05957751017377684,0.05773337197501907,0.054045095577503546,9
2016-12-02,-0.015816880247663447,1.7954916360669113,-0.01617597857487683,-0.017612371883730358,-0.01940786351979727,-0.022998846791931093,9
2017-01-03,-0.014883936745451291,1.7139602883176934,-0.01522672880311483,-0.016597897033768984,-0.018311857322086678,-0.021739777898722064,9
2017-02-01,-0.0015550586059813608,1.67750257997936,-0.0018905591219772328,-0.003232561185960721,-0.0049100637659400806,-0.0082650689258988,9
2017-03-02,-0.010494328346058186,1.644578313253012,-0.010823244008708788,-0.012138906659311199,-0.01378348497256421,-0.017072641599070234,9
2017-03-30,0.04460655916379391,1.7891566265060241,0.04424872783849271,0.042817402537287885,0.041028245910781865,0.037449932657769816,9
2017-04-28,-0.004771924935788074,1.7944505293902884,-0.005130815041666132,-0.006566375465178362,-0.008360825994568652,-0.011949727053349228,9
2017-05-26,0.002878751833126564,1.677537781579698,0.0025432442768106244,0.001201214051546866,-0.0004763237300328318,-0.0038313992931922275,9
2017-06-26,0.01359645372619714,1.6357285429141717,0.013269308017614306,0.011960725183282969,0.010324996640368797,0.007053539554540454,9
2017-07-25,-0.02725236210574948,1.486633875106929,-0.027549688880770865,-0.02873899598085641,-0.03022562985596334,-0.0331988976061772,9
2017-08-22,0.046978270186588796,1.6915297553851771,0.04663996423551176,0.04528674043120362,0.04359521067581844,0.04021215116504809,9
2017-09-20,-0.023471412304354858,1.7522088353413654,-0.02382185407142313,-0.02522362113969622,-0.02697582997503759,-0.03048024764572032,9
2017-10-18,-0.015537607822281207,1.6311792625045638,-0.015863843674782118,-0.01716878708478577,-0.018799966347290333,-0.022062324872299463,9
2017-11-15,-0.030235541052157075,1.7073353293413174,-0.03057700811802534,-0.03194287638149839,-0.03365021171083971,-0.037064882369522344,9
2017-12-14,0.007305139931372257,1.758336233901845,0.006953472684591888,0.005546803697470412,0.0037884674635685666,0.0002717949957648765,9
2018-01-16,-0.008318272098213987,1.671826625386997,-0.008652637423291386,-0.009990098723600984,-0.011661925348987981,-0.015005578599761975,9
2018-02-13,0.0070830064876630724,1.6717826058069232,0.0067486499665016875,0.0054112238818561495,0.003739441276049226,0.00039587606443537964,9
2018-03-14,0.04553267229920244,1.7709031198686371,0.04517849167522871,0.0437617691793338,0.041990866059465164,0.03844905981972789,9
2018-04-12,-0.043386047223891534,1.7542857142857142,-0.04373690436674868,-0.04514033293817725,-0.046894618652462965,-0.05040319008103439,9
2018-05-10,-0.04297060057429951,1.7542857142857142,-0.043321457717156654,-0.044724886288585224,-0.04647917200287094,-0.04998774343144237,9
2018-06-08,0.027746170900243117,1.6079330277058004,0.027424584294701956,0.026138237872537315,0.024530304844831517,0.021314438789419916,9
2018-07-09,0.002054440256691654,1.7175874769797423,0.0017109227612957054,0.00033685277971191147,-0.001380734697267831,-0.004815909651227315,9
2018-08-06,-0.011444528363896669,1.7506752608962555,-0.01179466341607592,-0.013195203624792925,-0.01494587888568918,-0.01844722940748169,9
2018-09-04,0.03570511415037173,1.7492520059839518,0.03535526374917494,0.03395586214438778,0.03220661013840383,0.028708106126435925,9
2018-10-02,-0.0033408612568601804,1.710209705605592,-0.003682903197981299,-0.005051070962465772,-0.0067612806680713644,-0.010181700079282548,9
2018-10-30,0.008642268215835996,1.8260182820271542,0.008277064559430565,0.006816249933808843,0.004990231651781688,0.0013381950877273795,9
2018-11-28,-0.036308699767509556,1.7266483516483513,-0.03665402943783923,-0.03803534811915791,-0.039761996470806256,-0.04321529317410296,9
2018-12-28,0.011760868754622273,1.711764705882353,0.011418515813445803,0.01004910404873992,0.008337339342857568,0.004913809931092861,9
2019-01-29,0.01566681814176575,1.676470588235294,0.015331524024118692,0.013990347553530458,0.012313876965295163,0.008960935788824575,9
2019-02-27,-0.009746530545344387,1.6736400146038704,-0.010081258548265162,-0.011420170559948258,-0.013093810574552129,-0.016441090603759867,9
2019-03-27,0.042214650102175406,1.8278388278388278,0.04184908233660764,0.040386811274336576,0.03855897244649775,0.03490329479082009,9
2019-04-25,-0.001451588146553717,1.7982530290222596,-0.001811238752358169,-0.0032498411755759768,-0.005048094204598236,-0.008644600262642755,9
2019-05-23,-0.04166300839214048,1.691286277824739,-0.04200126564770543,-0.043354294669965224,-0.04504558094778996,-0.04842815350343944,9
2019-06-21,0.017788404272939366,1.7033319244857705,0.01744773788804221,0.016085072348453595,0.014381740423967825,0.010975076574996284,9
2019-07-22,-0.02774226095941253,1.7731323068149414,-0.02809688742077552,-0.02951539326622747,-0.03128852557304241,-0.03483479018667229,9
2019-08-19,0.0739291885880452,1.744047619047619,0.07358037906423567,0.07218514096899759,0.07044109334994997,0.06695299811185473,9
2019-09-17,0.08109576186858586,1.863095238095238,0.0807231428209668,0.07923266663049063,0.07736957139239538,0.07364338091620491,9
2019-10-15,-0.02710129472276006,1.7128161005536435,-0.02744385794287079,-0.028814110823313706,-0.03052692692386735,-0.033952559124974635,9
2019-11-12,0.004018693961377098,1.6898004434589802,0.003680733872685302,0.0023288935179181175,0.0006390930744591375,-0.002740507812458823,9
2019-12-11,0.007825312774238202,1.711673039463242,0.007482978166345554,0.00611363973477496,0.004401966695311718,0.000978620616385234,9
2020-01-10,-0.051287056902905886,1.7227288548555517,-0.051631602673876995,-0.05300978575776144,-0.05473251461261699,-0.058177972322328096,9
2020-02-10,0.017018986581852233,1.6342499129829446,0.016692136599255645,0.015384736668869288,0.013750486755886344,0.010481986929920455,9
2020-03-10,-0.09737507869525587,1.842898868200073,-0.09774365846889589,-0.09921797756345595,-0.10106087643165601,-0.10474667416805616,9
2020-04-07,-0.017023448252401735,1.758378970427163,-0.017375124046487167,-0.0187818272228289,-0.020540206193256062,-0.024056964134110386,9
2020-05-06,0.12332418359116702,1.7022172949002217,0.12298374013218698,0.1216219662962668,0.11991974900136658,0.11651531441156614,9
2020-06-04,0.00044734680949904976,1.7819352593108246,9.095975763688481e-05,-0.001334588449811775,-0.0031165237091225996,-0.006680394227744249,9
2020-07-02,-0.08291875297308347,1.699794555726759,-0.08325871188422883,-0.08461854752881023,-0.086318342084537,-0.0897179311959905,9
2020-07-31,0.0362070646176094,1.6317732408834105,0.03588070996943272,0.034575291376725985,0.03294351813584258,0.02967997165407576,9
2020-08-28,0.00845431704783069,1.8096471995216263,0.008092387607926365,0.006644669848309064,0.004835022648787437,0.0012157282497441847,9
2020-09-28,-0.02154809276138418,1.6742857142857144,-0.021882949904241323,-0.023222378475669894,-0.02489666418995561,-0.028245235618527036,9
2020-10-26,-0.04858295300358983,1.794285714285714,-0.04894181014644697,-0.05037723871787554,-0.052171524432161255,-0.05576009586073268,9
2020-11-23,0.016664061704790074,1.7071351488605342,0.016322634675017968,0.01495692655592954,0.013249791407069006,0.009835521109347937,9
2020-12-22,-0.04442476356706344,1.6835421888053466,-0.044761472004824505,-0.046108305755868786,-0.04779184794467413,-0.05115893232228482,9
2021-01-22,0.024417934081919446,1.746922862712336,0.02406854950937698,0.02267101121920711,0.02092408835649477,0.0174302426310701,9
2021-02-22,-0.015075764366996081,1.7197913648217906,-0.015419722639960439,-0.01679555573181787,-0.018515347096639663,-0.021954929826283245,9
2021-03-22,0.017707106029062048,1.6674098848011891,0.01737362405210181,0.01603969614426086,0.01437228625945967,0.011037466489857291,9
2021-04-20,-0.02901938934875593,1.7686501300631738,-0.029373119374768566,-0.030788039478819106,-0.03255668960888228,-0.03609398986900862,9
2021-05-18,-0.036620924850805404,1.681446335078534,-0.03695721411782111,-0.038302371185883935,-0.03998381752096247,-0.04334671019111954,9
2021-06-16,-0.02159498789210126,1.7105389669355269,-0.021937095685488364,-0.023305526859036786,-0.025016065825972315,-0.028437143759843367,9
2021-07-15,-0.023693411594071637,1.6770109846805576,-0.02402881379100775,-0.025370422578752196,-0.02704743356343275,-0.030401455532793865,9
2021-08-12,0.04204744786836446,1.6573814097827693,0.041715971586407906,0.04039006645858169,0.03873268504879892,0.03541792222923338,9
2021-09-10,-0.023052698887876446,1.7433155080213902,-0.023401361989480726,-0.024796014395897837,-0.026539329903919225,-0.030025960919962007,9
2021-10-08,0.017322654704533945,1.7222839016653448,0.016978197924200876,0.0156003708028686,0.013878086901203256,0.010433519097872566,9
2021-11-05,0.02747054642917859,1.7173936029606132,0.02712706770858647,0.025753152826217977,0.024035759223257364,0.020600972017336138,9
2021-12-06,-0.06993988178411895,1.8242882324662144,-0.07030473943061219,-0.07176417001658517,-0.07358845824905137,-0.0772370347139838,9
2022-01-04,-0.031990449528617584,1.7080847723704866,-0.032332066483091684,-0.03369853430098807,-0.035406619073358556,-0.038822788618099534,9
2022-02-02,0.036554292256204754,1.8314233385661955,0.036188007588491514,0.03472286891763856,0.032891445579072365,0.029228598901939972,9
2022-03-03,-0.013330460922898506,1.6858288770053473,-0.013667626698299577,-0.015016289799903854,-0.0167021186769092,-0.020073776430919895,9
2022-03-31,0.022940206795674666,1.75607189119171,0.022588992417436324,0.021184134904482958,0.019428063013291245,0.015915919230907828,9
2022-04-29,-0.04954311075163688,1.8024881260794474,-0.049903608376852766,-0.05134559887771633,-0.05314808700379577,-0.05675306325595467,9
2022-05-27,0.03437776224910885,1.6475708271703264,0.034048248083674786,0.032730191421938525,0.0310826205947682,0.027787478940427546,9
2022-06-28,-0.0580447880087514,1.8505802707930368,-0.05841490406291001,-0.05989536827954444,-0.06174594855033748,-0.06544710909192356,9
2022-07-27,0.001111664203358501,1.833707089874073,0.0007449227853836865,-0.0007220428865155719,-0.002555749976389645,-0.006223164156137791,9
2022-08-24,-0.05240174948114781,1.5198198198198198,-0.05270571344511177,-0.05392156930096763,-0.05544138912078744,-0.05848102876042709,9
2022-09-22,-0.007886088697527592,1.6812554489973848,-0.00822233978732707,-0.009567344146524978,-0.011248599595522362,-0.014611110493517132,9
2022-10-20,-0.0017607867383792764,1.7242122518365612,-0.0021056291887465886,-0.0034849989902158377,-0.005209211242052399,-0.008657635745725522,9
2022-11-17,0.008039665869833085,1.8166811973263588,0.0076763296303678135,0.0062229846725067265,0.004406303475180368,0.0007729410805276497,9
2022-12-16,0.009637566119581777,1.6390293519325776,0.009309760249195262,0.0079985367676492,0.006359507415716621,0.0030814487118514663,9
2023-01-18,-0.05837148744706583,1.765977666904253,-0.05872468298044668,-0.060137465113970084,-0.06190344278087433,-0.06543539811468284,9
2023-02-15,-0.049735067781768706,1.8202363981943455,-0.05009911506140757,-0.051555304179963055,-0.053375540578157396,-0.057016013374546086,9
2023-03-16,-0.021289328192913976,1.8175780576160083,-0.021652843804437178,-0.023106906250529986,-0.02492448430814599,-0.02855964042337801,9
2023-04-14,-0.0382979115945371,1.7908113391984362,-0.03865607386237679,-0.040088722933735534,-0.04187953427293397,-0.04546115695133084,9
2023-05-12,-0.024376076894701653,1.624168448562604,-0.024700910584414173,-0.026000245343264256,-0.02762441379182686,-0.03087275068895207,9
2023-06-12,0.025646925077398575,1.6970432882035094,0.025307516419757873,0.023949881789195066,0.022252838500991558,0.018858751924584537,9
2023-07-12,0.01892183882516442,1.7031408308004052,0.018581210659004338,0.017218697994364013,0.015515557163563608,0.012109275501962797,9
2023-08-09,0.0022327574026811993,1.7824214792299897,0.0018762731068352014,0.00045033592345120944,-0.0013320855557787804,-0.00489692851423876,9
2023-09-07,0.008890535728721581,1.756108041743401,0.0085393141203729,0.00713442768697818,0.005378319645234779,0.0018661035617479772,9
2023-10-05,0.025539583955594386,1.797752808988764,0.02518003339379663,0.02374183114660562,0.021944078337616857,0.018348572719639328,9
2023-11-02,-0.0035956293245342063,1.7359550561797752,-0.003942820335770161,-0.0053315843807139815,-0.007067539436893757,-0.010539449549253307,9
2006-01-18,0.040754938750121636,1.0,0.04055493875012164,0.039754938750121635,0.038754938750121634,0.03675493875012163,10
2006-02-15,-2.586317549528377e-05,1.8969458128078818,-0.00040525233805686016,-0.0019228089883031657,-0.0038197548011110476,-0.007613646426726812,10
2006-03-16,-0.06052172079486238,1.7419704433497536,-0.06087011488353233,-0.062263691238212134,-0.06400566168156188,-0.06748960256826139,10
2006-04-13,-0.023471000285214406,1.7405820211281644,-0.02381911668944004,-0.025211582306342573,-0.026952164327470735,-0.030433328369727064,10
2006-05-12,-0.0007685077204041763,1.756291730868002,-0.0011197660665777766,-0.0025247994512721784,-0.00428109118214018,-0.007793674643876185,10
2006-06-12,0.04715785468072933,1.7786979969183359,0.046802115081345665,0.045379156683811,0.04360045868689266,0.04004306269305599,10
2006-07-11,-0.01236037787790864,1.6423493455584346,-0.012688847747020327,-0.014002727223467074,-0.015645076569025508,-0.01892977526014238,10
2006-08-08,0.035404477309722966,1.7866919141585278,0.035047138926891264,0.03361778539556444,0.03183109348140591,0.028257709653088853,10
2006-09-06,0.009478844640127049,1.8209295694325633,0.009114658726240536,0.007657915070694485,0.005836985501261922,0.0021951263623967952,10
2006-10-04,0.02744447166288964,1.7717336411514322,0.027090124934659354,0.02567273802173821,0.023901004380586777,0.02035753709828391,10
2006-11-01,-0.023119380766984797,1.826018282027154,-0.02348458442339023,-0.02494539904901195,-0.026771417331039105,-0.030423453895093412,10
2006-11-30,0.039853026924310316,1.8154275463424354,0.03948994141504183,0.03803759937796788,0.036222171831625447,0.03259131673894057,10
2006-12-29,-0.0007675369268811086,1.815327885190353,-0.0011306025039191793,-0.0025828648120714615,-0.004398192697261815,-0.00802884846764252,10
2007-01-31,-0.007245531455179696,1.766396103896104,-0.007598810675958917,-0.0090119275590758,-0.010778323662971904,-0.014311115870764113,10
2007-03-01,-0.03277555277792287,1.7451821386603996,-0.033124589205654954,-0.03452073491658327,-0.03626591705524367,-0.039756281332564467,10
2007-03-29,0.008510341064347282,1.652849588719154,0.00817977114660345,0.0068574914756281274,0.005204641886908974,0.0018989427094706652,10
2007-04-27,0.00019493739875398085,1.7119091467157765,-0.0001474444305891745,-0.0015169717479617958,-0.0032288808946775724,-0.006652699188109125,10
2007-05-25,0.018885253457662832,1.835669255882022,0.018518119606486427,0.01704958420178081,0.015213914945898788,0.011542576434134744,10
2007-06-25,-0.03692728300308402,1.7217139707908515,-0.037271625797242185,-0.03864899697387487,-0.04037071094466572,-0.043814138886247425,10
2007-07-24,0.004102861603736856,1.7531826949572886,0.003752225064745398,0.0023496789087795672,0.0005964962138222786,-0.0029098691760922986,10
2007-08-21,0.0440621321720069,1.8246270423869286,0.04369720676352951,0.04223750512961997,0.04041287808723304,0.03676362400245918,10
2007-09-19,0.012983378201042657,1.8295287710158654,0.012617472446839483,0.01115384943002679,0.009324320659010926,0.005665263116979195,10
2007-10-17,-0.038496559506389444,1.7836363636363637,-0.038853286779116716,-0.040280195870025806,-0.04206383223366217,-0.0456311049609349,10
2007-11-14,0.045963249941912254,1.8446899938612646,0.04559431194314,0.04411855994805099,0.042273869954189726,0.0385844899664672,10
2007-12-13,-0.01487746486981796,1.7840085942295887,-0.015234266588663878,-0.01666147346404755,-0.01844548205827714,-0.022013499246736314,10
2008-01-14,0.02005591300657364,1.7616279069767442,0.01970358742517829,0.018294285099596894,0.01653265719262015,0.01300940137866666,10
2008-02-12,-0.046967243403038775,1.70416050544428,-0.047308075504127634,-0.048671403908483055,-0.050375564413927335,-0.053783885424815894,10
2008-03-12,0.0296705707844706,1.7736927006318055,0.02931583224434424,0.027896878083838793,0.026123185383206987,0.022575799981943378,10
2008-04-10,-0.05431152482574804,1.7869822485207099,-0.054668921275452184,-0.05609850707426875,-0.05788548932278946,-0.06145945381983088,10
2008-05-08,-0.019340635651754808,1.6479540918163673,-0.019670226470118082,-0.020988589743571175,-0.022636543835387542,-0.025932452019020277,10
2008-06-06,-0.07656734155733197,1.6980649872216138,-0.0769069545547763,-0.07826540654455358,-0.0799634715317752,-0.08335960150621842,10
2008-07-07,0.009260489884385652,1.701489877388081,0.008920191908908035,0.007559000006997571,0.00585751012960949,0.0024545303748333275,10
2008-08-04,0.020795904301027276,1.7252994011976048,0.020450844420787755,0.01907060489982967,0.017345305498632068,0.013894706696236856,10
2008-09-02,-0.00872811388863759,1.6737130339539978,-0.009062856495428389,-0.010401826922591588,-0.012075539956545586,-0.015422966024453581,10
2008-09-30,-0.13357287206269441,1.8101577909270217,-0.1339349036208798,-0.13538302985362144,-0.13719318764454846,-0.14081350322640251,10
2008-10-28,-0.08964840971100975,1.6079177233023387,-0.08996999325567022,-0.09125632743431208,-0.09286424515761443,-0.0960800806042191,10
2008-11-25,0.1094920244756538,1.7897131825703256,0.10913408183913974,0.10770231129308347,0.10591259811051315,0.1023331717453725,10
2008-12-24,0.05329313126411736,1.8490544543176122,0.05292332037325384,0.051444076809799746,0.04959502235548214,0.04589691344684691,10
2009-01-26,-0.03247253629842246,1.8139534883720931,-0.03283532699609688,-0.03428648978679455,-0.03610044327516664,-0.03972835025191083,10
2009-02-24,0.047781579139798004,1.774193548387097,0.04742674043012059,0.046007385591410904,0.04423319204302381,0.04068480494624962,10
2009-03-24,-0.1045152598042733,1.9432861264096513,-0.10490391702955523,-0.10645854593068295,-0.1084018320570926,-0.11228840430991191,10
2009-04-22,0.055997945719752765,1.6763864042933814,0.055662668438894086,0.054321559315459386,0.052645172911166,0.04929240010257924,10
2009-05-20,-0.01658304005234517,1.7801418439716312,-0.016939068421139496,-0.0183631818963168,-0.020143323740288432,-0.023703607428231695,10
2009-06-18,0.016811547078217828,1.801418439716312,0.016451263390274567,0.015010128638501515,0.013208710198785204,0.00960587331935258,10
2009-07-17,-0.13056454158980516,1.9257600884466557,-0.13094969360749448,-0.13249030167825182,-0.13441606176669846,-0.1382675819435918,10
2009-08-14,-0.017737428001099377,1.6515197568389057,-0.018067731952467157,-0.01938894775793828,-0.02104046751477719,-0.024343507028455,10
2009-09-14,-0.029364111988550545,1.673049645390071,-0.02969872191762856,-0.031037161633940616,-0.032710211279330687,-0.03605631057011083,10
2009-10-12,0.017378504292916347,1.5734549138804457,0.017063813310140258,0.0158050493790359,0.014231594465155456,0.011084684637394565,10
2009-11-09,0.006011404703375082,1.74256993006993,0.005662890717361096,0.004268834773305152,0.002526264843235222,-0.0009588750169046379,10
2009-12-08,0.017915903207254044,1.8189588189588188,0.01755211144346228,0.016096944388295224,0.014277985569336406,0.010640067931418768,10
2010-01-07,0.07546613611473281,1.817196221554315,0.07510269687042195,0.0736489398931785,0.07183174367162418,0.06819735122851556,10
2010-02-05,0.012778928814194922,1.8489208633093526,0.012409144641533051,0.010930007950885568,0.009081087087576217,0.005383245360957511,10
2010-03-08,-0.02220984163737895,1.7963163596966414,-0.022569104909318276,-0.02400615799707559,-0.025802474356772232,-0.029395107076165515,10
2010-04-06,-0.01102846886025051,1.714403651903652,-0.01137134959063124,-0.012742872512154162,-0.014457276164057814,-0.01788608346786512,10
2010-05-04,-0.024674462167940652,1.7345253863134658,-0.025021367245203346,-0.026408987554254117,-0.028143512940567585,-0.031612563713194514,10
2010-06-02,-0.006763714500644642,1.6116883116883118,-0.007086052162982304,-0.008375402812332953,-0.009987091124021266,-0.01321046774739789,10
2010-06-30,0.07821072474928406,1.8446585672392124,0.07784179303583622,0.07636606618204485,0.07452140761480563,0.07083209048032721,10
2010-07-29,0.03988177676738559,1.8806264158376833,0.03950565148421806,0.03800115035154791,0.036120523935710226,0.03235927110403486,10
2010-08-26,0.06271972271029355,1.8554895214263376,0.062348624806008286,0.06086423318886722,0.059008743667440876,0.0552977646245882,10
2010-09-24,0.02983702817571383,1.7046296296296295,0.029496102249787905,0.0281323985460842,0.026427768916454573,0.02301850965719531,10
2010-10-22,0.014103409488914073,1.8193619017829215,0.013739537108557489,0.012284047587131152,0.010464685685348231,0.006825961881782387,10
2010-11-19,0.00882704340419882,1.7379310344827588,0.008479457197302268,0.007089112369716061,0.005351181335233303,0.001875319266267785,10
2010-12-20,0.026709991915564942,1.7421860636146351,0.026361554702842016,0.024967805851950308,0.02322561978833567,0.019741247661106402,10
2011-01-19,-0.02724728560295201,1.7422779922779923,-0.02759574120140761,-0.028989563595230004,-0.030731841587507996,-0.03421639757206398,10
2011-02-16,-0.004138570231293181,1.717032468710321,-0.004481976725035245,-0.005855602700003502,-0.007572635168713823,-0.011006700106134464,10
2011-03-17,-0.0015472121751947572,1.6940412528647824,-0.0018860204257677136,-0.0032412534280595396,-0.004935294680924322,-0.008323377186653887,10
2011-04-14,-0.02872888663854545,1.7131822425940075,-0.029071523087064254,-0.03044206888113946,-0.032155251123733464,-0.03558161560892148,10
2011-05-13,-0.020661942297748846,1.6988366890380313,-0.02100170963555645,-0.022360778986786876,-0.02405961567582491,-0.02745728905390097,10
2011-06-13,0.01688200977801449,1.6939955849889625,0.016543210661016695,0.015188014193025528,0.013494018608036564,0.010106027438058638,10
2011-07-12,-0.027703560044240873,1.7456497750615398,-0.028052689999253182,-0.029449209819302415,-0.031194859594363952,-0.034686159144487035,10
2011-08-09,0.01117294363518076,1.6740514387573213,0.010838133347429295,0.009498892196423438,0.007824840757666117,0.004476737880151474,10
2011-09-07,-0.040308162729739375,1.5373482726423906,-0.04061563238426785,-0.04184551100238176,-0.04338285927502416,-0.046457555820308936,10
2011-10-05,0.09406097362436967,1.8611885674451025,0.09368873591088066,0.09219978505692457,0.09033859648947946,0.08661621935458927,10
2011-11-02,-0.012280651848039122,1.807321681624941,-0.01264211618436411,-0.014087973529664063,-0.015895295211289004,-0.019509938574538886,10
2011-12-01,0.01938935268206493,1.7388757675956543,0.0190415775285458,0.017650476914469276,0.015911601146873622,0.012433849611682313,10
2011-12-30,0.04292893344141224,1.7193440362454444,0.04258506463416315,0.0412095894051668,0.03949024536892135,0.03605155729643046,10
2012-01-31,0.033704550267160335,1.795025471980821,0.03334554517276417,0.031909524795179514,0.030114499323198693,0.02652444837923705,10
2012-02-29,-0.009007122495812129,1.7560672917815776,-0.009358335954168445,-0.010763189787593707,-0.012519257079375283,-0.01603139166293844,10
2012-03-28,-0.024478651727219754,1.68119139547711,-0.024814890006315177,-0.026159843122696865,-0.027841034518173973,-0.031203417309128192,10
2012-04-26,-0.035547475845058296,1.7287644787644787,-0.03589322874081119,-0.037276240323822776,-0.039005004802587256,-0.04246253376011621,10
2012-05-24,0.0036639527997438066,1.7354312354312356,0.0033168665526575594,0.001928521564312571,0.0001930903288813353,-0.003277772141981136,10
2012-06-22,0.05739973791893456,1.7632090132090132,0.05704709611629276,0.05563652890572555,0.053873319892516536,0.050346901866098505,10
2012-07-23,-0.027002054399363346,1.826868939630904,-0.027367428187289527,-0.02882892333899425,-0.030655792278625152,-0.03430953015788696,10
2012-08-20,-0.006305451582836885,1.776092169742467,-0.006660670016785378,-0.008081543752579351,-0.00985763592232182,-0.013409820261806753,10
2012-09-18,0.013195235987508375,1.7471587947033678,0.012845804228567702,0.011448077192805007,0.00970091839810164,0.006206600808694904,10
2012-10-16,0.013963854213307106,1.7257845897195287,0.0136186972953632,0.012238069623587576,0.010512285033868049,0.007060715854428991,10
2012-11-15,0.020569905235103516,1.7977270357626942,0.020210359827950976,0.018772178199340822,0.016974451163578128,0.013378997092052739,10
2012-12-14,-0.006171118435113029,1.7844112769485905,-0.006528000690502747,-0.007955529712061619,-0.00973994098901021,-0.01330876354290739,10
2013-01-15,0.019313232395072242,1.7005147630147628,0.01897312944246929,0.01761271763205748,0.015912202869042717,0.012511173343013191,10
2013-02-13,0.012236155279600619,1.750670498084291,0.01188602117998376,0.010485484781516327,0.008734814283432037,0.005233473287263454,10
2013-03-14,0.01417652018931977,1.7778432795211319,0.013820951533415544,0.012398676909798638,0.010620833630277507,0.0070651470712352425,10
2013-04-12,-0.006276850258182039,1.7374841284237257,-0.006624347083866784,-0.008014334386605764,-0.00975181851502949,-0.013226786771876942,10
2013-05-10,-0.0038443458100839638,1.7549668874172184,-0.004195339187567407,-0.005599312697501182,-0.0073542795849184,-0.010864213359752838,10
2013-06-10,-0.016838071407129805,1.8410596026490065,-0.017206283327659607,-0.01867913100977881,-0.020520190612427817,-0.02420230981772583,10
2013-07-09,0.0030712746502484737,1.6784915720674234,0.002735576335834989,0.0013927830781810503,-0.0002857084938863732,-0.00364269163802122,10
2013-08-06,-0.015352842786062151,1.6588837289301686,-0.015684619531848184,-0.01701172651499232,-0.018670610243922487,-0.021988377701782826,10
2013-09-04,-0.023195066481211665,1.7183522531819748,-0.023538736931848058,-0.02491341873439364,-0.026631770987575614,-0.030068475493939564,10
2013-10-02,-0.0024197322017201718,1.6506493506493505,-0.002749862071850042,-0.004070381552369522,-0.005721030903018873,-0.009022329604317574,10
2013-10-30,0.0011658367799376236,1.794251447477254,0.0008069864904421728,-0.0006284146675396304,-0.0024226661150168844,-0.006011169009971392,10
2013-11-27,0.0061943315586550415,1.7321428571428572,0.00584790298722647,0.004462188701512184,0.002730045844369327,-0.0007342398699163874,10
2013-12-27,-0.053595866776712686,1.6576475155279504,-0.053927396279818275,-0.05525351429224064,-0.05691116180776859,-0.06022645683882449,10
2014-01-28,-0.007725299248093252,1.8359571322985957,-0.008092490674552972,-0.009561256380391847,-0.011397213512690444,-0.015069127777287635,10
2014-02-26,0.0436582150101671,1.7089673147365454,0.043316421547219784,0.04194924769543055,0.04024028038069401,0.03682234575122091,10
2014-03-26,-0.05737887522347157,1.8648778809769522,-0.05775185079966696,-0.05924375310444852,-0.061108630985425474,-0.06483838674737938,10
2014-04-24,0.04910694423481693,1.8004815961472307,0.048746847915587484,0.0473064626386697,0.045505981042522466,0.04190501785022801,10
2014-05-22,0.0012174394275972435,1.728368017524644,0.0008717658240923146,-0.0005109285899274007,-0.002239296607452045,-0.0056960326425013336,10
2014-06-20,0.01162211762845689,1.7283315078495802,0.011276451326886974,0.00989378612060731,0.008165454612757729,0.004708791597058569,10
2014-07-21,0.0526868645040949,1.7886454910551297,0.052329135405883874,0.050898219013039765,0.04910957352198464,0.04553228253987438,10
2014-08-18,-0.004897342046663391,1.7401241328952173,-0.0052453668732424345,-0.006637466179558608,-0.008377590312453826,-0.01185783857824426,10
2014-09-16,-0.05046937690049101,1.746185108503949,-0.0508186139221918,-0.05221556200899496,-0.05396174711749891,-0.05745411733450681,10
2014-10-14,0.06728301562862049,1.68993942182348,0.0669450277442558,0.06559307620679701,0.06390313678497353,0.06052325794132657,10
2014-11-11,-0.01967175186409983,1.7069788993441688,-0.020013147643968665,-0.021378730763444,-0.023085709662788167,-0.026499667461476507,10
2014-12-10,-0.007202982541629716,1.6833475905332191,-0.00753965205973636,-0.008886330132162935,-0.010569677722696154,-0.013936372903762591,10
2015-01-09,0.03462966406515934,1.5864745011086474,0.034312369164937614,0.033043189564050696,0.031456715062942044,0.02828376606072475,10
2015-02-09,0.07000600504771895,1.9088691796008868,0.06962423121179877,0.06809713586811807,0.06618826668851718,0.0623705283293154,10
2015-03-10,-0.0027030832298606546,1.7205838876570585,-0.0030472000073920665,-0.0044236671175177135,-0.006144251005174772,-0.009585418780488889,10
2015-04-08,-0.04600733093435253,1.7686320090166245,-0.04636105733615586,-0.04777596294336916,-0.04954459495238578,-0.05308185897041903,10
2015-05-06,0.05088435235453676,1.5905536770921387,0.05056624161911833,0.04929379867744462,0.04770324500035249,0.044522137646168206,10
2015-06-04,-0.03342494123981614,1.8188389923329682,-0.03378870903828273,-0.03524378023214911,-0.03706261922448208,-0.040700297209148015,10
2015-07-02,-0.10433263616505634,1.7751644409009368,-0.10468766905323652,-0.10610780060595727,-0.10788296504685821,-0.11143329392866008,10
2015-07-31,-0.021888091614230026,1.7055677363630322,-0.022229205161502633,-0.023593659350593058,-0.025299227086956092,-0.028710362559682154,10
2015-08-28,0.0771222601822038,1.8240110079119367,0.07675745798062142,0.07529824917429187,0.07347423816637993,0.06982621615055606,10
2015-09-28,-0.0003911403473707848,1.8472652218782248,-0.0007605933917464297,-0.0022384055692490096,-0.0040856707911272345,-0.007780201234883684,10
2015-10-26,0.002272994097118544,1.7017738359201773,0.0019326393299345086,0.0005712202611983669,-0.0011305535747218104,-0.004534101246562165,10
2015-11-23,-0.032683084903486044,1.7058823529411766,-0.03302426137407428,-0.03438896725642722,-0.036094849609368394,-0.03950661431525075,10
2015-12-22,0.031614478636342605,1.7176470588235293,0.0312709492245779,0.029896831577519076,0.028179184518695548,0.024743890401048487,10
2016-01-22,0.020086433474808207,1.7137510692899918,0.019743683260950207,0.018372682405518214,0.016658931336228224,0.013231429197648241,10
2016-02-22,0.013661984652166009,1.7882763975155282,0.013304329372662904,0.011873708254650481,0.010085431857134952,0.006508879062103896,10
2016-03-21,0.026722308064047323,1.8022390920941644,0.02636186024562849,0.02492006897195316,0.023117829879858994,0.019513351695670665,10
2016-04-19,0.0036449227927884613,1.746491833448355,0.0032956244260987904,0.0018984309593401063,0.00015193912589175126,-0.0033410445410049588,10
2016-05-17,-0.008537632891489403,1.7291616909481728,-0.008883465229679038,-0.010266794582437577,-0.011995956273385748,-0.015454279655282094,10
2016-06-15,-0.011158189988246497,1.6841811957646684,-0.011495026227399431,-0.012842371184011166,-0.014526552379775834,-0.01789491477130517,10
2016-07-14,0.005770306638748261,1.7990022172949003,0.005410506195289281,0.003971304421453361,0.0021723022041584606,-0.0014257022304313399,10
2016-08-11,0.002333639211343214,1.702069475240207,0.0019932253162951727,0.0006315697361030069,-0.0010704997391372002,-0.004474638689617614,10
2016-09-09,-0.021725463782153925,1.7080745341614907,-0.022067078688986223,-0.023433538316315415,-0.02514161285047691,-0.028557761918799888,10
2016-10-07,0.05624247403909145,1.701281055900621,0.05590221782791133,0.05454119298319083,0.05283991192729021,0.049437349815488967,10
2016-11-04,0.08163305622619783,1.7629270186335402,0.08128047082247113,0.0798701292075643,0.07810720218893075,0.07458134815166367,10
2016-12-05,-0.014898985734876068,1.7096719989245868,-0.015240920134660985,-0.016608657733800655,-0.018318329732725243,-0.021737673730574416,10
2017-01-04,0.01809238159950931,1.6055585428148946,0.017771269890946333,0.016486823056694418,0.014881264513879522,0.011670147428249733,10
2017-02-02,-0.029455095525726928,1.7492860057119541,-0.029804952726869317,-0.031204381531438882,-0.03295366753715084,-0.036452239548574746,10
2017-03-03,0.0026060557666303555,1.621636245581127,0.00228172851751413,0.0009844195210492283,-0.0006372167245318988,-0.003880489215694153,10
2017-03-31,0.031112209463519728,1.7538417141620375,0.03076144112068732,0.02935836774935769,0.027604526035195653,0.024096842606871578,10
2017-05-01,-0.010750958105200594,1.8188024826579043,-0.011114718601732175,-0.012569760587858499,-0.014388563070516404,-0.01802616803583221,10
2017-05-30,0.012430064285252328,1.7235408700670949,0.012085356111238909,0.010706523415185232,0.008982982545118139,0.005535900804983948,10
2017-06-27,-0.014404678686939511,1.6536569717707446,-0.01473541008129366,-0.016058335658710256,-0.017711992630481,-0.02101930657402249,10
2017-07-26,0.0031343061421546157,1.7732035928143712,0.0027796654235917413,0.0013611025493402444,-0.00041210104347412686,-0.00395850822910287,10
2017-08-23,0.012587312782338596,1.7385439763488542,0.012239603987068826,0.010848768805989742,0.009110224829640887,0.00563313687694318,10
2017-09-21,-0.014741643235522494,1.6778270509977828,-0.01507720864572205,-0.016419470286520278,-0.01809729733751806,-0.021452951439513625,10
2017-10-19,-0.020091581664516845,1.73986856516977,-0.020439555377550798,-0.021831450229686616,-0.023571318794856386,-0.027051055925195924,10
2017-11-16,-0.039169067013139325,1.7011690903906473,-0.03950930083121745,-0.040870236103529974,-0.04257140519392062,-0.04597374337470191,10
2017-12-15,0.02185658802470737,1.7169161155586492,0.02151320480159564,0.020139671909148723,0.018422755793590075,0.014988923562472774,10
2018-01-17,-0.03738378759336439,1.7948400412796697,-0.03774275560162032,-0.03917862763464406,-0.040973467675923726,-0.044563147758483065,10
2018-02-14,-0.0026716320034151876,1.797116547923108,-0.003031055312999809,-0.004468748551338296,-0.006265865099261404,-0.009860098195107619,10
2018-03-15,0.02639588328422722,1.7777922077922077,0.02604032484266878,0.024618091076435013,0.022840298868642805,0.01928471445305839,10
2018-04-13,-0.04157107384857964,1.7267207792207793,-0.04191641800442379,-0.043297794627800416,-0.045024515407021196,-0.048477956965462754,10
2018-05-11,-0.02592922705733008,1.6045977011494252,-0.026250146597559965,-0.027533824758479507,-0.029138422459628933,-0.03234761786192778,10
2018-06-11,0.008819570215783931,1.6425486678626007,0.008491060482211411,0.00717702154792133,0.005534472880058729,0.0022493755443335284,10
2018-07-10,0.0007057412767022628,1.5620933087783917,0.00039332261494658447,-0.000856352032076129,-0.002418445340854521,-0.005542631958411304,10
2018-08-07,-0.03931906071885648,1.7009821976672805,-0.039659257158389936,-0.04102004291652376,-0.04272102511419104,-0.0461229895095256,10
2018-09-05,0.020284967095547442,1.5978512171902624,0.01996539685210939,0.01868711587835718,0.017089264661166916,0.013893562226786393,10
2018-10-03,-0.025798971817043485,1.7692179921599893,-0.026152815415475483,-0.027568189809203475,-0.029337407801363465,-0.032875843785683444,10
2018-10-31,0.0047375015094608935,1.849943525347153,0.004367512804391463,0.0028875579841137404,0.0010376144587665873,-0.002662272591927719,10
2018-11-29,-0.003718192506685553,1.8229725026105115,-0.0040827870072076555,-0.005541165009296065,-0.007364137511906576,-0.011010082517127599,10
2018-12-31,0.01598285116749493,1.5339366515837103,0.01567606383717819,0.01444891451591122,0.01291497786432751,0.00984710456116009,10
2019-01-30,-0.03332171802980299,1.8113470240167073,-0.03368398743460633,-0.0351330650538197,-0.0369444120778364,-0.04056710612586981,10
2019-02-28,-0.012163060210370258,1.7100766703176342,-0.012505075544433784,-0.013873136880687892,-0.015583213551005526,-0.019003366891640797,10
2019-03-28,0.015194191857619803,1.7670017108639864,0.014840791515447005,0.013427190146755816,0.01166018843589183,0.008126185014163857,10
2019-04-26,-0.060567491627222435,1.7970131166238952,-0.06092689425054722,-0.06236450474384633,-0.06416151786047022,-0.06775554409371802,10
2019-05-24,-0.04494242935839245,1.738517892364046,-0.045290132936865256,-0.04668094725075649,-0.04841946514312054,-0.05189650092784863,10
2019-06-24,0.011173131747324403,1.8280853761622993,0.010807514672091944,0.009345046371162104,0.007516960994999804,0.0038607902426752057,10
2019-07-23,-0.018242413341757954,1.7098941219423147,-0.018584392166146418,-0.019952307463700268,-0.021662201585642582,-0.025081989829527213,10
2019-08-20,0.052877705605192483,1.7311448531508413,0.05253147663456231,0.051146560752041645,0.0494154158988908,0.045953126192589115,10
2019-09-18,0.05194987495037316,1.713358996293128,0.051607203151114535,0.05023651595408003,0.0485231569577869,0.04509643896520065,10
2019-10-16,-0.06520241552523949,1.7668711656441718,-0.06555578975836833,-0.06696928669088366,-0.06873615785652784,-0.07226990018781618,10
2019-11-13,0.027983445422343316,1.7142645971914263,0.027640592502905032,0.02626918082515189,0.024554916227960463,0.02112638703357761,10
2019-12-12,0.02339479299726566,1.7595411586465621,0.02304288476553635,0.0216352518386191,0.019875710679972534,0.016356628362679412,10
2020-01-13,-0.05537788104311968,1.7228680821441003,-0.0557224546595485,-0.05710074912526378,-0.05882361720740788,-0.062269353371696076,10
2020-02-11,0.01207945438171125,1.651896971806474,0.011749074987349955,0.010427557409904776,0.008775660438098302,0.005471866494485353,10
2020-03-11,-0.059527851004128114,1.8427528294998177,-0.059896401570028075,-0.06137060383362793,-0.06321335666312775,-0.06689886232212738,10
2020-04-08,0.045012637699514656,1.8247535596933189,0.04464768698757599,0.04318788413982134,0.04136313058012802,0.03771362346074138,10
2020-05-07,0.32393613759601914,1.7944140197152245,0.3235772547920761,0.3221417235763039,0.3203473095565887,0.31675848151715824,10
2020-06-05,0.15653655790999485,1.946884789418726,0.1561471809521111,0.15458967312057612,0.1526427883311574,0.14874901875231994,10
2020-07-06,-0.0900052282713064,1.7465879515013014,-0.09035454586160666,-0.0917518162228077,-0.093498404174309,-0.09699158007731161,10
2020-08-03,0.0650986528060441,1.673205103789754,0.06476401178528615,0.06342544770225435,0.06175224259846459,0.058405832390885086,10
2020-08-31,0.02676484876670944,1.8491396693103912,0.026395020832847362,0.02491570909739905,0.023066569428088657,0.019368290089467874,10
2020-09-29,-0.025805625468055926,1.638817733990148,-0.026133389014853955,-0.027444443202046073,-0.02908326093603622,-0.032360896404016515,10
2020-10-27,-0.08034472662701568,1.787717569786535,-0.08070227014097299,-0.08213244419680221,-0.08392016176658876,-0.08749559690616182,10
2020-11-24,-0.03399768960076743,1.8096478563806415,-0.03435961917204356,-0.03580733745714808,-0.037616985313528715,-0.04123628102629,10
2020-12-23,-0.035751426987029544,1.7430421603747588,-0.0361000354191045,-0.0374944691474043,-0.03923751130777906,-0.04272359562852858,10
2021-01-25,0.10623710654559045,1.6537062551667125,0.1059063652945571,0.10458340029042373,0.10292969403525702,0.0996222815249236,10
2021-02-23,-0.07303372563171294,1.8566795103155633,-0.07340506153377606,-0.07489040514202851,-0.07674708465234406,-0.0804604436729752,10
2021-03-23,0.02652334563240222,1.751764148709448,0.026172992802660333,0.024771581483692774,0.023019817334983324,0.01951628903756443,10
2021-04-21,-0.053672675133751686,1.7224721761780724,-0.0540171695689873,-0.05539514730992976,-0.05711761948610783,-0.06056256383846398,10
2021-05-19,-0.06577937810778384,1.760956390328152,-0.06613156938584946,-0.06754033449811199,-0.06930129088844014,-0.07282320366909645,10
2021-06-17,9.327316586418485e-05,1.7158271459857914,-0.00024989226333297347,-0.0016225539801216066,-0.003338381126107398,-0.006770035418078981,10
2021-07-16,-0.07356270168657218,1.7601492537313432,-0.07391473153731845,-0.07532285094030353,-0.07708300019403487,-0.08060329870149756,10
2021-08-13,0.04231603899661768,1.6257711442786071,0.04199088476776196,0.04069026785233907,0.03906449670806046,0.035812954419503246,10
2021-09-13,-0.014341396402580005,1.7856362486343513,-0.014698523652306875,-0.016127032651214356,-0.01791266889984871,-0.02148394139711741,10
2021-10-11,0.016469086161079827,1.6597938144329896,0.01613712739819323,0.014809292346646838,0.013149498532213848,0.00982991090334787,10
2021-11-08,0.011154287789594309,1.7422680412371134,0.010805834181346886,0.009412019748357196,0.007669751707120082,0.004185215624645855,10
2021-12-07,-0.16519536932124212,1.773592386994449,-0.16555008779864103,-0.16696896170823658,-0.16874255409523103,-0.17228973886921992,10
2022-01-05,-0.0864547464378917,1.634549299497753,-0.08678165629779125,-0.08808929573738945,-0.0897238450368872,-0.0929929436358827,10
2022-02-03,-0.00022256737906181483,1.8509384086703675,-0.0005927550607958883,-0.0020735057877321822,-0.00392444419640255,-0.007626321013743285,10
2022-03-04,0.062021271004930975,1.7925531914893615,0.0616627603666331,0.060228717813441614,0.05843616462195225,0.05485105823897353,10
2022-04-01,-0.008763870579513047,1.7452774179620034,-0.009112926063105448,-0.01050914799747505,-0.012254425415437054,-0.015744980251361063,10
2022-05-02,-0.07832060159023872,1.7660837651122625,-0.07867381834326118,-0.08008668535535099,-0.08185276912046324,-0.08538493665068778,10
2022-05-31,0.1085755480577163,1.7385368073728527,0.10822784069624172,0.10683701125034345,0.10509847444297059,0.10162140082822489,10
2022-06-29,-0.01974124929957382,1.8079417453635225,-0.020102837648646524,-0.02154919104493734,-0.023357132790300866,-0.02697301628102791,10
2022-07-28,0.008474008230055903,1.7746535564372374,0.008119077518768456,0.0066993546736186654,0.004924701117181428,0.0013753940043069535,10
2022-08-25,-0.014132216768262384,1.4175239755884919,-0.014415721563380082,-0.015549740743850876,-0.01696726471943937,-0.01980231267061635,10
2022-09-23,-0.03107089663420278,1.6652136006974718,-0.031403939354342277,-0.03273611023490025,-0.03440132383559773,-0.03773175103699267,10
2022-10-21,0.050230040910157876,1.7335788827501535,0.049883325133607846,0.048496462027407726,0.04676288314465757,0.04329572537915726,10
2022-11-18,-0.002616673105208446,1.6979366463237433,-0.002956260434473195,-0.004314609751532189,-0.006012546397855933,-0.00940841969050342,10
2022-12-19,-0.017958895509905287,1.7520778843359488,-0.018309311086772476,-0.019710973394241237,-0.021463051278577186,-0.02496720704724908,10
2023-01-19,-0.029787914353300634,1.7168270373010215,-0.030131279760760837,-0.03150474139060166,-0.03322156842790268,-0.03665522250250472,10
2023-02-16,-0.02370127096151332,1.7099021197381856,-0.024043251385460956,-0.025411173081251508,-0.02712107520098969,-0.030540879440466063,10
2023-03-17,0.03735809212263749,1.7212351216146282,0.03701384509831457,0.03563685700102286,0.033915621879408234,0.03047315163617898,10
2023-04-17,-0.039033350396147797,1.8230694037145652,-0.03939796427689071,-0.04085641979986236,-0.04267948920357693,-0.04632562801100606,10
2023-05-15,0.012936576989061154,1.6548970155527534,0.012605597585950604,0.011281679973508402,0.009626782957955647,0.006316988926850141,10
2023-06-13,-0.0022401150754933555,1.8027982946015735,-0.0026006747344136704,-0.004042913370094929,-0.005845711664696503,-0.00945130825389965,10
2023-07-13,0.05278129453809459,1.609495962127541,0.05245939534566908,0.05117179857596705,0.04956230261383951,0.04634331068958442,10
2023-08-10,-0.012065779322373512,1.8047340573656363,-0.01242672613384664,-0.013870513379739149,-0.015675247437104786,-0.019284715551836057,10
2023-09-08,-0.007279658661724293,1.6896562308164518,-0.007617589907887584,-0.008969314892540745,-0.010658971123357196,-0.0140382835849901,10
2023-10-06,0.022212586337369604,1.8146067415730336,0.021849664989054995,0.020397979595796572,0.018583372854223536,0.014954159371077469,10
2023-11-03,-0.007704994852479349,1.7640449438202244,-0.008057803841243393,-0.009469039796299573,-0.011233084740119798,-0.014761174627760247,10
2006-01-19,0.018295878252474175,1.0,0.018095878252474176,0.017295878252474174,0.016295878252474173,0.014295878252474175,11
2006-02-16,-0.0167059541092671,1.8675503288818018,-0.01707946417504346,-0.018573504438148904,-0.020441054767030703,-0.02417615542479431,11
2006-03-17,-0.04158961319452643,1.8328350275729188,-0.041956180200041014,-0.04342244822209935,-0.04525528324967226,-0.048920953304818104,11
2006-04-17,0.004653637677996534,1.7737599139669311,0.004298885695203148,0.002879877764029603,0.001106117850062672,-0.0024414019778711904,11
2006-05-15,-0.027949704967886905,1.7632831841553989,-0.028302361604717986,-0.029712988152042305,-0.0314762713361977,-0.0350028377045085,11
2006-06-13,0.06790775456338728,1.7855646543515522,0.06755064163251698,0.06612218990903573,0.06433662525468417,0.060765495945981074,11
2006-07-12,-0.004953478615819089,1.6248754235598963,-0.005278453700531069,-0.006578354039378986,-0.008203229462938881,-0.011452980310058675,11
2006-08-09,0.009246321243504867,1.8439306358381504,0.008877535116337237,0.007402390607666717,0.005558459971828566,0.0018705987001522654,11
2006-09-07,-0.0029724316468623785,1.7792629027658968,-0.003328284227415558,-0.004751694549628276,-0.006530957452394173,-0.010089483257925967,11
2006-10-05,0.04815527795940382,1.7790134017678927,0.047799475279050235,0.046376264557635924,0.04459725115586803,0.041039224352332246,11
2006-11-02,0.005660285475028927,1.756250840166689,0.005309035306995589,0.003904034634862238,0.002147783794695549,-0.0013647178856378292,11
2006-12-01,0.058530951274683225,1.7692179921599893,0.05817710767625123,0.056761733282523236,0.054992515290363246,0.05145407930604327,11
2007-01-03,-0.017947055338151198,1.7290213274865458,-0.018292859603648508,-0.019676076665637744,-0.02140509799312429,-0.02486314064809738,11
2007-02-01,0.0031039218888684037,1.722457627118644,0.0027594303634446747,0.0013814642617497597,-0.0003409933653688844,-0.0037859086196061725,11
2007-03-02,-0.016113875264164454,1.7180082256169213,-0.016457476909287838,-0.017831883489781375,-0.019549891715398296,-0.022985908166632138,11
2007-03-30,-0.008659219241412658,1.7180082256169213,-0.009002820886536042,-0.01037722746702958,-0.012095235692646502,-0.015531252143880344,11
2007-04-30,-0.0075380093644605625,1.6417339566510838,-0.00786635615579078,-0.009179743321111647,-0.01082147727776273,-0.014104945191064897,11
2007-05-29,-0.00588234033289884,1.8133462282398454,-0.00624500957854681,-0.007695686561138686,-0.009509032789378532,-0.013135725245858222,11
2007-06-26,-0.03562713087056591,1.81819408462867,-0.035990769687491646,-0.03744532495519458,-0.03926351903982325,-0.04289990720908059,11
2007-07-25,-0.002559604070007932,1.7142163212435233,-0.0029024473342566365,-0.004273820391251455,-0.005988036712494978,-0.009416469354982025,11
2007-08-22,0.028188597239934964,1.887446197991392,0.027811108000336687,0.026301151041943572,0.02441370484395218,0.020638812447969397,11
2007-09-20,0.046907865718267064,1.7262553802008607,0.04656261464222689,0.045181610338066204,0.043455354957865344,0.040002844197463625,11
2007-10-18,-0.023546393665606204,1.8166830870279145,-0.023909730283011788,-0.02536307675263412,-0.027179759839662032,-0.030813126013717863,11
2007-11-15,0.04326267036090677,1.8668508287292815,0.04288930019516091,0.04139581953217749,0.03952896870344821,0.03579526704598965,11
2007-12-14,-0.03363015116760042,1.8170963781461018,-0.033993570443229634,-0.03544724754574652,-0.03726434392389262,-0.040898536680184824,11
2008-01-15,0.039482584894655434,1.7317761457908336,0.03913622966549727,0.0377508087488646,0.036019032603073764,0.0325554803114921,11
2008-02-13,-0.07226151019096579,1.7406484618962195,-0.07260963988334503,-0.074002158652862,-0.07574280711475823,-0.07922410403855067,11
2008-03-13,0.033209468796083656,1.7692844329280446,0.032855611909498046,0.03144018436315561,0.029670899930227566,0.02613233106437148,11
2008-04-11,-0.03627791548605842,1.827838827838828,-0.03664348325162618,-0.03810575431389725,-0.03993359314173607,-0.04358927079741373,11
2008-05-09,-0.11843546598928902,1.5437919342038815,-0.11874422437612979,-0.1199792579234929,-0.12152304985769678,-0.12461063372610454,11
2008-06-09,-0.05994481971359717,1.5180722891566265,-0.06024843417142849,-0.061462892002753795,-0.06298096429191043,-0.06601710887022368,11
2008-07-08,0.023683695664941364,1.7071927573424581,0.02334225711347287,0.021976502907598904,0.02026931015025645,0.01685492463557153,11
2008-08-05,-0.025828165888251556,1.79081123467351,-0.026186328135186256,-0.027618977122925065,-0.029409788357598575,-0.032991410826945594,11
2008-09-03,-0.09424672108860971,1.4174301998412813,-0.09453020712857796,-0.09566415128845099,-0.09708158148829227,-0.09991644188797483,11
2008-10-01,-0.06522714593944086,1.6971329952099181,-0.06556657253848285,-0.06692427893465078,-0.0686214119298607,-0.07201567792028053,11
2008-10-29,-0.023842754926035572,1.6970625528317835,-0.02418216743660193,-0.025539817478867355,-0.027236880031699138,-0.030631005137362707,11
2008-11-26,0.05011660942152924,1.8507538150395293,0.049746458658521335,0.04826585560648971,0.04641510179145018,0.042713594161371125,11
2008-12-26,0.05384214417819255,1.7903714510155986,0.053484069887989434,0.052051772727176954,0.050261401276161355,0.04668065837413016,11
2009-01-27,-0.05254540022321271,1.7744064922480622,-0.052900281521662325,-0.05431980671546077,-0.05609421320770883,-0.05964302619220496,11
2009-02-25,-0.0027460620117829,1.7531428571428573,-0.0030966905832114713,-0.0044992048689257574,-0.006252347726068615,-0.009758633440354329,11
2009-03-25,-0.130046236776561,1.821138211382114,-0.1304104644188374,-0.1318673749879431,-0.13368851319932523,-0.13733078962208944,11
2009-04-23,0.05008986516804206,1.6769230769230772,0.049754480552657444,0.04841294209111898,0.046736019014195905,0.043382172860349746,11
2009-05-21,0.008822000467836155,1.686676798378926,0.00848466510816037,0.007135323669457229,0.005448646871078303,0.0020752932743204515,11
2009-06-19,0.036606979919833596,1.9431104356636268,0.03621835783270087,0.03466386948416997,0.03272075904850634,0.028834538177179087,11
2009-07-20,-0.03219740600724697,1.9331122166943064,-0.032584028450585834,-0.03413051822394128,-0.03606363044063558,-0.0399298548740242,11
2009-08-17,-0.016656309650289518,1.8139773895169578,-0.01701910512819291,-0.018470287039806476,-0.020284264429323434,-0.02391221920835735,11
2009-09-15,-0.015638262157001436,1.7565775950668039,-0.015989577676014798,-0.01739483975206824,-0.019151417347135043,-0.02266457253726865,11
2009-10-13,0.005692792468432595,1.6803444782168186,0.005356723572789232,0.004012447990215776,0.002332103511998958,-0.0010285854444346794,11
2009-11-10,-0.008636042379790683,1.7283896658896656,-0.008981720312968617,-0.010364432045680348,-0.012092821711570015,-0.015549601043349345,11
2009-12-09,0.0640853681963546,1.7983197358197356,0.06372570424919066,0.062287048460534865,0.060488728724715134,0.05689208925307566,11
2010-01-08,0.06089940916164152,1.9048948046371832,0.06051843020071408,0.05899451435700434,0.05708961955236715,0.053279829943092785,11
2010-02-08,0.005348147690917409,1.8557501824627256,0.0049769976544248645,0.0034923975084546837,0.001636647325991958,-0.0020748530389334933,11
2010-03-09,-0.018796444030529807,1.8161522325442014,-0.019159674477038646,-0.020612596263074007,-0.02242874849561821,-0.026061052960706613,11
2010-04-07,-0.009770287438151176,1.7215423465423467,-0.010114595907459644,-0.011491829784693522,-0.01321337213123587,-0.016656456824320563,11
2010-05-05,-0.031743667121996055,1.7031195538515163,-0.03208429103276636,-0.03344678667584757,-0.03514990622969909,-0.03855614533740212,11
2010-06-03,-0.010335896758379242,1.5922496857980728,-0.010654346695538856,-0.011928146444177315,-0.013520396129975389,-0.01670489550157153,11
2010-07-01,0.07713425669014001,1.7991621281943864,0.07677442426450114,0.07533509456194562,0.07353593243375124,0.06993760817736247,11
2010-07-30,0.012864662323671096,1.7947757466786536,0.012505707174335365,0.011069886576992443,0.00927511083031379,0.0056855593369564816,11
2010-08-27,0.0296320809060846,1.8106950174547762,0.029269941902593646,0.027821385888629827,0.02601069087117505,0.022389300836265495,11
2010-09-27,0.009914295295525821,1.6923572348647486,0.009575823848552871,0.008221938060661071,0.006529580825796324,0.003144866356066826,11
2010-10-25,0.01877791854247269,1.761703680533834,0.018425577806365924,0.017016214861938855,0.015254511181405021,0.011731103820337353,11
2010-11-22,0.006456839986235776,1.8060344827586208,0.0060956330896840515,0.004650805503477155,0.0028447710207185344,-0.0007672979447987073,11
2010-12-21,0.015745647170277294,1.721869829012686,0.015401273204474757,0.014023777341264608,0.012301907512251922,0.00885816785422655,11
2011-01-20,-0.021814098370878027,1.7015535944107374,-0.022154409089760175,-0.023515651965288764,-0.0252172055596995,-0.028620312748520976,11
2011-02-17,-0.00998651705592787,1.7707237438781063,-0.010340661804703492,-0.011757240799805977,-0.013527964543684084,-0.017069412031440294,11
2011-03-18,0.004742498040409898,1.6962714704650188,0.004403243746316894,0.0030462265699448795,0.0013499550994798605,-0.002042587841450177,11
2011-04-15,-0.02698929473891502,1.7214495182237117,-0.027333584642559763,-0.02871074425713873,-0.030432193775362444,-0.033875092811809865,11
2011-05-16,0.0006948914463352669,1.651901565995526,0.0003645111331361617,-0.0009570101196602592,-0.0026089116856557854,-0.005912714817646838,11
2011-06-14,-0.008508222906667869,1.7336865342163357,-0.008854960213511136,-0.010241909440884205,-0.01197559597510054,-0.015442969043533213,11
2011-07-13,-0.029279015154012617,1.6740938799762328,-0.029613833930007865,-0.03095310903398885,-0.032627202913965085,-0.03597539067391755,11
2011-08-10,0.0005361982630822824,1.7343108504398828,0.00018933609299430585,-0.0011981125873576004,-0.002932423437797483,-0.006401045138677249,11
2011-09-08,-0.0011648171964839314,1.7020946795140346,-0.0015052361323867384,-0.0028669118759979658,-0.004569006555512001,-0.00797319591454007,11
2011-10-06,-0.0074728206298103495,1.825503355704698,-0.00783792130095129,-0.009298323985515047,-0.011123827341219746,-0.014774834052629141,11
2011-11-03,-0.0027442444995942703,1.7266331190010251,-0.0030895711233944754,-0.0044708776185952955,-0.006197510737596321,-0.009650776975598371,11
2011-12-02,0.011524403238128901,1.7046764289088334,0.011183467952347134,0.009819726809220067,0.008115050380311234,0.0047056975224935675,11
2012-01-03,0.025657200911667396,1.7965625923372401,0.02529788839319995,0.023860638319330156,0.022064075726992916,0.018470950542318433,11
2012-02-01,0.04595520860313003,1.715096251266464,0.04561218935287674,0.044240112351863564,0.0425250161005971,0.039094823598064175,11
2012-03-01,-0.028461791055927402,1.7626861555432984,-0.028814328287036062,-0.0302244772114707,-0.031987163367014,-0.035512535678100594,11
2012-03-29,-0.018989245768365404,1.633572347858062,-0.019315960237937017,-0.020622818116223466,-0.022256390464081528,-0.025523535159797654,11
2012-04-27,-0.027445110638955588,1.7123287671232876,-0.027787576392380244,-0.029157439406078876,-0.030869768173202163,-0.03429442570744874,11
2012-05-25,-0.008686089313655318,1.6565547128927411,-0.009017400256233866,-0.010342644026548059,-0.0119991987394408,-0.015312308165226282,11
2012-06-25,0.06841887312548779,1.7548015364916774,0.06806791281818945,0.06666407158899612,0.06490927005250444,0.06139966697952108,11
2012-07-24,-0.03453592071459807,1.8515632803915691,-0.03490623337067639,-0.036387483994989644,-0.03823904727538121,-0.04194217383616435,11
2012-08-21,-0.012970779592187967,1.7398602856844958,-0.013318751649324867,-0.014710639877872463,-0.01645050016355696,-0.019930220734925952,11
2012-09-19,0.013040038554604142,1.6391929934313416,0.012712199955917875,0.0114008455611728,0.009761652567741459,0.006483266580878776,11
2012-10-17,0.005898348627972287,1.6801544483232838,0.005562317738307631,0.004218194179649004,0.0025380397313257198,-0.0008222691653208478,11
2012-11-16,0.023540650615888236,1.883634824923305,0.023163923650903574,0.02165701579096493,0.019773380966041625,0.016006111316195015,11
2012-12-17,0.0009070054406423961,1.7544499723604199,0.0005561154461703121,-0.0008474445317180239,-0.002601894504078444,-0.0061107944487992834,11
2013-01-16,0.014817469137609673,1.6726884226884224,0.014482931453071989,0.01314478071492125,0.011472092292232828,0.008126715446855982,11
2013-02-14,-0.008468643406435166,1.7385923476617855,-0.008816361875967524,-0.010207235754096952,-0.011945828101758737,-0.01542301279708231,11
2013-03-15,0.030990770644721912,1.7504081262470526,0.030640689019472502,0.02924036251847486,0.027489954392227806,0.0239891381397337,11
2013-04-15,-0.03281902480760352,1.7779793216034827,-0.03317462067192422,-0.03459700412920701,-0.036374983450810486,-0.03993094209401745,11
2013-05-13,-0.008209214360723067,1.6901359358661552,-0.008547241547896298,-0.009899350296589223,-0.011589486232455377,-0.014969758104187688,11
2013-06-11,-0.016982735418221664,1.7230742418961311,-0.01732735026660089,-0.018705809660117794,-0.020428883902013927,-0.02387503238580619,11
2013-07-10,0.02597265956145372,1.7654698242933538,0.025619565596595048,0.024207189737160364,0.02244171991286701,0.018910780264280305,11
2013-08-07,-0.006942866945546925,1.7523554876496055,-0.007293338043076847,-0.008695222433196531,-0.010447577920846137,-0.013952288896145347,11
2013-09-05,-0.03912634992116294,1.7069858246328833,-0.03946774708608952,-0.040833335745795826,-0.04254032157042871,-0.04595429321969448,11
2013-10-03,0.010944943718407821,1.7135642135642137,0.010602230875694979,0.009231379504843608,0.007517815291279394,0.0040906868641509666,11
2013-10-31,0.018474481351718284,1.8019761554793403,0.018114086120622416,0.016672505196238942,0.014870529040759603,0.011266576729800921,11
2013-11-29,-0.02202298306607972,1.8119103773584904,-0.02238536514155142,-0.023834893443438213,-0.0256468038207967,-0.029270624575513684,11
2013-12-30,-0.033663950955235125,1.7199145962732922,-0.03400793387448978,-0.035383865551508416,-0.037103780147781706,-0.040543609340328295,11
2014-01-29,-0.00037388550755768427,1.7272727272727275,-0.0007193400530122298,-0.0021011582348304117,-0.003828430962103139,-0.007282976416648594,11
2014-02-27,0.053762348267743745,1.7864539306846998,0.0534050574816068,0.05197589433705904,0.050189440406374346,0.046616532545004946,11
2014-03-27,-0.09505458658044469,1.8532851737186102,-0.09542524361518841,-0.0969078717541633,-0.09876115692788191,-0.10246772727531914,11
2014-04-25,0.004053823543730212,1.7709322325421395,0.003699637097221784,0.0022828913111880723,0.0005119590786459328,-0.003029905386438346,11
2014-05-23,-0.03896659071651407,1.6800657174151152,-0.03930260385999709,-0.04064665643392919,-0.0423267221513443,-0.04568685358617453,11
2014-06-23,0.018361970252597226,1.649616648411829,0.01803204692291486,0.016712353604185395,0.015062736955773568,0.01176350365894991,11
2014-07-22,0.04162101837739515,1.7736794852611104,0.04126628248034293,0.03984733889213404,0.038073659406872934,0.03452630043635071,11
2014-08-19,-0.014953002675624152,1.6757818345054614,-0.015288159042525245,-0.016628784510129613,-0.018304566344635075,-0.021656130013645997,11
2014-09-17,-0.002235081848080513,1.7338777701096544,-0.0025818574021024437,-0.003968959618190167,-0.005702837388299822,-0.009170592928519131,11
2014-10-15,0.016601027919076358,1.7783458304930697,0.016245358752977744,0.014822682088583288,0.013044336258090218,0.009487644597104078,11
2014-11-12,0.0782446484269031,1.8392857142857142,0.07787679128404595,0.07640536271261739,0.07456607699833166,0.07088750556976024,11
2014-12-11,-0.02938424805528199,1.7559523809523807,-0.029735438531472466,-0.03114020043623437,-0.032896152817186754,-0.03640805757909151,11
2015-01-12,0.02980483780602676,1.5182926829268295,0.029501179269441395,0.02828654512309993,0.026768252440173102,0.02373166707431944,11
2015-02-10,0.011737517086960192,1.8967479674796748,0.011358167493464256,0.009840769119480517,0.007944021152000841,0.004150525217041493,11
2015-03-11,0.015775235667206268,1.8549105512960935,0.015404253556947049,0.013920325115910175,0.012065414564614081,0.008355593462021894,11
2015-04-09,-0.0016620832364195241,1.7155184559030712,-0.002005186927600138,-0.003377601692322595,-0.005093120148225667,-0.008524157060031809,11
2015-05-07,-0.0030080857341090476,1.7687376725838266,-0.003361833268625813,-0.004776823406692874,-0.006545561079276701,-0.010083036424444355,11
2015-06-05,-0.03363514024740716,1.7465133260313983,-0.03398444291261344,-0.03538165357343856,-0.037128166899469954,-0.04062119355153275,11
2015-07-06,-0.07997580982798852,1.769450534848183,-0.08032969993495816,-0.0817452603628367,-0.08351471089768489,-0.08705361196738125,11
2015-08-03,0.004712032228285744,1.7230084379775432,0.004367430540690236,0.002989023790308201,0.0012660153523306578,-0.0021800015236244285,11
2015-08-31,0.12422308710722618,1.8475748194014447,0.1238535721433459,0.12237551228782474,0.12052793746842329,0.11683278782962041,11
2015-09-29,0.056603480027899056,1.8766769865841075,0.05622814463058223,0.05472680304131495,0.05285012605473084,0.04909677208156263,11
2015-10-27,0.03232711591534245,1.6591278640059128,0.03199529034254127,0.03066798805133654,0.029008860187330624,0.0256906044593188,11
2015-11-24,-0.04535250064202062,1.6868778280542984,-0.04568987620763148,-0.047039378470074916,-0.04872625629812922,-0.052100011954237815,11
2015-12-23,-0.0015812780465208922,1.6341106856943959,-0.0019081001836597712,-0.003215388732215288,-0.004849499417909684,-0.008117720789298476,11
2016-01-25,0.019412179608814195,1.643984220907298,0.019083382764632735,0.017768195387906898,0.0161242111669996,0.012836242725185004,11
2016-02-23,-0.015146634747307399,1.7995283018867925,-0.015506540407684758,-0.01694616304919419,-0.018745691351080986,-0.02234474795485457,11
2016-03-22,0.014355505756274376,1.808335250364236,0.01399383870620153,0.01254717050591014,0.010738835255545903,0.007122164754817431,11
2016-04-20,0.013223309600158755,1.7028985507246377,0.012882729890013827,0.011520411049434118,0.00981751249870948,0.006411715397260204,11
2016-05-18,0.012926191590410512,1.810962502985431,0.012563999089813427,0.011115229087425082,0.00930426658443965,0.005682341578468788,11
2016-06-16,0.0043905421415486295,1.7031287317888704,0.0040499163951908555,0.002687413409759759,0.0009842846779708888,-0.002421972785606852,11
2016-07-15,0.020787537102221712,1.8245710113179991,0.020422622899958113,0.018962966090903713,0.017138395079585714,0.013489253056949715,11
2016-08-12,0.0025623631187252447,1.661482292807594,0.002230066660163726,0.0009008808259176506,-0.0007606014668899434,-0.004083566052505132,11
2016-09-12,-0.006527919862308836,1.7277816118395828,-0.006873476184676753,-0.00825570147414842,-0.009983483085988003,-0.013439046309667167,11
2016-10-10,0.0020530241498510956,1.7758928571428574,0.0016978455784225242,0.0002771312927082382,-0.0014987615644346192,-0.005050547278720334,11
2016-11-07,0.03373465329998318,1.769138198757764,0.03338082566023163,0.03196551510122542,0.030196376902467653,0.026658100504952126,11
2016-12-06,0.012133042421862151,1.75,0.011783042421862152,0.010383042421862151,0.008633042421862152,0.005133042421862151,11
2017-01-05,0.02628786032256884,1.7906976744186045,0.02592972078768512,0.024497162648150234,0.02270646497373163,0.019125069624894422,11
2017-02-03,-0.020521726413472247,1.6912484700122399,-0.020859976107474695,-0.022212974883484487,-0.023904223353496727,-0.027286720293521208,11
2017-03-06,0.008084840877519352,1.7300339080874398,0.007738834095901864,0.006354806969431912,0.004624773061344472,0.0011647052451695923,11
2017-04-03,0.01960893974245798,1.7539138590289303,0.019258156970652193,0.01785502588342905,0.016101112024400118,0.012593284306342257,11
2017-05-02,-0.022751092707679266,1.8247900693683827,-0.02311605072155294,-0.02457588277704765,-0.02640067284641603,-0.0300502529851528,11
2017-05-31,0.013682962253742227,1.6797006206644762,0.013347022129609332,0.012003261633077751,0.010323561012413274,0.0069641597710843215,11
2017-06-28,0.01504296553394229,1.7327768385460693,0.014696410166233076,0.01331018869539622,0.01157741185685015,0.008111858179758014,11
2017-07-27,-0.008645286351174872,1.715201465201465,-0.008988326644215165,-0.010360487816376338,-0.012075689281577803,-0.015506092211980734,11
2017-08-24,-0.014102754067273997,1.6392712853508904,-0.014430608324344176,-0.015742025352624887,-0.017381296637975777,-0.02065983920867756,11
2017-09-22,-0.031718252411845914,1.6696842735298518,-0.032052189266551886,-0.03338793668537576,-0.03505762095890562,-0.03839698950596532,11
2017-10-20,-0.012733915227059259,1.7941584519897773,-0.013092746917457215,-0.014528073679049036,-0.016322232131038814,-0.01991054903501837,11
2017-11-17,0.009401285306027803,1.6071428571428572,0.009079856734599231,0.007794142448884945,0.006186999591742088,0.0029727138774563733,11
2017-12-18,0.05080467973598868,1.6769317653312072,0.050469293382922435,0.04912774797065747,0.04745081620532626,0.04409695267466385,11
2018-01-18,-0.012325740460934376,1.7004185768387483,-0.012665824176302125,-0.014026159037773125,-0.015726577614611874,-0.01912741476828937,11
2018-02-15,0.011675936606559427,1.734967776227493,0.011328943051313928,0.009940968830331935,0.00820600105410444,0.004736065501649455,11
2018-03-16,0.009170174655382052,1.7054442732408834,0.008829085800733875,0.007464730382141169,0.005759286108900285,0.0023483975624185183,11
2018-04-16,-0.06167425362211093,1.7622303543913713,-0.062026699692989205,-0.0634364839765023,-0.06519871433089368,-0.06872317503967641,11
2018-05-14,-0.02329389395425444,1.5664739884393062,-0.0236071887519423,-0.024860367942693744,-0.026426841931133052,-0.029559789908011662,11
2018-06-12,-0.0013810404426011554,1.6091954022988504,-0.0017028795230609255,-0.002990235844900006,-0.004599431247198856,-0.007817822051796557,11
2018-07-11,0.015251811298911792,1.6786678944137505,0.014916077720029041,0.013573143404498042,0.01189447551008429,0.00853713972125679,11
2018-08-08,-0.046988728110698284,1.806108041743401,-0.04734994971904696,-0.048794836152441685,-0.05060094419418509,-0.05421316027767189,11
2018-09-06,0.027923014120880604,1.7101760989380295,0.027580978901092998,0.026212838021942575,0.024502661923004543,0.021082309725128486,11
2018-10-04,0.05051310500961804,1.775064779748854,0.050158092053668266,0.04873804022986918,0.046962975450120334,0.04341284589062262,11
2018-11-01,0.015304855509109488,1.7924058202112818,0.014946374345067232,0.013512449688898207,0.011720043868686924,0.008135232228264361,11
2018-11-30,-0.010343709038710989,1.689267285861713,-0.010681562495883331,-0.012032976324572703,-0.013722243610434415,-0.01710077818215784,11
2019-01-02,-0.029262886423860133,1.4989906021580228,-0.02956268454429174,-0.030761877026018156,-0.032260867628176176,-0.03525884883249222,11
2019-01-31,-0.05698858704167674,1.7405499477897666,-0.057336697031234694,-0.0587291369894665,-0.060469686937256274,-0.06395078683283581,11
2019-03-01,-0.0137213080200462,1.7539499314623765,-0.014072098006338676,-0.015475257951508578,-0.017229207882970953,-0.020737107745895707,11
2019-03-29,0.005869661273091828,1.7608354719133161,0.005517494178709164,0.0041088258011785115,0.0023479903292651953,-0.0011736806145614372,11
2019-04-29,-0.062153620789924424,1.844739093242087,-0.06252256860857285,-0.06399835988316652,-0.0658430989764086,-0.06953257716289277,11
2019-05-28,-0.0333703036579763,1.578261482107636,-0.03368595595439783,-0.03494856514008394,-0.036526826622191574,-0.039683349586406846,11
2019-06-25,-0.02011391234530576,1.732847280924204,-0.020460481801490602,-0.021846759626229964,-0.023579606907154167,-0.027045301469002577,11
2019-07-24,0.01017764907892174,1.637203358890106,0.009850208407143719,0.008540445720031634,0.006903242361141527,0.003628835643361315,11
2019-08-21,0.0757612488755783,1.7312161391502707,0.07541500564774824,0.07403003273642803,0.07229881659727776,0.0688363843189772,11
2019-09-19,0.05816262995378944,1.6774664955802678,0.057827136654673386,0.05648516345820917,0.0548076969626289,0.05145276397146836,11
2019-10-17,-0.04343429546224207,1.8523062940240855,-0.04380475672104689,-0.04528660175626616,-0.04713890805029024,-0.05084352063833841,11
2019-11-14,-0.026000267164912064,1.6961197339246121,-0.026339491111696985,-0.027696386898836675,-0.029392506632761287,-0.03278474610061051,11
2019-12-13,-0.003658712529990617,1.8017819782122504,-0.004019068925633067,-0.005460494508202868,-0.007262276486415118,-0.010865840442839619,11
2020-01-14,-0.08277049823239571,1.7345979812043162,-0.08311741782863658,-0.08450509621360003,-0.08623969419480434,-0.08970889015721298,11
2020-02-12,0.017119217610830472,1.6518273581621998,0.01678885213919803,0.015467390252668273,0.013815562894506073,0.010511908178181673,11
2020-03-12,0.02806464104652837,1.8851770719240597,0.027687605632143557,0.02617946397460431,0.024294286902680248,0.02052393275883213,11
2020-04-09,-0.08592539396924746,1.9038308924320038,-0.08630616014773386,-0.08782922486167946,-0.08973305575411147,-0.09354071753897547,11
2020-05-08,0.25601866615445096,1.8499386768631414,0.25564867841907835,0.25416872747758784,0.25231878880072467,0.24861891144699838,11
2020-06-08,0.30786132518961884,1.9534203726370185,0.3074706411150914,0.3059079048169818,0.3039544844443448,0.3000476436990708,11
2020-07-07,-0.04861145614000147,1.602272727272727,-0.04893191068545602,-0.0502137288672742,-0.051816001594546926,-0.05502054704909238,11
2020-08-04,0.01614649979608788,1.7499999999999998,0.01579649979608788,0.014396499796087881,0.012646499796087882,0.009146499796087882,11
2020-09-01,0.01047755992020205,1.7799435407984943,0.010121571212042352,0.008697616379403557,0.006917672838605062,0.0033577857570080737,11
2020-09-30,-0.031072880035640904,1.684761904761905,-0.031409832416593286,-0.03275764194040281,-0.03444240384516471,-0.03781192765468852,11
2020-10-28,0.08955357818691413,1.7421346469622332,0.08920515125752168,0.0878114435399519,0.08606930889298967,0.0825850395990652,11
2020-11-25,0.019544679148444852,1.8330540037243948,0.019178068347699972,0.01771162514472046,0.015878571140996063,0.012212463133547274,11
2020-12-24,-0.09343605258767188,1.7152603731551102,-0.0937791046623029,-0.09515131296082699,-0.09686657333398209,-0.10029709408029232,11
2021-01-26,0.1212152372411594,1.6905483604298706,0.12087712756907343,0.11952468888072953,0.11783414052029965,0.11445304379943992,11
2021-02-24,-0.12100751260708979,1.828622668579627,-0.12137323714080572,-0.12283613527566942,-0.12466475794424904,-0.1283220032814083,11
2021-03-24,0.018335874981964127,1.8285987565758013,0.017970155230648967,0.016507276225388324,0.014678677468812525,0.011021479955660921,11
2021-04-22,-0.0015354716775829464,1.6574605451936872,-0.001866963786621684,-0.003192932222776634,-0.004850392767970321,-0.008165313858357694,11
2021-05-20,-0.07537784769079058,1.7492092059336823,-0.07572768953197731,-0.07712705689672426,-0.07887626610265794,-0.0823746845145253,11
2021-06-18,0.020734450872542935,1.6486298808824316,0.02040472489636645,0.019085820991660504,0.017437191110778072,0.014139931349013209,11
2021-07-19,-0.056726726049707646,1.8142713567839195,-0.05708958032106443,-0.05854099740649157,-0.06035526876327549,-0.06398381147684333,11
2021-08-16,0.05500833913059919,1.7138442211055278,0.054665570286378085,0.05329449490949366,0.05158065068838813,0.04815296224617707,11
2021-09-14,-0.049022408991440024,1.7033129904097644,-0.049363071589521974,-0.05072572198184979,-0.05242903497225955,-0.05583566095307908,11
2021-10-12,-0.011355234825599688,1.669221729608461,-0.01168907917152138,-0.013024456555208149,-0.01469367828481661,-0.018032121744033534,11
2021-11-09,-0.0019861485777446855,1.752043160087602,-0.002336557209762206,-0.0037381917378322875,-0.00549023489791989,-0.008994321218095094,11
2021-12-08,-0.14308066051655857,1.7889505683320115,-0.14343845063022498,-0.14486961108489058,-0.1466585616532226,-0.15023646278988662,11
2022-01-06,-0.09675967906629646,1.5831350779804387,-0.09707630608189255,-0.0983428141442769,-0.09992594922225734,-0.1030922193782182,11
2022-02-04,0.014626421549994535,1.825270948982289,0.014261367360198077,0.012801150601012246,0.010975879652029957,0.007325337754065379,11
2022-03-07,0.15397208008306348,1.8143082292018464,0.1536092184372231,0.15215777185386165,0.15034346362465978,0.1467148471662561,11
2022-04-04,0.09585343878697018,1.8402061855670102,0.09548539754985678,0.09401323260140318,0.09217302641583616,0.08849261404470214,11
2022-05-03,-0.06803561487222856,1.8402061855670104,-0.06840365610934196,-0.06987582105779558,-0.07171602724336258,-0.0753964396144966,11
2022-06-01,0.10820606305977033,1.7050485883502962,0.10786505334210027,0.10650101447142003,0.10479596588306975,0.10138586870636915,11
2022-06-30,0.036043024549716834,1.8390546834569605,0.03567521361302544,0.03420396986625988,0.03236491518280291,0.02868680581588899,11
2022-07-29,0.015520428370540613,1.751758209822726,0.015170076728576069,0.013768670160717887,0.012016911950895161,0.00851339553124971,11
2022-08-26,0.006388823345944204,1.557832025573961,0.006077256940829411,0.004830991320370243,0.003273159294796282,0.00015749524364835985,11
2022-09-26,0.03808259786129794,1.7572217378668993,0.03773115351372456,0.036325376123431036,0.03456815438556414,0.03105371090983034,11
2022-10-24,0.05432840004226545,1.8454556493230527,0.05395930891240084,0.0524829443929424,0.05063748874361934,0.046946577444973235,11
2022-11-21,-0.01785598464527896,1.6924149956408021,-0.01819446764440712,-0.019548399640919763,-0.021240814636560565,-0.02462564462784217,11
2022-12-20,0.022202069447871384,1.5738157512351063,0.02188730629762436,0.020628253696636276,0.01905443794540117,0.01590680644293096,11
2023-01-20,0.020248454548929783,1.7002554050843433,0.019908403467912915,0.01854819914384544,0.016847943738761095,0.01344743292859241,11
2023-02-17,-0.015748979285238978,1.7632202052091557,-0.01610162332628081,-0.017512199490448133,-0.01927541969565729,-0.0228018601060756,11
2023-03-20,0.01789854853483714,1.7667454688731286,0.017545199441062514,0.016131803065964012,0.014365057597090882,0.010831566659344625,11
2023-04-18,-0.0544159979343022,1.7189575593830915,-0.05475978944617882,-0.05613495549368529,-0.05785391305306838,-0.06129182817183457,11
2023-05-16,-0.008265119348275262,1.647134517607181,-0.008594546251796698,-0.009912253865882443,-0.011559388383489624,-0.014853657418703987,11
2023-06-14,-0.008267385284546763,1.7370143517684502,-0.008614788154900454,-0.010004399636315213,-0.011741413988083663,-0.015215442691620564,11
2023-07-14,0.05904973790150075,1.6695585390829448,0.05871582619368416,0.0573801793624178,0.05571062082333486,0.05237150374516897,11
2023-08-11,-0.007481605156916954,1.8613323472522472,-0.007853871626367404,-0.009342937504169202,-0.011204269851421448,-0.014926934545925943,11
2023-09-11,-0.016184265512667568,1.6564456721915284,-0.016515554647105874,-0.017840711184859095,-0.019497156857050627,-0.02281004820143368,11
2023-10-09,0.016262600360194814,1.7689963816415921,0.015908801083866494,0.014493603978553222,0.01272460759691163,0.009186614833628445,11
2023-11-06,-0.050428094236516674,1.7802323366977717,-0.05078414070385623,-0.05220832657321445,-0.05398855890991222,-0.05754902358330776,11
2006-01-20,0.01897114459362521,0.9999999999999999,0.01877114459362521,0.01797114459362521,0.016971144593625212,0.01497114459362521,12
2006-02-17,-0.03664331081987718,1.7720454545454545,-0.03699771991078627,-0.038415356274422635,-0.040187401728968085,-0.043731492638059,12
2006-03-20,-0.04104570188110103,1.7777597402597403,-0.041401253829152974,-0.04282346162136077,-0.04460122136162051,-0.04815674084213999,12
2006-04-18,-0.0015933816902878929,1.6848275862068964,-0.0019303472075292722,-0.0032782092764947895,-0.004963036862701686,-0.00833269203511548,12
2006-05-16,-0.05464302099130143,1.802513806893925,-0.055003523752680215,-0.056445534798195356,-0.05824804860508928,-0.06185307621887713,12
2006-06-14,0.04087297629003518,1.5714467085634483,0.040558686948322493,0.039301529581471734,0.037730082872908285,0.03458718945578139,12
2006-07-13,-0.02092479225732425,1.6537107168958873,-0.02125553440070343,-0.022578502974220135,-0.024232213691116024,-0.0275396351249078,12
2006-08-10,0.02006552241298916,1.7100416722677778,0.019723514078535603,0.01835548074072138,0.016645439068453602,0.013225355723918048,12
2006-09-08,0.012073232823948368,1.762644406875176,0.011720703942573333,0.010310588417073191,0.008547944010198014,0.005022655196447663,12
2006-10-06,0.022285972252249566,1.749073282007414,0.021936157595848084,0.020536898970242152,0.018787825688234738,0.015289679124219909,12
2006-11-03,0.009343427292449615,1.7924390405953095,0.008984939484330552,0.007550988251854305,0.0057585492112589955,0.0021736711300683765,12
2006-12-04,0.050509461750803106,1.7806790246495248,0.0501533259458732,0.04872878272615358,0.046948103701504054,0.043386745652205,12
2007-01-04,-0.0002429619187995192,1.8549200161312003,-0.0006139459220257592,-0.0020978819349307194,-0.00395280195106192,-0.00766264198332432,12
2007-02-02,0.007058859001831536,1.8415190035952747,0.006690555201112481,0.005217339998236261,0.003375820994640986,-0.0003072170125495632,12
2007-03-05,-0.0022647642924802746,1.8695652173913044,-0.0026386773359585356,-0.004134329509871579,-0.006003894727262884,-0.009743025162045492,12
2007-04-02,0.002361362532489138,1.7826086956521738,0.0020048407933587033,0.0005787538368369641,-0.0012038548588152098,-0.004769072250119558,12
2007-05-01,-0.008039276691542075,1.724364033756299,-0.008384149498293334,-0.009763640725298374,-0.011488004759054673,-0.01493673282656727,12
2007-05-30,0.004774074479909422,1.7919842985550116,0.004415677620198419,0.0029820901813544104,0.0011901058827993986,-0.0023938627143106246,12
2007-06-27,-0.04596853306183117,1.746701565087335,-0.04631787337484864,-0.047715234626918505,-0.04946193619200584,-0.05295533932218051,12
2007-07-26,-0.020087721377104416,1.6999893168099995,-0.020427719240466418,-0.021787710693914417,-0.023487700010724415,-0.026887678644344416,12
2007-08-23,0.019097335366101142,1.8623587365980876,0.018724863618781524,0.017234976629503056,0.015372617892904967,0.011647900419708791,12
2007-09-21,0.022265197631194705,1.7495170481985898,0.021915294221554988,0.020515680582996115,0.018766163534797525,0.015267129438400345,12
2007-10-19,-0.03512593496464144,1.822463054187192,-0.03549042757547888,-0.03694839801882863,-0.038770861073015826,-0.04241578718139021,12
2007-11-16,0.03854668384828136,1.844782074892572,0.03817772743330285,0.036701901773388786,0.03485711969849622,0.031167555548711073,12
2007-12-17,-0.03449128706253061,1.8170963781461018,-0.034854706338159826,-0.03630838344067671,-0.03812547981882281,-0.041759672575115016,12
2008-01-16,0.014233147582958804,1.801611587107303,0.013872825265537344,0.0124315359958515,0.010629924408744197,0.007026701234529592,12
2008-02-14,-0.06848446889810128,1.7983854893362567,-0.06884414599596853,-0.07028285438743753,-0.0720812398767738,-0.07567801085544631,12
2008-03-14,0.04832692928435338,1.7116470666400905,0.04798459987102536,0.046615282217713286,0.0449036351510732,0.041480341017793014,12
2008-04-14,-0.02146615527495551,1.8336855452240068,-0.02183289238400031,-0.023299840820179517,-0.025133526365403523,-0.028800897455851536,12
2008-05-12,-0.13305586024768545,1.6155760767621383,-0.13337897546303787,-0.13467143632444759,-0.13628701240120972,-0.139518164554734,12
2008-06-10,-0.10723317867773942,1.4597070918404156,-0.1075251200961075,-0.10869288576957983,-0.11015259286142025,-0.11307200704510108,12
2008-07-09,-0.18520194942945306,1.8392857142857144,-0.1855698065723102,-0.18704123514373877,-0.18888052085802448,-0.19255909228659593,12
2008-08-06,-0.049199732906099275,1.5119047619047616,-0.049502113858480225,-0.05071163766800404,-0.0522235424299088,-0.05524735195371832,12
2008-09-04,-0.1972394924102223,1.3907542058739661,-0.1975176432513971,-0.19863024661609627,-0.20002100082197022,-0.20280250923371815,12
2008-10-02,-0.02727164294393857,1.4110453791212756,-0.027553852019762824,-0.028682688323059844,-0.03009373370218112,-0.03291582446042367,12
2008-10-30,0.013699632364563915,1.8498665319962486,0.013329659058164665,0.011849765832567666,0.009999899300571418,0.006300166236578921,12
2008-11-28,0.017201582909304434,1.8395078299776286,0.01683368134330891,0.015362075079326805,0.013522567249349176,0.009843551589393918,12
2008-12-29,0.08350065317142479,1.8655033105150938,0.08312755250932177,0.0816351498609097,0.07976964655039459,0.07603863992936441,12
2009-01-28,-0.023845118342810827,1.826771653543307,-0.024210472673519487,-0.025671889996354134,-0.027498661649897442,-0.031152204956984054,12
2009-02-26,-0.013288268354992186,1.7312835895513063,-0.013634525072902446,-0.015019551944543491,-0.0167508355340948,-0.02021340271319741,12
2009-03-26,-0.07768611519435865,1.7974691843692632,-0.0780456090312325,-0.07948358437872792,-0.08128105356309719,-0.0848759919318357,12
2009-04-24,0.027275312090041314,1.7624779800352322,0.026922816494034267,0.025512834110006082,0.02375035612997085,0.020225400169900386,12
2009-05-22,0.013290231926279943,1.6986639260020553,0.012950499141079532,0.011591568000277887,0.009892904074275833,0.006495576222271721,12
2009-06-22,0.0776993577947239,1.8567831449126413,0.07732800116574137,0.07584257464981126,0.07398579150489862,0.07027222521507333,12
2009-07-21,-0.03463793370181577,1.8952979463584332,-0.035016993291087456,-0.0365332316481742,-0.038428529594532634,-0.0422191254872495,12
2009-08-18,0.05939121494892008,1.7785714285714285,0.059035500663205794,0.05761264352034865,0.05583407209177722,0.05227692923463437,12
2009-09-16,-0.0014348296764724283,1.8714285714285714,-0.0018091153907581427,-0.0033062582479009995,-0.005177686819329571,-0.008920543962186714,12
2009-10-14,0.026704405039437454,1.6993833504624871,0.026364528369344956,0.025005021688974966,0.02330563833851248,0.019906871637587503,12
2009-11-11,-0.01463824674708254,1.688649425287356,-0.014975976632140012,-0.016326896172369897,-0.01801554559765725,-0.021392844448231967,12
2009-12-10,0.03078834737817742,1.6886494252873563,0.03045061749311995,0.029099697952890063,0.02741104852760271,0.024033749677027996,12
2010-01-11,0.060183460346008244,1.832857293980747,0.059816888887212094,0.058350603052027494,0.05651774575804675,0.05285203117008526,12
2010-02-09,0.031980312321053424,1.88535457348407,0.03160324140635661,0.030094957747569352,0.028209603174085284,0.024438894027117145,12
2010-03-10,-0.0072333127635098495,1.8312321481335567,-0.007599559193136561,-0.009064544911643406,-0.010895777059776963,-0.014558241356044076,12
2010-04-08,0.012193977184590164,1.7493686868686869,0.011844103447216427,0.010444608497721478,0.00869523981085279,0.005196502437115416,12
2010-05-06,-0.039069077421890655,1.7557511327988844,-0.039420227648450434,-0.04082482855468954,-0.04258057968748842,-0.04609208195308619,12
2010-06-04,-0.002589932983233641,1.6470588235294117,-0.002919344747939523,-0.004236991806763053,-0.005884050630292464,-0.009178168277351288,12
2010-07-02,0.09060642344858988,1.7647058823529411,0.0902534822721193,0.08884171756623693,0.087077011683884,0.08354759991917811,12
2010-08-02,0.004663273245136148,1.8239436619718308,0.004298484512741782,0.0028393295831643174,0.0010153859211924866,-0.002632501402751175,12
2010-08-30,0.02791000812534919,1.7743044536126098,0.027555147234626667,0.02613570367173658,0.02436139921812397,0.02081279031089875,12
2010-09-28,0.011318591478372005,1.7342592592592594,0.010971739626520153,0.009584332219112745,0.007850072959853486,0.004381554441334967,12
2010-10-26,-0.004524436574323129,1.7619643415702222,-0.0048768294426371735,-0.006286400915893351,-0.008048365257463573,-0.011572293940604017,12
2010-11-23,0.05883749346594365,1.7180916391119507,0.05849387513812126,0.0571194018268317,0.055401310187719745,0.05196512690949585,12
2010-12-22,0.03209637986974925,1.7966997609854753,0.03173703991755216,0.030299680108763778,0.028502980347778303,0.024909580825807354,12
2011-01-21,0.004721199942163842,1.8103511674940247,0.004359129708665037,0.0029108487746698176,0.001100497607175793,-0.0025202047278122565,12
2011-02-18,-0.0038654985570639585,1.8315799020497006,-0.004231814537473898,-0.005697078459113659,-0.00752865836116336,-0.011191818165262761,12
2011-03-21,0.020888424411587517,1.6464019851116625,0.020559144014565184,0.019242022426475856,0.01759562044136419,0.014302816471140867,12
2011-04-18,-0.029967312562735673,1.813358147229115,-0.030329984192181497,-0.031780670709964785,-0.033594028857193904,-0.037220745151652135,12
2011-05-17,0.016719127339179237,1.665413870246085,0.01638604456513002,0.015053713468933153,0.013388299598687068,0.010057471858194897,12
2011-06-15,-0.01723489955064015,1.7019867549668874,-0.017575296901633525,-0.018936886305607036,-0.020638873060573923,-0.0240428465705077,12
2011-07-14,-0.00943426444982146,1.7441520467836256,-0.009783094859178186,-0.011178416496605087,-0.012922568543388711,-0.016410872636955964,12
2011-08-11,-0.032120269552162156,1.7570635309488813,-0.03247168225835193,-0.033877333083111034,-0.03563439661405992,-0.03914852367595768,12
2011-09-09,0.0012026019217951755,1.6611546627470195,0.0008703709892457716,-0.000458552740951844,-0.0021197074036988636,-0.005442016729192903,12
2011-10-07,-0.019727061506865866,1.8172458172458172,-0.020090510670315028,-0.021544307324111684,-0.023361553141357502,-0.026996044775849135,12
2011-11-04,0.0006567605499351765,1.733761997949865,0.00031000815034520354,-0.0010770014480146887,-0.002810763445964554,-0.006278287441864284,12
2011-12-05,0.023762359700479328,1.802115366694623,0.023401936627140404,0.021960244333784705,0.020158128967090082,0.016553898233700834,12
2012-01-04,0.030480062379399653,1.612676056338028,0.030157527168132046,0.028867386323061624,0.027254710266723596,0.02402935815404754,12
2012-02-02,0.04121396198984176,1.808960143841774,0.0408521699610734,0.03940500184599998,0.03759604170215821,0.03397812141447466,12
2012-03-02,-0.012975173420398722,1.6995154226073992,-0.013315076504920201,-0.014674688843006121,-0.01637420426561352,-0.01977323511082832,12
2012-03-30,-0.022372049966033015,1.7607865063833752,-0.02272420726730969,-0.024132836472416392,-0.025893622978799765,-0.029415195991566515,12
2012-04-30,-0.0058784023860998695,1.7319792158715164,-0.006224798229274173,-0.007610381601971386,-0.009342360817842902,-0.012806319249585935,12
2012-05-29,-0.0033145365802028353,1.6706884664631143,-0.0036486742734954582,-0.00498522504666595,-0.006655913513129064,-0.009997290446055292,12
2012-06-26,0.048373761642733826,1.7742982719009093,0.048018901988353645,0.046599463370832914,0.04482516509893201,0.04127656855513019,12
2012-07-25,-0.01355432163232358,1.8796823494156427,-0.01393025810220671,-0.015434003981739223,-0.017313686331154866,-0.02107305102998615,12
2012-08-22,-0.016915963345997757,1.8194661661974767,-0.01727985657923725,-0.018735429512195236,-0.02055489567839271,-0.024193828010787663,12
2012-09-20,0.018504827764332543,1.6826712543009072,0.01816829351347236,0.016822156510031636,0.01513948525573073,0.011774142747128914,12
2012-10-18,0.02125035040370175,1.7440425075139543,0.02090154190219896,0.019506307896187795,0.017762265388673842,0.014274180373645933,12
2012-11-19,0.043276938818050996,1.8461786174323742,0.04290770309456452,0.04143076020061862,0.03958458158318625,0.0358922243483215,12
2012-12-18,0.008516089189408124,1.7841901603095636,0.008159251157346212,0.00673189902909856,0.004947708868788997,0.0013793285481698697,12
2013-01-17,-0.021968712099249207,1.8051184926184924,-0.022329735797772907,-0.0237738305918677,-0.025578949084486192,-0.029189186069723178,12
2013-02-15,-0.004009658002862087,1.7541701612151708,-0.004360492035105121,-0.005763828164077257,-0.007517998325292428,-0.01102633864772277,12
2013-03-18,0.040491681278998264,1.7340838852097131,0.04014486450195632,0.03875759739378855,0.03702351350857884,0.03355534573815941,12
2013-04-16,-0.0034720779334903532,1.7672406181015452,-0.0038255260571106622,-0.005239318551591899,-0.007006559169693444,-0.010541040405896533,12
2013-05-14,0.004933111738346907,1.6414128035320086,0.004604829177640505,0.0032916989348148983,0.0016502861312828894,-0.0016325394757811277,12
2013-06-12,-0.02904357635539125,1.6880353200883005,-0.02938118341940891,-0.03073161167547955,-0.03241964699556785,-0.03579571763574445,12
2013-07-11,0.010618997020965503,1.6874628639334524,0.010281504448178814,0.008931534157032052,0.007244071293098599,0.003869145565231694,12
2013-08-08,0.004324698186777164,1.765427383074442,0.003971612710162276,0.002559270803702722,0.0007938434206282798,-0.0027370113455206044,12
2013-09-06,-0.03554495124902084,1.7459044223750106,-0.03589413213349584,-0.037290855671395846,-0.039036760093770856,-0.04252856893852088,12
2013-10-04,0.009258806953271689,1.7200152788388083,0.008914803897503928,0.007538791674432881,0.005818776395594072,0.002378745837916455,12
2013-11-01,-0.01245324693998514,1.7778360074175603,-0.012808814141468651,-0.0142310829474027,-0.01600891895482026,-0.01956459096965538,12
2013-12-02,-0.02264056489064495,1.759493670886076,-0.022992463624822164,-0.024400058561531025,-0.026159552232417102,-0.029678539574189252,12
2013-12-31,-0.009774643883496158,1.692266909035825,-0.010113097265303322,-0.011466910792531983,-0.013159177701567808,-0.01654371151963946,12
2014-01-30,0.00924072242520067,1.6737130339539978,0.00890597981840987,0.007567009391246672,0.005893296357292674,0.002545870289384678,12
2014-02-28,0.03205653671335148,1.823076923076923,0.03169192132873609,0.030233459790274555,0.02841038286719763,0.024764229021043787,12
2014-03-28,-0.10346873896663505,1.782800137598899,-0.10382529899415484,-0.10525153910423396,-0.10703433924183285,-0.11059993951703065,12
2014-04-28,0.025468577568439742,1.6007911936704509,0.025148419329705653,0.02386778637476929,0.022266995181098842,0.019065412793757938,12
2014-05-27,-0.02340879662143227,1.7632298595713232,-0.023761442593346532,-0.02517202648100359,-0.026935256340574917,-0.030461716059717564,12
2014-06-24,-0.005724678318422553,1.7144124168514412,-0.006067560801792841,-0.007439090735273993,-0.009153503152125434,-0.012582327985828317,12
2014-07-23,0.013651172507330884,1.7309965584318419,0.013304973195644516,0.01192017594889904,0.0101891793904672,0.006727186273603516,12
2014-08-20,-0.015413241300760133,1.761746221756696,-0.015765590545111473,-0.017174987522516828,-0.018936733744273525,-0.022460226187786918,12
2014-09-18,0.01762003565528279,1.6984776187230175,0.017280340131538185,0.01592155803655977,0.014223080417836754,0.010826125180390719,12
2014-10-16,0.006559712160034023,1.8165494538380966,0.006196402269266404,0.004743162706195927,0.0029266132523578297,-0.0007064856553183636,12
2014-11-13,0.014220558409074881,1.7359137147391963,0.013873375666127041,0.012484644694335684,0.010748730979596489,0.0072769035501180955,12
2014-12-12,-0.021723798824627473,1.6697568717985716,-0.02205775019898719,-0.023393555696426045,-0.025063312568224617,-0.02840282631182176,12
2015-01-13,0.038518866600601165,1.5192535107169252,0.03821501589845778,0.03699961308988424,0.035480359579167314,0.032441852557733464,12
2015-02-11,-0.02304627158062108,1.7263858093126385,-0.023391548742483607,-0.024772657389933717,-0.026499043199246355,-0.029951814817871632,12
2015-03-12,0.018191754481471346,1.7458926615553123,0.017842575949160284,0.016445861819916033,0.014699969158360722,0.011208183835250098,12
2015-04-10,-0.013992649490540621,1.7971200456230398,-0.01435207349966523,-0.01578976953616366,-0.0175868895817867,-0.021181129673032782,12
2015-05-08,-0.057542663661186995,1.7792985457656116,-0.05789852337034012,-0.05932196220695261,-0.06110126075271822,-0.06465985784424944,12
2015-06-08,-0.006990079589083672,1.772022220619003,-0.0073444840332074724,-0.008762101809702676,-0.010534124030321678,-0.014078168471559686,12
2015-07-07,-0.10416170604642043,1.8099794033619028,-0.10452370192709282,-0.10597168544978233,-0.10778166485314424,-0.11140162365986804,12
2015-08-04,0.016674091647670412,1.7518105109295063,0.01632372954548451,0.014922281136740906,0.0131704706258114,0.009666849603952386,12
2015-09-01,0.11009762536374804,1.8169509223807867,0.10973423517927187,0.10828067444136726,0.10646372351898646,0.10282982167422489,12
2015-09-30,0.029086582154817915,1.8935955447267665,0.028707863045872563,0.02719298661009115,0.02529939106536438,0.021512199975910848,12
2015-10-28,-0.005625209741521106,1.7366826275624723,-0.0059725462670336005,-0.007361892369083578,-0.00909857499664605,-0.012571940251770995,12
2015-11-25,-0.00046939660216485223,1.7696484510964148,-0.0008233262923841352,-0.002239045053261267,-0.004008693504357681,-0.007547990406550511,12
2015-12-24,0.03217415476871555,1.7111381830838845,0.03183192713209878,0.030463016585631667,0.028751878402547785,0.025329602036380017,12
2016-01-26,0.01887579705349345,1.6956444254348446,0.01853666816840648,0.017180152628058606,0.015484508202623759,0.012093219351754069,12
2016-02-24,0.010675385834475836,1.7880822981366462,0.010317769374848507,0.008887303536339191,0.007099221238202544,0.003523056641929251,12
2016-03-23,-0.05186994760590595,1.8081818878920326,-0.052231583983484355,-0.05367812949379798,-0.055486311381690016,-0.05910267515747408,12
2016-04-21,-0.025374442080981958,1.6969940955448202,-0.02571384090009092,-0.027071436176526777,-0.0287684302720716,-0.03216241846316124,12
2016-05-19,0.0348905936494546,1.6846986704880185,0.034553653915356995,0.03320589497896658,0.03152119630847856,0.028151798967502525,12
2016-06-17,-0.00692728672828743,1.7727887907013775,-0.007281844486427705,-0.008700075518988808,-0.010472864309690185,-0.01401844189109294,12
2016-07-18,0.028720928138514363,1.7931633407243162,0.0283622954703695,0.026927764797790046,0.025134601457065732,0.021548274775617098,12
2016-08-15,0.00490882666569968,1.7627124907612712,0.0045562841675474254,0.0031461141749384086,0.0013834016841771375,-0.002142023297345405,12
2016-09-13,-0.0017493016874896425,1.7773176903611687,-0.0021047652255618762,-0.0035266193778508113,-0.005303937068211979,-0.008858572448934317,12
2016-10-11,0.02661063126405022,1.779874213836478,0.026254656421282923,0.02483075705021374,0.02305088283637726,0.019491134408704307,12
2016-11-08,0.004353349539948877,1.748427672955975,0.004003664005357682,0.0026049218669929016,0.0008564941940369269,-0.002640361151875023,12
2016-12-07,0.019575340946977132,1.7507393466863825,0.019225193077639854,0.01782460160029075,0.016073862253604368,0.012572383560231602,12
2017-01-06,-0.0029232126644995,1.7798427207958059,-0.003279181208658661,-0.0047030553852953055,-0.0064828981060911115,-0.010042583547682723,12
2017-02-06,-0.024939613808691495,1.7187822497420022,-0.025283370258639897,-0.0266583960584335,-0.0283771783081755,-0.0318147428076595,12
2017-03-07,-0.01904614259952428,1.7493584260051325,-0.019396014284725305,-0.020795501025529413,-0.022544859451534546,-0.02604357630354481,12
2017-04-04,0.03437538621773918,1.7371685201026519,0.03402795251371865,0.03263821769763653,0.030901049177533876,0.027426712137328575,12
2017-05-03,-0.019502603920259567,1.7475290383089246,-0.01985210972792135,-0.02125013295856849,-0.022997661996877417,-0.026492720073495266,12
2017-06-01,0.03068388096807358,1.6545454545454543,0.03035297187716449,0.029029335513528126,0.027374790058982672,0.02406569914989176,12
2017-06-29,0.015510322265047491,1.7492158540062732,0.015160479094246237,0.013761106411041217,0.012011890557034945,0.008513458849022399,12
2017-07-28,0.008334485868061996,1.7254419731964643,0.007989397473422704,0.006609043894865533,0.004883601921669068,0.0014327179752761394,12
2017-08-25,-0.024572896803807857,1.7177914110429446,-0.024916455086016448,-0.026290688214850803,-0.028008479625893746,-0.031444062447979634,12
2017-09-25,-0.013198568132015216,1.6625766871165644,-0.013531083469438529,-0.01486114481913178,-0.016523721506248343,-0.019848874880481475,12
2017-10-23,-0.004208093064195293,1.7444937176644495,-0.004556991807728183,-0.005952586781859742,-0.007697080499524191,-0.011186067934853092,12
2017-11-20,0.00843435359744468,1.5843899690053536,0.008117475603643608,0.0068499636284393255,0.005265573659433972,0.0020967937214232645,12
2017-12-19,0.014083310164575027,1.7001528137665272,0.013743279601821722,0.012383157350808499,0.010683004537041973,0.0072826989095089185,12
2018-01-19,-0.01130447098353166,1.6772971895555113,-0.011639930421442762,-0.01298176817308717,-0.014659065362642682,-0.018013659741753705,12
2018-02-16,-0.014247179266967037,1.7109826589595376,-0.014589375798758944,-0.015958161925926573,-0.017669144584886113,-0.02109110990280519,12
2018-03-19,0.01524074138521298,1.7926997677484149,0.014882201431663297,0.013448041617464565,0.01165534184971615,0.00806994231421932,12
2018-04-17,-0.05218268134076874,1.798317745276505,-0.052542344889824046,-0.05398099908604525,-0.05577931683132175,-0.05937595232187476,12
2018-05-15,-0.029437565365510072,1.5979192166462668,-0.029757149208839324,-0.03103548458215634,-0.032633403798802606,-0.03582924223209514,12
2018-06-13,-0.017179820186331383,1.7423973727422002,-0.017528299660879824,-0.018922217559073584,-0.020664614931815782,-0.024149409677300185,12
2018-07-12,0.024931022270084268,1.6937306021104903,0.02459227614966217,0.023237291667973777,0.021543561065863286,0.018156099861642308,12
2018-08-09,-0.027255628965169205,1.7268777157045312,-0.02760100450831011,-0.028982506680873737,-0.03070938439657827,-0.03416313982798733,12
2018-09-07,0.034751220910664814,1.69293587847829,0.03441263373496915,0.033058285032186524,0.031365349153708234,0.027979477396751655,12
2018-10-05,0.0417230964303253,1.8095807587535713,0.041361180278574584,0.039913515671571725,0.03810393491281815,0.03448477339531101,12
2018-11-02,0.021013596998903802,1.8444289415985649,0.020644711210584088,0.019169168057305237,0.017324739115706672,0.013635881232509542,12
2018-12-03,0.008229475271568571,1.731912144702842,0.007883092842628003,0.006497563126865729,0.004765650982162887,0.001301826692757203,12
2019-01-03,-0.08950151136139747,1.587260703097807,-0.08981896350201704,-0.09108877206449528,-0.09267603276759309,-0.0958505541737887,12
2019-02-01,-0.02799261673310994,1.7405847546119038,-0.02834073368403232,-0.029733201487721843,-0.03147378624233375,-0.034954955751557555,12
2019-03-04,-0.03259483380194052,1.8139383882836737,-0.03295762147959725,-0.034408772190224195,-0.036222710578507865,-0.03985058735507521,12
2019-04-01,0.015765038849532943,1.6835258055317937,0.015428333688426584,0.014081513044001149,0.012397987238469355,0.009030935627405767,12
2019-04-30,-0.0673050832787409,1.797226974622184,-0.06766452867366533,-0.06910231025336308,-0.07089953722798525,-0.07449399117722963,12
2019-05-29,-0.015600725921312874,1.5427233023386868,-0.015909270581780613,-0.01714344922365156,-0.01868617252599025,-0.02177161913066762,12
2019-06-26,0.025434725927380435,1.750704423781347,0.025084585042624164,0.02368402150359909,0.02193331707981774,0.018431908232255045,12
2019-07-25,0.026824622195150624,1.75815991237678,0.026472990212675268,0.025066462282773844,0.023308302370397063,0.019791982545643502,12
2019-08-22,0.030648075901226438,1.7609780439121758,0.030295880292444004,0.02888709785731426,0.027126119813402086,0.023604163725577734,12
2019-09-20,0.0524697995765253,1.7074779013401766,0.052128303996257265,0.05076232167518512,0.04905484377384495,0.04563988797116459,12
2019-10-18,-0.03308041477083856,1.8098159509202452,-0.03344237796102261,-0.03489023072175881,-0.03670004667267905,-0.04031967857451954,12
2019-11-15,-0.04064826036478775,1.7207317073170731,-0.040992406706251164,-0.04236899207210482,-0.04408972377942189,-0.04753118719405604,12
2019-12-16,-0.004356070331264605,1.6996609191256042,-0.004696002515089726,-0.006055731250390209,-0.007755392169515814,-0.011154714007767023,12
2020-01-15,-0.09084209824857614,1.7050469892098854,-0.09118310764641811,-0.09254714523778602,-0.0942521922269959,-0.09766228620541569,12
2020-02-13,-0.013373378262689414,1.51033762617473,-0.013675445787924359,-0.014883715888864144,-0.016394053515038875,-0.019414728767388333,12
2020-03-13,0.00463341114407605,1.8373493975903614,0.004265941264557978,0.0027960617464856887,0.0009587123488953271,-0.002715986446285396,12
2020-04-13,-0.03301741860469498,1.957831325301205,-0.03340898486975522,-0.034975249929996184,-0.036933081255297394,-0.0408487439058998,12
2020-05-11,0.04986134260740535,1.6920408908360716,0.049522934429238136,0.04816930171656928,0.04647726082573321,0.04309317904406106,12
2020-06-09,0.32498645940808724,1.871923024615803,0.32461207480316406,0.32311453638347143,0.3212426133588556,0.317498767309624,12
2020-07-08,-0.03738847873548379,1.8974025974025974,-0.03776795925496431,-0.03928588133288639,-0.041183283930288986,-0.04497808912509418,12
2020-08-05,0.020283337720461203,1.6071103896103895,0.019961915642539126,0.018676227330850812,0.017069116941240425,0.013854896162019644,12
2020-09-02,0.02018757360580289,1.7145382836937302,0.019844665949064144,0.01847303532210916,0.01675849703841543,0.01332942047102797,12
2020-10-01,0.003074683428894848,1.6724137931034482,0.002740200670274158,0.0014022696357913998,-0.0002701441573120483,-0.0036149717435189446,12
2020-10-29,0.21421146661609708,1.7816091954022986,0.21385514477701661,0.21242985742069478,0.2106482482252925,0.20708502983448787,12
2020-11-27,-0.00898379795822838,1.844103041589075,-0.009352618566546195,-0.010827900999817456,-0.01267200404140653,-0.01636021012458468,12
2020-12-28,-0.07838098406657645,1.6926713947990544,-0.07871951834553627,-0.08007365546137551,-0.08176632685617456,-0.08515166964577267,12
2021-01-27,0.21393579478379812,1.6666666666666665,0.2136024614504648,0.21226912811713144,0.2106024614504648,0.20726912811713147,12
2021-02-25,-0.10219630626745153,1.7885154061624646,-0.10255400934868403,-0.103984821673614,-0.10577333707977646,-0.1093503678921014,12
2021-03-25,-0.0646033489981542,1.6913916786226686,-0.06494162733387873,-0.06629474067677688,-0.06798613235539953,-0.07136891571264488,12
2021-04-23,0.012633672241113066,1.7161166905786702,0.012290448902997332,0.010917555550534395,0.009201438859955726,0.005769205478798385,12
2021-05-21,-0.14504566699385155,1.7604166666666665,-0.14539775032718488,-0.1468060836605182,-0.14856650032718488,-0.15208733366051821,12
2021-06-21,0.001332872861878501,1.6811259806183665,0.0009966476657548278,-0.00034825311873986557,-0.002029379099358232,-0.005391631060594966,12
2021-07-20,-0.08372260657723689,1.6975280442617127,-0.08406211218608924,-0.0854201346214986,-0.08711766266576032,-0.09051271875428374,12
2021-08-17,0.035505350025727564,1.7025024110451248,0.03516484954351854,0.03380284761468244,0.03210034520363732,0.028695340381547065,12
2021-09-15,-0.018474067287897203,1.6222028480092996,-0.018798507857499064,-0.0200962701359065,-0.021718472983915802,-0.0249628786799344,12
2021-10-13,0.01605797846595192,1.7195056131260795,0.015714077343326704,0.014338472852825841,0.012618967239699762,0.009179956013447602,12
2021-11-10,-0.017145249924651683,1.7557210708117441,-0.01749639413881403,-0.018900970995463427,-0.02065669206627517,-0.024168134207898657,12
2021-12-09,-0.02571321154149496,1.7106725068105335,-0.026055346042857065,-0.027423884048305494,-0.02913455655511603,-0.0325559015687371,12
2022-01-07,-0.10292288516054565,1.674216120933711,-0.10325772838473239,-0.10459710128147937,-0.10627131740241308,-0.10961974964428049,12
2022-02-07,0.020676831151921232,1.8502483841675126,0.02030678147508773,0.01882658276775372,0.016976334383586207,0.013275837615251182,12
2022-03-08,0.1061020561169246,1.8081693025372623,0.10574042225641714,0.10429388681438734,0.10248571751185007,0.09886937890677555,12
2022-04-05,0.1427185647981662,1.8338460708117443,0.14235179558400385,0.14088471872735445,0.1390508726565427,0.1353831805149192,12
2022-05-04,-0.04240269975029207,1.797684585492228,-0.04276223666739051,-0.04420038433578429,-0.04599806892127652,-0.04959343809226098,12
2022-06-02,0.16315473426973148,1.6898395721925135,0.162816766355293,0.16146489469753897,0.15977505512534645,0.15639537598096143,12
2022-07-01,0.0778847214033242,1.893048128342246,0.07750611177765575,0.07599167327498195,0.0740986251466397,0.07031252888995522,12
2022-08-01,-0.0471803582887391,1.6763150247021215,-0.047515621293679526,-0.04885667331344122,-0.05053298833814334,-0.05388561838754759,12
2022-08-29,0.029441666089270645,1.4475910693301997,0.029152147875404606,0.027994075019940445,0.026546483950610246,0.023651301811949847,12
2022-09-27,0.06112214412280596,1.8101938895417158,0.06076010534489762,0.05931195023326425,0.05750175634372253,0.0538813685646391,12
2022-10-25,-0.010740909792480442,1.7802197802197803,-0.011096953748524398,-0.012521129572700223,-0.014301349352920004,-0.017861788913359565,12
2022-11-22,-0.012559026812938044,1.6707643126997966,-0.012893179675478003,-0.01422979112563784,-0.015900555438337637,-0.01924208406373723,12
2022-12-21,0.10628068342369791,1.573554199360651,0.10596597258382578,0.10470712922433725,0.10313357502497661,0.09998646662625531,12
2023-01-23,0.012551453615459337,1.760097410311238,0.012199434133397089,0.010791356205148098,0.009031258794836862,0.0055110639742143855,12
2023-02-21,-0.02211581648441943,1.7136785866067634,-0.022458552201740783,-0.023829495071026194,-0.025543173657632957,-0.028970530830846487,12
2023-03-21,-0.007875238134086908,1.6619883040935672,-0.008207635794905622,-0.009537226438180476,-0.011199214742274043,-0.014523191350461177,12
2023-04-19,-0.03125695192215279,1.6937343358395989,-0.03159569878932071,-0.03295068625799239,-0.034644420593831986,-0.03803188926551118,12
2023-05-17,0.001970798580265068,1.6934202358783366,0.0016321145330894006,0.00027737834438673137,-0.0014160418914916052,-0.004802882363248278,12
2023-06-15,-0.037093809187146325,1.7480033627574614,-0.03744340985969782,-0.038841812549903786,-0.040589815912661246,-0.04408582263817617,12
2023-07-17,0.0711008999076661,1.680196836955285,0.07076486054027505,0.06942070307071081,0.06774050623375553,0.06438011255984497,12
2023-08-14,-0.0017840533919953596,1.8345659346910912,-0.002150966578933578,-0.003618619326686451,-0.005453185261377542,-0.009122317130759724,12
2023-09-12,-0.029020304204491785,1.645303867403315,-0.02934936497797245,-0.030665608071895098,-0.032310911939298415,-0.03560151967410505,12
2023-10-10,-0.028391098904353217,1.644893036247064,-0.028720077511602632,-0.030035991940600283,-0.031680884976847346,-0.03497067104934147,12
2023-11-07,-0.06751722622420311,1.8196216593664696,-0.06788115055607641,-0.06933684788356959,-0.07115646954293606,-0.07479571286166899,12
2006-01-23,0.04349754429269778,0.9999999999999999,0.04329754429269778,0.04249754429269778,0.04149754429269778,0.039497544292697785,13
2006-02-21,-0.020420376489827884,1.7835714285714288,-0.02077709077554217,-0.022203947918399313,-0.023987519346970743,-0.027554662204113598,13
2006-03-21,-0.011359174767324358,1.7264935064935065,-0.011704473468623059,-0.013085668273817864,-0.014812161780311372,-0.018265148793298384,13
2006-04-19,0.04107356433294171,1.6946714504019664,0.04073463004286131,0.03937889288253974,0.037684221432137774,0.034294878531333846,13
2006-05-17,-0.025350654838715552,1.8082904843521868,-0.025712312935585988,-0.02715894532306774,-0.028967235807419927,-0.0325838167761243,13
2006-06-15,-0.027800214946186126,1.7011362915000319,-0.02814044220448613,-0.029501351237686158,-0.03120248752918619,-0.03460476011218625,13
2006-07-14,-0.04800575931779974,1.5844794365822867,-0.048322655205116194,-0.049590238754382024,-0.051174718190964315,-0.05434367706412889,13
2006-08-11,0.00978318519863524,1.6673806609547122,0.009449709066444297,0.008115804537680528,0.006448423876725815,0.0031136625548163913,13
2006-09-11,-0.0012422384199025846,1.7505283178360103,-0.0015923440834697867,-0.002992766737738595,-0.0047432950555746055,-0.008244351691246626,13
2006-10-09,0.04171900780466692,1.760942400912461,0.041366819324484425,0.039958065403754454,0.038197123002842,0.034675238201017075,13
2006-11-06,-0.010388334150599908,1.7866254733904725,-0.010745659245278002,-0.012174959623990381,-0.013961585097380854,-0.017534836044161797,13
2006-12-05,0.03509756714720429,1.734801674307355,0.034750606812342814,0.03336276547289693,0.03162796379858958,0.028158360449974867,13
2007-01-05,0.02291392568239463,1.8436281758300848,0.02254520004722861,0.021070297506564542,0.01922666933073446,0.01553941297907429,13
2007-02-05,0.005018350144755893,1.8238636363636362,0.004653577417483165,0.003194486508392256,0.00137062287202862,-0.0022771044006986525,13
2007-03-06,0.009235725417589345,1.8263807285546418,0.008870449271878416,0.007409344689034703,0.005582963960480062,0.001930202503370778,13
2007-04-03,-0.0009627771051641336,1.782961222091657,-0.0013193693495824651,-0.0027457383272557908,-0.004528699549347448,-0.008094621993530763,13
2007-05-02,-0.011946754905121483,1.7258451930583079,-0.012291923943733145,-0.01367260009817979,-0.0153984452912381,-0.018850135677354714,13
2007-05-31,-0.006650124058462147,1.7119126180452837,-0.006992506582071204,-0.00836203667650743,-0.010073949294552714,-0.013497774530643282,13
2007-06-28,-0.03675240232856483,1.751882912237594,-0.03710277891101235,-0.038504285240802426,-0.04025616815304002,-0.04375993397751521,13
2007-07-27,-0.017242918928343873,1.6897067464344855,-0.01758086027763077,-0.01893262567477836,-0.020622332421212843,-0.024001745914081815,13
2007-08-24,-0.0025009910254205786,1.8715066087889578,-0.00287529234717837,-0.004372497634209537,-0.006244004242998494,-0.00998701746057641,13
2007-09-24,0.012217180807063653,1.7238209042579133,0.01187241662621207,0.01049335990280574,0.008769538998547826,0.005321897190032,13
2007-10-22,-0.09500189566893795,1.780845126569663,-0.09535806469425188,-0.09678274079550761,-0.09856358592207727,-0.1021252761752166,13
2007-11-19,0.04825544089801553,1.7658907510862818,0.04790226274779827,0.046489550146929244,0.04472365939584296,0.041191877893670396,13
2007-12-18,-0.05243116184590091,1.76576660459342,-0.05278431516681959,-0.05419692845049433,-0.05596269505508775,-0.05949422826427459,13
2008-01-17,0.0032731725802989395,1.8025608280682888,0.002912660414685282,0.0014706117522306507,-0.00033194907583763804,-0.003937070731974216,13
2008-02-15,-0.08113207948018525,1.861271676300578,-0.08150433381544536,-0.08299335115648583,-0.0848546228327864,-0.08857716618538757,13
2008-03-17,0.0351282016228496,1.7225433526011558,0.03478369295232937,0.033405658270248446,0.03168311491764729,0.02823802821244498,13
2008-04-15,-0.02868332535053119,1.7431921870544627,-0.029031963787942084,-0.030426517537585653,-0.032169709724640116,-0.03565609409874904,13
2008-05-13,-0.09155083320883774,1.5674193781112475,-0.09186431708445998,-0.09311825258694899,-0.09468567196506023,-0.09782051072128273,13
2008-06-11,-0.11154677143037481,1.6515042204747135,-0.11187707227446975,-0.11319827565084953,-0.11484977987132423,-0.11815278831227366,13
2008-07-10,-0.13703435739599823,1.755025662959795,-0.13738536252859018,-0.13878938305895802,-0.1405444087219178,-0.1440544600478374,13
2008-08-07,-0.07175901092313725,1.545551753635586,-0.07206812127386436,-0.07330456267677284,-0.07485011443040841,-0.0779412179376796,13
2008-09-05,-0.17320299373921846,1.3506961979655148,-0.17347313297881156,-0.17455368993718398,-0.1759043861351495,-0.17860577853108053,13
2008-10-03,-0.06766692009154261,1.376706827309237,-0.06794226145700447,-0.06904362691885185,-0.07042033374616109,-0.07317374740077956,13
2008-10-31,0.04128484811773673,1.8308871851040527,0.04091867068071592,0.039453960932632676,0.03762307374752862,0.033961299377320515,13
2008-12-01,-0.14775849700033294,1.7329753914988815,-0.14810509207863273,-0.14949147239183183,-0.15122444778333072,-0.15469039856632846,13
2008-12-30,0.024632102657828996,1.9073941562313654,0.02425062382658272,0.02272470850159763,0.020817314345366263,0.017002526032903535,13
2009-01-29,-0.019194326405391707,1.8671874999999998,-0.019567763905391708,-0.021061513905391707,-0.02292870140539171,-0.026663076405391707,13
2009-02-27,-0.03641735396239284,1.6904761904761907,-0.03675544920048808,-0.03810783015286903,-0.03979830634334522,-0.0431792587242976,13
2009-03-27,-0.11609567427493277,1.8141227380015739,-0.11645849882253308,-0.11790979701293434,-0.11972391975093591,-0.12335216522693906,13
2009-04-27,0.0038369293366251984,1.755079271873165,0.003485913482250565,0.0020818500647520333,0.00032677079287886856,-0.0031833877508674613,13
2009-05-26,0.028219636504808094,1.6700924974306268,0.02788561800532197,0.026549544007377468,0.02487945150994684,0.021539266515085587,13
2009-06-23,0.05489313626031101,1.9212744090441933,0.05450888137850217,0.052971861851266816,0.05105058744222262,0.04720803862413424,13
2009-07-22,0.006821508652696819,1.9027606329255975,0.0064409565261117,0.004918748019771222,0.003015987386845624,-0.0007895338790055708,13
2009-08-19,0.012964313300131751,1.698766700924974,0.012624559959946756,0.011265546599206777,0.009566779898281802,0.006169246496431855,13
2009-09-17,-0.017792089716508756,1.813720452209661,-0.01815483380695069,-0.019605810168718416,-0.02141953062092808,-0.0250469715253474,13
2009-10-15,0.04119764840942638,1.7214285714285713,0.040853362695140664,0.03947621983799781,0.037754791266569235,0.03431193412371209,13
2009-11-12,-0.02215538390234532,1.6447163947163945,-0.0224843271812886,-0.023800100297061717,-0.02544481669177811,-0.0287342494812109,13
2009-12-11,0.011527088084216975,1.756458818958819,0.01117579632042521,0.009770629265258155,0.008014170446299337,0.004501252808381698,13
2010-01-12,0.004744555610481493,1.7876234435379992,0.0043870309217738926,0.0029569321669434935,0.0011693087234054943,-0.002405938163670504,13
2010-02-10,0.027866880110521523,1.8564234326824254,0.02749559542398504,0.0260104566778391,0.02415403324515667,0.020441186379791823,13
2010-03-11,-0.022070968183907694,1.7697163947163947,-0.022424911462850975,-0.02384068457862409,-0.025610400973340483,-0.029149833762773275,13
2010-04-09,0.0020834696740858194,1.6864801864801864,0.001746173636789782,0.0003969894876056329,-0.0012894906988745536,-0.004662451071834927,13
2010-05-07,-0.06484682419027145,1.8218455907981874,-0.06521119330843109,-0.06666866978106964,-0.06849051537186783,-0.0721342065534642,13
2010-06-07,-0.021716167674846232,1.5572499128616242,-0.022027617657418556,-0.023273417587707856,-0.024830667500569482,-0.02794516732629273,13
2010-07-06,0.08512591739537603,1.634083885209713,0.0847991006183341,0.08349183351016631,0.08185774962495661,0.07858958185453718,13
2010-08-03,-0.007870845120784422,1.8297872340425532,-0.008236802567592932,-0.009700632354826976,-0.011530419588869528,-0.015189994056954634,13
2010-08-31,0.02782670624283343,1.8121155249713272,0.027464283137839166,0.026014590717862104,0.024202475192890774,0.02057824414294812,13
2010-09-29,0.01641961331959397,1.7803241734650062,0.016063548484900967,0.014639289146128963,0.012858964972663957,0.009298316625733945,13
2010-10-27,-0.02477547851371114,1.7548222291731834,-0.025126442959545775,-0.026530300742884323,-0.028285122972057507,-0.031794767430403874,13
2010-11-24,0.038443235085451395,1.668965517241379,0.03810944198200312,0.03677426956821002,0.035105304050968636,0.03176737301648588,13
2010-12-23,0.0047806422298986295,1.8378378378378382,0.004413074662331062,0.002942804392060791,0.0011049665542229533,-0.002570709121452723,13
2011-01-24,0.010975215454922674,1.7905405405405403,0.010617107346814566,0.009184674914382133,0.007394134373841593,0.0038130532927605123,13
2011-02-22,-0.0159038787711892,1.7302285506983492,-0.016249924481328868,-0.017634107321887547,-0.019364335872585896,-0.022824792973982596,13
2011-03-22,0.03016790094100569,1.6593465674110837,0.029836031627523473,0.02850855437359461,0.026849207806183523,0.023530514671361358,13
2011-04-19,0.002697397040194176,1.8135235732009924,0.002334692325553977,0.0008838734669931834,-0.0009296501062078092,-0.004556697252609794,13
2011-05-18,-0.029856354857285917,1.718881431767338,-0.030200131143639387,-0.03157523628905325,-0.033294117720820596,-0.03673188058435527,13
2011-06-16,0.028686294057194136,1.788515162077379,0.02832859102477866,0.026897778895116756,0.02510926373303938,0.02153223340888462,13
2011-07-15,-0.029291302332949375,1.679738562091503,-0.029627250045367676,-0.030971040895040877,-0.03265077945713238,-0.03601025658131539,13
2011-08-12,-0.002656684699468649,1.8033540272514719,-0.0030173555049189437,-0.004460038726720121,-0.006263392753971593,-0.009870100808474537,13
2011-09-12,0.014708096497815454,1.7144239296944288,0.014365211711876569,0.012993672568121025,0.011279248638426597,0.007850400779037738,13
2011-10-10,-0.016035125126006005,1.7953126456061876,-0.01639418765512724,-0.017830437771612192,-0.019625750417218382,-0.023216375708430756,13
2011-11-07,-0.007466227394808872,1.6925729195787904,-0.0078047419787246304,-0.009158800314387663,-0.010851373233966453,-0.014236519073124034,13
2011-12-06,0.02072652672211136,1.8021619606746806,0.020366094329976422,0.018924364761436677,0.017122202800761998,0.013517878879412637,13
2012-01-05,0.016029690954685927,1.6541304564978525,0.015698864863386355,0.014375560498188075,0.012721430041690221,0.009413169128694516,13
2012-02-03,0.030871958639324654,1.7124002757805574,0.030529478584168542,0.029159558363544096,0.02744715808776354,0.024022357536202424,13
2012-03-05,-0.0033703430733415286,1.66554841114528,-0.0037034527555705847,-0.005035891484486809,-0.006701439895632089,-0.01003253671792265,13
2012-04-02,-0.014093671922348906,1.712887894883981,-0.014436249501325701,-0.015806559817232887,-0.017519447712116866,-0.02094522350188483,13
2012-05-01,0.004520871748149724,1.812883141762452,0.004158295119797233,0.0027079886063872717,0.0008951054646248197,-0.0027306608189000842,13
2012-05-30,-0.005437690536521306,1.719491775829804,-0.005781588891687266,-0.00715718231235111,-0.008876674088180915,-0.012315657639840522,13
2012-06-27,0.05290468122320192,1.7247028268904203,0.05255974065782383,0.0511799783963115,0.04945527556942108,0.046005869915640235,13
2012-07-26,0.010594246570306904,1.801768055139347,0.010233892959279034,0.008792478515167557,0.006990710460028211,0.0033871743497495164,13
2012-08-23,-0.01602342933102089,1.8482952768220207,-0.016393088386385295,-0.01787172460784291,-0.01972001988466493,-0.023416610438308973,13
2012-09-21,0.037766250451285864,1.7186946095297673,0.037422511529379913,0.0360475558417561,0.03432886123222633,0.030891472013166794,13
2012-10-19,-0.00514987822931605,1.8536389008158007,-0.00552060600947921,-0.0070035171301318505,-0.008857156030947652,-0.012564433832579252,13
2012-11-20,0.02876043225669829,1.7875161013310434,0.02840292903643208,0.026972916155367246,0.025185400054036203,0.021610367851374115,13
2012-12-19,-0.004541822314722509,1.7694306246545053,-0.00489570843965341,-0.006311252939377015,-0.008080683564031521,-0.011619544813340531,13
2013-01-18,-0.00844062411318448,1.7614005712597263,-0.008792904227436425,-0.010202024684444207,-0.011963425255703933,-0.015486226398223385,13
2013-02-19,-0.0012516464169070032,1.6993756406672256,-0.0015915215450404484,-0.0029510220575742286,-0.004650397698241455,-0.008049148979575906,13
2013-03-19,0.04266622501656312,1.7189709172259509,0.04232243083311793,0.04094725409933717,0.03922828318211122,0.03579034134765932,13
2013-04-17,0.0001063910391289934,1.7725727069351231,-0.0002481235022580312,-0.0016661816678061297,-0.003438754374741253,-0.006983899788611499,13
2013-05-15,-0.021676066029211773,1.6547461368653424,-0.02200701525658484,-0.023330812166077117,-0.024985558302942457,-0.028295050576673142,13
2013-06-13,-0.050383990929468214,1.654878587196468,-0.05071496664690751,-0.052038869516664685,-0.05369374810386115,-0.05700350527825408,13
2013-07-12,0.014467354483758544,1.720779220779221,0.014123198639602699,0.012746575262979322,0.011025796042200102,0.007584237600641659,13
2013-08-09,0.015408700281511404,1.7792207792207793,0.015052856125667247,0.013629479502290624,0.011850258723069846,0.008291817164628287,13
2013-09-09,-0.018802039387268304,1.7783719548425432,-0.01915771377823681,-0.020580411342110846,-0.02235878329695339,-0.025915527206638478,13
2013-10-07,0.008632897845856767,1.657142857142857,0.008301469274428196,0.00697575498871391,0.005318612131571053,0.002004326417285339,13
2013-11-04,-0.020041892487271583,1.7177672955974843,-0.02038544594639108,-0.02175965978286907,-0.02347742707846655,-0.02691296166966152,13
2013-12-03,-0.037968335905935215,1.7616745283018869,-0.03832067081159559,-0.0397300104342371,-0.04149168496253899,-0.04501503401914276,13
2014-01-02,0.012347894802805823,1.717071877603575,0.012004480427285108,0.010630822925202248,0.008913751047598673,0.005479607292391523,13
2014-01-31,-0.0023824584931737133,1.7461117196056957,-0.0027316808370948524,-0.0041285702127794085,-0.0058746819323851045,-0.009366905371596495,13
2014-03-03,-0.015750820542153397,1.7946680426556587,-0.016109754150684528,-0.017545488584809057,-0.019340156627464716,-0.022929492712776032,13
2014-03-31,-0.10158540258505179,1.6653594771241829,-0.10191847448047663,-0.10325076206217597,-0.10491612153930016,-0.10824684049354852,13
2014-04-29,0.008684683478483602,1.5687434737208492,0.008370934783739433,0.007115940004762753,0.005547196531041904,0.002409709583600205,13
2014-05-28,-0.039559419719129615,1.8480413895048042,-0.039929027997030575,-0.04140746110863442,-0.043255502498139226,-0.046951585277148836,13
2014-06-25,-0.016435505175016542,1.7630450849963046,-0.016788114192015802,-0.018198550260012845,-0.019961595345009152,-0.02348768551500176,13
2014-07-24,-0.01634104016216128,1.76137213826126,-0.016693314589813532,-0.01810241230042254,-0.0198637844386838,-0.023386528715206318,13
2014-08-21,-0.005734635690062434,1.8105641179111176,-0.006096748513644658,-0.007545199807973552,-0.00935576392588467,-0.012976892161706905,13
2014-09-19,-0.0157969891888604,1.615827007131355,-0.01612015459028667,-0.017412816195991755,-0.01902864320312311,-0.02226029721738582,13
2014-10-17,0.024405040687600556,1.7981445458626366,0.02404541177842803,0.022606896141737918,0.020808751595875283,0.01721246250415001,13
2014-11-14,-0.025735246073672714,1.6497261774370209,-0.02606519130916012,-0.027384972251109734,-0.029034698428546755,-0.0323341507834208,13
2014-12-15,-0.024754580517182895,1.6794815626140929,-0.025090476829705714,-0.02643406207979699,-0.02811354364241108,-0.03147250676763927,13
2015-01-14,0.04311104576946091,1.540598758671048,0.0428029260177267,0.041570447010789865,0.04002984825211882,0.03694865073477672,13
2015-02-12,-0.040454302980079175,1.7705001825483753,-0.04080840301658885,-0.04222480316262755,-0.04399530334517593,-0.047536303710272676,13
2015-03-13,0.04257052245395015,1.7672512118619903,0.04221707221157775,0.04080327124208816,0.039036020030226166,0.035501517606502185,13
2015-04-13,-0.016238794561422104,1.7852509267179926,-0.016595844746765703,-0.018024045488140097,-0.01980929641485809,-0.023379798268294075,13
2015-05-11,-0.04405534403290153,1.701739378386085,-0.04439569190857875,-0.04575708341128762,-0.0474588227896737,-0.05086230154644587,13
2015-06-09,0.006343559764387351,1.7615126889078985,0.005991257226605771,0.004582047075479452,0.002820534386571554,-0.000702490991244243,13
2015-07-08,-0.0995376119467989,1.7873563218390807,-0.09989508321116672,-0.10132496826863799,-0.10311232459047706,-0.10668703723415522,13
2015-08-05,0.03858219060085069,1.7011494252873565,0.03824196071579322,0.03688104117556333,0.03517989175027598,0.031777592899701265,13
2015-09-02,0.07118603435947733,1.8346327880264532,0.07081910780187205,0.06935140157145088,0.06751676878342443,0.06384750320737152,13
2015-10-01,0.01079450354795917,1.7932126696832578,0.010435861014022519,0.009001290878275912,0.007208078208592654,0.0036216528692261385,13
2015-10-29,-0.0361904455614479,1.8060606060606061,-0.03655165768266002,-0.037996506167508506,-0.03980256677356911,-0.04341468798569032,13
2015-11-27,0.0038177100716078223,1.7193826632449387,0.0034738335389588345,0.0020983274083628835,0.00037894474511794476,-0.003059820581371933,13
2015-12-28,0.0477886103653456,1.7436555460507557,0.04743987925613545,0.046044954819294846,0.04430129927324409,0.04081398818114258,13
2016-01-27,0.0011328256177411265,1.6107784431137724,0.0008106699291183721,-0.0004779528253726459,-0.0020887312684864183,-0.005310288154713964,13
2016-02-25,0.04915456313161678,1.7769726247987117,0.048799168606657034,0.047377590506818064,0.045600617882019356,0.042046672632421934,13
2016-03-24,0.017736783064323438,1.7397438846714208,0.017388834287389153,0.015997039179652017,0.014257295294980595,0.010777807525637754,13
2016-04-22,0.0031185398821411033,1.7895866881374127,0.0027606225445136207,0.0013289531940036904,-0.00046063349413372244,-0.004039806870408548,13
2016-05-20,0.035513368533633446,1.6470822386752646,0.03518395208589839,0.03386628629495818,0.03221920405628292,0.028925039578932388,13
2016-06-20,-0.009682688057790587,1.79874213836478,-0.010042436485463543,-0.011481430196155367,-0.013280172334520148,-0.01687765661124971,13
2016-07-19,0.0058043544551988555,1.6932515337423313,0.005465704148450389,0.004111102921456524,0.0024178513877141927,-0.00096865167977047,13
2016-08-16,-0.005842437231933041,1.7177914110429446,-0.00618599551414163,-0.007560228642975985,-0.00927802005401893,-0.01271360287610482,13
2016-09-14,0.05712907724930624,1.7391304347826089,0.05678125116234972,0.05538994681452363,0.05365081637974103,0.050172555510175805,13
2016-10-12,0.00456634036838398,1.7491352201257864,0.004216513324358823,0.0028172051482581936,0.001068069928132407,-0.002430200512119166,13
2016-11-09,0.032767974722363466,1.7739386792452831,0.03241318698651441,0.030994036043118182,0.0292200973638729,0.025672220005382333,13
2016-12-08,0.05108929143190159,1.7519766128496443,0.05073889610933167,0.04933731481905195,0.0475853382062023,0.04408138498050301,13
2017-01-09,-0.006113052265713804,1.8213075543153279,-0.00647731377657687,-0.007934359820029132,-0.00975566737434446,-0.013398282482975116,13
2017-02-07,-0.024480274369745984,1.5882352941176467,-0.024797921428569514,-0.02606850966386363,-0.027656744957981278,-0.03083321554621657,13
2017-03-08,-0.019156919576084418,1.7298535459202076,-0.01950289028526846,-0.020886773122004626,-0.022616626667924834,-0.026076333759765247,13
2017-04-05,0.0504666585899783,1.7535170622610203,0.050115955177526095,0.04871314152771728,0.04695962446545626,0.04345259034093422,13
2017-05-04,-0.024415425809617808,1.7474929658754779,-0.024764924402792904,-0.026162918775493284,-0.027910411741368765,-0.03140539767311972,13
2017-06-02,0.02890579837917309,1.6898743532889875,0.02856782350851529,0.027215924025884103,0.025526049672595114,0.02214630096601714,13
2017-06-30,0.03063626691397346,1.7491445680068436,0.030286438000372094,0.028887122345966618,0.027137977777959774,0.023639688641946086,13
2017-07-31,0.026973487794213085,1.7256558311947536,0.026628356627974133,0.02524783196301833,0.02352217613182358,0.02007086446943407,13
2017-08-28,0.009177453509350396,1.7847080209043398,0.008820511905169528,0.007392745488446055,0.005608037467541716,0.0020386214257330365,13
2017-09-26,0.04613841101903027,1.6880143648062247,0.04580080814606902,0.044450396654224046,0.04276238228941782,0.03938635355980537,13
2017-10-24,-0.0048682829649027305,1.8066812705366924,-0.005229619219010069,-0.0066749642354394225,-0.008481645505976115,-0.0120950080470495,13
2017-11-21,0.000762222113162736,1.5631395753567698,0.00044959419809138205,-0.0008009174621940339,-0.0023640570375508037,-0.0054903361882643435,13
2017-12-20,0.02215563758881899,1.6829778752242377,0.021819042013774142,0.02047265971359475,0.018789681838370514,0.015423726087922038,13
2018-01-22,-0.019963441864929373,1.6483622350674376,-0.02029311431194286,-0.02161180409999681,-0.02326016633506425,-0.026556890805199122,13
2018-02-20,-0.021447708196079777,1.7062653644276127,-0.0217889612689653,-0.02315397356050739,-0.024860238924935003,-0.028272769653790226,13
2018-03-20,0.010658684278443664,1.776536312849162,0.01030337701587383,0.008882147965594502,0.00710561165274534,0.003552539027047015,13
2018-04-18,-0.018234289509550018,1.7821229050279328,-0.018590714090555602,-0.02001641241457795,-0.021798535319605884,-0.025362781129661748,13
2018-05-16,-0.01465010779790212,1.6466594972442532,-0.014979439697350971,-0.016296767295146373,-0.017943426792390627,-0.021236745786879133,13
2018-06-14,-0.02311849935693336,1.7195730706075532,-0.02346241397105487,-0.02483807242754091,-0.026557645498148465,-0.02999679163936357,13
2018-07-13,0.014511077145644246,1.7326194909993795,0.01416455324744437,0.012778457654644866,0.011045838163645487,0.0075805991816467275,13
2018-08-10,-0.010526790207890512,1.7826815642458103,-0.010883326520739674,-0.012309471772136323,-0.014092153336382132,-0.017657516464873752,13
2018-09-10,0.013083052976014054,1.7233738622018473,0.012738378203573684,0.011359679113812207,0.009636305251610359,0.006189557527206665,13
2018-10-08,0.04492224681960741,1.7922397182911434,0.04456379887594918,0.043130007101316266,0.04133776738302512,0.03775328794644284,13
2018-11-05,0.007685310403583187,1.849943525347153,0.007315321698513756,0.005835366878236034,0.0039854233528888805,0.00028553630219457435,13
2018-12-04,0.010538220300159799,1.686046511627907,0.010201010997834218,0.008852173788531892,0.0071661272769039846,0.00379403425364817,13
2019-01-04,0.044200369841620145,1.769926905673512,0.043846384460485444,0.04243044293594663,0.04066051603027312,0.0371206622189261,13
2019-02-04,-0.004209951257624778,1.7699269056735119,-0.00456393663875948,-0.00597987816329829,-0.0077498050689718025,-0.011289658880318826,13
2019-03-05,-0.0211367834130327,1.801745905778804,-0.02149713259418846,-0.022938529318811504,-0.02474027522459031,-0.028343767036147917,13
2019-04-02,0.0024123802834009785,1.749073282007414,0.0020625656269994954,0.0006633070013935644,-0.0010857662806138496,-0.004583912844628678,13
2019-05-01,-0.04719893124657675,1.8568577131451383,-0.04757030278920578,-0.04905578895972189,-0.05091264667286703,-0.054626362099157305,13
2019-05-30,-0.013812642417364698,1.6412532078699744,-0.014140893058938694,-0.015453895625234674,-0.01709514883310465,-0.020377655248844596,13
2019-06-27,0.02649121462434842,1.8386441402908469,0.02612348579629025,0.024652570484057574,0.022813926343766725,0.01913663806318503,13
2019-07-26,0.037462462804728466,1.6393838828367362,0.037134586028161116,0.03582307892189173,0.034183695039054995,0.03090492727338152,13
2019-08-23,-0.022139437785536224,1.7355169179712864,-0.022486541169130483,-0.02387495470350751,-0.025610471621478798,-0.02908150545742137,13
2019-09-23,0.052181770732524495,1.7357333525719645,0.0518346240620101,0.05044603737995253,0.048710304027380566,0.04523883732223664,13
2019-10-21,0.012288923145364075,1.732520325203252,0.011942419080323424,0.010556402820160824,0.008823882494957571,0.005358841844551068,13
2019-11-18,-0.0017545216274293778,1.7644395764877694,-0.0021074095427269317,-0.003518961203917147,-0.005283400780404917,-0.008812279933380456,13
2019-12-17,-0.015258647695832704,1.7409638554216869,-0.015606840466917042,-0.01699961155125439,-0.018740575406676077,-0.02222250311751945,13
2020-01-16,-0.07649122581356237,1.6972386587771202,-0.07683067354531779,-0.07818846447233949,-0.0798857031311166,-0.08328018044867085,13
2020-02-14,0.030508934945041314,1.643984220907298,0.030180138100859854,0.028864950724134017,0.027220966503226716,0.023932998061412122,13
2020-03-16,0.18262431922754732,1.866958744067178,0.1822509274787339,0.18075736048348015,0.17889040173941295,0.1751564842512786,13
2020-04-14,-0.05846628588287986,1.8965262379896526,-0.05884559113047779,-0.06036281212086951,-0.06225933835885916,-0.06605239083483846,13
2020-05-12,0.11067704298268922,1.744826311899483,0.11032807772030932,0.10893221667078974,0.10718739035889026,0.10369773773509129,13
2020-06-10,0.27436287250393265,1.9243506051951584,0.2739780023828936,0.2724385218987375,0.2705141712935423,0.266665470083152,13
2020-07-09,0.01673476668207604,1.9255500821018061,0.016349656665655677,0.014809216599974234,0.012883666517872427,0.009032566353668815,13
2020-08-06,0.04907780729518384,1.6738587848932676,0.048743035538205186,0.04740394851029057,0.0457300897253973,0.04238237215561077,13
2020-09-03,0.0012848499538002634,1.7377600979192167,0.0009372979342164201,-0.00045291014411895326,-0.00219067024203817,-0.005666190437876603,13
2020-10-02,0.03007255519816881,1.6196266028835293,0.029748629877592102,0.028452928595285278,0.026833301992401748,0.02359404878663469,13
2020-10-30,0.1501780744659529,1.7291209886386285,0.1498322502682252,0.1484489534773143,0.14671983248867565,0.1432615905113984,13
2020-11-30,-0.04726743135702455,1.8553693358162633,-0.0476385052241878,-0.049122800692840814,-0.05097817002865707,-0.0546889087002896,13
2020-12-29,-0.06161593736357174,1.7258980785296574,-0.06196111697927767,-0.0633418354421014,-0.06506773352063105,-0.06851952967769037,13
2021-01-28,0.1324357474547484,1.7403119602763386,0.13208768506269314,0.13069543549447207,0.12895512353419572,0.12547449961364304,13
2021-02-26,-0.14094028352884436,1.748768472906404,-0.14129003722342565,-0.14268905200175075,-0.14443782047465717,-0.14793535742046998,13
2021-03-26,0.02289269516946006,1.7062888570062174,0.02255143739805882,0.021186406312453845,0.019480117455447626,0.016067539741435193,13
2021-04-26,0.04572376982678647,1.7505260640841702,0.04537366461396963,0.0439732437627023,0.04222271769861813,0.03872166557044979,13
2021-05-24,-0.06760976070088494,1.6834520725388598,-0.06794645111539271,-0.0692932127734238,-0.07097666484596266,-0.07434356899104037,13
2021-06-22,-0.004748894823034343,1.6558478182843666,-0.005080064386691216,-0.00640474264131871,-0.008060590459603076,-0.011372286096171809,13
2021-07-21,-0.08598815428582318,1.7070707070707072,-0.08632956842723732,-0.0876952249928939,-0.08940229569996459,-0.092816437114106,13
2021-08-18,0.03718704259100822,1.5606060606060608,0.036874921378887,0.03562643653040216,0.034065830469796096,0.030944618348583974,13
2021-09-16,-0.07238729739495474,1.7301656495204882,-0.07273333052485884,-0.07411746304447522,-0.07584762869399572,-0.07930795999303669,13
2021-10-14,0.012578054076591655,1.6659849476439792,0.012244857087062858,0.010912069128947675,0.009246084181303696,0.005914114286015738,13
2021-11-11,-0.07377774377802207,1.8015652268760909,-0.07413805682339729,-0.07557930900489816,-0.07738087423177425,-0.08098400468552644,13
2021-12-10,-0.0425212594063178,1.698456390328152,-0.04286095068438343,-0.04421971579664595,-0.0459181721869741,-0.04931508496763041,13
2022-01-10,-0.106353603403624,1.696404969600846,-0.10669288439754417,-0.10805000837322484,-0.1097464133428257,-0.11313922328202738,13
2022-02-08,-0.04591214016356729,1.5992069785884218,-0.04623198155928497,-0.04751134714215571,-0.04911055412074413,-0.05230896807792097,13
2022-03-09,0.004051426201826417,1.660728357536868,0.003719280530319043,0.0023906978442895487,0.0007299694867526807,-0.0025914872283210556,13
2022-04-06,0.04927720053560416,1.6137107329842932,0.0489544583890073,0.04766348980261986,0.046049779069635574,0.04282235760366698,13
2022-05-05,-0.02458838145093993,1.8591568499127402,-0.02496021282092248,-0.026447538300852672,-0.02830669515076541,-0.03202500885059089,13
2022-06-03,0.08933234194060505,1.6577540106951871,0.08900079113846601,0.08767458792990986,0.08601683391921468,0.0827013258978243,13
2022-07-05,0.06128043822033289,1.8985663898054386,0.0609007249423718,0.059381871830527455,0.05748330544072201,0.053686172661111135,13
2022-08-02,0.018088560919442383,1.8025088178404824,0.017728059155874287,0.016286052101601903,0.014483543283761419,0.010878525648080454,13
2022-08-30,0.01889926388518698,1.6316392479435957,0.01857293603559826,0.017267624637243382,0.01563598538929979,0.012372706893412595,13
2022-09-28,0.06124779311789552,1.799441833137485,0.06088790475126803,0.05944835128475803,0.05764890945162055,0.05405002578534558,13
2022-10-26,-0.009407493485343053,1.7709966737942506,-0.009761692820101904,-0.011178490159137303,-0.012949486832931555,-0.016491480180520057,13
2022-11-23,-0.012828958005881415,1.7519035164196455,-0.013179338709165343,-0.01458086152230106,-0.016332765038720706,-0.019836572071559998,13
2022-12-22,0.11137548817075515,1.56803254867771,0.11106188166101962,0.10980745562207744,0.10823942307339973,0.10510335797604431,13
2023-01-24,-0.009278513045062706,1.8365407460204324,-0.009645821194266792,-0.011115053791083138,-0.01295159453710357,-0.016624676029144435,13
2023-02-22,-0.0330035550221241,1.7081537247283105,-0.03334518576706976,-0.03471170874685241,-0.036419862471580716,-0.03983616992103734,13
2023-03-22,0.02435740817443921,1.7293988517392775,0.024011528404091355,0.022628009322699934,0.020898610470960654,0.017439812767482098,13
2023-04-20,0.008054467022273738,1.766576607002139,0.00770115170087331,0.006287890415271598,0.004521313808269459,0.0009881605942651814,13
2023-05-18,0.005470293943697723,1.777094972067039,0.0051148749492843145,0.0036931989716306834,0.0019161039995636443,-0.001638085944570434,13
2023-06-16,-0.021093472997832895,1.791629135891431,-0.021451798825011182,-0.022885102133724324,-0.024676731269615757,-0.02825998954139862,13
2023-07-18,0.0701259612404097,1.6515439020182854,0.06979565246000605,0.06847441733839142,0.06682287343637314,0.06351978563233657,13
2023-08-15,0.00015193016571692173,1.8230119027082974,-0.00021267221482473776,-0.0016710817369913757,-0.003494093639699673,-0.007140117445116268,13
2023-09-13,-0.031686400866888335,1.6507673419275628,-0.032016554335273846,-0.033337168208815895,-0.03498793555074346,-0.03828947023459859,13
2023-10-11,-0.007254458084045701,1.745762711864407,-0.007603610626418582,-0.009000220795910108,-0.010745983507774516,-0.014237508931503329,13
2023-11-08,-0.10076682472395906,1.734463276836158,-0.1011137173793263,-0.10250128800079522,-0.10423575127763138,-0.10770467783130369,13
2006-01-24,0.05492978645197823,0.9999999999999999,0.05472978645197823,0.053929786451978226,0.052929786451978225,0.05092978645197823,14
2006-02-22,-0.001375380995497924,1.7379220779220779,-0.0017229654110823395,-0.003113303073420002,-0.00485122515134208,-0.008327069307186236,14
2006-03-22,0.01949466639774243,1.7491883116883116,0.019144828735404767,0.017745478086054117,0.015996289774365808,0.012497913150989182,14
2006-04-20,0.05693322499062307,1.7752973224370472,0.056578165526135656,0.05515792766818602,0.05338263034574897,0.049832035700874876,14
2006-05-18,-0.0246064607984582,1.926839332190694,-0.024991828664896337,-0.026533300130648894,-0.02846013946283959,-0.03231381812722098,14
2006-06-16,0.01106545495216646,1.7970862692820415,0.01070603769831005,0.009268368682884418,0.0074712824136023755,0.003877109875038293,14
2006-07-17,-0.04088835060657339,1.7633712045711252,-0.041241024847487616,-0.042651721811144516,-0.04441509301571564,-0.047941835424857894,14
2006-08-14,0.041107819716757754,1.6147490820073438,0.040784869900356284,0.03949307063475041,0.037878321552743066,0.03464882338872838,14
2006-09-12,-0.0059891043933770005,1.703367145674838,-0.006329777822511968,-0.007692471539051839,-0.009395838684726677,-0.012802572976076353,14
2006-10-10,0.013807293427214751,1.7009195893926432,0.013467109509336222,0.012106373837822109,0.010405454248429466,0.007003615069644179,14
2006-11-07,0.01305050127747297,1.8171428571428572,0.012687072706044399,0.011233358420330113,0.009416215563187256,0.005781929848901542,14
2006-12-06,0.03356250909599904,1.7657142857142856,0.03320936623885618,0.03179679481028475,0.03003108052457047,0.026499651953141898,14
2007-01-08,0.009274331744249123,1.8551552628041401,0.008903300691688295,0.007419176481444982,0.005564021218640842,0.0018537106930325616,14
2007-02-06,0.008261236550963913,1.7556818181818183,0.007910100187327549,0.006505554732782095,0.004749872914600276,0.00123850927823664,14
2007-03-07,-0.03569221328236203,1.8004359197907585,-0.03605230046632018,-0.03749264920215279,-0.039293085121943544,-0.042893956961525065,14
2007-04-04,0.005405014735172696,1.6818076140656788,0.00506865321235956,0.003723207121107017,0.0020413995070413383,-0.0013222157210900191,14
2007-05-03,-0.016971894570669183,1.7094217258151687,-0.017313778915832218,-0.01868131629648435,-0.020390738022299522,-0.023809581473929857,14
2007-06-01,-0.01586752541978318,1.6959836158834904,-0.01620672214295988,-0.017563509035666672,-0.01925949265155016,-0.022651459883317144,14
2007-06-29,-0.038184572401241644,1.7365258266118262,-0.03853187756656401,-0.03992109822785347,-0.0416576240544653,-0.04513067570768895,14
2007-07-30,-0.041246885690657105,1.6847657710592385,-0.04158383884486895,-0.04293165146171635,-0.04461641723277558,-0.04798594877489406,14
2007-08-27,-0.011448134838684274,1.7915127333628884,-0.011806437385356852,-0.013239647572047162,-0.01503116030541005,-0.018614185772135826,14
2007-09-25,-0.0017609886287566546,1.6677749864538693,-0.0020945436260474287,-0.003428763615210524,-0.005096538601664393,-0.008432088574572132,14
2007-10-23,-0.0667952357748877,1.7878489326765186,-0.067152805561423,-0.06858308470756422,-0.07037093364024075,-0.07394663150559377,14
2007-11-20,0.012692659391906922,1.7228667894413752,0.012348086034018647,0.010969792602465547,0.009246925813024172,0.005801192234141422,14
2007-12-19,-0.03332139543956319,1.7117863720073665,-0.03366375271396466,-0.03503318181157056,-0.03674496818357792,-0.04016854092759266,14
2008-01-18,0.05971992819177203,1.7432000543995647,0.059371288180892115,0.057976728137372466,0.0562335280829729,0.05274712797417377,14
2008-02-19,-0.04800914083858591,1.7911345610969214,-0.048367367750805294,-0.049800275399682827,-0.05159140996077975,-0.05517367908297359,14
2008-03-18,0.023743674361196086,1.733163059551015,0.023397041749285884,0.02201051130164507,0.020277348242094057,0.016811022122992028,14
2008-04-16,-0.007359016933283565,1.7045596936999652,-0.007699928872023558,-0.009063576626983531,-0.010768136320683495,-0.014177255708083425,14
2008-05-14,-0.09963045878889039,1.6116695181066438,-0.09995279269251171,-0.10124212830699703,-0.10285379782510368,-0.10607713686131696,14
2008-06-12,-0.15201961292028304,1.5580624465355004,-0.15233122540959015,-0.15357767536681854,-0.15513573781335405,-0.15825186270642505,14
2008-07-11,-0.011493857107963142,1.7604790419161676,-0.011845952916346375,-0.013254336149879309,-0.015014815191795476,-0.01853577327562781,14
2008-08-08,-0.03426343312354789,1.7072284003421727,-0.034604878803616325,-0.035970661523890064,-0.03767788992423224,-0.04109234672491658,14
2008-09-08,-0.15398029040875627,1.557919874536641,-0.1542918743836636,-0.1555382102832929,-0.15709613015782956,-0.16021196990690284,14
2008-10-06,-0.06868665641376906,1.4860840939697741,-0.06898387323256301,-0.07017274050773883,-0.07165882460170861,-0.07463099278964816,14
2008-11-03,0.04396312065224449,1.8653299416429747,0.04359005466391589,0.04209779071060151,0.04023246076895854,0.03650180088567259,14
2008-12-02,-0.1271111632684848,1.706129753914989,-0.1274523892192678,-0.12881729302239978,-0.13052342277631476,-0.13393568228414474,14
2008-12-31,0.04167923736495498,1.7453786523553965,0.0413301616344839,0.03993385871259958,0.03818848006024418,0.03469772275553339,14
2009-01-30,-0.017921692893698542,1.6640625,-0.018254505393698543,-0.019585755393698542,-0.021249817893698543,-0.02457794289369854,14
2009-03-02,-0.010579940778719923,1.7373333333333334,-0.01092740744538659,-0.012317274112053257,-0.014054607445386589,-0.017529274112053257,14
2009-03-30,-0.24003404149861218,1.7967479674796751,-0.2403933910921081,-0.24183078946609185,-0.24362753743357154,-0.24722103336853088,14
2009-04-28,-0.022614174349502175,1.650705528568124,-0.0229443154552158,-0.0242648798780703,-0.025915585406638422,-0.02921699646377467,14
2009-05-27,0.009887698213515516,1.662846865364851,0.009555128840442547,0.008224851348150666,0.0065620044827858146,0.0032363107520561128,14
2009-06-24,0.06391234195281877,1.8565775950668035,0.06354102643380541,0.06205576435775196,0.06019918676268516,0.056486031572551554,14
2009-07-23,0.018989223204010135,1.8364289662797124,0.018621937410754193,0.01715279423773042,0.01531636527145071,0.011643507338891284,14
2009-08-20,0.038447564401349624,1.6699383350462487,0.038113576734340376,0.03677762606630337,0.03510768773125712,0.03176781106116463,14
2009-09-18,-0.008962342242007862,1.7852517985611511,-0.009319392601720091,-0.010747594040569013,-0.012532845839130164,-0.016103349436252468,14
2009-10-16,0.03623784867231991,1.7279547790339156,0.03589225771651313,0.034509893893285994,0.03278193911425208,0.029326029556184248,14
2009-11-13,-0.019872099319829944,1.7768550893550894,-0.020227470337700962,-0.021648954409185035,-0.023425809498540125,-0.0269795196772503,14
2009-12-14,0.011178452590977071,1.7423271173271173,0.010829987167511648,0.009436125473649954,0.007693798356322837,0.004209144121668602,14
2010-01-13,-0.02412809793886738,1.701576219189675,-0.024468413182705318,-0.025829674158057057,-0.02753125037724673,-0.03093440281562608,14
2010-02-11,0.016553734451270993,1.813617677286742,0.016191010915813646,0.014740116773984251,0.012926499096697509,0.009299263742124024,14
2010-03-12,-0.012375780236060976,1.8174923667881413,-0.012739278709418603,-0.014193272602849118,-0.01601076496963726,-0.01964574970321354,14
2010-04-12,-0.02266045383014354,1.6518550893550894,-0.022990824848014558,-0.02431230891949863,-0.02596416400885372,-0.029267874187563898,14
2010-05-10,-0.07692920704920568,1.7863426895684962,-0.07728647558711937,-0.07871554973877418,-0.08050189242834267,-0.08407457780747966,14
2010-06-08,-0.015220425224887939,1.5984499371596146,-0.015540115212319862,-0.016818875162047553,-0.01841732509920717,-0.0216142249735264,14
2010-07-07,0.07826526995022934,1.507709051333212,0.07796372813996269,0.07675756089889613,0.07524985184756292,0.07223443374489649,14
2010-08-04,-0.024429127598841294,1.7464788732394363,-0.02477842337348918,-0.02617560647208073,-0.027922085345320168,-0.03141504309179904,14
2010-09-01,0.00520692891817523,1.6653972283931027,0.004873849472496609,0.003541531689782127,0.0018761344613890244,-0.001454659995397181,14
2010-09-30,0.003549421001370647,1.7950837269214253,0.0031904042559863623,0.001754337274449222,-4.074645247220329e-05,-0.0036309139063150538,14
2010-10-28,0.0002908136343929722,1.7837034720050045,-6.592706000802873e-05,-0.0014928898376120323,-0.003276593309617037,-0.006844000253627046,14
2010-11-26,0.02653765479737254,1.6681034482758619,0.026204034107717367,0.02486955134909668,0.023201447900820817,0.01986524100426909,14
2010-12-27,0.008924891653684817,1.8307133664276523,0.008558748980399287,0.007094178287257165,0.005263464920829512,0.0016020381879742083,14
2011-01-25,0.032458898248352436,1.789621253906968,0.032100973997571045,0.03066927699444547,0.0288796557405385,0.025300413232724563,14
2011-02-23,-0.0074626430705687745,1.6114093959731544,-0.007784924949763405,-0.00907405246654193,-0.010685461862515084,-0.013908280654461392,14
2011-03-23,0.03945563089910309,1.6333333333333333,0.03912896423243642,0.037822297565769755,0.03618896423243642,0.032922297565769754,14
2011-04-20,0.03785272294495173,1.761993382961125,0.03750032426835951,0.03609072956199061,0.034328736179029484,0.030804749413107235,14
2011-05-19,-0.017748693323137683,1.7658612975391499,-0.018101865582645513,-0.019514554620676833,-0.021280415918215983,-0.024812138513294283,14
2011-06-17,0.04093444698645306,1.8082955733705124,0.040572787871778954,0.039126151413082545,0.03731785583971203,0.03370126469297101,14
2011-07-18,-0.008378747342396084,1.7326203208556152,-0.008725271406567207,-0.0101113676632517,-0.011843987984107315,-0.015309228625818546,14
2011-08-15,-0.011014792758691183,1.7144642425219705,-0.011357685607195578,-0.012729257001213154,-0.014443721243735125,-0.017872649728779066,14
2011-09-13,-0.0023104296157815465,1.7271627831976133,-0.0026558621724210693,-0.00403759239897916,-0.0057647551821767735,-0.009219080748572,14
2011-10-11,-0.09578730763978328,1.7955922094865344,-0.09614642608168059,-0.09758289984926982,-0.09937849205875635,-0.10296967647772942,14
2011-11-08,-0.0016193247867276905,1.7142857142857144,-0.0019621819295848335,-0.003333610501013405,-0.005047896215299119,-0.008476467643870549,14
2011-12-07,0.027812137248019807,1.6734693877551021,0.027477443370468785,0.026138667860264704,0.0244651984725096,0.021118259696999396,14
2012-01-06,-0.04006837468269554,1.6197183098591548,-0.040392318344667374,-0.0416880929925547,-0.04330781130241385,-0.04654724792213216,14
2012-02-06,0.03383962355742394,1.7214937839937843,0.033495324800625184,0.032118129773430155,0.03039663598943637,0.026953648421448803,14
2012-03-06,-0.02313322340630182,1.7869154463863959,-0.0234906064955791,-0.024920138852688217,-0.026707054299074613,-0.030280885191847403,14
2012-04-03,-0.011492037955870397,1.7106754841757204,-0.011834173052705541,-0.013202713440046117,-0.014913388924221838,-0.01833473989257328,14
2012-05-02,0.024593485184418146,1.8073689182805857,0.02423201140076203,0.02278611626613756,0.020978747347856975,0.017364009511295804,14
2012-05-31,-0.027971536587369554,1.7825765783512264,-0.0283280519030398,-0.02975411316572078,-0.031536689744072005,-0.03510184290077446,14
2012-06-28,0.05445853090589143,1.7669064029567476,0.05410514962530008,0.05269162450293468,0.050924718099977936,0.047390905294064437,14
2012-07-27,0.018015708292145816,1.766756567775447,0.017662356978590726,0.01624895172437037,0.014482195156594923,0.010948682021044029,14
2012-08-24,-0.009666842732406573,1.7686893963090398,-0.01002058061166838,-0.011435532128715613,-0.013204221525024653,-0.016741600317642734,14
2012-09-24,0.03520305976083349,1.7490236382322712,0.034853255033187036,0.03345403612260122,0.031705012484368945,0.028206965207904403,14
2012-10-22,-0.00396982517821934,1.849331963001028,-0.004339691570819546,-0.005819157141220368,-0.007668489104221396,-0.011367153030223454,14
2012-11-21,0.02081248847390866,1.7397457158651188,0.020464539330735637,0.01907274275804354,0.017332997042178423,0.013853505610448184,14
2012-12-20,0.003063006152965467,1.7399115533443892,0.0027150238422965892,0.001323094599621078,-0.00041681695372331124,-0.0038966400604120897,14
2013-01-22,0.0030305328023425473,1.6910272825765784,0.0026923273458272314,0.001339505519765969,-0.0003515217628106094,-0.003733576327963766,14
2013-02-20,-0.019882661432225182,1.7336222160096915,-0.020229385875427122,-0.021616283648234872,-0.023349905864244565,-0.02681715029626395,14
2013-03-20,0.002174905091734223,1.6655033557046979,0.0018418044205932836,0.0005094017360295251,-0.0011561016196751728,-0.004487108331084569,14
2013-04-18,0.009654622912496712,1.7591498881431766,0.009302792934868076,0.007895473024353535,0.006136323136210358,0.0026180233599240052,14
2013-05-16,-0.0027510548980587217,1.6212362030905076,-0.0030753021386768233,-0.004372291101149229,-0.005993527304239737,-0.009235999710420752,14
2013-06-14,-0.05315312367254618,1.6213686534216336,-0.05347739740323051,-0.054774492325967816,-0.05639586097938945,-0.05963859828623272,14
2013-07-15,0.018148121710636966,1.7543778801843317,0.017797246134600098,0.016393743830452633,0.014639365950268303,0.011130610189899639,14
2013-08-12,0.023045176947943922,1.7865102639296186,0.022687874895157997,0.021258666684014303,0.019472156420084683,0.015899135892225448,14
2013-09-10,0.0013517581298881772,1.7312091503267975,0.0010055162998228178,-0.00037945102043862025,-0.0021106601707654177,-0.005573078471419013,14
2013-10-08,-0.010159899526962855,1.6550377726848313,-0.010490907081499821,-0.011814937299647686,-0.013469975072332517,-0.01678005061770218,14
2013-11-05,-0.005036075922115812,1.6386257763975156,-0.005363801077395315,-0.006674701698513327,-0.008313327474910842,-0.011590579027705874,14
2013-12-04,-0.004905965099817751,1.7385481366459627,-0.005253674727146944,-0.006644513236463714,-0.008383061373109676,-0.011860157646401602,14
2014-01-03,0.01496270878362151,1.6717276282493674,0.014628363257971636,0.013290981155372143,0.011619253527122776,0.00827579827062404,14
2014-02-03,0.015902887864837692,1.7158086893026652,0.015559726126977159,0.014187079175535027,0.012471270486232361,0.00903965310762703,14
2014-03-04,-0.006454901162720036,1.7816219979115906,-0.006811225562302355,-0.008236523160631627,-0.010018145158543218,-0.013581389154366397,14
2014-04-01,-0.0650085403244806,1.6932474765053949,-0.06534718981978167,-0.066701787800986,-0.06839503527749138,-0.07178153023050218,14
2014-04-30,0.017953909240796224,1.6222067525234947,0.017629467890291524,0.016331702488272728,0.014709495735749235,0.011465082230702245,14
2014-05-29,-0.01606432927206803,1.8965262379896526,-0.01644363451966596,-0.01796085551005768,-0.019857381748047336,-0.023650434224026642,14
2014-06-26,-0.013555392741299794,1.720509977827051,-0.013899494736865204,-0.015275902719126844,-0.016996412696953896,-0.020437432652607997,14
2014-07-25,-0.017027772899943852,1.7804878048780486,-0.01738387046091946,-0.018808260704821902,-0.02058874850969995,-0.024149724119456047,14
2014-08-22,0.0006010424170344638,1.8414634146341462,0.00023274973410763452,-0.0012404209975996824,-0.0030818844122338287,-0.006764811241502121,14
2014-09-22,0.004425680100173678,1.6404033433018939,0.004097599431513299,0.0027852767568717837,0.00114487341356989,-0.002135933273033898,14
2014-10-20,0.027444979022161694,1.8278042869044913,0.027079418164780794,0.025617174735257202,0.023789370448352713,0.02013376187454373,14
2014-11-17,-0.053708336109842984,1.671951219512195,-0.05404272635374542,-0.05538028732935518,-0.05705223854886737,-0.06039614098789176,14
2014-12-16,0.00027283815727517646,1.6473392461197338,-5.66296919487703e-05,-0.0013745010888445573,-0.003021840334964291,-0.006316518827203759,14
2015-01-15,0.02671151579361333,1.6776053215077606,0.026375994729311777,0.02503391047210557,0.02335630515059781,0.020001094507582286,14
2015-02-13,-0.039906167356768996,1.7947426067907997,-0.04026511587812716,-0.041700909963559796,-0.043495652570350596,-0.047085137783932196,14
2015-03-16,0.059798704605618334,1.784930139720559,0.059441718577674225,0.058013774465897776,0.05622884432617722,0.0526589840467361,14
2015-04-14,0.014872666247748169,1.6124180211006558,0.014550182643528038,0.013260248226647514,0.011647830205546857,0.008422994163345545,14
2015-05-12,-0.04226010626068416,1.6263736263736264,-0.04258538098595888,-0.04388647988705779,-0.045512853513431414,-0.04876560076617867,14
2015-06-10,-0.03678861442971042,1.7448577063961679,-0.03713758597098965,-0.038533472136106584,-0.04027832984250275,-0.04376804525529509,14
2015-07-09,-0.08671927376398765,1.8057142857142856,-0.0870804166211305,-0.08852498804970194,-0.09033070233541622,-0.09394213090684479,14
2015-08-06,0.035054188555958224,1.6514285714285715,0.03472390284167251,0.03340275998452965,0.03175133141310108,0.02844847427024394,14
2015-09-03,0.060227785797524504,1.899791159067177,0.05984782756571107,0.05832799463845733,0.05642820347939015,0.052628621161255794,14
2015-10-02,-0.03389064082775209,1.8406195614340413,-0.034258764740038895,-0.03573126038918613,-0.03757187995062017,-0.041253119073488255,14
2015-10-30,-0.03385048165219983,1.8608981380065717,-0.03422266127980114,-0.0357113797902064,-0.03757227792821297,-0.041294074204226115,14
2015-11-30,-0.03922424561837403,1.5917321982540944,-0.03954259205802485,-0.04081597781662812,-0.04240771001488222,-0.045591174411390406,14
2015-12-29,-0.0036110756296382834,1.7374893071000854,-0.003958573491058301,-0.005348564936738369,-0.007086054243838454,-0.010561032858038624,14
2016-01-28,-0.0015250190484771271,1.606180496150556,-0.0018462551477072384,-0.003131199544627683,-0.0047373800407782395,-0.007949741033079352,14
2016-02-26,0.0409588258999238,1.7283950617283952,0.04061314688757812,0.039230430838195406,0.03750203577646701,0.03404524565301022,14
2016-03-28,0.00575719621221509,1.727283183804923,0.005411739575454106,0.004029913028410167,0.0023026298446052443,-0.0011519365230046015,14
2016-04-25,-0.017733686269629758,1.7957978682616365,-0.018092845843282086,-0.019529484137891396,-0.02132528200615303,-0.024916877742676303,14
2016-05-23,0.03165638803817051,1.5174528301886792,0.031352897472132775,0.03013893520798183,0.02862148237779315,0.025586576717415793,14
2016-06-21,0.00852701606369646,1.774606918238994,0.008172094680048661,0.0067524091454574655,0.004977802227218471,0.001428588390740483,14
2016-07-20,0.029906165050143516,1.7167689161554192,0.02956281126691243,0.028189396133988097,0.026472627217832678,0.02303908938552184,14
2016-08-17,-0.007329594226284995,1.803037188517761,-0.007690201663988547,-0.009132631414802757,-0.010935668603320518,-0.01454174298035604,14
2016-09-15,0.05200395795414169,1.7090330496127597,0.05166215134421914,0.050294924904528936,0.04858589185491617,0.04516782575569066,14
2016-10-13,0.006354057981980713,1.7917363267255793,0.005995710716635597,0.004562321655255133,0.002770585328529554,-0.0008128873249216044,14
2016-11-10,0.020191304489365125,1.829551787278083,0.019825394131909507,0.018361752702087043,0.016532200914808958,0.012873097340252791,14
2016-12-09,0.03219633758678761,1.7406152415121918,0.03184821453848517,0.030455722345275417,0.028715107103763227,0.025233876620738845,14
2017-01-10,-0.019764650028104413,1.844528602750648,-0.020133555748654542,-0.021609178630855062,-0.02345370723360571,-0.027142764439107004,14
2017-02-08,-0.03737034768177335,1.6580577793247475,-0.0377019592376383,-0.0390284054610981,-0.04068646324042285,-0.044002578799072344,14
2017-03-09,0.020534391685916906,1.6927710843373491,0.020195837469049436,0.018841620601579557,0.017148849517242208,0.013763307348567509,14
2017-04-06,-7.777112157547617e-05,1.7358054974388575,-0.00042493222106324767,-0.0018135766190143336,-0.003549382116453191,-0.007020993111330906,14
2017-05-05,-0.018409544786180558,1.6753480989827576,-0.01874461440597711,-0.020084892885163314,-0.021760240984146074,-0.02511093718211159,14
2017-06-05,0.040831840145435346,1.6252646951442133,0.040506787206406505,0.03920657545029113,0.03758131075514692,0.034330781364858495,14
2017-07-03,0.029197632167816324,1.7969774736241804,0.02883823667309149,0.027400654694192145,0.025603677220567965,0.022009722273319602,14
2017-08-01,0.039555886037555436,1.683668377530653,0.03921915236204931,0.037872217660024785,0.03618854928249413,0.03282121252743282,14
2017-08-29,-0.011278580218441591,1.6864727713398469,-0.011615874772709561,-0.012965052989781439,-0.014651525761121284,-0.018024471303800978,14
2017-09-27,0.040364498194041615,1.7800014963339816,0.04000849789477482,0.03858449669770763,0.03680449520137365,0.033244492208705685,14
2017-10-25,-0.01174798609142078,1.6777531411677753,-0.012083536719654337,-0.013425739232588557,-0.015103492373756331,-0.018458998656091883,14
2017-11-22,0.004927262609466172,1.6814827706230422,0.004590966055341563,0.00324577983884313,0.0015642970682200876,-0.0017986684730259966,14
2017-12-21,0.0014221458541858493,1.5998454093292107,0.0011021767723200073,-0.00017769955514336153,-0.0017775449644725724,-0.004977235783130994,14
2018-01-23,-0.0023000588911028267,1.7219384325850249,-0.0026444465776198317,-0.004021997323687852,-0.005743935756272876,-0.009187812621442927,14
2018-02-21,-0.022016878422550474,1.6888578831971297,-0.022354649999189898,-0.023705736305747602,-0.025394594188944734,-0.02877230995533899,14
2018-03-21,-0.012840725121759464,1.730964785638064,-0.013186918078887078,-0.01457168990739753,-0.016302654693035594,-0.01976458426431172,14
2018-04-19,-0.02617085114436776,1.7030945954428471,-0.02651147006345633,-0.027873945739810606,-0.029577040335253452,-0.03298322952613915,14
2018-05-17,-0.010899010081522206,1.7046982121252856,-0.011239949723947264,-0.012603708293647492,-0.014308406505772777,-0.017717802930023348,14
2018-06-15,0.0005710076970751724,1.771231527093596,0.0002167613916564532,-0.0012002238300184236,-0.0029714553571120197,-0.006513918411299212,14
2018-07-16,0.014837675796808694,1.6676823462197676,0.01450413932756474,0.013169993450588925,0.011502311104369159,0.008166946411929624,14
2018-08-13,-0.027903028584150755,1.7465244715292325,-0.0282523334784566,-0.029649553055679987,-0.03139607752720922,-0.034889126470267685,14
2018-09-11,0.022025578826745582,1.7233406418178192,0.02168091069838202,0.020302238184927764,0.018578897543109943,0.015132216259474305,14
2018-10-09,0.02910806784397619,1.7303776683087029,0.028761992310314448,0.027377690175667487,0.025647312507358782,0.02218655717074138,14
2018-11-06,0.030262398942664265,1.833727422003284,0.02989565345826361,0.028428671520660982,0.0265949440986577,0.02292748925465113,14
2018-12-06,0.004370049742852268,1.7668978648170814,0.004016670169888852,0.002603151878035187,0.0008362540132181052,-0.002697541716416058,14
2019-01-07,0.037188883934682185,1.834319526627219,0.03682202002935674,0.03535456440805496,0.03352024488142775,0.029851605828173308,14
2019-02-05,-0.016861218061574954,1.7573964497041419,-0.017212697351515784,-0.018618614511279098,-0.020376010960983237,-0.023890803860391524,14
2019-03-06,-0.017535664490038606,1.759793665680687,-0.017887623223174744,-0.019295458155719293,-0.02105525182139998,-0.024574839152761353,14
2019-04-03,-0.01108185345403109,1.7791559737667524,-0.01143768464878444,-0.012861009427797842,-0.014640165401564594,-0.0181984773490981,14
2019-05-02,-0.0556427609027359,1.8209652124322784,-0.05600695394522236,-0.05746372611516818,-0.059284691327600454,-0.06292662175246501,14
2019-05-31,0.012712494356288915,1.5672029435105692,0.0123990537675868,0.011145291412778344,0.009578088469267776,0.006443682582246637,14
2019-06-28,-0.012349354225215927,1.783637544188731,-0.012706081734053673,-0.014132991769404659,-0.01591662931359339,-0.019483904401970852,14
2019-07-29,0.003829282829675887,1.7732035928143712,0.0034746421111130125,0.0020560792368615154,0.0002828756440471443,-0.003263531541581598,14
2019-08-26,0.053709539990644185,1.8088465925292272,0.05334777067213834,0.051900693398114955,0.05009184680558573,0.04647415362052727,14
2019-09-24,0.012895051343609434,1.5615034990260444,0.012582750643804225,0.011333547844583389,0.009772044345557345,0.006649037347505256,14
2019-10-22,-0.00048380294122312394,1.714190687361419,-0.0008266410786954078,-0.002197993628584543,-0.003912184315945962,-0.0073405656906688,14
2019-11-19,0.01728080209114916,1.7283680175246439,0.01693512848764423,0.015552434073624515,0.01382406605609987,0.010367330021050582,14
2019-12-18,0.0036025466127995527,1.8023952095808384,0.0032420675708833852,0.0018001514032187143,-2.2438063621240713e-06,-0.003607034225523801,14
2020-01-17,-0.07629014468755368,1.738905325443787,-0.07663792575264244,-0.07802905001299747,-0.07976795533844126,-0.08324576598932883,14
2020-02-18,0.05344466049233938,1.6085164835164836,0.05312295719563609,0.0518361440088229,0.05022762752530641,0.04701059455827345,14
2020-03-17,0.27092567607110457,1.8484848484848484,0.2705559791014076,0.26907719122261975,0.2672287063741349,0.2635317366771652,14
2020-04-15,-0.0359756650140342,1.927087952697709,-0.03636108260457374,-0.03790275296673191,-0.03982984091942962,-0.043684016824825034,14
2020-05-13,0.1334484923555462,1.732668144863267,0.13310195872657354,0.13171582421068292,0.12998315606581967,0.12651781977609314,14
2020-06-11,0.03764889902496847,1.746641141663766,0.03729957079663572,0.03590225788330471,0.03415561674164094,0.030662334458313407,14
2020-07-10,0.03290964066680072,1.8457142857142856,0.03254049780965786,0.03106392638108644,0.02921821209537215,0.02552678352394358,14
2020-08-07,-0.018606108115320846,1.737142857142857,-0.018953536686749418,-0.020343250972463704,-0.02208039382960656,-0.025554679543892275,14
2020-09-04,0.0472651196753952,1.7953216374269003,0.04690605534790982,0.0454697980379683,0.043674476400541395,0.0400838331256876,14
2020-10-05,-0.010403334283855861,1.7076190476190476,-0.01074485809337967,-0.012110953331474909,-0.013818572379093955,-0.01723381047433205,14
2020-11-02,0.14691905468714217,1.7820689655172413,0.14656264089403873,0.14513698572162492,0.14335491675610768,0.1397907788250732,14
2020-12-01,-0.04885647447262619,1.866387337057728,-0.04922975194003774,-0.05072286180968392,-0.05258924914674165,-0.0563220238208571,14
2020-12-30,-0.053134269296948304,1.7627123363965471,-0.053486811764227614,-0.05489698163334485,-0.056659693969741395,-0.060185118642534494,14
2021-01-29,0.06776900457297332,1.695101757384755,0.06742998422149636,0.06607390281558856,0.0643788010582038,0.060988597543434296,14
2021-03-01,-0.13020958502979946,1.7444460542837825,-0.13055847424065622,-0.13195403108408324,-0.13369847713836702,-0.1371873692469346,14
2021-03-29,0.013527183601901794,1.596445474741621,0.01320789450695347,0.011930738127160173,0.010334292652418552,0.00714140170293531,14
2021-04-27,0.09520298228291217,1.8869892784700089,0.09482558442721817,0.09331599300444217,0.09142900372597215,0.08765502516903213,14
2021-05-25,-0.07714919002873138,1.6108862262521588,-0.07747136727398182,-0.07876007625498355,-0.08037096248123571,-0.08359273493374002,14
2021-06-23,0.0009736337646003262,1.6154694149618007,0.000650539881607966,-0.0006418356503614746,-0.0022573050653232757,-0.005488243895246877,14
2021-07-22,0.013998745133880748,1.5901399784648516,0.013680717138187777,0.012408605155415897,0.010818465176951045,0.007638185220021342,14
2021-08-19,0.08072625274054093,1.7111726401066503,0.0803840182125196,0.07901508010043429,0.07730390746032763,0.07388156218011432,14
2021-09-17,-0.07512953697503887,1.7423379909148409,-0.07547800457322183,-0.07687187496595371,-0.07861421295686855,-0.08209888893869823,14
2021-10-15,0.011725990078658533,1.7284576788830717,0.011380298542881919,0.009997532399775461,0.008269074720892389,0.004812159363126246,14
2021-11-12,-0.0342234818027652,1.7128326788830717,-0.034566048338541815,-0.035936314481648274,-0.037649147160531346,-0.04107481251829749,14
2021-12-13,-0.029232951658448424,1.7402849740932642,-0.029581008653267078,-0.030973236632541687,-0.03271352160663495,-0.03619409155482148,14
2022-01-11,-0.08331605743726372,1.789056304520222,-0.08367386869816777,-0.08510511374178395,-0.08689417004630416,-0.09047228265534461,14
2022-02-09,-0.017130472434562047,1.6501453872587892,-0.017460501512013806,-0.018780617821820837,-0.020430763209079626,-0.023731053983597206,14
2022-03-10,0.006764269137589228,1.7612011707756388,0.0064120289034341,0.005003067966813589,0.0032418667960379503,-0.0002805355455133274,14
2022-04-07,0.06745154322320299,1.6083933246073296,0.06712986455828152,0.06584314989859566,0.06423475657398833,0.061017969924773666,14
2022-05-06,-0.0707925977995061,1.8016197643979057,-0.07115292175238568,-0.07259421756390401,-0.0743958373283019,-0.07799907685709773,14
2022-06-06,0.021544407392664035,1.721407624633431,0.021200125867737347,0.019822999768030605,0.018101592143397172,0.01465877689413031,14
2022-07-06,0.12266640399102201,1.7165775401069518,0.12232308848300062,0.12094982645091505,0.11923324891080811,0.1158000938305942,14
2022-08-03,0.025047941386043195,1.7967914438502675,0.02468858309727314,0.023251149942192927,0.02145435849834266,0.017860775610642123,14
2022-08-31,0.009442593196261846,1.656925635542884,0.009111208069153269,0.007785667560718962,0.006128741925176078,0.00281489065409031,14
2022-09-29,0.07293539030405083,1.7385067712045614,0.07258768894980992,0.07119688353284627,0.06945837676164171,0.06598136321923258,14
2022-10-27,0.025343958176296345,1.771263958184842,0.024989705384659378,0.023572694218111503,0.02180143025992666,0.01825890234355698,14
2022-11-25,0.021256853737557826,1.8060447544318516,0.020895644786671455,0.019450808983125976,0.017644764228694123,0.01403267471983042,14
2022-12-23,0.0968708473482069,1.5897122929380996,0.09655290488961929,0.0952811350552688,0.09369142276233071,0.0905119981764545,14
2023-01-25,-0.006204206747675731,1.732953195533381,-0.006550797386782407,-0.007937159943209112,-0.009670113138742492,-0.013136019529809254,14
2023-02-23,-0.03837659590675641,1.7643067315198464,-0.03872945725306038,-0.04014090263827626,-0.0419052093697961,-0.0454338228328358,14
2023-03-23,0.0408361767737383,1.7612574580659688,0.040483925282125105,0.03907491931567233,0.03731366185760636,0.03379114694147442,14
2023-04-21,0.01623007222132799,1.798238207812676,0.015870424579765452,0.014431834013515313,0.012633595805702637,0.009037119390077284,14
2023-05-19,-0.03292742851316139,1.7490689013035383,-0.0332772422934221,-0.03467649741446493,-0.036425566315768466,-0.03992370411837554,14
2023-06-20,-0.030650810331580396,1.7467596628886954,-0.031000162264158134,-0.03239756999446909,-0.03414432965735779,-0.03763784898313518,14
2023-07-19,0.0440258369154286,1.6873292647486196,0.04368837106247887,0.04233850765067998,0.04065117838593136,0.03727651985643412,14
2023-08-16,-0.002028292956194598,1.8263513513513516,-0.002393563226464868,-0.0038546443075459496,-0.005680995658897301,-0.009333698361600005,14
2023-09-14,-0.04988216141557733,1.682216014897579,-0.050218604618556845,-0.05156437743047491,-0.05324659344537249,-0.05661102547516765,14
2023-10-12,0.02656315174931211,1.6818181818181819,0.02622678811294847,0.024881333567493925,0.023199515385675745,0.01983587902203938,14
2023-11-09,-0.07997110580372356,1.7159090909090908,-0.08031428762190537,-0.08168701489463265,-0.08340292398554175,-0.08683474216735992,14
2006-01-25,0.013828200219180853,1.0,0.013628200219180852,0.012828200219180852,0.011828200219180853,0.009828200219180853,15
2006-02-23,0.010421650263052489,1.7771428571428571,0.010066221691623918,0.008644507405909631,0.006867364548766774,0.0033130788344810603,15
2006-03-23,0.01362686170831168,1.7657142857142856,0.013273718851168823,0.011861147422597395,0.01009543313688311,0.006564004565454538,15
2006-04-21,0.03679289916804574,1.740714902664275,0.03644475618751289,0.03505218426538147,0.03331146936271719,0.02983003955738864,15
2006-05-19,-0.05036764924887883,1.9327098110601972,-0.050754191211090864,-0.052300359059939024,-0.05423306887099922,-0.05809848849311962,15
2006-06-19,0.0005517665347890277,1.8036846400100432,0.00019102960678701902,-0.0012519181052210156,-0.003055602745231059,-0.0066629720252511454,15
2006-07-18,-0.01509562906269896,1.790093733949666,-0.015453647809488893,-0.016885722796648628,-0.018675816530598292,-0.022256003998497625,15
2006-08-15,0.01094037405754431,1.6101287852419073,0.01061834830049593,0.009330245272302404,0.007720116487060496,0.0044998589165766816,15
2006-09-13,-0.034608519280917786,1.6279846849982595,-0.034934116217917435,-0.036236503965916045,-0.0378644886509143,-0.04112045802091083,15
2006-10-11,-0.016912041202567098,1.8925719988594238,-0.017290555602338983,-0.018804613201426523,-0.020697185200285944,-0.024482329198004794,15
2006-11-08,0.013392916108062357,1.7892532467532467,0.013035065458711708,0.01160366286130911,0.009814409614555864,0.00623590312104937,15
2006-12-07,0.008293134052603802,1.760616883116883,0.007941010675980426,0.006532517169486919,0.004771900286370036,0.00125066652013627,15
2007-01-09,0.005874947479219437,1.7333646995563918,0.005528274539308159,0.0041415827796630455,0.0024082180801066532,-0.0010585113190061304,15
2007-02-07,-0.0005176830624876484,1.7507062146892656,-0.0008678243054255016,-0.0022683892771769142,-0.00401909549186618,-0.007520507921244711,15
2007-03-08,-0.030350845284571156,1.7830199764982375,-0.030707449279870805,-0.03213386526106939,-0.03391688523756763,-0.037482925190564106,15
2007-04-05,-0.0035831442308034075,1.7506462984723856,-0.003933273490497885,-0.005333790529275793,-0.0070844368277481785,-0.01058572942469295,15
2007-05-04,-0.004220708566008197,1.7219351389878832,-0.0045650955938057736,-0.00594264370499608,-0.0076645788439839635,-0.01110844912195973,15
2007-06-04,-0.028544784782564055,1.7545226988280807,-0.028895689322329672,-0.030299307481392136,-0.03205383018022022,-0.03556287557787638,15
2007-07-02,-0.032270206728541265,1.7350766407599307,-0.03261722205669325,-0.0340052833693012,-0.035740360010061124,-0.039210513291580984,15
2007-07-31,-0.04163132056967079,1.7193976683937824,-0.04197520010334955,-0.04335071823806457,-0.045070115906458354,-0.04850891124324592,15
2007-08-28,-0.036696870043063684,1.8103482587064674,-0.037058939694804977,-0.03850721830177015,-0.04031756656047662,-0.043938263077889554,15
2007-09-26,-0.03144441381316546,1.6507960199004974,-0.03177457301714556,-0.033095209833065964,-0.03474600585296646,-0.03804759789276745,15
2007-10-24,-0.04199246723425616,1.6503776683087028,-0.0423225427679179,-0.04364284490256486,-0.045293222570873565,-0.048593977907490975,15
2007-11-21,0.026560650691615208,1.7348066298342542,0.026213689365648357,0.024825844061780955,0.0230910374319467,0.01962142417227819,15
2007-12-20,-0.007444415016526586,1.7569060773480663,-0.007795796231996199,-0.009201321093874653,-0.010958227171222717,-0.01447203932591885,15
2008-01-22,0.05784847404986633,1.7853206076085495,0.057491409928344624,0.05606315344225778,0.05427783283464923,0.05070719161943213,15
2008-02-20,-0.02659455021210336,1.8549536227987633,-0.026965540936663115,-0.028449503834902124,-0.030304457457700888,-0.03401436470329841,15
2008-03-19,0.024506225041164884,1.8028968947439172,0.0241456456622161,0.022703328146420967,0.020900431251677048,0.017294637462189216,15
2008-04-17,0.01889949713548672,1.6081642716258102,0.01857786428116156,0.01729133286386091,0.0156831685922351,0.01246684004898348,15
2008-05-15,-0.05332220699770434,1.7551325919589391,-0.053673233516096125,-0.05507733958966328,-0.05683247218162222,-0.0603427373655401,15
2008-06-13,-0.1485123609947833,1.7372398061020815,-0.1488598089560037,-0.15024960080088537,-0.15198684060698744,-0.15546132021919162,15
2008-07-14,0.12083502817251261,1.7296010388860834,0.1204891079647354,0.11910542713362653,0.11737582609474044,0.11391662401696828,15
2008-08-11,-0.08510429395230742,1.8035714285714286,-0.08546500823802171,-0.08690786538087886,-0.08871143680945029,-0.09231857966659314,15
2008-09-09,-0.11892902222684053,1.4047619047619047,-0.11920997460779291,-0.12033378413160244,-0.12173854603636433,-0.12454806984588815,15
2008-10-07,-0.025204039159609913,1.4522457017344543,-0.025494488299956805,-0.026656284861344366,-0.028108530563078823,-0.031013021966547732,15
2008-11-04,0.07183478372591237,1.883208361735969,0.07145814205356518,0.0699515753641764,0.06806836700244043,0.0643019502789685,15
2008-12-03,-0.09492429379300009,1.7060850111856825,-0.09526551079523722,-0.09663037880418578,-0.09833646381537145,-0.10174863383774282,15
2009-01-02,0.09301992338743968,1.6153846153846154,0.09269684646436276,0.09140453877205507,0.08978915415667045,0.08655838492590122,15
2009-02-02,-0.04918330722797636,1.758720930232558,-0.049535051414022875,-0.05094202815820892,-0.05270074908844148,-0.05621819094890659,15
2009-03-03,-0.0016410306315143373,1.8073548387096774,-0.002002501599256273,-0.0034483854702240147,-0.005255740308933692,-0.008870449986353047,15
2009-03-31,0.03104525780785566,1.8543141883031735,0.030674394970195026,0.029190943619552486,0.027336629431249315,0.023628001054642966,15
2009-04-29,0.020175370085386418,1.6829004329004331,0.019838789998806332,0.018492469652485986,0.01680956921958555,0.013443768353784686,15
2009-05-28,0.016257921417626258,1.7417780061664951,0.01590956581639296,0.014516143411459763,0.012774365405293267,0.009290809392960278,15
2009-06-25,0.03678556731649598,1.7634635149023639,0.036432874613515506,0.03502210380159362,0.03325864028669125,0.029731713256886526,15
2009-07-24,-0.037293797340142876,1.8010348583877998,-0.037654004311820435,-0.039094832198530674,-0.04089586705691847,-0.044497936773694076,15
2009-08-21,0.042577218879322566,1.8049212803670107,0.042216234623249166,0.04077229759895556,0.03896737631858854,0.035357533757854526,15
2009-09-21,0.01038510280923945,1.7908977166093214,0.010026923265917585,0.008594205092630128,0.006803307376020807,0.0032215119428021643,15
2009-10-19,0.029677738200226293,1.7690543217599835,0.029323927335874297,0.02790868387846631,0.026139629556706324,0.02260152091318636,15
2009-11-16,-0.011955096723484186,1.7909382284382285,-0.012313284369171831,-0.013746034951922415,-0.015536973180360642,-0.0191188496372371,15
2009-12-15,-0.021855288770712467,1.7140637140637143,-0.02219810151352521,-0.02356935248477618,-0.025283416198839895,-0.028711543626967324,15
2010-01-14,-0.01749028393441776,1.8122197893858827,-0.017852727892294938,-0.019302503723803644,-0.021114723513189528,-0.02473916309196129,15
2010-02-12,0.01862387815031795,1.792086330935252,0.018265460884130898,0.016831791819382696,0.015039705488447446,0.011455532826576941,15
2010-03-15,-0.008120812063201342,1.7492715617715617,-0.008470666375555654,-0.009870083624972903,-0.011619355186744465,-0.015117898310287588,15
2010-04-13,-0.03195635817795175,1.6727855477855478,-0.03229091528750886,-0.0336291437257373,-0.035301929273522846,-0.03864750036909394,15
2010-05-11,-0.05961137278008851,1.826220016542597,-0.05997661678339703,-0.06143759279663111,-0.0632638128131737,-0.0669162528462589,15
2010-06-09,-0.03094198888256454,1.7747311827956989,-0.03129693511912368,-0.032716720065360236,-0.03449145124815594,-0.03804091361374733,15
2010-07-08,-0.0023813061706352053,1.6947508733223018,-0.0027202563452996655,-0.004076057043957507,-0.005770807917279809,-0.009160309663924414,15
2010-08-05,-0.02041796124463758,1.7746478873239435,-0.020772890822102368,-0.022192609131961524,-0.023967257019285468,-0.027516552793933353,15
2010-09-02,-0.004533940010173069,1.599862477520364,-0.004853912505677142,-0.006133802487693433,-0.007733664965213797,-0.010933389920254525,15
2010-10-01,-0.004181061212342426,1.81831164709616,-0.004544723541761659,-0.0059993728594385865,-0.007817684506534747,-0.011454307800727067,15
2010-10-29,-0.008482215914105407,1.7639260020554985,-0.008835001114516508,-0.010246141916160906,-0.012010067918216405,-0.015537919922327403,15
2010-11-29,0.07608686315397882,1.6566039594208608,0.07575554236209465,0.07443025919455797,0.0727736552351371,0.06946044731629537,15
2010-12-28,0.014409884793232663,1.8856339561037547,0.014032758002011913,0.012524250837128909,0.010638616881025154,0.006867348968817644,15
2011-01-26,0.021734608922067397,1.7976147288227824,0.02137508597630284,0.019936994193244614,0.01813937946442183,0.014544150006776268,15
2011-02-24,8.867802538183988e-06,1.7071081677704194,-0.0003325538310158999,-0.0016982403652322355,-0.003405348533002655,-0.006819564868543494,15
2011-03-24,0.030747684883378933,1.7171629445822996,0.030404252294462475,0.029030521938796634,0.027313358994214335,0.023879033105049734,15
2011-04-21,0.03026660300559563,1.7170388751033911,0.029923195230574955,0.02854956413049224,0.02683252525538885,0.023398447505182066,15
2011-05-20,-0.022695816956970302,1.7794630872483221,-0.023051709574419967,-0.024475280044218624,-0.026254743131466945,-0.02981366930596359,15
2011-06-20,0.04499540954143338,1.7440660474716205,0.044646596331939056,0.04325134349396176,0.04150727744649014,0.03801914535154689,15
2011-07-19,0.01186807993261018,1.750644994840041,0.011517950933642171,0.010117434937770139,0.008366789942930098,0.004865499953250016,15
2011-08-16,0.0027960444041212193,1.6641538337498991,0.0024632136373712392,0.00113189057037132,-0.0005322632633785792,-0.0038605709308783777,15
2011-09-14,-0.0006832872523520718,1.7334515842941225,-0.0010299775692108964,-0.0024167388366461945,-0.004150190420940317,-0.007617093589528562,15
2011-10-12,-0.048967037391740104,1.7900808972237545,-0.04932505357118486,-0.05075711828896386,-0.05254719918618761,-0.05612736098063512,15
2011-11-09,-0.012221071822411793,1.6589786599571337,-0.01255286755440322,-0.013880050482368927,-0.01553902914232606,-0.01885698646224033,15
2011-12-08,0.00214479687723491,1.6656415991053957,0.001811668557413831,0.0004791552781295144,-0.0011864863209758813,-0.004517769519186672,15
2012-01-09,-0.013943885681291004,1.7387373888722406,-0.014291633159065452,-0.015682623070163243,-0.017421360459035487,-0.020898835236779968,15
2012-02-07,0.02772171226496414,1.6729797979797978,0.02738711630536818,0.02604873246698434,0.024375752669004543,0.02102979307304495,15
2012-03-07,-0.025912757019127035,1.7951262696859565,-0.026271782273064224,-0.02770788328881299,-0.02950300955849895,-0.03309326209787086,15
2012-04-04,-0.007613987228958044,1.7129810828440966,-0.007956583445526863,-0.009326968311802141,-0.011039949394646238,-0.01446591156033443,15
2012-05-03,-0.008396156873377584,1.7369731800766286,-0.00874355150939291,-0.010133130053454212,-0.01187010323353084,-0.015344049593684099,15
2012-06-01,-0.014063881749271059,1.7333792967595785,-0.014410557608622974,-0.015797261046030638,-0.017530640342790216,-0.02099739893630937,15
2012-06-29,0.018874224318158217,1.7668065128358807,0.01852086301559104,0.017107417805322336,0.015340611292486456,0.011806998266814694,15
2012-07-30,0.0005327977615049635,1.809109979023075,0.00017097576570034847,-0.0012763122175181115,-0.0030854221965411865,-0.006703642154587337,15
2012-08-27,-0.0004990094464611297,1.7744102401354067,-0.0008538914944882111,-0.002273419686596536,-0.004047829926731943,-0.007596650407002756,15
2012-09-25,0.046511023959221354,1.713001027749229,0.04616842375367151,0.04479802293147212,0.043085021903722896,0.03965901984822444,15
2012-10-23,-0.006491133103176138,1.799229188078109,-0.00685097894079176,-0.008290362291254247,-0.010089591479332357,-0.013688049855488575,15
2012-11-23,0.004104379849112529,1.7325041459369817,0.0037578790199251323,0.002371875703175547,0.0006393715572385653,-0.002825636734635398,15
2012-12-21,0.0015995663628395225,1.6780270502361527,0.0012639609527922918,-7.846068739663032e-05,-0.0017564877376327831,-0.005112541838105089,15
2013-01-23,-0.0022076794099521735,1.6212941987589873,-0.002531938249703971,-0.0038289736087111607,-0.005450267807470148,-0.008692856204988123,15
2013-02-21,0.0012962954623425543,1.728764478764479,0.0009505425665896584,-0.0004324690164219248,-0.002161233495186404,-0.005618762452715362,15
2013-03-21,0.010665010035750872,1.7374387810629424,0.010317522279538284,0.00892757125468793,0.007190132473624987,0.003715254911499102,15
2013-04-19,0.06853699063761814,1.7374841284237257,0.0681894938119334,0.06679950650919442,0.06506202238077069,0.06158705412392324,15
2013-05-17,-0.019572732150700416,1.6586577181208053,-0.019904463694324578,-0.021231389868821223,-0.022890047586942026,-0.02620736302318364,15
2013-06-17,-0.029629136419351366,1.665413870246085,-0.029962219193400582,-0.031294550289597454,-0.032959964159843536,-0.036290791900335705,15
2013-07-16,0.023104132116758654,1.781637717121588,0.02274780457333434,0.021322494399637067,0.019540856682515477,0.015977581248272303,15
2013-08-13,0.019784577239212762,1.8135235732009927,0.019421872524572562,0.017971053666011767,0.016157530092810776,0.01253048294640879,15
2013-09-11,0.015944861096690265,1.7376590987272102,0.015597329276944823,0.014207201997963055,0.012469542899235844,0.008994224701781423,15
2013-10-09,-0.017776601422706508,1.7459044223750106,-0.01812578230718151,-0.019522505845081518,-0.02126841026745653,-0.02476021911220655,15
2013-11-06,-0.001869134522914674,1.6632375776397514,-0.0022017820384426243,-0.0035323721005544257,-0.0051956096781941765,-0.00852208483347368,15
2013-12-05,0.006662941568495611,1.6882763975155282,0.0063252862889925055,0.004974665170980083,0.003286388773464555,-9.01640215665014e-05,15
2014-01-06,-0.009084272194980987,1.7150525266467294,-0.009427282700310333,-0.010799324721627717,-0.012514377248274446,-0.015944482301567905,15
2014-02-04,0.016853224079813635,1.7957939542601546,0.016494065288961603,0.015057430125553481,0.013261636171293325,0.009670048262773016,15
2014-03-05,-0.0036431462053228576,1.7828689370485036,-0.003999719992732558,-0.005426015142371361,-0.007208884079419865,-0.010774621953516871,15
2014-04-02,-0.045874236134772955,1.7418988648090816,-0.04622261590773477,-0.04761613499958204,-0.04935803386439112,-0.052841831594009285,15
2014-05-01,-0.004900738332118447,1.6736404621020005,-0.005235466424538847,-0.006574378794220448,-0.008248019256322448,-0.011595300180526449,15
2014-05-30,-0.03764451532756895,1.8410519227891664,-0.03801272571212678,-0.039485567250358115,-0.04132661917314728,-0.04500872301872561,15
2014-06-27,-0.0062464703441168275,1.743341313781236,-0.006595138606873075,-0.007989811657898064,-0.0097331529716793,-0.013219835599241772,15
2014-07-28,-0.007238961167646579,1.694261559180009,-0.007577813479482581,-0.008933222726826588,-0.010627484286006596,-0.014016007404366615,15
2014-08-25,-0.006921382141082512,1.8472243004638633,-0.007290827001175285,-0.008768606441546376,-0.01061583074201024,-0.014310279342937965,15
2014-09-23,-0.03562439940088873,1.721148684916801,-0.03596862913787209,-0.037345548085805536,-0.03906669677072234,-0.042508994140555936,15
2014-10-21,0.0318875908365687,1.8585548738922972,0.03151587986179024,0.0300290359626764,0.028170481088784102,0.024453371340999508,15
2014-11-18,-0.02051375446931666,1.7751293422025132,-0.020868780337757162,-0.022288883811519174,-0.024064013153721687,-0.027614271838126713,15
2014-12-17,-0.004816428951301785,1.671470805617147,-0.005150723112425214,-0.006487899756918932,-0.00815937056253608,-0.011502312173770374,15
2015-01-16,0.06730577023081274,1.687602872961245,0.0669682496562205,0.0656181673578515,0.06393056448489025,0.060555358738967766,15
2015-02-17,-0.034621187579424326,1.7933481152993347,-0.03497985720248419,-0.03641453569472366,-0.038207883810023,-0.041794580040621664,15
2015-03-17,0.07851440407645481,1.749251497005988,0.07816455377705361,0.07676515257944883,0.07501590108244284,0.07151739808843086,15
2015-04-15,0.015785138121528604,1.6122041631023667,0.015462697288908131,0.014172933958426236,0.01256072979532387,0.009336321469119137,15
2015-05-13,-0.05778094174221411,1.5406686626746506,-0.05808907547474904,-0.059321610404888765,-0.06086227906756341,-0.06394361639291271,15
2015-06-11,-0.021325541659778114,1.6955731394354148,-0.021664656287665198,-0.023021114799213527,-0.024716687938648944,-0.02810783421751977,15
2015-07-10,-0.05436609207188916,1.8165188834154353,-0.05472939584857225,-0.05618261095530459,-0.05799912983872003,-0.0616321676055509,15
2015-08-07,0.009615379172997427,1.747586206896552,0.009265861931618116,0.007867792966100875,0.006120206759204324,0.0026250343454112196,15
2015-09-04,-0.002005489558667335,1.7462234597981205,-0.002354734250626959,-0.003751713018465456,-0.0054979364782635765,-0.008990383397859817,15
2015-10-05,0.025837490799027744,1.5871562826313956,0.025520059542501465,0.024250334516396348,0.022663178233764954,0.01948886566850216,15
2015-11-02,0.0031844270956629703,1.8253012048192772,0.0028193668546991147,0.001359125890843693,-0.00046617531397558434,-0.004116777723614139,15
2015-12-01,0.00885913640092472,1.7719140033186638,0.008504753600260987,0.007087222397606056,0.005315308394287393,0.0017714803876500654,15
2015-12-30,-0.02072438671026724,1.6458047759901884,-0.021053547665465275,-0.022370191486257428,-0.024015996262247614,-0.027307605814227993,15
2016-01-29,0.025374694018216418,1.5919486328547725,0.025056304291645463,0.023782745385361646,0.02219079675250687,0.019006899486797325,15
2016-02-29,-0.004661689537390877,1.7043474967810346,-0.005002559036747084,-0.0063660370341719116,-0.008070384530952946,-0.011479079524515014,15
2016-03-29,0.0755019725297152,1.7566770186335403,0.07515063712598849,0.07374529551108167,0.07198861849244813,0.06847526445518104,15
2016-04-26,-0.004327217169069315,1.8877329192546584,-0.004704763752920247,-0.0062149500883239735,-0.008102683007578632,-0.011878148846087948,15
2016-05-24,0.03970633693358395,1.5963697157869596,0.039387062990426554,0.03810996721779699,0.036513597502010026,0.03332085807043611,15
2016-06-22,0.011145853767578685,1.7668577342568268,0.01079248222072732,0.009378996033321858,0.0076121382990650315,0.004078422830551378,15
2016-07-21,0.025558002046243818,1.8030750586987807,0.02519738703450406,0.023754926987545038,0.021951851928846255,0.018345701811448695,15
2016-08-18,-0.006687554968200822,1.7291903355298037,-0.0070333930353067824,-0.008416745303730626,-0.01014593563926043,-0.013604316310320037,15
2016-09-16,0.06761639440680837,1.6348056130664825,0.06728943328419508,0.06598158879374189,0.06434678318067541,0.061077171954542445,15
2016-10-14,0.0708832945290987,1.7663800652814268,0.0705300185160424,0.06911691446381726,0.06735053439853585,0.06381777426797298,15
2016-11-11,0.017856220333765015,1.906053459119497,0.017475009641941115,0.015950166874645517,0.01404411341552602,0.010232006497287026,15
2016-12-12,0.01587590357230903,1.7610499116007072,0.01552369358998889,0.014114853660708323,0.012353803749107616,0.008831703925906202,15
2017-01-11,-0.06138409780051329,1.7549299605603155,-0.06173508379262536,-0.06313902776107361,-0.06489395772163392,-0.06840381764275455,15
2017-02-09,-0.037400223497046595,1.6797337278106506,-0.037736170242608724,-0.03907995722485724,-0.0407596909526679,-0.0441191584082892,15
2017-03-10,0.0083759647360372,1.7116008945963495,0.00803364455711793,0.0066643638414408506,0.004952762946844501,0.0015295611576518018,15
2017-04-07,0.013545427438338553,1.7236851598008804,0.013200690406378378,0.011821742278537673,0.010098057118736792,0.006650686799135032,15
2017-05-08,0.011783090570858626,1.681516485102085,0.011446787273838209,0.010101574085756541,0.008420057600654455,0.005057024630450286,15
2017-06-06,-0.015142680230072916,1.704052573932092,-0.015483490744859335,-0.016846732804005008,-0.0185507853779371,-0.021958890525801283,15
2017-07-05,0.026892685159036853,1.7957218093932619,0.026533540797158202,0.025096963349643592,0.023301241540250327,0.019709797921463806,15
2017-08-02,0.019671240548388876,1.8075896399971143,0.019309722620389453,0.01786365090839176,0.016056061268394647,0.012440881988400418,15
2017-08-30,-0.005961802805743751,1.789663369373514,-0.006319735479618453,-0.007751466175117265,-0.00954112954449078,-0.013120456283237807,15
2017-09-28,0.019029180054958468,1.775240206947524,0.018674132013568965,0.017253939848010946,0.01547869964106342,0.011928219227168371,15
2017-10-26,-0.016296937913198504,1.6716925351071692,-0.01663127642021994,-0.017968630448305673,-0.019640322983412842,-0.02298370805362718,15
2017-11-24,0.011920145338480076,1.740584754611904,0.011572028387557694,0.010179560583868172,0.008438975829256267,0.004957806320032459,15
2017-12-22,-0.011288809040249573,1.6424490067105175,-0.011617298841591676,-0.012931258046960091,-0.014573707053670608,-0.017858605067091644,15
2018-01-24,-0.016165863425088713,1.7696830775363763,-0.01651980004059599,-0.01793554650262509,-0.019705229580161465,-0.02324459573523422,15
2018-02-22,-0.01903484062905845,1.7408810045844132,-0.01938301682997533,-0.02077572163364286,-0.022516602638227273,-0.0259983646473961,15
2018-03-22,-0.021615405012479265,1.7140794677044755,-0.02195822090602016,-0.02332948448018374,-0.025043563947888217,-0.028471722883297166,15
2018-04-20,-0.02411607548217274,1.5520682945201179,-0.024426489141076764,-0.025668143776692857,-0.027220212071212977,-0.03032434866025321,15
2018-05-18,0.012972251131754965,1.7279204194112112,0.012626667047872723,0.011244330712343754,0.009516410292932542,0.00606056945411012,15
2018-06-18,-0.0001711132102939967,1.8011363636363638,-0.0005313404830212694,-0.0019722495739303604,-0.003773385937566724,-0.007375658664839451,15
2018-07-17,-0.004241653420574604,1.6590909090909092,-0.004573471602392787,-0.005900744329665513,-0.007559835238756423,-0.01087801705693824,15
2018-08-14,-0.021522090447920243,1.7092857142857143,-0.021863947590777387,-0.02323137616220596,-0.024940661876491674,-0.0283592333050631,15
2018-09-12,-0.003956199289880354,1.6733333333333333,-0.00429086595654702,-0.005629532623213687,-0.007302865956547021,-0.010649532623213687,15
2018-10-10,0.07003447272421139,1.7346023520031892,0.06968755225381075,0.0682998703722082,0.066565268020205,0.06309606331619863,15
2018-11-07,0.026578447304726464,1.8154275463424359,0.026215361795457977,0.02476301975838403,0.022947592212041592,0.01931673711935672,15
2018-12-07,-0.012870980706616828,1.8203051485414707,-0.013235041736325122,-0.014691285855158298,-0.01651159100369977,-0.020152201300782713,15
2019-01-08,0.014242922781113257,1.8399901380670614,0.013874924753499844,0.012402932643046196,0.010562942504979134,0.006882962228845012,15
2019-02-06,-0.015823368827450827,1.7807480980557902,-0.016179518447061985,-0.01760411692550662,-0.019384865023562407,-0.02294636121967399,15
2019-03-07,-0.010763023883820723,1.7776134478031889,-0.011118546573381361,-0.012540637331623913,-0.0143182507794271,-0.01787347767503348,15
2019-04-04,0.004345472702941311,1.808917878528657,0.003983689127235579,0.0025365548244126535,0.0007276369458839964,-0.002890198811173318,15
2019-05-03,-0.03961962118647342,1.7071214713430283,-0.03996104548074202,-0.04132674265781645,-0.04303386412915948,-0.04644810707184553,15
2019-06-03,0.009799629752255694,1.608433734939759,0.009477943005267742,0.008191196017315935,0.006582762282376176,0.003365894812496658,15
2019-07-01,-0.012626614487492936,1.804029304029304,-0.012987420348298797,-0.01443064379152224,-0.016234673095551544,-0.01984273170361015,15
2019-07-30,-0.02263217300161907,1.7505635390250776,-0.022982285709424087,-0.02438273654064415,-0.026133300079669228,-0.02963442715771938,15
2019-08-27,0.0881869797905933,1.7354447731043936,0.08783989083597242,0.08645153501748891,0.0847160902443845,0.08124520069817573,15
2019-09-25,-0.01035304071736132,1.5731548950292187,-0.010667671696367164,-0.01192619561239054,-0.013499350507419757,-0.016645660297478194,15
2019-10-23,0.044701028094175914,1.7957218093932619,0.04434188373229726,0.04290530628478265,0.04110958447538939,0.03751814085660286,15
2019-11-20,0.008419096831975456,1.7767068273092372,0.00806375546651361,0.006642390004666219,0.004865683177356982,0.0013122695227385075,15
2019-12-19,0.004659149591258193,1.779227259766182,0.0043033041393049564,0.002879922331492011,0.001100695071725829,-0.0024577594478065352,15
2020-01-21,-0.066115931340699,1.679628064243449,-0.06645185695354769,-0.06779555940494245,-0.06947518746918589,-0.0728344435976728,15
2020-02-19,0.029426988015817005,1.6025641025641026,0.029106475195304186,0.0278244239132529,0.0262218598106888,0.023016731605560593,15
2020-03-18,0.47054702991938935,1.8427163198247536,0.4701784866554244,0.4687043135995646,0.46686159727973986,0.4631761646400903,15
2020-04-16,-0.130309384102439,1.8164746371390095,-0.13067267902986682,-0.13212585873957802,-0.13394233337671702,-0.13757528265099503,15
2020-05-14,0.14258137172294139,1.6333233577734552,0.1422547070513867,0.14094804836516794,0.13931472500739447,0.13604807829184756,15
2020-06-12,-0.12766115059951805,1.701031991744066,-0.12800135699786686,-0.12936218259126211,-0.13106321458300618,-0.13446527856649432,15
2020-07-13,0.017070395232775364,1.6102463054187193,0.01674834597169162,0.015460148927356645,0.013849902621937926,0.010629410011100487,15
2020-08-10,-0.003154041457252202,1.7883087027914613,-0.0035117031978104942,-0.004942350160043663,-0.006730658862835125,-0.010307276268418047,15
2020-09-08,0.07565995994039787,1.7197742418060653,0.07531600509203666,0.0739401856985918,0.07222041145678573,0.06878086297317361,15
2020-10-06,-0.029423632659340983,1.736551724137931,-0.02977094300416857,-0.031160184383478912,-0.03289673610761684,-0.03636983955589271,15
2020-11-03,0.03504265716098686,1.7019704433497536,0.034702263072316906,0.033340686717637104,0.031638716274287354,0.028234775387587847,15
2020-12-02,-0.017426782992826427,1.8116022099447513,-0.01778910343481538,-0.01923838520277118,-0.02104998741271593,-0.024673191832605433,15
2020-12-31,0.13122816970746598,1.7558820218394686,0.1308769933030981,0.12947228768562652,0.12771640566378703,0.12420464162010811,15
2021-02-01,0.09766468351551223,1.7893470790378005,0.09730681409970467,0.09587533643647443,0.09408598935743663,0.09050729519936103,15
2021-03-02,-0.0474559253754195,1.7493963102482373,-0.04780580463746915,-0.049205321685667734,-0.05095471799591597,-0.054453510616412445,15
2021-03-30,0.006154563119707228,1.7096493769921763,0.005812633244308792,0.004444913742715051,0.002735264365722875,-0.0006840343882614777,15
2021-04-28,0.08080954488295049,1.9410798802279532,0.0804213289069049,0.07886846500272253,0.07692738512249458,0.07304522536203867,15
2021-05-26,-0.06032979835318526,1.7251187392055267,-0.06067482210102637,-0.06205491709239079,-0.06378003583159632,-0.06723027331000737,15
2021-06-24,-0.005758508152395959,1.587330592355718,-0.006075974270867103,-0.007345838744751677,-0.008933169337107395,-0.012107830521818831,15
2021-07-23,0.02650299403995488,1.4661692299883256,0.026209760193957217,0.025036824809966555,0.02357065557997823,0.02063831712000158,15
2021-08-20,0.06987486967328693,1.787160949597498,0.06951743748336743,0.06808770872368944,0.06630054777409193,0.06272622587489694,15
2021-09-20,-0.022451815778809257,1.7952328465141913,-0.022810862348112096,-0.02424704862532345,-0.02604228147183764,-0.02963274716486602,15
2021-10-18,0.00024198679044666258,1.7429870487737669,-0.0001066106193080908,-0.0015010002583271042,-0.003243987307100871,-0.006729961404648405,15
2021-11-15,-0.024356318687526142,1.6640672361532103,-0.024689132134756785,-0.026020385923679352,-0.02768445315983256,-0.03101258763213898,15
2021-12-14,0.03227295697298864,1.7505667098445596,0.03192284363101973,0.03052239026314408,0.02877182355329952,0.0252706901336104,15
2022-01-12,-0.07344436564274037,1.80954269098599,-0.07380627418093758,-0.07525390833372636,-0.07706345102471235,-0.08068253640668434,15
2022-02-10,0.0958015439873078,1.8869415807560137,0.09542415567115659,0.09391460240655178,0.09202766082579576,0.08825377766428374,15
2022-03-11,0.024478555816983372,1.8091860857818305,0.024116718599827006,0.022669369731201542,0.02086018364541971,0.01724181147385605,15
2022-04-08,0.05696145897624962,1.6657940663176265,0.056628300162986096,0.055295664909932,0.05362987084361437,0.050298282710979116,15
2022-05-09,-0.07629878583103919,1.8432864310645725,-0.0766674431172521,-0.07814207226210376,-0.07998535869316833,-0.08367193155529748,15
2022-06-07,0.09339364164289077,1.6462538094416652,0.09306439088100243,0.0917473878334491,0.09010113402400743,0.0868086264051241,15
2022-07-07,0.03007844253511755,1.7826184847461441,0.029721918838168323,0.028295824050371406,0.026513205565625263,0.022947968596132975,15
2022-08-04,0.06572081932590865,1.6443768996960486,0.06539194394596944,0.0640764424262126,0.06243206552651655,0.059143311727124455,15
2022-09-01,-0.027602988451238424,1.6950582086006176,-0.02794200009295855,-0.029298046659839042,-0.030993104868439657,-0.03438322128564089,15
2022-09-30,0.0391263904985473,1.7658291755761464,0.03877322466343207,0.03736056132297115,0.035594732147395,0.03206307379624271,15
2022-10-28,0.004322301959782827,1.7874792112140652,0.003964806117540014,0.0025348227485687616,0.0007473435373546965,-0.002827614885073434,15
2022-11-28,0.012822042855284823,1.8583095747208362,0.012450380940340655,0.010963733280563987,0.00910542370584315,0.0053888045564014775,15
2022-12-27,0.1698551864231994,1.6179318127821334,0.169531600060643,0.16823725461041728,0.16661932279763514,0.16338345917207087,15
2023-01-26,0.0339834117256176,1.7656509859824185,0.03363028152842112,0.03221776073963518,0.030452109753652763,0.026920807781687924,15
2023-02-24,-0.02357696796142232,1.8092777381800902,-0.02393882350905834,-0.025386245699602412,-0.0271955234377825,-0.03081407891414268,15
2023-03-24,0.0007248003803260262,1.8195992344928513,0.00036088053342745585,-0.0010947988541668253,-0.0029143980886596767,-0.00655359655764538,15
2023-04-24,0.02708585931536061,1.8674434312732184,0.026712370629105964,0.02521841588408739,0.023350972452814173,0.019616085590267736,15
2023-05-22,-0.016240314276672094,1.7660148975791436,-0.016593517256187924,-0.018006329174251236,-0.01977234407183038,-0.023304373866988668,15
2023-06-21,-0.022659718821173944,1.7141819238593432,-0.023002555205945813,-0.024373900745033285,-0.02608808266889263,-0.029516446516611318,15
2023-07-20,0.010546445489744432,1.6926474861958734,0.010207915992505258,0.008853798003548559,0.007161150517352686,0.003775855544960939,15
2023-08-17,-0.012704274242490599,1.7934782608695654,-0.013062969894664512,-0.014497752503360163,-0.01629123076422973,-0.019878187285968858,15
2023-09-15,-0.03364895104908857,1.7546865301055248,-0.03399988835510968,-0.0354036375791941,-0.03715832410929962,-0.04066769716951067,15
2023-10-13,0.008633128326786099,1.6636688311688312,0.008300394560552333,0.006969459495617267,0.005305790664448436,0.001978453002110773,15
2023-11-10,-0.011335149505742095,1.7262337662337663,-0.011680396258988849,-0.013061383271975861,-0.014787617038209628,-0.018240084570677162,15
2006-01-26,0.012997492380101054,1.0,0.012797492380101054,0.011997492380101053,0.010997492380101054,0.008997492380101054,16
2006-02-24,-0.0010669697862931305,1.7436038961038962,-0.0014156905655139098,-0.0028105736823970267,-0.004554177578500923,-0.008041385370708715,16
2006-03-24,-0.017592391375698412,1.7494805194805196,-0.017942287479594515,-0.01934187189517893,-0.021091352414659453,-0.02459031345362049,16
2006-04-24,0.024512931934983575,1.723373862201847,0.024168257162543207,0.022789558072781727,0.02106618421057988,0.017619436486176185,16
2006-05-22,-0.02021989032954807,1.8823049400539829,-0.020596351317558867,-0.022102195269602054,-0.023984500209656034,-0.027749110089764002,16
2006-06-20,0.032976263876197336,1.7140794677044757,0.03263344798265644,0.03126218440849286,0.029548104940788383,0.02611994600537943,16
2006-07-19,-0.025050735519658193,1.806038961038961,-0.025411943311865984,-0.026856774480697152,-0.028662813441736115,-0.032274891363814034,16
2006-08-16,-0.024135043621539464,1.6863905325443787,-0.02447232172804834,-0.025821434154083844,-0.02750782468662822,-0.03088060575171698,16
2006-09-14,-0.017145065114842734,1.6094674556213016,-0.017466958605966993,-0.018754532570464034,-0.020364000026085335,-0.02358293493732794,16
2006-10-12,-0.02326003252154549,1.8746792130025662,-0.023634968364146004,-0.02513471173454806,-0.027009390947550622,-0.030758749373555758,16
2006-11-09,0.020267774950026202,1.7323701298701297,0.019921300924052178,0.018535404820156073,0.01680303469028594,0.013338294430545683,16
2006-12-08,-0.00929254755907791,1.7893506493506492,-0.00965041768894804,-0.01108189820842856,-0.012871248857779209,-0.016449950156480507,16
2007-01-10,0.01766138836782049,1.7093023255813953,0.01731952790270421,0.015952086042239095,0.014242783716657699,0.010824179065494908,16
2007-02-08,-0.01015472233107095,1.739374678993323,-0.010502597266869614,-0.011894097010064273,-0.013633471689057597,-0.01711222104704424,16
2007-03-09,-0.032011590101623716,1.723560517038778,-0.032356302205031474,-0.033735150618662495,-0.035458711135701274,-0.03890583216977883,16
2007-04-09,0.0024663095126334173,1.7560810810810814,0.002115093296417201,0.000710228431552336,-0.0010458526495287454,-0.004558014811690908,16
2007-05-07,0.011033092413143021,1.7764908529341885,0.010677794242556183,0.009256601560208832,0.007480110707274644,0.003927129001406267,16
2007-06-05,-0.015740867610177258,1.7438844009557402,-0.016089644490368406,-0.017484752011132997,-0.01922863641208874,-0.02271640521400022,16
2007-07-03,-0.034450431547220536,1.7507556131260795,-0.03480058266984575,-0.036201187160346614,-0.0379519427734727,-0.04145345399972485,16
2007-08-01,-0.02364441580771598,1.7142702936096716,-0.023987269866437913,-0.02535868610132565,-0.027072956394935323,-0.030501496982154666,16
2007-08-29,-0.019908804820456386,1.8052985074626866,-0.020269864521948924,-0.021714103327919072,-0.02351940183538176,-0.027129998850307133,16
2007-09-27,-0.046888333637948844,1.6356218905472637,-0.047215458016058295,-0.04852395552849611,-0.05015957741904337,-0.053430821200137896,16
2007-10-25,-0.03151881380999095,1.6733004926108375,-0.03185347390851312,-0.033192114302601786,-0.03486541479521262,-0.0382120157804343,16
2007-11-23,0.005415527199153393,1.7503069367710253,0.0050654658117991885,0.003665220262382368,0.0019149133256113424,-0.0015857005479307084,16
2007-12-21,0.018624200242184426,1.7613566605279312,0.01827192891007884,0.016862843581656496,0.015101486921128563,0.0115787736000727,16
2008-01-23,0.11068645280505546,1.826921799215999,0.11032106844521226,0.10885953100583946,0.10703260920662346,0.10337876560819147,16
2008-02-21,-0.02015388616260819,1.878778818683144,-0.020529641926344818,-0.022032664981291333,-0.02391144379997448,-0.027669001437340766,16
2008-03-20,0.09097371903316658,1.842411260709914,0.0906052367810246,0.08913130777245666,0.08728889651174675,0.08360407399032692,16
2008-04-18,0.027694844507890136,1.7090025359256127,0.027353044000705012,0.025985841971964522,0.02427683943603891,0.020858834364187687,16
2008-05-16,-0.008704102329547811,1.8099464637926177,-0.009066091622306335,-0.01051404879334043,-0.012323995257133047,-0.015943888184718282,16
2008-06-16,-0.09310917521498827,1.7210129613975766,-0.09345337780726778,-0.09483018817638585,-0.09655120113778341,-0.09999322706057857,16
2008-07-15,0.20446076966428772,1.7117091118966885,0.2041184278419084,0.20274906055239103,0.20103735144049434,0.19761393321670095,16
2008-08-12,-0.05452824700890933,1.8871865314173006,-0.054905684315192785,-0.056415433540326625,-0.05830262007174393,-0.062076993134578526,16
2008-09-10,-0.17114977244234889,1.5069385742462666,-0.17145116015719813,-0.17265671101659516,-0.1741636495908414,-0.17717752673933396,16
2008-10-08,-0.005874827599123925,1.4047619047619047,-0.006155779980076306,-0.00727958950388583,-0.008684351408647734,-0.011493875218171544,16
2008-11-05,0.07514717040295975,1.938041561229967,0.07475956209071376,0.07320912884172978,0.07127108728049981,0.06739500415803988,16
2008-12-04,0.00789737124763917,1.7580264828586978,0.00754576595106743,0.006139344764780472,0.0043813182819217745,0.0008652653162043783,16
2009-01-05,0.11112932461105446,1.7377459749552773,0.1107817754160634,0.10939157863609918,0.10765383266114391,0.10417834071123334,16
2009-02-03,-0.02690693672921109,1.8431963582677162,-0.027275576000864634,-0.028750133087478806,-0.030593329445746522,-0.03427972216228196,16
2009-03-04,0.07310685977405834,1.7910322580645164,0.07274865332244544,0.07131582751599383,0.0695247952579293,0.06594273074180028,16
2009-04-01,0.06479275109565487,1.7973380540257018,0.06443328348484972,0.06299541304162917,0.06119807498760346,0.05760339887955206,16
2009-04-30,0.026714768850026577,1.8189792663476876,0.02635097299675704,0.024895789583678888,0.023076810317331203,0.019438851784635825,16
2009-05-29,0.02906054943077982,1.7562692702980471,0.02870929557672021,0.027304280160481774,0.025548010890183725,0.02203547234958763,16
2009-06-26,-0.010387607751482111,1.771120246659815,-0.010741831800814073,-0.012158727998141926,-0.013929848244801741,-0.017472088738121373,16
2009-07-27,-0.03410410939881483,1.7352941176470589,-0.03445116822234424,-0.035839403516461886,-0.03757469763410895,-0.041045285869403064,16
2009-08-24,0.02092916776603221,1.7402252111354395,0.02058112272380512,0.019188942554896768,0.017448717343761327,0.01396826692149045,16
2009-09-22,0.01991629826694765,1.8485038056511311,0.019546597505817425,0.01806779446129652,0.01621929065564539,0.012522283044343125,16
2009-10-20,0.023725812881782778,1.747419455739756,0.023376328990634826,0.021978393426043023,0.020230973970303264,0.016736135058823754,16
2009-11-17,0.00013039075435414098,1.7922892720306514,-0.0002280671000519893,-0.0016618985176765104,-0.0034541877897071617,-0.007038766333768464,16
2009-12-16,-0.015422564127351858,1.7231800766283523,-0.015767200142677528,-0.01714574420398021,-0.018868924280608563,-0.022315284433865268,16
2010-01-15,-0.018076915555402952,1.738231249338834,-0.018424561805270717,-0.019815146804741786,-0.02155337805408062,-0.025029840552758288,16
2010-02-16,0.0008332316640620955,1.7214285714285715,0.0004889459497763812,-0.0008881969073664762,-0.002609625478795048,-0.006052482621652191,16
2010-03-16,-0.004515643359825506,1.8119658119658117,-0.004878036522218668,-0.006327609171791318,-0.00813957498375713,-0.011763506607688753,16
2010-04-14,-0.015848813678016018,1.6933275058275057,-0.016187479179181518,-0.017542141183843524,-0.01923546868967103,-0.02262212370132604,16
2010-05-12,-0.013112557180402098,1.7682795698924731,-0.013466213094380593,-0.014880836750294571,-0.016649116320187046,-0.02018567545997199,16
2010-06-10,0.002184419554242744,1.7488420181968571,0.0018346511506033727,0.00043557753604588686,-0.0013132644821509704,-0.004810948518544685,16
2010-07-09,-0.006298226200121989,1.6968075458008345,-0.006637587709282156,-0.007995033745922824,-0.009691841291723659,-0.013085456383325327,16
2010-08-06,-0.01769944584245696,1.726238550182212,-0.018044693552493402,-0.01942568439263917,-0.021151922942821384,-0.024604400043185808,16
2010-09-03,-0.009695700991279522,1.672960964773088,-0.01003029318423414,-0.01136866195605261,-0.013041622920825698,-0.016387544850371874,16
2010-10-04,0.01734267190319213,1.7093515286152543,0.017000801597469077,0.015633320374576876,0.01392396884596162,0.010505265788731111,16
2010-11-01,-0.011645479630908295,1.841257428839537,-0.012013731116676201,-0.013486737059747832,-0.01532799448858737,-0.01901050934626644,16
2010-11-30,0.0692460961135549,1.6774352408155224,0.06891060906539179,0.06756866087273937,0.06589122563192384,0.06253635515029281,16
2010-12-29,0.01541893706770981,1.8451387629239977,0.015049909315125011,0.013573798304785813,0.011728659541861815,0.008038382016013819,16
2011-01-27,0.021021633705290844,1.7168964266279705,0.02067825441996525,0.019304737278662873,0.017587840852034905,0.014154047998778962,16
2011-02-25,-0.007848838661130956,1.7422446845590795,-0.008197287598042773,-0.009591083345690036,-0.011333328030249116,-0.014817817399367274,16
2011-03-25,0.018948716818382706,1.8188940092165902,0.018584938016539387,0.017129822809166115,0.015310928799949526,0.011673140781516347,16
2011-04-25,0.03842221867263024,1.6763301214914117,0.03808695264833196,0.036745888551138826,0.035069558429647416,0.031716898186664594,16
2011-05-23,-0.0063540501731776475,1.7533333333333334,-0.006704716839844314,-0.008107383506510982,-0.009860716839844314,-0.013367383506510983,16
2011-06-21,0.006541843950501763,1.7442380460956315,0.006192996341282637,0.0047976059044061315,0.0030533678583104995,-0.00043510823388076374,16
2011-07-20,0.02616513422922342,1.8229704162366702,0.025800540145976086,0.02434216381298675,0.02251919339675008,0.01887325256427674,16
2011-08-17,-0.012281498412916628,1.6765298718052084,-0.01261680438727767,-0.013958028284721837,-0.015634558156527045,-0.018987617900137463,16
2011-09-15,-0.04555129200923359,1.7904539224381195,-0.04590938279372122,-0.04734174593167171,-0.04913219985410983,-0.05271310769898607,16
2011-10-13,-0.06411067467593677,1.7696267696267696,-0.06446460002986212,-0.06588030144556355,-0.06764992821519031,-0.07118918175444384,16
2011-11-10,-0.008596773791132127,1.7619047619047619,-0.00894915474351308,-0.010358678553036888,-0.01212058331494165,-0.015644392838751173,16
2011-12-09,0.034800196291510606,1.6666666666666665,0.034466862958177275,0.03313352962484394,0.03146686295817727,0.028133529624843938,16
2012-01-10,-0.012131354827369833,1.7951753071621215,-0.012490389888802257,-0.013926530134531954,-0.015721705441694076,-0.01931205605601832,16
2012-02-08,0.03131680949400727,1.707604895104895,0.030975288514986286,0.029609204598902372,0.027901599703797478,0.024486389913587685,16
2012-03-08,-0.02937709684470918,1.7749044823408815,-0.029732077741177355,-0.03115200132705006,-0.03292690580939094,-0.0364767147740727,16
2012-04-05,-0.021439646812545596,1.6584195321964401,-0.021771330718984884,-0.023098066344742037,-0.024756485876938475,-0.028073324941331357,16
2012-05-04,-0.01727377593356607,1.7655172413793103,-0.01762687938184193,-0.01903929317494538,-0.02080481041632469,-0.02433584489908331,16
2012-06-04,0.02411162581362473,1.7837995337995336,0.023754865906864823,0.022327826279825196,0.020544026746025665,0.016976427678426595,16
2012-07-02,-0.00034582419627023856,1.8032601201615286,-0.0007064762203025444,-0.002149084316431767,-0.003952344436593296,-0.007558864676916353,16
2012-07-31,0.01072789368429175,1.73308381759086,0.010381276920773579,0.008994809866700891,0.00726172604911003,0.00379555841392831,16
2012-08-28,0.006026971754652794,1.7287462430227565,0.005681222506048243,0.004298225511630038,0.002569479268607281,-0.0008880132174382323,16
2012-09-26,0.0243867028197036,1.671884498480243,0.024052325920007552,0.022714818321223358,0.021042933822743113,0.017699164825782626,16
2012-10-24,-0.014370365016768805,1.7792299898682877,-0.014726211014742462,-0.016149595006637093,-0.01792882499650538,-0.021487284976241958,16
2012-11-26,-0.006332780088678533,1.730613848052968,-0.006678902858289127,-0.008063393936731502,-0.009794007784784469,-0.013255235480890405,16
2012-12-24,0.003238526484294853,1.7033762860853061,0.002897851227077792,0.001535150198209547,-0.00016822608787575924,-0.0035749786600463716,16
2013-01-24,0.0008643780411761674,1.6961342523224454,0.0005251511907116782,-0.0008317562111462781,-0.0025278904634687236,-0.0059201589681136145,16
2013-02-22,-0.010939612821432722,1.784191910030836,-0.01129645120343889,-0.012723804731463558,-0.014507996641494394,-0.018076380461556067,16
2013-03-22,-0.031632285984650683,1.670143297660076,-0.031966314644182696,-0.03330242928231076,-0.034972572579970836,-0.03831285917529099,16
2013-04-22,0.08928307347125473,1.6064993564993566,0.08896177359995486,0.08767657411475538,0.08607007475825602,0.08285707604525731,16
2013-05-20,-0.018307975447842306,1.7077262693156734,-0.01864952070170544,-0.02001570171715798,-0.021723427986473653,-0.025138880525105,16
2013-06-18,-0.012558334053007466,1.7340838852097131,-0.012905150830049408,-0.01429241793821718,-0.01602650182342689,-0.01949466959384632,16
2013-07-17,0.003959946859965487,1.7941687344913153,0.0036011131130672235,0.002165778125474171,0.0003716093909828561,-0.0032167280779997745,16
2013-08-14,0.019323918699748383,1.7814722911497105,0.01896762424151844,0.017542446408598672,0.01576097411744896,0.012198029535149542,16
2013-09-12,-0.0063406907966982225,1.6658066735466117,-0.006673852131407545,-0.008006497470244834,-0.009672304143791447,-0.01300391749088467,16
2013-10-10,-0.048238239047441664,1.7261692555810204,-0.04858347289855787,-0.049964408303022685,-0.051690577558603706,-0.05514291606976575,16
2013-11-07,0.011233363920647187,1.6755046583850932,0.010898262988970168,0.009557859262262094,0.007882354603877,0.004531345287106814,16
2013-12-06,0.017453777636898052,1.7319875776397518,0.0171073801213701,0.0157217900592583,0.013989802481618548,0.010525827326339044,16
2014-01-07,-0.02150020513978762,1.7600166628796483,-0.02185220847236355,-0.02326022180266727,-0.025020238465546917,-0.028540271791306214,16
2014-02-05,0.018950592346738244,1.7492871400057028,0.018600734918737104,0.01720130520673254,0.015452018066726839,0.011953443786715433,16
2014-03-06,0.0013925612736304669,1.7485380116959062,0.0010428536712912856,-0.0003559767380654393,-0.0021045147497613455,-0.005601590773153158,16
2014-04-03,-0.015250364372912106,1.6959064327485378,-0.015589545659461815,-0.016946270805660645,-0.01864217723840918,-0.02203399010390626,16
2014-05-02,-0.014587565493832153,1.7552751639577986,-0.014938620526623713,-0.016342840657789952,-0.01809811582174775,-0.021608666149663346,16
2014-06-02,-0.008657327526973737,1.7689948263118995,-0.009011126492236116,-0.010426322353285637,-0.012195317179597535,-0.015733306832221336,16
2014-06-30,-0.013736858057734218,1.7644030668127053,-0.014089738671096759,-0.015501261124546924,-0.01726566419135963,-0.02079447032498504,16
2014-07-29,0.013406452062321718,1.698064987221614,0.013066839064877395,0.011708387075100104,0.01001032208787849,0.006614192113435262,16
2014-08-26,-0.00027155095967899183,1.8192934782608696,-0.0006354096553311658,-0.0020908444379398616,-0.003910137916200731,-0.00754872487272247,16
2014-09-24,-0.054012760562999494,1.7067546583850934,-0.05435411149467651,-0.05571951522138459,-0.05742626987976968,-0.060839779196539864,16
2014-10-22,0.026335289161123366,1.851506786289395,0.025964987803865486,0.024483782374833972,0.022632275588544574,0.018929262015965787,16
2014-11-19,-0.036813800699882125,1.7757575757575759,-0.03716895221503364,-0.0385895582756397,-0.04036531585139728,-0.04391683100291243,16
2014-12-18,0.018103928949152585,1.787878787878788,0.017746353191576827,0.016316050161273795,0.014528171373395009,0.010952413797637433,16
2015-01-20,0.06620741305412643,1.6737862606983258,0.06587265580198677,0.06453362679342811,0.06285984053272978,0.05951226801133313,16
2015-02-18,-0.056614884643245864,1.8117516629711754,-0.0569772349758401,-0.05842663630621704,-0.06023838796918821,-0.06386189129513056,16
2015-03-18,0.03757052787338794,1.7493940690048475,0.03722064905958697,0.03582113380438309,0.03407173973537824,0.030572951597368548,16
2015-04-16,0.00172350518112919,1.7792629027658968,0.0013676526005760106,-5.575772163670702e-05,-0.001835020624402604,-0.005393546429934398,16
2015-05-14,-0.03462744366791026,1.7493940690048475,-0.03497732248171123,-0.03637683773691511,-0.03812623180591996,-0.041625019943929656,16
2015-06-12,-0.026076177574765592,1.7255845451953238,-0.026421294483804657,-0.027801762119960917,-0.02952734666515624,-0.03297851575554689,16
2015-07-13,-0.0537866957847406,1.7420032840722497,-0.05413509644155505,-0.05552869906881285,-0.0572707023528851,-0.0607547089210296,16
2015-08-10,0.008099398891059685,1.7076847290640393,0.007757861945246877,0.006391714161995646,0.0046840294329316065,0.001268659974803528,16
2015-09-08,-0.017447296496504262,1.6793815159199772,-0.017783172799688256,-0.01912667801242424,-0.020806059528344217,-0.024164822560184172,16
2015-10-06,0.036045363508666356,1.709425190194421,0.03570347847062747,0.03433593831847193,0.032626513128277516,0.02920766274788867,16
2015-11-03,0.0082460487086349,1.711925546497367,0.007903663599335427,0.006534123162137533,0.004822197615640166,0.0013983465226454312,16
2015-12-02,0.003563364129925888,1.6940696919414184,0.0032245501915376044,0.0018692944379844695,0.000175224746043051,-0.003212914637839786,16
2015-12-31,0.0367047869752166,1.7355890628381792,0.03635766916264896,0.034969197912378416,0.03323360884954024,0.02976243072386388,16
2016-02-01,-0.022408966977786104,1.7161737860533042,-0.022752201734996765,-0.024125140763839408,-0.025841314549892712,-0.02927366212199932,16
2016-03-01,-0.01667040106348739,1.652439024390244,-0.01700088886836544,-0.018322840087877636,-0.019975279112267878,-0.023280157161048365,16
2016-03-30,0.05960014296092339,1.663276397515528,0.05926748768142029,0.057936866563407866,0.05627359016589233,0.05294703737086128,16
2016-04-27,-0.007577246311936432,1.819332298136646,-0.007941112771563761,-0.009396578610073078,-0.011215910908209724,-0.014854575504483016,16
2016-05-25,0.010144695162724685,1.7161452113685218,0.00980146612045098,0.008428549951356163,0.0067124047399876405,0.003280114317250597,16
2016-06-23,0.018438801757180743,1.8045537775654807,0.018077891001667647,0.016634247979615262,0.01482969420204978,0.01122058664691882,16
2016-07-22,0.005106283742009068,1.8287819841388597,0.004740527345181296,0.003277501757870209,0.0014487197737313487,-0.002208844194546371,16
2016-08-19,0.007855104136839298,1.7800014963339819,0.007499103837572502,0.006075102640505316,0.0042951011441713345,0.0007350981515033706,16
2016-09-19,0.08755863290748807,1.6844950540602714,0.08722173389667601,0.08587413785342779,0.08418964279936753,0.08082065269124698,16
2016-10-17,0.08184963964537059,1.861197356898336,0.08147740017399092,0.07998844228847225,0.07812724493157391,0.07440485021777725,16
2016-11-14,0.03556522054538502,1.9011195460470822,0.03518499663617561,0.03366410099933794,0.03176298145329086,0.027960742361196694,16
2016-12-13,0.01997033223672148,1.7829377364981078,0.01961374468942186,0.018187394500223372,0.016404456763725265,0.012838581290729048,16
2017-01-12,-0.034656412848341166,1.741658066735466,-0.03500474446168826,-0.03639807091507663,-0.038139728981812095,-0.04162304511528303,16
2017-02-10,-0.02278992434381514,1.732952944491406,-0.02313651493271342,-0.024522877288306544,-0.026255830232797952,-0.029721736121780765,16
2017-03-13,0.02183587980187654,1.7475651107423706,0.021486366779728067,0.02008831469113417,0.018340749580391797,0.014845619358907058,16
2017-04-10,0.022963759150128726,1.7372398061020817,0.02261631118890831,0.021226519344026643,0.01948927953792456,0.0160147999257204,16
2017-05-09,-0.0007272187820459835,1.7191331622469346,-0.0010710454144953704,-0.0024463519442929184,-0.004165485106539853,-0.007603751431033722,16
2017-06-07,0.005837239984871124,1.697955458196422,0.00549764889323184,0.004139284526674702,0.00244132906847828,-0.0009545818479145644,16
2017-07-06,0.020702588368301793,1.7180578601832481,0.02035897679626514,0.018984530508118543,0.017266472647935297,0.0138303569275688,16
2017-08-03,0.02726817780019789,1.8136498088161028,0.02690544783843467,0.02545452799138179,0.023640878182565685,0.02001357856493348,16
2017-08-31,0.01593308081959097,1.7784973112171476,0.01557738135734754,0.014154583508373822,0.012376086197156674,0.008819091574722378,16
2017-09-29,0.0069934191191784595,1.6921504198612634,0.006654989035206207,0.005301268699317196,0.003609118279455933,0.00022481743973340636,16
2017-10-27,-0.023501861584895794,1.7097845929171231,-0.02384381850347922,-0.025211646177812918,-0.02692143077073004,-0.030340999956564287,16
2017-11-27,-0.006380385109418019,1.6854043392504932,-0.006717465977268118,-0.008065789448668512,-0.009751193787919004,-0.01312200246641999,16
2017-12-26,-0.02538188028847731,1.7192118226600983,-0.02572572265300933,-0.02710109211113741,-0.028820303933797507,-0.032258727579117706,16
2018-01-25,0.0016270465345415682,1.7424302134646963,0.0012785604918486289,-0.00011538367892312816,-0.0018578138923878245,-0.005342674319317217,16
2018-02-23,-0.008260862334923853,1.7696498571523487,-0.008614792306354323,-0.010030512192076202,-0.011800162049228551,-0.01533946176353325,16
2018-03-23,-0.023584353043185836,1.696629213483146,-0.023923678885882465,-0.02528098225666898,-0.026977611470152128,-0.03037086989711842,16
2018-04-23,-0.019196097258558645,1.6516853932584268,-0.01952643433721033,-0.02084778265181707,-0.0224994680450755,-0.025802838831592352,16
2018-05-21,0.024973999249123413,1.6928686651431644,0.02463542551609478,0.02328113058398025,0.021588261918837084,0.018202524588550754,16
2018-06-19,0.023366202920952057,1.7607467532467531,0.023014053570302707,0.021605456167705303,0.01984470941445855,0.016323215907965045,16
2018-07-18,-0.021834083877467592,1.601396103896104,-0.022154363098246813,-0.023435479981363697,-0.0250368760852598,-0.02823966829305201,16
2018-08-15,-0.019028100665108013,1.641038961038961,-0.019356308457315806,-0.020669139626146974,-0.022310178587185935,-0.025592256509263858,16
2018-09-13,0.008886516984893645,1.6561576354679803,0.008555285457800049,0.007230359349425664,0.005574201713957684,0.002261886443021723,16
2018-10-11,0.008777801398234256,1.764794745484401,0.008424842449137377,0.0070130066527498555,0.005248211907265455,0.001718622416296652,16
2018-11-08,0.014084636992298963,1.8108045977011493,0.013722476072758732,0.012273832394597813,0.010463027796896665,0.006841418601494366,16
2018-12-10,0.026795547332083874,1.7739615539723084,0.02644075502128941,0.025021585778111564,0.023247624224139257,0.01969970111619464,16
2019-01-09,0.037647185798925155,1.863693998309383,0.03727444699926328,0.03578349180061577,0.03391979780230639,0.030192409805687624,16
2019-02-07,-0.01027898079094509,1.7983234714003944,-0.01063864548522517,-0.012077304262345486,-0.01387562773374588,-0.01747227467654667,16
2019-03-08,0.01441889888771454,1.8256619291537408,0.014053766501883792,0.0125932369585608,0.010767575029407058,0.007116251171099577,16
2019-04-05,0.01157617594188191,1.7910607356715142,0.011217963794747607,0.009785115206210396,0.007994054470538883,0.004411932999195853,16
2019-05-06,-0.026194141153917206,1.7432278300541775,-0.026542786719928043,-0.027937368983971384,-0.029680596814025562,-0.033167052474133915,16
2019-06-04,-0.010276680287235176,1.7039065352318365,-0.010617461594281544,-0.011980586822467013,-0.013684493357698849,-0.01709230642816252,16
2019-07-02,-0.009222453202463315,1.7031558185404339,-0.009563084366171402,-0.01092560902100375,-0.012628764839544183,-0.01603507647662505,16
2019-07-31,-0.04368955098598465,1.7983939137785292,-0.04404922976874035,-0.045487944899763176,-0.04728633881354171,-0.050883126641098765,16
2019-08-28,0.050114205983318956,1.7895534232739343,0.04975629529866417,0.04832465256004502,0.04653509913677109,0.04295599229022322,16
2019-09-26,-0.008965367654312115,1.549238871654282,-0.009275215428642972,-0.010514606525966396,-0.01206384539762068,-0.015162323140929242,16
2019-10-24,0.009576130834120589,1.6997330639924968,0.009236184221322089,0.007876397770128092,0.006176664706135595,0.002777198578150602,16
2019-11-21,0.007195145971675986,1.7898780751749512,0.006837170356640996,0.005405267896501035,0.0036153898213260836,3.563367097618106e-05,16
2019-12-20,-0.002168248970367421,1.7015968063872258,-0.002508568331644866,-0.003869845776754647,-0.005571442583141873,-0.008974636195916324,16
2020-01-22,-0.05945474187240077,1.6894425434844595,-0.05979263038109766,-0.061144184415885226,-0.06283362695936968,-0.0662125120463386,16
2020-02-20,0.048667106547513835,1.6540490447676077,0.04833629673856031,0.047013057502746224,0.04535900845797862,0.042050910368443405,16
2020-03-19,0.35062911142493924,1.8307046367287332,0.3502629704975935,0.3487984067882105,0.34696770215148176,0.34330629287802433,16
2020-04-17,-0.1152909838870636,1.6848484848484846,-0.1156279535840333,-0.11697583237191209,-0.11866068085676057,-0.12203037782645754,16
2020-05-15,0.13215624596202719,1.5721981146191832,0.13184180633910336,0.130584047847408,0.1290118497327888,0.12586745350355044,16
2020-06-15,-0.17293819879735506,1.5860533115735074,-0.17325540945966977,-0.17452425210892858,-0.17611030542050207,-0.1792824120436491,16
2020-07-14,0.04957318573814734,1.690574712643678,0.049235070795618605,0.04788261102550366,0.04619203631285999,0.042810886887572626,16
2020-08-11,-0.016102553219132575,1.7881116584564858,-0.016460175550823873,-0.01789066487758906,-0.019678776536045547,-0.023254999852958518,16
2020-09-09,0.07695969027956549,1.5650961150692295,0.07664667105655165,0.07539459416449626,0.07382949804942704,0.07069930581928857,16
2020-10-07,0.0010755617720789592,1.7092857142857143,0.0007337046292218163,-0.0006337239422067552,-0.00234300965649247,-0.005761581085063899,16
2020-11-04,-0.10223479010067553,1.6809415584415586,-0.10257097841236384,-0.10391573165911709,-0.10559667321755864,-0.10895855633444176,16
2020-12-03,-0.03410128372020028,1.8393492940454266,-0.034469153579009364,-0.0359406330142457,-0.03777998230829113,-0.04145868089638198,16
2021-01-04,0.23968983451796164,1.7771304739389848,0.23933440842317383,0.23791270404402265,0.23613557357008366,0.2325813126222057,16
2021-02-02,0.06898951225460294,1.7595238095238097,0.06863760749269818,0.06722998844507913,0.06547046463555532,0.0619514170165077,16
2021-03-03,0.02431043221081871,1.7186265424572011,0.02396670690232727,0.022591805668361508,0.020873179125904306,0.017435926040989903,16
2021-03-31,-0.02299622128405417,1.670699314208442,-0.023330361146895857,-0.02466692059826261,-0.026337619912471053,-0.02967901854088794,16
2021-04-29,0.010171744968013652,1.8183859750796871,0.009808067772997715,0.008353358992933964,0.006534973017854277,0.002898201067694903,16
2021-05-27,-0.07574708133522473,1.5972170290048608,-0.07606652474102571,-0.0773442983642296,-0.07894151539323445,-0.08213594945124418,16
2021-06-25,0.022199683896305708,1.6528095020557334,0.021869121995894563,0.020546874394249976,0.01889406489219424,0.015588445888082773,16
2021-07-26,-0.014152094467776962,1.6172021724785544,-0.014475534902272673,-0.015769296640255517,-0.01738649881273407,-0.02062090315769118,16
2021-08-23,0.025096107527200755,1.7669076552325282,0.02474272599615425,0.023329199871968225,0.0215622922167357,0.018028476906270643,16
2021-09-21,0.03987115344448879,1.6760743891797558,0.03953593856665284,0.038195079055309035,0.036519004666129284,0.03316685588776977,16
2021-10-19,-0.02614155457596455,1.7650523560209428,-0.02649456504716874,-0.027906606931985493,-0.029671659288006438,-0.033201764000048324,16
2021-11-16,-0.046723855206588324,1.7336114746945899,-0.047070577501527246,-0.04845746668128292,-0.0501910781559775,-0.053658301105366686,16
2021-12-15,-0.08926473551837583,1.710165055285508,-0.08960676852943293,-0.09097490057366134,-0.09268506562894684,-0.09610539573951786,16
2022-01-13,-0.06072738441805259,1.7827306233641367,-0.061083930542725415,-0.06251011504141672,-0.06429284566478086,-0.06785830691150914,16
2022-02-11,0.12321943456118939,1.8398589818919928,0.12285146276481099,0.12137957557929739,0.11953971659740541,0.11585999863362142,16
2022-03-14,0.07398189645388474,1.782702915681639,0.07362535587074841,0.0721991935382031,0.07041649062252146,0.06685108479115819,16
2022-04-11,-0.08028803877313193,1.7163405896941306,-0.08063130689107076,-0.08200437936282606,-0.08372071995252019,-0.08715340113190845,16
2022-05-10,0.037374262645195735,1.7215486359878756,0.03702995291799816,0.03565271400920786,0.03393116537321998,0.030488068101244232,16
2022-06-08,0.030857682247861215,1.6726755218216318,0.03052314714349689,0.029185006726039582,0.027512331204217953,0.024166980160574687,16
2022-07-08,-0.05909451675402809,1.653601092274434,-0.059425236972482975,-0.060748117846302525,-0.06240171893857696,-0.06570892112312582,16
2022-08-05,0.09000507716042513,1.4720958015701444,0.0897106580001111,0.08853298135885498,0.08706088555728485,0.08411669395414456,16
2022-09-02,-0.04003064518398318,1.7439712520788786,-0.04037943943439896,-0.041774616436062055,-0.04351858768814094,-0.047006530192298696,16
2022-10-03,-0.03322117861483952,1.8212103407755582,-0.03358542068299463,-0.035042388955615074,-0.03686359929639063,-0.04050601997794175,16
2022-10-31,0.030344144789253222,1.7996474735605172,0.02998421529454112,0.028544497315692703,0.026744849842132188,0.023145554895011154,16
2022-11-29,0.005321511114575916,1.8315217391304348,0.004955206766749829,0.003489989375445481,0.001658467636315046,-0.0020045758419458236,16
2022-12-28,0.17353650917367253,1.6358695652173914,0.17320933526062904,0.17190063960845514,0.17026477004323776,0.16699303091280296,16
2023-01-27,0.021009713488851837,1.8254929912093134,0.020644614890609973,0.019184220497642523,0.01735872750643321,0.013707741524014584,16
2023-02-27,-0.02382316370896747,1.830120698973158,-0.0241891878487621,-0.025653284407940628,-0.027483405106913786,-0.031143646504860102,16
2023-03-27,0.007680329157396505,1.7346335697399529,0.007333402443448515,0.005945695587656553,0.004211062017916599,0.0007417948784366937,16
2023-04-25,0.08499635501142609,1.745384442192953,0.0846472781229875,0.08325097056923314,0.08150558612704019,0.07801481724265429,16
2023-05-23,-0.015441363879614976,1.811571516267649,-0.015803678182868507,-0.017252935395882626,-0.019064506912150274,-0.02268764994468557,16
2023-06-22,0.03608736256876936,1.778814298169137,0.03573159970913554,0.034308548270600224,0.032529733972431085,0.028972105376092815,16
2023-07-21,-0.03704194360262314,1.7086312118570184,-0.03738366984499454,-0.03875057481448016,-0.04045920602633718,-0.04387646845005121,16
2023-08-18,-0.03379461568755419,1.7217866476597767,-0.03413897301708614,-0.03551640233521396,-0.03723818898287374,-0.0406817622781933,16
2023-09-18,-0.003228423465950565,1.65431409062694,-0.003559286284075953,-0.004882737556577504,-0.006537051647204445,-0.009845679828458326,16
2023-10-16,0.023728017397648148,1.721104903786468,0.023383796416890854,0.02200691249386168,0.02028580759007521,0.016843597782502273,16
2023-11-13,0.06958735175731308,1.7179566563467492,0.06924376042604373,0.06786939510096633,0.06615143844461958,0.06271552513192608,16
2006-01-27,-0.02504373131122803,1.0,-0.025243731311228028,-0.02604373131122803,-0.02704373131122803,-0.02904373131122803,17
2006-02-27,-0.015360117934299342,1.7657142857142856,-0.0157132607914422,-0.01712583222001363,-0.018891546505727913,-0.022422975077156484,17
2006-03-27,-0.039495124649483,1.72,-0.039839124649483,-0.041215124649483,-0.042935124649483,-0.046375124649483,17
2006-04-25,-0.0015979056781754133,1.7335999462293317,-0.0019446256674212797,-0.003331505624404745,-0.005065105570634077,-0.00853230546309274,17
2006-05-23,-0.014396517288461166,1.8715083798882681,-0.014770818964438819,-0.016268025668349433,-0.0181395340482377,-0.02188255080801424,17
2006-06-21,0.026664621380957973,1.7821229050279328,0.026308196799952388,0.02488249847593004,0.023100375570902106,0.01953612976084624,17
2006-07-20,-0.0193472663710662,1.829025974025974,-0.019713071565871397,-0.021176292345092173,-0.02300531831911815,-0.026663370267170097,17
2006-08-17,-0.041426706072500506,1.7803606649760493,-0.04178277820549572,-0.043207066737476554,-0.0449874274024526,-0.048548148732404706,17
2006-09-15,-0.0021680970588764076,1.399866159481544,-0.0024480702907727163,-0.003567963218357952,-0.004967829377839496,-0.007767561696802584,17
2006-10-13,-0.00874561923786811,1.8696111580726966,-0.009119541469482649,-0.010615230395940808,-0.012484841554013503,-0.016224063870158897,17
2006-11-10,0.001823551399263326,1.6883025166923473,0.0014858908959248566,0.00013524888257097868,-0.0015530536341213687,-0.004929658667506063,17
2006-12-11,-0.022548766957098107,1.7848934257832563,-0.022905745642254758,-0.024333660382881362,-0.02611855380866462,-0.029688340660231134,17
2007-01-11,0.032916538186066616,1.6944721280978006,0.032577643760447056,0.031222066057968813,0.029527593929871015,0.026138649673675414,17
2007-02-09,-0.026674654220906445,1.767815870570108,-0.027028217395020468,-0.028442470091476553,-0.03021028596204666,-0.03374591770318688,17
2007-03-12,-0.03949323708266244,1.6803760282021152,-0.039829312288302866,-0.04117361311086456,-0.04285398913906667,-0.0462147411954709,17
2007-04-10,0.0280686827001023,1.642361927144536,0.027740210314673393,0.026426320772957763,0.024783958845813227,0.021499234991524157,17
2007-05-08,0.008799192509805891,1.7928545972915182,0.008440621590347587,0.007006337912514373,0.005213483315222854,0.0016277741206398178,17
2007-06-06,-0.02883074931139245,1.7223802480373194,-0.029175225360999913,-0.030553129559429768,-0.03227550980746709,-0.035720270303541725,17
2007-07-05,-0.02247849464657864,1.7285394851657938,-0.0228242025436118,-0.024207034131744434,-0.025935573616910228,-0.029392652587241816,17
2007-08-02,-0.020262495431540805,1.7075152705061083,-0.020603998485642025,-0.021970010702046912,-0.023677525972553022,-0.02709255651356524,17
2007-08-30,-0.01354939007684308,1.7290703517587938,-0.01389520414719484,-0.015278460428601873,-0.01700753078036067,-0.020465671483878255,17
2007-09-28,-0.047655227117673615,1.7342211055276382,-0.048002071338779144,-0.04938944822320125,-0.051123669328728895,-0.05459211153978417,17
2007-10-26,-0.04063525493883153,1.730673234811166,-0.04098138958579376,-0.042365928173642695,-0.04409660140845386,-0.04755794787807619,17
2007-11-26,0.039275283036810035,1.743606455617629,0.03892656174568651,0.03753167658119241,0.03578807012557478,0.03230085721433952,17
2007-12-24,0.03139808738040206,1.7658907510862818,0.031044909230184804,0.02963219662931578,0.027866305878229497,0.024334524376056935,17
2008-01-24,0.053686873399436466,1.7994745484400656,0.053326978489748454,0.0518873988509964,0.05008792430255633,0.0464889752056762,17
2008-02-22,0.002550044604899886,1.8481912144702841,0.002180406362005829,0.0007018533904296017,-0.0011463378240406824,-0.0048427202529812505,17
2008-03-24,0.1616708908237768,1.8538011695906431,0.16130013058985868,0.15981708965418617,0.1579632884845955,0.15425568614541424,17
2008-04-21,0.014750185164363765,1.7777777777777775,0.01439462960880821,0.012972407386585987,0.01119462960880821,0.007639074053252655,17
2008-05-19,-0.018889369067570952,1.7684206818822203,-0.019243053203947397,-0.020657789749453172,-0.022426210431335393,-0.025963051795099834,17
2008-06-17,0.005683068872609032,1.738799661876585,0.005335308940233715,0.003944269210732447,0.002205469548855862,-0.001272129774897308,17
2008-07-16,0.1487360250258682,1.7269653423499578,0.1483906319573982,0.14700905968351824,0.1452820943411683,0.14182816365646836,17
2008-08-13,-0.015463681184375695,1.7326007326007324,-0.01581020133089584,-0.017196281916976426,-0.01892888264957716,-0.022394084114778626,17
2008-09-11,-0.12255220725194302,1.7266483516483517,-0.12289753692227269,-0.12427885560359136,-0.1260055039552397,-0.12945880065853643,17
2008-10-09,0.04071804177725319,1.607026397515528,0.040396636497750084,0.039111015379737664,0.03750398898222213,0.034289936187191075,17
2008-11-06,0.01415159564831666,1.9059748427672956,0.013770400679763201,0.012245620805549366,0.010339645962782069,0.006527696277247478,17
2008-12-05,0.24677295598966106,1.8009447331128956,0.2464127670430385,0.24497201125654816,0.2431710665234353,0.23956917705720948,17
2009-01-06,0.10079640536082089,1.8535480023852116,0.10042569576034385,0.09894285735843568,0.09708930935605047,0.09338221335128005,17
2009-02-04,-0.03526222549218011,1.8132267441860466,-0.03562487084101732,-0.03707545223636616,-0.038888678980552205,-0.0425151324689243,17
2009-03-05,0.11392853860803087,1.7671612903225806,0.11357510634996636,0.1121613773177083,0.11039421602738571,0.10685989344674054,17
2009-04-02,0.01718471189266671,1.799225806451613,0.016824866731376387,0.015385486086215096,0.013586260279763484,0.009987808666860259,17
2009-05-01,0.024406880504600253,1.7828526540231175,0.02405030997379563,0.022624027850577134,0.02084117519655402,0.017275469888507783,17
2009-06-01,0.07858435517778681,1.7991778006166497,0.07822451961766348,0.07678517737717015,0.07498599957655351,0.07138764397532021,17
2009-06-29,0.005850377342179966,1.8283144912641316,0.00548471444392714,0.004022062850915834,0.002193748359651703,-0.00146288062287656,17
2009-07-28,-0.059879428739758614,1.8181529673119647,-0.06024305933322101,-0.06169758170707058,-0.06351573467438254,-0.06715204060900648,17
2009-08-25,-0.026666509353645635,1.7328745699092898,-0.027013084267627493,-0.028399383923554924,-0.030132258493464216,-0.03359800763328279,17
2009-09-23,0.00924215832718276,1.8052862058179544,0.00888110108601917,0.007436872121364806,0.005631585915546852,0.002021013503910943,17
2009-10-21,0.02694279975737717,1.763617677286742,0.026590076221919823,0.02517918208009043,0.023415564402803686,0.019888329048230204,17
2009-11-18,-0.009033613037397536,1.7906954156954158,-0.009391752120536619,-0.010824308453092952,-0.012615003868788367,-0.0161963947001792,17
2009-12-17,-0.01790237670868744,1.8258547008547008,-0.01826754764885838,-0.019728231409542142,-0.02155408611039684,-0.025205795512106242,17
2010-01-19,-0.025470241134882526,1.7744102401354067,-0.02582512318290961,-0.02724465137501793,-0.02901906161515334,-0.032567882095424154,17
2010-02-17,-0.02471306709503851,1.827954779033916,-0.025078658050845293,-0.026541021874072427,-0.02836897665310634,-0.03202488621117417,17
2010-03-17,4.2421132995732e-05,1.8119172494172493,-0.00031996231688771786,-0.0017694961164215174,-0.0035814133658387667,-0.007205247864673265,17
2010-04-15,0.006909929056617688,1.7644636015325672,0.006557036336311175,0.005145465455085121,0.003381001853552554,-0.00014792534951258048,17
2010-05-13,0.018428643985680736,1.7168734491315134,0.018085269295854432,0.016711770536549223,0.014994897087417709,0.011561150189154682,17
2010-06-11,-0.026403026610821917,1.7746898263027295,-0.02675796457608246,-0.028177716437124647,-0.029952406263427378,-0.03350178591603284,17
2010-07-12,-0.02103012117288119,1.7508615998548887,-0.021380293492852167,-0.022780982772736078,-0.02453184437259097,-0.028033567572300744,17
2010-08-09,-0.01607146704609005,1.7112676056338028,-0.01641372056721681,-0.017782734651723853,-0.019494002257357656,-0.02291653746862526,17
2010-09-07,-0.030870671610287156,1.6750599520383693,-0.03120568360069483,-0.03254573156232553,-0.03422079151436389,-0.037570911418440635,17
2010-10-05,0.027240448440223133,1.7689500573454282,0.026886658428754047,0.025471498382877704,0.023702548325532275,0.02016464821084142,17
2010-11-02,-0.00039827485952483553,1.799229188078109,-0.0007581206971404574,-0.0021975040476029445,-0.003996733235681053,-0.007595191611837272,17
2010-12-01,0.05555389633103369,1.8251748251748252,0.05518886136599873,0.05372872150585887,0.05190354668068404,0.04825319703033439,17
2010-12-30,0.0034274510693943793,1.7662730278696268,0.003074196463820454,0.0016611780415247525,-0.00010509498634487429,-0.003637641042084128,17
2011-01-28,0.015329464925017702,1.7898051112336826,0.014971503902770966,0.01353965981378402,0.011749854702550338,0.008170244480082972,17
2011-02-28,0.009072913493260918,1.8623581011351908,0.008700441873033881,0.007210555392125727,0.005348197290990536,0.0016234810887201549,17
2011-03-28,-0.01616345891897105,1.7154168412232929,-0.01650654228721571,-0.017878875760194344,-0.019594292601417637,-0.023025126283864224,17
2011-04-26,0.03443789154369556,1.6375785504817761,0.0341103758335992,0.03280031299321378,0.03116273444273201,0.027887577341768454,17
2011-05-24,-0.010586463499919773,1.7123489932885907,-0.010928933298577491,-0.012298812493208364,-0.014011161486496955,-0.017435859473074137,17
2011-06-22,-0.010541081014800287,1.7574819401444786,-0.010892577402829182,-0.012298562954944765,-0.014056044895089244,-0.0175710087753782,17
2011-07-21,0.005708902401373311,1.7638888888888888,0.005356124623595533,0.003945013512484423,0.0021811246235955337,-0.001346653154182244,17
2011-08-18,0.0057971013263039585,1.744692144373673,0.005448162897429224,0.004052409181930286,0.0023077170375566127,-0.001181667251190733,17
2011-09-16,-0.042746675218526826,1.7123958843704066,-0.04308915439540091,-0.044459071102897235,-0.04617146698726764,-0.049596258756008454,17
2011-10-14,-0.009040923317021226,1.6408347122632838,-0.009369090259473883,-0.01068175802928451,-0.012322592741547794,-0.015604262166074362,17
2011-11-11,-0.004049980547958042,1.7761077403934546,-0.004405202096036733,-0.005826088288351496,-0.007602196028744951,-0.01115441150953186,17
2011-12-12,0.050668628724078166,1.715250965250965,0.050325578531027974,0.0489533777588272,0.04723812679357624,0.0438076248630743,17
2012-01-11,-0.013369416342085692,1.7667066227150134,-0.013722757666628694,-0.015136122964800705,-0.016902829587515718,-0.020436242832945747,17
2012-02-09,0.019655499151285765,1.7632575757575755,0.01930284763613425,0.01789224157552819,0.016128983999770613,0.012602468848255463,17
2012-03-09,-0.05197608953514188,1.7406579069984156,-0.05232422111654156,-0.05371674744214029,-0.05545740534913871,-0.05893872116313554,17
2012-04-09,-0.001565110665067643,1.6106607026372193,-0.001887242805595087,-0.003175771367704862,-0.004786432070342081,-0.008007753475616521,17
2012-05-07,-0.03151578898615445,1.6882183908045976,-0.031853432664315375,-0.03320400737695905,-0.03489222576776365,-0.03826866254937284,17
2012-06-05,0.029285650782561113,1.7574233716475096,0.028934166108231612,0.027528227410913604,0.025770804039266095,0.022255957295971074,17
2012-07-03,-0.000459723121046628,1.873534915788437,-0.0008344301042043155,-0.002333258036835065,-0.004206792952623502,-0.007953862784200376,17
2012-08-01,0.004296377224341797,1.7332315571752193,0.003949730912906754,0.0025631456671665782,0.0008299141099913586,-0.00263654900435908,17
2012-08-29,0.00036358424517343724,1.7711873638344229,9.346772406552647e-06,-0.0014076031186609857,-0.0031787904824954086,-0.006721165210164254,17
2012-09-27,0.005443887557745139,1.7092198581560285,0.005102043586113933,0.0037346676995891103,0.0020254478414330817,-0.0013929918748789754,17
2012-10-25,-0.029867656816206272,1.7872340425531914,-0.03022510362471691,-0.031654890858759464,-0.03344212490131265,-0.03701659298641904,17
2012-11-27,0.0067166141049644955,1.7902592301649647,0.006358562258931503,0.0049263548747995305,0.003136095644634566,-0.00044442281569536356,17
2012-12-26,-0.0021729670106723463,1.7071428571428573,-0.002514395582100918,-0.003880109867815204,-0.0055872527249580615,-0.009001538439243777,17
2013-01-25,0.009463395695478015,1.6396463889721307,0.00913546641768359,0.007823749306505885,0.006184102917533753,0.0029048101395894917,17
2013-02-25,-0.02618864469187913,1.7303645927807003,-0.02653471761043527,-0.027919009284659832,-0.02964937387744053,-0.03311010306300193,17
2013-03-25,-0.048399808809113945,1.6428895338291312,-0.04872838671587977,-0.05004269834294307,-0.05168558787677221,-0.05497136694443047,17
2013-04-23,0.04027327806074126,1.6364955559586434,0.039945978949549536,0.03863678250478262,0.03700028694882398,0.03372729583690669,17
2013-05-21,0.016597327632045238,1.7748344370860927,0.01624236074462802,0.014822493194959145,0.013047658757873053,0.009497989883700868,17
2013-06-19,0.013945689134348833,1.7086092715231787,0.013603967280044198,0.012237079862825654,0.010528470591302476,0.007111252048256118,17
2013-07-18,-0.015170699551080332,1.7685690653432589,-0.015524413364148984,-0.01693926861642359,-0.01870783768176685,-0.02224497581245337,17
2013-08-15,0.009995441767103489,1.7429280397022335,0.009646856159163043,0.008252513727401255,0.006509585687699022,0.0030237296082945547,17
2013-09-13,-0.015644632898744376,1.6724286205710353,-0.015979118622858585,-0.017317061519315412,-0.018989490139886447,-0.02233434738102852,17
2013-10-11,-0.03345352035718969,1.758169934640523,-0.033805154344117794,-0.03521169029183021,-0.03696986022647073,-0.04048620009575178,17
2013-11-08,0.0069625230784488845,1.6591902461467678,0.006630685029219531,0.005303332832302117,0.003644142586155349,0.00032576209386181356,17
2013-12-09,0.02838598547371073,1.7645886051683153,0.028033067752677065,0.026621396868542414,0.024856808263374098,0.02132763105303747,17
2014-01-08,-0.03564168593299472,1.790805120048474,-0.035999846957004415,-0.03743249105304319,-0.03922329617309167,-0.04280490641318862,17
2014-02-06,0.03302069213798982,1.6714428286284573,0.03268640357226413,0.03134924930936136,0.029677806480732902,0.02633492082347599,17
2014-03-07,-0.03512787124730368,1.752941176470588,-0.0354784594825978,-0.03688081242377427,-0.03863375360024486,-0.04213963595318603,17
2014-04-04,-0.008072417693108312,1.552941176470588,-0.00838300592840243,-0.0096253588695789,-0.01117830004604949,-0.014284182398990665,17
2014-05-05,-0.007433494449567167,1.777829882403867,-0.00778906042604794,-0.009211324331971034,-0.0109891542143749,-0.014544813979182634,17
2014-06-03,0.03209798675394032,1.6978459291712305,0.03175841756810607,0.030400140824769092,0.02870229489559786,0.0253066030372554,17
2014-07-01,9.391544357258835e-05,1.7948156261409272,-0.0002650476816555971,-0.001700900182568339,-0.003495715808709266,-0.007085347060991121,17
2014-07-30,0.019851522988914426,1.734100036509675,0.01950470298161249,0.01811742295240475,0.016383322915895077,0.012915122842875725,17
2014-08-27,-0.008381680994479664,1.76972049689441,-0.008735625093858546,-0.010151401491374074,-0.011921121988268484,-0.015460562982057304,17
2014-09-25,-0.05264381692868134,1.7131987577639751,-0.05298645668023414,-0.05435701568644532,-0.056070214444209295,-0.059496611959737246,17
2014-10-23,0.0011454913064780302,1.702706847634384,0.0008049499369511534,-0.0005572155411563539,-0.002259922388790738,-0.005665336084059506,17
2014-11-20,0.0004766400387908416,1.6242424242424245,0.0001517915539423567,-0.001147602385451583,-0.0027718448096940075,-0.0060203296581788565,17
2014-12-19,0.04111593219572253,1.8060606060606061,0.040754720074510406,0.03930987158966193,0.03750381098360132,0.033891689771480105,17
2015-01-21,0.03860696355955705,1.645443663025587,0.03827787482695193,0.03696151989653146,0.035316076233505876,0.0320251889074547,17
2015-02-19,-0.033669653452223385,1.7631559497413156,-0.03402228464217165,-0.0354328094019647,-0.037195965351706016,-0.04072227725118865,17
2015-03-19,0.03153942329274306,1.7555603079555175,0.03118831123115196,0.029783862984787544,0.028028302676832026,0.024517182060920992,17
2015-04-17,0.01186288627984207,1.7792985457656116,0.011507026570688948,0.010083587734076457,0.008304289188310846,0.004745692096779623,17
2015-05-15,-0.03350092139743833,1.5882877102936983,-0.033818578939497065,-0.03508920910773203,-0.03667749681802573,-0.03985407223861312,17
2015-06-15,0.0004810817170739219,1.713358996293128,0.0001384099178152963,-0.001232277279219206,-0.002945636275512334,-0.00637235426809859,17
2015-07-14,-0.03921802147070994,1.7364203612479474,-0.039565305542959534,-0.04095444183195789,-0.042690862193205836,-0.04616370291570173,17
2015-08-11,0.020928949288314888,1.7652216748768472,0.020575904953339517,0.019163727613438042,0.017398505938561192,0.0138680625888075,17
2015-09-09,0.050667182763754724,1.7876435781413158,0.05030965404812646,0.048879539185613406,0.047091895607472095,0.04351660845118946,17
2015-10-07,0.04803206766608076,1.7912033076703737,0.047673827004546684,0.046240864358410384,0.04444966105074001,0.040867254435399264,17
2015-11-04,0.030919831032768144,1.54088252067294,0.030611654528633556,0.029378948512095205,0.027838065991422266,0.024756300950076384,17
2015-12-03,-0.05642489794944722,1.7555603079555175,-0.05677601001103832,-0.058180458257402735,-0.059936018565358254,-0.06344713918126929,17
2016-01-04,-0.02205740626036278,1.6531042128603102,-0.022388027102934843,-0.023710510473223093,-0.0253636146860834,-0.02866982311180402,17
2016-02-02,-0.03634132239215128,1.7993348115299335,-0.036701189354457264,-0.03814065720368121,-0.039939992015211145,-0.04353866163827101,17
2016-03-02,0.0005450859905945914,1.6820664372287895,0.0002086727031488335,-0.001136980446634198,-0.0028190468838629875,-0.0061831797583205665,17
2016-03-31,0.07859053402414773,1.7881211180124224,0.07823290980054524,0.0768024129061353,0.07501429178812288,0.07143804955209804,17
2016-04-28,0.0022847712377885108,1.8130046583850932,0.001922170306111492,0.0004717665794034176,-0.0013412380789816756,-0.004967247395751862,17
2016-05-26,0.0006845272588632259,1.7169811320754718,0.0003411310324481315,-0.001032453873212246,-0.002749435005287718,-0.006183397269438662,17
2016-06-24,0.007294547843570511,1.6352201257861636,0.006967503818413279,0.005659327717784348,0.004024107591998184,0.0007536673404258572,17
2016-07-25,0.020795148504111592,1.7909566007725517,0.02043695718395708,0.01900419190333904,0.01721323530256649,0.013631322101021385,17
2016-08-22,0.024081331656061324,1.7971294402787246,0.02372190576800558,0.0222842022157826,0.020487072775503875,0.016892813894946426,17
2016-09-20,0.08985478321556595,1.690399509240089,0.08951670331371793,0.08816438370632586,0.08647398419708577,0.08309318517860559,17
2016-10-18,0.06908601000940864,1.8156091268241554,0.06872288818404382,0.06727040088258449,0.06545479175576033,0.061823573502112025,17
2016-11-15,0.031176636137149362,1.9154435925520263,0.030793547418638958,0.029261192544597334,0.02734574895204531,0.02351486176694126,17
2016-12-14,0.01745159289187724,1.8593051255589956,0.01707973186676544,0.015592287766318245,0.013732982640759249,0.010014372389641257,17
2017-01-13,-0.02963535753884664,1.7828345373237013,-0.02999192444631138,-0.03141819207617034,-0.03320102661349404,-0.03676669568814144,17
2017-02-13,-0.037801647581962874,1.749251497005988,-0.03815149788136407,-0.03955089907896886,-0.04130015057597485,-0.04479865356998683,17
2017-03-14,0.034070928890003585,1.621455883413895,0.03374663771332081,0.03244947300658969,0.030828017123175795,0.027585105356348005,17
2017-04-11,0.030014566047162454,1.7431921870544627,0.02966592760975156,0.02827137386010799,0.026528181673053527,0.023041797298944604,17
2017-05-10,-0.00998609245128991,1.7491445680068436,-0.010335921364891278,-0.011735237019296754,-0.013484381587303598,-0.016982670723317286,17
2017-06-08,0.00529058380069536,1.7179135704494626,0.004947001086605467,0.003572670230245897,0.0018547566597964344,-0.0015810704811024907,17
2017-07-07,0.003717683576002656,1.7719500757521103,0.003363293560852234,0.0019457335002505457,0.00017378342449843537,-0.0033701167270057853,17
2017-08-04,0.006820610184376583,1.747492965875478,0.006471111591201487,0.005073117218501105,0.0033256242526256267,-0.00016936167912532957,17
2017-09-01,-0.004932228348878354,1.804391740236421,-0.0052931066969256375,-0.006736620089114775,-0.008541011829351196,-0.012149795309824038,17
2017-10-02,0.0043927353832513335,1.7239015944015585,0.004047955064371021,0.0026688337888497752,0.0009449321944482165,-0.0025028709943549004,17
2017-10-30,-0.022045526179662548,1.7175889185484454,-0.022389043963372237,-0.023763115098210993,-0.025480704016759437,-0.02891588185385633,17
2017-11-28,0.029466236468326072,1.681239122868082,0.029129988643752457,0.02778499734545799,0.02610375822258991,0.022741279976853743,17
2017-12-27,-0.0329414302108386,1.7816091954022988,-0.033297752049919055,-0.0347230394062409,-0.036504648601643194,-0.04006786699244779,17
2018-01-26,-0.021613327019276533,1.614942528735632,-0.02193631552502366,-0.023228269548012166,-0.0248432120767478,-0.02807309713421906,17
2018-02-26,-0.019935500731509844,1.729253870174739,-0.020281351505544793,-0.021664754601684582,-0.023394008471859323,-0.0268525162122088,17
2018-03-26,-0.014414547517966067,1.6862720482078966,-0.014751801927607647,-0.016100819566173964,-0.01778709161438186,-0.021159635710797653,17
2018-04-24,-0.027034362502189744,1.6583390873140416,-0.027366030319652554,-0.028692701589503787,-0.030351040676817827,-0.03366771885144591,17
2018-05-22,0.03330382019431755,1.6695792445221134,0.03296990434541313,0.03163424094979544,0.029964661705273326,0.0266255032162291,17
2018-06-20,0.015068926936863014,1.7037012987012985,0.014728186677122754,0.013365225638161716,0.011661524339460418,0.008254121742057821,17
2018-07-19,-0.016951972201250335,1.7494155844155845,-0.01730185531813345,-0.01870138778566592,-0.020450803370081504,-0.023949634538912672,17
2018-08-16,-0.013081371700994635,1.7035389610389609,-0.013422079493202427,-0.014784910662033596,-0.016488449623072558,-0.01989552754515048,17
2018-09-14,-0.002857323346562253,1.6275205254515601,-0.0031828274516525652,-0.004484843872013813,-0.0061123643974653735,-0.009367405448368494,17
2018-10-12,-0.04044278751669092,1.839080459770115,-0.04081060360864494,-0.04228186797646104,-0.04412094843623115,-0.04779910935577138,17
2018-11-09,0.004480394371216085,1.7183908045977012,0.004136716210296545,0.002762003566618384,0.0010436127620206829,-0.0023931688471747195,17
2018-12-11,0.02917961172726554,1.8075955392356862,0.028818092619418402,0.027372016188029855,0.02556442064879417,0.021949229570322797,17
2019-01-10,0.026433015056770492,1.8340377571146802,0.026066207505347556,0.02459897729965581,0.02276493954254113,0.01909686402831177,17
2019-02-08,0.0009798852929422484,1.8398140321217245,0.0006119224865179034,-0.0008599287391794761,-0.0026997427713012006,-0.00637937083554465,17
2019-03-11,0.034319510809575224,1.6813000505014069,0.033983250799474944,0.03263821075907382,0.03095691070857241,0.027594310607569596,17
2019-04-08,0.017185560329258845,1.839673147365455,0.016817625699785753,0.01534588718189339,0.013506214034527935,0.009826867739797025,17
2019-05-07,-0.03840313275748185,1.7150958016342632,-0.038746151917808704,-0.04011822855911611,-0.04183332436075037,-0.045263515964018904,17
2019-06-05,0.015172345188264248,1.7176971358487845,0.014828805761094492,0.013454648052415464,0.01173695091656668,0.008301556644869111,17
2019-07-03,-0.03335719713733458,1.7150605804451957,-0.03370020925342362,-0.035072257717779776,-0.03678731829822497,-0.040217439459115364,17
2019-08-01,-0.019892861581111497,1.7983234714003944,-0.020252526275391577,-0.021691185052511892,-0.023489508523912288,-0.027086155466713075,17
2019-08-29,0.012154277985840081,1.7641109894121945,0.011801455787957642,0.010390166996427887,0.008626056007015692,0.005097834028191303,17
2019-09-27,0.015095733207382661,1.6273717624990982,0.014770258854882841,0.013468361444883564,0.011840989682384465,0.00858624615738627,17
2019-10-25,0.02936355109895667,1.7718418584517712,0.029009182727266318,0.0275917092405049,0.02581986738205313,0.022276183665149586,17
2019-11-22,-0.041936640183090845,1.7779741721376525,-0.04229223501751837,-0.0437146143552285,-0.04549258852736615,-0.04904853687164146,17
2019-12-23,0.012711288667091269,1.7608799129606965,0.01235911268449913,0.010950408754130572,0.009189528841169876,0.005667769015248483,17
2020-01-23,-0.054607098524803624,1.6849925200598397,-0.05494409702881559,-0.05629209104486346,-0.0579770835649233,-0.061347068605042986,17
2020-02-21,-0.006022852484978229,1.6316903979554582,-0.00634919056456932,-0.007654542882933687,-0.009286233280889145,-0.012549614076800062,17
2020-03-20,0.2414684534546232,1.7884264330047464,0.24111076816802224,0.23968002702161845,0.2378916005886137,0.23431474772260422,17
2020-04-20,-0.022025702766869673,1.6917123037604966,-0.02236404522762177,-0.02371741507063017,-0.025409127374390668,-0.02879255198191166,17
2020-05-18,0.16118011722751732,1.4041759053954175,0.16089928204643825,0.15977594132212192,0.15837176541672648,0.15556341360593565,17
2020-06-16,-0.19737252957923826,1.3563987095039656,-0.19764380932113906,-0.19872892828874222,-0.2000853269982462,-0.20279812441725412,17
2020-07-15,-0.023195687267945117,1.730935960591133,-0.023541874460063342,-0.02492662322853625,-0.026657559189127385,-0.03011943111030965,17
2020-08-12,-0.021319342899397985,1.6904105090311987,-0.021657425001204225,-0.023009753408429184,-0.024700163917460383,-0.02808098493552278,17
2020-09-10,0.11306593078014678,1.5963723340641818,0.11274665631333394,0.1114695584460826,0.1098731861120184,0.10668044144389005,17
2020-10-08,-0.01412163882223267,1.8405194805194804,-0.014489742718336565,-0.01596215830275215,-0.01780267778327163,-0.021483716744310592,17
2020-11-05,-0.06359061810465398,1.8120454545454545,-0.06395302719556308,-0.06540266355919944,-0.06721470901374489,-0.0708387999228358,17
2020-12-04,-0.013734476142230192,1.7513812154696133,-0.014084752385324115,-0.015485857357699806,-0.017237238573169417,-0.020740001004108645,17
2021-01-05,0.17012204551695811,1.7045112781954888,0.16978114326131902,0.16841753423876263,0.16671302296056714,0.16330400040417617,17
2021-02-03,0.011250243547403362,1.7048067958147723,0.010909282188240407,0.00954543675158859,0.007840629955773818,0.004431016364144272,17
2021-03-04,0.014782273988264366,1.7169843850056645,0.014438877111263234,0.013065289603258702,0.011348305218253037,0.007914336448241709,17
2021-04-01,0.021689900351165893,1.6624581539933048,0.021357408720367232,0.020027442197172587,0.018364984043179284,0.015040067735192675,17
2021-04-30,-0.0023384683538489126,1.7557149689143952,-0.0026896113476317916,-0.004094183322763308,-0.005849898291677703,-0.009361328229506492,17
2021-05-28,-0.0737549246595997,1.6385075583569253,-0.07408262617127108,-0.07539343221795662,-0.07703193977631355,-0.08030895489302739,17
2021-06-28,0.020250836442776525,1.6432568149210904,0.019922185079792307,0.018607579627855433,0.016964322812934345,0.013677809183092162,17
2021-07-27,-0.012300502607673259,1.5942372070779531,-0.012619350049088849,-0.013894739814751212,-0.015488977021829164,-0.018677451435985072,17
2021-08-24,-0.059650104967129323,1.8302093887200268,-0.06001614684487333,-0.06148031435584935,-0.06331052374456937,-0.06697094252200943,17
2021-09-22,0.05217496061645434,1.626214378238342,0.05184971774080667,0.050548746238215994,0.04892253185997766,0.04567010310350097,17
2021-10-20,-0.009773037247979349,1.7922603626943006,-0.01013148932051821,-0.01156529761067365,-0.01335755797336795,-0.016942078698756552,17
2021-11-17,-0.03882256704029192,1.6864910558464223,-0.0391598652514612,-0.04050905809613834,-0.042195549151984764,-0.04556853126367761,17
2021-12-16,-0.04932881464175866,1.705037124085252,-0.049669822066575706,-0.05103385176584391,-0.05273888888992916,-0.05614896313809967,17
2022-01-14,-0.05157891547455685,1.751722664387586,-0.051929260007434364,-0.05333063813894443,-0.05508236080333202,-0.05858580613210719,17
2022-02-14,0.004255774925799201,1.7298683074265975,0.003909801264313881,0.002525906618372603,0.0007960383109460057,-0.0026636983039071893,17
2022-03-15,0.09985244136767767,1.8091579421366657,0.09949060977925034,0.098043283425541,0.09623412548340433,0.092615809599131,17
2022-04-12,-0.21829395527809706,1.6583080738495453,-0.21862561689286697,-0.2199522633519466,-0.22161057142579615,-0.22492718757349522,17
2022-05-11,0.09212472075409683,1.4539267015706807,0.0918339354137827,0.09067079405252615,0.08921686735095548,0.08630901394781411,17
2022-06-09,-0.05267494114235716,1.8382156349898287,-0.053042584269355125,-0.054513156777346986,-0.056351372412336814,-0.06002780368231647,17
2022-07-11,-0.08286566720704172,1.547747747747748,-0.08317521675659127,-0.08441341495478948,-0.08596116270253722,-0.08905665819803271,17
2022-08-08,0.1026698066262472,1.4396396396396396,0.10238187869831927,0.10123016698660756,0.09979052734696792,0.09691124806768864,17
2022-09-06,-0.013973905582825113,1.6495526331591905,-0.014303816109456951,-0.015623458215984303,-0.017273010849143493,-0.020572116115461874,17
2022-10-04,-0.021235878403104393,1.7683231618715491,-0.021589543035478703,-0.023004201564975943,-0.024772524726847493,-0.02830917105059059,17
2022-11-01,0.029748152301068056,1.8545771578029644,0.029377236869507464,0.02789357514326509,0.026038997985462126,0.022329843669856197,17
2022-11-30,0.022704015051921645,1.787568306010929,0.022346501390719458,0.020916446745910717,0.019128878439899785,0.015553741827877929,17
2022-12-29,0.11528517605321904,1.6892076502732238,0.1149473345231644,0.11359596840294582,0.1119067607526726,0.10852834545212615,17
2023-01-30,-0.0036972687151008332,1.8310762651461157,-0.004063483968130057,-0.005528344980246949,-0.007359421245393065,-0.011021573775685295,17
2023-02-28,-0.00815886893995341,1.8136672071098303,-0.008521602381375375,-0.00997253614706324,-0.011786203354173071,-0.015413537768392731,17
2023-03-28,0.04291207382908588,1.6656816390858946,0.0425789375012687,0.04124639218999998,0.03958071055091409,0.0362493472727423,17
2023-04-26,0.05546807721422329,1.824890239783857,0.05510309916626652,0.053643186974439434,0.05181829673465557,0.04816851625508786,17
2023-05-24,-0.006031422087576669,1.9169122160834868,-0.006414804530793366,-0.007948334303660156,-0.009865246519743642,-0.013699070951910617,17
2023-06-23,0.033721715050179964,1.854431851206045,0.03335082867993876,0.03186728319897392,0.030012851347767874,0.026303987645355784,17
2023-07-24,-0.021090072177928482,1.7249346120313862,-0.02143505910033476,-0.022815006789959867,-0.024539941401991255,-0.02798981062605403,17
2023-08-21,-0.02765350304932783,1.754543834640057,-0.02800441181625584,-0.029408046883967885,-0.031162590718607944,-0.03467167838788806,17
2023-09-19,-0.034334389740932024,1.7154872749844818,-0.03467748719592892,-0.036049877015916505,-0.037765364290900987,-0.04119633884086995,17
2023-10-17,0.040550845416000215,1.6858954240160693,0.040213666331197,0.03886494999198414,0.03717905456796808,0.033807263719935934,17
2023-11-14,0.04231162582948351,1.6946336429308564,0.041972699100897334,0.04061699218655265,0.0389223585436218,0.03553309125776008,17
2006-01-30,-0.038677266395720084,1.0,-0.03887726639572008,-0.039677266395720084,-0.040677266395720085,-0.04267726639572009,18
2006-02-28,0.00539722532802432,1.7305747126436781,0.005051110385495584,0.003666650615380642,0.0019360759027369635,-0.0015250735225503928,18
2006-03-28,-0.0566336344209394,1.765254515599343,-0.05698668532405927,-0.05839888893653874,-0.06016414345213808,-0.06369465248333676,18
2006-04-26,-0.030038851913312,1.6812071514988574,-0.030375093343611773,-0.03172005906481086,-0.03340126621630972,-0.03676368051930743,18
2006-05-24,0.00607226327718072,1.7702592429853747,0.005718211428583645,0.004302004034195345,0.00253174479120997,-0.0010087736947607794,18
2006-06-22,0.035850307549287724,1.7871131755696439,0.035492884914173795,0.03406319437371808,0.03227608119814843,0.02870185484700915,18
2006-07-21,0.013582009385475909,1.8338916256157631,0.013215231060352757,0.011748117759860146,0.009914226134244383,0.006246442883012856,18
2006-08-18,-0.06536736254418965,1.72693012116089,-0.06571274856842182,-0.06709429266535054,-0.06882122278651143,-0.0722750830288332,18
2006-09-18,-0.0021280123650422107,1.3879613975767822,-0.002405604644557567,-0.0035159737626189926,-0.004903935160195775,-0.00767985795534934,18
2006-10-16,-0.006918562013383452,1.8802395209580838,-0.0072946099175750685,-0.008798801534341536,-0.01067904105529962,-0.014439520097215788,18
2006-11-13,0.01586688092048715,1.6259630200308166,0.015541688316480989,0.014240917900456335,0.012614954880425518,0.009363028840363885,18
2006-12-12,-0.011654681603030898,1.8018104776579351,-0.012015043698562485,-0.013456492080688833,-0.015258302558346768,-0.01886192351366264,18
2007-01-12,0.006584047134075378,1.706132482891502,0.006242820637497078,0.0048779146511838765,0.003171782168292374,-0.00024048279749063015,18
2007-02-12,-0.03632278866249896,1.7621019517205958,-0.03667520905284308,-0.03808489061421955,-0.039846992565940154,-0.04337119646938134,18
2007-03-13,-0.04566177201151104,1.6747062279670977,-0.04599671325710446,-0.04733647823947813,-0.049011184467445235,-0.05236059692337943,18
2007-04-11,0.009305005502952657,1.6912455934195068,0.008966756384268755,0.00761375990953315,0.005922514316113643,0.00254002312927463,18
2007-05-09,0.008184560550615397,1.7561398354876618,0.007833332583517864,0.0064284207151277355,0.0046722808796400735,0.0011600012086647503,18
2007-06-07,-0.02123945584725618,1.7691909608418148,-0.021593294039424542,-0.023008646808097995,-0.024777837768939808,-0.028316219690623437,18
2007-07-06,-0.014882905259060868,1.705896941306145,-0.015224084647322098,-0.016588802200367014,-0.018294699141673157,-0.02170649302428545,18
2007-08-03,0.006163880725160123,1.674538440341692,0.005828973037091785,0.004489342284818431,0.002814803844476739,-0.0005342730362066454,18
2007-08-31,-0.01801114256823962,1.650540942419115,-0.01834125075672344,-0.019661683510658733,-0.02131222445307785,-0.02461330633791608,18
2007-10-01,-0.04361009202375336,1.721530021022407,-0.04395439802795784,-0.04533162204477577,-0.04705315206579818,-0.05049621210784299,18
2007-10-29,-2.9490211626138994e-06,1.7435714285714288,-0.00035166330687689965,-0.0017465204497340426,-0.0034900918783054716,-0.006977234735448329,18
2007-11-27,0.04903884069541744,1.7939478584729982,0.04868005112372284,0.04724489283694444,0.04545094497847144,0.04186304926152545,18
2007-12-26,0.08050939600248778,1.7825884543761639,0.08015287831161255,0.07872680754811162,0.07694421909373546,0.07337904218498313,18
2008-01-25,-0.01149784731557722,1.8502092884193742,-0.011867889173261094,-0.013348056603996593,-0.015198265892415967,-0.018898684469254717,18
2008-02-25,-0.013261922971085529,1.7808783469536908,-0.013618098640476266,-0.01504280131803922,-0.01682367966499291,-0.02038543635890029,18
2008-03-25,0.16256846990258975,1.86015911872705,0.16219643807884435,0.1607083107838627,0.15884815166513563,0.15512783342768155,18
2008-04-22,0.00012860155832122226,1.813579491364069,-0.00023411433995159156,-0.0016849779330428468,-0.003498557424406916,-0.007125716407135054,18
2008-05-20,-0.06095434634235289,1.7746196111580725,-0.061309270264584506,-0.06272896595351096,-0.06450358556466904,-0.06805282478698518,18
2008-06-18,0.06075006832789343,1.643913778529163,0.0604212855721876,0.05910615454936427,0.05746224077083511,0.05417441321377678,18
2008-07-17,-0.028477571574408157,1.7330233868695406,-0.028824176251782064,-0.030210594961277697,-0.03194361834814724,-0.03540966512188632,18
2008-08-14,0.04843435967264874,1.669439610163592,0.04810047175061602,0.046764920062485144,0.045095480452321555,0.04175660123199437,18
2008-09-12,-0.14813670520931763,1.8112077967281586,-0.14849894676866326,-0.1499479130060458,-0.15175912080277396,-0.15538153639623026,18
2008-10-10,0.08560245147988126,1.6878493788819875,0.08526488160410486,0.08391460210099927,0.08222675272211728,0.07885105396435331,18
2008-11-07,-0.07820665838640503,1.7929245283018866,-0.0785652432920654,-0.07999958291470692,-0.08179250744300881,-0.08537835649961258,18
2008-12-08,0.14405042613321095,1.674568965517241,0.14371551234010752,0.14237585716769371,0.14070128820217648,0.13735215027114198,18
2009-01-07,0.08895009420071523,1.839518496770405,0.08858219050136115,0.08711057570394483,0.08527105720717441,0.08159202021363361,18
2009-02-05,-0.13336049854299872,1.8209181201550386,-0.13372468216702973,-0.13518141666315375,-0.1370023347833088,-0.14064417102361887,18
2009-03-06,0.25741196795063714,1.6141935483870966,0.2570891292409597,0.25579777440225004,0.25418358085386294,0.25095519375708875,18
2009-04-03,-0.07672245604609672,1.8166984126984127,-0.0770857957286364,-0.07853915445879513,-0.08035585287149355,-0.08398924969689037,18
2009-05-04,-0.012200234022513527,1.7250414593698176,-0.01254524231438749,-0.013925275481883345,-0.015650316941253163,-0.019100399859992796,18
2009-06-02,0.07158808265444142,1.677389516957862,0.07125260475104984,0.06991069313748355,0.0682333036205257,0.06487852458660996,18
2009-06-30,0.005202706206417957,1.649383350462487,0.004872829536325459,0.00355332285595547,0.0019039395054929829,-0.0013948271954319913,18
2009-07-29,-0.05871674663988773,1.8094675826534992,-0.059078640156418435,-0.06052621422254123,-0.062335681805194734,-0.06595461697050173,18
2009-08-26,0.005767792384060683,1.7836513397977272,0.005411062116101138,0.003984141044262956,0.002200489704465229,-0.001366812975130225,18
2009-09-24,0.030273983677079605,1.790793452194766,0.02991582498664065,0.02848319022488484,0.026692396772690072,0.023110809868300542,18
2009-10-22,0.008357783050395553,1.7990750256937307,0.007997968045256806,0.006558708024701822,0.004759632999008091,0.0011614829476206297,18
2009-11-19,-0.019637443523315715,1.7736989311757068,-0.019992183309550857,-0.02141114245449142,-0.023184841385667128,-0.02673223924801854,18
2009-12-18,0.0024565849739880963,1.8304864648886225,0.0020904876810103716,0.0006260985090994738,-0.0012043879557891487,-0.004865360885566394,18
2010-01-20,-0.012826909367914967,1.75986459325082,-0.01317888228656513,-0.014586773961165787,-0.016346638554416607,-0.019866367740918246,18
2010-02-18,0.003917165434108758,1.7992805755395682,0.0035573093190008442,0.0021178848585691897,0.00031860428302962155,-0.0032799568680495148,18
2010-03-18,-0.0005069971478228255,1.7768550893550892,-0.0008623681656938434,-0.0022838522371779147,-0.004060707326533004,-0.007614417505243182,18
2010-04-16,0.03533570637857503,1.7569444444444444,0.03498431748968614,0.033578761934130584,0.03182181748968614,0.02830792860079725,18
2010-05-14,0.013542421860774593,1.7299834574028123,0.01319642516929403,0.01181243840337178,0.010082454945968967,0.006622488031163344,18
2010-06-14,0.004709772629484168,1.6528122415219189,0.004379210181179784,0.003056960387962249,0.0014041481464403304,-0.0019014763366035073,18
2010-07-13,-0.0031004381431962978,1.728994300422872,-0.003446237003280872,-0.00482943244361917,-0.006558426744042042,-0.010016415344887786,18
2010-08-10,-0.02046800788104984,1.7755343248300997,-0.02082311474601586,-0.02224354220587994,-0.02401907653071004,-0.02757014518037024,18
2010-09-08,-0.0176986090018328,1.7417266187050362,-0.018046954325573804,-0.019440335620537836,-0.02118206223924287,-0.024665515476652945,18
2010-10-06,0.028902651598255866,1.8043478260869565,0.028541782033038476,0.02709830377216891,0.025293955946081952,0.02168526029390804,18
2010-11-03,0.0018511523581906083,1.7775436793422403,0.0014956436223221602,7.360867884836789e-05,-0.0017039350004938725,-0.005259022359178353,18
2010-12-02,0.030102668111948283,1.700514763014763,0.02976256515934533,0.02840215334893352,0.026701638585918758,0.023300609059889232,18
2010-12-31,0.002741618415818948,1.757950191570881,0.002390028377504772,0.0009836682242480672,-0.0007742819673228138,-0.004290182350464576,18
2011-01-31,-0.0013218389357815348,1.7038363867222928,-0.0016626062131259935,-0.0030256753225038277,-0.004729511709226121,-0.008137184482670706,18
2011-03-01,-0.009086201829449938,1.788907284768212,-0.009443983286403581,-0.01087510911421815,-0.012664016398986361,-0.016241830968522785,18
2011-03-29,0.006608651471983059,1.7199303964009847,0.0062646653927028615,0.004888721075582074,0.0031687906791810893,-0.00027107011362088006,18
2011-04-27,0.02673215634854018,1.7331296154825564,0.026385530425443667,0.024999026733057622,0.02326589711757507,0.019799637886609954,18
2011-05-25,0.0009668729735792681,1.7926621923937358,0.0006083405351005209,-0.0008257892188144678,-0.0026184514112082037,-0.0062037757959956755,18
2011-06-23,-0.019191077478338626,1.7050653594771243,-0.01953209055023405,-0.02089614283781575,-0.022601208197292874,-0.026011338916247125,18
2011-07-22,0.03152709533970801,1.7116013071895424,0.0311847750782701,0.02981549403251847,0.028103892725328924,0.02468069011094984,18
2011-08-19,0.06913079590348765,1.7632696390658174,0.06877814197567449,0.06736752626442184,0.06560425662535602,0.062077717347224386,18
2011-09-19,-0.038472084431095246,1.8465213130818225,-0.03884138869371161,-0.04031860574417707,-0.04216512705725889,-0.04585816968342254,18
2011-10-17,-0.053897685498372976,1.7423699209413495,-0.05424615948256124,-0.05564005541931433,-0.05738242534025567,-0.060867165182138375,18
2011-11-14,-0.02349622909913929,1.7628700128700125,-0.023848803101713292,-0.025259099112009305,-0.027021969124879315,-0.030547709150619343,18
2011-12-13,0.05341562971816742,1.7082643868358152,0.05307397684080026,0.051707365331331606,0.04999910094449579,0.04658257217082416,18
2012-01-12,-0.03167315745406267,1.7437183383991894,-0.03202190112174251,-0.03341687579246186,-0.03516059413086105,-0.038648030807659425,18
2012-02-10,0.00418049300522972,1.7354312354312351,0.0038334067581434726,0.0024450617697984846,0.0007096305343672494,-0.002761231936495221,18
2012-03-12,-0.016675327614774558,1.727052464821545,-0.017020738107738867,-0.018402380079596103,-0.02012943254441765,-0.023583537474060737,18
2012-04-10,-0.038691315940933994,1.6789674774019194,-0.03902710943641438,-0.040370283418335914,-0.042049250895737834,-0.045407185850541674,18
2012-05-08,-0.014579990034253334,1.6744252873563217,-0.014914875091724598,-0.016254415321609657,-0.017928840608965976,-0.021277691183678622,18
2012-06-06,0.023108469484612374,1.7436781609195404,0.022759733852428465,0.021364791323692834,0.019621113162773294,0.01613375684093421,18
2012-07-05,-0.003972599093689818,1.908151033862751,-0.004354229300462369,-0.00588075012755257,-0.00778890116141532,-0.011605203229140822,18
2012-08-02,0.01604307284624356,1.6469383677954248,0.015713685172684476,0.014396134478448135,0.01274919611065271,0.00945531937506186,18
2012-08-30,0.01522658211581477,1.74726368159204,0.014877129379496363,0.01347931843422273,0.011732054752630689,0.00823752738944661,18
2012-09-28,0.018418479619871107,1.7170112875836583,0.018075077362354374,0.016701468332287448,0.01498445704470379,0.011550434469536474,18
2012-10-26,-0.008045415877518263,1.8019678353810806,-0.00840580944459448,-0.009847383712899343,-0.011649351548280425,-0.015253287219042587,18
2012-11-28,0.02547189737582585,1.6925709796880262,0.025133383179888245,0.023779326396137824,0.022086755416449798,0.018701613457073746,18
2012-12-27,0.002069778479324709,1.6917780061664953,0.0017314228780914097,0.00037800047315821343,-0.001313777533008282,-0.004697333545341273,18
2013-01-28,0.01579359229114719,1.6771890081749237,0.015458154489512203,0.014116403282972265,0.012439214274797342,0.009084836258447493,18
2013-02-26,-0.02323954164823009,1.7844186468347543,-0.02359642537759704,-0.025023960295064845,-0.026808378941899597,-0.030377216235569108,18
2013-03-26,-0.05350805734409575,1.6494649011427536,-0.0538379503243243,-0.055157522245238504,-0.05680698714638126,-0.060105916948666765,18
2013-04-24,0.011963976168523006,1.6814212171355027,0.011627691925095905,0.010282554951387503,0.008601133734252,0.005238291299980995,18
2013-05-22,0.01528166917273035,1.7675496688741723,0.014928159238955515,0.013514119503856177,0.011746569834982006,0.00821147049723366,18
2013-06-20,0.007498180796813143,1.714083885209713,0.007155364019771201,0.005784096911603431,0.004070013026393717,0.0006418452559742906,18
2013-07-19,-0.00972612127396429,1.7428453267162944,-0.010074690339307548,-0.011468966600680584,-0.013211811927396878,-0.016697502580829467,18
2013-08-16,-0.004131225558873277,1.755748552522746,-0.004482375269377827,-0.005886974111396023,-0.00764272266391877,-0.011154219768964262,18
2013-09-16,-0.016268231472859475,1.7313811489508084,-0.016614507702649637,-0.017999612621810282,-0.019730993770761093,-0.02319375606866271,18
2013-10-14,-0.023390376810566844,1.6739241151005855,-0.023725161633586962,-0.02506430092566743,-0.026738225040768015,-0.030086073270969186,18
2013-11-11,0.019838738277352216,1.6839199447895101,0.019501954288394314,0.018154818332562706,0.016470898387773197,0.013103058498194174,18
2013-12-10,-0.023525438499814953,1.789394985047159,-0.023883317496824385,-0.02531483348486211,-0.027104228469909272,-0.03068301844000359,18
2014-01-09,-0.029669972567945534,1.7124420170582073,-0.030012460971357176,-0.031382414585003744,-0.03309485660206195,-0.03651974063617836,18
2014-02-07,0.019038838731825995,1.7717336411514322,0.018684492003595708,0.017267105090674563,0.01549537144952313,0.011951904167220265,18
2014-03-10,-0.01277880665984266,1.7182318541451669,-0.013122453030671694,-0.014497038513987827,-0.016215270368132993,-0.019651734076423327,18
2014-04-07,-0.027621838103466242,1.6540075679394564,-0.02795263961705413,-0.029275845671405697,-0.030929853239345155,-0.034237868375224065,18
2014-05-06,-0.013294242160007028,1.7909538066723694,-0.013652432921341502,-0.015085195966679397,-0.016876149773351768,-0.020458057386696506,18
2014-06-04,0.0741862168051158,1.696008869179601,0.07384701503127988,0.0724902079359362,0.0707941990667566,0.0674021813283974,18
2014-07-02,0.013516680883033275,1.7898059303080585,0.013158719696971664,0.011726874952725216,0.009937069022417158,0.006357457161801041,18
2014-07-31,0.015826461403299463,1.79593824399394,0.015467273754500676,0.014030523159305523,0.012234584915311583,0.008642708427323703,18
2014-08-28,-0.015116279000524912,1.786988993710692,-0.01547367679926705,-0.016903267994235603,-0.018690256987946297,-0.02226423497536768,18
2014-09-26,-0.04652767592013405,1.7242138364779875,-0.04687251868742965,-0.048251889756612036,-0.04997610359309002,-0.053424531266046,18
2014-10-24,0.006008387551177474,1.6975308641975309,0.0056688813783379675,0.0043108566869799435,0.002613325822782412,-0.0007817359056126495,18
2014-11-21,0.08076635420068241,1.7140059127864005,0.08042355301812514,0.07905234828789601,0.07733834237510961,0.07391033054953682,18
2014-12-22,0.06187599882968133,1.7018819503849445,0.061535622439604344,0.060174116879296385,0.058472234928911446,0.05506847102814155,18
2015-01-22,0.008381935250537636,1.648274878813801,0.008052280274774875,0.006733660371723835,0.0050853854929100335,0.0017888357352824312,18
2015-02-20,-0.008039636762734916,1.7205469327420548,-0.008383746149283328,-0.009760183695476972,-0.011480730628219027,-0.014921824493703136,18
2015-03-20,0.05580750553476208,1.7375249500998005,0.05546000054474212,0.05406998058466228,0.05233245563456248,0.04885740573436288,18
2015-04-20,0.02257067974367182,1.8152266894781863,0.02220763440577618,0.020755453054193632,0.018940226364715446,0.015309772985759073,18
2015-05-18,-0.018991669607983635,1.6775734245794127,-0.019327184292899518,-0.020669243032563046,-0.02234681645714246,-0.025701963306301284,18
2015-06-16,-0.0012455898759880183,1.6357998289136013,-0.0015727498417707386,-0.0028813897049016195,-0.004517189533815221,-0.007788789191642424,18
2015-07-15,-0.010453289869748448,1.7209415584415586,-0.010797478181436759,-0.012174231428190007,-0.013895172986631565,-0.017337056103514683,18
2015-08-12,0.02738763087683268,1.8007467532467532,0.02702748152618333,0.025586884123585927,0.02378613737033917,0.020184643863845667,18
2015-09-10,0.03705332944214323,1.8112077967281588,0.036691087882797596,0.03524212164541507,0.03343091384868691,0.029808498255230593,18
2015-10-08,0.08152219447930152,1.791096378671229,0.08116397520356727,0.0797310981006303,0.07794000172195906,0.0743578089646166,18
2015-11-05,0.02819406516360185,1.6064656401482749,0.027872772035572195,0.026587599523453576,0.024981133883305303,0.02176820260300875,18
2015-12-04,-0.001260113251931145,1.8269532363843741,-0.0016255038992080198,-0.0030870664883155194,-0.004914019724699893,-0.008567926197468642,18
2016-01-05,-0.07202587462512855,1.7688470066518849,-0.07237964402645893,-0.07379472163178044,-0.07556356863843232,-0.07910126265173609,18
2016-02-03,0.03088953760185824,1.6714708056171472,0.03055524344073481,0.02921806679624109,0.027546595990623944,0.02420365437938965,18
2016-03-03,0.017157352697228862,1.785949423911417,0.01680016281244658,0.015371403273317446,0.013585453849406029,0.010013555001583194,18
2016-04-01,-0.031193688532923022,1.6576863354037268,-0.03152522580000377,-0.032851374868326746,-0.03450906120373048,-0.03782443387453793,18
2016-04-29,0.032680319415148984,1.75,0.03233031941514898,0.030930319415148982,0.029180319415148984,0.025680319415148985,18
2016-05-27,0.0390910465039911,1.818238993710692,0.03872739870524897,0.03727280751028041,0.035454568516569716,0.031818090529148337,18
2016-06-27,0.024294011430202996,1.7785730515791867,0.02393829681988716,0.022515438378623808,0.02073686532704462,0.01717971922388625,18
2016-07-26,0.04685808893739954,1.7169203968794973,0.04651470485802364,0.04514116854052004,0.04342424814364054,0.039990407349881546,18
2016-08-23,-0.003229718882569954,1.7338777701096544,-0.003576494436591885,-0.004963596652679609,-0.006697474422789263,-0.010165229963008572,18
2016-09-21,0.09885002087328745,1.6716892876313165,0.09851568301576119,0.09717833158565614,0.09550664229802482,0.09216326372276219,18
2016-10-19,0.07089955668623271,1.7169811320754718,0.07055616045981762,0.06918257555415724,0.06746559442208176,0.06403163215793083,18
2016-11-16,-0.021501768012330495,1.9516246805403432,-0.021892092948438562,-0.023453392692870837,-0.025405017373411182,-0.02930826673449187,18
2016-12-15,0.018150279873980754,1.8584406543682563,0.017778591743107103,0.016291839219612497,0.01443339856524424,0.010716517256507728,18
2017-01-17,-0.027581300771484275,1.7520361990950226,-0.02793170801130328,-0.0293333369705793,-0.03108537316967432,-0.03458944556786436,18
2017-02-14,-0.03699746676087997,1.7599018829810258,-0.03734944713747618,-0.03875736864386099,-0.04051727052684202,-0.044037074292804075,18
2017-03-15,0.011948025002743256,1.680722891566265,0.011611880424430003,0.01026730211117699,0.008586579219610726,0.0052251334364781955,18
2017-04-12,-0.008303259920268705,1.6952879954376963,-0.008642317519356244,-0.009998547915706401,-0.011693835911144097,-0.01508441190201949,18
2017-05-11,0.01645292181072969,1.653728257770174,0.016122176159175657,0.014799193552959517,0.013145465295189342,0.009838008779648993,18
2017-06-09,-0.022308986445446037,1.7255845451953236,-0.022654103354485103,-0.024034570990641362,-0.025760155535836684,-0.02921132462622733,18
2017-07-10,0.011153167063331148,1.5612149195584737,0.010840924079419454,0.009591952143772675,0.0080307372242142,0.004908307385097253,18
2017-08-07,0.006568165329203575,1.6934925330062767,0.00622946682260232,0.004874672796197298,0.0031811802631910215,-0.00020580480282153188,18
2017-09-05,-0.007502780480005274,1.7205469327420546,-0.007846889866553686,-0.00922332741274733,-0.010943874345489383,-0.014384968210973494,18
2017-10-03,-0.004393420691701344,1.6302751639577988,-0.004719475724492904,-0.006023695855659143,-0.007653971019616942,-0.01091452134753254,18
2017-10-31,0.011789996786128529,1.7611919019104647,0.011437758405746436,0.010028804884218064,0.0082676129823076,0.00474522917848667,18
2017-11-29,-0.020546303338584326,1.7461886529759834,-0.020895541069179523,-0.02229249199156031,-0.024038680644536292,-0.02753105795048826,18
2017-12-28,-0.008041189170797214,1.7348016743073549,-0.008388149505658684,-0.009775990845104568,-0.011510792519411924,-0.014980395868026634,18
2018-01-29,-0.027216239841908067,1.619825925187695,-0.027540205026945607,-0.028836065767095763,-0.03045589169228346,-0.03369554354265885,18
2018-02-27,-0.0012787401767977886,1.716057265761527,-0.001621951629950094,-0.0029947974425593156,-0.0047108547083208425,-0.008142969239843896,18
2018-03-27,-0.03351919292274107,1.729607058972894,-0.033865114334535644,-0.035248799981713964,-0.036978407040686855,-0.04043762115863264,18
2018-04-25,0.007384793464452507,1.7072621088046722,0.007043341042691572,0.0056775313556478345,0.0039702692468431625,0.0005557450292338175,18
2018-05-23,0.04550781012223338,1.721703185912085,0.04516346948505096,0.043786106936321297,0.04206440375040921,0.03862099737858504,18
2018-06-21,0.02560384327843844,1.7507062146892656,0.025253702035500588,0.023853137063749176,0.02210243084905991,0.018601018419681377,18
2018-07-20,-0.007248540771328818,1.7734334874165383,-0.007603227468812126,-0.009021974258745357,-0.010795407746161894,-0.01434227472099497,18
2018-08-17,-0.02259300807281371,1.7133333333333334,-0.02293567473948038,-0.024306341406147045,-0.02601967473948038,-0.029446341406147044,18
2018-09-17,-0.0065259477615746365,1.7248604269293926,-0.006870919846960515,-0.008250808188504028,-0.009975668615433421,-0.013425389469292207,18
2018-10-15,-0.024613681696580122,1.7995730706075532,-0.024973596310701632,-0.026413254767187675,-0.02821282783779523,-0.03181197397901034,18
2018-11-12,0.006247388610070492,1.7191789819376024,0.005903552813682971,0.0045282096281328895,0.002809030646195287,-0.0006293273176799178,18
2018-12-12,0.052142601731161524,1.7084863321093433,0.05180090446473966,0.05043411539905218,0.04872562906694284,0.04530865640272415,18
2019-01-11,-0.020298831375294823,1.9110664976049592,-0.020681044674815813,-0.022209897872899783,-0.02412096437050474,-0.02794309736571466,18
2019-02-11,-0.006267998329851539,1.8044167371090447,-0.006628881677273348,-0.008072415066960584,-0.009876831804069628,-0.013485665278287717,18
2019-03-12,2.001159617572197e-05,1.6331433518505158,-0.00030661707419438124,-0.0016131317556747939,-0.0032462751075253097,-0.006512561811226341,18
2019-04-09,0.005386260928407164,1.7731679498146564,0.005031627338444233,0.0036130929785925074,0.0018399250287778513,-0.0017064108708514615,18
2019-05-08,-0.030247604164733797,1.6838465925292272,-0.03058437348323964,-0.03193145075726302,-0.03361529734979225,-0.036982990534850706,18
2019-06-06,0.016750691119062987,1.7311804961505561,0.016404455019832877,0.01501951062291243,0.013288330126761875,0.009825969134460762,18
2019-07-05,-0.032482102734997666,1.587610493299116,-0.03279962483365749,-0.03406971322829678,-0.0356573237215959,-0.03883254470819413,18
2019-08-02,-0.028313704062765878,1.6655260906757914,-0.028646809280901037,-0.029979230153441668,-0.03164475624411746,-0.034975808425469046,18
2019-08-30,0.03344852945219558,1.8246075209930632,0.03308360794799697,0.03162392193120252,0.02979931441020945,0.026150099368223323,18
2019-09-30,0.0224237797031374,1.6875766539210737,0.022086264372353184,0.020736203049216327,0.019048626395295254,0.015673473087453108,18
2019-10-28,0.0010154404117096536,1.7538417141620375,0.0006646720688772461,-0.000738401302452384,-0.0024922430166144215,-0.005999926444938497,18
2019-11-25,0.00954919253763277,1.7840704133900875,0.009192378454954752,0.007765122124242682,0.005981051710852595,0.0024129108840724193,18
2019-12-24,0.03264616976771618,1.7610159118727051,0.03229396658534164,0.030885153855843474,0.029124137943970767,0.025602106120225357,18
2020-01-24,-0.04496970310498791,1.7143002855977154,-0.04531256316210745,-0.04668400339058562,-0.048398303676183335,-0.05182690424737877,18
2020-02-24,-0.0015193601732894964,1.6474131559497414,-0.0018488428044794447,-0.0031667733292392378,-0.004814186485188979,-0.008109012797088462,18
2020-03-23,0.17380526980892977,1.7947426067907997,0.17344632128757162,0.17201052720213897,0.17021578459534817,0.16662629938176657,18
2020-04-21,-0.04946280595787175,1.5650237312887914,-0.04977581070412951,-0.051027829689160545,-0.05259285342044934,-0.05572290088302692,18
2020-05-19,-0.0029544294442035044,1.783132530120482,-0.003311055950227601,-0.0047375619743239865,-0.0065206945044444685,-0.010086959564685433,18
2020-06-17,-0.1515978887472872,1.7960356317149462,-0.15195709587363018,-0.15339392437900215,-0.15518996001071708,-0.15878203127414697,18
2020-07-16,-0.012137529312226884,1.8741215106732347,-0.01251235361436153,-0.014011650822900118,-0.015885772333573352,-0.019634015354919824,18
2020-08-13,-0.03651157918652501,1.5526765188834155,-0.0368221144903017,-0.03806425570540843,-0.03961693222429184,-0.04272228526205868,18
2020-09-11,0.08955658381656353,1.619593382499502,0.08923266514006363,0.08793699043406403,0.08631739705156453,0.08307821028656552,18
2020-10-09,0.0016973555201093313,1.828961038961039,0.0013315633123171236,-0.0001316055188517076,-0.0019605665578127465,-0.005618488635734824,18
2020-11-06,-0.03728832216699014,1.749512987012987,-0.03763822476439274,-0.03903783515400313,-0.040787348141016116,-0.04428637411504209,18
2020-12-07,-0.0023769130754342747,1.7740877906623762,-0.00273173063356675,-0.004151000866096651,-0.005925088656759028,-0.00947326423808378,18
2021-01-06,0.08360928594117967,1.5884711779448621,0.0832915917055907,0.0820208147632348,0.08043234358528994,0.07725540122940022,18
2021-02-04,0.061991433432984314,1.6963544070143055,0.06165216255158145,0.060295079025970005,0.058598724618955704,0.055206015804927094,18
2021-03-05,0.04380581943062266,1.7531824611032532,0.04345518293840201,0.04205263696951941,0.040299454508416155,0.036793089586209644,18
2021-04-05,0.033443478679883135,1.7603060736489717,0.03309141746515334,0.03168317260623416,0.02992286653258519,0.026402254385287247,18
2021-05-03,-0.012141293060315403,1.799593495934959,-0.012501211759502395,-0.013940886556250361,-0.01574048005218532,-0.01933966704405524,18
2021-06-01,-0.057294938912418755,1.7315848512365792,-0.057641255882666075,-0.05902652376365534,-0.06075810861489191,-0.06422127831736507,18
2021-06-29,0.036888582953296806,1.5914278948614728,0.03657029737432451,0.03529715505843533,0.03370572716357386,0.030522871373850916,18
2021-07-28,-0.05374248791878227,1.7371063225195358,-0.054089909183286176,-0.055479594241301805,-0.057216700563821346,-0.060690913208860414,18
2021-08-25,-0.03720389667373434,1.8132893389464104,-0.03756655454152362,-0.03901718601268075,-0.04083047535162716,-0.04445705402951998,18
2021-09-23,0.05049299917241244,1.6539714758826984,0.050162204877235904,0.048839027696529744,0.047185056220647045,0.04387711326888165,18
2021-10-21,-0.041713824277893295,1.7312109395865607,-0.042060066465810605,-0.043445035217479853,-0.04517624615706642,-0.048638668036239535,18
2021-11-18,-0.010868482676075809,1.667422279792746,-0.011201967132034358,-0.012535904955868555,-0.014203327235661301,-0.017538171795246794,18
2021-12-17,-0.07479641354824808,1.7221781654771346,-0.0751408491813435,-0.07651859171372521,-0.07824076987920235,-0.08168512621015661,18
2022-01-18,-0.013013797910516788,1.7116838487972508,-0.013356134680276239,-0.014725481759314039,-0.01643716560811129,-0.01986053330570579,18
2022-02-15,0.016834689958177645,1.6710296684118675,0.01650048402449527,0.015163660289765776,0.01349263062135391,0.010150571284530174,18
2022-03-16,0.06434620734933294,1.8052631578947367,0.063985154717754,0.0625409441914382,0.060735681033543466,0.05712515471775399,18
2022-04-13,-0.15409660810819303,1.6497873036649215,-0.154426565568926,-0.15574639541185795,-0.1573961827155229,-0.1606957573228527,18
2022-05-12,0.028106432029080905,1.5189517888307158,0.02780264167131476,0.026587480240250188,0.025068528451419474,0.022030624873758044,18
2022-06-10,-0.02894242986402264,1.6833867902114517,-0.02927910722206493,-0.03062581665423409,-0.032309203444445544,-0.035675977024868445,18
2022-07-12,-0.042385919254210744,1.7089508863702412,-0.042727709431484795,-0.044094870140580986,-0.04580382102695123,-0.04922172279969171,18
2022-08-09,0.041041997734160715,1.6121766928218542,0.04071956239559634,0.03942982104133886,0.037817644348517004,0.0345932909628733,18
2022-09-07,-0.022939446274655207,1.6767549390500207,-0.023274797262465213,-0.024616201213705228,-0.02629295615275525,-0.02964646603085529,18
2022-10-05,-0.0008539422896194134,1.7945945945945947,-0.0012128612085383324,-0.0026485368842140084,-0.004443131478808603,-0.008032320667997792,18
2022-11-02,0.001036284714258285,1.8432432432432435,0.0006676360656096363,-0.0008069585289849585,-0.002650201772228202,-0.006336688258714689,18
2022-12-01,0.020230704740099734,1.8103113983548769,0.019868642460428756,0.01842039334174486,0.01661008194338998,0.012989459146680225,18
2022-12-30,0.07120782617278601,1.7614864864864865,0.07085552887548871,0.06944633968629953,0.06768485319981303,0.06416188022684007,18
2023-01-31,-0.018460154282406726,1.6875638023179007,-0.018797667042870305,-0.020147718084724625,-0.021835281887042528,-0.02521040949167833,18
2023-03-01,0.029305912411482386,1.7377049180327868,0.02895837142787583,0.027568207493449598,0.025830502575416813,0.02235509273935124,18
2023-03-29,-0.024184943739935134,1.7601262942314255,-0.024536968998781418,-0.02594507003416656,-0.027705196328397984,-0.031225448916860837,18
2023-04-27,0.03615284176150681,1.6584651268631243,0.035821148736134185,0.034494376634643685,0.032835911507780556,0.02951898125405431,18
2023-05-25,0.012319760973742934,1.7546554934823093,0.011968829875046473,0.010565105480260625,0.008810449986778315,0.005301138999813697,18
2023-06-26,0.07379138519343804,1.8148148148148149,0.07342842223047508,0.07197657037862323,0.07016175556380841,0.06653212593417879,18
2023-07-25,-0.046847055584620094,1.7724867724867726,-0.04720155293911745,-0.04861954235710687,-0.05039202912959364,-0.053937002674567185,18
2023-08-22,-0.031552264887413625,1.7153941651148357,-0.03189534372043659,-0.03326765905252846,-0.0349830532176433,-0.038413841547872966,18
2023-09-20,-0.03608390251376141,1.6430788330229673,-0.036412518280366006,-0.03772698134678438,-0.03937006017980734,-0.04265621784585328,18
2023-10-18,0.04437524696828436,1.635553323708493,0.044048136303542665,0.04273969364457587,0.04110414032086738,0.03783303367345039,18
2023-11-15,-0.012697700584170152,1.7137562899496805,-0.013040451842160088,-0.014411456874119833,-0.016125213164069514,-0.019552725743968876,18
2006-01-31,-0.0060204893467680955,1.0,-0.006220489346768095,-0.0070204893467680956,-0.008020489346768096,-0.010020489346768096,19
2006-03-01,0.003121809093264504,1.8166830870279145,0.002758472475858921,0.0013051260062365894,-0.0005115570807913252,-0.004144923254847154,19
2006-03-29,-0.040194638813687227,1.8054187192118225,-0.040555722557529594,-0.04200005753289905,-0.04380547625211087,-0.04741631369053452,19
2006-04-27,-0.04655965163936606,1.7745664739884393,-0.046914564934163745,-0.0483342181133545,-0.05010878458734294,-0.053657917535319816,19
2006-05-25,-0.005544282592734937,1.771663563004345,-0.0058986153053358055,-0.007315946155739282,-0.009087609718743627,-0.012630936844752316,19
2006-06-23,0.007319332613782308,1.732588454376164,0.006972814922907075,0.005586744159406144,0.0038541557050299803,0.0003889787962776522,19
2006-07-24,0.019570304029240482,1.7634044249551526,0.019217623144249452,0.017806899604285328,0.016043495179330177,0.012516686329419872,19
2006-08-21,-0.0686085396252671,1.7337278106508875,-0.06895528518739727,-0.07034226743591798,-0.07207599524656888,-0.07554345086787065,19
2006-09-19,-0.009932048655981589,1.6488095238095237,-0.010261810560743493,-0.011580858179791112,-0.013229667703600637,-0.016527286751219686,19
2006-10-17,-0.019679948130092616,1.7896977130077194,-0.02003788767269416,-0.021469645843100335,-0.023259343556108057,-0.026838738982123495,19
2006-11-14,0.015902384186125045,1.711061890087314,0.015560171808107582,0.01419132229603773,0.012480260405950416,0.009058136625775788,19
2006-12-13,-0.024752341393955386,1.8017141756548538,-0.025112684229086357,-0.02655405556961024,-0.028355769745265096,-0.0319591980965748,19
2007-01-16,0.020947915399061986,1.7161580857642154,0.020604683781909144,0.019231757313297772,0.017515599227533554,0.014083283056005124,19
2007-02-13,-0.03421060346864134,1.7522059290293912,-0.03456104465444722,-0.03596280939767073,-0.03771501532670012,-0.041219427184758906,19
2007-03-14,-0.031627685196016775,1.6170299331589655,-0.03195109118264857,-0.03324471512917574,-0.034861745062334706,-0.03809580492865264,19
2007-04-12,0.0074601679411488535,1.6604184829991282,0.0071280842445490275,0.0057997494581497255,0.0041393309751505975,0.0008184940091523407,19
2007-05-10,0.004216786395937719,1.7506756756756756,0.0038666512608025844,0.0024661107202620437,0.000715435044586368,-0.0027859163067649835,19
2007-06-08,-0.029739099010975493,1.754608032768233,-0.03009002061752914,-0.03149370704374373,-0.03324831507651196,-0.036757531142048425,19
2007-07-09,-0.012976113558081186,1.6938457254246728,-0.013314882703166121,-0.01466995928350586,-0.016363805008930532,-0.019751496459779878,19
2007-08-06,0.01944339170425851,1.657005613126079,0.019111990581633292,0.01778638609113243,0.016129380478006352,0.012815369251754194,19
2007-09-04,-0.004553925892183628,1.7301875064746708,-0.004899963393478562,-0.006284113398658298,-0.008014300905132969,-0.011474675918082312,19
2007-10-02,-0.025623191463436407,1.7558013052936912,-0.025974351724495144,-0.027378992768730098,-0.02913479407402379,-0.032646396684611174,19
2007-10-30,-0.0063241827305716945,1.6924025974025976,-0.006662663250052214,-0.008016585327974292,-0.00970898792537689,-0.013093793120182086,19
2007-11-28,0.024097780141752054,1.7031259807921661,0.02375715494559362,0.022394654160959888,0.02069152818016772,0.01728527621858339,19
2007-12-27,0.08744611257295853,1.6918272550373485,0.08710774712195106,0.08575428531792119,0.08406245806288384,0.08067880355280914,19
2008-01-28,-0.020102889422767462,1.7766502463054186,-0.020458219472028544,-0.02187953966907288,-0.0236561899153783,-0.02720949040798914,19
2008-02-26,-0.03217160990956211,1.7134646962233169,-0.03251430284880678,-0.03388507460578543,-0.03559853930200874,-0.039025468694455376,19
2008-03-26,0.06573208274560177,1.8835509315925472,0.06535537255928327,0.06384853181400922,0.06196498088241668,0.05819787901923158,19
2008-04-23,-0.03709346100381146,1.7728478172174622,-0.03744803056725495,-0.03886630882102892,-0.04063915663824638,-0.044184852272681305,19
2008-05-21,-0.043140306630214786,1.6973091011552548,-0.043479768450445835,-0.04483761573137004,-0.0465349248325253,-0.04992954303483581,19
2008-06-19,0.0492317857274262,1.6497604959143422,0.04890183362824333,0.04758202523151186,0.04593226473559752,0.04263274374376883,19
2008-07-18,-0.19884803790184905,1.7938739993038635,-0.1992068127017098,-0.2006419119011529,-0.20243578590045677,-0.2060235338990645,19
2008-08-15,-0.019142334761552013,1.5748346675948484,-0.019457301695070983,-0.02071716942914686,-0.02229200409674171,-0.025441673431931405,19
2008-09-15,-0.04934427017940367,1.738905325443787,-0.04969205124449243,-0.05108317550484746,-0.05282208083029124,-0.05629989148117882,19
2008-10-13,-0.0073874283831074136,1.704461107324093,-0.007728320604572232,-0.009091889490431507,-0.0107963505977556,-0.014205272812403785,19
2008-11-10,-0.04532965866565422,1.7658108005756268,-0.04568282082576935,-0.04709546946622985,-0.048861280266805474,-0.052392901867956726,19
2008-12-09,0.014079772198292302,1.8446708620517431,0.013710838025881952,0.012235101336240558,0.010390430474188816,0.006701088750085329,19
2009-01-08,0.03305159781832673,1.7399295361127423,0.03270361191110418,0.03131166828221398,0.029571738746101243,0.02609187967387576,19
2009-02-06,-0.0748107214369234,1.7352228682170543,-0.07515776601056681,-0.07654594430514045,-0.07828116717335751,-0.08175161290979162,19
2009-03-09,0.30146051118826667,1.7030967741935483,0.30111989183342797,0.2997574144140731,0.29805431763987955,0.2946481240914925,19
2009-04-06,-0.18770302084048784,1.8327619047619046,-0.18806957322144022,-0.18953578274524974,-0.19136854465001166,-0.19503406845953547,19
2009-05-05,-0.0007163395957021047,1.674074074074074,-0.0010511544105169194,-0.002390413669776179,-0.0040644877438502525,-0.007412635891998401,19
2009-06-03,0.026732774875677743,1.6847893114080161,0.02639581701339614,0.025047985564269726,0.02336319625286171,0.019993617630045677,19
2009-07-01,-0.02908085565720919,1.677749229188078,-0.029416405503046805,-0.030758604886397267,-0.03243635411558535,-0.0357918525739615,19
2009-07-30,-0.029602187529939872,1.823529411764706,-0.029966893412292812,-0.031425716941704575,-0.033249246353469285,-0.0368963051769987,19
2009-08-27,0.02126226088527529,1.7246376811594204,0.020917333349043405,0.019537623204115867,0.01781298552295645,0.014363710160637606,19
2009-09-25,0.010716430958641717,1.7826086956521738,0.010359909219511283,0.008933822262989543,0.00715121356733737,0.0035859961760330216,19
2009-10-23,-0.0003492352453672242,1.8350462487153136,-0.000716244495110287,-0.0021842814940825376,-0.0040193277427978515,-0.007689420240228478,19
2009-11-20,0.0009297377999199592,1.7170612326440917,0.0005863255533911408,-0.0007873234327241325,-0.002504384665368224,-0.0059385071306564076,19
2009-12-21,0.029974493818913976,1.8233942663070621,0.029609814965652563,0.028151099552606914,0.026327705286299852,0.022680916753685727,19
2010-01-21,-0.004570622848632455,1.7673754363694067,-0.0049240979359063365,-0.006337998285001862,-0.008105373721371269,-0.011640124594110082,19
2010-02-19,0.028518831302476823,1.8280575539568344,0.028153219791685457,0.02669077374851999,0.024862716194563154,0.021206601086649485,19
2010-03-19,-0.0059920488250591476,1.8256604506604506,-0.0063571809151912375,-0.007817709275719599,-0.009643369726380049,-0.01329469062770095,19
2010-04-19,0.018643208501338403,1.7091954022988505,0.018301369420878632,0.016934013099039552,0.015224817696740701,0.011806426892143,19
2010-05-17,0.013123001275603398,1.7876757650951198,0.012765466122584375,0.011335325510508278,0.009547649745413158,0.0059722982152229185,19
2010-06-15,0.022795590264421663,1.6527708850289493,0.022465036087415874,0.021142819379392712,0.019490048494363765,0.016184506724305867,19
2010-07-14,0.006403597424530417,1.6180691454664058,0.006079983595437136,0.004785528279064011,0.0031674591335976057,-6.867915733520594e-05,19
2010-08-11,-0.027894030649417187,1.775632817886339,-0.028249157212994456,-0.029669663467303525,-0.03144529628518986,-0.034996561920962545,19
2010-09-09,-0.03658556581023823,1.7763528307788552,-0.036940836376394004,-0.03836191864101709,-0.04013827147179594,-0.04369097713335365,19
2010-10-07,0.026362364191250525,1.8043478260869568,0.026001494626033135,0.024558016365163568,0.02275366853907661,0.019144972886902697,19
2010-11-04,-0.027760524156327106,1.7721377912867273,-0.02811495171458445,-0.029532661947613833,-0.03130479973890056,-0.034849075321474014,19
2010-12-03,-0.0006876274646332448,1.7420357420357417,-0.001036034613040393,-0.0024296632066689865,-0.004171698948704728,-0.007655770432776212,19
2011-01-03,-0.026481088277218956,1.6447649572649574,-0.02681004126867195,-0.028125853234483914,-0.029770618191748872,-0.03306014810627879,19
2011-02-01,-0.030704195240581884,1.7459955257270694,-0.0310533943457273,-0.03245019076630895,-0.034196186292036024,-0.03768817734349016,19
2011-03-02,0.012338566020416424,1.6330839353285174,0.012011949233350722,0.010705482085087908,0.00907239814975939,0.005806230279102355,19
2011-03-30,-0.0241547703797086,1.7573529411764706,-0.024506240967943894,-0.02591212332088507,-0.02766947626206154,-0.03118418214441448,19
2011-04-28,0.02293178979473986,1.7315101479188166,0.022585487765156096,0.02120027964682104,0.019468769498902225,0.016005749203064593,19
2011-05-26,0.01560293563230575,1.8605298013245033,0.01523082967204085,0.013742405830981247,0.011881876029656742,0.008160816427007736,19
2011-06-24,-0.01220066950932258,1.756578947368421,-0.012551985298796264,-0.013957248456691001,-0.01571382740405942,-0.019226985298796264,19
2011-07-25,0.034273610581918565,1.7434210526315788,0.03392492637139225,0.03253018952928698,0.03078676847665541,0.02729992637139225,19
2011-08-22,0.05407545281861395,1.8089171974522293,0.0537136693791235,0.05226653562116172,0.050457618423709494,0.04683978402880503,19
2011-09-20,-0.02609415791099552,1.840764331210191,-0.026462310777237555,-0.027934922242205708,-0.0297756865734159,-0.03345721523583628,19
2011-10-18,-0.001147236792133504,1.742415885273028,-0.0014957199691881097,-0.0028896526774065323,-0.0046320685626795605,-0.008116900333225617,19
2011-11-15,-0.022564731318231956,1.6542103327817612,-0.022895573384788308,-0.024218941651013716,-0.02587315198379548,-0.029181572649359,19
2011-12-14,0.05207932508775566,1.7215480786909358,0.05173501547201747,0.05035777700906472,0.04863622893037379,0.04519313277299192,19
2012-01-13,-0.04904242864844262,1.7576494427558256,-0.049393958536993784,-0.05080007809119844,-0.05255772753395427,-0.05607302641946592,19
2012-02-13,-0.014917682913924795,1.8055555555555551,-0.015278794025035906,-0.016723238469480352,-0.018528794025035905,-0.022139905136147015,19
2012-03-13,-0.017898682242555457,1.748299319727891,-0.018248342106501034,-0.01964698156228335,-0.02139528088201124,-0.02489187952146702,19
2012-04-11,-0.02592597550169013,1.7619047619047619,-0.026278356454071082,-0.027687880263594894,-0.029449785025499654,-0.032973594549309176,19
2012-05-09,-0.033784761878788566,1.6700519603212092,-0.03411877227085281,-0.035454813839109776,-0.03712486579943099,-0.0404649697200734,19
2012-06-07,0.02112294694445325,1.8062260536398467,0.02076170173372528,0.0193167208908134,0.017510494837173554,0.013898042729893862,19
2012-07-06,-0.019164421567688446,1.879982019778244,-0.019540417971644096,-0.02104440358746669,-0.022924385607244933,-0.02668434964680142,19
2012-08-03,0.02727126522202123,1.7174607931275596,0.026927773063395718,0.02555380442889367,0.023836343635766113,0.02040142204951099,19
2012-08-31,-0.016265733364584235,1.750912408759124,-0.01661591584633606,-0.01801664577334336,-0.019767558182102483,-0.02326938299962073,19
2012-10-01,0.009538531157862304,1.7169613425232242,0.009195138889357659,0.00782156981533908,0.006104608472815855,0.002670685787769407,19
2012-10-31,0.012648757981772223,1.7311956847467787,0.012302518844822866,0.010917562297025445,0.009186366612278665,0.005723975242785108,19
2012-11-29,0.007807830783582909,1.6927954213892942,0.00746927169930505,0.006115035362193614,0.0044222399408043195,0.0010366490980257314,19
2012-12-28,0.0035847694468369496,1.7704008221993834,0.003230689282397073,0.001814368624637566,4.396780243818253e-05,-0.0034968338419605846,19
2013-01-29,-0.008699685951967594,1.7418900543900544,-0.009048063962845604,-0.010441576006357648,-0.012183466060747702,-0.01566724616952781,19
2013-02-27,-0.027555988345454908,1.770859785960457,-0.027910160302646998,-0.029326848131415364,-0.031097707917375823,-0.034639427489296735,19
2013-03-27,-0.02432784888799017,1.6630237620170507,-0.02466045364039358,-0.02599087265000722,-0.027653896412024273,-0.030979943936058373,19
2013-04-25,-0.011616158579958864,1.756251149108292,-0.011967408809780523,-0.013372409729067156,-0.015128660878175448,-0.01864116317639203,19
2013-05-23,0.015222126545584514,1.7409271523178809,0.014873941115120939,0.013481199393266634,0.011740272240948752,0.00825841793631299,19
2013-06-21,0.019716861355731807,1.733907284768212,0.019370079898778165,0.017982954070963595,0.016249046786195383,0.012781232216658958,19
2013-07-22,-0.009873939855960415,1.6849462365591399,-0.010210929103272244,-0.011558886092519555,-0.013243832329078695,-0.016613724802196975,19
2013-08-19,0.004228624631031067,1.7104631927212572,0.0038865319924868157,0.00251816143830981,0.0008076982455885525,-0.002613228139853962,19
2013-09-17,-0.016419396653108577,1.788820146392471,-0.01677716068238707,-0.018208216799501048,-0.01999703694589352,-0.02357467723867846,19
2013-10-15,0.0014971238702019525,1.7472559698366148,0.0011476726762346297,-0.0002501320996346622,-0.001997388069471277,-0.005491900009144506,19
2013-11-12,0.02101475088048453,1.7160493827160492,0.02067154100394132,0.01929870149776848,0.017582652115052434,0.014150553349620334,19
2013-12-11,-0.04511200341513411,1.802469135802469,-0.04547249724229461,-0.04691447255093658,-0.04871694168673905,-0.05232187995834399,19
2014-01-10,-0.01986638033781283,1.6837767923133777,-0.020203135696275507,-0.02155015713012621,-0.023233933922439585,-0.02660148750706634,19
2014-02-10,0.027032325286427756,1.6876848712214128,0.026694788312183474,0.025344640415206343,0.02365695554398493,0.020281585801542105,19
2014-03-11,-0.009211842428489695,1.706673546611627,-0.00955317713781202,-0.010918515975101321,-0.012625189521712949,-0.0160385366149362,19
2014-04-08,-0.06514353682262505,1.677020983832129,-0.06547894101939147,-0.06682055780645718,-0.06849757879028931,-0.07185162075795357,19
2014-05-07,0.0037634852442563187,1.7130382092956942,0.00342087760239718,0.0020504470349606246,0.0003374088256649305,-0.0030886675929264577,19
2014-06-05,0.051283832555578106,1.6776053215077606,0.05094831149127655,0.04960622723407034,0.047928621912562586,0.044573411269547066,19
2014-07-03,-0.013207787393997935,1.748502994011976,-0.01355748799280033,-0.014956290388009911,-0.01670479338202189,-0.02020179937004584,19
2014-08-01,0.011066969454172676,1.7604790419161678,0.010714873645789443,0.009306490412256509,0.007546011370340341,0.0040250532865080055,19
2014-08-29,-0.02057688955058309,1.7721518987341773,-0.020931319930329925,-0.022349041449317267,-0.024121193348051444,-0.027665497145519802,19
2014-09-29,-0.004888105067689171,1.6708860759493671,-0.005222282282879045,-0.006558991143638539,-0.008229877219587905,-0.01157164937148664,19
2014-10-27,0.003035827325682798,1.7345679012345676,0.0026889137454358847,0.0013012594244482304,-0.0004333084767863373,-0.0039024442792554726,19
2014-11-24,0.035411296044020255,1.7702811244979917,0.03505723981912066,0.03364101491952226,0.031870733795024274,0.028330171546028286,19
2014-12-23,0.050851794354016835,1.731643855146849,0.05050546558298746,0.04912015049886999,0.04738850664372314,0.04392521893342944,19
2015-01-23,0.03123119220625719,1.731715141146279,0.030884849178027935,0.02949947706511091,0.027767761923964632,0.024304331641672075,19
2015-02-23,-0.0033140472107723246,1.7326681448632668,-0.003660580839744978,-0.0050467153556355915,-0.0067793835004988584,-0.010244719790225391,19
2015-03-23,0.03247758092388388,1.7227288548555517,0.03213303515291277,0.030754852069028327,0.029032123214172773,0.025586665504461672,19
2015-04-21,0.021307556235168803,1.704977375565611,0.02096656076005568,0.019602578859603193,0.01789760148403758,0.014487646732906359,19
2015-05-19,-0.05479442122518732,1.732847280924204,-0.05514099068137216,-0.056527268506111526,-0.05826011578703573,-0.061725810348884136,19
2015-06-17,-0.02719551252650172,1.6022823330515636,-0.027515968993112032,-0.028797794859553284,-0.030400077192604846,-0.03360464185870797,19
2015-07-16,0.008871830292157698,1.6752922077922077,0.008536771850599256,0.00719653808436549,0.005521245876573282,0.002170661460988867,19
2015-08-13,0.02308573085870449,1.8292532467532467,0.02271988020935384,0.021256477611951246,0.019427224365197997,0.015768717871691505,19
2015-09-11,0.0450898377209499,1.7464671075530802,0.04474054429943928,0.04334337061339682,0.04159690350584374,0.038103969290737574,19
2015-10-09,0.06613457281051106,1.7970131166238952,0.06577517018718629,0.06433755969388717,0.06254054657726327,0.058946520344015485,19
2015-11-06,0.025188329356594825,1.6660607356715142,0.02485511720946052,0.02352226862092331,0.021856207885251798,0.01852408641390877,19
2015-12-07,-0.023031958303524176,1.7672512118619905,-0.023385408545896574,-0.024799209515386167,-0.026566460727248158,-0.03010096315097214,19
2016-01-06,-0.04542038204551352,1.8414634146341464,-0.04578867472844035,-0.04726184546014767,-0.049103308874781815,-0.052786235704050104,19
2016-02-04,0.018511160167077823,1.6585365853658538,0.018179452850004652,0.016852623581711967,0.015194086996346116,0.011877013825614407,19
2016-03-04,0.047176898372375736,1.7556112524315428,0.04682577612188943,0.04542128711994419,0.04366567586751265,0.04015445336264956,19
2016-04-04,0.023053744961836826,1.7822981366459627,0.022697285334507634,0.021271446825190863,0.0194891486885449,0.015924552415252976,19
2016-05-02,0.023930334385512727,1.8055031446540881,0.02356923375658191,0.02212483124085864,0.02031932809620455,0.016708321806896374,19
2016-05-31,0.018187701332910842,1.8054638364779876,0.017826608565615243,0.016382237496432854,0.014576773659954866,0.01096584598699889,19
2016-06-28,0.08275971113566231,1.877562471943738,0.08238419864127357,0.08088214866371858,0.07900458619177483,0.07524946124788737,19
2016-07-27,0.047616775926204544,1.8653299416429747,0.047243709937875945,0.045751445984561566,0.043886116042918595,0.040155456159632646,19
2016-08-24,0.007699381589574348,1.7321040372670806,0.007352960782120932,0.005967277552307267,0.004235173515040186,0.0007709654405060251,19
2016-09-22,0.039922482378490734,1.7134704968944101,0.03957978827911185,0.038209011881596325,0.036495541384701916,0.0330686003909131,19
2016-10-20,0.06475948559588084,1.6740959119496854,0.0644246664134909,0.06308538968393115,0.061411293771981464,0.05806310194808209,19
2016-11-17,-0.022691793080646,1.8677945314190896,-0.023065351986929817,-0.024559587612065087,-0.02642738214348418,-0.03016297120632236,19
2016-12-16,0.006961116751328957,1.800687994496044,0.006600979152429748,0.005160428756832913,0.003359740762336869,-0.00024163522665521936,19
2017-01-18,0.01595707073063822,1.8064671482628138,0.015595777300985658,0.014150603582375406,0.012344136434112592,0.008731202137586965,19
2017-02-15,0.009739197672222515,1.831974605006854,0.009372802751221144,0.007907223067215662,0.006075248462208808,0.0024112992521950994,19
2017-03-16,-0.0007979122391343625,1.7228915662650603,-0.0011424905523873745,-0.0025208038053994228,-0.004243695371664483,-0.007689478504194604,19
2017-04-13,0.01893567385732818,1.6996969915590507,0.01859573445901637,0.01723597686576913,0.01553627987421008,0.012136885891091978,19
2017-05-12,0.05037887476064934,1.6915680473372778,0.050040561151181884,0.04868730671331206,0.046995738665974784,0.04361260257130023,19
2017-06-12,0.01705031143934891,1.821886446886447,0.01668593414997162,0.015228424992462464,0.013406538545576016,0.009762765651803122,19
2017-07-11,0.0346447663490832,1.7710843373493979,0.03429054948161332,0.0328736820117338,0.031102597674384405,0.02756042899968561,19
2017-08-08,-0.011254737550790452,1.716867469879518,-0.011598111044766355,-0.01297160502066997,-0.014688472490549487,-0.018122207430308526,19
2017-09-06,0.0039188487512793815,1.701219512195122,0.0035786048488403574,0.00221762923908426,0.0005164097268891376,-0.0028860292975011062,19
2017-10-04,0.0032985275429496677,1.744047619047619,0.002949718019140144,0.0015544799239020487,-0.0001895676951455703,-0.0036776629332408084,19
2017-11-01,0.02202395486515264,1.7797619047619047,0.02166800248420026,0.020244192960390733,0.01846443105562883,0.01490490724610502,19
2017-11-30,-0.04876737622454608,1.8239422084623325,-0.04913216466623854,-0.05059131843300841,-0.05241526064147074,-0.05606314505839541,19
2017-12-29,-0.0004912073265682338,1.6395348837209303,-0.0008191143033124199,-0.0021307422102891643,-0.0037702770940100942,-0.007049346861451955,19
2018-01-30,-0.0467098767103422,1.7209302325581395,-0.04705406275685383,-0.04843080694290034,-0.050151737175458476,-0.05359359764057476,19
2018-02-28,0.005423246157283871,1.61732087646189,0.005099781981991494,0.003805925280821981,0.0021886044043600912,-0.0010460373485636889,19
2018-03-28,-0.033963554886378124,1.8083539643242559,-0.034325225679242975,-0.03577190885070238,-0.03758026281502663,-0.04119697074367515,19
2018-04-26,0.018057510789533843,1.7179902240843015,0.017713912744716984,0.01633952056544954,0.01462153034136524,0.011185549893196638,19
2018-05-24,0.02963466935185967,1.7621656136577495,0.02928223622912812,0.02787250373820192,0.02611033812454417,0.022586006897228672,19
2018-06-22,0.04273744205045747,1.7449922958397535,0.04238844359128952,0.040992449754617716,0.039247457458777966,0.03575747286709846,19
2018-07-23,1.8561711101329568e-05,1.7336286594761172,-0.0003281640207938939,-0.0017150669483747877,-0.003448695607850905,-0.006915952926803139,19
2018-08-20,0.0011968815771455877,1.7647290640394089,0.000843935764337706,-0.0005678474868938213,-0.0023325765509332303,-0.005862034679012048,19
2018-09-18,-0.02589920420984631,1.7191133004926107,-0.02624302686994483,-0.02761831751033892,-0.02933743081083153,-0.032775657411816754,19
2018-10-16,-0.015582872134099545,1.7651231527093596,-0.015935896764641418,-0.017347995286808904,-0.019113118439518264,-0.022643364744936983,19
2018-11-13,0.00314614054942473,1.6961247947454843,0.0028069155904756333,0.0014500157546792458,-0.0002461090400662385,-0.003638358629557207,19
2018-12-13,0.03729590395574377,1.7317421460628315,0.0369495555265312,0.03556416180968094,0.03383241966361811,0.03036893537149244,19
2019-01-14,-0.012081656753735152,1.77465483234714,-0.01243658772020458,-0.013856311586082292,-0.015630966418429433,-0.019180276083123712,19
2019-02-12,-0.0074383306961343515,1.7806776556776556,-0.0077944662272698825,-0.009219008351812007,-0.010999686007489663,-0.014561041318844975,19
2019-03-13,0.0038742820024186687,1.7193470202452237,0.003530412598369624,0.002154934982173445,0.0004355879619282214,-0.003003106078562226,19
2019-04-10,0.009205076184699297,1.749429712004562,0.008855190242298385,0.007455646472694735,0.005706216760690172,0.0022073573366810486,19
2019-05-09,-0.03935320432644263,1.7135372112917024,-0.03969591176870097,-0.04106674153773433,-0.04278027874902604,-0.04620735317160944,19
2019-06-07,0.0137892221922669,1.7550969489592245,0.013438202802475055,0.012034125243307676,0.010279028294348451,0.006768834396430002,19
2019-07-08,-0.015539455501426474,1.6954305674365555,-0.015878541614913786,-0.01723488606886303,-0.018930316636299585,-0.022321177771172696,19
2019-08-05,-0.027282190548656948,1.7132520672939835,-0.027624840962115746,-0.028995442615950932,-0.030708694683244914,-0.03413519881783288,19
2019-09-03,-0.027624561624871327,1.8065717415115006,-0.02798587597317363,-0.02943113336638283,-0.03123770510789433,-0.03485084859091733,19
2019-10-01,0.02003178154372976,1.6275521246663303,0.019706271118796494,0.01840422941906343,0.0167766772943971,0.01352157304506444,19
2019-10-29,-0.007919969299993269,1.8079864367650242,-0.008281566587346273,-0.009727955736758293,-0.011535942173523318,-0.015151915047053367,19
2019-11-26,-0.03496467579996213,1.7365269461077846,-0.03531198118918369,-0.036701202746069916,-0.0384377296921777,-0.04191078358439327,19
2019-12-26,0.03129141413937954,1.7188854489164087,0.030947637049596258,0.029572528690463132,0.02785364324154672,0.024415872343713903,19
2020-01-27,-0.033069220093585455,1.818094255245958,-0.03343283894463465,-0.03488731434883141,-0.03670540860407737,-0.040341597114569284,19
2020-02-25,-0.06567079363991161,1.6129974443227455,-0.06599339312877617,-0.06728379108423437,-0.0688967885285571,-0.0721227834172026,19
2020-03-24,0.011299618833407521,1.7614414029084688,0.010947330552825827,0.009538177430499051,0.007776736027590584,0.004253853221773646,19
2020-04-22,0.014464502612970347,1.5404548046763615,0.014156411652035074,0.012924047808293985,0.011383593003617624,0.0083026833942649,19
2020-05-20,-0.037736006506187775,1.8141187504509055,-0.03809883025627796,-0.03955012525663868,-0.04136424400708959,-0.0449924815079914,19
2020-06-18,-0.11470956442091965,1.7844077247382022,-0.11506644596586729,-0.11649397214565785,-0.11827837987039605,-0.12184719531987245,19
2020-07-17,-0.09258533086785917,1.846461038961039,-0.09295462307565137,-0.0944317919068202,-0.09627825294578124,-0.09997117502370333,19
2020-08-14,-0.0010950267851803737,1.4926948051948052,-0.0013935657462193348,-0.0025877215903751787,-0.004080416395569985,-0.007065806005959595,19
2020-09-14,0.05458096313333814,1.6714836223506744,0.05424666640886801,0.05290947951098747,0.05123799588863679,0.047895028643935446,19
2020-10-12,0.04326377090079046,1.7837662337662339,0.04290701765403722,0.04148000466702423,0.039696238433257994,0.036128705965725524,19
2020-11-09,-0.0665345323007674,1.7438636363636362,-0.06688330502804013,-0.06827839593713105,-0.07002225957349467,-0.07350998684622195,19
2020-12-08,0.03803523385898021,1.7631898488252082,0.037682595889215166,0.036272044010155,0.03450885416132979,0.030982474463679376,19
2021-01-07,0.04228812174044949,1.619164485165794,0.04196428884341633,0.040668957255283696,0.0390497927701179,0.035811463799786315,19
2021-02-05,0.126601956628001,1.706506691278265,0.12626065528974534,0.12489544993672273,0.12318894324544447,0.11977592986288794,19
2021-03-08,0.11942557365237406,1.871628542164561,0.11905124794394115,0.1175539451102095,0.11568231656804494,0.11193905948371582,19
2021-04-06,0.0759392953272893,1.848206599713056,0.07556965400734668,0.07409108872757623,0.07224288212786319,0.06854646892843708,19
2021-05-04,0.020578996037297258,1.833692013390722,0.02021225763461911,0.018745304023906537,0.016911612010515813,0.013244227983734369,19
2021-06-02,0.0015098849067740287,1.7739888977002378,0.0011550871272339811,-0.00026410399092620927,-0.002038092888626447,-0.005586070684026923,19
2021-06-30,0.012213078627328712,1.7263749402199904,0.011867803639284713,0.010486703687108722,0.008760328746888731,0.005307578866448751,19
2021-07-29,-0.02586823522921542,1.7017694882831182,-0.026208589126872045,-0.02757000471749854,-0.029271774205781656,-0.03267531318234789,19
2021-08-26,-0.06886556690383017,1.8444885285492498,-0.06923446460954001,-0.07071005543237942,-0.07255454396092867,-0.07624352101802717,19
2021-09-24,0.02663606826423432,1.638560974306928,0.026308356069372936,0.024997507289927393,0.023358946315620466,0.020081824367006607,19
2021-10-22,-0.012135649870176193,1.757117675337856,-0.012487073405243765,-0.01389276754551405,-0.015649885220851905,-0.019164120571527617,19
2021-11-19,-0.03809225175955698,1.7260028844613002,-0.03843745233644924,-0.03981825464401828,-0.04154425752847958,-0.04499626329740218,19
2021-12-20,0.09533981912781679,1.7416551299800032,0.09499148810182079,0.09359816399783678,0.09185650886785679,0.08837319860789677,19
2022-01-19,-0.014170495519330247,1.8074142439624674,-0.01453197836812274,-0.015977909763292716,-0.01778532400725518,-0.021400152495180118,19
2022-02-16,0.03353013206428182,1.7362016151489836,0.033182891741252024,0.03179393044913283,0.030057728833983853,0.026585325603685886,19
2022-03-17,0.06031602442189582,1.8683096630465048,0.05994236248928652,0.058447714758849315,0.05657940509580281,0.0528427857697098,19
2022-04-14,-0.05045604128011488,1.6533480297602645,-0.050786710886066934,-0.052109389309875145,-0.053762737339635415,-0.05706943339915594,19
2022-05-13,-0.06767639290573382,1.6897492422154865,-0.06801434275417692,-0.06936614214794931,-0.0710558913901648,-0.07443538987459578,19
2022-06-13,0.054721988935893376,1.6146886016451236,0.05439905121556435,0.05310730033424825,0.05149261173260313,0.04826323452931288,19
2022-07-13,0.021858888964749343,1.6407337128399746,0.021530742222181348,0.02021815525190937,0.018577421539069394,0.015295954113389444,19
2022-08-10,0.012452922856048002,1.7053073428785006,0.0121118613874723,0.0107476155131695,0.009042308170291,0.005631693484533999,19
2022-09-08,0.026431182695260427,1.6110610700774637,0.026108970481244935,0.02482012162518296,0.0232090605551055,0.01998693841495057,19
2022-10-06,-0.023101044509032227,1.7842487648939263,-0.023457894262011014,-0.024885293273926152,-0.02666954203882008,-0.030238039568607933,19
2022-11-03,0.02987268575794772,1.8005521650682943,0.02951257532493406,0.02807213359287943,0.026271581427811132,0.022670477097674543,19
2022-12-02,-0.051347538676053954,1.80475910693302,-0.05170849049744056,-0.053152297782986975,-0.054957056889919996,-0.05856657510378603,19
2023-01-03,0.04760483461496255,1.6693008225616923,0.04727097445045021,0.04593553379240086,0.04426623296983917,0.04092763132471578,19
2023-02-01,0.0034495831052502165,1.6820993214435838,0.0031131632409615,0.0017674837838066327,8.538446236304887e-05,-0.0032788141805241188,19
2023-03-02,0.006328691235619004,1.7973338137272563,0.005969224472873553,0.004531357421891748,0.0027340236081644918,-0.0008606440192900208,19
2023-03-30,-0.004833920149957505,1.742654246449313,-0.005182450999247368,-0.006576574396406818,-0.008319228642856131,-0.011804537135754758,19
2023-04-28,0.03329066449439941,1.7855212466218158,0.032933560245075044,0.03150514324777759,0.029719622001155778,0.026148579507912145,19
2023-05-26,0.039033090555186035,1.8382991930477963,0.03866543071657648,0.03719479136213824,0.03535649216909044,0.03167989378299485,19
2023-06-27,0.04224941464008979,1.789473684210526,0.04189151990324769,0.040459940955879264,0.03867046727166874,0.03509151990324769,19
2023-07-26,-0.01177237133605313,1.6894736842105265,-0.012110266072895235,-0.013461845020263657,-0.015151318704474183,-0.018530266072895235,19
2023-08-23,-0.031638067242265935,1.7936685288640595,-0.03199680094803875,-0.03343173577113,-0.03522540429999405,-0.038812741357722176,19
2023-09-21,-0.0283780196144188,1.643140906269398,-0.028706647795672682,-0.0300211605206882,-0.0316643014269576,-0.034950583239496395,19
2023-10-19,0.07161298064702604,1.606741573033708,0.0712916323324193,0.07000623907399232,0.06839949750095863,0.0651860143548912,19
2023-11-16,-0.10235586417511897,1.7432000543995647,-0.10270450418599888,-0.10409906422951853,-0.10584226428391809,-0.10932866439271723,19
